noun1,predicted_hypernym,rank,log_prob,probability,token_id
letter openers,tool,1,-3.126953125,0.043851203048441825,7217
letter openers,stationery,2,-3.298828125,0.036926415198595276,103867
letter openers,letter,3,-3.673828125,0.025379129270178543,6139
letter openers,office,4,-4.23828125,0.014432376184534825,4844
letter openers,pen,5,-4.37890625,0.012539065726773142,3008
letter openers,opener,6,-4.42578125,0.011964860101512716,53839
letter openers,decoration,7,-4.55078125,0.01055895197944298,25265
letter openers,fastener,8,-4.56640625,0.010395250602272818,206077
letter openers,gift,9,-4.58203125,0.010234087179715915,8135
letter openers,desk,10,-4.59765625,0.010075422364433047,11309
letter openers,lever,11,-4.59765625,0.010075422364433047,22049
letter openers,business,12,-4.62890625,0.009765434206994737,2567
letter openers,hardware,13,-4.80078125,0.008223320070003553,16417
letter openers,scissors,14,-4.89453125,0.007487418128682623,59283
letter openers,accessory,15,-5.05078125,0.006404328109965567,43105
letter openers,door,16,-5.06640625,0.006305038205674682,4444
letter openers,metal,17,-5.31640625,0.004910368691874568,5998
letter openers,utens,18,-5.41015625,0.004470941572147918,68516
letter openers,kitchen,19,-5.58203125,0.003764910272573713,8926
letter openers,knife,20,-5.59765625,0.0037065407489938816,19193
letter openers,paper,21,-5.62890625,0.003592502478865711,4368
letter openers,art,22,-5.67578125,0.003427989812844494,3096
letter openers,household,23,-5.73828125,0.00322029840937764,13356
letter openers,consumer,24,-5.76953125,0.0031212202433001162,15630
letter openers,device,25,-5.78515625,0.0030728302086381184,6064
letter openers,marketing,26,-5.78515625,0.0030728302086381184,8924
letter openers,machine,27,-5.80078125,0.003025190391926813,6479
letter openers,cutlery,28,-5.81640625,0.0029782891621149424,130017
letter openers,correspondence,29,-5.83203125,0.002932115068473984,32846
letter openers,tools,30,-5.86328125,0.002841903371673867,8112
letter openers,mechanical,31,-5.95703125,0.00258758246594991,16801
letter openers,advertisement,32,-6.00390625,0.0024690884377543943,52351
letter openers,ornamental,33,-6.03515625,0.002393122572732835,73308
letter openers,hand,34,-6.05078125,0.002356020646172692,1634
letter openers,utility,35,-6.06640625,0.0023194939316681954,18719
letter openers,souvenir,36,-6.17578125,0.002079180922672758,59656
letter openers,toy,37,-6.23828125,0.001953209718711364,12849
letter openers,file,38,-6.25390625,0.001922928008795674,2482
letter openers,closure,39,-6.28515625,0.0018637657336301868,26470
letter openers,instrument,40,-6.30078125,0.00183487072417169,11755
letter openers,product,41,-6.31640625,0.0018064236903125622,3225
letter openers,appliance,42,-6.31640625,0.0018064236903125622,56939
letter openers,home,43,-6.34765625,0.0017508458761963386,2078
letter openers,furniture,44,-6.36328125,0.0017237015268609076,16241
letter openers,folder,45,-6.37890625,0.0016969780116553458,15173
letter openers,mail,46,-6.39453125,0.0016706688061512104,11313
letter openers,hinge,47,-6.41015625,0.001644767487071946,47371
letter openers,leverage,48,-6.42578125,0.00161926773072467,48592
letter openers,packaging,49,-6.45703125,0.0015694481001334417,19102
letter openers,everyday,50,-6.47265625,0.0015451160626462808,18651
letter openers,gadget,51,-6.47265625,0.0015451160626462808,84113
letter openers,openers,52,-6.47265625,0.0015451160626462808,234819
letter openers,window,53,-6.53515625,0.0014515022128128408,5912
letter openers,house,54,-6.64453125,0.0013011181744835318,3036
letter openers,punctuation,55,-6.66015625,0.0012809462069020183,94152
letter openers,item,56,-6.69140625,0.0012415356353058474,2599
letter openers,equipment,57,-6.69140625,0.0012415356353058474,6682
letter openers,container,58,-6.69140625,0.0012415356353058474,11254
letter openers,envelope,59,-6.69140625,0.0012415356353058474,26568
letter openers,antique,60,-6.69140625,0.0012415356353058474,35371
letter openers,card,61,-6.73828125,0.0011846815792471309,4076
letter openers,EDC,62,-6.78515625,0.0011304310599685174,147821
letter openers,mass,63,-6.80078125,0.0011129053508192525,5182
letter openers,bookmark,64,-6.81640625,0.0010956513526058083,85150
letter openers,drawer,65,-6.84765625,0.001061941704344509,39635
letter openers,fasteners,66,-6.87890625,0.00102926919292715,151006
letter openers,weapon,67,-6.94140625,0.0009669089249872482,17175
letter openers,safety,68,-7.01953125,0.0008942445717626129,6514
letter openers,document,69,-7.08203125,0.0008400650320638412,4551
letter openers,multi,70,-7.09765625,0.0008270410309196858,3103
letter openers,attachment,71,-7.11328125,0.0008142189481977105,24599
letter openers,self,72,-7.16015625,0.0007769331479286766,2011
letter openers,non,73,-7.16015625,0.0007769331479286766,2173
letter openers,waste,74,-7.16015625,0.0007769331479286766,9007
letter openers,scissor,75,-7.16015625,0.0007769331479286766,214866
letter openers,type,76,-7.20703125,0.0007413547887659687,1916
letter openers,design,77,-7.20703125,0.0007413547887659687,2480
letter openers,box,78,-7.23828125,0.0007185456998101666,3741
letter openers,artifact,79,-7.23828125,0.0007185456998101666,70752
letter openers,technology,80,-7.25390625,0.0007074056812886669,6178
letter openers,book,81,-7.26953125,0.000696438372746076,2870
letter openers,invention,82,-7.26953125,0.000696438372746076,26532
letter openers,jewelry,83,-7.28515625,0.0006856410965623564,25362
letter openers,graphic,84,-7.30078125,0.0006750112166301211,19176
letter openers,capital,85,-7.36328125,0.0006341143544479526,6037
letter openers,novelty,86,-7.36328125,0.0006341143544479526,70631
letter openers,widget,87,-7.41015625,0.0006050761440009849,24820
letter openers,pocket,88,-7.44140625,0.0005864599081545489,16380
letter openers,public,89,-7.48828125,0.0005596039536847485,2294
letter openers,logo,90,-7.48828125,0.0005596039536847485,6302
letter openers,literature,91,-7.48828125,0.0005596039536847485,12339
letter openers,symbol,92,-7.51953125,0.0005423867500556189,10159
letter openers,junk,93,-7.51953125,0.0005423867500556189,44029
letter openers,sign,94,-7.55078125,0.00052569926409352,2035
letter openers,aid,95,-7.56640625,0.0005175490524364356,10395
letter openers,pencil,96,-7.56640625,0.0005175490524364356,27207
letter openers,bracket,97,-7.56640625,0.0005175490524364356,38799
letter openers,merchandise,98,-7.56640625,0.0005175490524364356,42722
letter openers,example,99,-7.58203125,0.0005095251980991962,3287
letter openers,pliers,100,-7.59765625,0.0005016257420931335,134442
dough,bread,1,-2.388671875,0.09175146040072682,11843
dough,food,2,-2.873046875,0.05652643495158193,2960
dough,yeast,3,-3.419921875,0.03271499069783245,41463
dough,pasta,4,-3.591796875,0.027548784200785322,22512
dough,dough,5,-3.638671875,0.026287233523736013,28780
dough,flour,6,-4.34375,0.012987732771292249,16251
dough,cookie,7,-4.34375,0.012987732771292249,17467
dough,carbohydrate,8,-4.515625,0.010936767510604966,93277
dough,fruit,9,-4.578125,0.010274142264416326,9471
dough,cake,10,-4.59375,0.010114856452604551,11514
dough,pastry,11,-4.90625,0.0074001870652772766,68588
dough,pizza,12,-4.921875,0.007285457798938988,14967
dough,money,13,-4.9375,0.007172507245008699,3370
dough,biscuit,14,-4.96875,0.006951832396384793,79500
dough,nut,15,-5.03125,0.006530642163653784,16621
dough,metal,16,-5.09375,0.006134970557096825,5998
dough,cheese,17,-5.09375,0.006134970557096825,13624
dough,cereal,18,-5.15625,0.005763271481312824,57289
dough,machine,19,-5.1875,0.0055859542589981,6479
dough,bakery,20,-5.21875,0.0054140925140856375,54982
dough,mixture,21,-5.34375,0.00477791987398702,14531
dough,wheat,22,-5.40625,0.004488440342699523,21251
dough,sandwich,23,-5.5,0.004086771438464067,34176
dough,non,24,-5.5625,0.0038391664740261636,2173
dough,business,25,-5.65625,0.0034956008536636734,2567
dough,meat,26,-5.65625,0.0034956008536636734,11827
dough,protein,27,-5.671875,0.0034414065856249506,9646
dough,product,28,-5.796875,0.003037030652348247,3225
dough,vegetable,29,-5.796875,0.003037030652348247,26771
dough,cookies,30,-5.8125,0.0029899458563130603,5428
dough,liquid,31,-5.875,0.0028087941945255128,10177
dough,unle,32,-5.921875,0.002680170143751801,60329
dough,material,33,-5.9375,0.0026386179570919216,2893
dough,grain,34,-5.9375,0.0026386179570919216,17258
dough,snack,35,-5.953125,0.0025977099773754862,31755
dough,chemical,36,-5.984375,0.0025177868436031133,9408
dough,vehicle,37,-6.078125,0.002292471008846966,8692
dough,pie,38,-6.109375,0.0022219390908479924,4506
dough,light,39,-6.15625,0.0021201890918646723,2611
dough,animal,40,-6.15625,0.0021201890918646723,8205
dough,sugar,41,-6.15625,0.0021201890918646723,9347
dough,crust,42,-6.15625,0.0021201890918646723,34333
dough,dessert,43,-6.15625,0.0021201890918646723,35528
dough,mineral,44,-6.25,0.0019304541362277093,19370
dough,currency,45,-6.296875,0.0018420522051362717,18968
dough,tool,46,-6.34375,0.0017576984932042732,7217
dough,noodles,47,-6.359375,0.001730447903889382,55537
dough,bacteria,48,-6.390625,0.0016772076189795154,21920
dough,salad,49,-6.390625,0.0016772076189795154,23216
dough,unit,50,-6.4375,0.0016004026902445643,4982
dough,rock,51,-6.4375,0.0016004026902445643,7095
dough,sedimentary,52,-6.4375,0.0016004026902445643,103523
dough,plant,53,-6.453125,0.0015755907463196439,4829
dough,measurement,54,-6.453125,0.0015755907463196439,13384
dough,energy,55,-6.46875,0.0015511634759303816,4134
dough,fabric,56,-6.46875,0.0015511634759303816,9662
dough,starch,57,-6.5,0.0015034391929775724,57634
dough,plastic,58,-6.546875,0.0014345916998185365,9975
dough,nuts,59,-6.546875,0.0014345916998185365,22606
dough,measure,60,-6.578125,0.0013904539533680367,4015
dough,steel,61,-6.578125,0.0013904539533680367,8212
dough,investment,62,-6.578125,0.0013904539533680367,9245
dough,tax,63,-6.59375,0.0013688969629109165,4093
dough,carbohydrates,64,-6.59375,0.0013688969629109165,72780
dough,matter,65,-6.625,0.0013267804310269915,4391
dough,polymer,66,-6.625,0.0013267804310269915,25522
dough,fastener,67,-6.625,0.0013267804310269915,206077
dough,music,68,-6.6875,0.0012463948683920495,4296
dough,transportation,69,-6.6875,0.0012463948683920495,16216
dough,force,70,-6.703125,0.0012270713070337978,5097
dough,loaf,71,-6.734375,0.001189318291849483,60058
dough,mass,72,-6.765625,0.001152726814831155,5182
dough,payment,73,-6.765625,0.001152726814831155,7984
dough,rice,74,-6.78125,0.0011348554420418653,12463
dough,equipment,75,-6.8125,0.0010999396107533182,6682
dough,cash,76,-6.828125,0.0010828866277077577,9852
dough,un,77,-6.84375,0.0010660980266590896,748
dough,compound,78,-6.859375,0.0010495697087443705,16301
dough,hybrid,79,-6.859375,0.0010495697087443705,19504
dough,micro,80,-6.875,0.001033297638647637,6517
dough,substance,81,-6.875,0.001033297638647637,16089
dough,fertilizer,82,-6.890625,0.0010172778436147007,46905
dough,breads,83,-6.890625,0.0010172778436147007,154077
dough,complex,84,-6.9375,0.0009706932995199089,5766
dough,capital,85,-6.953125,0.000955644094802374,6037
dough,biscuits,86,-6.96875,0.0009408282063781959,68414
dough,public,87,-6.984375,0.0009262420170135229,2294
dough,bar,88,-6.984375,0.0009262420170135229,2333
dough,appliance,89,-7.03125,0.00088382630693505,56939
dough,home,90,-7.046875,0.0008701238501092051,2078
dough,accounting,91,-7.046875,0.0008701238501092051,23922
dough,breakfast,92,-7.078125,0.0008433529536363545,14457
dough,artificial,93,-7.078125,0.0008433529536363545,18225
dough,fermentation,94,-7.078125,0.0008433529536363545,65219
dough,salt,95,-7.109375,0.0008174057110581422,9193
dough,roller,96,-7.109375,0.0008174057110581422,29751
dough,gas,97,-7.125,0.0008047330101246132,5137
dough,income,98,-7.125,0.0008047330101246132,8316
dough,cloud,99,-7.125,0.0008047330101246132,12238
dough,lever,100,-7.140625,0.000792256781208319,22049
cleavers,plant,1,-3.044921875,0.04760003059466054,4829
cleavers,herb,2,-3.576171875,0.027982614426296782,43959
cleavers,weed,3,-3.779296875,0.022838744272919202,34402
cleavers,cle,4,-4.125,0.016163494588165874,10408
cleavers,fern,5,-4.78125,0.008385510525424083,41259
cleavers,medicinal,6,-4.84375,0.007877458125943277,57999
cleavers,flower,7,-4.90625,0.0074001870652772766,10377
cleavers,grass,8,-4.953125,0.007061307827106542,10996
cleavers,broom,9,-4.953125,0.007061307827106542,93944
cleavers,shrub,10,-5.0625,0.006329715427485747,42044
cleavers,dandelion,11,-5.296875,0.005007217036294841,166852
cleavers,vegetable,12,-5.40625,0.004488440342699523,26771
cleavers,succulent,13,-5.40625,0.004488440342699523,117060
cleavers,rag,14,-5.484375,0.004151128724137389,32486
cleavers,plants,15,-5.65625,0.0034956008536636734,7652
cleavers,herbal,16,-5.71875,0.003283813104313592,49381
cleavers,herbs,17,-5.75,0.003182780796509667,39044
cleavers,fruit,18,-5.921875,0.002680170143751801,9471
cleavers,food,19,-6.171875,0.0020873186067185026,2960
cleavers,mint,20,-6.265625,0.001900525218918533,22973
cleavers,water,21,-6.28125,0.0018710603064642196,2003
cleavers,seed,22,-6.296875,0.0018420522051362717,11006
cleavers,sea,23,-6.328125,0.0017853782168585108,4176
cleavers,bur,24,-6.359375,0.001730447903889382,6286
cleavers,tree,25,-6.375,0.001703619795802574,5421
cleavers,spring,26,-6.375,0.001703619795802574,7921
cleavers,composite,27,-6.421875,0.0016256053654318836,28159
cleavers,haw,28,-6.421875,0.0016256053654318836,52562
cleavers,leaf,29,-6.46875,0.0015511634759303816,12325
cleavers,bird,30,-6.46875,0.0015511634759303816,13170
cleavers,vascular,31,-6.515625,0.0014801305287407067,47042
cleavers,ground,32,-6.53125,0.001457183231848157,4216
cleavers,flea,33,-6.53125,0.001457183231848157,101705
cleavers,pea,34,-6.5625,0.0014123504170288816,18194
cleavers,hedge,35,-6.5625,0.0014123504170288816,42877
cleavers,lever,36,-6.59375,0.0013688969629109165,22049
cleavers,compound,37,-6.640625,0.0013062106070345731,16301
cleavers,poison,38,-6.640625,0.0013062106070345731,21258
cleavers,bush,39,-6.640625,0.0013062106070345731,31373
cleavers,weeds,40,-6.640625,0.0013062106070345731,51196
cleavers,parsley,41,-6.640625,0.0013062106070345731,70338
cleavers,buck,42,-6.65625,0.001285959688604209,27260
cleavers,carrot,43,-6.703125,0.0012270713070337978,64058
cleavers,daisy,44,-6.703125,0.0012270713070337978,86594
cleavers,scrub,45,-6.71875,0.0012080473297263435,37164
cleavers,woody,46,-6.734375,0.001189318291849483,83894
cleavers,green,47,-6.78125,0.0011348554420418653,4433
cleavers,ang,48,-6.8125,0.0010999396107533182,2639
cleavers,insect,49,-6.8125,0.0010999396107533182,35312
cleavers,maple,50,-6.828125,0.0010828866277077577,44367
cleavers,hone,51,-6.828125,0.0010828866277077577,73820
cleavers,rock,52,-6.859375,0.0010495697087443705,7095
cleavers,sage,53,-6.859375,0.0010495697087443705,40150
cleavers,dan,54,-6.875,0.001033297638647637,2052
cleavers,poppy,55,-6.890625,0.0010172778436147007,86954
cleavers,leech,56,-6.890625,0.0010172778436147007,211624
cleavers,vine,57,-6.90625,0.0010015064124832178,21696
cleavers,tonic,58,-6.90625,0.0010015064124832178,81283
cleavers,blackberry,59,-7.0,0.0009118819655545162,154208
cleavers,diure,60,-7.03125,0.00088382630693505,148230
cleavers,knot,61,-7.046875,0.0008701238501092051,28508
cleavers,nut,62,-7.0625,0.0008566338301859405,16621
cleavers,grasses,63,-7.078125,0.0008433529536363545,65921
cleavers,leafy,64,-7.078125,0.0008433529536363545,102377
cleavers,mustard,65,-7.109375,0.0008174057110581422,53392
cleavers,ach,66,-7.125,0.0008047330101246132,41532
cleavers,Compos,67,-7.140625,0.000792256781208319,98077
cleavers,ap,68,-7.15625,0.0007799739782929635,1459
cleavers,thi,69,-7.15625,0.0007799739782929635,3288
cleavers,Cle,70,-7.1875,0.0007559767017882707,17623
cleavers,con,71,-7.203125,0.0007442563693696527,632
cleavers,tap,72,-7.203125,0.0007442563693696527,9869
cleavers,drug,73,-7.203125,0.0007442563693696527,10471
cleavers,pine,74,-7.203125,0.0007442563693696527,23780
cleavers,spur,75,-7.203125,0.0007442563693696527,49102
cleavers,ne,76,-7.234375,0.0007213580081637692,679
cleavers,cactus,77,-7.25,0.000710174388842549,58191
cleavers,violet,78,-7.265625,0.000699164155467983,45093
cleavers,butter,79,-7.28125,0.0006883246199401248,10605
cleavers,onion,80,-7.296875,0.0006776531358341546,28638
cleavers,marsh,81,-7.296875,0.0006776531358341546,40677
cleavers,medicine,82,-7.3125,0.0006671470977542673,15300
cleavers,milk,83,-7.328125,0.000656803940697575,9512
cleavers,chick,84,-7.328125,0.000656803940697575,31263
cleavers,land,85,-7.359375,0.0006365962078591196,2840
cleavers,liver,86,-7.359375,0.0006365962078591196,19967
cleavers,butterfly,87,-7.359375,0.0006365962078591196,36123
cleavers,moss,88,-7.359375,0.0006365962078591196,48834
cleavers,spinach,89,-7.375,0.0006267266984484576,65757
cleavers,fish,90,-7.390625,0.0006170102015986695,5001
cleavers,brush,91,-7.390625,0.0006170102015986695,16141
cleavers,club,92,-7.40625,0.0006074443450698789,5893
cleavers,sor,93,-7.421875,0.0005980267934003796,4245
cleavers,plantain,94,-7.421875,0.0005980267934003796,234588
cleavers,net,95,-7.484375,0.0005617941816327723,3117
cleavers,garden,96,-7.484375,0.0005617941816327723,8717
cleavers,mushroom,97,-7.484375,0.0005617941816327723,50744
cleavers,thyme,98,-7.5,0.0005530843701478336,95472
cleavers,aster,99,-7.515625,0.0005445095917739226,38899
cleavers,Aster,100,-7.515625,0.0005445095917739226,59532
chains,network,1,-4.19140625,0.015125000379111637,6011
chains,bond,2,-4.48828125,0.011239945874096815,12429
chains,graph,3,-4.66015625,0.00946498338251144,5989
chains,linkage,4,-4.89453125,0.007487418128682623,71806
chains,business,5,-4.95703125,0.007033778396830886,2567
chains,non,6,-4.98828125,0.0068173717861502335,2173
chains,balance,7,-5.00390625,0.0067116782332061024,7739
chains,evidence,8,-5.11328125,0.0060163094850451924,5820
chains,data,9,-5.12890625,0.005923035251948835,1423
chains,variable,10,-5.14453125,0.0058312071018010595,8792
chains,list,11,-5.19140625,0.005564176687185442,1889
chains,equation,12,-5.19140625,0.005564176687185442,8738
chains,chain,13,-5.22265625,0.005392984967718615,9488
chains,market,14,-5.37890625,0.004612864492377289,3952
chains,linear,15,-5.37890625,0.004612864492377289,10983
chains,line,16,-5.47265625,0.004200060915951573,2017
chains,food,17,-5.51953125,0.004007726123477645,2960
chains,system,18,-5.53515625,0.003945592089057239,1812
chains,force,19,-5.58203125,0.003764910272573713,5097
chains,contract,20,-5.64453125,0.00353680589037639,7613
chains,loop,21,-5.67578125,0.003427989812844494,10273
chains,supply,22,-5.70703125,0.003322521654055227,7254
chains,sequence,23,-5.80078125,0.003025190391926813,10629
chains,classification,24,-5.84765625,0.0028866568378025067,17283
chains,feedback,25,-5.87890625,0.0027978437437265785,10457
chains,money,26,-5.89453125,0.00275446719699669,3370
chains,compound,27,-5.89453125,0.00275446719699669,16301
chains,measure,28,-5.91015625,0.0027117631412915152,4015
chains,property,29,-5.91015625,0.0027117631412915152,4227
chains,ring,30,-5.91015625,0.0027117631412915152,7408
chains,multi,31,-5.97265625,0.0025474657181853546,3103
chains,computer,32,-5.97265625,0.0025474657181853546,6875
chains,asset,33,-5.97265625,0.0025474657181853546,17827
chains,structure,34,-6.03515625,0.002393122572732835,5449
chains,relationship,35,-6.03515625,0.002393122572732835,6843
chains,production,36,-6.06640625,0.0023194939316681954,4584
chains,code,37,-6.12890625,0.0021789628985256905,3409
chains,process,38,-6.14453125,0.0021451812099655197,2185
chains,bar,39,-6.16015625,0.002111923257942005,2333
chains,organization,40,-6.16015625,0.002111923257942005,8344
chains,device,41,-6.19140625,0.0020469462102609476,6064
chains,model,42,-6.20703125,0.0020152112507436266,2091
chains,file,43,-6.22265625,0.001983968296170313,2482
chains,parallel,44,-6.26953125,0.0018931157732772455,14255
chains,public,45,-6.31640625,0.0018064236903125622,2294
chains,series,46,-6.31640625,0.0018064236903125622,4100
chains,mass,47,-6.31640625,0.0018064236903125622,5182
chains,trade,48,-6.31640625,0.0018064236903125622,6082
chains,factor,49,-6.31640625,0.0018064236903125622,7435
chains,bonds,50,-6.31640625,0.0018064236903125622,20345
chains,graphs,51,-6.33203125,0.001778417686834879,36135
chains,proof,52,-6.34765625,0.0017508458761963386,9102
chains,macro,53,-6.36328125,0.0017237015268609076,22620
chains,index,54,-6.37890625,0.0016969780116553458,3921
chains,accounting,55,-6.37890625,0.0016969780116553458,23922
chains,net,56,-6.39453125,0.0016706688061512104,3117
chains,database,57,-6.39453125,0.0016706688061512104,8746
chains,currency,58,-6.39453125,0.0016706688061512104,18968
chains,mechanism,59,-6.42578125,0.00161926773072467,15613
chains,vector,60,-6.44140625,0.0015941633114562707,4301
chains,control,61,-6.48828125,0.0015211612584350887,2582
chains,circle,62,-6.50390625,0.0014975778390400082,11698
chains,composite,63,-6.50390625,0.0014975778390400082,28159
chains,monopoly,64,-6.50390625,0.0014975778390400082,60423
chains,inter,65,-6.53515625,0.0014515022128128408,1061
chains,links,66,-6.53515625,0.0014515022128128408,8556
chains,reaction,67,-6.53515625,0.0014515022128128408,9541
chains,algorithm,68,-6.53515625,0.0014515022128128408,14685
chains,tool,69,-6.55078125,0.001428998756819708,7217
chains,complex,70,-6.56640625,0.0014068441845741606,5766
chains,connection,71,-6.56640625,0.0014068441845741606,6653
chains,resource,72,-6.58203125,0.0013850330871350402,6537
chains,lever,73,-6.58203125,0.0013850330871350402,22049
chains,debt,74,-6.59765625,0.0013635601394190483,13040
chains,circuit,75,-6.59765625,0.0013635601394190483,13341
chains,collection,76,-6.62890625,0.001321607804332139,5488
chains,measurement,77,-6.62890625,0.001321607804332139,13384
chains,inventory,78,-6.67578125,0.0012610869766906297,20540
chains,price,79,-6.69140625,0.0012415356353058474,3712
chains,chemical,80,-6.69140625,0.0012415356353058474,9408
chains,quadrilateral,81,-6.69140625,0.0012415356353058474,204411
chains,program,82,-6.70703125,0.001222287409373853,2733
chains,motion,83,-6.73828125,0.0011846815792471309,8252
chains,necklace,84,-6.73828125,0.0011846815792471309,24905
chains,reinforcement,85,-6.73828125,0.0011846815792471309,57890
chains,matter,86,-6.75390625,0.0011663147937547406,4391
chains,rings,87,-6.75390625,0.0011663147937547406,20221
chains,arrangement,88,-6.78515625,0.0011304310599685174,18800
chains,constraint,89,-6.78515625,0.0011304310599685174,36025
chains,reference,90,-6.81640625,0.0010956513526058083,6203
chains,covalent,91,-6.81640625,0.0010956513526058083,149449
chains,menu,92,-6.84765625,0.001061941704344509,6901
chains,source,93,-6.86328125,0.0010454778242346197,4303
chains,rule,94,-6.87890625,0.00102926919292715,6933
chains,boundary,95,-6.87890625,0.00102926919292715,16237
chains,portfolio,96,-6.87890625,0.00102926919292715,22784
chains,argument,97,-6.91015625,0.0009976019090076377,9916
chains,cycle,98,-6.91015625,0.0009976019090076377,10501
chains,potential,99,-6.92578125,0.000982135524967813,5736
chains,technology,100,-6.92578125,0.000982135524967813,6178
cream cheese,cheese,1,-1.1025390625,0.3320269752876187,13624
cream cheese,food,2,-2.619140625,0.0728654546787619,2960
cream cheese,dairy,3,-3.275390625,0.03780209989960489,31062
cream cheese,fruit,4,-3.978515625,0.018713396429494666,9471
cream cheese,milk,5,-3.994140625,0.01842327210910723,9512
cream cheese,cream,6,-4.3828125,0.01249018054231454,9450
cream cheese,snack,7,-4.6328125,0.009727362387057788,31755
cream cheese,sandwich,8,-4.8359375,0.007939241795764773,34176
cream cheese,vegetable,9,-4.9453125,0.00711669035079919,26771
cream cheese,bread,10,-5.0859375,0.006183087727534832,11843
cream cheese,butter,11,-5.1171875,0.005992854117209573,10605
cream cheese,dessert,12,-5.2265625,0.00537195971187627,35528
cream cheese,curd,13,-5.3515625,0.004740737806540044,134626
cream cheese,fish,14,-5.5546875,0.0038692774298736865,5001
cream cheese,yogurt,15,-5.6015625,0.0036920903160696005,50162
cream cheese,nut,16,-5.6640625,0.003468397872002917,16621
cream cheese,salad,17,-5.8203125,0.002966677913060703,23216
cream cheese,pastry,18,-5.9453125,0.002618084069242202,68588
cream cheese,cake,19,-6.0390625,0.002383792672009028,11514
cream cheese,carbohydrate,20,-6.1015625,0.00223936597512432,93277
cream cheese,cottage,21,-6.1953125,0.002038965923272597,33933
cream cheese,meat,22,-6.3515625,0.0017440199750102805,11827
cream cheese,pasta,23,-6.3671875,0.0017169814514638826,22512
cream cheese,cracker,24,-6.3671875,0.0017169814514638826,134630
cream cheese,bacteria,25,-6.4140625,0.0016383551463322891,21920
cream cheese,animal,26,-6.4453125,0.0015879482577006087,8205
cream cheese,quark,27,-6.4609375,0.0015633294018551952,94393
cream cheese,appetizer,28,-6.5703125,0.0014013594188853921,150365
cream cheese,product,29,-6.6015625,0.0013582441222301784,3225
cream cheese,protein,30,-6.6171875,0.001337186498919149,9646
cream cheese,dough,31,-6.6171875,0.001337186498919149,28780
cream cheese,pudding,32,-6.6171875,0.001337186498919149,69814
cream cheese,cookie,33,-6.6484375,0.0012960455954455052,17467
cream cheese,cereal,34,-6.6640625,0.0012759522709126529,57289
cream cheese,yoghurt,35,-6.6953125,0.001236695346574107,126985
cream cheese,soup,36,-6.7265625,0.0011986462308218651,21078
cream cheese,margarine,37,-6.7890625,0.0011260239269261967,138445
cream cheese,foods,38,-6.8828125,0.0010252564526281366,16512
cream cheese,paste,39,-6.9921875,0.0009190339444511671,21299
cream cheese,Cheese,40,-7.0234375,0.0008907582425739574,42285
cream cheese,non,41,-7.0859375,0.0008367899288827503,2173
cream cheese,condi,42,-7.1015625,0.0008238167035070768,26322
cream cheese,pizza,43,-7.1484375,0.0007860913900232152,14967
cream cheese,vegetables,44,-7.1484375,0.0007860913900232152,19574
cream cheese,ice,45,-7.1953125,0.000750093644421137,8357
cream cheese,ingredient,46,-7.2265625,0.0007270156891424473,38152
cream cheese,yeast,47,-7.2265625,0.0007270156891424473,41463
cream cheese,plant,48,-7.3203125,0.0006619553178500442,4829
cream cheese,candy,49,-7.3515625,0.0006415890937986148,25720
cream cheese,dip,50,-7.3984375,0.0006122085901157691,16238
cream cheese,cheeses,51,-7.4140625,0.0006027171756730792,113539
cream cheese,pie,52,-7.4453125,0.0005841735176520654,4506
cream cheese,seafood,53,-7.4453125,0.0005841735176520654,45962
cream cheese,breakfast,54,-7.4921875,0.0005574222646262701,14457
cream cheese,flour,55,-7.5390625,0.0005318960406660279,16251
cream cheese,culture,56,-7.5703125,0.0005155313198998952,6981
cream cheese,emulsion,57,-7.6015625,0.0004996700886604343,91301
cream cheese,substance,58,-7.6796875,0.00046211928849723845,16089
cream cheese,fluid,59,-7.7109375,0.0004479013727040852,14721
cream cheese,liquid,60,-7.7265625,0.0004409573055570034,10177
cream cheese,diary,61,-7.7265625,0.0004409573055570034,45143
cream cheese,sugar,62,-7.7421875,0.000434120896192375,9347
cream cheese,cheddar,63,-7.7421875,0.000434120896192375,107011
cream cheese,rice,64,-7.7578125,0.000427390475530988,12463
cream cheese,cheesecake,65,-7.7578125,0.000427390475530988,98618
cream cheese,corn,66,-7.8359375,0.0003952715740747437,15025
cream cheese,biscuit,67,-7.8359375,0.0003952715740747437,79500
cream cheese,tofu,68,-7.8984375,0.0003713232800446586,78756
cream cheese,grain,69,-7.9296875,0.0003598988637540498,17258
cream cheese,gelatin,70,-7.9453125,0.0003543191490481569,81471
cream cheese,nuts,71,-7.9609375,0.0003488259398006987,22606
cream cheese,fruits,72,-7.9765625,0.000343417894868851,16803
cream cheese,mozzarella,73,-7.9921875,0.00033809369390228175,95072
cream cheese,casein,74,-7.9921875,0.00033809369390228175,191098
cream cheese,compound,75,-8.0078125,0.0003328520370207935,16301
cream cheese,artificial,76,-8.0078125,0.0003328520370207935,18225
cream cheese,che,77,-8.0859375,0.0003078378114152772,1265
cream cheese,fromage,78,-8.0859375,0.0003078378114152772,109086
cream cheese,wheat,79,-8.1171875,0.00029836663765214793,21251
cream cheese,Food,80,-8.1328125,0.0002937408916898234,8777
cream cheese,chemical,81,-8.1328125,0.0002937408916898234,9408
cream cheese,egg,82,-8.1484375,0.0002891868612714227,13514
cream cheese,tart,83,-8.1796875,0.0002802895169181628,26110
cream cheese,un,84,-8.1953125,0.00027594403073589844,748
cream cheese,light,85,-8.2109375,0.0002716659150724029,2611
cream cheese,deli,86,-8.2265625,0.0002674541254445945,3193
cream cheese,mayonnaise,87,-8.2734375,0.0002552065093401916,104206
cream cheese,custard,88,-8.2890625,0.0002512498991460061,136914
cream cheese,macaroni,89,-8.3046875,0.00024735463050721125,178802
cream cheese,desserts,90,-8.3359375,0.0002397443285892053,63969
cream cheese,bean,91,-8.3515625,0.00023602743728832652,24328
cream cheese,sausage,92,-8.3515625,0.00023602743728832652,55374
cream cheese,carbohydrates,93,-8.3515625,0.00023602743728832652,72780
cream cheese,salt,94,-8.3671875,0.00023236817104587491,9193
cream cheese,chocolate,95,-8.3671875,0.00023236817104587491,13171
cream cheese,money,96,-8.3984375,0.00022521895401214571,3370
cream cheese,cookies,97,-8.3984375,0.00022521895401214571,5428
cream cheese,cow,98,-8.3984375,0.00022521895401214571,13910
cream cheese,block,99,-8.4765625,0.00020829348233192797,3963
cream cheese,tomato,100,-8.4765625,0.00020829348233192797,32493
scoops,ice,1,-2.21484375,0.10917057081757513,8357
scoops,scoop,2,-3.99609375,0.01838732427250582,65522
scoops,measurement,3,-4.24609375,0.014320062542015384,13384
scoops,dessert,4,-4.35546875,0.012836421101315615,35528
scoops,measure,5,-4.62109375,0.00984202545674337,4015
scoops,container,6,-4.66796875,0.009391326297462968,11254
scoops,unit,7,-4.77734375,0.008418330485666141,4982
scoops,glass,8,-4.88671875,0.0075461426768912016,5570
scoops,spoon,9,-4.98046875,0.006870841095761506,35306
scoops,food,10,-5.04296875,0.0064545578778740145,2960
scoops,dish,11,-5.15234375,0.0057858282881175374,15862
scoops,bowl,12,-5.23046875,0.00535101642573825,14581
scoops,scoops,13,-5.24609375,0.005268056605496723,183789
scoops,cup,14,-5.30859375,0.004948881190844439,7190
scoops,utens,15,-5.40234375,0.004506007601502624,68516
scoops,equipment,16,-5.44921875,0.004299662490261638,6682
scoops,tool,17,-5.48046875,0.004167375782592899,7217
scoops,basket,18,-5.63671875,0.00356454540277495,12220
scoops,cone,19,-5.71484375,0.003296665585411691,30373
scoops,data,20,-5.73046875,0.0032455555228361587,1423
scoops,fruit,21,-5.76171875,0.0031457002770710523,9471
scoops,glassware,22,-5.79296875,0.0030489172542387077,172763
scoops,cookie,23,-5.82421875,0.0029551119319765166,17467
scoops,instrument,24,-5.83984375,0.0029092971679830493,11755
scoops,shovel,25,-6.04296875,0.0023744991451210232,66415
scoops,test,26,-6.05859375,0.0023376859480440356,2121
scoops,ladle,27,-6.05859375,0.0023376859480440356,221363
scoops,hand,28,-6.07421875,0.002301443486686963,1634
scoops,cereal,29,-6.08984375,0.0022657629126126193,57289
scoops,containers,30,-6.18359375,0.0020630006083643946,27649
scoops,net,31,-6.21484375,0.001999528752371688,3117
scoops,conical,32,-6.23046875,0.001968528932399796,99639
scoops,desserts,33,-6.35546875,0.0017372206854909806,63969
scoops,machine,34,-6.44921875,0.0015817574341432633,6479
scoops,evidence,35,-6.52734375,0.0014628864857633064,5820
scoops,pasta,36,-6.54296875,0.0014402065329773381,22512
scoops,appliance,37,-6.54296875,0.0014402065329773381,56939
scoops,pottery,38,-6.58984375,0.0013742546741393497,54414
scoops,money,39,-6.60546875,0.0013529488302282185,3370
scoops,bucket,40,-6.65234375,0.0012909927925189818,24951
scoops,mass,41,-6.66796875,0.0012709778044345998,5182
scoops,handheld,42,-6.68359375,0.0012512731199788203,97641
scoops,coffee,43,-6.69921875,0.0012318739283397897,8423
scoops,bread,44,-6.71484375,0.0012127754932903787,11843
scoops,rock,45,-6.74609375,0.0011754623140554775,7095
scoops,units,46,-6.74609375,0.0011754623140554775,7845
scoops,pitcher,47,-6.74609375,0.0011754623140554775,62378
scoops,thermometer,48,-6.74609375,0.0011754623140554775,68572
scoops,desert,49,-6.77734375,0.0011392971406570386,21459
scoops,baseball,50,-6.80859375,0.0011042446526686718,23052
scoops,fish,51,-6.85546875,0.0010536776084372776,5001
scoops,apparatus,52,-6.85546875,0.0010536776084372776,28714
scoops,tea,53,-6.88671875,0.0010212593565209615,1763
scoops,kitchen,54,-6.93359375,0.0009744924856757053,8926
scoops,vessel,55,-6.94921875,0.0009593843800362759,20421
scoops,metal,56,-6.96484375,0.0009445105038643562,5998
scoops,salad,57,-6.96484375,0.0009445105038643562,23216
scoops,device,58,-6.99609375,0.0009154509706573315,6064
scoops,cookies,59,-7.02734375,0.0008872855052947141,5428
scoops,candy,60,-7.02734375,0.0008872855052947141,25720
scoops,pastry,61,-7.02734375,0.0008872855052947141,68588
scoops,measurements,62,-7.04296875,0.0008735294185691895,14548
scoops,statistics,63,-7.07421875,0.0008466537437700558,15617
scoops,plate,64,-7.12109375,0.0008078826460731563,8811
scoops,pudding,65,-7.12109375,0.0008078826460731563,69814
scoops,utensils,66,-7.12109375,0.0008078826460731563,84261
scoops,bowls,67,-7.15234375,0.0007830267101307929,51104
scoops,plastic,68,-7.18359375,0.0007589355109414391,9975
scoops,cups,69,-7.18359375,0.0007589355109414391,20393
scoops,accounting,70,-7.18359375,0.0007589355109414391,23922
scoops,eye,71,-7.21484375,0.0007355855200287278,6312
scoops,insurance,72,-7.21484375,0.0007355855200287278,9490
scoops,survey,73,-7.23046875,0.000724181323581053,9771
scoops,dishes,74,-7.26171875,0.000701900606601824,21563
scoops,ball,75,-7.27734375,0.0006910186463314305,5744
scoops,tools,76,-7.30859375,0.0006697582376672773,8112
scoops,pot,77,-7.33984375,0.0006491519430114311,2688
scoops,tongs,78,-7.33984375,0.0006491519430114311,175576
scoops,information,79,-7.35546875,0.0006390877749698918,2113
scoops,game,80,-7.35546875,0.0006390877749698918,2398
scoops,hockey,81,-7.35546875,0.0006390877749698918,33280
scoops,bar,82,-7.37109375,0.0006291796373915728,2333
scoops,standard,83,-7.37109375,0.0006291796373915728,5039
scoops,electric,84,-7.38671875,0.0006194251112483582,6038
scoops,strainer,85,-7.38671875,0.0006194251112483582,171979
scoops,telescope,86,-7.40234375,0.0006098218150156874,61577
scoops,balance,87,-7.43359375,0.0005910595702218895,7739
scoops,Ice,88,-7.44921875,0.0005818960409413982,19985
scoops,newspaper,89,-7.44921875,0.0005818960409413982,20650
scoops,bank,90,-7.46484375,0.0005728745790143598,5681
scoops,sco,91,-7.46484375,0.0005728745790143598,6141
scoops,sample,92,-7.46484375,0.0005728745790143598,6453
scoops,pizza,93,-7.46484375,0.0005728745790143598,14967
scoops,basketball,94,-7.46484375,0.0005728745790143598,21474
scoops,tableware,95,-7.46484375,0.0005728745790143598,212359
scoops,fun,96,-7.48046875,0.0005639929818906105,2245
scoops,milk,97,-7.48046875,0.0005639929818906105,9512
scoops,freezer,98,-7.48046875,0.0005639929818906105,51579
scoops,water,99,-7.49609375,0.0005552490811673618,2003
scoops,beer,100,-7.49609375,0.0005552490811673618,15052
latches,fastener,1,-2.943359375,0.05268843090256823,206077
latches,latch,2,-3.005859375,0.04949620024901781,78570
latches,switch,3,-4.00390625,0.018244232979788257,8266
latches,lever,4,-4.01953125,0.017961382364498107,22049
latches,mechanical,5,-4.26953125,0.013988338650516045,16801
latches,fasteners,6,-4.31640625,0.013347765986156852,151006
latches,hardware,7,-4.37890625,0.012539065726773142,16417
latches,safety,8,-4.41015625,0.012153279231671803,6514
latches,device,9,-4.51953125,0.010894129094889895,6064
latches,spring,10,-4.67578125,0.009318242416397912,7921
latches,door,11,-4.72265625,0.008891529028843725,4444
latches,valve,12,-4.98828125,0.0068173717861502335,19442
latches,closure,13,-5.08203125,0.006207287648669698,26470
latches,control,14,-5.09765625,0.006111052573582997,2582
latches,mechanism,15,-5.09765625,0.006111052573582997,15613
latches,connector,16,-5.22265625,0.005392984967718615,35931
latches,locks,17,-5.41015625,0.004470941572147918,35772
latches,slide,18,-5.66015625,0.003481972797455297,9499
latches,security,19,-5.81640625,0.0029782891621149424,6206
latches,toggle,20,-5.87890625,0.0027978437437265785,38698
latches,hinge,21,-5.89453125,0.00275446719699669,47371
latches,Latch,22,-5.94140625,0.002628330960567707,231949
latches,nut,23,-6.06640625,0.0023194939316681954,16621
latches,actuator,24,-6.12890625,0.0021789628985256905,111823
latches,component,25,-6.17578125,0.002079180922672758,8350
latches,variable,26,-6.19140625,0.0020469462102609476,8792
latches,hook,27,-6.19140625,0.0020469462102609476,16616
latches,gate,28,-6.20703125,0.0020152112507436266,13639
latches,relay,29,-6.25390625,0.001922928008795674,35464
latches,attachment,30,-6.26953125,0.0018931157732772455,24599
latches,lat,31,-6.33203125,0.001778417686834879,4269
latches,load,32,-6.37890625,0.0016969780116553458,4412
latches,knob,33,-6.44140625,0.0015941633114562707,60708
latches,clas,34,-6.50390625,0.0014975778390400082,12627
latches,circuit,35,-6.51953125,0.001474360046673147,13341
latches,motor,36,-6.53515625,0.0014515022128128408,5980
latches,electric,37,-6.55078125,0.001428998756819708,6038
latches,machine,38,-6.55078125,0.001428998756819708,6479
latches,clamp,39,-6.55078125,0.001428998756819708,39595
latches,restraint,40,-6.59765625,0.0013635601394190483,64659
latches,metal,41,-6.62890625,0.001321607804332139,5998
latches,self,42,-6.64453125,0.0013011181744835318,2011
latches,hand,43,-6.66015625,0.0012809462069020183,1634
latches,devices,44,-6.66015625,0.0012809462069020183,9630
latches,force,45,-6.70703125,0.001222287409373853,5097
latches,gear,46,-6.73828125,0.0011846815792471309,12893
latches,tool,47,-6.75390625,0.0011663147937547406,7217
latches,type,48,-6.76953125,0.0011482327588782399,1916
latches,storage,49,-6.76953125,0.0011482327588782399,7387
latches,doors,50,-6.76953125,0.0011482327588782399,13076
latches,inter,51,-6.81640625,0.0010956513526058083,1061
latches,consumer,52,-6.84765625,0.001061941704344509,15630
latches,trigger,53,-6.86328125,0.0010454778242346197,14711
latches,output,54,-6.89453125,0.0010133118531562113,5033
latches,closing,55,-6.89453125,0.0010133118531562113,19096
latches,file,56,-6.92578125,0.000982135524967813,2482
latches,terminal,57,-6.94140625,0.0009669089249872482,17145
latches,valves,58,-6.94140625,0.0009669089249872482,41916
latches,non,59,-6.97265625,0.0009371602648094353,2173
latches,accessory,60,-6.98828125,0.0009226309416079341,43105
latches,closures,61,-7.00390625,0.0009083268746839561,83626
latches,connectors,62,-7.01953125,0.0008942445717626129,63753
latches,brake,63,-7.05078125,0.0008667315587023905,28264
latches,pivot,64,-7.08203125,0.0008400650320638412,44591
latches,levers,65,-7.08203125,0.0008400650320638412,126197
latches,eye,66,-7.12890625,0.0008015956534429372,6312
latches,nail,67,-7.12890625,0.0008015956534429372,23393
latches,power,68,-7.14453125,0.0007891680647335938,2384
latches,thermo,69,-7.14453125,0.0007891680647335938,40366
latches,contract,70,-7.17578125,0.000764887915927178,7613
latches,faucet,71,-7.17578125,0.000764887915927178,95047
latches,switches,72,-7.25390625,0.0007074056812886669,38895
latches,ball,73,-7.26953125,0.000696438372746076,5744
latches,button,74,-7.28515625,0.0006856410965623564,6086
latches,container,75,-7.30078125,0.0006750112166301211,11254
latches,guard,76,-7.31640625,0.0006645461377110401,10981
latches,damper,77,-7.34765625,0.0006441002025124334,127830
latches,child,78,-7.36328125,0.0006341143544479526,2047
latches,mor,79,-7.37890625,0.0006242833226079939,2953
latches,emergency,80,-7.37890625,0.0006242833226079939,13738
latches,fuse,81,-7.37890625,0.0006242833226079939,39450
latches,connection,82,-7.41015625,0.0006050761440009849,6653
latches,shock,83,-7.42578125,0.0005956953078859412,15733
latches,grip,84,-7.42578125,0.0005956953078859412,24937
latches,transducer,85,-7.42578125,0.0005956953078859412,109873
latches,appliance,86,-7.47265625,0.000568416433671333,56939
latches,light,87,-7.48828125,0.0005596039536847485,2611
latches,pin,88,-7.48828125,0.0005596039536847485,6644
latches,cabinet,89,-7.48828125,0.0005596039536847485,22402
latches,multi,90,-7.50390625,0.0005509280985367745,3103
latches,hinges,91,-7.50390625,0.0005509280985367745,87980
latches,water,92,-7.53515625,0.0005339778229086999,2003
latches,user,93,-7.53515625,0.0005339778229086999,2425
latches,surface,94,-7.53515625,0.0005339778229086999,4955
latches,feedback,95,-7.53515625,0.0005339778229086999,10457
latches,roller,96,-7.53515625,0.0005339778229086999,29751
latches,pedal,97,-7.53515625,0.0005339778229086999,38287
latches,hooks,98,-7.53515625,0.0005339778229086999,44856
latches,rotary,99,-7.53515625,0.0005339778229086999,67823
latches,rivet,100,-7.53515625,0.0005339778229086999,165205
granola,cereal,1,-1.240234375,0.2893164014605252,57289
granola,breakfast,2,-2.302734375,0.09998507291360499,14457
granola,food,3,-2.615234375,0.07315064200496295,2960
granola,grain,4,-3.083984375,0.04577650205901574,17258
granola,nut,5,-3.615234375,0.026910617302118005,16621
granola,snack,6,-3.833984375,0.021623288474159227,31755
granola,fruit,7,-4.0859375,0.016807375013526065,9471
granola,nuts,8,-4.1953125,0.015066033590869148,22606
granola,bread,9,-4.2265625,0.014602500468007353,11843
granola,seed,10,-4.5546875,0.01051778652689236,11006
granola,oat,11,-4.5703125,0.010354723360909018,62373
granola,energy,12,-4.7734375,0.008451278899600677,4134
granola,bar,13,-5.0703125,0.006280457191233963,2333
granola,corn,14,-5.4453125,0.004316490893440766,15025
granola,cereals,15,-5.4921875,0.004118824384116476,94725
granola,mues,16,-5.6171875,0.0036348497612726936,78676
granola,carbohydrate,17,-5.6796875,0.0034146253471040128,93277
granola,health,18,-5.8203125,0.002966677913060703,2962
granola,vegetable,19,-5.9296875,0.0026593128942200726,26771
granola,oats,20,-6.0390625,0.002383792672009028,63093
granola,porridge,21,-6.1953125,0.002038965923272597,122149
granola,foods,22,-6.4921875,0.0015152308127120793,16512
granola,complex,23,-6.5234375,0.001468612061583148,5766
granola,flour,24,-6.6640625,0.0012759522709126529,16251
granola,wheat,25,-6.6796875,0.0012561704645024665,21251
granola,oil,26,-6.6953125,0.001236695346574107,4684
granola,bars,27,-6.8203125,0.0010913798127924323,14041
granola,crop,28,-6.8671875,0.0010414018924707435,14899
granola,seeds,29,-6.8984375,0.0010093613246292047,15741
granola,grains,30,-6.9296875,0.0009783065414256911,29907
granola,nutrient,31,-6.9453125,0.000963139304332677,47438
granola,cracker,32,-6.9765625,0.0009335066231896564,134630
granola,cookie,33,-6.9921875,0.0009190339444511671,17467
granola,vitamin,34,-7.0703125,0.0008499674528310694,23042
granola,plant,35,-7.0859375,0.0008367899288827503,4829
granola,tree,36,-7.1484375,0.0007860913900232152,5421
granola,dessert,37,-7.1484375,0.0007860913900232152,35528
granola,Cere,38,-7.2265625,0.0007270156891424473,71122
granola,milk,39,-7.2890625,0.0006829680352507563,9512
granola,cash,40,-7.3828125,0.000621849472587178,9852
granola,granola,41,-7.4296875,0.0005933729119721093,145197
granola,Cereal,42,-7.4453125,0.0005841735176520654,165968
granola,super,43,-7.6796875,0.00046211928849723845,2557
granola,un,44,-7.7734375,0.00042076440037030485,748
granola,trail,45,-7.7734375,0.00042076440037030485,14604
granola,junk,46,-7.7890625,0.00041424105298328224,44029
granola,meal,47,-7.796875,0.00041101740353382464,13805
granola,non,48,-7.84375,0.00039219554628132326,2173
granola,mixture,49,-7.84375,0.00039219554628132326,14531
granola,multi,50,-7.859375,0.00038611511792335253,3103
granola,fiber,51,-7.859375,0.00038611511792335253,20149
granola,carbohydrates,52,-7.8984375,0.0003713232800446586,72780
granola,cake,53,-7.9140625,0.00036556644618112785,11514
granola,bird,54,-7.9453125,0.0003543191490481569,13170
granola,dairy,55,-7.9453125,0.0003543191490481569,31062
granola,biscuit,56,-7.9765625,0.000343417894868851,79500
granola,candy,57,-7.9921875,0.00033809369390228175,25720
granola,light,58,-8.0234375,0.0003276916444969635,2611
granola,salad,59,-8.09375,0.000305442198561012,23216
granola,starch,60,-8.109375,0.0003007067561944148,57634
granola,pastry,61,-8.109375,0.0003007067561944148,68588
granola,bakery,62,-8.2578125,0.00025922542707870625,54982
granola,snacks,63,-8.296875,0.00024929465691874434,38858
granola,protein,64,-8.3125,0.0002454297015009895,9646
granola,diet,65,-8.3125,0.0002454297015009895,11652
granola,vegetarian,66,-8.328125,0.00024162466666302507,54430
granola,rice,67,-8.34375,0.00023787862342236765,12463
granola,sandwich,68,-8.3671875,0.00023236817104587491,34176
granola,power,69,-8.3828125,0.00022876563646812717,2384
granola,fruits,70,-8.4375,0.00021659095137688503,16803
granola,nutrition,71,-8.4375,0.00021659095137688503,24539
granola,finger,72,-8.4609375,0.00021157362739219717,13864
granola,instant,73,-8.4609375,0.00021157362739219717,15050
granola,millet,74,-8.4609375,0.00021157362739219717,109438
granola,bran,75,-8.4765625,0.00020829348233192797,5879
granola,fibre,76,-8.4765625,0.00020829348233192797,37202
granola,yogurt,77,-8.4765625,0.00020829348233192797,50162
granola,nutty,78,-8.484375,0.00020667252959243203,201889
granola,calorie,79,-8.4921875,0.0002050641912072321,78058
granola,pasta,80,-8.5234375,0.00019875502931906102,22512
granola,product,81,-8.6015625,0.0001838183529864856,3225
granola,alternative,82,-8.6484375,0.00017540069774718182,11023
granola,steel,83,-8.6640625,0.00017268136198036305,8212
granola,animal,84,-8.6953125,0.00016736851500600766,8205
granola,cheese,85,-8.6953125,0.00016736851500600766,13624
granola,Breakfast,86,-8.6953125,0.00016736851500600766,39859
granola,type,87,-8.7109375,0.0001647737066903008,1916
granola,spice,88,-8.71875,0.00016349142753174832,45785
granola,raisin,89,-8.71875,0.00016349142753174832,172559
granola,desert,90,-8.7265625,0.00016221912714877535,21459
granola,ingredient,91,-8.734375,0.00016095672788593417,38152
granola,cookies,92,-8.8046875,0.0001500281672245135,5428
granola,Food,93,-8.8203125,0.00014770219608298515,8777
granola,pseudo,94,-8.921875,0.00013343781418447866,43409
granola,composite,95,-8.9453125,0.00013034673054817695,28159
granola,staple,96,-8.96875,0.00012732725178718745,64965
granola,morning,97,-8.9921875,0.00012437771917636007,5764
granola,bowl,98,-9.0078125,0.00012244942137198576,14581
granola,brown,99,-9.046875,0.0001177584577054612,8426
granola,forest,100,-9.0703125,0.00011503058597079503,9309
cocktails,beverage,1,-2.734375,0.0649345785355609,51877
cocktails,wine,2,-3.84375,0.021413151278198653,10058
cocktails,food,3,-4.359375,0.012786376638115597,2960
cocktails,fruit,4,-4.375,0.012588142242433998,9471
cocktails,alcohol,5,-4.53125,0.010767208646547101,12678
cocktails,drinks,6,-4.625,0.009803655035821828,19396
cocktails,liquor,7,-4.921875,0.007285457798938988,42184
cocktails,beverages,8,-4.96875,0.006951832396384793,55848
cocktails,aper,9,-5.109375,0.00603985665459491,19130
cocktails,mixture,10,-5.140625,0.0058540298011064956,14531
cocktails,cocktail,11,-5.15625,0.005763271481312824,34475
cocktails,dessert,12,-5.53125,0.003961034699868069,35528
cocktails,spirit,13,-5.546875,0.0038996245488749012,6914
cocktails,medicine,14,-5.671875,0.0034414065856249506,15300
cocktails,liquid,15,-5.78125,0.0030848569260302594,10177
cocktails,non,16,-5.84375,0.00289795489322345,2173
cocktails,spirits,17,-6.0,0.0024787521766663585,27274
cocktails,refreshment,18,-6.03125,0.002402488989655613,166218
cocktails,juice,19,-6.21875,0.0019917333285323136,17796
cocktails,beer,20,-6.234375,0.0019608543654049855,15052
cocktails,preparation,21,-6.28125,0.0018710603064642196,12988
cocktails,appetizer,22,-6.359375,0.001730447903889382,150365
cocktails,li,23,-6.484375,0.0015271149152663852,702
cocktails,party,24,-6.53125,0.001457183231848157,4591
cocktails,liqueur,25,-6.53125,0.001457183231848157,153222
cocktails,combination,26,-6.609375,0.001347674182613322,11137
cocktails,glass,27,-6.65625,0.001285959688604209,5570
cocktails,adult,28,-6.890625,0.0010172778436147007,11787
cocktails,salad,29,-6.890625,0.0010172778436147007,23216
cocktails,soup,30,-6.96875,0.0009408282063781959,21078
cocktails,carbon,31,-6.984375,0.0009262420170135229,8933
cocktails,lib,32,-7.203125,0.0007442563693696527,10119
cocktails,water,33,-7.25,0.000710174388842549,2003
cocktails,tonic,34,-7.375,0.0006267266984484576,81283
cocktails,meal,35,-7.421875,0.0005980267934003796,13805
cocktails,snack,36,-7.46875,0.0005706411526908208,31755
cocktails,music,37,-7.484375,0.0005617941816327723,4296
cocktails,folk,38,-7.484375,0.0005617941816327723,21082
cocktails,cuisine,39,-7.546875,0.0005277567928384327,24311
cocktails,coffee,40,-7.578125,0.0005115194233396561,8423
cocktails,mixer,41,-7.65625,0.0004730781316127184,45626
cocktails,refreshments,42,-7.75,0.00043074254057568753,116490
cocktails,fiz,43,-7.8125,0.0004046451693262645,39944
cocktails,tea,44,-7.921875,0.00036272158552696295,1763
cocktails,dish,45,-7.984375,0.0003407453956084444,15862
cocktails,medicinal,46,-7.984375,0.0003407453956084444,57999
cocktails,lemonade,47,-8.015625,0.000330261761918494,104310
cocktails,light,48,-8.078125,0.0003102522132940274,2611
cocktails,international,49,-8.078125,0.0003102522132940274,6191
cocktails,fruity,50,-8.078125,0.0003102522132940274,114675
cocktails,Beverage,51,-8.109375,0.0003007067561944148,121847
cocktails,liquors,52,-8.140625,0.00029145498193520206,155575
cocktails,entertainment,53,-8.15625,0.0002869363912626821,19448
cocktails,national,54,-8.1875,0.00027810828659249914,4975
cocktails,business,55,-8.21875,0.000269551794148722,2567
cocktails,cocktails,56,-8.21875,0.000269551794148722,58923
cocktails,health,57,-8.25,0.00026125855730166754,2962
cocktails,fruits,58,-8.265625,0.00025720811880066503,16803
cocktails,poison,59,-8.265625,0.00025720811880066503,21258
cocktails,blend,60,-8.28125,0.0002532204765281185,24701
cocktails,milk,61,-8.328125,0.00024162466666302507,9512
cocktails,digestive,62,-8.34375,0.00023787862342236765,59194
cocktails,desert,63,-8.390625,0.00022698536816119751,21459
cocktails,intoxic,64,-8.40625,0.00022346628620705983,55196
cocktails,infusion,65,-8.40625,0.00022346628620705983,68277
cocktails,specialty,66,-8.453125,0.00021323301991815497,46823
cocktails,soda,67,-8.46875,0.00020992714836132686,30886
cocktails,grape,68,-8.46875,0.00020992714836132686,42226
cocktails,variation,69,-8.515625,0.00020031388433428086,16679
cocktails,solution,70,-8.5625,0.00019114084371795175,4558
cocktails,suspension,71,-8.5625,0.00019114084371795175,22716
cocktails,bar,72,-8.59375,0.00018526005819728775,2333
cocktails,spiritu,73,-8.59375,0.00018526005819728775,55037
cocktails,fusion,74,-8.609375,0.00018238786721464442,26749
cocktails,ap,75,-8.640625,0.00017677638246969176,1459
cocktails,brandy,76,-8.640625,0.00017677638246969176,98788
cocktails,foods,77,-8.65625,0.00017403571868811687,16512
cocktails,mixtures,78,-8.65625,0.00017403571868811687,54989
cocktails,pleasure,79,-8.671875,0.00017133754496012662,15241
cocktails,mixers,80,-8.671875,0.00017133754496012662,191765
cocktails,intoxication,81,-8.71875,0.00016349142753174832,130057
cocktails,drug,82,-8.734375,0.00016095672788593417,10471
cocktails,meat,83,-8.75,0.00015846132511575126,11827
cocktails,art,84,-8.796875,0.0001512048527237606,3096
cocktails,science,85,-8.796875,0.0001512048527237606,8042
cocktails,wines,86,-8.796875,0.0001512048527237606,41281
cocktails,holiday,87,-8.8125,0.00014886063876446985,12083
cocktails,herbal,88,-8.8125,0.00014886063876446985,49381
cocktails,ice,89,-8.84375,0.00014428067839590176,8357
cocktails,people,90,-8.875,0.00013984162859410104,1461
cocktails,table,91,-8.875,0.00013984162859410104,3037
cocktails,hybrid,92,-8.890625,0.0001376735850959261,19504
cocktails,appetizers,93,-8.890625,0.0001376735850959261,169547
cocktails,service,94,-8.921875,0.00013343781418447866,2566
cocktails,choice,95,-8.9375,0.00013136905262640898,6241
cocktails,fun,96,-8.953125,0.00012933236424347565,2245
cocktails,spicy,97,-8.96875,0.00012732725178718745,44669
cocktails,type,98,-8.984375,0.00012535322571817655,1916
cocktails,temperance,99,-8.984375,0.00012535322571817655,180402
cocktails,delicious,100,-9.046875,0.0001177584577054612,15855
sweet potatoes,carbohydrate,1,-3.640625,0.026235941377052294,93277
sweet potatoes,vegetable,2,-3.6875,0.025034510149960148,26771
sweet potatoes,root,3,-3.703125,0.024646386044811498,6880
sweet potatoes,fruit,4,-3.75,0.023517745856009107,9471
sweet potatoes,potato,5,-3.84375,0.021413151278198653,28251
sweet potatoes,st,6,-4.28125,0.013825369568946493,680
sweet potatoes,tuber,7,-4.46875,0.011461633942261852,30434
sweet potatoes,starch,8,-4.53125,0.010767208646547101,57634
sweet potatoes,yam,9,-4.671875,0.00935471298604359,112414
sweet potatoes,plant,10,-5.40625,0.004488440342699523,4829
sweet potatoes,food,11,-5.5,0.004086771438464067,2960
sweet potatoes,cereal,12,-5.828125,0.0029435910423792925,57289
sweet potatoes,staple,13,-6.390625,0.0016772076189795154,64965
sweet potatoes,orange,14,-7.046875,0.0008701238501092051,10436
sweet potatoes,crop,15,-7.09375,0.0008302779779929784,14899
sweet potatoes,grain,16,-7.125,0.0008047330101246132,17258
sweet potatoes,storage,17,-7.296875,0.0006776531358341546,7387
sweet potatoes,vegetables,18,-7.296875,0.0006776531358341546,19574
sweet potatoes,St,19,-7.3125,0.0006671470977542673,997
sweet potatoes,cassava,20,-7.3125,0.0006671470977542673,171517
sweet potatoes,roots,21,-7.71875,0.0004444157765683803,16667
sweet potatoes,stem,22,-7.78125,0.00041748998582873153,13265
sweet potatoes,vitamin,23,-7.78125,0.00041748998582873153,23042
sweet potatoes,carrot,24,-7.8125,0.0004046451693262645,64058
sweet potatoes,seed,25,-7.875,0.0003801289578694637,11006
sweet potatoes,nutrient,26,-8.0,0.00033546262790251185,47438
sweet potatoes,corn,27,-8.015625,0.000330261761918494,15025
sweet potatoes,pulse,28,-8.09375,0.000305442198561012,22787
sweet potatoes,bulb,29,-8.109375,0.0003007067561944148,35386
sweet potatoes,energy,30,-8.421875,0.00022000176256168122,4134
sweet potatoes,carbohydrates,31,-8.515625,0.00020031388433428086,72780
sweet potatoes,plants,32,-8.53125,0.00019720830540981299,7652
sweet potatoes,non,33,-8.546875,0.0001941508740238353,2173
sweet potatoes,complex,34,-8.546875,0.0001941508740238353,5766
sweet potatoes,purple,35,-8.640625,0.00017677638246969176,15811
sweet potatoes,cash,36,-8.703125,0.00016606604288893956,9852
sweet potatoes,fruits,37,-8.734375,0.00016095672788593417,16803
sweet potatoes,flower,38,-8.765625,0.00015600460997961275,10377
sweet potatoes,vine,39,-8.796875,0.0001512048527237606,21696
sweet potatoes,tomato,40,-8.90625,0.00013553915399670016,32493
sweet potatoes,spice,41,-8.96875,0.00012732725178718745,45785
sweet potatoes,taro,42,-9.015625,0.00012149651241487151,210191
sweet potatoes,maize,43,-9.09375,0.0001123659053168018,66493
sweet potatoes,sugar,44,-9.125,0.00010890876985506645,9347
sweet potatoes,banana,45,-9.125,0.00010890876985506645,31985
sweet potatoes,calorie,46,-9.125,0.00010890876985506645,78058
sweet potatoes,grass,47,-9.140625,0.00010722029588095494,10996
sweet potatoes,winter,48,-9.15625,0.0001055579992694658,7830
sweet potatoes,hypo,49,-9.171875,0.00010392147417820859,21919
sweet potatoes,source,50,-9.1875,0.00010231032105679591,4303
sweet potatoes,member,51,-9.203125,0.00010072414654929499,4757
sweet potatoes,snack,52,-9.296875,9.171037907429409e-05,31755
sweet potatoes,carbo,53,-9.296875,9.171037907429409e-05,42118
sweet potatoes,green,54,-9.359375,8.615392809796751e-05,4433
sweet potatoes,garden,55,-9.359375,8.615392809796751e-05,8717
sweet potatoes,famine,56,-9.359375,8.615392809796751e-05,82953
sweet potatoes,pot,57,-9.390625,8.350325039323543e-05,2688
sweet potatoes,pseudo,58,-9.4375,7.96793581553195e-05,43409
sweet potatoes,par,59,-9.46875,7.722788202587939e-05,755
sweet potatoes,bread,60,-9.515625,7.369135982777617e-05,11843
sweet potatoes,tubers,61,-9.578125,6.922662603870115e-05,152484
sweet potatoes,grape,62,-9.59375,6.81533666810071e-05,42226
sweet potatoes,herb,63,-9.609375,6.709674666737461e-05,43959
sweet potatoes,human,64,-9.65625,6.402416293485477e-05,3515
sweet potatoes,rhiz,65,-9.65625,6.402416293485477e-05,134051
sweet potatoes,nut,66,-9.671875,6.303156029161826e-05,16621
sweet potatoes,Food,67,-9.6875,6.205434652598976e-05,8777
sweet potatoes,beet,68,-9.6875,6.205434652598976e-05,30423
sweet potatoes,medicine,69,-9.71875,6.014513499670094e-05,15300
sweet potatoes,un,70,-9.734375,5.9212671107461366e-05,748
sweet potatoes,dessert,71,-9.734375,5.9212671107461366e-05,35528
sweet potatoes,alternative,72,-9.765625,5.739088873946875e-05,11023
sweet potatoes,potatoes,73,-9.7734375,5.6944269299998705e-05,25741
sweet potatoes,flour,74,-9.8046875,5.519227831852973e-05,16251
sweet potatoes,man,75,-9.875,5.144486017970228e-05,916
sweet potatoes,type,76,-9.875,5.144486017970228e-05,1916
sweet potatoes,pea,77,-9.875,5.144486017970228e-05,18194
sweet potatoes,accessory,78,-9.90625,4.9862068229156115e-05,43105
sweet potatoes,modification,79,-9.9375,4.8327973667425135e-05,26222
sweet potatoes,cor,80,-9.953125,4.7578717883271245e-05,1406
sweet potatoes,tap,81,-9.953125,4.7578717883271245e-05,9869
sweet potatoes,animal,82,-9.96875,4.684107823336605e-05,8205
sweet potatoes,diet,83,-10.0,4.5399929762484854e-05,11652
sweet potatoes,Cass,84,-10.0078125,4.504662470609259e-05,29150
sweet potatoes,variety,85,-10.0390625,4.3660685766128113e-05,8080
sweet potatoes,gourd,86,-10.0390625,4.3660685766128113e-05,171079
sweet potatoes,nights,87,-10.0546875,4.298378957396587e-05,21308
sweet potatoes,fossil,88,-10.0546875,4.298378957396587e-05,40086
sweet potatoes,citrus,89,-10.0703125,4.231738768455963e-05,57321
sweet potatoes,Solana,90,-10.1015625,4.101541854009513e-05,156579
sweet potatoes,mono,91,-10.109375,4.069623402073416e-05,22986
sweet potatoes,Potato,92,-10.109375,4.069623402073416e-05,67031
sweet potatoes,Root,93,-10.15625,3.88326177824266e-05,31073
sweet potatoes,pseud,94,-10.15625,3.88326177824266e-05,52129
sweet potatoes,Saint,95,-10.203125,3.70543427450251e-05,10606
sweet potatoes,succulent,96,-10.234375,3.591430047015573e-05,117060
sweet potatoes,sta,97,-10.2421875,3.5634813166556813e-05,1502
sweet potatoes,cultivar,98,-10.2421875,3.5634813166556813e-05,120464
sweet potatoes,hybrid,99,-10.2734375,3.4538445225382075e-05,19504
sweet potatoes,candy,100,-10.3046875,3.347580897958111e-05,25720
tiramisu,dessert,1,-1.47265625,0.22931555603746917,35528
tiramisu,cake,2,-2.86328125,0.05708115510388698,11514
tiramisu,italian,3,-4.30078125,0.013557962715190126,24292
tiramisu,pastry,4,-4.30078125,0.013557962715190126,68588
tiramisu,desert,5,-4.39453125,0.01234466553138479,21459
tiramisu,coffee,6,-4.92578125,0.007257054490739874,8423
tiramisu,pudding,7,-5.11328125,0.0060163094850451924,69814
tiramisu,desserts,8,-5.41015625,0.004470941572147918,63969
tiramisu,food,9,-5.55078125,0.0038844213535535782,2960
tiramisu,ice,10,-5.62890625,0.003592502478865711,8357
tiramisu,cheese,11,-5.66015625,0.003481972797455297,13624
tiramisu,cream,12,-5.70703125,0.003322521654055227,9450
tiramisu,delicious,13,-5.76953125,0.0031212202433001162,15855
tiramisu,custard,14,-5.86328125,0.002841903371673867,136914
tiramisu,cookie,15,-5.98828125,0.0025079709229469055,17467
tiramisu,fruit,16,-6.01953125,0.002430808769620451,9471
tiramisu,snack,17,-6.25390625,0.001922928008795674,31755
tiramisu,cakes,18,-6.25390625,0.001922928008795674,36403
tiramisu,light,19,-6.26953125,0.0018931157732772455,2611
tiramisu,sandwich,20,-6.26953125,0.0018931157732772455,34176
tiramisu,cookies,21,-6.31640625,0.0018064236903125622,5428
tiramisu,chocolate,22,-6.47265625,0.0015451160626462808,13171
tiramisu,sponge,23,-6.48828125,0.0015211612584350887,55292
tiramisu,pie,24,-6.55078125,0.001428998756819708,4506
tiramisu,bread,25,-6.58203125,0.0013850330871350402,11843
tiramisu,biscuit,26,-6.59765625,0.0013635601394190483,79500
tiramisu,sweets,27,-6.91015625,0.0009976019090076377,59198
tiramisu,dish,28,-7.01953125,0.0008942445717626129,15862
tiramisu,tira,29,-7.12890625,0.0008015956534429372,65210
tiramisu,creamy,30,-7.22265625,0.0007298611480969934,56135
tiramisu,egg,31,-7.25390625,0.0007074056812886669,13514
tiramisu,Dessert,32,-7.36328125,0.0006341143544479526,127618
tiramisu,pasta,33,-7.45703125,0.0005773676900246723,22512
tiramisu,confection,34,-7.55078125,0.00052569926409352,104179
tiramisu,rice,35,-7.62890625,0.00048619234050552415,12463
tiramisu,appetizer,36,-7.62890625,0.00048619234050552415,150365
tiramisu,cheesecake,37,-7.66015625,0.00047123377476579323,98618
tiramisu,pastries,38,-7.69140625,0.0004567354357107468,118761
tiramisu,milk,39,-7.80078125,0.0004094149985360946,9512
tiramisu,mousse,40,-7.86328125,0.00038460979773656735,69031
tiramisu,Italy,41,-7.87890625,0.00037864697550902133,11474
tiramisu,breakfast,42,-7.94140625,0.0003557059149879889,14457
tiramisu,specialty,43,-8.0703125,0.0003126855515614081,46823
tiramisu,trifle,44,-8.1015625,0.0003030652285138832,138887
tiramisu,southern,45,-8.2265625,0.0002674541254445945,16539
tiramisu,sav,46,-8.2734375,0.0002552065093401916,4312
tiramisu,bakery,47,-8.2734375,0.0002552065093401916,54982
tiramisu,classic,48,-8.4609375,0.00021157362739219717,8889
tiramisu,doughnut,49,-8.4609375,0.00021157362739219717,212439
tiramisu,biscuits,50,-8.4765625,0.00020829348233192797,68414
tiramisu,spong,51,-8.4765625,0.00020829348233192797,160348
tiramisu,sem,52,-8.5078125,0.0002018849656009158,3032
tiramisu,meal,53,-8.5078125,0.0002018849656009158,13805
tiramisu,appeti,54,-8.5078125,0.0002018849656009158,86624
tiramisu,mascarpone,55,-8.5390625,0.00019567361820152106,178493
tiramisu,lady,56,-8.5546875,0.00019263997993535412,12100
tiramisu,espresso,57,-8.5703125,0.0001896533738711495,61177
tiramisu,tea,58,-8.6171875,0.00018096851357139753,1763
tiramisu,gelato,59,-8.6640625,0.00017268136198036305,135772
tiramisu,deserts,60,-8.6796875,0.0001700041856069086,105502
tiramisu,moon,61,-8.7109375,0.0001647737066903008,11883
tiramisu,wine,62,-8.7734375,0.00015479057247306478,10058
tiramisu,opera,63,-8.8046875,0.0001500281672245135,26294
tiramisu,national,64,-8.8359375,0.00014541228578157306,4975
tiramisu,dairy,65,-8.8515625,0.0001431578772487709,31062
tiramisu,cup,66,-8.8984375,0.000136602200756776,7190
tiramisu,soup,67,-8.9609375,0.00012832589179998424,21078
tiramisu,meringue,68,-8.9921875,0.00012437771917636007,214975
tiramisu,cocktail,69,-9.0078125,0.00012244942137198576,34475
tiramisu,torte,70,-9.0078125,0.00012244942137198576,210046
tiramisu,semif,71,-9.0546875,0.00011684205411721881,58928
tiramisu,Venetian,72,-9.0703125,0.00011503058597079503,104733
tiramisu,Danish,73,-9.1484375,0.0001063859009186544,44668
tiramisu,course,74,-9.2109375,9.99403050221641e-05,3205
tiramisu,meat,75,-9.2109375,9.99403050221641e-05,11827
tiramisu,pizza,76,-9.2109375,9.99403050221641e-05,14967
tiramisu,delicacy,77,-9.2734375,9.388522803938417e-05,104834
tiramisu,frit,78,-9.3046875,9.099668324216146e-05,66784
tiramisu,Christmas,79,-9.3359375,8.81970096254195e-05,9271
tiramisu,flour,80,-9.3359375,8.81970096254195e-05,16251
tiramisu,coffe,81,-9.3359375,8.81970096254195e-05,116512
tiramisu,Tira,82,-9.4140625,8.156889968128741e-05,126261
tiramisu,mini,83,-9.4296875,8.030429110667905e-05,7311
tiramisu,moist,84,-9.4296875,8.030429110667905e-05,14205
tiramisu,nut,85,-9.4296875,8.030429110667905e-05,16621
tiramisu,candy,86,-9.4296875,8.030429110667905e-05,25720
tiramisu,beverage,87,-9.4765625,7.662688987992337e-05,51877
tiramisu,digestive,88,-9.4765625,7.662688987992337e-05,59194
tiramisu,holiday,89,-9.4921875,7.543890006559033e-05,12083
tiramisu,liqueur,90,-9.4921875,7.543890006559033e-05,153222
tiramisu,foods,91,-9.5234375,7.31178891159098e-05,16512
tiramisu,delight,92,-9.5234375,7.31178891159098e-05,20341
tiramisu,vanilla,93,-9.5234375,7.31178891159098e-05,32870
tiramisu,mouse,94,-9.5390625,7.198430131596974e-05,11937
tiramisu,carbohydrate,95,-9.5546875,7.086828816589593e-05,93277
tiramisu,gelatin,96,-9.6171875,6.65745956422723e-05,81471
tiramisu,name,97,-9.6484375,6.45263106683143e-05,1503
tiramisu,speciality,98,-9.6640625,6.35259229460595e-05,159275
tiramisu,Italians,99,-9.6796875,6.25410447978757e-05,98205
tiramisu,preparation,100,-9.6953125,6.157143577010426e-05,12988
boxes,box,1,-3.1796875,0.04159865266915964,3741
boxes,data,2,-3.4296875,0.03239706327345691,1423
boxes,graph,3,-3.7890625,0.022616795160668897,5989
boxes,container,4,-3.7890625,0.022616795160668897,11254
boxes,matrix,5,-3.9921875,0.018459290224936722,9077
boxes,function,6,-4.3671875,0.012686872265690001,1411
boxes,file,7,-4.4609375,0.011551528651415736,2482
boxes,number,8,-4.5859375,0.010194188254991595,1758
boxes,variable,9,-4.6796875,0.009281914032028497,8792
boxes,rectangle,10,-4.6953125,0.00913801129312256,37600
boxes,boxes,11,-4.8203125,0.008064266661963712,16032
boxes,table,12,-4.8359375,0.007939241795764773,3037
boxes,measure,13,-4.8984375,0.007458227451776145,4015
boxes,storage,14,-5.0703125,0.006280457191233963,7387
boxes,list,15,-5.1953125,0.005542484018079121,1889
boxes,containers,16,-5.2265625,0.00537195971187627,27649
boxes,cell,17,-5.3671875,0.004667239479315508,3027
boxes,mathematical,18,-5.4453125,0.004316490893440766,30765
boxes,tool,19,-5.4765625,0.004183686430237278,7217
boxes,chart,20,-5.5078125,0.004054967930813666,12859
boxes,computer,21,-5.5390625,0.003930209683280378,6875
boxes,measurement,22,-5.5546875,0.0038692774298736865,13384
boxes,unit,23,-5.5859375,0.003750232278442789,4982
boxes,form,24,-5.6640625,0.003468397872002917,1736
boxes,shape,25,-5.6640625,0.003468397872002917,7479
boxes,widget,26,-5.8046875,0.00301339629230614,24820
boxes,text,27,-5.8203125,0.002966677913060703,2793
boxes,structure,28,-5.8515625,0.0028754028293253553,5449
boxes,numbers,29,-5.8515625,0.0028754028293253553,5968
boxes,package,30,-5.8515625,0.0028754028293253553,9262
boxes,rectangular,31,-5.9296875,0.0026593128942200726,37559
boxes,worksheet,32,-5.9453125,0.002618084069242202,53521
boxes,document,33,-5.9765625,0.0025375340905626083,4551
boxes,system,34,-6.0078125,0.002459462374189985,1812
boxes,quadrilateral,35,-6.0234375,0.0024213319443389027,204411
boxes,record,36,-6.0390625,0.002383792672009028,3661
boxes,database,37,-6.0390625,0.002383792672009028,8746
boxes,polygon,38,-6.0703125,0.0023104510818123167,60906
boxes,figure,39,-6.1015625,0.00223936597512432,5774
boxes,software,40,-6.1171875,0.002204647823661035,6815
boxes,device,41,-6.1328125,0.002170467927246017,6064
boxes,line,42,-6.1796875,0.0020710749644504765,2017
boxes,linear,43,-6.1796875,0.0020710749644504765,10983
boxes,multi,44,-6.1953125,0.002038965923272597,3103
boxes,equation,45,-6.1953125,0.002038965923272597,8738
boxes,visual,46,-6.2109375,0.002007354686637315,9095
boxes,control,47,-6.2421875,0.0019455948756707327,2582
boxes,network,48,-6.2421875,0.0019455948756707327,6011
boxes,diagram,49,-6.2421875,0.0019455948756707327,16646
boxes,matrices,50,-6.2734375,0.0018857352143269448,37011
boxes,information,51,-6.2890625,0.0018564995996405073,2113
boxes,activity,52,-6.2890625,0.0018564995996405073,5640
boxes,graphs,53,-6.2890625,0.0018564995996405073,36135
boxes,output,54,-6.3046875,0.0018277172411480466,5033
boxes,graphic,55,-6.3203125,0.0017993811117636067,19176
boxes,business,56,-6.3359375,0.0017714842933461014,2567
boxes,element,57,-6.3671875,0.0017169814514638826,5356
boxes,memory,58,-6.3671875,0.0017169814514638826,6884
boxes,tables,59,-6.3984375,0.001664155485738227,11113
boxes,program,60,-6.4609375,0.0015633294018551952,2733
boxes,spreadsheet,61,-6.4609375,0.0015633294018551952,76826
boxes,puzzle,62,-6.5390625,0.0014458433419717767,24754
boxes,sequence,63,-6.5546875,0.0014234276186392064,10629
boxes,exercise,64,-6.5703125,0.0014013594188853921,9987
boxes,constraint,65,-6.5859375,0.0013796333548566381,36025
boxes,vector,66,-6.6015625,0.0013582441222301784,4301
boxes,factor,67,-6.6015625,0.0013582441222301784,7435
boxes,inequality,68,-6.6015625,0.0013582441222301784,33065
boxes,cube,69,-6.6171875,0.001337186498919149,28660
boxes,expression,70,-6.6328125,0.0013164553437976388,6887
boxes,triangle,71,-6.6328125,0.0013164553437976388,23022
boxes,product,72,-6.6484375,0.0012960455954455052,3225
boxes,cells,73,-6.6484375,0.0012960455954455052,5999
boxes,statement,74,-6.6640625,0.0012759522709126529,6218
boxes,attribute,75,-6.6953125,0.001236695346574107,9224
boxes,test,76,-6.7265625,0.0011986462308218651,2121
boxes,method,77,-6.7265625,0.0011986462308218651,2370
boxes,packaging,78,-6.7421875,0.0011800629434740885,19102
boxes,property,79,-6.7578125,0.0011617677632923549,4227
boxes,value,80,-6.7734375,0.001143756223589066,1618
boxes,index,81,-6.7734375,0.001143756223589066,3921
boxes,collection,82,-6.7734375,0.001143756223589066,5488
boxes,machine,83,-6.7734375,0.001143756223589066,6479
boxes,grid,84,-6.7734375,0.001143756223589066,11297
boxes,folder,85,-6.7734375,0.001143756223589066,15173
boxes,pie,86,-6.7890625,0.0011260239269261967,4506
boxes,symbol,87,-6.7890625,0.0011260239269261967,10159
boxes,block,88,-6.8046875,0.001108566544041679,3963
boxes,frame,89,-6.8046875,0.001108566544041679,5265
boxes,records,90,-6.8046875,0.001108566544041679,9126
boxes,model,91,-6.8671875,0.0010414018924707435,2091
boxes,files,92,-6.8671875,0.0010414018924707435,6630
boxes,evidence,93,-6.8828125,0.0010252564526281366,5820
boxes,communication,94,-6.8828125,0.0010252564526281366,9228
boxes,circle,95,-6.8984375,0.0010093613246292047,11698
boxes,technology,96,-6.9140625,0.0009937126277485115,6178
boxes,integer,97,-6.9296875,0.0009783065414256911,16594
boxes,web,98,-6.9609375,0.0009482072134553882,2744
boxes,algebra,99,-6.9609375,0.0009482072134553882,27699
boxes,objects,100,-6.9921875,0.0009190339444511671,9113
cows,herb,1,-2.609375,0.07358051721811718,43959
cows,livestock,2,-2.6875,0.0680508540250102,41191
cows,animal,3,-2.703125,0.06699582332279769,8205
cows,cattle,4,-3.75,0.023517745856009107,22764
cows,rumin,5,-4.125,0.016163494588165874,146955
cows,farm,6,-4.40625,0.012200845821682604,7091
cows,bovine,7,-4.984375,0.0068440542248995985,94478
cows,mammals,8,-5.109375,0.00603985665459491,58318
cows,hoof,9,-5.25,0.005247518399181385,47016
cows,land,10,-5.34375,0.00477791987398702,2840
cows,food,11,-5.484375,0.004151128724137389,2960
cows,plant,12,-5.5625,0.0038391664740261636,4829
cows,cow,13,-5.875,0.0028087941945255128,13910
cows,animals,14,-6.078125,0.002292471008846966,8398
cows,poultry,15,-6.375,0.001703619795802574,50883
cows,milk,16,-6.390625,0.0016772076189795154,9512
cows,dairy,17,-6.46875,0.0015511634759303816,31062
cows,beef,18,-6.640625,0.0013062106070345731,21316
cows,human,19,-6.65625,0.001285959688604209,3515
cows,heter,20,-6.703125,0.0012270713070337978,26382
cows,agriculture,21,-6.765625,0.001152726814831155,20630
cows,prey,22,-6.765625,0.001152726814831155,38084
cows,horse,23,-6.953125,0.000955644094802374,10468
cows,grass,24,-6.953125,0.000955644094802374,10996
cows,omni,25,-6.953125,0.000955644094802374,46329
cows,hoo,26,-7.046875,0.0008701238501092051,11416
cows,beast,27,-7.046875,0.0008701238501092051,30365
cows,mammalian,28,-7.15625,0.0007799739782929635,91881
cows,man,29,-7.1875,0.0007559767017882707,916
cows,species,30,-7.1875,0.0007559767017882707,6202
cows,Omni,31,-7.203125,0.0007442563693696527,69282
cows,meat,32,-7.234375,0.0007213580081637692,11827
cows,wildlife,33,-7.25,0.000710174388842549,27327
cows,crop,34,-7.375,0.0006267266984484576,14899
cows,herd,35,-7.421875,0.0005980267934003796,48010
cows,auto,36,-7.515625,0.0005445095917739226,3072
cows,clo,37,-7.546875,0.0005277567928384327,3125
cows,fish,38,-7.546875,0.0005277567928384327,5001
cows,vertebrates,39,-7.546875,0.0005277567928384327,173940
cows,producer,40,-7.59375,0.0005035890497369525,21709
cows,organism,41,-7.640625,0.0004805280281680892,41154
cows,feed,42,-7.734375,0.00043752574858056214,5513
cows,goat,43,-7.734375,0.00043752574858056214,40692
cows,zoo,44,-7.765625,0.00042406449646342195,22650
cows,biological,45,-7.796875,0.00041101740353382464,21871
cows,transgenic,46,-7.796875,0.00041101740353382464,135710
cows,consumer,47,-7.84375,0.00039219554628132326,15630
cows,deer,48,-7.9375,0.0003570981085762476,26932
cows,artificial,49,-7.953125,0.0003515618155546862,18225
cows,source,50,-7.96875,0.0003461113548007411,4303
cows,ho,51,-8.03125,0.00032514152788788584,1965
cows,fruit,52,-8.03125,0.00032514152788788584,9471
cows,sheep,53,-8.03125,0.00032514152788788584,21304
cows,non,54,-8.078125,0.0003102522132940274,2173
cows,marine,55,-8.15625,0.0002869363912626821,18441
cows,bird,56,-8.171875,0.00028248785484530033,13170
cows,Animal,57,-8.1875,0.00027810828659249914,20130
cows,Herb,58,-8.1875,0.00027810828659249914,63208
cows,insect,59,-8.203125,0.0002737966172519944,35312
cows,macro,60,-8.234375,0.00026537278092783216,22620
cows,biomass,61,-8.28125,0.0002532204765281185,51006
cows,ecosystem,62,-8.328125,0.00024162466666302507,25462
cows,transport,63,-8.390625,0.00022698536816119751,6676
cows,vegetarian,64,-8.40625,0.00022346628620705983,54430
cows,hybrid,65,-8.46875,0.00020992714836132686,19504
cows,home,66,-8.515625,0.00020031388433428086,2078
cows,elephant,67,-8.53125,0.00019720830540981299,38816
cows,mobile,68,-8.546875,0.0001941508740238353,7635
cows,example,69,-8.609375,0.00018238786721464442,3287
cows,quad,70,-8.6171875,0.00018096851357139753,12605
cows,mass,71,-8.6328125,0.00017816285682120578,5182
cows,resource,72,-8.6484375,0.00017540069774718182,6537
cows,Livestock,73,-8.6484375,0.00017540069774718182,103892
cows,stock,74,-8.6640625,0.00017268136198036305,2306
cows,symb,75,-8.6796875,0.0001700041856069086,12654
cows,carbohydrate,76,-8.6796875,0.0001700041856069086,93277
cows,dog,77,-8.75,0.00015846132511575126,5929
cows,cud,78,-8.75,0.00015846132511575126,74350
cows,fowl,79,-8.796875,0.0001512048527237606,130591
cows,symbiotic,80,-8.8125,0.00014886063876446985,219778
cows,ag,81,-8.84375,0.00014428067839590176,1005
cows,production,82,-8.84375,0.00014428067839590176,4584
cows,symbol,83,-8.84375,0.00014428067839590176,10159
cows,equ,84,-8.8515625,0.0001431578772487709,1893
cows,green,85,-8.8671875,0.00014093842008067257,4433
cows,rodent,86,-8.8671875,0.00014093842008067257,146234
cows,ang,87,-8.8828125,0.00013875337240659363,2639
cows,family,88,-8.8828125,0.00013875337240659363,2730
cows,host,89,-8.8828125,0.00013875337240659363,6072
cows,Verte,90,-8.8828125,0.00013875337240659363,82581
cows,chicken,91,-8.8984375,0.000136602200756776,12254
cows,anima,92,-8.9140625,0.00013448437993214345,16291
cows,type,93,-8.9453125,0.00013034673054817695,1916
cows,water,94,-8.9453125,0.00013034673054817695,2003
cows,member,95,-8.953125,0.00012933236424347565,4757
cows,ox,96,-8.953125,0.00012933236424347565,9534
cows,Mammal,97,-8.953125,0.00012933236424347565,115702
cows,machine,98,-8.96875,0.00012732725178718745,6479
cows,invertebrate,99,-8.96875,0.00012732725178718745,227605
cows,arti,100,-8.984375,0.00012535322571817655,3774
filing cabinets,storage,1,-2.689453125,0.06791807191298417,7387
filing cabinets,furniture,2,-3.376953125,0.034151351272749673,16241
filing cabinets,office,3,-3.830078125,0.021707919632378253,4844
filing cabinets,record,4,-4.34375,0.012987732771292249,3661
filing cabinets,desk,5,-4.640625,0.00965166345239672,11309
filing cabinets,file,6,-4.6875,0.00920968160396814,2482
filing cabinets,business,7,-5.125,0.005946217356472094,2567
filing cabinets,cabinet,8,-5.1875,0.0055859542589981,22402
filing cabinets,equipment,9,-5.25,0.005247518399181385,6682
filing cabinets,document,10,-5.265625,0.0051661631671143975,4551
filing cabinets,hardware,11,-5.265625,0.0051661631671143975,16417
filing cabinets,container,12,-5.40625,0.004488440342699523,11254
filing cabinets,data,13,-5.4375,0.004350345551108769,1423
filing cabinets,vertical,14,-5.484375,0.004151128724137389,12991
filing cabinets,information,15,-5.765625,0.003133436353933003,2113
filing cabinets,waste,16,-5.765625,0.003133436353933003,9007
filing cabinets,store,17,-5.796875,0.003037030652348247,4659
filing cabinets,mechanical,18,-5.796875,0.003037030652348247,16801
filing cabinets,mass,19,-6.015625,0.0024403226861474305,5182
filing cabinets,evidence,20,-6.015625,0.0024403226861474305,5820
filing cabinets,records,21,-6.078125,0.002292471008846966,9126
filing cabinets,tool,22,-6.125,0.002187491118182885,7217
filing cabinets,paper,23,-6.15625,0.0021201890918646723,4368
filing cabinets,computer,24,-6.171875,0.0020873186067185026,6875
filing cabinets,case,25,-6.265625,0.001900525218918533,2270
filing cabinets,archival,26,-6.390625,0.0016772076189795154,121321
filing cabinets,classification,27,-6.40625,0.0016512049250036575,17283
filing cabinets,non,28,-6.453125,0.0015755907463196439,2173
filing cabinets,archive,29,-6.453125,0.0015755907463196439,34336
filing cabinets,capital,30,-6.640625,0.0013062106070345731,6037
filing cabinets,asset,31,-6.921875,0.0009859794947277968,17827
filing cabinets,household,32,-6.9375,0.0009706932995199089,13356
filing cabinets,machine,33,-6.953125,0.000955644094802374,6479
filing cabinets,software,34,-6.953125,0.000955644094802374,6815
filing cabinets,movable,35,-6.953125,0.000955644094802374,96723
filing cabinets,material,36,-6.984375,0.0009262420170135229,2893
filing cabinets,database,37,-6.984375,0.0009262420170135229,8746
filing cabinets,reference,38,-7.0,0.0009118819655545162,6203
filing cabinets,technology,39,-7.046875,0.0008701238501092051,6178
filing cabinets,book,40,-7.078125,0.0008433529536363545,2870
filing cabinets,metal,41,-7.078125,0.0008433529536363545,5998
filing cabinets,piece,42,-7.09375,0.0008302779779929784,6431
filing cabinets,public,43,-7.109375,0.0008174057110581422,2294
filing cabinets,accessory,44,-7.109375,0.0008174057110581422,43105
filing cabinets,stationery,45,-7.109375,0.0008174057110581422,103867
filing cabinets,type,46,-7.125,0.0008047330101246132,1916
filing cabinets,accounting,47,-7.171875,0.0007678816025863563,23922
filing cabinets,drawer,48,-7.171875,0.0007678816025863563,39635
filing cabinets,device,49,-7.296875,0.0006776531358341546,6064
filing cabinets,appliance,50,-7.3125,0.0006671470977542673,56939
filing cabinets,bureaucracy,51,-7.328125,0.000656803940697575,100001
filing cabinets,product,52,-7.359375,0.0006365962078591196,3225
filing cabinets,source,53,-7.359375,0.0006365962078591196,4303
filing cabinets,inventory,54,-7.359375,0.0006365962078591196,20540
filing cabinets,desktop,55,-7.375,0.0006267266984484576,23992
filing cabinets,consumer,56,-7.421875,0.0005980267934003796,15630
filing cabinets,organization,57,-7.46875,0.0005706411526908208,8344
filing cabinets,system,58,-7.484375,0.0005617941816327723,1812
filing cabinets,auxiliary,59,-7.5625,0.0005195746821548384,52170
filing cabinets,files,60,-7.578125,0.0005115194233396561,6630
filing cabinets,form,61,-7.640625,0.0004805280281680892,1736
filing cabinets,example,62,-7.6875,0.0004585230476630206,3287
filing cabinets,memory,63,-7.734375,0.00043752574858056214,6884
filing cabinets,communication,64,-7.796875,0.00041101740353382464,9228
filing cabinets,steel,65,-7.828125,0.00039837172745315756,8212
filing cabinets,receptacle,66,-7.828125,0.00039837172745315756,145256
filing cabinets,retail,67,-7.84375,0.00039219554628132326,12633
filing cabinets,merchandise,68,-7.90625,0.0003684336193539422,42722
filing cabinets,Record,69,-7.9375,0.0003570981085762476,15940
filing cabinets,classroom,70,-7.9375,0.0003570981085762476,20767
filing cabinets,resource,71,-7.96875,0.0003461113548007411,6537
filing cabinets,self,72,-8.03125,0.00032514152788788584,2011
filing cabinets,library,73,-8.03125,0.00032514152788788584,9581
filing cabinets,box,74,-8.0625,0.000315137974737356,3741
filing cabinets,component,75,-8.0625,0.000315137974737356,8350
filing cabinets,horizontal,76,-8.09375,0.000305442198561012,16686
filing cabinets,apparatus,77,-8.09375,0.000305442198561012,28714
filing cabinets,essential,78,-8.125,0.0002960447300568554,8727
filing cabinets,home,79,-8.140625,0.00029145498193520206,2078
filing cabinets,management,80,-8.140625,0.00029145498193520206,4815
filing cabinets,property,81,-8.171875,0.00028248785484530033,4227
filing cabinets,safety,82,-8.171875,0.00028248785484530033,6514
filing cabinets,human,83,-8.203125,0.0002737966172519944,3515
filing cabinets,warehouse,84,-8.203125,0.0002737966172519944,33749
filing cabinets,synonym,85,-8.234375,0.00026537278092783216,109057
filing cabinets,ex,86,-8.265625,0.00025720811880066503,698
filing cabinets,bookcase,87,-8.28125,0.0002532204765281185,162954
filing cabinets,cash,88,-8.296875,0.00024929465691874434,9852
filing cabinets,space,89,-8.359375,0.00023419065719907224,3641
filing cabinets,taxonomy,90,-8.375,0.00023055986759244163,109331
filing cabinets,containers,91,-8.421875,0.00022000176256168122,27649
filing cabinets,rectangular,92,-8.4375,0.00021659095137688503,37559
filing cabinets,merchandising,93,-8.453125,0.00021323301991815497,135071
filing cabinets,stor,94,-8.46875,0.00020992714836132686,15236
filing cabinets,documentation,95,-8.484375,0.00020667252959243203,18312
filing cabinets,use,96,-8.515625,0.00020031388433428086,1281
filing cabinets,utility,97,-8.515625,0.00020031388433428086,18719
filing cabinets,unit,98,-8.53125,0.00019720830540981299,4982
filing cabinets,government,99,-8.546875,0.0001941508740238353,3838
filing cabinets,junk,100,-8.5625,0.00019114084371795175,44029
bunkbeds,bed,1,-2.185546875,0.11241623921011708,3609
bunkbeds,furniture,2,-2.466796875,0.08485622926246582,16241
bunkbeds,bunk,3,-3.576171875,0.027982614426296782,78926
bunkbeds,beds,4,-3.732421875,0.023934798495378225,19800
bunkbeds,bedroom,5,-3.841796875,0.021455014708236755,14147
bunkbeds,children,6,-5.13671875,0.005876941825931415,3069
bunkbeds,sleep,7,-5.43359375,0.004367372322179382,6284
bunkbeds,multi,8,-5.48046875,0.004167375782592899,3103
bunkbeds,room,9,-5.65234375,0.003509282248575946,2965
bunkbeds,child,10,-5.66796875,0.003454875870169347,2047
bunkbeds,mattress,11,-5.74609375,0.0031952378483354237,49190
bunkbeds,dormitory,12,-5.90234375,0.0027330317632095276,149570
bunkbeds,accommodation,13,-6.27734375,0.0018783834294490952,23205
bunkbeds,nursery,14,-6.27734375,0.0018783834294490952,43286
bunkbeds,vertical,15,-6.40234375,0.0016576675583550565,12991
bunkbeds,safety,16,-6.44921875,0.0015817574341432633,6514
bunkbeds,storage,17,-6.46484375,0.0015572345581208596,7387
bunkbeds,arrangement,18,-6.46484375,0.0015572345581208596,18800
bunkbeds,cot,19,-6.48046875,0.001533091874051678,8110
bunkbeds,space,20,-6.54296875,0.0014402065329773381,3641
bunkbeds,piece,21,-6.57421875,0.001395896036271587,6431
bunkbeds,type,22,-6.62109375,0.0013319733028103163,1916
bunkbeds,movable,23,-6.77734375,0.0011392971406570386,96723
bunkbeds,alternative,24,-6.90234375,0.0010054261977533226,11023
bunkbeds,challenge,25,-6.96484375,0.0009445105038643562,10247
bunkbeds,sofa,26,-6.98046875,0.0009298672257686418,25062
bunkbeds,platform,27,-6.99609375,0.0009154509706573315,7134
bunkbeds,horizontal,28,-6.99609375,0.0009154509706573315,16686
bunkbeds,furnishings,29,-6.99609375,0.0009154509706573315,93236
bunkbeds,toy,30,-7.10546875,0.000820604946555757,12849
bunkbeds,problem,31,-7.12109375,0.0008078826460731563,3210
bunkbeds,dorm,32,-7.16796875,0.0007708870062038323,24240
bunkbeds,crib,33,-7.16796875,0.0007708870062038323,90379
bunkbeds,multiple,34,-7.19921875,0.0007471693064387259,6733
bunkbeds,design,35,-7.21484375,0.0007355855200287278,2480
bunkbeds,loft,36,-7.23046875,0.000724181323581053,50009
bunkbeds,hostel,37,-7.26171875,0.000701900606601824,70841
bunkbeds,Bed,38,-7.30859375,0.0006697582376672773,12741
bunkbeds,housing,39,-7.30859375,0.0006697582376672773,12986
bunkbeds,accessory,40,-7.30859375,0.0006697582376672773,43105
bunkbeds,equipment,41,-7.33984375,0.0006491519430114311,6682
bunkbeds,family,42,-7.37109375,0.0006291796373915728,2730
bunkbeds,solution,43,-7.40234375,0.0006098218150156874,4558
bunkbeds,adult,44,-7.48046875,0.0005639929818906105,11787
bunkbeds,home,45,-7.49609375,0.0005552490811673618,2078
bunkbeds,house,46,-7.49609375,0.0005552490811673618,3036
bunkbeds,kids,47,-7.51171875,0.0005466407420597946,5982
bunkbeds,container,48,-7.51171875,0.0005466407420597946,11254
bunkbeds,combination,49,-7.77734375,0.00041912399543313347,11137
bunkbeds,household,50,-7.80859375,0.0004062289057403044,13356
bunkbeds,plural,51,-7.80859375,0.0004062289057403044,37357
bunkbeds,mobile,52,-7.82421875,0.0003999309103099356,7635
bunkbeds,youth,53,-7.83984375,0.00039373055624846115,11481
bunkbeds,mattresses,54,-7.88671875,0.00037570032136803805,130986
bunkbeds,example,55,-7.91796875,0.0003641412376733455,3287
bunkbeds,ladder,56,-7.91796875,0.0003641412376733455,38088
bunkbeds,toddler,57,-7.91796875,0.0003641412376733455,53710
bunkbeds,Furniture,58,-7.93359375,0.0003584957510561482,49184
bunkbeds,synonym,59,-7.93359375,0.0003584957510561482,109057
bunkbeds,product,60,-7.94921875,0.0003529377895963558,3225
bunkbeds,essential,61,-7.94921875,0.0003529377895963558,8727
bunkbeds,decoration,62,-7.94921875,0.0003529377895963558,25265
bunkbeds,contra,63,-7.96484375,0.00034746599634217677,3044
bunkbeds,student,64,-7.96484375,0.00034746599634217677,5913
bunkbeds,wall,65,-8.015625,0.000330261761918494,3587
bunkbeds,kid,66,-8.015625,0.000330261761918494,8586
bunkbeds,thing,67,-8.0625,0.000315137974737356,3166
bunkbeds,antique,68,-8.0625,0.000315137974737356,35371
bunkbeds,system,69,-8.125,0.0002960447300568554,1812
bunkbeds,Murphy,70,-8.125,0.0002960447300568554,30309
bunkbeds,shelter,71,-8.15625,0.0002869363912626821,27552
bunkbeds,day,72,-8.21875,0.000269551794148722,1744
bunkbeds,table,73,-8.21875,0.000269551794148722,3037
bunkbeds,metal,74,-8.234375,0.00026537278092783216,5998
bunkbeds,case,75,-8.328125,0.00024162466666302507,2270
bunkbeds,standard,76,-8.34375,0.00023787862342236765,5039
bunkbeds,form,77,-8.359375,0.00023419065719907224,1736
bunkbeds,self,78,-8.375,0.00023055986759244163,2011
bunkbeds,study,79,-8.375,0.00023055986759244163,3320
bunkbeds,activity,80,-8.375,0.00023055986759244163,5640
bunkbeds,floor,81,-8.375,0.00023055986759244163,6784
bunkbeds,contemporary,82,-8.375,0.00023055986759244163,19273
bunkbeds,hybrid,83,-8.375,0.00023055986759244163,19504
bunkbeds,cabinet,84,-8.375,0.00023055986759244163,22402
bunkbeds,pallet,85,-8.375,0.00023055986759244163,75237
bunkbeds,childhood,86,-8.390625,0.00022698536816119751,20790
bunkbeds,multifunctional,87,-8.390625,0.00022698536816119751,178007
bunkbeds,con,88,-8.40625,0.00022346628620705983,632
bunkbeds,fun,89,-8.40625,0.00022346628620705983,2245
bunkbeds,super,90,-8.40625,0.00022346628620705983,2557
bunkbeds,emergency,91,-8.40625,0.00022346628620705983,13738
bunkbeds,dual,92,-8.40625,0.00022346628620705983,16629
bunkbeds,definition,93,-8.421875,0.00022000176256168122,10165
bunkbeds,twins,94,-8.421875,0.00022000176256168122,45419
bunkbeds,non,95,-8.46875,0.00020992714836132686,2173
bunkbeds,place,96,-8.484375,0.00020667252959243203,2040
bunkbeds,unit,97,-8.484375,0.00020667252959243203,4982
bunkbeds,bookcase,98,-8.515625,0.00020031388433428086,162954
bunkbeds,Beds,99,-8.53125,0.00019720830540981299,89018
bunkbeds,baby,100,-8.546875,0.0001941508740238353,5760
freezers,refrigerator,1,-1.3876953125,0.24965000737354237,46154
freezers,heat,2,-2.49609375,0.08240627022485114,6719
freezers,refrigeration,3,-2.62109375,0.07272327822698031,112290
freezers,storage,4,-3.96484375,0.018971000599706116,7387
freezers,appliance,5,-4.44921875,0.011687694415785176,56939
freezers,electric,6,-4.85546875,0.007785682958930128,6038
freezers,temperature,7,-4.90234375,0.007429150578533843,5809
freezers,refrigerators,8,-5.04296875,0.0064545578778740145,163754
freezers,mechanical,9,-5.23046875,0.00535101642573825,16801
freezers,air,10,-5.30859375,0.004948881190844439,2681
freezers,fridge,11,-5.30859375,0.004948881190844439,38641
freezers,energy,12,-5.41796875,0.004436148428798619,4134
freezers,device,13,-5.51171875,0.004039159109040902,6064
freezers,food,14,-5.54296875,0.003914887247820301,2960
freezers,equipment,15,-5.55859375,0.003854192546756996,6682
freezers,refriger,16,-5.62109375,0.00362067882502186,23065
freezers,freezer,17,-5.77734375,0.003096930714663377,51579
freezers,conservation,18,-5.99609375,0.0024884537383830186,19632
freezers,consumer,19,-6.07421875,0.002301443486686963,15630
freezers,mass,20,-6.33984375,0.001764577930596855,5182
freezers,thermo,21,-6.35546875,0.0017372206854909806,40366
freezers,climate,22,-6.52734375,0.0014628864857633064,11662
freezers,machine,23,-6.55859375,0.0014178782002681016,6479
freezers,insulation,24,-6.63671875,0.0013113229708030822,38823
freezers,technology,25,-6.76171875,0.00115723846002175,6178
freezers,thermometer,26,-6.82421875,0.001087124926134582,68572
freezers,household,27,-6.96484375,0.0009445105038643562,13356
freezers,vacuum,28,-7.08984375,0.0008335275941189099,23173
freezers,application,29,-7.12109375,0.0008078826460731563,4724
freezers,phase,30,-7.12109375,0.0008078826460731563,8342
freezers,perpetual,31,-7.12109375,0.0008078826460731563,65462
freezers,weather,32,-7.16796875,0.0007708870062038323,8957
freezers,chemical,33,-7.18359375,0.0007589355109414391,9408
freezers,absorption,34,-7.18359375,0.0007589355109414391,25786
freezers,evaporator,35,-7.18359375,0.0007589355109414391,184989
freezers,ice,36,-7.21484375,0.0007355855200287278,8357
freezers,appliances,37,-7.27734375,0.0006910186463314305,37825
freezers,home,38,-7.37109375,0.0006291796373915728,2078
freezers,memory,39,-7.41796875,0.0006003674040911155,6884
freezers,container,40,-7.43359375,0.0005910595702218895,11254
freezers,thermos,41,-7.46484375,0.0005728745790143598,178351
freezers,preservation,42,-7.52734375,0.0005381658628798603,37513
freezers,compressor,43,-7.52734375,0.0005381658628798603,53953
freezers,resistance,44,-7.54296875,0.0005298223745231636,10942
freezers,electricity,45,-7.54296875,0.0005298223745231636,19080
freezers,store,46,-7.58984375,0.0005055600415496265,4659
freezers,waste,47,-7.62109375,0.0004900055942931395,9007
freezers,product,48,-7.63671875,0.00048240876169431345,3225
freezers,convection,49,-7.63671875,0.00048240876169431345,90999
freezers,Refrigerator,50,-7.65234375,0.0004749297070682428,188820
freezers,insulator,51,-7.66796875,0.0004675666044367073,170711
freezers,metal,52,-7.68359375,0.0004603176561306555,5998
freezers,equilibrium,53,-7.73046875,0.0004392381759431841,25244
freezers,heating,54,-7.80859375,0.0004062289057403044,18074
freezers,potential,55,-7.82421875,0.0003999309103099356,5736
freezers,transportation,56,-7.88671875,0.00037570032136803805,16216
freezers,non,57,-7.93359375,0.0003584957510561482,2173
freezers,example,58,-7.94921875,0.0003529377895963558,3287
freezers,source,59,-7.94921875,0.0003529377895963558,4303
freezers,space,60,-8.03125,0.00032514152788788584,3641
freezers,variable,61,-8.046875,0.00032010067572811824,8792
freezers,atmospheric,62,-8.046875,0.00032010067572811824,41255
freezers,kinetic,63,-8.046875,0.00032010067572811824,45517
freezers,isothermal,64,-8.046875,0.00032010067572811824,203168
freezers,process,65,-8.078125,0.0003102522132940274,2185
freezers,super,66,-8.078125,0.0003102522132940274,2557
freezers,unit,67,-8.078125,0.0003102522132940274,4982
freezers,engine,68,-8.125,0.0002960447300568554,4800
freezers,packaging,69,-8.125,0.0002960447300568554,19102
freezers,HVAC,70,-8.125,0.0002960447300568554,77823
freezers,battery,71,-8.140625,0.00029145498193520206,10780
freezers,distribution,72,-8.15625,0.0002869363912626821,7107
freezers,water,73,-8.171875,0.00028248785484530033,2003
freezers,type,74,-8.1875,0.00027810828659249914,1916
freezers,condensation,75,-8.203125,0.0002737966172519944,71751
freezers,thermodynamics,76,-8.203125,0.0002737966172519944,144275
freezers,kitchen,77,-8.25,0.00026125855730166754,8926
freezers,ref,78,-8.28125,0.0002532204765281185,2279
freezers,computer,79,-8.28125,0.0002532204765281185,6875
freezers,static,80,-8.3125,0.0002454297015009895,2022
freezers,vaccine,81,-8.3125,0.0002454297015009895,21387
freezers,coolant,82,-8.3125,0.0002454297015009895,75553
freezers,method,83,-8.375,0.00023055986759244163,2370
freezers,material,84,-8.375,0.00023055986759244163,2893
freezers,physics,85,-8.375,0.00023055986759244163,23099
freezers,artificial,86,-8.4375,0.00021659095137688503,18225
freezers,measure,87,-8.453125,0.00021323301991815497,4015
freezers,accumulator,88,-8.46875,0.00020992714836132686,138604
freezers,enthalpy,89,-8.5,0.00020346836901064417,138149
freezers,receptacle,90,-8.5,0.00020346836901064417,145256
freezers,therm,91,-8.53125,0.00019720830540981299,26025
freezers,combination,92,-8.578125,0.0001881774796065311,11137
freezers,galvan,93,-8.59375,0.00018526005819728775,53687
freezers,form,94,-8.609375,0.00018238786721464442,1736
freezers,ther,95,-8.65625,0.00017403571868811687,5416
freezers,apparatus,96,-8.6875,0.00016868120253849865,28714
freezers,state,97,-8.703125,0.00016606604288893956,2329
freezers,loss,98,-8.703125,0.00016606604288893956,4783
freezers,Heat,99,-8.703125,0.00016606604288893956,21046
freezers,calor,100,-8.703125,0.00016606604288893956,33992
moccasins,footwear,1,-1.4775390625,0.2281985803845754,62966
moccasins,shoe,2,-1.9775390625,0.13840943550614293,22043
moccasins,shoes,3,-3.2421875,0.039078317712849225,9378
moccasins,sandal,4,-4.6171875,0.009880546055246263,59027
moccasins,foot,5,-4.9140625,0.007342598352649541,4701
moccasins,leather,6,-5.0078125,0.006685511879539377,11720
moccasins,boot,7,-5.6953125,0.0033616864879322562,15147
moccasins,clothing,8,-5.7890625,0.0030608503789735764,14328
moccasins,slip,9,-5.8984375,0.0027437285470889184,19578
moccasins,dance,10,-5.9765625,0.0025375340905626083,11877
moccasins,slipper,11,-6.1171875,0.002204647823661035,113555
moccasins,dress,12,-6.3515625,0.0017440199750102805,5410
moccasins,men,13,-6.6953125,0.001236695346574107,1359
moccasins,sandals,14,-6.7109375,0.001217522162363377,46215
moccasins,mo,15,-6.7265625,0.0011986462308218651,705
moccasins,ankle,16,-6.8359375,0.001074459537113779,37553
moccasins,winter,17,-6.9453125,0.000963139304332677,7830
moccasins,barefoot,18,-7.0546875,0.0008633524925864207,125123
moccasins,house,19,-7.0703125,0.0008499674528310694,3036
moccasins,type,20,-7.3046875,0.0006723795972929537,1916
moccasins,cloth,21,-7.3046875,0.0006723795972929537,17997
moccasins,folk,22,-7.3046875,0.0006723795972929537,21082
moccasins,water,23,-7.3984375,0.0006122085901157691,2003
moccasins,sole,24,-7.3984375,0.0006122085901157691,11456
moccasins,symbol,25,-7.4296875,0.0005933729119721093,10159
moccasins,light,26,-7.4921875,0.0005574222646262701,2611
moccasins,Shoe,27,-7.5078125,0.0005487802334320488,63045
moccasins,women,28,-7.5234375,0.0005402721845128483,3576
moccasins,waterproof,29,-7.5390625,0.0005318960406660279,33073
moccasins,hand,30,-7.6484375,0.0004767885293852017,1634
moccasins,handmade,31,-7.6640625,0.00046939660838477953,34576
moccasins,garment,32,-7.6796875,0.00046211928849723845,57784
moccasins,North,33,-7.7734375,0.00042076440037030485,4612
moccasins,boots,34,-7.7734375,0.00042076440037030485,15571
moccasins,casual,35,-7.8359375,0.0003952715740747437,14044
moccasins,lightweight,36,-7.8359375,0.0003952715740747437,30322
moccasins,Inuit,37,-7.8671875,0.0003831103462370196,192678
moccasins,tool,38,-7.8984375,0.0003713232800446586,7217
moccasins,desert,39,-7.9140625,0.00036556644618112785,21459
moccasins,pant,40,-7.9609375,0.0003488259398006987,11215
moccasins,Shoes,41,-7.9609375,0.0003488259398006987,45101
moccasins,Footwear,42,-7.9609375,0.0003488259398006987,187829
moccasins,non,43,-8.0078125,0.0003328520370207935,2173
moccasins,summer,44,-8.0390625,0.00032261125644370356,6186
moccasins,sport,45,-8.0859375,0.0003078378114152772,7888
moccasins,sneaker,46,-8.1015625,0.0003030652285138832,42105
moccasins,textile,47,-8.2890625,0.0002512498991460061,42704
moccasins,apparel,48,-8.2890625,0.0002512498991460061,49126
moccasins,slippers,49,-8.3515625,0.00023602743728832652,65424
moccasins,food,50,-8.4609375,0.00021157362739219717,2960
moccasins,national,51,-8.4609375,0.00021157362739219717,4975
moccasins,rubber,52,-8.4609375,0.00021157362739219717,17949
moccasins,style,53,-8.4765625,0.00020829348233192797,3411
moccasins,sand,54,-8.5078125,0.0002018849656009158,6154
moccasins,sports,55,-8.5078125,0.0002018849656009158,9028
moccasins,basket,56,-8.5078125,0.0002018849656009158,12220
moccasins,fabric,57,-8.5234375,0.00019875502931906102,9662
moccasins,comfort,58,-8.5234375,0.00019875502931906102,11852
moccasins,american,59,-8.5234375,0.00019875502931906102,21670
moccasins,protection,60,-8.5546875,0.00019263997993535412,6919
moccasins,basketball,61,-8.5546875,0.00019263997993535412,21474
moccasins,fashion,62,-8.6171875,0.00018096851357139753,8012
moccasins,rain,63,-8.6328125,0.00017816285682120578,8980
moccasins,toe,64,-8.6328125,0.00017816285682120578,17297
moccasins,tribal,65,-8.6953125,0.00016736851500600766,39556
moccasins,unisex,66,-8.7265625,0.00016221912714877535,30115
moccasins,bag,67,-8.7734375,0.00015479057247306478,4079
moccasins,US,68,-8.8515625,0.0001431578772487709,2379
moccasins,costume,69,-8.9140625,0.00013448437993214345,22440
moccasins,slide,70,-8.9296875,0.0001323993928760769,9499
moccasins,children,71,-8.9609375,0.00012832589179998424,3069
moccasins,sh,72,-9.1015625,0.00011149146690418283,943
moccasins,evidence,73,-9.1015625,0.00011149146690418283,5820
moccasins,artificial,74,-9.1171875,0.0001097629519236744,18225
moccasins,article,75,-9.1328125,0.00010806123508405339,5078
moccasins,fur,76,-9.1328125,0.00010806123508405339,10749
moccasins,flats,77,-9.1328125,0.00010806123508405339,53413
moccasins,eastern,78,-9.1484375,0.0001063859009186544,21908
moccasins,material,79,-9.1640625,0.00010473654040202565,2893
moccasins,indi,80,-9.1640625,0.00010473654040202565,7626
moccasins,indian,81,-9.1796875,0.00010311275085006726,36756
moccasins,animal,82,-9.1953125,0.00010151413582171762,8205
moccasins,cowboy,83,-9.2109375,9.99403050221641e-05,61895
moccasins,medicine,84,-9.2265625,9.839087420755427e-05,15300
moccasins,sock,85,-9.3203125,8.958591043121772e-05,35613
moccasins,people,86,-9.3515625,8.68296417307572e-05,1461
moccasins,hat,87,-9.3515625,8.68296417307572e-05,3954
moccasins,tennis,88,-9.3828125,8.415817450312395e-05,22560
moccasins,part,89,-9.4453125,7.905928847077063e-05,1702
moccasins,trade,90,-9.4453125,7.905928847077063e-05,6082
moccasins,southwestern,91,-9.4453125,7.905928847077063e-05,99694
moccasins,home,92,-9.4609375,7.783358781165646e-05,2078
moccasins,sho,93,-9.4609375,7.783358781165646e-05,2096
moccasins,boat,94,-9.4765625,7.662688987992337e-05,11390
moccasins,household,95,-9.4765625,7.662688987992337e-05,13356
moccasins,lace,96,-9.4765625,7.662688987992337e-05,24306
moccasins,contemporary,97,-9.4921875,7.543890006559033e-05,19273
moccasins,oxford,98,-9.5546875,7.086828816589593e-05,86286
moccasins,everyday,99,-9.5703125,6.97695771959971e-05,18651
moccasins,artifact,100,-9.5703125,6.97695771959971e-05,70752
swabs,test,1,-2.896484375,0.0552170014962666,2121
swabs,microscope,2,-3.537109375,0.029097315061188303,45106
swabs,tool,3,-3.724609375,0.02412252144659422,7217
swabs,cotton,4,-3.974609375,0.01878663859226434,12278
swabs,instrument,5,-4.34765625,0.012937098399796133,11755
swabs,sample,6,-4.48828125,0.011239945874096815,6453
swabs,cloth,7,-4.61328125,0.009919217419108943,17997
swabs,device,8,-4.80078125,0.008223320070003553,6064
swabs,hand,9,-4.97265625,0.006924729770365621,1634
swabs,culture,10,-5.14453125,0.0058312071018010595,6981
swabs,brush,11,-5.33203125,0.00483424048153342,16141
swabs,probe,12,-5.34765625,0.0047592925296969625,26515
swabs,loop,13,-5.36328125,0.0046855065381531166,10273
swabs,biological,14,-5.37890625,0.004612864492377289,21871
swabs,bacteria,15,-5.39453125,0.004541348657134203,21920
swabs,micro,16,-5.44140625,0.0043333851611276775,6517
swabs,material,17,-5.50390625,0.004070838626565419,2893
swabs,glass,18,-5.51953125,0.004007726123477645,5570
swabs,chemical,19,-5.61328125,0.0036490761609998344,9408
swabs,laboratory,20,-5.66015625,0.003481972797455297,17355
swabs,mechanical,21,-5.67578125,0.003427989812844494,16801
swabs,pollution,22,-5.67578125,0.003427989812844494,21675
swabs,container,23,-5.70703125,0.003322521654055227,11254
swabs,testing,24,-5.87890625,0.0027978437437265785,8603
swabs,thermometer,25,-5.87890625,0.0027978437437265785,68572
swabs,stick,26,-5.91015625,0.0027117631412915152,9288
swabs,textile,27,-5.91015625,0.0027117631412915152,42704
swabs,data,28,-5.92578125,0.0026697211506040907,1423
swabs,evidence,29,-5.97265625,0.0025474657181853546,5820
swabs,microbio,30,-6.00390625,0.0024690884377543943,66582
swabs,pipette,31,-6.01953125,0.002430808769620451,151723
swabs,equipment,32,-6.06640625,0.0023194939316681954,6682
swabs,sponge,33,-6.11328125,0.0022132765712728733,55292
swabs,indicator,34,-6.16015625,0.002111923257942005,25343
swabs,apparatus,35,-6.17578125,0.002079180922672758,28714
swabs,bio,36,-6.19140625,0.0020469462102609476,4364
swabs,artificial,37,-6.20703125,0.0020152112507436266,18225
swabs,tools,38,-6.28515625,0.0018637657336301868,8112
swabs,inoc,39,-6.30078125,0.00183487072417169,41341
swabs,measurement,40,-6.34765625,0.0017508458761963386,13384
swabs,non,41,-6.37890625,0.0016969780116553458,2173
swabs,measure,42,-6.37890625,0.0016969780116553458,4015
swabs,paper,43,-6.37890625,0.0016969780116553458,4368
swabs,micros,44,-6.42578125,0.00161926773072467,19048
swabs,applicator,45,-6.51953125,0.001474360046673147,195339
swabs,specimen,46,-6.58203125,0.0013850330871350402,27967
swabs,nutrient,47,-6.61328125,0.001342420098900651,47438
swabs,surface,48,-6.66015625,0.0012809462069020183,4955
swabs,piece,49,-6.66015625,0.0012809462069020183,6431
swabs,lens,50,-6.66015625,0.0012809462069020183,18522
swabs,utens,51,-6.66015625,0.0012809462069020183,68516
swabs,moist,52,-6.69140625,0.0012415356353058474,14205
swabs,microbial,53,-6.69140625,0.0012415356353058474,71467
swabs,food,54,-6.73828125,0.0011846815792471309,2960
swabs,media,55,-6.78515625,0.0011304310599685174,4562
swabs,tissue,56,-6.78515625,0.0011304310599685174,14976
swabs,yards,57,-6.78515625,0.0011304310599685174,17614
swabs,plastic,58,-6.80078125,0.0011129053508192525,9975
swabs,wet,59,-6.81640625,0.0010956513526058083,10256
swabs,medicine,60,-6.81640625,0.0010956513526058083,15300
swabs,agar,61,-6.81640625,0.0010956513526058083,23041
swabs,business,62,-6.83203125,0.0010786648528405746,2567
swabs,swabs,63,-6.84765625,0.001061941704344509,228507
swabs,standard,64,-6.87890625,0.00102926919292715,5039
swabs,tape,65,-6.87890625,0.00102926919292715,15168
swabs,tests,66,-6.94140625,0.0009669089249872482,7782
swabs,DNA,67,-6.94140625,0.0009669089249872482,11999
swabs,handheld,68,-6.94140625,0.0009669089249872482,97641
swabs,glassware,69,-6.94140625,0.0009669089249872482,172763
swabs,blood,70,-6.95703125,0.0009519183915586755,5330
swabs,alcohol,71,-6.97265625,0.0009371602648094353,12678
swabs,eye,72,-6.98828125,0.0009226309416079341,6312
swabs,household,73,-6.98828125,0.0009226309416079341,13356
swabs,fabric,74,-7.01953125,0.0008942445717626129,9662
swabs,adhesive,75,-7.01953125,0.0008942445717626129,46639
swabs,accessory,76,-7.06640625,0.0008532941313826474,43105
swabs,transport,77,-7.08203125,0.0008400650320638412,6676
swabs,streak,78,-7.08203125,0.0008400650320638412,49891
swabs,mass,79,-7.12890625,0.0008015956534429372,5182
swabs,instruments,80,-7.16015625,0.0007769331479286766,18159
swabs,broom,81,-7.16015625,0.0007769331479286766,93944
swabs,Petri,82,-7.16015625,0.0007769331479286766,103319
swabs,microscopy,83,-7.17578125,0.000764887915927178,54047
swabs,filtration,84,-7.20703125,0.0007413547887659687,58551
swabs,soil,85,-7.23828125,0.0007185456998101666,8360
swabs,plate,86,-7.23828125,0.0007185456998101666,8811
swabs,microp,87,-7.23828125,0.0007185456998101666,138117
swabs,lab,88,-7.25390625,0.0007074056812886669,11859
swabs,liquid,89,-7.30078125,0.0006750112166301211,10177
swabs,rod,90,-7.31640625,0.0006645461377110401,15952
swabs,light,91,-7.34765625,0.0006441002025124334,2611
swabs,collection,92,-7.34765625,0.0006441002025124334,5488
swabs,slide,93,-7.37890625,0.0006242833226079939,9499
swabs,air,94,-7.41015625,0.0006050761440009849,2681
swabs,analytical,95,-7.41015625,0.0006050761440009849,33661
swabs,sterili,96,-7.41015625,0.0006050761440009849,83674
swabs,field,97,-7.42578125,0.0005956953078859412,2725
swabs,sanitary,98,-7.42578125,0.0005956953078859412,61930
swabs,cell,99,-7.44140625,0.0005864599081545489,3027
swabs,ger,100,-7.45703125,0.0005773676900246723,6536
parrots,bird,1,-1.85546875,0.15637962254382412,13170
parrots,birds,2,-4.83984375,0.007908289625315685,13141
parrots,parrot,3,-5.07421875,0.006255972009086598,85197
parrots,animal,4,-5.08984375,0.006158982152951323,8205
parrots,av,5,-5.35546875,0.004722255421393299,2924
parrots,ps,6,-5.49609375,0.0041027666096253345,9516
parrots,song,7,-5.60546875,0.0036776962200442877,5169
parrots,member,8,-6.01171875,0.0024498738390908706,4757
parrots,fish,9,-6.05859375,0.0023376859480440356,5001
parrots,primate,10,-6.13671875,0.002162006074720725,191447
parrots,avi,11,-6.29296875,0.0018492617936226342,35534
parrots,species,12,-6.30859375,0.0018205916469117142,6202
parrots,sea,13,-6.43359375,0.0016066664892709752,4176
parrots,poultry,14,-6.52734375,0.0014628864857633064,50883
parrots,non,15,-6.57421875,0.001395896036271587,2173
parrots,pet,16,-6.96484375,0.0009445105038643562,7327
parrots,seed,17,-6.98046875,0.0009298672257686418,11006
parrots,monkey,18,-7.41796875,0.0006003674040911155,35918
parrots,pigeon,19,-7.52734375,0.0005381658628798603,76305
parrots,fowl,20,-7.60546875,0.0004977220595979135,130591
parrots,order,21,-7.62109375,0.0004900055942931395,2184
parrots,land,22,-7.69921875,0.00045318109235131115,2840
parrots,cor,23,-7.77734375,0.00041912399543313347,1406
parrots,zoo,24,-7.82421875,0.0003999309103099356,22650
parrots,ang,25,-7.83984375,0.00039373055624846115,2639
parrots,water,26,-7.93359375,0.0003584957510561482,2003
parrots,ave,27,-7.94921875,0.0003529377895963558,16314
parrots,mac,28,-7.98046875,0.0003420790353794073,7667
parrots,mon,29,-7.99609375,0.0003367755915052735,1477
parrots,chicken,30,-8.0234375,0.0003276916444969635,12254
parrots,Bird,31,-8.046875,0.00032010067572811824,23912
parrots,tou,32,-8.2421875,0.0002633076335626009,3487
parrots,air,33,-8.28125,0.0002532204765281185,2681
parrots,ray,34,-8.296875,0.00024929465691874434,13120
parrots,tele,35,-8.328125,0.00024162466666302507,5022
parrots,fruit,36,-8.4453125,0.0002149054272209975,9471
parrots,flight,37,-8.4453125,0.0002149054272209975,11247
parrots,part,38,-8.4609375,0.00021157362739219717,1702
parrots,speech,39,-8.4921875,0.0002050641912072321,11360
parrots,par,40,-8.546875,0.0001941508740238353,755
parrots,family,41,-8.546875,0.0001941508740238353,2730
parrots,wood,42,-8.578125,0.0001881774796065311,4656
parrots,greg,43,-8.59375,0.00018526005819728775,86353
parrots,omni,44,-8.6171875,0.00018096851357139753,46329
parrots,group,45,-8.6328125,0.00017816285682120578,2778
parrots,grey,46,-8.6796875,0.0001700041856069086,11455
parrots,plane,47,-8.796875,0.0001512048527237606,10599
parrots,reptile,48,-8.8125,0.00014886063876446985,134397
parrots,beak,49,-8.828125,0.00014655276847396972,100903
parrots,sub,50,-8.921875,0.00013343781418447866,1334
parrots,Avi,51,-8.9453125,0.00013034673054817695,39129
parrots,man,52,-8.953125,0.00012933236424347565,916
parrots,ape,53,-8.953125,0.00012933236424347565,57093
parrots,Darwin,54,-8.9921875,0.00012437771917636007,47542
parrots,migratory,55,-8.9921875,0.00012437771917636007,119528
parrots,synonym,56,-9.03125,0.00011961288358102437,109057
parrots,tool,57,-9.0703125,0.00011503058597079503,7217
parrots,consumer,58,-9.0703125,0.00011503058597079503,15630
parrots,dove,59,-9.0703125,0.00011503058597079503,21758
parrots,cage,60,-9.0703125,0.00011503058597079503,32737
parrots,North,61,-9.09375,0.0001123659053168018,4612
parrots,dinosaur,62,-9.1171875,0.0001097629519236744,63424
parrots,ground,63,-9.1328125,0.00010806123508405339,4216
parrots,Aves,64,-9.1328125,0.00010806123508405339,171364
parrots,example,65,-9.140625,0.00010722029588095494,3287
parrots,Mac,66,-9.140625,0.00010722029588095494,5439
parrots,duck,67,-9.1875,0.00010231032105679591,29828
parrots,con,68,-9.1953125,0.00010151413582171762,632
parrots,ra,69,-9.2421875,9.686546509118452e-05,1051
parrots,crane,70,-9.2421875,9.686546509118452e-05,53827
parrots,Song,71,-9.265625,9.462157900914659e-05,11904
parrots,end,72,-9.2890625,9.242967249221398e-05,1580
parrots,game,73,-9.3125,9.028854143505791e-05,2398
parrots,https,74,-9.3125,9.028854143505791e-05,4009
parrots,meat,75,-9.328125,8.88887473452297e-05,11827
parrots,green,76,-9.34375,8.751065505125259e-05,4433
parrots,feather,77,-9.34375,8.751065505125259e-05,47599
parrots,Passer,78,-9.34375,8.751065505125259e-05,183165
parrots,mes,79,-9.390625,8.350325039323543e-05,3752
parrots,human,80,-9.4296875,8.030429110667905e-05,3515
parrots,amazon,81,-9.453125,7.844404420678988e-05,23816
parrots,type,82,-9.4609375,7.783358781165646e-05,1916
parrots,rodent,83,-9.4765625,7.662688987992337e-05,146234
parrots,insect,84,-9.515625,7.369135982777617e-05,35312
parrots,crow,85,-9.5390625,7.198430131596974e-05,9784
parrots,herb,86,-9.5546875,7.086828816589593e-05,43959
parrots,owl,87,-9.5625,7.031678677199808e-05,45628
parrots,vernacular,88,-9.6015625,6.762299297372325e-05,138265
parrots,austral,89,-9.609375,6.709674666737461e-05,41111
parrots,Str,90,-9.6484375,6.45263106683143e-05,4618
parrots,adaptation,91,-9.6640625,6.35259229460595e-05,31100
parrots,mega,92,-9.6640625,6.35259229460595e-05,33118
parrots,memory,93,-9.6796875,6.25410447978757e-05,6884
parrots,Austral,94,-9.703125,6.109228305553586e-05,6175
parrots,vector,95,-9.7109375,6.0616859136975e-05,4301
parrots,ce,96,-9.7265625,5.967708184281062e-05,2906
parrots,nature,97,-9.7265625,5.967708184281062e-05,4460
parrots,tree,98,-9.7265625,5.967708184281062e-05,5421
parrots,anthropo,99,-9.7421875,5.875187444512721e-05,48925
parrots,sem,100,-9.75,5.829466373086881e-05,3032
peanut butter,nut,1,-1.43359375,0.23845044929695142,16621
peanut butter,food,2,-1.48046875,0.227531008222499,2960
peanut butter,fruit,3,-3.10546875,0.04480351198999153,9471
peanut butter,oil,4,-3.35546875,0.03489301022215448,4684
peanut butter,protein,5,-3.38671875,0.033819465158234925,9646
peanut butter,vegetable,6,-3.66796875,0.025528271619523153,26771
peanut butter,snack,7,-4.43359375,0.011871748821495196,31755
peanut butter,nuts,8,-4.48046875,0.01132810186218257,22606
peanut butter,grain,9,-4.68359375,0.009245727278607486,17258
peanut butter,seed,10,-4.69921875,0.009102385563312781,11006
peanut butter,tree,11,-4.91796875,0.007313972274543236,5421
peanut butter,carbohydrate,12,-4.96484375,0.006979041099082982,93277
peanut butter,cereal,13,-5.10546875,0.006063495985160476,57289
peanut butter,butter,14,-5.15234375,0.0057858282881175374,10605
peanut butter,sandwich,15,-5.18359375,0.0056078170658168894,34176
peanut butter,plant,16,-5.19921875,0.005520875920674851,4829
peanut butter,bean,17,-5.26171875,0.00518638295805433,24328
peanut butter,animal,18,-5.38671875,0.004576966896100478,8205
peanut butter,meat,19,-5.38671875,0.004576966896100478,11827
peanut butter,peanut,20,-5.63671875,0.00356454540277495,54154
peanut butter,legumes,21,-5.76171875,0.0031457002770710523,102871
peanut butter,salad,22,-6.15234375,0.0021284872773466024,23216
peanut butter,energy,23,-6.21484375,0.001999528752371688,4134
peanut butter,bread,24,-6.32421875,0.0017923659896263912,11843
peanut butter,candy,25,-6.37109375,0.0017102875751579636,25720
peanut butter,lipid,26,-6.37109375,0.0017102875751579636,53979
peanut butter,nutrient,27,-6.43359375,0.0016066664892709752,47438
peanut butter,fish,28,-6.51171875,0.0014859235958365076,5001
peanut butter,dairy,29,-6.51171875,0.0014859235958365076,31062
peanut butter,milk,30,-6.65234375,0.0012909927925189818,9512
peanut butter,calorie,31,-6.65234375,0.0012909927925189818,78058
peanut butter,mon,32,-6.68359375,0.0012512731199788203,1477
peanut butter,cheese,33,-6.76171875,0.00115723846002175,13624
peanut butter,crop,34,-6.79296875,0.001121633975667304,14899
peanut butter,foods,35,-6.80859375,0.0011042446526686718,16512
peanut butter,product,36,-6.83984375,0.0010702706163592639,3225
peanut butter,condi,37,-6.85546875,0.0010536776084372776,26322
peanut butter,paste,38,-6.87109375,0.0010373418512588798,21299
peanut butter,flour,39,-6.93359375,0.0009744924856757053,16251
peanut butter,non,40,-6.94921875,0.0009593843800362759,2173
peanut butter,cream,41,-6.98046875,0.0009298672257686418,9450
peanut butter,cash,42,-7.19921875,0.0007471693064387259,9852
peanut butter,nutrition,43,-7.23046875,0.000724181323581053,24539
peanut butter,allergy,44,-7.26171875,0.000701900606601824,72336
peanut butter,beans,45,-7.32421875,0.000659374598638456,22604
peanut butter,spice,46,-7.32421875,0.000659374598638456,45785
peanut butter,complex,47,-7.41796875,0.0006003674040911155,5766
peanut butter,vitamin,48,-7.41796875,0.0006003674040911155,23042
peanut butter,glue,49,-7.43359375,0.0005910595702218895,29667
peanut butter,liquid,50,-7.46484375,0.0005728745790143598,10177
peanut butter,seeds,51,-7.49609375,0.0005552490811673618,15741
peanut butter,staple,52,-7.51171875,0.0005466407420597946,64965
peanut butter,pesticide,53,-7.51171875,0.0005466407420597946,94250
peanut butter,medicine,54,-7.54296875,0.0005298223745231636,15300
peanut butter,starch,55,-7.54296875,0.0005298223745231636,57634
peanut butter,money,56,-7.63671875,0.00048240876169431345,3370
peanut butter,jam,57,-7.65234375,0.0004749297070682428,15247
peanut butter,cookie,58,-7.65234375,0.0004749297070682428,17467
peanut butter,source,59,-7.68359375,0.0004603176561306555,4303
peanut butter,dessert,60,-7.69921875,0.00045318109235131115,35528
peanut butter,ingredient,61,-7.74609375,0.00043242841921281946,38152
peanut butter,lubricant,62,-7.74609375,0.00043242841921281946,124151
peanut butter,cake,63,-7.77734375,0.00041912399543313347,11514
peanut butter,soybean,64,-7.85546875,0.0003876263297667675,94637
peanut butter,ground,65,-7.88671875,0.00037570032136803805,4216
peanut butter,fossil,66,-7.90234375,0.0003698756277686204,40086
peanut butter,chocolate,67,-7.91796875,0.0003641412376733455,13171
peanut butter,meal,68,-7.96484375,0.00034746599634217677,13805
peanut butter,Nut,69,-7.96484375,0.00034746599634217677,35494
peanut butter,margarine,70,-7.96484375,0.00034746599634217677,138445
peanut butter,fluid,71,-8.078125,0.0003102522132940274,14721
peanut butter,corn,72,-8.125,0.0002960447300568554,15025
peanut butter,substance,73,-8.171875,0.00028248785484530033,16089
peanut butter,confection,74,-8.171875,0.00028248785484530033,104179
peanut butter,macro,75,-8.203125,0.0002737966172519944,22620
peanut butter,grease,76,-8.203125,0.0002737966172519944,51625
peanut butter,Food,77,-8.21875,0.000269551794148722,8777
peanut butter,sugar,78,-8.21875,0.000269551794148722,9347
peanut butter,vegetables,79,-8.21875,0.000269551794148722,19574
peanut butter,cracker,80,-8.234375,0.00026537278092783216,134630
peanut butter,compound,81,-8.25,0.00026125855730166754,16301
peanut butter,carbohydrates,82,-8.3125,0.0002454297015009895,72780
peanut butter,capital,83,-8.34375,0.00023787862342236765,6037
peanut butter,mac,84,-8.359375,0.00023419065719907224,7667
peanut butter,mixture,85,-8.359375,0.00023419065719907224,14531
peanut butter,fats,86,-8.359375,0.00023419065719907224,61926
peanut butter,arach,87,-8.3984375,0.00022521895401214571,158280
peanut butter,leg,88,-8.4140625,0.0002217272577710424,2590
peanut butter,seafood,89,-8.4140625,0.0002217272577710424,45962
peanut butter,fungus,90,-8.4140625,0.0002217272577710424,65567
peanut butter,breakfast,91,-8.4765625,0.00020829348233192797,14457
peanut butter,agriculture,92,-8.4921875,0.0002050641912072321,20630
peanut butter,allergen,93,-8.5,0.00020346836901064417,217622
peanut butter,sand,94,-8.515625,0.00020031388433428086,6154
peanut butter,dal,95,-8.546875,0.0001941508740238353,4068
peanut butter,fertilizer,96,-8.5625,0.00019114084371795175,46905
peanut butter,fruits,97,-8.578125,0.0001881774796065311,16803
peanut butter,soup,98,-8.59375,0.00018526005819728775,21078
peanut butter,soy,99,-8.625,0.00017956020542583297,20527
peanut butter,noun,100,-8.625,0.00017956020542583297,46486
cinnamon,spice,1,-1.4736328125,0.22909172437536865,45785
cinnamon,fruit,2,-3.12890625,0.04376563975259378,9471
cinnamon,plant,3,-3.30078125,0.03685436367962658,4829
cinnamon,tree,4,-3.61328125,0.026963228462898267,5421
cinnamon,food,5,-3.97265625,0.018823367101774246,2960
cinnamon,spices,6,-4.03515625,0.01768291694154016,47305
cinnamon,flower,7,-4.25390625,0.014208622931196246,10377
cinnamon,herb,8,-4.30078125,0.013557962715190126,43959
cinnamon,nut,9,-4.36328125,0.012736527279787664,16621
cinnamon,animal,10,-4.53515625,0.010725231278196056,8205
cinnamon,vegetable,11,-4.66015625,0.00946498338251144,26771
cinnamon,fish,12,-4.89453125,0.007487418128682623,5001
cinnamon,sugar,13,-5.01953125,0.006607623306918162,9347
cinnamon,grain,14,-5.05078125,0.006404328109965567,17258
cinnamon,insect,15,-5.14453125,0.0058312071018010595,35312
cinnamon,oil,16,-5.17578125,0.005651799720180069,4684
cinnamon,seed,17,-5.31640625,0.004910368691874568,11006
cinnamon,plants,18,-5.39453125,0.004541348657134203,7652
cinnamon,root,19,-5.44140625,0.0043333851611276775,6880
cinnamon,bread,20,-5.47265625,0.004200060915951573,11843
cinnamon,mineral,21,-5.47265625,0.004200060915951573,19370
cinnamon,cereal,22,-5.55078125,0.0038844213535535782,57289
cinnamon,trees,23,-5.58203125,0.003764910272573713,8195
cinnamon,stick,24,-5.59765625,0.0037065407489938816,9288
cinnamon,carbohydrate,25,-5.66015625,0.003481972797455297,93277
cinnamon,pepper,26,-5.75390625,0.003170372310126471,17682
cinnamon,bark,27,-5.75390625,0.003170372310126471,28115
cinnamon,tea,28,-5.80078125,0.003025190391926813,1763
cinnamon,drug,29,-5.86328125,0.002841903371673867,10471
cinnamon,fruits,30,-5.91015625,0.0027117631412915152,16803
cinnamon,nuts,31,-5.98828125,0.0025079709229469055,22606
cinnamon,rice,32,-6.00390625,0.0024690884377543943,12463
cinnamon,leaf,33,-6.19140625,0.0020469462102609476,12325
cinnamon,essential,34,-6.20703125,0.0020152112507436266,8727
cinnamon,cookie,35,-6.25390625,0.001922928008795674,17467
cinnamon,bulb,36,-6.30078125,0.00183487072417169,35386
cinnamon,aromatic,37,-6.33203125,0.001778417686834879,62052
cinnamon,alcohol,38,-6.34765625,0.0017508458761963386,12678
cinnamon,Spice,39,-6.34765625,0.0017508458761963386,77952
cinnamon,rhiz,40,-6.34765625,0.0017508458761963386,134051
cinnamon,medicine,41,-6.36328125,0.0017237015268609076,15300
cinnamon,cake,42,-6.37890625,0.0016969780116553458,11514
cinnamon,apple,43,-6.37890625,0.0016969780116553458,15491
cinnamon,flavor,44,-6.39453125,0.0016706688061512104,22150
cinnamon,bacteria,45,-6.42578125,0.00161926773072467,21920
cinnamon,orchid,46,-6.44140625,0.0015941633114562707,88089
cinnamon,fungus,47,-6.47265625,0.0015451160626462808,65567
cinnamon,brown,48,-6.51953125,0.001474360046673147,8426
cinnamon,shrub,49,-6.59765625,0.0013635601394190483,42044
cinnamon,pastry,50,-6.62890625,0.001321607804332139,68588
cinnamon,bird,51,-6.64453125,0.0013011181744835318,13170
cinnamon,wood,52,-6.67578125,0.0012610869766906297,4656
cinnamon,dog,53,-6.72265625,0.0012033375995251293,5929
cinnamon,condi,54,-6.72265625,0.0012033375995251293,26322
cinnamon,spicy,55,-6.72265625,0.0012033375995251293,44669
cinnamon,flavour,56,-6.72265625,0.0012033375995251293,46849
cinnamon,chemical,57,-6.73828125,0.0011846815792471309,9408
cinnamon,snack,58,-6.76953125,0.0011482327588782399,31755
cinnamon,dessert,59,-6.83203125,0.0010786648528405746,35528
cinnamon,animals,60,-6.84765625,0.001061941704344509,8398
cinnamon,insects,61,-6.84765625,0.001061941704344509,31029
cinnamon,sweetener,62,-6.84765625,0.001061941704344509,203712
cinnamon,nutrient,63,-6.86328125,0.0010454778242346197,47438
cinnamon,flowers,64,-6.87890625,0.00102926919292715,9148
cinnamon,beverage,65,-6.95703125,0.0009519183915586755,51877
cinnamon,nutmeg,66,-6.95703125,0.0009519183915586755,125548
cinnamon,powder,67,-6.97265625,0.0009371602648094353,13196
cinnamon,worm,68,-7.00390625,0.0009083268746839561,47420
cinnamon,grass,69,-7.03515625,0.0008803805947117196,10996
cinnamon,mon,70,-7.05078125,0.0008667315587023905,1477
cinnamon,salt,71,-7.05078125,0.0008667315587023905,9193
cinnamon,flour,72,-7.05078125,0.0008667315587023905,16251
cinnamon,ray,73,-7.06640625,0.0008532941313826474,13120
cinnamon,biscuit,74,-7.08203125,0.0008400650320638412,79500
cinnamon,seeds,75,-7.09765625,0.0008270410309196858,15741
cinnamon,forest,76,-7.11328125,0.0008142189481977105,9309
cinnamon,reptile,77,-7.11328125,0.0008142189481977105,134397
cinnamon,vegetables,78,-7.14453125,0.0007891680647335938,19574
cinnamon,coffee,79,-7.19140625,0.0007530294279387991,8423
cinnamon,alkali,80,-7.19140625,0.0007530294279387991,87635
cinnamon,crustace,81,-7.20703125,0.0007413547887659687,177450
cinnamon,ginger,82,-7.22265625,0.0007298611480969934,35812
cinnamon,compound,83,-7.23828125,0.0007185456998101666,16301
cinnamon,bacterium,84,-7.25390625,0.0007074056812886669,154271
cinnamon,crop,85,-7.28515625,0.0006856410965623564,14899
cinnamon,cinnamon,86,-7.28515625,0.0006856410965623564,46602
cinnamon,vitamin,87,-7.31640625,0.0006645461377110401,23042
cinnamon,grains,88,-7.31640625,0.0006645461377110401,29907
cinnamon,medicinal,89,-7.31640625,0.0006645461377110401,57999
cinnamon,cash,90,-7.37890625,0.0006242833226079939,9852
cinnamon,lipid,91,-7.37890625,0.0006242833226079939,53979
cinnamon,fiber,92,-7.41015625,0.0006050761440009849,20149
cinnamon,moll,93,-7.42578125,0.0005956953078859412,163976
cinnamon,car,94,-7.45703125,0.0005773676900246723,1226
cinnamon,micro,95,-7.45703125,0.0005773676900246723,6517
cinnamon,fibre,96,-7.50390625,0.0005509280985367745,37202
cinnamon,moth,97,-7.50390625,0.0005509280985367745,64133
cinnamon,carbohydrates,98,-7.50390625,0.0005509280985367745,72780
cinnamon,substance,99,-7.53515625,0.0005339778229086999,16089
cinnamon,currency,100,-7.53515625,0.0005339778229086999,18968
costumes,clothing,1,-2.29296875,0.10096627285877,14328
costumes,art,2,-3.38671875,0.033819465158234925,3096
costumes,dress,3,-3.48046875,0.030792973442903954,5410
costumes,disguise,4,-3.58984375,0.027602642999289145,72684
costumes,expression,5,-4.49609375,0.011152475921353074,6887
costumes,drama,6,-4.54296875,0.010641766866215967,17046
costumes,performance,7,-4.58984375,0.010154444881433316,4665
costumes,theatre,8,-4.60546875,0.009997014805538907,25506
costumes,uniform,9,-4.74609375,0.008685556980734761,12876
costumes,folk,10,-4.82421875,0.008032827065754268,21082
costumes,non,11,-4.87109375,0.007664977132720437,2173
costumes,visual,12,-4.93359375,0.00720057964464416,9095
costumes,public,13,-4.96484375,0.006979041099082982,2294
costumes,literature,14,-4.96484375,0.006979041099082982,12339
costumes,costume,15,-4.96484375,0.006979041099082982,22440
costumes,fashion,16,-4.99609375,0.006764318578007539,8012
costumes,symbol,17,-5.15234375,0.0057858282881175374,10159
costumes,mask,18,-5.19921875,0.005520875920674851,8945
costumes,form,19,-5.41796875,0.004436148428798619,1736
costumes,apparel,20,-5.48046875,0.004167375782592899,49126
costumes,decoration,21,-5.69921875,0.00334858051435851,25265
costumes,theater,22,-5.71484375,0.003296665585411691,28501
costumes,nonverbal,23,-5.80859375,0.0030016481735223206,221265
costumes,clothes,24,-5.82421875,0.0029551119319765166,12565
costumes,attire,25,-5.82421875,0.0029551119319765166,69133
costumes,props,26,-5.83984375,0.0029092971679830493,18380
costumes,communication,27,-5.88671875,0.002776070750974707,9228
costumes,material,28,-5.98046875,0.002527641182686523,2893
costumes,body,29,-6.10546875,0.00223063551456612,2971
costumes,music,30,-6.15234375,0.0021284872773466024,4296
costumes,accessory,31,-6.21484375,0.001999528752371688,43105
costumes,jewelry,32,-6.26171875,0.001907963664310119,25362
costumes,dance,33,-6.27734375,0.0018783834294490952,11877
costumes,self,34,-6.41796875,0.0016319678049400079,2011
costumes,human,35,-6.41796875,0.0016319678049400079,3515
costumes,makeup,36,-6.41796875,0.0016319678049400079,21598
costumes,jewellery,37,-6.41796875,0.0016319678049400079,51225
costumes,stage,38,-6.52734375,0.0014628864857633064,6325
costumes,advertisement,39,-6.54296875,0.0014402065329773381,52351
costumes,speech,40,-6.58984375,0.0013742546741393497,11360
costumes,language,41,-6.60546875,0.0013529488302282185,5255
costumes,character,42,-6.68359375,0.0012512731199788203,3285
costumes,national,43,-6.79296875,0.001121633975667304,4975
costumes,media,44,-6.83984375,0.0010702706163592639,4562
costumes,masks,45,-6.91796875,0.0009898385093600414,27503
costumes,role,46,-6.94921875,0.0009593843800362759,4731
costumes,tool,47,-6.96484375,0.0009445105038643562,7217
costumes,entertainment,48,-6.98046875,0.0009298672257686418,19448
costumes,design,49,-7.08984375,0.0008335275941189099,2480
costumes,business,50,-7.08984375,0.0008335275941189099,2567
costumes,tradition,51,-7.08984375,0.0008335275941189099,12336
costumes,symbols,52,-7.12109375,0.0008078826460731563,22013
costumes,type,53,-7.15234375,0.0007830267101307929,1916
costumes,cloth,54,-7.15234375,0.0007830267101307929,17997
costumes,garment,55,-7.21484375,0.0007355855200287278,57784
costumes,presentation,56,-7.24609375,0.0007129539328114074,14446
costumes,artificial,57,-7.26171875,0.000701900606601824,18225
costumes,symbolism,58,-7.27734375,0.0006910186463314305,100773
costumes,culture,59,-7.30859375,0.0006697582376672773,6981
costumes,dram,60,-7.30859375,0.0006697582376672773,34647
costumes,folklore,61,-7.37109375,0.0006291796373915728,96314
costumes,property,62,-7.38671875,0.0006194251112483582,4227
costumes,food,63,-7.44921875,0.0005818960409413982,2960
costumes,representation,64,-7.44921875,0.0005818960409413982,15055
costumes,sculpture,65,-7.52734375,0.0005381658628798603,34102
costumes,sign,66,-7.54296875,0.0005298223745231636,2035
costumes,heritage,67,-7.54296875,0.0005298223745231636,25949
costumes,fabric,68,-7.60546875,0.0004977220595979135,9662
costumes,everyday,69,-7.68359375,0.0004603176561306555,18651
costumes,vehicle,70,-7.69921875,0.00045318109235131115,8692
costumes,identification,71,-7.69921875,0.00045318109235131115,17971
costumes,statement,72,-7.71484375,0.0004461551707380848,6218
costumes,product,73,-7.73046875,0.0004392381759431841,3225
costumes,protection,74,-7.73046875,0.0004392381759431841,6919
costumes,people,75,-7.74609375,0.00043242841921281946,1461
costumes,mode,76,-7.74609375,0.00043242841921281946,4058
costumes,technology,77,-7.76171875,0.0004257242379749019,6178
costumes,magic,78,-7.82421875,0.0003999309103099356,11908
costumes,outfit,79,-7.82421875,0.0003999309103099356,20321
costumes,fiction,80,-7.82421875,0.0003999309103099356,26922
costumes,garb,81,-7.82421875,0.0003999309103099356,155286
costumes,metaphor,82,-7.83984375,0.00039373055624846115,53622
costumes,evidence,83,-7.85546875,0.0003876263297667675,5820
costumes,world,84,-7.88671875,0.00037570032136803805,2134
costumes,armour,85,-7.88671875,0.00037570032136803805,37050
costumes,way,86,-7.90234375,0.0003698756277686204,1703
costumes,dra,87,-7.91796875,0.0003641412376733455,3324
costumes,behaviour,88,-7.93359375,0.0003584957510561482,16612
costumes,ad,89,-7.96484375,0.00034746599634217677,835
costumes,behavior,90,-7.96484375,0.00034746599634217677,8409
costumes,improvisation,91,-7.98046875,0.0003420790353794073,184198
costumes,person,92,-7.99609375,0.0003367755915052735,1552
costumes,plastic,93,-7.99609375,0.0003367755915052735,9975
costumes,science,94,-8.0546875,0.00031760963250666423,8042
costumes,disgu,95,-8.0703125,0.0003126855515614081,47290
costumes,uniforms,96,-8.0859375,0.0003078378114152772,65067
costumes,source,97,-8.1015625,0.0003030652285138832,4303
costumes,arts,98,-8.1171875,0.00029836663765214793,15279
costumes,head,99,-8.1328125,0.0002937408916898234,2206
costumes,architecture,100,-8.1328125,0.0002937408916898234,16333
ties,business,1,-4.3671875,0.012686872265690001,2567
ties,bond,2,-4.3828125,0.01249018054231454,12429
ties,asset,3,-4.7265625,0.008856864242314539,17827
ties,tie,4,-4.8203125,0.008064266661963712,10985
ties,trade,5,-4.8515625,0.00781615526045484,6082
ties,contract,6,-4.8515625,0.00781615526045484,7613
ties,clothing,7,-4.9765625,0.006897732807471687,14328
ties,knot,8,-5.1015625,0.0060872278374499095,28508
ties,money,9,-5.1796875,0.005629765441242194,3370
ties,measurement,10,-5.1796875,0.005629765441242194,13384
ties,currency,11,-5.1953125,0.005542484018079121,18968
ties,insurance,12,-5.2578125,0.005206681887018447,9490
ties,bonds,13,-5.2890625,0.005046489126244284,20345
ties,cloth,14,-5.3046875,0.004968250564174034,17997
ties,government,15,-5.3515625,0.004740737806540044,3838
ties,market,16,-5.3984375,0.0045236436166126584,3952
ties,investment,17,-5.3984375,0.0045236436166126584,9245
ties,non,18,-5.4140625,0.0044535110228374215,2173
ties,measure,19,-5.4296875,0.004384465734147754,4015
ties,evidence,20,-5.4609375,0.004249569904958726,5820
ties,income,21,-5.5546875,0.0038692774298736865,8316
ties,interest,22,-5.6484375,0.0035230171909539,3273
ties,vote,23,-5.6484375,0.0035230171909539,8744
ties,cash,24,-5.6484375,0.0035230171909539,9852
ties,balance,25,-5.6640625,0.003468397872002917,7739
ties,debt,26,-5.8046875,0.00301339629230614,13040
ties,restraint,27,-5.8046875,0.00301339629230614,64659
ties,relationship,28,-5.8203125,0.002966677913060703,6843
ties,constraint,29,-5.8359375,0.0029206838351509027,36025
ties,uncertainty,30,-5.9140625,0.0027011909787190663,25623
ties,agreement,31,-5.9296875,0.0026593128942200726,9352
ties,public,32,-5.9453125,0.002618084069242202,2294
ties,accounting,33,-5.9765625,0.0025375340905626083,23922
ties,garment,34,-5.9765625,0.0025375340905626083,57784
ties,form,35,-6.0078125,0.002459462374189985,1736
ties,capital,36,-6.0703125,0.0023104510818123167,6037
ties,textile,37,-6.0703125,0.0023104510818123167,42704
ties,dress,38,-6.1640625,0.002103689649451823,5410
ties,ties,39,-6.1796875,0.0020710749644504765,23572
ties,line,40,-6.1953125,0.002038965923272597,2017
ties,force,41,-6.2109375,0.002007354686637315,5097
ties,assets,42,-6.2109375,0.002007354686637315,14310
ties,footwear,43,-6.2109375,0.002007354686637315,62966
ties,fabric,44,-6.2265625,0.0019762335368005445,9662
ties,security,45,-6.2578125,0.0019154312229538169,6206
ties,exchange,46,-6.3046875,0.0018277172411480466,10036
ties,test,47,-6.3671875,0.0017169814514638826,2121
ties,connection,48,-6.4453125,0.0015879482577006087,6653
ties,partnership,49,-6.4609375,0.0015633294018551952,18795
ties,data,50,-6.4765625,0.0015390922259922361,1423
ties,credit,51,-6.4765625,0.0015390922259922361,6927
ties,problem,52,-6.4921875,0.0015152308127120793,3210
ties,payment,53,-6.4921875,0.0015152308127120793,7984
ties,monopoly,54,-6.5078125,0.0014917393363558513,60423
ties,shoe,55,-6.5234375,0.001468612061583148,22043
ties,tool,56,-6.5390625,0.0014458433419717767,7217
ties,uniform,57,-6.5390625,0.0014458433419717767,12876
ties,quadrilateral,58,-6.5390625,0.0014458433419717767,204411
ties,network,59,-6.5703125,0.0014013594188853921,6011
ties,shoes,60,-6.5859375,0.0013796333548566381,9378
ties,apparel,61,-6.5859375,0.0013796333548566381,49126
ties,fastener,62,-6.5859375,0.0013796333548566381,206077
ties,instrument,63,-6.6171875,0.001337186498919149,11755
ties,equilibrium,64,-6.6171875,0.001337186498919149,25244
ties,democracy,65,-6.6171875,0.001337186498919149,25886
ties,accessory,66,-6.6171875,0.001337186498919149,43105
ties,pants,67,-6.6328125,0.0013164553437976388,16908
ties,collateral,68,-6.6328125,0.0013164553437976388,61842
ties,equity,69,-6.6484375,0.0012960455954455052,23505
ties,string,70,-6.6796875,0.0012561704645024665,2067
ties,game,71,-6.6796875,0.0012561704645024665,2398
ties,fashion,72,-6.6796875,0.0012561704645024665,8012
ties,collar,73,-6.6796875,0.0012561704645024665,26000
ties,contracts,74,-6.6953125,0.001236695346574107,20078
ties,friction,75,-6.6953125,0.001236695346574107,30562
ties,consumer,76,-6.7265625,0.0011986462308218651,15630
ties,belt,77,-6.7265625,0.0011986462308218651,16716
ties,inflation,78,-6.7265625,0.0011986462308218651,21966
ties,product,79,-6.7421875,0.0011800629434740885,3225
ties,property,80,-6.7578125,0.0011617677632923549,4227
ties,variable,81,-6.7734375,0.001143756223589066,8792
ties,state,82,-6.7890625,0.0011260239269261967,2329
ties,price,83,-6.7890625,0.0011260239269261967,3712
ties,art,84,-6.8046875,0.001108566544041679,3096
ties,risk,85,-6.8046875,0.001108566544041679,5685
ties,bridge,86,-6.8046875,0.001108566544041679,12261
ties,unemployment,87,-6.8046875,0.001108566544041679,30985
ties,index,88,-6.8203125,0.0010913798127924323,3921
ties,interdependence,89,-6.8203125,0.0010913798127924323,165354
ties,net,90,-6.8671875,0.0010414018924707435,3117
ties,symmetry,91,-6.8671875,0.0010414018924707435,38592
ties,tariff,92,-6.8984375,0.0010093613246292047,52894
ties,stock,93,-6.9140625,0.0009937126277485115,2306
ties,shirt,94,-6.9453125,0.000963139304332677,5798
ties,international,95,-6.9453125,0.000963139304332677,6191
ties,closure,96,-6.9453125,0.000963139304332677,26470
ties,land,97,-6.9921875,0.0009190339444511671,2840
ties,budget,98,-6.9921875,0.0009190339444511671,8947
ties,failure,99,-6.9921875,0.0009190339444511671,9633
ties,clothes,100,-6.9921875,0.0009190339444511671,12565
muffs,shoe,1,-3.283203125,0.03750792162429372,22043
muffs,footwear,2,-3.283203125,0.03750792162429372,62966
muffs,hat,3,-4.140625,0.015912902831605506,3954
muffs,coat,4,-4.296875,0.013611027080910821,13618
muffs,shoes,5,-4.4375,0.011825465259096618,9378
muffs,jacket,6,-4.625,0.009803655035821828,12350
muffs,winter,7,-4.9375,0.007172507245008699,7830
muffs,women,8,-5.015625,0.006633484813330926,3576
muffs,garment,9,-5.0625,0.006329715427485747,57784
muffs,clothing,10,-5.171875,0.0056739202388473575,14328
muffs,boot,11,-5.1875,0.0055859542589981,15147
muffs,muff,12,-5.203125,0.005499352065258816,52059
muffs,boots,13,-5.40625,0.004488440342699523,15571
muffs,foot,14,-5.5,0.004086771438464067,4701
muffs,glove,15,-5.53125,0.003961034699868069,53535
muffs,gloves,16,-5.578125,0.0037796457147493746,25026
muffs,rain,17,-5.59375,0.0037210477393135196,8980
muffs,pants,18,-5.609375,0.0036633582412811897,16908
muffs,head,19,-5.625,0.0036065631360157305,2206
muffs,fur,20,-5.6875,0.0033880525218347116,10749
muffs,leather,21,-5.765625,0.003133436353933003,11720
muffs,instrument,22,-5.828125,0.0029435910423792925,11755
muffs,men,23,-5.859375,0.002853026266980875,1359
muffs,umbrella,24,-5.859375,0.002853026266980875,43562
muffs,mitten,25,-5.90625,0.00272237668213834,110876
muffs,protection,26,-5.953125,0.0025977099773754862,6919
muffs,dress,27,-5.96875,0.0025574362170995664,5410
muffs,trousers,28,-6.09375,0.002256929540148032,44002
muffs,music,29,-6.125,0.002187491118182885,4296
muffs,helmet,30,-6.171875,0.0020873186067185026,30574
muffs,cape,31,-6.171875,0.0020873186067185026,55731
muffs,outerwear,32,-6.1875,0.002054957731209459,139536
muffs,mittens,33,-6.21875,0.0019917333285323136,183339
muffs,raincoat,34,-6.296875,0.0018420522051362717,195336
muffs,hand,35,-6.34375,0.0017576984932042732,1634
muffs,cap,36,-6.34375,0.0017576984932042732,1983
muffs,accessory,37,-6.34375,0.0017576984932042732,43105
muffs,wind,38,-6.375,0.001703619795802574,6785
muffs,purse,39,-6.375,0.001703619795802574,45189
muffs,hats,40,-6.40625,0.0016512049250036575,39797
muffs,weather,41,-6.421875,0.0016256053654318836,8957
muffs,mu,42,-6.453125,0.0015755907463196439,1150
muffs,hood,43,-6.453125,0.0015755907463196439,27623
muffs,mask,44,-6.46875,0.0015511634759303816,8945
muffs,sweater,45,-6.484375,0.0015271149152663852,26147
muffs,earring,46,-6.484375,0.0015271149152663852,101491
muffs,sock,47,-6.53125,0.001457183231848157,35613
muffs,wool,48,-6.5625,0.0014123504170288816,23834
muffs,shawl,49,-6.578125,0.0013904539533680367,107936
muffs,muffler,50,-6.578125,0.0013904539533680367,163839
muffs,water,51,-6.625,0.0013267804310269915,2003
muffs,skirt,52,-6.625,0.0013267804310269915,23210
muffs,blanket,53,-6.625,0.0013267804310269915,29863
muffs,snow,54,-6.65625,0.001285959688604209,8529
muffs,suit,55,-6.65625,0.001285959688604209,9460
muffs,cloth,56,-6.65625,0.001285959688604209,17997
muffs,waterproof,57,-6.6875,0.0012463948683920495,33073
muffs,noise,58,-6.734375,0.001189318291849483,11277
muffs,muzzle,59,-6.734375,0.001189318291849483,105566
muffs,shell,60,-6.765625,0.001152726814831155,14768
muffs,safety,61,-6.78125,0.0011348554420418653,6514
muffs,bag,62,-6.8125,0.0010999396107533182,4079
muffs,income,63,-6.8125,0.0010999396107533182,8316
muffs,blouse,64,-6.8125,0.0010999396107533182,46295
muffs,roller,65,-6.828125,0.0010828866277077577,29751
muffs,slipper,66,-6.84375,0.0010660980266590896,113555
muffs,marine,67,-6.90625,0.0010015064124832178,18441
muffs,folk,68,-6.9375,0.0009706932995199089,21082
muffs,light,69,-6.96875,0.0009408282063781959,2611
muffs,ankle,70,-6.984375,0.0009262420170135229,37553
muffs,fish,71,-7.0,0.0009118819655545162,5001
muffs,electric,72,-7.03125,0.00088382630693505,6038
muffs,costume,73,-7.03125,0.00088382630693505,22440
muffs,socks,74,-7.03125,0.00088382630693505,28931
muffs,coats,75,-7.03125,0.00088382630693505,47659
muffs,female,76,-7.046875,0.0008701238501092051,8914
muffs,device,77,-7.0625,0.0008566338301859405,6064
muffs,neck,78,-7.0625,0.0008566338301859405,8935
muffs,ski,79,-7.078125,0.0008433529536363545,14585
muffs,fishing,80,-7.09375,0.0008302779779929784,15190
muffs,pant,81,-7.203125,0.0007442563693696527,11215
muffs,tax,82,-7.234375,0.0007213580081637692,4093
muffs,vest,83,-7.234375,0.0007213580081637692,27276
muffs,handbag,84,-7.234375,0.0007213580081637692,86119
muffs,trouser,85,-7.234375,0.0007213580081637692,166236
muffs,shirt,86,-7.25,0.000710174388842549,5798
muffs,tool,87,-7.28125,0.0006883246199401248,7217
muffs,pullover,88,-7.28125,0.0006883246199401248,55123
muffs,house,89,-7.296875,0.0006776531358341546,3036
muffs,sea,90,-7.296875,0.0006776531358341546,4176
muffs,toy,91,-7.296875,0.0006776531358341546,12849
muffs,car,92,-7.3125,0.0006671470977542673,1226
muffs,dance,93,-7.3125,0.0006671470977542673,11877
muffs,weapon,94,-7.328125,0.000656803940697575,17175
muffs,apparel,95,-7.34375,0.0006466211394278742,49126
muffs,military,96,-7.359375,0.0006365962078591196,8403
muffs,fabric,97,-7.359375,0.0006365962078591196,9662
muffs,baseball,98,-7.375,0.0006267266984484576,23052
muffs,armour,99,-7.375,0.0006267266984484576,37050
muffs,clothes,100,-7.390625,0.0006170102015986695,12565
spears,weapon,1,-2.142578125,0.11735190480370607,17175
spears,tool,2,-4.05078125,0.017408768724808864,7217
spears,missile,3,-4.42578125,0.011964860101512716,48814
spears,weapons,4,-4.45703125,0.011596740056246129,15875
spears,spear,5,-4.55078125,0.01055895197944298,50212
spears,projectile,6,-4.69140625,0.009173776458096411,89395
spears,arrow,7,-4.72265625,0.008891529028843725,9702
spears,sword,8,-4.87890625,0.007605327807439785,18870
spears,knife,9,-5.11328125,0.0060163094850451924,19193
spears,melee,10,-5.55078125,0.0038844213535535782,75191
spears,food,11,-6.03515625,0.002393122572732835,2960
spears,hand,12,-6.06640625,0.0023194939316681954,1634
spears,point,13,-6.06640625,0.0023194939316681954,2377
spears,lance,14,-6.12890625,0.0021789628985256905,42157
spears,stick,15,-6.33203125,0.001778417686834879,9288
spears,instrument,16,-6.34765625,0.0017508458761963386,11755
spears,club,17,-6.59765625,0.0013635601394190483,5893
spears,weaponry,18,-6.59765625,0.0013635601394190483,190492
spears,rifle,19,-6.76953125,0.0011482327588782399,31945
spears,firearm,20,-6.78515625,0.0011304310599685174,79355
spears,gun,21,-6.83203125,0.0010786648528405746,8977
spears,infantry,22,-6.83203125,0.0010786648528405746,63232
spears,fishing,23,-7.03515625,0.0008803805947117196,15190
spears,agriculture,24,-7.05078125,0.0008667315587023905,20630
spears,blade,25,-7.25390625,0.0007074056812886669,21846
spears,tools,26,-7.26953125,0.000696438372746076,8112
spears,metal,27,-7.33203125,0.0006542433048022244,5998
spears,battle,28,-7.37890625,0.0006242833226079939,9509
spears,archery,29,-7.39453125,0.000614604706789468,139437
spears,military,30,-7.41015625,0.0006050761440009849,8403
spears,needle,31,-7.50390625,0.0005509280985367745,28767
spears,stone,32,-7.55078125,0.00052569926409352,9566
spears,pole,33,-7.55078125,0.00052569926409352,19377
spears,thrust,34,-7.69140625,0.0004567354357107468,34088
spears,war,35,-7.70703125,0.00044965440911134296,2036
spears,fish,36,-7.80078125,0.0004094149985360946,5001
spears,type,37,-7.89453125,0.00037277659827150564,1916
spears,light,38,-7.89453125,0.00037277659827150564,2611
spears,kitchen,39,-7.92578125,0.0003613074680797802,8926
spears,phal,40,-7.95703125,0.0003501912059274238,192119
spears,handgun,41,-7.97265625,0.00034476199450617594,132985
spears,arms,42,-7.98828125,0.0003394169552062084,10246
spears,handheld,43,-8.015625,0.000330261761918494,97641
spears,arrows,44,-8.03125,0.00032514152788788584,38728
spears,dagger,45,-8.046875,0.00032010067572811824,52077
spears,bone,46,-8.078125,0.0003102522132940274,14354
spears,shaft,47,-8.078125,0.0003102522132940274,28966
spears,Weapon,48,-8.109375,0.0003007067561944148,60607
spears,warfare,49,-8.125,0.0002960447300568554,48755
spears,armament,50,-8.1875,0.00027810828659249914,179780
spears,technology,51,-8.234375,0.00026537278092783216,6178
spears,implements,52,-8.265625,0.00025720811880066503,11319
spears,rod,53,-8.265625,0.00025720811880066503,15952
spears,farm,54,-8.28125,0.0002532204765281185,7091
spears,arm,55,-8.359375,0.00023419065719907224,7762
spears,garden,56,-8.359375,0.00023419065719907224,8717
spears,bar,57,-8.40625,0.00022346628620705983,2333
spears,composite,58,-8.421875,0.00022000176256168122,28159
spears,spears,59,-8.53125,0.00019720830540981299,106057
spears,crossbow,60,-8.5625,0.00019114084371795175,195952
spears,po,61,-8.578125,0.0001881774796065311,769
spears,equipment,62,-8.59375,0.00018526005819728775,6682
spears,vegetable,63,-8.59375,0.00018526005819728775,26771
spears,ammunition,64,-8.609375,0.00018238786721464442,60673
spears,bla,65,-8.625,0.00017956020542583297,6678
spears,bronze,66,-8.625,0.00017956020542583297,19634
spears,evidence,67,-8.65625,0.00017403571868811687,5820
spears,missiles,68,-8.65625,0.00017403571868811687,60009
spears,bayonet,69,-8.65625,0.00017403571868811687,184564
spears,land,70,-8.6875,0.00016868120253849865,2840
spears,non,71,-8.765625,0.00015600460997961275,2173
spears,ad,72,-8.796875,0.0001512048527237606,835
spears,force,73,-8.8125,0.00014886063876446985,5097
spears,http,74,-8.828125,0.00014655276847396972,4494
spears,plant,75,-8.828125,0.00014655276847396972,4829
spears,staff,76,-8.890625,0.0001376735850959261,4754
spears,shovel,77,-8.890625,0.0001376735850959261,66415
spears,wood,78,-8.984375,0.00012535322571817655,4656
spears,har,79,-9.0,0.00012340980408667956,2623
spears,energy,80,-9.0625,0.00011593278203827863,4134
spears,shield,81,-9.09375,0.0001123659053168018,24042
spears,soldier,82,-9.109375,0.00011062383342527846,25574
spears,mechanical,83,-9.125,0.00010890876985506645,16801
spears,projectiles,84,-9.140625,0.00010722029588095494,167494
spears,compound,85,-9.171875,0.00010392147417820859,16301
spears,hal,86,-9.1875,0.00010231032105679591,2717
spears,symbol,87,-9.25,9.61116520613947e-05,10159
spears,household,88,-9.265625,9.462157900914659e-05,13356
spears,army,89,-9.28125,9.315460739833056e-05,12211
spears,armour,90,-9.296875,9.171037907429409e-05,37050
spears,vehicle,91,-9.3125,9.028854143505791e-05,8692
spears,jav,92,-9.328125,8.88887473452297e-05,76441
spears,multi,93,-9.34375,8.751065505125259e-05,3103
spears,harvesting,94,-9.34375,8.751065505125259e-05,54979
spears,iron,95,-9.359375,8.615392809796751e-05,8456
spears,assault,96,-9.359375,8.615392809796751e-05,25290
spears,part,97,-9.390625,8.350325039323543e-05,1702
spears,fal,98,-9.390625,8.350325039323543e-05,9614
spears,utens,99,-9.390625,8.350325039323543e-05,68516
spears,sport,100,-9.4140625,8.156889968128741e-05,7888
calves,cow,1,-3.232421875,0.039461811389251505,13910
calves,cattle,2,-3.232421875,0.039461811389251505,22764
calves,beef,3,-3.357421875,0.03482492632139196,21316
calves,milk,4,-3.748046875,0.023563723839142275,9512
calves,dairy,5,-4.10546875,0.0164822909533961,31062
calves,meat,6,-4.16796875,0.015483679426712674,11827
calves,livestock,7,-4.16796875,0.015483679426712674,41191
calves,veal,8,-4.19921875,0.01500729669234755,171174
calves,animal,9,-4.23046875,0.014545570713870156,8205
calves,poultry,10,-4.79296875,0.008287816368672325,50883
calves,bovine,11,-4.87109375,0.007664977132720437,94478
calves,rumin,12,-4.94921875,0.007088945004525844,146955
calves,farm,13,-5.05859375,0.0063544892332121575,7091
calves,sheep,14,-5.15234375,0.0057858282881175374,21304
calves,goat,15,-5.16796875,0.005696127334776817,40692
calves,fish,16,-5.18359375,0.0056078170658168894,5001
calves,adult,17,-5.29296875,0.005026814729667988,11787
calves,food,18,-5.35546875,0.004722255421393299,2960
calves,deer,19,-5.38671875,0.004576966896100478,26932
calves,muscle,20,-5.52734375,0.003976537751348708,15990
calves,hoof,21,-5.54296875,0.003914887247820301,47016
calves,baby,22,-5.55859375,0.003854192546756996,5760
calves,calf,23,-5.55859375,0.003854192546756996,48812
calves,mammals,24,-5.69921875,0.00334858051435851,58318
calves,lamb,25,-5.80859375,0.0030016481735223206,24650
calves,herb,26,-5.90234375,0.0027330317632095276,43959
calves,horse,27,-5.99609375,0.0024884537383830186,10468
calves,land,28,-6.10546875,0.00223063551456612,2840
calves,cheese,29,-6.24609375,0.0019380097200896599,13624
calves,chicken,30,-6.40234375,0.0016576675583550565,12254
calves,fruit,31,-6.43359375,0.0016066664892709752,9471
calves,human,32,-6.52734375,0.0014628864857633064,3515
calves,bird,33,-6.52734375,0.0014628864857633064,13170
calves,grass,34,-6.58984375,0.0013742546741393497,10996
calves,plant,35,-6.76171875,0.00115723846002175,4829
calves,pig,36,-6.83984375,0.0010702706163592639,12806
calves,bull,37,-6.88671875,0.0010212593565209615,12547
calves,marine,38,-6.90234375,0.0010054261977533226,18441
calves,sea,39,-6.93359375,0.0009744924856757053,4176
calves,ox,40,-6.93359375,0.0009744924856757053,9534
calves,animals,41,-6.96484375,0.0009445105038643562,8398
calves,cows,42,-6.96484375,0.0009445105038643562,35768
calves,infant,43,-7.02734375,0.0008872855052947141,31808
calves,steak,44,-7.02734375,0.0008872855052947141,38437
calves,feed,45,-7.08984375,0.0008335275941189099,5513
calves,foot,46,-7.10546875,0.000820604946555757,4701
calves,fowl,47,-7.12109375,0.0008078826460731563,130591
calves,vegetable,48,-7.19921875,0.0007471693064387259,26771
calves,mammalian,49,-7.19921875,0.0007471693064387259,91881
calves,leg,50,-7.23046875,0.000724181323581053,2590
calves,grain,51,-7.26171875,0.000701900606601824,17258
calves,female,52,-7.44921875,0.0005818960409413982,8914
calves,bone,53,-7.44921875,0.0005818960409413982,14354
calves,tender,54,-7.46484375,0.0005728745790143598,17580
calves,breed,55,-7.46484375,0.0005728745790143598,27077
calves,dog,56,-7.51171875,0.0005466407420597946,5929
calves,nursing,57,-7.52734375,0.0005381658628798603,25715
calves,Cow,58,-7.54296875,0.0005298223745231636,20845
calves,stock,59,-7.62109375,0.0004900055942931395,2306
calves,frog,60,-7.62109375,0.0004900055942931395,42746
calves,beast,61,-7.63671875,0.00048240876169431345,30365
calves,freshwater,62,-7.71484375,0.0004461551707380848,68842
calves,male,63,-7.73046875,0.0004392381759431841,9202
calves,man,64,-7.76171875,0.0004257242379749019,916
calves,oxen,65,-7.76171875,0.0004257242379749019,134652
calves,water,66,-7.79296875,0.000412626080167391,2003
calves,nutrient,67,-7.82421875,0.0003999309103099356,47438
calves,ground,68,-7.83984375,0.00039373055624846115,4216
calves,antelope,69,-7.87109375,0.00038161674054486614,189878
calves,type,70,-7.88671875,0.00037570032136803805,1916
calves,skin,71,-7.94921875,0.0003529377895963558,5239
calves,insurance,72,-7.94921875,0.0003529377895963558,9490
calves,pork,73,-7.94921875,0.0003529377895963558,30701
calves,spring,74,-7.98046875,0.0003420790353794073,7921
calves,crop,75,-8.015625,0.000330261761918494,14899
calves,artificial,76,-8.015625,0.000330261761918494,18225
calves,mutton,77,-8.015625,0.000330261761918494,146822
calves,brown,78,-8.046875,0.00032010067572811824,8426
calves,duck,79,-8.078125,0.0003102522132940274,29828
calves,footwear,80,-8.09375,0.000305442198561012,62966
calves,crustace,81,-8.125,0.0002960447300568554,177450
calves,light,82,-8.140625,0.00029145498193520206,2611
calves,clo,83,-8.140625,0.00029145498193520206,3125
calves,shoe,84,-8.140625,0.00029145498193520206,22043
calves,seafood,85,-8.1875,0.00027810828659249914,45962
calves,flesh,86,-8.25,0.00026125855730166754,25023
calves,reindeer,87,-8.28125,0.0002532204765281185,103360
calves,youth,88,-8.296875,0.00024929465691874434,11481
calves,insect,89,-8.296875,0.00024929465691874434,35312
calves,liquid,90,-8.3125,0.0002454297015009895,10177
calves,whale,91,-8.328125,0.00024162466666302507,47961
calves,herd,92,-8.328125,0.00024162466666302507,48010
calves,source,93,-8.34375,0.00023787862342236765,4303
calves,member,94,-8.359375,0.00023419065719907224,4757
calves,protein,95,-8.359375,0.00023419065719907224,9646
calves,Beef,96,-8.375,0.00023055986759244163,57308
calves,un,97,-8.421875,0.00022000176256168122,748
calves,sub,98,-8.46875,0.00020992714836132686,1334
calves,goats,99,-8.5,0.00020346836901064417,62767
calves,car,100,-8.546875,0.0001941508740238353,1226
ashtrays,waste,1,-2.82421875,0.05935500982186676,9007
ashtrays,container,2,-3.51171875,0.029845573249209965,11254
ashtrays,receptacle,3,-3.69921875,0.024742849272381084,145256
ashtrays,pollution,4,-3.80859375,0.02217934674340915,21675
ashtrays,ashtray,5,-3.91796875,0.01988143792774415,234582
ashtrays,household,6,-4.26171875,0.014098050550308756,13356
ashtrays,furniture,7,-4.69921875,0.009102385563312781,16241
ashtrays,decoration,8,-4.80859375,0.008159325685513008,25265
ashtrays,litter,9,-4.82421875,0.008032827065754268,39416
ashtrays,consumer,10,-5.23046875,0.00535101642573825,15630
ashtrays,cigarette,11,-5.27734375,0.005105975543150058,44446
ashtrays,containers,12,-5.32421875,0.004872155899549433,27649
ashtrays,public,13,-5.35546875,0.004722255421393299,2294
ashtrays,trash,14,-5.35546875,0.004722255421393299,26279
ashtrays,tobacco,15,-5.52734375,0.003976537751348708,30460
ashtrays,garbage,16,-5.83984375,0.0029092971679830493,33010
ashtrays,packaging,17,-5.87109375,0.0028197875041770784,19102
ashtrays,product,18,-5.91796875,0.002690660033102389,3225
ashtrays,accessory,19,-5.91796875,0.002690660033102389,43105
ashtrays,glass,20,-5.99609375,0.0024884537383830186,5570
ashtrays,tax,21,-6.13671875,0.002162006074720725,4093
ashtrays,art,22,-6.15234375,0.0021284872773466024,3096
ashtrays,pottery,23,-6.19921875,0.0020310167484747367,54414
ashtrays,rubbish,24,-6.30859375,0.0018205916469117142,68907
ashtrays,safety,25,-6.33984375,0.001764577930596855,6514
ashtrays,device,26,-6.35546875,0.0017372206854909806,6064
ashtrays,tool,27,-6.41796875,0.0016319678049400079,7217
ashtrays,home,28,-6.44921875,0.0015817574341432633,2078
ashtrays,storage,29,-6.44921875,0.0015817574341432633,7387
ashtrays,advertisement,30,-6.57421875,0.001395896036271587,52351
ashtrays,table,31,-6.60546875,0.0013529488302282185,3037
ashtrays,plastic,32,-6.69921875,0.0012318739283397897,9975
ashtrays,dust,33,-6.69921875,0.0012318739283397897,12891
ashtrays,paper,34,-6.77734375,0.0011392971406570386,4368
ashtrays,pot,35,-6.82421875,0.001087124926134582,2688
ashtrays,prevention,36,-6.82421875,0.001087124926134582,24023
ashtrays,medicine,37,-6.83984375,0.0010702706163592639,15300
ashtrays,lighting,38,-6.83984375,0.0010702706163592639,16749
ashtrays,marketing,39,-6.85546875,0.0010536776084372776,8924
ashtrays,receptacles,40,-6.87109375,0.0010373418512588798,227772
ashtrays,house,41,-6.91796875,0.0009898385093600414,3036
ashtrays,symbol,42,-6.91796875,0.0009898385093600414,10159
ashtrays,vessel,43,-6.94921875,0.0009593843800362759,20421
ashtrays,equipment,44,-6.98046875,0.0009298672257686418,6682
ashtrays,lamp,45,-6.99609375,0.0009154509706573315,11861
ashtrays,appliance,46,-6.99609375,0.0009154509706573315,56939
ashtrays,hardware,47,-7.01171875,0.0009012582188652855,16417
ashtrays,sculpture,48,-7.04296875,0.0008735294185691895,34102
ashtrays,evidence,49,-7.05859375,0.0008599866002007731,5820
ashtrays,cup,50,-7.05859375,0.0008599866002007731,7190
ashtrays,fire,51,-7.07421875,0.0008466537437700558,3967
ashtrays,disposal,52,-7.08984375,0.0008335275941189099,25447
ashtrays,article,53,-7.13671875,0.0007953575865775239,5078
ashtrays,metal,54,-7.13671875,0.0007953575865775239,5998
ashtrays,holder,55,-7.13671875,0.0007953575865775239,18097
ashtrays,non,56,-7.16796875,0.0007708870062038323,2173
ashtrays,ash,57,-7.16796875,0.0007708870062038323,29001
ashtrays,vase,58,-7.16796875,0.0007708870062038323,34557
ashtrays,item,59,-7.23046875,0.000724181323581053,2599
ashtrays,junk,60,-7.24609375,0.0007129539328114074,44029
ashtrays,source,61,-7.26171875,0.000701900606601824,4303
ashtrays,piece,62,-7.32421875,0.000659374598638456,6431
ashtrays,utens,63,-7.32421875,0.000659374598638456,68516
ashtrays,hand,64,-7.35546875,0.0006390877749698918,1634
ashtrays,sanitary,65,-7.37109375,0.0006291796373915728,61930
ashtrays,point,66,-7.38671875,0.0006194251112483582,2377
ashtrays,convenience,67,-7.38671875,0.0006194251112483582,26343
ashtrays,desk,68,-7.41796875,0.0006003674040911155,11309
ashtrays,box,69,-7.44921875,0.0005818960409413982,3741
ashtrays,place,70,-7.46484375,0.0005728745790143598,2040
ashtrays,souvenir,71,-7.49609375,0.0005552490811673618,59656
ashtrays,smoker,72,-7.54296875,0.0005298223745231636,112817
ashtrays,collector,73,-7.55859375,0.0005216082399637996,36024
ashtrays,artifact,74,-7.58984375,0.0005055600415496265,70752
ashtrays,utility,75,-7.60546875,0.0004977220595979135,18719
ashtrays,ornamental,76,-7.60546875,0.0004977220595979135,73308
ashtrays,protection,77,-7.68359375,0.0004603176561306555,6919
ashtrays,gift,78,-7.68359375,0.0004603176561306555,8135
ashtrays,hazard,79,-7.68359375,0.0004603176561306555,18566
ashtrays,objects,80,-7.71484375,0.0004461551707380848,9113
ashtrays,fruit,81,-7.71484375,0.0004461551707380848,9471
ashtrays,necessity,82,-7.71484375,0.0004461551707380848,22932
ashtrays,health,83,-7.73046875,0.0004392381759431841,2962
ashtrays,trap,84,-7.74609375,0.00043242841921281946,23349
ashtrays,money,85,-7.76171875,0.0004257242379749019,3370
ashtrays,light,86,-7.77734375,0.00041912399543313347,2611
ashtrays,recycle,87,-7.80859375,0.0004062289057403044,74434
ashtrays,air,88,-7.82421875,0.0003999309103099356,2681
ashtrays,bottle,89,-7.82421875,0.0003999309103099356,12989
ashtrays,design,90,-7.85546875,0.0003876263297667675,2480
ashtrays,kitchen,91,-7.85546875,0.0003876263297667675,8926
ashtrays,thing,92,-7.87109375,0.00038161674054486614,3166
ashtrays,decor,93,-7.87109375,0.00038161674054486614,6014
ashtrays,wasteful,94,-7.91796875,0.0003641412376733455,146736
ashtrays,terminal,95,-7.93359375,0.0003584957510561482,17145
ashtrays,case,96,-7.94921875,0.0003529377895963558,2270
ashtrays,sign,97,-7.96484375,0.00034746599634217677,2035
ashtrays,tableware,98,-7.98046875,0.0003420790353794073,212359
ashtrays,plate,99,-8.0234375,0.0003276916444969635,8811
ashtrays,bathroom,100,-8.0234375,0.0003276916444969635,15362
lizards,reptile,1,-1.1572265625,0.31435682198866555,134397
lizards,reptiles,2,-3.484375,0.030672923016533588,92077
lizards,amp,3,-3.828125,0.021750359344450344,6350
lizards,animal,4,-4.46875,0.011461633942261852,8205
lizards,lizard,5,-4.75,0.008651695203120634,82690
lizards,amnio,6,-5.625,0.0036065631360157305,209951
lizards,bird,7,-5.828125,0.0029435910423792925,13170
lizards,dinosaur,8,-6.203125,0.00202309856457243,63424
lizards,amphibians,9,-6.21875,0.0019917333285323136,186001
lizards,rep,10,-6.28125,0.0018710603064642196,1642
lizards,scaly,11,-6.296875,0.0018420522051362717,229191
lizards,fish,12,-6.4375,0.0016004026902445643,5001
lizards,chord,13,-6.53125,0.001457183231848157,50591
lizards,Amp,14,-6.546875,0.0014345916998185365,20676
lizards,snake,15,-6.5625,0.0014123504170288816,26775
lizards,frog,16,-6.890625,0.0010172778436147007,42746
lizards,vertebrates,17,-7.078125,0.0008433529536363545,173940
lizards,Reptile,18,-7.09375,0.0008302779779929784,216128
lizards,mammals,19,-7.2578125,0.0007046477679025825,58318
lizards,insect,20,-7.28125,0.0006883246199401248,35312
lizards,crocodile,21,-7.296875,0.0006776531358341546,91425
lizards,end,22,-7.4765625,0.000566200388009335,1580
lizards,turtle,23,-7.515625,0.0005445095917739226,40978
lizards,invertebrate,24,-7.546875,0.0005277567928384327,227605
lizards,herb,25,-7.640625,0.0004805280281680892,43959
lizards,class,26,-7.6796875,0.00046211928849723845,1062
lizards,land,27,-7.796875,0.00041101740353382464,2840
lizards,animals,28,-7.9296875,0.0003598988637540498,8398
lizards,ray,29,-7.9296875,0.0003598988637540498,13120
lizards,mammalian,30,-8.015625,0.000330261761918494,91881
lizards,pet,31,-8.03125,0.00032514152788788584,7327
lizards,Rep,32,-8.0703125,0.0003126855515614081,3301
lizards,scale,33,-8.0703125,0.0003126855515614081,6959
lizards,crypto,34,-8.078125,0.0003102522132940274,18917
lizards,ovi,35,-8.1015625,0.0003030652285138832,154141
lizards,non,36,-8.109375,0.0003007067561944148,2173
lizards,arach,37,-8.1171875,0.00029836663765214793,158280
lizards,member,38,-8.1328125,0.0002937408916898234,4757
lizards,skin,39,-8.140625,0.00029145498193520206,5239
lizards,species,40,-8.21875,0.000269551794148722,6202
lizards,amphibi,41,-8.21875,0.000269551794148722,122003
lizards,po,42,-8.2421875,0.0002633076335626009,769
lizards,organism,43,-8.2421875,0.0002633076335626009,41154
lizards,vivi,44,-8.2578125,0.00025922542707870625,32962
lizards,monitor,45,-8.3046875,0.00024735463050721125,8200
lizards,order,46,-8.3125,0.0002454297015009895,2184
lizards,ther,47,-8.328125,0.00024162466666302507,5416
lizards,dia,48,-8.390625,0.00022698536816119751,6930
lizards,cro,49,-8.3984375,0.00022521895401214571,6126
lizards,verte,50,-8.4375,0.00021659095137688503,27679
lizards,group,51,-8.4453125,0.0002149054272209975,2778
lizards,carni,52,-8.4765625,0.00020829348233192797,94634
lizards,Chord,53,-8.4765625,0.00020829348233192797,137996
lizards,example,54,-8.5859375,0.0001867130708422013,3287
lizards,salam,55,-8.5859375,0.0001867130708422013,102723
lizards,Mammal,56,-8.609375,0.00018238786721464442,115702
lizards,scales,57,-8.625,0.00017956020542583297,25705
lizards,fossil,58,-8.6640625,0.00017268136198036305,40086
lizards,ang,59,-8.796875,0.0001512048527237606,2639
lizards,bony,60,-8.796875,0.0001512048527237606,118929
lizards,anne,61,-8.8125,0.00014886063876446985,38826
lizards,limb,62,-8.828125,0.00014655276847396972,24572
lizards,adaptation,63,-8.9375,0.00013136905262640898,31100
lizards,av,64,-8.9765625,0.00012633638325262604,2924
lizards,type,65,-9.015625,0.00012149651241487151,1916
lizards,mes,66,-9.015625,0.00012149651241487151,3752
lizards,air,67,-9.0234375,0.00012055101905409388,2681
lizards,Verte,68,-9.09375,0.0001123659053168018,82581
lizards,evidence,69,-9.1171875,0.0001097629519236744,5820
lizards,append,70,-9.125,0.00010890876985506645,20447
lizards,chicken,71,-9.1484375,0.0001063859009186544,12254
lizards,tortoise,72,-9.1484375,0.0001063859009186544,119619
lizards,rodent,73,-9.15625,0.0001055579992694658,146234
lizards,egg,74,-9.203125,0.00010072414654929499,13514
lizards,representative,75,-9.2109375,9.99403050221641e-05,17101
lizards,tele,76,-9.234375,9.762519034984247e-05,5022
lizards,Class,77,-9.2734375,9.388522803938417e-05,4908
lizards,hair,78,-9.28125,9.315460739833056e-05,5054
lizards,integ,79,-9.28125,9.315460739833056e-05,89168
lizards,Reptiles,80,-9.296875,9.171037907429409e-05,229026
lizards,mon,81,-9.3359375,8.81970096254195e-05,1477
lizards,alligator,82,-9.390625,8.350325039323543e-05,127211
lizards,science,83,-9.3984375,8.285342294320493e-05,8042
lizards,state,84,-9.40625,8.220865249051076e-05,2329
lizards,marine,85,-9.40625,8.220865249051076e-05,18441
lizards,dinosaurs,86,-9.40625,8.220865249051076e-05,80802
lizards,sem,87,-9.453125,7.844404420678988e-05,3032
lizards,Archae,88,-9.453125,7.844404420678988e-05,49383
lizards,ana,89,-9.546875,7.142411503883562e-05,17398
lizards,tep,90,-9.5703125,6.97695771959971e-05,25827
lizards,ter,91,-9.609375,6.709674666737461e-05,1390
lizards,Mesozoic,92,-9.640625,6.503239679525935e-05,227130
lizards,arth,93,-9.6796875,6.25410447978757e-05,116019
lizards,worm,94,-9.71875,6.014513499670094e-05,47420
lizards,backbone,95,-9.71875,6.014513499670094e-05,76153
lizards,home,96,-9.7421875,5.875187444512721e-05,2078
lizards,vascular,97,-9.7578125,5.784101105861684e-05,47042
lizards,consumer,98,-9.78125,5.65011254805808e-05,15630
lizards,man,99,-9.8046875,5.519227831852973e-05,916
lizards,cryptocurrency,100,-9.8046875,5.519227831852973e-05,62528
whips,whip,1,-3.888671875,0.020472518053066494,54842
whips,force,2,-4.015625,0.018031681227436498,5097
whips,shock,3,-4.375,0.012588142242433998,15733
whips,punishment,4,-4.4375,0.011825465259096618,29023
whips,lever,5,-4.53125,0.010767208646547101,22049
whips,tool,6,-4.84375,0.007877458125943277,7217
whips,weapon,7,-5.109375,0.00603985665459491,17175
whips,lash,8,-5.265625,0.0051661631671143975,73304
whips,non,9,-5.421875,0.004418853525099015,2173
whips,pendulum,10,-5.4375,0.004350345551108769,94021
whips,mechanical,11,-5.5,0.004086771438464067,16801
whips,energy,12,-5.515625,0.0040234119200233415,4134
whips,suspension,13,-5.578125,0.0037796457147493746,22716
whips,textile,14,-5.625,0.0036065631360157305,42704
whips,hand,15,-5.65625,0.0034956008536636734,1634
whips,fastener,16,-5.65625,0.0034956008536636734,206077
whips,torture,17,-5.71875,0.003283813104313592,50384
whips,hammer,18,-5.734375,0.003232902300988401,28507
whips,mass,19,-5.78125,0.0030848569260302594,5182
whips,spring,20,-5.796875,0.003037030652348247,7921
whips,restraint,21,-5.859375,0.002853026266980875,64659
whips,device,22,-5.890625,0.0027652478767918433,6064
whips,electric,23,-5.921875,0.002680170143751801,6038
whips,machine,24,-5.9375,0.0026386179570919216,6479
whips,leverage,25,-5.96875,0.0025574362170995664,48592
whips,reinforcement,26,-6.15625,0.0021201890918646723,57890
whips,string,27,-6.171875,0.0020873186067185026,2067
whips,momentum,28,-6.1875,0.002054957731209459,24459
whips,safety,29,-6.28125,0.0018710603064642196,6514
whips,rope,30,-6.328125,0.0017853782168585108,26378
whips,torque,31,-6.328125,0.0017853782168585108,35769
whips,tension,32,-6.359375,0.001730447903889382,19544
whips,instrument,33,-6.390625,0.0016772076189795154,11755
whips,whips,34,-6.421875,0.0016256053654318836,191627
whips,vehicle,35,-6.4375,0.0016004026902445643,8692
whips,projectile,36,-6.4375,0.0016004026902445643,89395
whips,conductor,37,-6.46875,0.0015511634759303816,36589
whips,automobile,38,-6.5,0.0015034391929775724,34984
whips,wave,39,-6.515625,0.0014801305287407067,9591
whips,motion,40,-6.65625,0.001285959688604209,8252
whips,variable,41,-6.6875,0.0012463948683920495,8792
whips,business,42,-6.71875,0.0012080473297263435,2567
whips,motor,43,-6.734375,0.001189318291849483,5980
whips,metal,44,-6.765625,0.001152726814831155,5998
whips,mobile,45,-6.78125,0.0011348554420418653,7635
whips,club,46,-6.8125,0.0010999396107533182,5893
whips,tail,47,-6.8125,0.0010999396107533182,10594
whips,cloth,48,-6.828125,0.0010828866277077577,17997
whips,percussion,49,-6.828125,0.0010828866277077577,77755
whips,power,50,-6.859375,0.0010495697087443705,2384
whips,consumer,51,-6.859375,0.0010495697087443705,15630
whips,acceleration,52,-6.890625,0.0010172778436147007,30809
whips,wind,53,-6.90625,0.0010015064124832178,6785
whips,accessory,54,-6.90625,0.0010015064124832178,43105
whips,light,55,-6.921875,0.0009859794947277968,2611
whips,cable,56,-6.953125,0.000955644094802374,11871
whips,belt,57,-7.0,0.0009118819655545162,16716
whips,clothing,58,-7.015625,0.0008977445460579097,14328
whips,equipment,59,-7.0625,0.0008566338301859405,6682
whips,government,60,-7.078125,0.0008433529536363545,3838
whips,gear,61,-7.09375,0.0008302779779929784,12893
whips,sword,62,-7.09375,0.0008302779779929784,18870
whips,engine,63,-7.109375,0.0008174057110581422,4800
whips,flag,64,-7.125,0.0008047330101246132,8969
whips,muscle,65,-7.125,0.0008047330101246132,15990
whips,missile,66,-7.125,0.0008047330101246132,48814
whips,pulley,67,-7.140625,0.000792256781208319,91598
whips,sail,68,-7.15625,0.0007799739782929635,26477
whips,voltage,69,-7.171875,0.0007678816025863563,14623
whips,mechanism,70,-7.171875,0.0007678816025863563,15613
whips,speed,71,-7.1875,0.0007559767017882707,4969
whips,stick,72,-7.1875,0.0007559767017882707,9288
whips,velocity,73,-7.1875,0.0007559767017882707,13892
whips,fla,74,-7.203125,0.0007442563693696527,4088
whips,potential,75,-7.203125,0.0007442563693696527,5736
whips,balance,76,-7.203125,0.0007442563693696527,7739
whips,trade,77,-7.234375,0.0007213580081637692,6082
whips,car,78,-7.265625,0.000699164155467983,1226
whips,part,79,-7.28125,0.0006883246199401248,1702
whips,tor,80,-7.28125,0.0006883246199401248,4792
whips,stress,81,-7.28125,0.0006883246199401248,7512
whips,fabric,82,-7.28125,0.0006883246199401248,9662
whips,implements,83,-7.28125,0.0006883246199401248,11319
whips,rod,84,-7.28125,0.0006883246199401248,15952
whips,road,85,-7.296875,0.0006776531358341546,4376
whips,lightning,86,-7.3125,0.0006671470977542673,32515
whips,torsion,87,-7.3125,0.0006671470977542673,105339
whips,inertia,88,-7.328125,0.000656803940697575,71120
whips,thread,89,-7.34375,0.0006466211394278742,3579
whips,marine,90,-7.34375,0.0006466211394278742,18441
whips,product,91,-7.359375,0.0006365962078591196,3225
whips,extension,92,-7.359375,0.0006365962078591196,10957
whips,control,93,-7.375,0.0006267266984484576,2582
whips,measure,94,-7.375,0.0006267266984484576,4015
whips,skin,95,-7.375,0.0006267266984484576,5239
whips,artificial,96,-7.375,0.0006267266984484576,18225
whips,tensile,97,-7.390625,0.0006170102015986695,69441
whips,switch,98,-7.421875,0.0005980267934003796,8266
whips,exercise,99,-7.453125,0.0005796274432709663,9987
whips,clothes,100,-7.46875,0.0005706411526908208,12565
shoes,footwear,1,-1.1875,0.3049827687110593,62966
shoes,clothing,2,-2.078125,0.1251646760876602,14328
shoes,foot,3,-3.65625,0.025829190807190754,4701
shoes,fashion,4,-3.90625,0.02011579402674089,8012
shoes,apparel,5,-4.109375,0.016418032590682783,49126
shoes,garment,6,-4.390625,0.012392981186193544,57784
shoes,clothes,7,-4.546875,0.010600278549019446,12565
shoes,shoe,8,-4.546875,0.010600278549019446,22043
shoes,cloth,9,-4.890625,0.007516723054668224,17997
shoes,accessory,10,-5.375,0.004630918733533246,43105
shoes,shoes,11,-5.390625,0.004559122993225079,9378
shoes,article,12,-5.453125,0.004282899694808913,5078
shoes,dress,13,-5.734375,0.003232902300988401,5410
shoes,leather,14,-6.015625,0.0024403226861474305,11720
shoes,textile,15,-6.046875,0.0023652418502606745,42704
shoes,boot,16,-6.21875,0.0019917333285323136,15147
shoes,sport,17,-6.421875,0.0016256053654318836,7888
shoes,equipment,18,-6.703125,0.0012270713070337978,6682
shoes,accessories,19,-6.765625,0.001152726814831155,20071
shoes,boots,20,-6.8125,0.0010999396107533182,15571
shoes,garments,21,-6.875,0.001033297638647637,62494
shoes,fabric,22,-6.890625,0.0010172778436147007,9662
shoes,sports,23,-6.953125,0.000955644094802374,9028
shoes,Footwear,24,-7.03125,0.00088382630693505,187829
shoes,feet,25,-7.046875,0.0008701238501092051,5368
shoes,articles,26,-7.140625,0.000792256781208319,9449
shoes,type,27,-7.203125,0.0007442563693696527,1916
shoes,furniture,28,-7.203125,0.0007442563693696527,16241
shoes,material,29,-7.265625,0.000699164155467983,2893
shoes,costume,30,-7.3125,0.0006671470977542673,22440
shoes,item,31,-7.328125,0.000656803940697575,2599
shoes,transportation,32,-7.34375,0.0006466211394278742,16216
shoes,sandal,33,-7.34375,0.0006466211394278742,59027
shoes,luxury,34,-7.390625,0.0006170102015986695,18799
shoes,mass,35,-7.484375,0.0005617941816327723,5182
shoes,transport,36,-7.515625,0.0005445095917739226,6676
shoes,form,37,-7.53125,0.0005360677530166963,1736
shoes,casual,38,-7.546875,0.0005277567928384327,14044
shoes,Clothing,39,-7.5625,0.0005195746821548384,53282
shoes,household,40,-7.578125,0.0005115194233396561,13356
shoes,necessity,41,-7.578125,0.0005115194233396561,22932
shoes,art,42,-7.609375,0.0004957816251809691,3096
shoes,product,43,-7.640625,0.0004805280281680892,3225
shoes,business,44,-7.65625,0.0004730781316127184,2567
shoes,sportswear,45,-7.671875,0.00046574373499789687,89882
shoes,uniform,46,-7.6875,0.0004585230476630206,12876
shoes,exercise,47,-7.734375,0.00043752574858056214,9987
shoes,women,48,-7.75,0.00043074254057568753,3576
shoes,tool,49,-7.765625,0.00042406449646342195,7217
shoes,hand,50,-7.796875,0.00041101740353382464,1634
shoes,appliance,51,-7.796875,0.00041101740353382464,56939
shoes,light,52,-7.828125,0.00039837172745315756,2611
shoes,slipper,53,-7.828125,0.00039837172745315756,113555
shoes,part,54,-7.859375,0.00038611511792335253,1702
shoes,commodity,55,-7.9375,0.0003570981085762476,43989
shoes,bag,56,-7.984375,0.0003407453956084444,4079
shoes,food,57,-8.03125,0.00032514152788788584,2960
shoes,attire,58,-8.078125,0.0003102522132940274,69133
shoes,house,59,-8.109375,0.0003007067561944148,3036
shoes,comfort,60,-8.109375,0.0003007067561944148,11852
shoes,men,61,-8.140625,0.00029145498193520206,1359
shoes,human,62,-8.15625,0.0002869363912626821,3515
shoes,leisure,63,-8.15625,0.0002869363912626821,33335
shoes,sandals,64,-8.171875,0.00028248785484530033,46215
shoes,protection,65,-8.21875,0.000269551794148722,6919
shoes,winter,66,-8.265625,0.00025720811880066503,7830
shoes,symbol,67,-8.265625,0.00025720811880066503,10159
shoes,head,68,-8.28125,0.0002532204765281185,2206
shoes,fastener,69,-8.28125,0.0002532204765281185,206077
shoes,thing,70,-8.296875,0.00024929465691874434,3166
shoes,wardrobe,71,-8.3125,0.0002454297015009895,48132
shoes,essential,72,-8.359375,0.00023419065719907224,8727
shoes,piece,73,-8.390625,0.00022698536816119751,6431
shoes,coat,74,-8.421875,0.00022000176256168122,13618
shoes,socks,75,-8.4375,0.00021659095137688503,28931
shoes,pants,76,-8.46875,0.00020992714836132686,16908
shoes,merchandise,77,-8.5,0.00020346836901064417,42722
shoes,outerwear,78,-8.5,0.00020346836901064417,139536
shoes,trousers,79,-8.515625,0.00020031388433428086,44002
shoes,non,80,-8.59375,0.00018526005819728775,2173
shoes,handbag,81,-8.59375,0.00018526005819728775,86119
shoes,underwear,82,-8.609375,0.00018238786721464442,63205
shoes,gift,83,-8.671875,0.00017133754496012662,8135
shoes,weather,84,-8.671875,0.00017133754496012662,8957
shoes,fruit,85,-8.671875,0.00017133754496012662,9471
shoes,Fashion,86,-8.671875,0.00017133754496012662,27081
shoes,water,87,-8.6875,0.00016868120253849865,2003
shoes,slip,88,-8.6875,0.00016868120253849865,19578
shoes,man,89,-8.703125,0.00016606604288893956,916
shoes,slippers,90,-8.703125,0.00016606604288893956,65424
shoes,textiles,91,-8.703125,0.00016606604288893956,66763
shoes,Article,92,-8.734375,0.00016095672788593417,11630
shoes,vehicle,93,-8.765625,0.00015600460997961275,8692
shoes,sole,94,-8.765625,0.00015600460997961275,11456
shoes,consumer,95,-8.765625,0.00015600460997961275,15630
shoes,pollution,96,-8.8125,0.00014886063876446985,21675
shoes,technology,97,-8.828125,0.00014655276847396972,6178
shoes,Apparel,98,-8.859375,0.00014204381380948848,113173
shoes,sneaker,99,-8.890625,0.0001376735850959261,42105
shoes,hat,100,-8.921875,0.00013343781418447866,3954
meat,protein,1,-1.1796875,0.30737477821235176,9646
meat,food,2,-1.6640625,0.18936810739025348,2960
meat,animal,3,-2.2109375,0.10959785235075935,8205
meat,fish,4,-3.0390625,0.04787975573086151,5001
meat,poultry,5,-3.0859375,0.0456871820833645,50883
meat,meat,6,-3.9453125,0.01934517005934727,11827
meat,vegetable,7,-3.9921875,0.018459290224936722,26771
meat,plant,8,-4.0078125,0.018173105456098966,4829
meat,fruit,9,-4.2109375,0.014832456390014475,9471
meat,livestock,10,-4.3671875,0.012686872265690001,41191
meat,carbohydrate,11,-4.8828125,0.0075756774442599355,93277
meat,proteins,12,-5.3828125,0.004594880638037095,20361
meat,muscle,13,-5.4140625,0.0044535110228374215,15990
meat,dairy,14,-5.4140625,0.0044535110228374215,31062
meat,animals,15,-5.5078125,0.004054967930813666,8398
meat,source,16,-5.5390625,0.003930209683280378,4303
meat,nutrient,17,-5.6640625,0.003468397872002917,47438
meat,seafood,18,-5.6953125,0.0033616864879322562,45962
meat,chicken,19,-6.0859375,0.0022746308579195173,12254
meat,foods,20,-6.1171875,0.002204647823661035,16512
meat,energy,21,-6.1640625,0.002103689649451823,4134
meat,fowl,22,-6.1796875,0.0020710749644504765,130591
meat,vegetables,23,-6.2265625,0.0019762335368005445,19574
meat,carbohydrates,24,-6.2421875,0.0019455948756707327,72780
meat,grain,25,-6.2890625,0.0018564995996405073,17258
meat,beef,26,-6.2890625,0.0018564995996405073,21316
meat,crop,27,-6.3671875,0.0017169814514638826,14899
meat,product,28,-6.3828125,0.001690362121370567,3225
meat,milk,29,-6.4140625,0.0016383551463322891,9512
meat,non,30,-6.5859375,0.0013796333548566381,2173
meat,bird,31,-6.6640625,0.0012759522709126529,13170
meat,bone,32,-6.6796875,0.0012561704645024665,14354
meat,flesh,33,-6.6796875,0.0012561704645024665,25023
meat,nutrition,34,-6.6953125,0.001236695346574107,24539
meat,cereal,35,-6.7109375,0.001217522162363377,57289
meat,agriculture,36,-6.8046875,0.001108566544041679,20630
meat,complex,37,-6.9453125,0.000963139304332677,5766
meat,plants,38,-6.9765625,0.0009335066231896564,7652
meat,cattle,39,-7.0234375,0.0008907582425739574,22764
meat,fossil,40,-7.0234375,0.0008907582425739574,40086
meat,alternative,41,-7.0546875,0.0008633524925864207,11023
meat,farm,42,-7.0703125,0.0008499674528310694,7091
meat,organ,43,-7.1015625,0.0008238167035070768,2359
meat,tissue,44,-7.1484375,0.0007860913900232152,14976
meat,nut,45,-7.1484375,0.0007860913900232152,16621
meat,life,46,-7.1640625,0.0007739041726384842,1913
meat,pork,47,-7.2421875,0.0007157443556077709,30701
meat,fruits,48,-7.3359375,0.0006516926518801511,16803
meat,cheese,49,-7.3828125,0.000621849472587178,13624
meat,Protein,50,-7.3828125,0.000621849472587178,33849
meat,fungus,51,-7.3984375,0.0006122085901157691,65567
meat,herb,52,-7.4296875,0.0005933729119721093,43959
meat,nitrogen,53,-7.4609375,0.0005751167467213744,23584
meat,nutrients,54,-7.4921875,0.0005574222646262701,37132
meat,green,55,-7.5703125,0.0005155313198998952,4433
meat,biological,56,-7.5703125,0.0005155313198998952,21871
meat,bacteria,57,-7.5703125,0.0005155313198998952,21920
meat,cash,58,-7.5859375,0.0005075387476061422,9852
meat,insect,59,-7.5859375,0.0005075387476061422,35312
meat,mineral,60,-7.6328125,0.0004842968562034343,19370
meat,body,61,-7.6484375,0.0004767885293852017,2971
meat,egg,62,-7.6484375,0.0004767885293852017,13514
meat,vegetation,63,-7.7265625,0.0004409573055570034,29897
meat,bean,64,-7.7578125,0.000427390475530988,24328
meat,mass,65,-7.7890625,0.00041424105298328224,5182
meat,sources,66,-7.7890625,0.00041424105298328224,8269
meat,vegetarian,67,-7.8046875,0.00040781884072341,54430
meat,vitamin,68,-7.8203125,0.00040149619563587327,23042
meat,bread,69,-7.8359375,0.0003952715740747437,11843
meat,chemical,70,-7.8828125,0.0003771707708502542,9408
meat,legumes,71,-7.8828125,0.0003771707708502542,102871
meat,marine,72,-7.8984375,0.0003713232800446586,18441
meat,diet,73,-7.9296875,0.0003598988637540498,11652
meat,amino,74,-7.9609375,0.0003488259398006987,26005
meat,wildlife,75,-7.9765625,0.000343417894868851,27327
meat,pig,76,-7.9921875,0.00033809369390228175,12806
meat,group,77,-8.0078125,0.0003328520370207935,2778
meat,snack,78,-8.0390625,0.00032261125644370356,31755
meat,seed,79,-8.0703125,0.0003126855515614081,11006
meat,beans,80,-8.0703125,0.0003126855515614081,22604
meat,sea,81,-8.1015625,0.0003030652285138832,4176
meat,fertilizer,82,-8.1015625,0.0003030652285138832,46905
meat,sugar,83,-8.1328125,0.0002937408916898234,9347
meat,diary,84,-8.1328125,0.0002937408916898234,45143
meat,drug,85,-8.1640625,0.00028470343455049295,10471
meat,macron,86,-8.1953125,0.00027594403073589844,186809
meat,substance,87,-8.2421875,0.0002633076335626009,16089
meat,health,88,-8.2578125,0.00025922542707870625,2962
meat,sausage,89,-8.3046875,0.00024735463050721125,55374
meat,land,90,-8.3203125,0.00024351975241113875,2840
meat,transport,91,-8.3515625,0.00023602743728832652,6676
meat,macro,92,-8.3515625,0.00023602743728832652,22620
meat,fiber,93,-8.3828125,0.00022876563646812717,20149
meat,invertebrate,94,-8.3828125,0.00022876563646812717,227605
meat,water,95,-8.3984375,0.00022521895401214571,2003
meat,cell,96,-8.4140625,0.0002217272577710424,3027
meat,human,97,-8.4453125,0.0002149054272209975,3515
meat,Animal,98,-8.4765625,0.00020829348233192797,20130
meat,consumer,99,-8.5546875,0.00019263997993535412,15630
meat,grocery,100,-8.5703125,0.0001896533738711495,38701
suspenders,pants,1,-3.265625,0.03817306945803752,16908
suspenders,clothing,2,-3.328125,0.035860280096566576,14328
suspenders,trousers,3,-3.421875,0.03265115658991408,44002
suspenders,garment,4,-3.453125,0.03164658611103602,57784
suspenders,accessory,5,-3.921875,0.019803927546861083,43105
suspenders,trouser,6,-4.234375,0.014488862907810497,166236
suspenders,underwear,7,-4.265625,0.014043087460021496,63205
suspenders,belt,8,-4.671875,0.00935471298604359,16716
suspenders,tie,9,-4.859375,0.0077553294576504575,10985
suspenders,restraint,10,-4.96875,0.006951832396384793,64659
suspenders,braces,11,-5.046875,0.006429393941474441,77039
suspenders,footwear,12,-5.0625,0.006329715427485747,62966
suspenders,clothes,13,-5.109375,0.00603985665459491,12565
suspenders,pant,14,-5.234375,0.005330154789734964,11215
suspenders,apparel,15,-5.234375,0.005330154789734964,49126
suspenders,men,16,-5.703125,0.0033355256361334625,1359
suspenders,fashion,17,-5.734375,0.003232902300988401,8012
suspenders,fastener,18,-5.765625,0.003133436353933003,206077
suspenders,unders,19,-6.046875,0.0023652418502606745,38204
suspenders,neck,20,-6.078125,0.002292471008846966,8935
suspenders,waist,21,-6.109375,0.0022219390908479924,23663
suspenders,safety,22,-6.171875,0.0020873186067185026,6514
suspenders,device,23,-6.203125,0.00202309856457243,6064
suspenders,brace,24,-6.21875,0.0019917333285323136,20891
suspenders,cloth,25,-6.296875,0.0018420522051362717,17997
suspenders,strap,26,-6.5,0.0015034391929775724,29591
suspenders,fasteners,27,-6.578125,0.0013904539533680367,151006
suspenders,dress,28,-6.65625,0.001285959688604209,5410
suspenders,skirt,29,-6.6875,0.0012463948683920495,23210
suspenders,male,30,-6.75,0.0011708796207911744,9202
suspenders,shoe,31,-6.75,0.0011708796207911744,22043
suspenders,garments,32,-6.765625,0.001152726814831155,62494
suspenders,girdle,33,-6.84375,0.0010660980266590896,162320
suspenders,attachment,34,-6.921875,0.0009859794947277968,24599
suspenders,bra,35,-6.953125,0.000955644094802374,2984
suspenders,shirt,36,-6.953125,0.000955644094802374,5798
suspenders,fabric,37,-7.03125,0.00088382630693505,9662
suspenders,textile,38,-7.03125,0.00088382630693505,42704
suspenders,women,39,-7.0625,0.0008566338301859405,3576
suspenders,waistband,40,-7.140625,0.000792256781208319,136794
suspenders,leg,41,-7.1875,0.0007559767017882707,2590
suspenders,gar,42,-7.234375,0.0007213580081637692,4275
suspenders,tool,43,-7.265625,0.000699164155467983,7217
suspenders,type,44,-7.34375,0.0006466211394278742,1916
suspenders,foot,45,-7.421875,0.0005980267934003796,4701
suspenders,slack,46,-7.46875,0.0005706411526908208,52052
suspenders,auxiliary,47,-7.484375,0.0005617941816327723,52170
suspenders,article,48,-7.53125,0.0005360677530166963,5078
suspenders,non,49,-7.609375,0.0004957816251809691,2173
suspenders,uniform,50,-7.671875,0.00046574373499789687,12876
suspenders,collar,51,-7.671875,0.00046574373499789687,26000
suspenders,appliance,52,-7.671875,0.00046574373499789687,56939
suspenders,hip,53,-7.75,0.00043074254057568753,16355
suspenders,outfit,54,-7.765625,0.00042406449646342195,20321
suspenders,apron,55,-7.765625,0.00042406449646342195,67897
suspenders,suspender,56,-7.796875,0.00041101740353382464,207312
suspenders,utility,57,-7.828125,0.00039837172745315756,18719
suspenders,piece,58,-7.84375,0.00039219554628132326,6431
suspenders,equipment,59,-7.890625,0.000374235604625066,6682
suspenders,bottom,60,-7.90625,0.0003684336193539422,6837
suspenders,essential,61,-7.90625,0.0003684336193539422,8727
suspenders,jeans,62,-7.921875,0.00036272158552696295,13937
suspenders,wardrobe,63,-7.984375,0.0003407453956084444,48132
suspenders,vest,64,-8.0,0.00033546262790251185,27276
suspenders,female,65,-8.0625,0.000315137974737356,8914
suspenders,item,66,-8.125,0.0002960447300568554,2599
suspenders,reinforcement,67,-8.125,0.0002960447300568554,57890
suspenders,part,68,-8.140625,0.00029145498193520206,1702
suspenders,alternative,69,-8.140625,0.00029145498193520206,11023
suspenders,slip,70,-8.140625,0.00029145498193520206,19578
suspenders,ties,71,-8.1875,0.00027810828659249914,23572
suspenders,mens,72,-8.203125,0.0002737966172519944,9607
suspenders,knee,73,-8.203125,0.0002737966172519944,22644
suspenders,pocket,74,-8.234375,0.00026537278092783216,16380
suspenders,lightweight,75,-8.234375,0.00026537278092783216,30322
suspenders,light,76,-8.265625,0.00025720811880066503,2611
suspenders,multi,77,-8.265625,0.00025720811880066503,3103
suspenders,invention,78,-8.28125,0.0002532204765281185,26532
suspenders,outerwear,79,-8.296875,0.00024929465691874434,139536
suspenders,blouse,80,-8.3125,0.0002454297015009895,46295
suspenders,vertical,81,-8.34375,0.00023787862342236765,12991
suspenders,body,82,-8.359375,0.00023419065719907224,2971
suspenders,kn,83,-8.359375,0.00023419065719907224,11448
suspenders,gender,84,-8.359375,0.00023419065719907224,15408
suspenders,crotch,85,-8.390625,0.00022698536816119751,187600
suspenders,elastici,86,-8.390625,0.00022698536816119751,208830
suspenders,accessories,87,-8.40625,0.00022346628620705983,20071
suspenders,straps,88,-8.40625,0.00022346628620705983,51364
suspenders,belts,89,-8.421875,0.00022000176256168122,53974
suspenders,append,90,-8.453125,0.00021323301991815497,20447
suspenders,costume,91,-8.453125,0.00021323301991815497,22440
suspenders,band,92,-8.484375,0.00020667252959243203,5974
suspenders,evidence,93,-8.515625,0.00020031388433428086,5820
suspenders,jacket,94,-8.515625,0.00020031388433428086,12350
suspenders,corset,95,-8.515625,0.00020031388433428086,123876
suspenders,attire,96,-8.53125,0.00019720830540981299,69133
suspenders,head,97,-8.5625,0.00019114084371795175,2206
suspenders,combination,98,-8.5625,0.00019114084371795175,11137
suspenders,shoes,99,-8.59375,0.00018526005819728775,9378
suspenders,shoulder,100,-8.59375,0.00018526005819728775,14999
tanks,vehicle,1,-2.984375,0.050571100611906464,8692
tanks,military,2,-3.3125,0.036424997337364234,8403
tanks,tank,3,-3.4375,0.03214494732687607,9948
tanks,weapon,4,-3.703125,0.024646386044811498,17175
tanks,land,5,-4.03125,0.01775212592162854,2840
tanks,transport,6,-4.03125,0.01775212592162854,6676
tanks,transportation,7,-4.265625,0.014043087460021496,16216
tanks,water,8,-4.34375,0.012987732771292249,2003
tanks,weapons,9,-4.375,0.012588142242433998,15875
tanks,aircraft,10,-4.421875,0.012011689239898848,16702
tanks,machine,11,-4.546875,0.010600278549019446,6479
tanks,armor,12,-4.734375,0.008787939577960206,26131
tanks,mobile,13,-4.796875,0.00825550523475136,7635
tanks,equipment,14,-4.890625,0.007516723054668224,6682
tanks,ship,15,-4.921875,0.007285457798938988,7509
tanks,combat,16,-5.03125,0.006530642163653784,15533
tanks,battle,17,-5.0625,0.006329715427485747,9509
tanks,truck,18,-5.078125,0.006231582285617883,9564
tanks,automobile,19,-5.09375,0.006134970557096825,34984
tanks,armour,20,-5.125,0.005946217356472094,37050
tanks,submarine,21,-5.1875,0.0055859542589981,69332
tanks,car,22,-5.21875,0.0054140925140856375,1226
tanks,container,23,-5.28125,0.005086069231012701,11254
tanks,artillery,24,-5.375,0.004630918733533246,57099
tanks,air,25,-5.40625,0.004488440342699523,2681
tanks,sea,26,-5.40625,0.004488440342699523,4176
tanks,tractor,27,-5.578125,0.0037796457147493746,44732
tanks,missile,28,-5.625,0.0036065631360157305,48814
tanks,warfare,29,-5.65625,0.0034956008536636734,48755
tanks,gun,30,-5.671875,0.0034414065856249506,8977
tanks,energy,31,-5.6875,0.0033880525218347116,4134
tanks,self,32,-5.703125,0.0033355256361334625,2011
tanks,engine,33,-5.78125,0.0030848569260302594,4800
tanks,vessel,34,-5.8125,0.0029899458563130603,20421
tanks,mass,35,-5.828125,0.0029435910423792925,5182
tanks,surface,36,-5.90625,0.00272237668213834,4955
tanks,vehicles,37,-5.921875,0.002680170143751801,13092
tanks,ocean,38,-5.921875,0.002680170143751801,13940
tanks,amphibi,39,-5.953125,0.0025977099773754862,122003
tanks,warship,40,-5.953125,0.0025977099773754862,229324
tanks,tanks,41,-5.984375,0.0025177868436031133,26189
tanks,motor,42,-6.0625,0.0023285721742377138,5980
tanks,troop,43,-6.09375,0.002256929540148032,67747
tanks,tanker,44,-6.109375,0.0022219390908479924,97375
tanks,public,45,-6.125,0.002187491118182885,2294
tanks,storage,46,-6.15625,0.0021201890918646723,7387
tanks,war,47,-6.265625,0.001900525218918533,2036
tanks,road,48,-6.28125,0.0018710603064642196,4376
tanks,chemical,49,-6.28125,0.0018710603064642196,9408
tanks,weaponry,50,-6.28125,0.0018710603064642196,190492
tanks,body,51,-6.296875,0.0018420522051362717,2971
tanks,marine,52,-6.3125,0.0018134938327346152,18441
tanks,mechanical,53,-6.328125,0.0017853782168585108,16801
tanks,hybrid,54,-6.328125,0.0017853782168585108,19504
tanks,capital,55,-6.359375,0.001730447903889382,6037
tanks,fuel,56,-6.359375,0.001730447903889382,9719
tanks,farm,57,-6.421875,0.0016256053654318836,7091
tanks,power,58,-6.453125,0.0015755907463196439,2384
tanks,ground,59,-6.453125,0.0015755907463196439,4216
tanks,light,60,-6.484375,0.0015271149152663852,2611
tanks,assault,61,-6.484375,0.0015271149152663852,25290
tanks,ammunition,62,-6.515625,0.0014801305287407067,60673
tanks,plane,63,-6.53125,0.001457183231848157,10599
tanks,jet,64,-6.53125,0.001457183231848157,11510
tanks,defense,65,-6.53125,0.001457183231848157,13066
tanks,asset,66,-6.546875,0.0014345916998185365,17827
tanks,technology,67,-6.609375,0.001347674182613322,6178
tanks,fighter,68,-6.609375,0.001347674182613322,34529
tanks,navy,69,-6.625,0.0013267804310269915,23008
tanks,electric,70,-6.65625,0.001285959688604209,6038
tanks,computer,71,-6.65625,0.001285959688604209,6875
tanks,cargo,72,-6.65625,0.001285959688604209,17929
tanks,freight,73,-6.65625,0.001285959688604209,35997
tanks,infantry,74,-6.65625,0.001285959688604209,63232
tanks,firearm,75,-6.65625,0.001285959688604209,79355
tanks,railway,76,-6.671875,0.0012660227315634282,25487
tanks,battleship,77,-6.71875,0.0012080473297263435,194574
tanks,airplane,78,-6.734375,0.001189318291849483,44737
tanks,system,79,-6.75,0.0011708796207911744,1812
tanks,non,80,-6.75,0.0011708796207911744,2173
tanks,force,81,-6.75,0.0011708796207911744,5097
tanks,army,82,-6.75,0.0011708796207911744,12211
tanks,steel,83,-6.765625,0.001152726814831155,8212
tanks,rocket,84,-6.78125,0.0011348554420418653,33756
tanks,tool,85,-6.8125,0.0010999396107533182,7217
tanks,liquid,86,-6.84375,0.0010660980266590896,10177
tanks,investment,87,-6.859375,0.0010495697087443705,9245
tanks,float,88,-6.890625,0.0010172778436147007,6970
tanks,carrier,89,-6.890625,0.0010172778436147007,21604
tanks,government,90,-6.90625,0.0010015064124832178,3838
tanks,auto,91,-6.953125,0.000955644094802374,3072
tanks,soldier,92,-6.953125,0.000955644094802374,25574
tanks,material,93,-6.96875,0.0009408282063781959,2893
tanks,ships,94,-7.0,0.0009118819655545162,16974
tanks,food,95,-7.015625,0.0008977445460579097,2960
tanks,load,96,-7.015625,0.0008977445460579097,4412
tanks,cannon,97,-7.015625,0.0008977445460579097,52177
tanks,machinery,98,-7.03125,0.00088382630693505,25491
tanks,rail,99,-7.046875,0.0008701238501092051,9976
tanks,device,100,-7.078125,0.0008433529536363545,6064
waffles,bread,1,-2.0234375,0.13220024477706027,11843
waffles,breakfast,2,-2.3046875,0.09978998015036553,14457
waffles,cereal,3,-3.7578125,0.023334729305777742,57289
waffles,food,4,-4.1796875,0.015303289097415374,2960
waffles,pastry,5,-4.7734375,0.008451278899600677,68588
waffles,corn,6,-5.6171875,0.0036348497612726936,15025
waffles,dough,7,-5.8671875,0.002830823840426083,28780
waffles,cake,8,-5.9609375,0.002577494437949569,11514
waffles,flour,9,-6.0859375,0.0022746308579195173,16251
waffles,biscuit,10,-6.2109375,0.002007354686637315,79500
waffles,dessert,11,-6.3046875,0.0018277172411480466,35528
waffles,fruit,12,-6.3515625,0.0017440199750102805,9471
waffles,meal,13,-6.3515625,0.0017440199750102805,13805
waffles,grain,14,-6.4921875,0.0015152308127120793,17258
waffles,carbohydrate,15,-6.6015625,0.0013582441222301784,93277
waffles,crepe,16,-6.6015625,0.0013582441222301784,112137
waffles,snack,17,-6.6796875,0.0012561704645024665,31755
waffles,sandwich,18,-6.7109375,0.001217522162363377,34176
waffles,gri,19,-6.7421875,0.0011800629434740885,8704
waffles,waffle,20,-6.7421875,0.0011800629434740885,99051
waffles,wheat,21,-6.8984375,0.0010093613246292047,21251
waffles,batter,22,-7.0546875,0.0008633524925864207,7450
waffles,doughnut,23,-7.2109375,0.0007384645203530111,212439
waffles,breads,24,-7.3359375,0.0006516926518801511,154077
waffles,brunch,25,-7.5078125,0.0005487802334320488,79449
waffles,rice,26,-7.6640625,0.00046939660838477953,12463
waffles,bakery,27,-7.8515625,0.0003891434563261045,54982
waffles,pizza,28,-7.8671875,0.0003831103462370196,14967
waffles,dish,29,-7.8984375,0.0003713232800446586,15862
waffles,starch,30,-7.9296875,0.0003598988637540498,57634
waffles,side,31,-7.9453125,0.0003543191490481569,2857
waffles,flap,32,-7.9609375,0.0003488259398006987,60945
waffles,cookie,33,-8.0078125,0.0003328520370207935,17467
waffles,unle,34,-8.0703125,0.0003126855515614081,60329
waffles,yeast,35,-8.0859375,0.0003078378114152772,41463
waffles,foods,36,-8.1171875,0.00029836663765214793,16512
waffles,toast,37,-8.1796875,0.0002802895169181628,33611
waffles,Germanic,38,-8.3046875,0.00024735463050721125,161926
waffles,Bread,39,-8.3203125,0.00024351975241113875,40451
waffles,dutch,40,-8.3515625,0.00023602743728832652,98708
waffles,type,41,-8.4296875,0.000218289695262571,1916
waffles,dinner,42,-8.4296875,0.000218289695262571,12279
waffles,frit,43,-8.4296875,0.000218289695262571,66784
waffles,sem,44,-8.4609375,0.00021157362739219717,3032
waffles,dum,45,-8.4609375,0.00021157362739219717,41205
waffles,Breakfast,46,-8.4921875,0.0002050641912072321,39859
waffles,staple,47,-8.4921875,0.0002050641912072321,64965
waffles,cuisine,48,-8.5234375,0.00019875502931906102,24311
waffles,donut,49,-8.5234375,0.00019875502931906102,92350
waffles,light,50,-8.5546875,0.00019263997993535412,2611
waffles,morning,51,-8.5546875,0.00019263997993535412,5764
waffles,egg,52,-8.6171875,0.00018096851357139753,13514
waffles,delicious,53,-8.6484375,0.00017540069774718182,15855
waffles,cracker,54,-8.6484375,0.00017540069774718182,134630
waffles,continental,55,-8.6953125,0.00016736851500600766,41527
waffles,pasta,56,-8.7109375,0.0001647737066903008,22512
waffles,porridge,57,-8.7265625,0.00016221912714877535,122149
waffles,waffles,58,-8.8046875,0.0001500281672245135,137817
waffles,pie,59,-8.8984375,0.000136602200756776,4506
waffles,tortilla,60,-8.9921875,0.00012437771917636007,112704
waffles,cereals,61,-9.0078125,0.00012244942137198576,94725
waffles,desert,62,-9.0546875,0.00011684205411721881,21459
waffles,circle,63,-9.1015625,0.00011149146690418283,11698
waffles,Danish,64,-9.1640625,0.00010473654040202565,44668
waffles,iron,65,-9.1796875,0.00010311275085006726,8456
waffles,bun,66,-9.1953125,0.00010151413582171762,15907
waffles,product,67,-9.2421875,9.686546509118452e-05,3225
waffles,preparation,68,-9.2734375,9.388522803938417e-05,12988
waffles,potato,69,-9.3046875,9.099668324216146e-05,28251
waffles,delicacy,70,-9.3203125,8.958591043121772e-05,104834
waffles,North,71,-9.3359375,8.81970096254195e-05,4612
waffles,specialty,72,-9.3515625,8.68296417307572e-05,46823
waffles,roll,73,-9.3671875,8.548347291038659e-05,9993
waffles,cakes,74,-9.3828125,8.415817450312395e-05,36403
waffles,part,75,-9.4765625,7.662688987992337e-05,1702
waffles,american,76,-9.4765625,7.662688987992337e-05,21670
waffles,money,77,-9.5546875,7.086828816589593e-05,3370
waffles,carbon,78,-9.6171875,6.65745956422723e-05,8933
waffles,crispy,79,-9.6171875,6.65745956422723e-05,68705
waffles,lunch,80,-9.6328125,6.554245220489287e-05,13955
waffles,oat,81,-9.6796875,6.25410447978757e-05,62373
waffles,slice,82,-9.7265625,5.967708184281062e-05,27125
waffles,household,83,-9.7421875,5.875187444512721e-05,13356
waffles,un,84,-9.7734375,5.6944269299998705e-05,748
waffles,maize,85,-9.78125,5.65011254805808e-05,66493
waffles,biscuits,86,-9.84375,5.3077895340120925e-05,68414
waffles,appetizer,87,-9.859375,5.225499884609502e-05,150365
waffles,farina,88,-9.8828125,5.10445131015907e-05,99632
waffles,comfort,89,-9.8984375,5.0253141277191926e-05,11852
waffles,roti,90,-9.9140625,4.947403853572487e-05,94328
waffles,carbohydrates,91,-9.9453125,4.795188239258791e-05,72780
waffles,english,92,-9.9765625,4.647655807059723e-05,26299
waffles,grits,93,-10.015625,4.469606909146213e-05,214346
waffles,multi,94,-10.03125,4.4003120768692036e-05,3103
waffles,pank,95,-10.03125,4.4003120768692036e-05,216240
waffles,man,96,-10.046875,4.3320915613895993e-05,916
waffles,Special,97,-10.046875,4.3320915613895993e-05,8820
waffles,Food,98,-10.0625,4.264928706969257e-05,8777
waffles,cone,99,-10.078125,4.198807116093317e-05,30373
waffles,pastries,100,-10.078125,4.198807116093317e-05,118761
rearview mirrors,safety,1,-4.2109375,0.014832456390014475,6514
rearview mirrors,reflection,2,-4.2109375,0.014832456390014475,22915
rearview mirrors,convex,3,-4.3046875,0.013505105227825677,42563
rearview mirrors,mirror,4,-4.9140625,0.007342598352649541,15978
rearview mirrors,surface,5,-5.2890625,0.005046489126244284,4955
rearview mirrors,plane,6,-5.3828125,0.004594880638037095,10599
rearview mirrors,lens,7,-5.6484375,0.0035230171909539,18522
rearview mirrors,device,8,-5.8203125,0.002966677913060703,6064
rearview mirrors,reflector,9,-5.8359375,0.0029206838351509027,106244
rearview mirrors,example,10,-6.0703125,0.0023104510818123167,3287
rearview mirrors,visual,11,-6.0703125,0.0023104510818123167,9095
rearview mirrors,light,12,-6.3828125,0.001690362121370567,2611
rearview mirrors,objective,13,-6.4296875,0.0016129548041136131,15535
rearview mirrors,prism,14,-6.4765625,0.0015390922259922361,78317
rearview mirrors,glass,15,-6.5390625,0.0014458433419717767,5570
rearview mirrors,window,16,-6.6328125,0.0013164553437976388,5912
rearview mirrors,image,17,-6.6796875,0.0012561704645024665,2416
rearview mirrors,ray,18,-6.7265625,0.0011986462308218651,13120
rearview mirrors,function,19,-6.7734375,0.001143756223589066,1411
rearview mirrors,force,20,-6.7890625,0.0011260239269261967,5097
rearview mirrors,automobile,21,-6.8984375,0.0010093613246292047,34984
rearview mirrors,non,22,-6.9296875,0.0009783065414256911,2173
rearview mirrors,wave,23,-6.9296875,0.0009783065414256911,9591
rearview mirrors,illusion,24,-6.9765625,0.0009335066231896564,44299
rearview mirrors,application,25,-7.0390625,0.0008769483160472604,4724
rearview mirrors,camera,26,-7.0703125,0.0008499674528310694,7909
rearview mirrors,indicator,27,-7.1015625,0.0008238167035070768,25343
rearview mirrors,diffraction,28,-7.1015625,0.0008238167035070768,68781
rearview mirrors,projection,29,-7.1484375,0.0007860913900232152,29241
rearview mirrors,type,30,-7.2109375,0.0007384645203530111,1916
rearview mirrors,windshield,31,-7.2890625,0.0006829680352507563,89213
rearview mirrors,auto,32,-7.3046875,0.0006723795972929537,3072
rearview mirrors,refraction,33,-7.3359375,0.0006516926518801511,118780
rearview mirrors,system,34,-7.3984375,0.0006122085901157691,1812
rearview mirrors,evidence,35,-7.4140625,0.0006027171756730792,5820
rearview mirrors,vision,36,-7.4765625,0.000566200388009335,9678
rearview mirrors,tool,37,-7.5234375,0.0005402721845128483,7217
rearview mirrors,magic,38,-7.5546875,0.0005236497568929882,11908
rearview mirrors,equipment,39,-7.6015625,0.0004996700886604343,6682
rearview mirrors,refra,40,-7.6015625,0.0004996700886604343,28721
rearview mirrors,control,41,-7.6171875,0.000491923421964374,2582
rearview mirrors,emergency,42,-7.7109375,0.0004479013727040852,13738
rearview mirrors,instrument,43,-7.7578125,0.000427390475530988,11755
rearview mirrors,measure,44,-7.7890625,0.00041424105298328224,4015
rearview mirrors,technology,45,-7.7890625,0.00041424105298328224,6178
rearview mirrors,mechanical,46,-7.7890625,0.00041424105298328224,16801
rearview mirrors,car,47,-7.8046875,0.00040781884072341,1226
rearview mirrors,mass,48,-7.8203125,0.00040149619563587327,5182
rearview mirrors,accident,49,-7.8203125,0.00040149619563587327,10764
rearview mirrors,Ray,50,-7.8203125,0.00040149619563587327,11909
rearview mirrors,diffusion,51,-7.8671875,0.0003831103462370196,28704
rearview mirrors,reflectors,52,-7.8671875,0.0003831103462370196,214607
rearview mirrors,mirrors,53,-7.8828125,0.0003771707708502542,46669
rearview mirrors,auxiliary,54,-7.8828125,0.0003771707708502542,52170
rearview mirrors,un,55,-7.8984375,0.0003713232800446586,748
rearview mirrors,photographic,56,-7.9453125,0.0003543191490481569,50915
rearview mirrors,compound,57,-8.0078125,0.0003328520370207935,16301
rearview mirrors,magnification,58,-8.0078125,0.0003328520370207935,99237
rearview mirrors,lever,59,-8.0234375,0.0003276916444969635,22049
rearview mirrors,artificial,60,-8.1328125,0.0002937408916898234,18225
rearview mirrors,photo,61,-8.2265625,0.0002674541254445945,2686
rearview mirrors,variable,62,-8.2578125,0.00025922542707870625,8792
rearview mirrors,def,63,-8.2734375,0.0002552065093401916,1698
rearview mirrors,multiple,64,-8.3203125,0.00024351975241113875,6733
rearview mirrors,component,65,-8.3203125,0.00024351975241113875,8350
rearview mirrors,reflex,66,-8.3203125,0.00024351975241113875,27311
rearview mirrors,mirage,67,-8.3203125,0.00024351975241113875,133157
rearview mirrors,apparatus,68,-8.3671875,0.00023236817104587491,28714
rearview mirrors,analogy,69,-8.3671875,0.00023236817104587491,53688
rearview mirrors,information,70,-8.3984375,0.00022521895401214571,2113
rearview mirrors,time,71,-8.4296875,0.000218289695262571,1069
rearview mirrors,radiation,72,-8.4296875,0.000218289695262571,19144
rearview mirrors,feedback,73,-8.4453125,0.0002149054272209975,10457
rearview mirrors,frequency,74,-8.4609375,0.00021157362739219717,10474
rearview mirrors,distortion,75,-8.4765625,0.00020829348233192797,52981
rearview mirrors,problem,76,-8.5078125,0.0002018849656009158,3210
rearview mirrors,radio,77,-8.5390625,0.00019567361820152106,7752
rearview mirrors,everyday,78,-8.5390625,0.00019567361820152106,18651
rearview mirrors,telescope,79,-8.5546875,0.00019263997993535412,61577
rearview mirrors,Reflection,80,-8.5546875,0.00019263997993535412,72150
rearview mirrors,lenses,81,-8.5703125,0.0001896533738711495,37079
rearview mirrors,op,82,-8.6171875,0.00018096851357139753,1200
rearview mirrors,material,83,-8.6171875,0.00018096851357139753,2893
rearview mirrors,windows,84,-8.6171875,0.00018096851357139753,11273
rearview mirrors,appliance,85,-8.6640625,0.00017268136198036305,56939
rearview mirrors,Car,86,-8.6953125,0.00016736851500600766,2244
rearview mirrors,signal,87,-8.6953125,0.00016736851500600766,9402
rearview mirrors,insurance,88,-8.6953125,0.00016736851500600766,9490
rearview mirrors,impact,89,-8.71875,0.00016349142753174832,6418
rearview mirrors,observational,90,-8.71875,0.00016349142753174832,106409
rearview mirrors,monitor,91,-8.734375,0.00016095672788593417,8200
rearview mirrors,index,92,-8.765625,0.00015600460997961275,3921
rearview mirrors,inertia,93,-8.765625,0.00015600460997961275,71120
rearview mirrors,self,94,-8.796875,0.0001512048527237606,2011
rearview mirrors,parallel,95,-8.796875,0.0001512048527237606,14255
rearview mirrors,optics,96,-8.796875,0.0001512048527237606,71917
rearview mirrors,human,97,-8.8046875,0.0001500281672245135,3515
rearview mirrors,deflection,98,-8.8203125,0.00014770219608298515,77575
rearview mirrors,combination,99,-8.8359375,0.00014541228578157306,11137
rearview mirrors,use,100,-8.8671875,0.00014093842008067257,1281
yaks,animal,1,-3.67578125,0.02532960903367075,8205
yaks,cow,2,-3.69140625,0.024936909844388858,13910
yaks,cattle,3,-3.70703125,0.024550298891725924,22764
yaks,yak,4,-3.94140625,0.01942088491419107,25942
yaks,mountain,5,-4.08203125,0.016873157219397115,8180
yaks,reindeer,6,-4.28515625,0.01377146956105809,103360
yaks,goat,7,-4.47265625,0.011416949266252214,40692
yaks,bovine,8,-4.51953125,0.010894129094889895,94478
yaks,deer,9,-4.58203125,0.010234087179715915,26932
yaks,livestock,10,-4.59765625,0.010075422364433047,41191
yaks,sheep,11,-4.92578125,0.007257054490739874,21304
yaks,herb,12,-4.97265625,0.006924729770365621,43959
yaks,horse,13,-5.11328125,0.0060163094850451924,10468
yaks,hoof,14,-5.23828125,0.0053093744855427045,47016
yaks,camel,15,-5.47265625,0.004200060915951573,49291
yaks,ox,16,-5.55078125,0.0038844213535535782,9534
yaks,farm,17,-5.58203125,0.003764910272573713,7091
yaks,llama,18,-5.86328125,0.002841903371673867,19001
yaks,antelope,19,-5.86328125,0.002841903371673867,189878
yaks,dog,20,-5.91015625,0.0027117631412915152,5929
yaks,milk,21,-5.92578125,0.0026697211506040907,9512
yaks,musk,22,-5.98828125,0.0025079709229469055,86252
yaks,alpine,23,-6.11328125,0.0022132765712728733,76135
yaks,dairy,24,-6.31640625,0.0018064236903125622,31062
yaks,land,25,-6.33203125,0.001778417686834879,2840
yaks,water,26,-6.58203125,0.0013850330871350402,2003
yaks,plant,27,-6.62890625,0.001321607804332139,4829
yaks,clo,28,-6.64453125,0.0013011181744835318,3125
yaks,rumin,29,-6.76953125,0.0011482327588782399,146955
yaks,type,30,-6.78515625,0.0011304310599685174,1916
yaks,Himalayan,31,-6.97265625,0.0009371602648094353,126474
yaks,mammals,32,-7.12890625,0.0008015956534429372,58318
yaks,species,33,-7.20703125,0.0007413547887659687,6202
yaks,Yak,34,-7.20703125,0.0007413547887659687,49203
yaks,breed,35,-7.28515625,0.0006856410965623564,27077
yaks,oxen,36,-7.31640625,0.0006645461377110401,134652
yaks,ze,37,-7.36328125,0.0006341143544479526,4949
yaks,bact,38,-7.37890625,0.0006242833226079939,197747
yaks,giant,39,-7.39453125,0.000614604706789468,17835
yaks,asian,40,-7.44140625,0.0005864599081545489,38432
yaks,donkey,41,-7.48828125,0.0005596039536847485,86357
yaks,beast,42,-7.51953125,0.0005423867500556189,30365
yaks,Tibetan,43,-7.51953125,0.0005423867500556189,89057
yaks,animals,44,-7.53515625,0.0005339778229086999,8398
yaks,member,45,-7.55078125,0.00052569926409352,4757
yaks,cap,46,-7.58203125,0.0005095251980991962,1983
yaks,Alpine,47,-7.66015625,0.00047123377476579323,68773
yaks,food,48,-7.67578125,0.00046392797225353256,2960
yaks,bull,49,-7.70703125,0.00044965440911134296,12547
yaks,hoo,50,-7.72265625,0.0004426831636538894,11416
yaks,equ,51,-7.78515625,0.0004158623466240594,1893
yaks,North,52,-7.78515625,0.0004158623466240594,4612
yaks,brown,53,-7.84765625,0.00039066652075090693,8426
yaks,beef,54,-7.87890625,0.00037864697550902133,21316
yaks,family,55,-7.91015625,0.0003669972327972938,2730
yaks,herd,56,-7.91015625,0.0003669972327972938,48010
yaks,non,57,-7.92578125,0.0003613074680797802,2173
yaks,prey,58,-8.0078125,0.0003328520370207935,38084
yaks,grass,59,-8.0390625,0.00032261125644370356,10996
yaks,Alp,60,-8.0390625,0.00032261125644370356,100191
yaks,caribou,61,-8.1015625,0.0003030652285138832,207209
yaks,hybrid,62,-8.1171875,0.00029836663765214793,19504
yaks,rodent,63,-8.1328125,0.0002937408916898234,146234
yaks,giraffe,64,-8.1484375,0.0002891868612714227,117771
yaks,highland,65,-8.1484375,0.0002891868612714227,146019
yaks,arti,66,-8.1640625,0.00028470343455049295,3774
yaks,tourist,67,-8.1796875,0.0002802895169181628,18408
yaks,bison,68,-8.1796875,0.0002802895169181628,121940
yaks,symbol,69,-8.1953125,0.00027594403073589844,10159
yaks,bird,70,-8.2109375,0.0002716659150724029,13170
yaks,fish,71,-8.2578125,0.00025922542707870625,5001
yaks,rock,72,-8.34375,0.00023787862342236765,7095
yaks,Mountain,73,-8.359375,0.00023419065719907224,13216
yaks,cheese,74,-8.359375,0.00023419065719907224,13624
yaks,zoo,75,-8.359375,0.00023419065719907224,22650
yaks,insect,76,-8.359375,0.00023419065719907224,35312
yaks,pony,77,-8.359375,0.00023419065719907224,40612
yaks,Bact,78,-8.359375,0.00023419065719907224,226854
yaks,wildlife,79,-8.390625,0.00022698536816119751,27327
yaks,Eurasian,80,-8.390625,0.00022698536816119751,196893
yaks,arctic,81,-8.40625,0.00022346628620705983,93045
yaks,sub,82,-8.421875,0.00022000176256168122,1334
yaks,cows,83,-8.421875,0.00022000176256168122,35768
yaks,rhinoceros,84,-8.4375,0.00021659095137688503,234456
yaks,transport,85,-8.5078125,0.0002018849656009158,6676
yaks,ass,86,-8.5234375,0.00019875502931906102,1719
yaks,hump,87,-8.5390625,0.00019567361820152106,109348
yaks,stock,88,-8.578125,0.0001881774796065311,2306
yaks,national,89,-8.578125,0.0001881774796065311,4975
yaks,ecosystem,90,-8.578125,0.0001881774796065311,25462
yaks,cam,91,-8.59375,0.00018526005819728775,2554
yaks,tax,92,-8.59375,0.00018526005819728775,4093
yaks,mus,93,-8.625,0.00017956020542583297,2519
yaks,pig,94,-8.640625,0.00017677638246969176,12806
yaks,mammoth,95,-8.640625,0.00017677638246969176,140887
yaks,male,96,-8.671875,0.00017133754496012662,9202
yaks,hair,97,-8.6796875,0.0001700041856069086,5054
yaks,bale,98,-8.7578125,0.00015722816930033686,89154
yaks,goats,99,-8.8046875,0.0001500281672245135,62767
yaks,CAM,100,-8.8125,0.00014886063876446985,28843
drums,percussion,1,-0.93603515625,0.3921796880839834,77755
drums,music,2,-3.216796875,0.04008324449531219,4296
drums,string,3,-4.40625,0.012200845821682604,2067
drums,instrument,4,-4.5625,0.010435936462774504,11755
drums,folk,5,-5.328125,0.004853161163813102,21082
drums,Percussion,6,-5.703125,0.0033355256361334625,169845
drums,drum,7,-5.890625,0.0027652478767918433,22112
drums,wood,8,-5.9375,0.0026386179570919216,4656
drums,band,9,-6.25,0.0019304541362277093,5974
drums,rhythm,10,-6.265625,0.001900525218918533,36168
drums,dance,11,-6.3125,0.0018134938327346152,11877
drums,wind,12,-6.390625,0.0016772076189795154,6785
drums,brass,13,-6.453125,0.0015755907463196439,25399
drums,idio,14,-6.609375,0.001347674182613322,24186
drums,metal,15,-6.640625,0.0013062106070345731,5998
drums,noise,16,-6.890625,0.0010172778436147007,11277
drums,instruments,17,-7.015625,0.0008977445460579097,18159
drums,non,18,-7.234375,0.0007213580081637692,2173
drums,hand,19,-7.375,0.0006267266984484576,1634
drums,vocal,20,-7.5,0.0005530843701478336,28381
drums,art,21,-7.59375,0.0005035890497369525,3096
drums,symbol,22,-7.65625,0.0004730781316127184,10159
drums,voice,23,-7.78125,0.00041748998582873153,7061
drums,mechanical,24,-7.796875,0.00041101740353382464,16801
drums,membran,25,-7.859375,0.00038611511792335253,111644
drums,orchestra,26,-7.921875,0.00036272158552696295,49428
drums,chord,27,-8.125,0.0002960447300568554,50591
drums,keyboard,28,-8.140625,0.00029145498193520206,20434
drums,xy,29,-8.203125,0.0002737966172519944,54824
drums,source,30,-8.234375,0.00026537278092783216,4303
drums,skin,31,-8.234375,0.00026537278092783216,5239
drums,world,32,-8.265625,0.00025720811880066503,2134
drums,machine,33,-8.265625,0.00025720811880066503,6479
drums,beats,34,-8.3125,0.0002454297015009895,37308
drums,performance,35,-8.359375,0.00023419065719907224,4665
drums,household,36,-8.359375,0.00023419065719907224,13356
drums,family,37,-8.390625,0.00022698536816119751,2730
drums,rock,38,-8.40625,0.00022346628620705983,7095
drums,bass,39,-8.421875,0.00022000176256168122,15338
drums,melodic,40,-8.421875,0.00022000176256168122,123492
drums,african,41,-8.46875,0.00020992714836132686,45266
drums,metallo,42,-8.484375,0.00020667252959243203,96197
drums,visual,43,-8.8125,0.00014886063876446985,9095
drums,plastic,44,-8.8125,0.00014886063876446985,9975
drums,member,45,-8.828125,0.00014655276847396972,4757
drums,electric,46,-8.859375,0.00014204381380948848,6038
drums,guitar,47,-8.859375,0.00014204381380948848,14673
drums,pulse,48,-8.859375,0.00014204381380948848,22787
drums,handheld,49,-8.859375,0.00014204381380948848,97641
drums,Africa,50,-8.9140625,0.00013448437993214345,8125
drums,sculpture,51,-8.9296875,0.0001323993928760769,34102
drums,circle,52,-8.9453125,0.00013034673054817695,11698
drums,form,53,-8.9609375,0.00012832589179998424,1736
drums,melody,54,-8.9765625,0.00012633638325262604,53188
drums,syn,55,-8.9921875,0.00012437771917636007,14904
drums,accompaniment,56,-8.9921875,0.00012437771917636007,107208
drums,intr,57,-9.046875,0.0001177584577054612,19990
drums,type,58,-9.0625,0.00011593278203827863,1916
drums,military,59,-9.0625,0.00011593278203827863,8403
drums,strings,60,-9.0625,0.00011593278203827863,18935
drums,tone,61,-9.1328125,0.00010806123508405339,14533
drums,metallic,62,-9.1328125,0.00010806123508405339,31336
drums,synthesizer,63,-9.1484375,0.0001063859009186544,211222
drums,auxiliary,64,-9.1640625,0.00010473654040202565,52170
drums,amplification,65,-9.1953125,0.00010151413582171762,74525
drums,vehicle,66,-9.234375,9.762519034984247e-05,8692
drums,mallet,67,-9.234375,9.762519034984247e-05,212479
drums,eth,68,-9.265625,9.462157900914659e-05,8681
drums,body,69,-9.28125,9.315460739833056e-05,2971
drums,concerto,70,-9.28125,9.315460739833056e-05,117140
drums,aer,71,-9.296875,9.171037907429409e-05,17703
drums,bang,72,-9.359375,8.615392809796751e-05,15600
drums,symbols,73,-9.359375,8.615392809796751e-05,22013
drums,light,74,-9.3984375,8.285342294320493e-05,2611
drums,weather,75,-9.4140625,8.156889968128741e-05,8957
drums,stick,76,-9.4296875,8.030429110667905e-05,9288
drums,container,77,-9.4296875,8.030429110667905e-05,11254
drums,latin,78,-9.4453125,7.905928847077063e-05,67827
drums,game,79,-9.4609375,7.783358781165646e-05,2398
drums,organ,80,-9.46875,7.722788202587939e-05,2359
drums,Music,81,-9.46875,7.722788202587939e-05,8554
drums,piano,82,-9.484375,7.603057469195227e-05,16748
drums,folklore,83,-9.53125,7.254888118852912e-05,96314
drums,self,84,-9.546875,7.142411503883562e-05,2011
drums,solo,85,-9.546875,7.142411503883562e-05,7212
drums,national,86,-9.6015625,6.762299297372325e-05,4975
drums,alternative,87,-9.6015625,6.762299297372325e-05,11023
drums,https,88,-9.6328125,6.554245220489287e-05,4009
drums,Rhythm,89,-9.6328125,6.554245220489287e-05,103786
drums,public,90,-9.6484375,6.45263106683143e-05,2294
drums,air,91,-9.6953125,6.157143577010426e-05,2681
drums,time,92,-9.734375,5.9212671107461366e-05,1069
drums,marine,93,-9.734375,5.9212671107461366e-05,18441
drums,membrane,94,-9.765625,5.739088873946875e-05,21475
drums,song,95,-9.828125,5.3913750568331754e-05,5169
drums,complex,96,-9.8515625,5.266483988156777e-05,5766
drums,speech,97,-9.8515625,5.266483988156777e-05,11360
drums,marching,98,-9.8515625,5.266483988156777e-05,74248
drums,part,99,-9.875,5.144486017970228e-05,1702
drums,notation,100,-9.890625,5.064728154915831e-05,36932
beakers,flask,1,-2.8203125,0.059587318761986086,35634
beakers,glassware,2,-3.0703125,0.046406650512960175,172763
beakers,laboratory,3,-3.3046875,0.03671068213222579,17355
beakers,glass,4,-3.3515625,0.03502957760284582,5570
beakers,apparatus,5,-3.9765625,0.018749981748116082,28714
beakers,equipment,6,-4.1328125,0.01603770927535055,6682
beakers,vessel,7,-4.1328125,0.01603770927535055,20421
beakers,container,8,-4.1640625,0.015544280834539277,11254
beakers,measurement,9,-4.7578125,0.008584367176896394,13384
beakers,test,10,-4.7890625,0.008320253964795856,2121
beakers,beaker,11,-5.1953125,0.005542484018079121,143322
beakers,lab,12,-5.2890625,0.005046489126244284,11859
beakers,thermometer,13,-5.2890625,0.005046489126244284,68572
beakers,volume,14,-5.6640625,0.003468397872002917,6620
beakers,chemical,15,-5.7578125,0.0031580121998471176,9408
beakers,variable,16,-5.8515625,0.0028754028293253553,8792
beakers,liquid,17,-5.9296875,0.0026593128942200726,10177
beakers,cylinder,18,-5.9609375,0.002577494437949569,25572
beakers,measure,19,-6.1640625,0.002103689649451823,4015
beakers,piece,20,-6.2578125,0.0019154312229538169,6431
beakers,device,21,-6.3046875,0.0018277172411480466,6064
beakers,standard,22,-6.3515625,0.0017440199750102805,5039
beakers,distillation,23,-6.3515625,0.0017440199750102805,97031
beakers,unit,24,-6.3828125,0.001690362121370567,4982
beakers,mass,25,-6.3984375,0.001664155485738227,5182
beakers,bottle,26,-6.3984375,0.001664155485738227,12989
beakers,rectangular,27,-6.4296875,0.0016129548041136131,37559
beakers,conical,28,-6.4296875,0.0016129548041136131,99639
beakers,reaction,29,-6.6015625,0.0013582441222301784,9541
beakers,accessory,30,-6.6015625,0.0013582441222301784,43105
beakers,plastic,31,-6.6484375,0.0012960455954455052,9975
beakers,material,32,-6.8203125,0.0010913798127924323,2893
beakers,py,33,-6.8671875,0.0010414018924707435,6599
beakers,graduate,34,-6.8671875,0.0010414018924707435,20223
beakers,system,35,-6.9609375,0.0009482072134553882,1812
beakers,chemistry,36,-6.9765625,0.0009335066231896564,25410
beakers,bea,37,-6.9921875,0.0009190339444511671,2298
beakers,collection,38,-6.9921875,0.0009190339444511671,5488
beakers,medicine,39,-6.9921875,0.0009190339444511671,15300
beakers,instrument,40,-7.0234375,0.0008907582425739574,11755
beakers,containers,41,-7.0703125,0.0008499674528310694,27649
beakers,class,42,-7.1328125,0.0007984705281558034,1062
beakers,water,43,-7.1484375,0.0007860913900232152,2003
beakers,vessels,44,-7.1953125,0.000750093644421137,21254
beakers,tool,45,-7.2421875,0.0007157443556077709,7217
beakers,SI,46,-7.3046875,0.0006723795972929537,25405
beakers,tube,47,-7.4140625,0.0006027171756730792,13005
beakers,eye,48,-7.5546875,0.0005236497568929882,6312
beakers,fluid,49,-7.6015625,0.0004996700886604343,14721
beakers,bulb,50,-7.6328125,0.0004842968562034343,35386
beakers,pip,51,-7.6484375,0.0004767885293852017,11993
beakers,balance,52,-7.6640625,0.00046939660838477953,7739
beakers,experiment,53,-7.6796875,0.00046211928849723845,10844
beakers,oven,54,-7.6796875,0.00046211928849723845,18403
beakers,pipette,55,-7.7734375,0.00042076440037030485,151723
beakers,evaporation,56,-7.8359375,0.0003952715740747437,64284
beakers,type,57,-7.9296875,0.0003598988637540498,1916
beakers,resistor,58,-8.0390625,0.00032261125644370356,68585
beakers,flasks,59,-8.0390625,0.00032261125644370356,168981
beakers,vacuum,60,-8.1640625,0.00028470343455049295,23173
beakers,ware,61,-8.1796875,0.0002802895169181628,21558
beakers,temperature,62,-8.1953125,0.00027594403073589844,5809
beakers,pollution,63,-8.1953125,0.00027594403073589844,21675
beakers,part,64,-8.2265625,0.0002674541254445945,1702
beakers,gas,65,-8.2265625,0.0002674541254445945,5137
beakers,mechanical,66,-8.2265625,0.0002674541254445945,16801
beakers,essential,67,-8.2578125,0.00025922542707870625,8727
beakers,identity,68,-8.2890625,0.0002512498991460061,12852
beakers,heat,69,-8.3046875,0.00024735463050721125,6719
beakers,sample,70,-8.3359375,0.0002397443285892053,6453
beakers,pieces,71,-8.3359375,0.0002397443285892053,9308
beakers,resistance,72,-8.3359375,0.0002397443285892053,10942
beakers,men,73,-8.3515625,0.00023602743728832652,1359
beakers,calibration,74,-8.3828125,0.00022876563646812717,35089
beakers,substance,75,-8.4140625,0.0002217272577710424,16089
beakers,precision,76,-8.421875,0.00022000176256168122,21342
beakers,science,77,-8.4375,0.00021659095137688503,8042
beakers,Class,78,-8.453125,0.00021323301991815497,4908
beakers,dec,79,-8.46875,0.00020992714836132686,1956
beakers,item,80,-8.46875,0.00020992714836132686,2599
beakers,density,81,-8.484375,0.00020667252959243203,11168
beakers,filtration,82,-8.484375,0.00020667252959243203,58551
beakers,receptacle,83,-8.5,0.00020346836901064417,145256
beakers,storage,84,-8.5390625,0.00019567361820152106,7387
beakers,Flask,85,-8.6171875,0.00018096851357139753,57155
beakers,product,86,-8.6328125,0.00017816285682120578,3225
beakers,household,87,-8.6484375,0.00017540069774718182,13356
beakers,cru,88,-8.671875,0.00017133754496012662,6005
beakers,evidence,89,-8.6875,0.00016868120253849865,5820
beakers,crystal,90,-8.71875,0.00016349142753174832,16162
beakers,milli,91,-8.8046875,0.0001500281672245135,9940
beakers,triangle,92,-8.8046875,0.0001500281672245135,23022
beakers,utens,93,-8.8046875,0.0001500281672245135,68516
beakers,fun,94,-8.8515625,0.0001431578772487709,2245
beakers,equilibrium,95,-8.8671875,0.00014093842008067257,25244
beakers,precipitation,96,-8.8671875,0.00014093842008067257,39699
beakers,testing,97,-8.8828125,0.00013875337240659363,8603
beakers,distill,98,-8.8828125,0.00013875337240659363,45708
beakers,equivalence,99,-8.8828125,0.00013875337240659363,70772
beakers,solution,100,-8.890625,0.0001376735850959261,4558
stretchers,stretcher,1,-3.46875,0.031155951269699805,157529
stretchers,emergency,2,-3.875,0.020754337873699742,13738
stretchers,tool,3,-4.375,0.012588142242433998,7217
stretchers,container,4,-4.546875,0.010600278549019446,11254
stretchers,bed,5,-4.59375,0.010114856452604551,3609
stretchers,equipment,6,-4.59375,0.010114856452604551,6682
stretchers,vehicle,7,-4.703125,0.009066898725060888,8692
stretchers,material,8,-4.734375,0.008787939577960206,2893
stretchers,device,9,-4.921875,0.007285457798938988,6064
stretchers,transport,10,-4.953125,0.007061307827106542,6676
stretchers,restraint,11,-5.0625,0.006329715427485747,64659
stretchers,load,12,-5.140625,0.0058540298011064956,4412
stretchers,safety,13,-5.140625,0.0058540298011064956,6514
stretchers,transportation,14,-5.296875,0.005007217036294841,16216
stretchers,apparatus,15,-5.3125,0.004929587331545052,28714
stretchers,mattress,16,-5.328125,0.004853161163813102,49190
stretchers,balance,17,-5.359375,0.004703845092237552,7739
stretchers,ambulance,18,-5.421875,0.004418853525099015,57139
stretchers,mobile,19,-5.4375,0.004350345551108769,7635
stretchers,machine,20,-5.453125,0.004282899694808913,6479
stretchers,packaging,21,-5.453125,0.004282899694808913,19102
stretchers,body,22,-5.5625,0.0038391664740261636,2971
stretchers,measurement,23,-5.5625,0.0038391664740261636,13384
stretchers,instrument,24,-5.609375,0.0036633582412811897,11755
stretchers,non,25,-5.640625,0.003550648557242539,2173
stretchers,mass,26,-5.640625,0.003550648557242539,5182
stretchers,evidence,27,-5.671875,0.0034414065856249506,5820
stretchers,lever,28,-5.6875,0.0033880525218347116,22049
stretchers,force,29,-5.75,0.003182780796509667,5097
stretchers,business,30,-5.828125,0.0029435910423792925,2567
stretchers,frame,31,-5.9375,0.0026386179570919216,5265
stretchers,shock,32,-5.9375,0.0026386179570919216,15733
stretchers,mechanical,33,-5.9375,0.0026386179570919216,16801
stretchers,muscle,34,-5.96875,0.0025574362170995664,15990
stretchers,measure,35,-6.0,0.0024787521766663585,4015
stretchers,unit,36,-6.046875,0.0023652418502606745,4982
stretchers,conveyance,37,-6.0625,0.0023285721742377138,100463
stretchers,public,38,-6.09375,0.002256929540148032,2294
stretchers,splint,39,-6.15625,0.0021201890918646723,224584
stretchers,patient,40,-6.203125,0.00202309856457243,7679
stretchers,data,41,-6.234375,0.0019608543654049855,1423
stretchers,fabric,42,-6.28125,0.0018710603064642196,9662
stretchers,basket,43,-6.296875,0.0018420522051362717,12220
stretchers,exercise,44,-6.3125,0.0018134938327346152,9987
stretchers,furniture,45,-6.359375,0.001730447903889382,16241
stretchers,cargo,46,-6.421875,0.0016256053654318836,17929
stretchers,movable,47,-6.4375,0.0016004026902445643,96723
stretchers,automobile,48,-6.46875,0.0015511634759303816,34984
stretchers,protection,49,-6.484375,0.0015271149152663852,6919
stretchers,barrier,50,-6.5,0.0015034391929775724,26277
stretchers,platform,51,-6.515625,0.0014801305287407067,7134
stretchers,aircraft,52,-6.546875,0.0014345916998185365,16702
stretchers,storage,53,-6.5625,0.0014123504170288816,7387
stretchers,hospital,54,-6.59375,0.0013688969629109165,7454
stretchers,board,55,-6.609375,0.001347674182613322,4924
stretchers,rescue,56,-6.609375,0.001347674182613322,24954
stretchers,land,57,-6.640625,0.0013062106070345731,2840
stretchers,blanket,58,-6.640625,0.0013062106070345731,29863
stretchers,variable,59,-6.671875,0.0012660227315634282,8792
stretchers,bandage,60,-6.671875,0.0012660227315634282,109085
stretchers,lightweight,61,-6.6875,0.0012463948683920495,30322
stretchers,appliance,62,-6.6875,0.0012463948683920495,56939
stretchers,communication,63,-6.703125,0.0012270713070337978,9228
stretchers,aid,64,-6.71875,0.0012080473297263435,10395
stretchers,bar,65,-6.734375,0.001189318291849483,2333
stretchers,beds,66,-6.765625,0.001152726814831155,19800
stretchers,cart,67,-6.828125,0.0010828866277077577,8794
stretchers,scale,68,-6.84375,0.0010660980266590896,6959
stretchers,wheel,69,-6.859375,0.0010495697087443705,11478
stretchers,table,70,-6.875,0.001033297638647637,3037
stretchers,float,71,-6.875,0.001033297638647637,6970
stretchers,insurance,72,-6.875,0.001033297638647637,9490
stretchers,standard,73,-6.890625,0.0010172778436147007,5039
stretchers,human,74,-6.90625,0.0010015064124832178,3515
stretchers,form,75,-6.9375,0.0009706932995199089,1736
stretchers,health,76,-6.9375,0.0009706932995199089,2962
stretchers,box,77,-6.9375,0.0009706932995199089,3741
stretchers,metal,78,-6.9375,0.0009706932995199089,5998
stretchers,stage,79,-6.9375,0.0009706932995199089,6325
stretchers,resource,80,-6.9375,0.0009706932995199089,6537
stretchers,investment,81,-6.9375,0.0009706932995199089,9245
stretchers,truck,82,-6.9375,0.0009706932995199089,9564
stretchers,medicine,83,-6.9375,0.0009706932995199089,15300
stretchers,asset,84,-6.9375,0.0009706932995199089,17827
stretchers,property,85,-6.96875,0.0009408282063781959,4227
stretchers,horizontal,86,-6.96875,0.0009408282063781959,16686
stretchers,rope,87,-6.96875,0.0009408282063781959,26378
stretchers,test,88,-6.984375,0.0009262420170135229,2121
stretchers,crash,89,-6.984375,0.0009262420170135229,16948
stretchers,currency,90,-6.984375,0.0009262420170135229,18968
stretchers,sample,91,-7.0,0.0009118819655545162,6453
stretchers,uniform,92,-7.0,0.0009118819655545162,12876
stretchers,carrier,93,-7.03125,0.00088382630693505,21604
stretchers,ladder,94,-7.03125,0.00088382630693505,38088
stretchers,pallet,95,-7.03125,0.00088382630693505,75237
stretchers,reinforcement,96,-7.046875,0.0008701238501092051,57890
stretchers,product,97,-7.078125,0.0008433529536363545,3225
stretchers,delivery,98,-7.078125,0.0008433529536363545,8335
stretchers,accident,99,-7.078125,0.0008433529536363545,10764
stretchers,trailer,100,-7.078125,0.0008433529536363545,18893
tacos,food,1,-2.71484375,0.06621529833918861,2960
tacos,mexican,2,-4.44921875,0.011687694415785176,97915
tacos,sandwich,3,-4.76171875,0.008550899900940824,34176
tacos,tortilla,4,-4.87109375,0.007664977132720437,112704
tacos,meat,5,-4.88671875,0.0075461426768912016,11827
tacos,dish,6,-4.93359375,0.00720057964464416,15862
tacos,meal,7,-4.98046875,0.006870841095761506,13805
tacos,burrito,8,-5.07421875,0.006255972009086598,156558
tacos,cuisine,9,-5.12109375,0.005969490193187088,24311
tacos,snack,10,-5.35546875,0.004722255421393299,31755
tacos,appetizer,11,-5.94921875,0.0026078771267600553,150365
tacos,corn,12,-6.08984375,0.0022657629126126193,15025
tacos,bread,13,-6.18359375,0.0020630006083643946,11843
tacos,pizza,14,-6.30859375,0.0018205916469117142,14967
tacos,salad,15,-6.37109375,0.0017102875751579636,23216
tacos,staple,16,-6.41796875,0.0016319678049400079,64965
tacos,taco,17,-6.62109375,0.0013319733028103163,78266
tacos,street,18,-6.66796875,0.0012709778044345998,7432
tacos,soup,19,-6.73046875,0.0011939731520318544,21078
tacos,bur,20,-6.77734375,0.0011392971406570386,6286
tacos,pasta,21,-6.94921875,0.0009593843800362759,22512
tacos,latin,22,-7.04296875,0.0008735294185691895,67827
tacos,Tex,23,-7.05859375,0.0008599866002007731,7581
tacos,fruit,24,-7.07421875,0.0008466537437700558,9471
tacos,dinner,25,-7.12109375,0.0008078826460731563,12279
tacos,Mexico,26,-7.13671875,0.0007953575865775239,11198
tacos,breakfast,27,-7.23046875,0.000724181323581053,14457
tacos,tortillas,28,-7.41796875,0.0006003674040911155,132248
tacos,fish,29,-7.55859375,0.0005216082399637996,5001
tacos,national,30,-7.57421875,0.0005135214537570228,4975
tacos,dessert,31,-7.57421875,0.0005135214537570228,35528
tacos,seafood,32,-7.57421875,0.0005135214537570228,45962
tacos,spicy,33,-7.62109375,0.0004900055942931395,44669
tacos,rice,34,-7.63671875,0.00048240876169431345,12463
tacos,foods,35,-7.68359375,0.0004603176561306555,16512
tacos,bean,36,-7.76171875,0.0004257242379749019,24328
tacos,lunch,37,-7.79296875,0.000412626080167391,13955
tacos,entrée,38,-7.79296875,0.000412626080167391,83036
tacos,delicious,39,-7.91796875,0.0003641412376733455,15855
tacos,spanish,40,-8.15625,0.0002869363912626821,73958
tacos,pastry,41,-8.265625,0.00025720811880066503,68588
tacos,beef,42,-8.28125,0.0002532204765281185,21316
tacos,vegetable,43,-8.296875,0.00024929465691874434,26771
tacos,tacos,44,-8.375,0.00023055986759244163,63151
tacos,delicacy,45,-8.390625,0.00022698536816119751,104834
tacos,restaurant,46,-8.453125,0.00021323301991815497,9208
tacos,shell,47,-8.46875,0.00020992714836132686,14768
tacos,Meso,48,-8.46875,0.00020992714836132686,124004
tacos,protein,49,-8.515625,0.00020031388433428086,9646
tacos,condi,50,-8.515625,0.00020031388433428086,26322
tacos,hamburger,51,-8.5625,0.00019114084371795175,95536
tacos,type,52,-8.578125,0.0001881774796065311,1916
tacos,folk,53,-8.578125,0.0001881774796065311,21082
tacos,carbohydrate,54,-8.671875,0.00017133754496012662,93277
tacos,preparation,55,-8.71875,0.00016349142753174832,12988
tacos,southwestern,56,-8.75,0.00015846132511575126,99694
tacos,flour,57,-8.765625,0.00015600460997961275,16251
tacos,sandwiches,58,-8.765625,0.00015600460997961275,59105
tacos,Mexicana,59,-8.796875,0.0001512048527237606,153635
tacos,plate,60,-8.875,0.00013984162859410104,8811
tacos,dum,61,-8.9375,0.00013136905262640898,41205
tacos,maize,62,-8.9375,0.00013136905262640898,66493
tacos,emp,63,-8.953125,0.00012933236424347565,1884
tacos,light,64,-8.953125,0.00012933236424347565,2611
tacos,wrap,65,-8.984375,0.00012535322571817655,20296
tacos,cereal,66,-8.984375,0.00012535322571817655,57289
tacos,pie,67,-9.03125,0.00011961288358102437,4506
tacos,international,68,-9.03125,0.00011961288358102437,6191
tacos,appetizers,69,-9.09375,0.0001123659053168018,169547
tacos,handheld,70,-9.109375,0.00011062383342527846,97641
tacos,cheese,71,-9.203125,0.00010072414654929499,13624
tacos,specialty,72,-9.203125,0.00010072414654929499,46823
tacos,meals,73,-9.234375,9.762519034984247e-05,21305
tacos,supper,74,-9.234375,9.762519034984247e-05,58593
tacos,sub,75,-9.3125,9.028854143505791e-05,1334
tacos,North,76,-9.328125,8.88887473452297e-05,4612
tacos,chicken,77,-9.328125,8.88887473452297e-05,12254
tacos,burger,78,-9.328125,8.88887473452297e-05,33128
tacos,junk,79,-9.359375,8.615392809796751e-05,44029
tacos,beverage,80,-9.359375,8.615392809796751e-05,51877
tacos,mexico,81,-9.359375,8.615392809796751e-05,73017
tacos,side,82,-9.375,8.481823524646916e-05,2857
tacos,menu,83,-9.390625,8.350325039323543e-05,6901
tacos,bar,84,-9.421875,8.093412546792363e-05,2333
tacos,US,85,-9.421875,8.093412546792363e-05,2379
tacos,southern,86,-9.453125,7.844404420678988e-05,16539
tacos,fusion,87,-9.453125,7.844404420678988e-05,26749
tacos,comfort,88,-9.484375,7.603057469195227e-05,11852
tacos,pork,89,-9.484375,7.603057469195227e-05,30701
tacos,ethnicity,90,-9.484375,7.603057469195227e-05,80519
tacos,plural,91,-9.5,7.48518298877006e-05,37357
tacos,beans,92,-9.53125,7.254888118852912e-05,22604
tacos,nach,93,-9.5625,7.031678677199808e-05,5104
tacos,dishes,94,-9.5625,7.031678677199808e-05,21563
tacos,Tor,95,-9.578125,6.922662603870115e-05,7321
tacos,Latino,96,-9.59375,6.81533666810071e-05,55040
tacos,ques,97,-9.609375,6.709674666737461e-05,1856
tacos,classic,98,-9.609375,6.709674666737461e-05,8889
tacos,example,99,-9.640625,6.503239679525935e-05,3287
tacos,grain,100,-9.6796875,6.25410447978757e-05,17258
spatulas,spoon,1,-2.287109375,0.10155960870486697,35306
spatulas,kitchen,2,-2.365234375,0.09392728358139836,8926
spatulas,tool,3,-2.974609375,0.05106737830317957,7217
spatulas,utens,4,-2.974609375,0.05106737830317957,68516
spatulas,spatula,5,-4.8515625,0.00781615526045484,128765
spatulas,ladle,6,-5.2421875,0.005288675196078788,221363
spatulas,knife,7,-5.2578125,0.005206681887018447,19193
spatulas,metal,8,-5.3203125,0.004891224978579446,5998
spatulas,food,9,-5.4609375,0.004249569904958726,2960
spatulas,scoop,10,-5.4609375,0.004249569904958726,65522
spatulas,non,11,-5.7890625,0.0030608503789735764,2173
spatulas,utensils,12,-5.7890625,0.0030608503789735764,84261
spatulas,cutlery,13,-5.7890625,0.0030608503789735764,130017
spatulas,utility,14,-5.9453125,0.002618084069242202,18719
spatulas,tools,15,-5.9609375,0.002577494437949569,8112
spatulas,tongs,16,-5.9921875,0.002498193270938647,175576
spatulas,heat,17,-6.0390625,0.002383792672009028,6719
spatulas,implements,18,-6.1328125,0.002170467927246017,11319
spatulas,Kitchen,19,-6.1640625,0.002103689649451823,27174
spatulas,laboratory,20,-6.2265625,0.0019762335368005445,17355
spatulas,hand,21,-6.2578125,0.0019154312229538169,1634
spatulas,scraper,22,-6.2734375,0.0018857352143269448,133201
spatulas,household,23,-6.2890625,0.0018564995996405073,13356
spatulas,cookie,24,-6.3359375,0.0017714842933461014,17467
spatulas,lab,25,-6.3671875,0.0017169814514638826,11859
spatulas,blade,26,-6.4453125,0.0015879482577006087,21846
spatulas,shovel,27,-6.6953125,0.001236695346574107,66415
spatulas,instrument,28,-6.7109375,0.001217522162363377,11755
spatulas,spoons,29,-6.7578125,0.0011617677632923549,95765
spatulas,equipment,30,-6.9765625,0.0009335066231896564,6682
spatulas,dish,31,-6.9921875,0.0009190339444511671,15862
spatulas,appliance,32,-7.0546875,0.0008633524925864207,56939
spatulas,soup,33,-7.0703125,0.0008499674528310694,21078
spatulas,trow,34,-7.0703125,0.0008499674528310694,177697
spatulas,force,35,-7.1328125,0.0007984705281558034,5097
spatulas,multi,36,-7.1484375,0.0007860913900232152,3103
spatulas,lever,37,-7.2890625,0.0006829680352507563,22049
spatulas,pastry,38,-7.3203125,0.0006619553178500442,68588
spatulas,tableware,39,-7.3359375,0.0006516926518801511,212359
spatulas,accessory,40,-7.3671875,0.0006316421768662651,43105
spatulas,handheld,41,-7.4765625,0.000566200388009335,97641
spatulas,essential,42,-7.5078125,0.0005487802334320488,8727
spatulas,tablespoon,43,-7.5078125,0.0005487802334320488,51217
spatulas,oven,44,-7.5234375,0.0005402721845128483,18403
spatulas,spreader,45,-7.5390625,0.0005318960406660279,230877
spatulas,dessert,46,-7.5859375,0.0005075387476061422,35528
spatulas,bowl,47,-7.6015625,0.0004996700886604343,14581
spatulas,device,48,-7.6171875,0.000491923421964374,6064
spatulas,mechanical,49,-7.6796875,0.00046211928849723845,16801
spatulas,chef,50,-7.7265625,0.0004409573055570034,20045
spatulas,uniform,51,-7.7890625,0.00041424105298328224,12876
spatulas,piece,52,-7.8515625,0.0003891434563261045,6431
spatulas,pot,53,-7.8828125,0.0003771707708502542,2688
spatulas,cake,54,-7.8984375,0.0003713232800446586,11514
spatulas,table,55,-7.9140625,0.00036556644618112785,3037
spatulas,sco,56,-7.9140625,0.00036556644618112785,6141
spatulas,helper,57,-7.9609375,0.0003488259398006987,33583
spatulas,container,58,-8.0078125,0.0003328520370207935,11254
spatulas,spat,59,-8.0078125,0.0003328520370207935,63970
spatulas,plate,60,-8.0546875,0.00031760963250666423,8811
spatulas,bread,61,-8.0546875,0.00031760963250666423,11843
spatulas,folk,62,-8.1484375,0.0002891868612714227,21082
spatulas,thermometer,63,-8.1484375,0.0002891868612714227,68572
spatulas,turner,64,-8.1484375,0.0002891868612714227,173170
spatulas,measurement,65,-8.1640625,0.00028470343455049295,13384
spatulas,plastic,66,-8.1953125,0.00027594403073589844,9975
spatulas,nutrient,67,-8.2109375,0.0002716659150724029,47438
spatulas,measure,68,-8.2890625,0.0002512498991460061,4015
spatulas,dough,69,-8.3046875,0.00024735463050721125,28780
spatulas,vessel,70,-8.3203125,0.00024351975241113875,20421
spatulas,bla,71,-8.3671875,0.00023236817104587491,6678
spatulas,probe,72,-8.3671875,0.00023236817104587491,26515
spatulas,fun,73,-8.3828125,0.00022876563646812717,2245
spatulas,teaspoon,74,-8.3828125,0.00022876563646812717,30882
spatulas,scissors,75,-8.3828125,0.00022876563646812717,59283
spatulas,ra,76,-8.4140625,0.0002217272577710424,1051
spatulas,stiff,77,-8.4453125,0.0002149054272209975,26979
spatulas,pasta,78,-8.4609375,0.00021157362739219717,22512
spatulas,pry,79,-8.4765625,0.00020829348233192797,69180
spatulas,heating,80,-8.4921875,0.0002050641912072321,18074
spatulas,glass,81,-8.5078125,0.0002018849656009158,5570
spatulas,metallic,82,-8.5234375,0.00019875502931906102,31336
spatulas,KITCHEN,83,-8.5390625,0.00019567361820152106,169742
spatulas,aid,84,-8.5546875,0.00019263997993535412,10395
spatulas,auxiliary,85,-8.5546875,0.00019263997993535412,52170
spatulas,scoops,86,-8.5546875,0.00019263997993535412,183789
spatulas,mass,87,-8.5703125,0.0001896533738711495,5182
spatulas,wedge,88,-8.5703125,0.0001896533738711495,57906
spatulas,silverware,89,-8.6015625,0.0001838183529864856,209411
spatulas,shear,90,-8.6328125,0.00017816285682120578,35501
spatulas,apparatus,91,-8.6796875,0.0001700041856069086,28714
spatulas,everyday,92,-8.7109375,0.0001647737066903008,18651
spatulas,rectangular,93,-8.7109375,0.0001647737066903008,37559
spatulas,Cho,94,-8.7890625,0.0001523907670817597,7269
spatulas,stove,95,-8.7890625,0.0001523907670817597,37932
spatulas,wood,96,-8.796875,0.0001512048527237606,4656
spatulas,art,97,-8.828125,0.00014655276847396972,3096
spatulas,mixer,98,-8.859375,0.00014204381380948848,45626
spatulas,precision,99,-8.890625,0.0001376735850959261,21342
spatulas,vegetable,100,-8.8984375,0.000136602200756776,26771
ants,insect,1,-1.615234375,0.19884406090220375,35312
ants,animal,2,-2.912109375,0.05436094123519677,8205
ants,invertebrate,3,-2.990234375,0.05027565198668758,227605
ants,arach,4,-3.849609375,0.021288050459149874,158280
ants,insects,5,-3.896484375,0.02031319965360925,31029
ants,herb,6,-4.37890625,0.012539065726773142,43959
ants,arth,7,-5.09765625,0.006111052573582997,116019
ants,crustace,8,-5.11328125,0.0060163094850451924,177450
ants,grasshopper,9,-5.67578125,0.003427989812844494,210345
ants,anne,10,-5.76953125,0.0031212202433001162,38826
ants,bird,11,-5.81640625,0.0029782891621149424,13170
ants,cockroach,12,-5.98828125,0.0025079709229469055,204454
ants,organism,13,-6.05078125,0.002356020646172692,41154
ants,animals,14,-6.16015625,0.002111923257942005,8398
ants,worker,15,-6.20703125,0.0020152112507436266,16585
ants,termite,16,-6.26953125,0.0018931157732772455,216749
ants,insec,17,-6.34765625,0.0017508458761963386,115277
ants,omni,18,-6.51953125,0.001474360046673147,46329
ants,fungus,19,-6.69140625,0.0012415356353058474,65567
ants,milli,20,-6.76953125,0.0011482327588782399,9940
ants,member,21,-6.92578125,0.000982135524967813,4757
ants,micro,22,-6.94140625,0.0009669089249872482,6517
ants,bee,23,-6.94140625,0.0009669089249872482,21903
ants,primate,24,-6.94140625,0.0009669089249872482,191447
ants,macro,25,-7.03515625,0.0008803805947117196,22620
ants,plant,26,-7.17578125,0.000764887915927178,4829
ants,hex,27,-7.25390625,0.0007074056812886669,21680
ants,worm,28,-7.25390625,0.0007074056812886669,47420
ants,class,29,-7.30078125,0.0006750112166301211,1062
ants,fruit,30,-7.30078125,0.0006750112166301211,9471
ants,Insect,31,-7.30078125,0.0006750112166301211,101149
ants,anthropo,32,-7.33203125,0.0006542433048022244,48925
ants,non,33,-7.42578125,0.0005956953078859412,2173
ants,reptile,34,-7.45703125,0.0005773676900246723,134397
ants,honey,35,-7.47265625,0.000568416433671333,17195
ants,aphid,36,-7.47265625,0.000568416433671333,221902
ants,mammals,37,-7.55078125,0.00052569926409352,58318
ants,Arach,38,-7.55078125,0.00052569926409352,186700
ants,ants,39,-7.56640625,0.0005175490524364356,62101
ants,centi,40,-7.61328125,0.0004938487558008839,34129
ants,Ter,41,-7.62890625,0.00048619234050552415,4406
ants,group,42,-7.64453125,0.00047865462692700886,2778
ants,man,43,-7.69140625,0.0004567354357107468,916
ants,consumer,44,-7.72265625,0.0004426831636538894,15630
ants,ap,45,-7.73828125,0.00043581999733953626,1459
ants,land,46,-7.75390625,0.00042906323455648,2840
ants,human,47,-7.76953125,0.00042241122567087037,3515
ants,wasp,48,-7.78515625,0.0004158623466240594,138998
ants,prey,49,-7.81640625,0.00040306760731535963,38084
ants,order,50,-7.84765625,0.00039066652075090693,2184
ants,proto,51,-7.89453125,0.00037277659827150564,8220
ants,Crust,52,-7.89453125,0.00037277659827150564,107375
ants,Animal,53,-7.91015625,0.0003669972327972938,20130
ants,species,54,-7.92578125,0.0003613074680797802,6202
ants,heter,55,-7.92578125,0.0003613074680797802,26382
ants,ter,56,-7.94140625,0.0003557059149879889,1390
ants,scavenger,57,-7.98828125,0.0003394169552062084,190033
ants,food,58,-8.0546875,0.00031760963250666423,2960
ants,ento,59,-8.1015625,0.0003030652285138832,181485
ants,ecosystem,60,-8.1171875,0.00029836663765214793,25462
ants,adaptation,61,-8.1171875,0.00029836663765214793,31100
ants,chord,62,-8.1171875,0.00029836663765214793,50591
ants,av,63,-8.1328125,0.0002937408916898234,2924
ants,ray,64,-8.1796875,0.0002802895169181628,13120
ants,ex,65,-8.2109375,0.0002716659150724029,698
ants,life,66,-8.2578125,0.00025922542707870625,1913
ants,ang,67,-8.2734375,0.0002552065093401916,2639
ants,Class,68,-8.2734375,0.0002552065093401916,4908
ants,form,69,-8.2890625,0.0002512498991460061,1736
ants,Social,70,-8.2890625,0.0002512498991460061,7524
ants,mite,71,-8.2890625,0.0002512498991460061,68646
ants,che,72,-8.3359375,0.0002397443285892053,1265
ants,multi,73,-8.3359375,0.0002397443285892053,3103
ants,mobile,74,-8.3359375,0.0002397443285892053,7635
ants,type,75,-8.3515625,0.00023602743728832652,1916
ants,poll,76,-8.3671875,0.00023236817104587491,11166
ants,virus,77,-8.4140625,0.0002217272577710424,12369
ants,crust,78,-8.4140625,0.0002217272577710424,34333
ants,swarm,79,-8.4140625,0.0002217272577710424,91744
ants,Arth,80,-8.4140625,0.0002217272577710424,91815
ants,creature,81,-8.4296875,0.000218289695262571,27988
ants,minute,82,-8.4609375,0.00021157362739219717,9428
ants,Omni,83,-8.4609375,0.00021157362739219717,69282
ants,pseudo,84,-8.5234375,0.00019875502931906102,43409
ants,locust,85,-8.5234375,0.00019875502931906102,134346
ants,Ar,86,-8.5703125,0.0001896533738711495,1375
ants,ed,87,-8.5703125,0.0001896533738711495,1531
ants,bug,88,-8.5703125,0.0001896533738711495,11004
ants,example,89,-8.5859375,0.0001867130708422013,3287
ants,wing,90,-8.5859375,0.0001867130708422013,17056
ants,creepy,91,-8.5859375,0.0001867130708422013,57499
ants,moll,92,-8.5859375,0.0001867130708422013,163976
ants,biological,93,-8.6015625,0.0001838183529864856,21871
ants,detri,94,-8.6015625,0.0001838183529864856,52946
ants,brown,95,-8.6171875,0.00018096851357139753,8426
ants,holo,96,-8.6171875,0.00018096851357139753,93873
ants,inverte,97,-8.6171875,0.00018096851357139753,97302
ants,army,98,-8.6640625,0.00017268136198036305,12211
ants,workers,99,-8.6953125,0.00016736851500600766,8218
ants,predator,100,-8.7421875,0.00015970415269209664,62446
locks,security,1,-3.68359375,0.025132492452326828,6206
locks,barrier,2,-4.27734375,0.013879480535501108,26277
locks,device,3,-4.62109375,0.00984202545674337,6064
locks,boundary,4,-4.76171875,0.008550899900940824,16237
locks,mechanism,5,-4.99609375,0.006764318578007539,15613
locks,fastener,6,-5.02734375,0.006556202374390671,206077
locks,safety,7,-5.04296875,0.0064545578778740145,6514
locks,door,8,-5.18359375,0.0056078170658168894,4444
locks,hardware,9,-5.19921875,0.005520875920674851,16417
locks,gate,10,-5.29296875,0.005026814729667988,13639
locks,control,11,-5.46484375,0.004233002401988384,2582
locks,container,12,-5.57421875,0.0037944388298150633,11254
locks,mechanical,13,-5.58984375,0.003735611508387901,16801
locks,protection,14,-5.66796875,0.003454875870169347,6919
locks,restraint,15,-5.68359375,0.003401312984477682,64659
locks,public,16,-5.88671875,0.002776070750974707,2294
locks,file,17,-5.93359375,0.0026489452157821562,2482
locks,machine,18,-5.93359375,0.0026489452157821562,6479
locks,doors,19,-6.08984375,0.0022657629126126193,13076
locks,measure,20,-6.10546875,0.00223063551456612,4015
locks,constraint,21,-6.10546875,0.00223063551456612,36025
locks,gates,22,-6.24609375,0.0019380097200896599,31987
locks,data,23,-6.29296875,0.0018492617936226342,1423
locks,variable,24,-6.30859375,0.0018205916469117142,8792
locks,asset,25,-6.40234375,0.0016576675583550565,17827
locks,computer,26,-6.41796875,0.0016319678049400079,6875
locks,classification,27,-6.41796875,0.0016319678049400079,17283
locks,network,28,-6.48046875,0.001533091874051678,6011
locks,lever,29,-6.49609375,0.0015093234876058213,22049
locks,force,30,-6.51171875,0.0014859235958365076,5097
locks,trade,31,-6.55859375,0.0014178782002681016,6082
locks,barriers,32,-6.55859375,0.0014178782002681016,31188
locks,system,33,-6.58984375,0.0013742546741393497,1812
locks,switch,34,-6.60546875,0.0013529488302282185,8266
locks,closure,35,-6.60546875,0.0013529488302282185,26470
locks,evidence,36,-6.62109375,0.0013319733028103163,5820
locks,keys,37,-6.65234375,0.0012909927925189818,12978
locks,fasteners,38,-6.65234375,0.0012909927925189818,151006
locks,guard,39,-6.68359375,0.0012512731199788203,10981
locks,resistance,40,-6.69921875,0.0012318739283397897,10942
locks,property,41,-6.71484375,0.0012127754932903787,4227
locks,software,42,-6.71484375,0.0012127754932903787,6815
locks,business,43,-6.73046875,0.0011939731520318544,2567
locks,locks,44,-6.73046875,0.0011939731520318544,35772
locks,form,45,-6.80859375,0.0011042446526686718,1736
locks,combination,46,-6.80859375,0.0011042446526686718,11137
locks,trap,47,-6.82421875,0.001087124926134582,23349
locks,safeguard,48,-6.82421875,0.001087124926134582,57439
locks,decision,49,-6.91796875,0.0009898385093600414,4530
locks,devices,50,-6.91796875,0.0009898385093600414,9630
locks,prevention,51,-6.91796875,0.0009898385093600414,24023
locks,metal,52,-6.93359375,0.0009744924856757053,5998
locks,non,53,-6.94921875,0.0009593843800362759,2173
locks,cylinder,54,-6.94921875,0.0009593843800362759,25572
locks,savings,55,-6.98046875,0.0009298672257686418,20148
locks,bridge,56,-6.99609375,0.0009154509706573315,12261
locks,valve,57,-6.99609375,0.0009154509706573315,19442
locks,tool,58,-7.04296875,0.0008735294185691895,7217
locks,border,59,-7.04296875,0.0008735294185691895,9994
locks,information,60,-7.05859375,0.0008599866002007731,2113
locks,restriction,61,-7.05859375,0.0008599866002007731,35276
locks,water,62,-7.10546875,0.000820604946555757,2003
locks,deterrent,63,-7.10546875,0.000820604946555757,132343
locks,capital,64,-7.13671875,0.0007953575865775239,6037
locks,money,65,-7.16796875,0.0007708870062038323,3370
locks,type,66,-7.18359375,0.0007589355109414391,1916
locks,code,67,-7.18359375,0.0007589355109414391,3409
locks,memory,68,-7.21484375,0.0007355855200287278,6884
locks,bottleneck,69,-7.21484375,0.0007355855200287278,143774
locks,access,70,-7.24609375,0.0007129539328114074,3684
locks,perimeter,71,-7.24609375,0.0007129539328114074,59471
locks,problem,72,-7.27734375,0.0006910186463314305,3210
locks,technology,73,-7.27734375,0.0006910186463314305,6178
locks,steel,74,-7.27734375,0.0006910186463314305,8212
locks,insurance,75,-7.27734375,0.0006910186463314305,9490
locks,hazard,76,-7.27734375,0.0006910186463314305,18566
locks,equipment,77,-7.30859375,0.0006697582376672773,6682
locks,example,78,-7.33984375,0.0006491519430114311,3287
locks,gateway,79,-7.35546875,0.0006390877749698918,47041
locks,component,80,-7.37109375,0.0006291796373915728,8350
locks,game,81,-7.40234375,0.0006098218150156874,2398
locks,mass,82,-7.40234375,0.0006098218150156874,5182
locks,transportation,83,-7.41796875,0.0006003674040911155,16216
locks,defense,84,-7.44921875,0.0005818960409413982,13066
locks,latch,85,-7.44921875,0.0005818960409413982,78570
locks,bank,86,-7.48046875,0.0005639929818906105,5681
locks,consumer,87,-7.48046875,0.0005639929818906105,15630
locks,function,88,-7.49609375,0.0005552490811673618,1411
locks,output,89,-7.51171875,0.0005466407420597946,5033
locks,digital,90,-7.55859375,0.0005216082399637996,6403
locks,storage,91,-7.55859375,0.0005216082399637996,7387
locks,circuit,92,-7.57421875,0.0005135214537570228,13341
locks,time,93,-7.58984375,0.0005055600415496265,1069
locks,reinforcement,94,-7.62109375,0.0004900055942931395,57890
locks,instrument,95,-7.63671875,0.00048240876169431345,11755
locks,accessory,96,-7.65234375,0.0004749297070682428,43105
locks,market,97,-7.68359375,0.0004603176561306555,3952
locks,electric,98,-7.68359375,0.0004603176561306555,6038
locks,cash,99,-7.68359375,0.0004603176561306555,9852
locks,friction,100,-7.68359375,0.0004603176561306555,30562
leeches,blood,1,-3.2734375,0.03787600427471906,5330
leeches,animal,2,-3.6953125,0.024839690046348596,8205
leeches,invertebrate,3,-3.9609375,0.01904525099669109,227605
leeches,anne,4,-4.2265625,0.014602500468007353,38826
leeches,leech,5,-4.2578125,0.014153228760049095,211624
leeches,insect,6,-4.2890625,0.013717779689386,35312
leeches,worm,7,-4.7109375,0.008996339559394344,47420
leeches,marine,8,-4.8828125,0.0075756774442599355,18441
leeches,organism,9,-4.8828125,0.0075756774442599355,41154
leeches,fish,10,-4.9609375,0.007006356293632573,5001
leeches,freshwater,11,-5.0390625,0.006479820303135973,68842
leeches,carni,12,-5.3203125,0.004891224978579446,94634
leeches,moll,13,-5.3359375,0.00481539356400332,163976
leeches,parasites,14,-5.6640625,0.003468397872002917,69213
leeches,vampire,15,-5.6796875,0.0034146253471040128,58602
leeches,predator,16,-5.9296875,0.0026593128942200726,62446
leeches,crustace,17,-5.9453125,0.002618084069242202,177450
leeches,snail,18,-6.0390625,0.002383792672009028,82658
leeches,animals,19,-6.3671875,0.0017169814514638826,8398
leeches,reptile,20,-6.4453125,0.0015879482577006087,134397
leeches,hemat,21,-6.6640625,0.0012759522709126529,68035
leeches,land,22,-6.7421875,0.0011800629434740885,2840
leeches,mollus,23,-6.7578125,0.0011617677632923549,141520
leeches,non,24,-6.8359375,0.001074459537113779,2173
leeches,paras,25,-6.8359375,0.001074459537113779,27663
leeches,herb,26,-6.8359375,0.001074459537113779,43959
leeches,biological,27,-6.9609375,0.0009482072134553882,21871
leeches,vector,28,-7.0390625,0.0008769483160472604,4301
leeches,mosquito,29,-7.0390625,0.0008769483160472604,47567
leeches,tape,30,-7.0859375,0.0008367899288827503,15168
leeches,bird,31,-7.1328125,0.0007984705281558034,13170
leeches,plant,32,-7.1953125,0.000750093644421137,4829
leeches,amp,33,-7.1953125,0.000750093644421137,6350
leeches,body,34,-7.2109375,0.0007384645203530111,2971
leeches,food,35,-7.3359375,0.0006516926518801511,2960
leeches,water,36,-7.4609375,0.0005751167467213744,2003
leeches,aco,37,-7.4765625,0.000566200388009335,41203
leeches,medicinal,38,-7.5234375,0.0005402721845128483,57999
leeches,human,39,-7.5703125,0.0005155313198998952,3515
leeches,macro,40,-7.6015625,0.0004996700886604343,22620
leeches,arach,41,-7.6015625,0.0004996700886604343,158280
leeches,scavenger,42,-7.6015625,0.0004996700886604343,190033
leeches,amphibi,43,-7.6171875,0.000491923421964374,122003
leeches,host,44,-7.6953125,0.00045495479299700566,6072
leeches,vascular,45,-7.6953125,0.00045495479299700566,47042
leeches,sea,46,-7.7109375,0.0004479013727040852,4176
leeches,organisms,47,-7.7109375,0.0004479013727040852,33221
leeches,Anne,48,-7.7421875,0.000434120896192375,17384
leeches,end,49,-7.8046875,0.00040781884072341,1580
leeches,consumer,50,-7.8203125,0.00040149619563587327,15630
leeches,earth,51,-7.8671875,0.0003831103462370196,6683
leeches,append,52,-7.8671875,0.0003831103462370196,20447
leeches,mouth,53,-7.9140625,0.00036556644618112785,9615
leeches,specialist,54,-7.9140625,0.00036556644618112785,25336
leeches,crust,55,-7.9765625,0.000343417894868851,34333
leeches,anthropo,56,-7.9921875,0.00033809369390228175,48925
leeches,worms,57,-8.0234375,0.0003276916444969635,56886
leeches,creature,58,-8.1640625,0.00028470343455049295,27988
leeches,disease,59,-8.2109375,0.0002716659150724029,7197
leeches,centi,60,-8.2265625,0.0002674541254445945,34129
leeches,insects,61,-8.2421875,0.0002633076335626009,31029
leeches,fluid,62,-8.2578125,0.00025922542707870625,14721
leeches,artificial,63,-8.2578125,0.00025922542707870625,18225
leeches,species,64,-8.3046875,0.00024735463050721125,6202
leeches,holo,65,-8.3203125,0.00024351975241113875,93873
leeches,Blood,66,-8.3515625,0.00023602743728832652,16329
leeches,pin,67,-8.3828125,0.00022876563646812717,6644
leeches,Crust,68,-8.3828125,0.00022876563646812717,107375
leeches,organ,69,-8.4296875,0.000218289695262571,2359
leeches,sucker,70,-8.4296875,0.000218289695262571,108837
leeches,magg,71,-8.4453125,0.0002149054272209975,165376
leeches,public,72,-8.4609375,0.00021157362739219717,2294
leeches,digestive,73,-8.4765625,0.00020829348233192797,59194
leeches,hir,74,-8.4765625,0.00020829348233192797,60068
leeches,ento,75,-8.5390625,0.00019567361820152106,181485
leeches,anticoag,76,-8.5546875,0.00019263997993535412,153877
leeches,lamp,77,-8.5703125,0.0001896533738711495,11861
leeches,snake,78,-8.5703125,0.0001896533738711495,26775
leeches,symbiotic,79,-8.6171875,0.00018096851357139753,219778
leeches,adaptation,80,-8.6328125,0.00017816285682120578,31100
leeches,sponge,81,-8.6328125,0.00017816285682120578,55292
leeches,haem,82,-8.6796875,0.0001700041856069086,78966
leeches,frog,83,-8.7578125,0.00015722816930033686,42746
leeches,example,84,-8.8046875,0.0001500281672245135,3287
leeches,foot,85,-8.8203125,0.00014770219608298515,4701
leeches,bi,86,-8.8203125,0.00014770219608298515,4941
leeches,micro,87,-8.8203125,0.00014770219608298515,6517
leeches,un,88,-8.8359375,0.00014541228578157306,748
leeches,symb,89,-8.8515625,0.0001431578772487709,12654
leeches,loan,90,-8.8515625,0.0001431578772487709,12825
leeches,ecosystem,91,-8.8515625,0.0001431578772487709,25462
leeches,sem,92,-8.8671875,0.00014093842008067257,3032
leeches,skin,93,-8.8984375,0.000136602200756776,5239
leeches,decom,94,-8.8984375,0.000136602200756776,24449
leeches,Meta,95,-8.9140625,0.00013448437993214345,13587
leeches,vegetarian,96,-8.9296875,0.0001323993928760769,54430
leeches,sangu,97,-8.9296875,0.0001323993928760769,54635
leeches,suction,98,-8.9609375,0.00012832589179998424,68079
leeches,mobile,99,-8.9765625,0.00012633638325262604,7635
leeches,seafood,100,-8.9765625,0.00012633638325262604,45962
bras,underwear,1,-2.912109375,0.05436094123519677,63205
bras,clothing,2,-3.099609375,0.045066803175671744,14328
bras,garment,3,-3.537109375,0.029097315061188303,57784
bras,shirt,4,-5.03515625,0.006505181602734825,5798
bras,blouse,5,-5.03515625,0.006505181602734825,46295
bras,apparel,6,-5.08203125,0.006207287648669698,49126
bras,lingerie,7,-5.14453125,0.0058312071018010595,71704
bras,bra,8,-5.16015625,0.005740802615163777,2984
bras,pants,9,-5.19140625,0.005564176687185442,16908
bras,women,10,-5.26953125,0.00514602220566873,3576
bras,clothes,11,-5.41015625,0.004470941572147918,12565
bras,footwear,12,-5.51953125,0.004007726123477645,62966
bras,fashion,13,-5.61328125,0.0036490761609998344,8012
bras,dress,14,-5.64453125,0.00353680589037639,5410
bras,cloth,15,-5.92578125,0.0026697211506040907,17997
bras,garments,16,-6.00390625,0.0024690884377543943,62494
bras,exercise,17,-6.14453125,0.0021451812099655197,9987
bras,outerwear,18,-6.14453125,0.0021451812099655197,139536
bras,suit,19,-6.19140625,0.0020469462102609476,9460
bras,protection,20,-6.20703125,0.0020152112507436266,6919
bras,uniform,21,-6.23828125,0.001953209718711364,12876
bras,article,22,-6.30078125,0.00183487072417169,5078
bras,sports,23,-6.31640625,0.0018064236903125622,9028
bras,textile,24,-6.31640625,0.0018064236903125622,42704
bras,trousers,25,-6.36328125,0.0017237015268609076,44002
bras,female,26,-6.42578125,0.00161926773072467,8914
bras,head,27,-6.53515625,0.0014515022128128408,2206
bras,shoe,28,-6.53515625,0.0014515022128128408,22043
bras,armour,29,-6.59765625,0.0013635601394190483,37050
bras,accessory,30,-6.62890625,0.001321607804332139,43105
bras,shirts,31,-6.64453125,0.0013011181744835318,27228
bras,swimsuit,32,-6.67578125,0.0012610869766906297,85059
bras,men,33,-6.70703125,0.001222287409373853,1359
bras,breast,34,-6.70703125,0.001222287409373853,14665
bras,business,35,-6.72265625,0.0012033375995251293,2567
bras,costume,36,-6.81640625,0.0010956513526058083,22440
bras,neck,37,-6.89453125,0.0010133118531562113,8935
bras,body,38,-6.92578125,0.000982135524967813,2971
bras,skirt,39,-6.94140625,0.0009669089249872482,23210
bras,panties,40,-6.95703125,0.0009519183915586755,139039
bras,fabric,41,-6.98828125,0.0009226309416079341,9662
bras,light,42,-7.00390625,0.0009083268746839561,2611
bras,unders,43,-7.01953125,0.0008942445717626129,38204
bras,sport,44,-7.14453125,0.0007891680647335938,7888
bras,appliance,45,-7.17578125,0.000764887915927178,56939
bras,male,46,-7.20703125,0.0007413547887659687,9202
bras,restraint,47,-7.25390625,0.0007074056812886669,64659
bras,public,48,-7.26953125,0.000696438372746076,2294
bras,non,49,-7.30078125,0.0006750112166301211,2173
bras,chest,50,-7.34765625,0.0006441002025124334,15704
bras,pant,51,-7.36328125,0.0006341143544479526,11215
bras,man,52,-7.37890625,0.0006242833226079939,916
bras,cup,53,-7.42578125,0.0005956953078859412,7190
bras,resistance,54,-7.42578125,0.0005956953078859412,10942
bras,gender,55,-7.45703125,0.0005773676900246723,15408
bras,everyday,56,-7.47265625,0.000568416433671333,18651
bras,symbol,57,-7.50390625,0.0005509280985367745,10159
bras,slip,58,-7.50390625,0.0005509280985367745,19578
bras,jeans,59,-7.53515625,0.0005339778229086999,13937
bras,hat,60,-7.55078125,0.00052569926409352,3954
bras,form,61,-7.58203125,0.0005095251980991962,1736
bras,armor,62,-7.61328125,0.0004938487558008839,26131
bras,shoes,63,-7.62890625,0.00048619234050552415,9378
bras,jewelry,64,-7.64453125,0.00047865462692700886,25362
bras,foundation,65,-7.67578125,0.00046392797225353256,15620
bras,tool,66,-7.69140625,0.0004567354357107468,7217
bras,sexist,67,-7.73828125,0.00043581999733953626,158264
bras,woman,68,-7.75390625,0.00042906323455648,4323
bras,insurance,69,-7.75390625,0.00042906323455648,9490
bras,bikini,70,-7.75390625,0.00042906323455648,38474
bras,safety,71,-7.81640625,0.00040306760731535963,6514
bras,sportswear,72,-7.81640625,0.00040306760731535963,89882
bras,jewellery,73,-7.83203125,0.0003968186232742667,51225
bras,slack,74,-7.89453125,0.00037277659827150564,52052
bras,sanitary,75,-7.89453125,0.00037277659827150564,61930
bras,corset,76,-7.89453125,0.00037277659827150564,123876
bras,fastener,77,-7.89453125,0.00037277659827150564,206077
bras,jacket,78,-7.94140625,0.0003557059149879889,12350
bras,pullover,79,-7.95703125,0.0003501912059274238,55123
bras,cotton,80,-7.98828125,0.0003394169552062084,12278
bras,vest,81,-7.98828125,0.0003394169552062084,27276
bras,coat,82,-8.0078125,0.0003328520370207935,13618
bras,bras,83,-8.0078125,0.0003328520370207935,41149
bras,shape,84,-8.0546875,0.00031760963250666423,7479
bras,container,85,-8.0703125,0.0003126855515614081,11254
bras,bottom,86,-8.0859375,0.0003078378114152772,6837
bras,military,87,-8.1328125,0.0002937408916898234,8403
bras,furniture,88,-8.1640625,0.00028470343455049295,16241
bras,womens,89,-8.1640625,0.00028470343455049295,39480
bras,item,90,-8.1953125,0.00027594403073589844,2599
bras,piece,91,-8.1953125,0.00027594403073589844,6431
bras,investment,92,-8.1953125,0.00027594403073589844,9245
bras,device,93,-8.2109375,0.0002716659150724029,6064
bras,essential,94,-8.2109375,0.0002716659150724029,8727
bras,outfit,95,-8.2109375,0.0002716659150724029,20321
bras,lightweight,96,-8.2109375,0.0002716659150724029,30322
bras,PPE,97,-8.2109375,0.0002716659150724029,111806
bras,sweater,98,-8.2421875,0.0002633076335626009,26147
bras,household,99,-8.2734375,0.0002552065093401916,13356
bras,shoulder,100,-8.2734375,0.0002552065093401916,14999
donuts,bread,1,-2.419921875,0.08892856473212465,11843
donuts,pastry,2,-2.732421875,0.06506152781781553,68588
donuts,cake,3,-2.998046875,0.04988440375892067,11514
donuts,food,4,-3.044921875,0.04760003059466054,2960
donuts,doughnut,5,-3.388671875,0.033753475978883105,212439
donuts,breakfast,6,-3.826171875,0.021792882027585125,14457
donuts,dessert,7,-3.857421875,0.02112238553615772,35528
donuts,snack,8,-4.5,0.011108996538242306,31755
donuts,fruit,9,-4.515625,0.010936767510604966,9471
donuts,donut,10,-4.65625,0.00950202828005989,92350
donuts,bakery,11,-5.0625,0.006329715427485747,54982
donuts,carbohydrate,12,-5.171875,0.0056739202388473575,93277
donuts,cereal,13,-5.75,0.003182780796509667,57289
donuts,pie,14,-5.828125,0.0029435910423792925,4506
donuts,biscuit,15,-5.875,0.0028087941945255128,79500
donuts,cookie,16,-5.9375,0.0026386179570919216,17467
donuts,dough,17,-6.0,0.0024787521766663585,28780
donuts,doughnuts,18,-6.0625,0.0023285721742377138,199637
donuts,pastries,19,-6.203125,0.00202309856457243,118761
donuts,circle,20,-6.390625,0.0016772076189795154,11698
donuts,sandwich,21,-6.5,0.0015034391929775724,34176
donuts,cakes,22,-6.640625,0.0013062106070345731,36403
donuts,flour,23,-6.71875,0.0012080473297263435,16251
donuts,confection,24,-6.71875,0.0012080473297263435,104179
donuts,sweets,25,-6.84375,0.0010660980266590896,59198
donuts,pizza,26,-7.0,0.0009118819655545162,14967
donuts,donuts,27,-7.0625,0.0008566338301859405,89014
donuts,ring,28,-7.09375,0.0008302779779929784,7408
donuts,hole,29,-7.1875,0.0007559767017882707,12962
donuts,bun,30,-7.296875,0.0006776531358341546,15907
donuts,roll,31,-7.4375,0.0005887552473364432,9993
donuts,baker,32,-7.578125,0.0005115194233396561,69823
donuts,delicious,33,-7.734375,0.00043752574858056214,15855
donuts,desserts,34,-7.8125,0.0004046451693262645,63969
donuts,cookies,35,-7.84375,0.00039219554628132326,5428
donuts,sugar,36,-7.84375,0.00039219554628132326,9347
donuts,carbohydrates,37,-7.84375,0.00039219554628132326,72780
donuts,meal,38,-7.96875,0.0003461113548007411,13805
donuts,foods,39,-8.0625,0.000315137974737356,16512
donuts,yeast,40,-8.09375,0.000305442198561012,41463
donuts,breads,41,-8.109375,0.0003007067561944148,154077
donuts,bagel,42,-8.109375,0.0003007067561944148,172168
donuts,muffins,43,-8.15625,0.0002869363912626821,92481
donuts,junk,44,-8.171875,0.00028248785484530033,44029
donuts,frit,45,-8.171875,0.00028248785484530033,66784
donuts,Dough,46,-8.171875,0.00028248785484530033,79213
donuts,candy,47,-8.1875,0.00027810828659249914,25720
donuts,type,48,-8.203125,0.0002737966172519944,1916
donuts,dum,49,-8.203125,0.0002737966172519944,41205
donuts,snacks,50,-8.296875,0.00024929465691874434,38858
donuts,cupcake,51,-8.421875,0.00022000176256168122,77837
donuts,desert,52,-8.453125,0.00021323301991815497,21459
donuts,coffee,53,-8.484375,0.00020667252959243203,8423
donuts,calorie,54,-8.515625,0.00020031388433428086,78058
donuts,Bread,55,-8.578125,0.0001881774796065311,40451
donuts,vegetable,56,-8.59375,0.00018526005819728775,26771
donuts,carbo,57,-8.6875,0.00016868120253849865,42118
donuts,danish,58,-8.75,0.00015846132511575126,227699
donuts,rolls,59,-8.859375,0.00014204381380948848,27596
donuts,refreshment,60,-8.875,0.00013984162859410104,166218
donuts,wheat,61,-8.90625,0.00013553915399670016,21251
donuts,staple,62,-8.90625,0.00013553915399670016,64965
donuts,fruits,63,-9.046875,0.0001177584577054612,16803
donuts,convenience,64,-9.046875,0.0001177584577054612,26343
donuts,light,65,-9.0625,0.00011593278203827863,2611
donuts,Food,66,-9.078125,0.00011413541084880993,8777
donuts,circles,67,-9.078125,0.00011413541084880993,26486
donuts,milk,68,-9.109375,0.00011062383342527846,9512
donuts,meat,69,-9.109375,0.00011062383342527846,11827
donuts,product,70,-9.140625,0.00010722029588095494,3225
donuts,ball,71,-9.28125,9.315460739833056e-05,5744
donuts,treats,72,-9.296875,9.171037907429409e-05,35297
donuts,brioche,73,-9.328125,8.88887473452297e-05,228358
donuts,pasta,74,-9.34375,8.751065505125259e-05,22512
donuts,Pastry,75,-9.375,8.481823524646916e-05,207295
donuts,corn,76,-9.40625,8.220865249051076e-05,15025
donuts,part,77,-9.421875,8.093412546792363e-05,1702
donuts,morning,78,-9.421875,8.093412546792363e-05,5764
donuts,chocolate,79,-9.46875,7.722788202587939e-05,13171
donuts,delicacy,80,-9.46875,7.722788202587939e-05,104834
donuts,appetizer,81,-9.484375,7.603057469195227e-05,150365
donuts,example,82,-9.5,7.48518298877006e-05,3287
donuts,egg,83,-9.5,7.48518298877006e-05,13514
donuts,examples,84,-9.53125,7.254888118852912e-05,8944
donuts,Bri,85,-9.5625,7.031678677199808e-05,4062
donuts,Danish,86,-9.5625,7.031678677199808e-05,44668
donuts,beverage,87,-9.5625,7.031678677199808e-05,51877
donuts,fun,88,-9.578125,6.922662603870115e-05,2245
donuts,rice,89,-9.59375,6.81533666810071e-05,12463
donuts,burger,90,-9.609375,6.709674666737461e-05,33128
donuts,un,91,-9.625,6.605650802868481e-05,748
donuts,triangle,92,-9.6875,6.205434652598976e-05,23022
donuts,Cake,93,-9.6875,6.205434652598976e-05,33524
donuts,Dessert,94,-9.6875,6.205434652598976e-05,127618
donuts,dinner,95,-9.71875,6.014513499670094e-05,12279
donuts,apple,96,-9.71875,6.014513499670094e-05,15491
donuts,money,97,-9.7578125,5.784101105861684e-05,3370
donuts,grain,98,-9.7578125,5.784101105861684e-05,17258
donuts,loaf,99,-9.7578125,5.784101105861684e-05,60058
donuts,unle,100,-9.7578125,5.784101105861684e-05,60329
nuts,fruit,1,-1.3916015625,0.2486767142330105,9471
nuts,seed,2,-2.828125,0.059123606568473756,11006
nuts,grain,3,-3.15625,0.04258513628878761,17258
nuts,food,4,-3.328125,0.035860280096566576,2960
nuts,vegetable,5,-3.546875,0.028814544556403775,26771
nuts,seeds,6,-4.453125,0.011642128413511858,15741
nuts,cereal,7,-4.546875,0.010600278549019446,57289
nuts,fruits,8,-4.65625,0.00950202828005989,16803
nuts,plant,9,-4.75,0.008651695203120634,4829
nuts,legumes,10,-4.953125,0.007061307827106542,102871
nuts,nut,11,-5.265625,0.0051661631671143975,16621
nuts,oil,12,-5.390625,0.004559122993225079,4684
nuts,tree,13,-5.6875,0.0033880525218347116,5421
nuts,protein,14,-5.890625,0.0027652478767918433,9646
nuts,crop,15,-6.4375,0.0016004026902445643,14899
nuts,carbohydrate,16,-6.484375,0.0015271149152663852,93277
nuts,vegetables,17,-6.5,0.0015034391929775724,19574
nuts,meat,18,-6.640625,0.0013062106070345731,11827
nuts,fish,19,-6.6875,0.0012463948683920495,5001
nuts,bean,20,-6.6875,0.0012463948683920495,24328
nuts,cash,21,-7.0,0.0009118819655545162,9852
nuts,pulse,22,-7.03125,0.00088382630693505,22787
nuts,animal,23,-7.125,0.0008047330101246132,8205
nuts,seafood,24,-7.125,0.0008047330101246132,45962
nuts,leg,25,-7.140625,0.000792256781208319,2590
nuts,snack,26,-7.15625,0.0007799739782929635,31755
nuts,grains,27,-7.296875,0.0006776531358341546,29907
nuts,foods,28,-7.53125,0.0005360677530166963,16512
nuts,Fruit,29,-7.640625,0.0004805280281680892,34382
nuts,spice,30,-7.6875,0.0004585230476630206,45785
nuts,non,31,-7.765625,0.00042406449646342195,2173
nuts,mineral,32,-7.921875,0.00036272158552696295,19370
nuts,beans,33,-7.96875,0.0003461113548007411,22604
nuts,energy,34,-7.984375,0.0003407453956084444,4134
nuts,dairy,35,-8.078125,0.0003102522132940274,31062
nuts,complex,36,-8.09375,0.000305442198561012,5766
nuts,pulses,37,-8.296875,0.00024929465691874434,63100
nuts,bread,38,-8.328125,0.00024162466666302507,11843
nuts,staple,39,-8.46875,0.00020992714836132686,64965
nuts,cereals,40,-8.46875,0.00020992714836132686,94725
nuts,source,41,-8.5,0.00020346836901064417,4303
nuts,Cere,42,-8.5,0.00020346836901064417,71122
nuts,fossil,43,-8.53125,0.00019720830540981299,40086
nuts,soybean,44,-8.640625,0.00017677638246969176,94637
nuts,garden,45,-8.703125,0.00016606604288893956,8717
nuts,tuber,46,-8.734375,0.00016095672788593417,30434
nuts,pea,47,-8.796875,0.0001512048527237606,18194
nuts,st,48,-8.8125,0.00014886063876446985,680
nuts,root,49,-8.859375,0.00014204381380948848,6880
nuts,Leg,50,-8.859375,0.00014204381380948848,8165
nuts,nuts,51,-8.921875,0.00013343781418447866,22606
nuts,herb,52,-8.921875,0.00013343781418447866,43959
nuts,plants,53,-8.953125,0.00012933236424347565,7652
nuts,bone,54,-8.96875,0.00012732725178718745,14354
nuts,Food,55,-9.046875,0.0001177584577054612,8777
nuts,vitamin,56,-9.046875,0.0001177584577054612,23042
nuts,Grain,57,-9.046875,0.0001177584577054612,64332
nuts,poultry,58,-9.0625,0.00011593278203827863,50883
nuts,game,59,-9.078125,0.00011413541084880993,2398
nuts,health,60,-9.078125,0.00011413541084880993,2962
nuts,product,61,-9.109375,0.00011062383342527846,3225
nuts,essential,62,-9.1484375,0.0001063859009186544,8727
nuts,Seed,63,-9.1484375,0.0001063859009186544,35112
nuts,corn,64,-9.25,9.61116520613947e-05,15025
nuts,mono,65,-9.25,9.61116520613947e-05,22986
nuts,arach,66,-9.28125,9.315460739833056e-05,158280
nuts,FRUIT,67,-9.296875,9.171037907429409e-05,179490
nuts,medicine,68,-9.3125,9.028854143505791e-05,15300
nuts,salad,69,-9.3125,9.028854143505791e-05,23216
nuts,sea,70,-9.328125,8.88887473452297e-05,4176
nuts,sources,71,-9.34375,8.751065505125259e-05,8269
nuts,lipid,72,-9.3671875,8.548347291038659e-05,53979
nuts,money,73,-9.3828125,8.415817450312395e-05,3370
nuts,calorie,74,-9.3828125,8.415817450312395e-05,78058
nuts,dal,75,-9.4140625,8.156889968128741e-05,4068
nuts,shell,76,-9.4140625,8.156889968128741e-05,14768
nuts,Dal,77,-9.4140625,8.156889968128741e-05,17333
nuts,wheat,78,-9.4140625,8.156889968128741e-05,21251
nuts,horticulture,79,-9.4140625,8.156889968128741e-05,172689
nuts,flour,80,-9.4453125,7.905928847077063e-05,16251
nuts,fungus,81,-9.453125,7.844404420678988e-05,65567
nuts,forest,82,-9.484375,7.603057469195227e-05,9309
nuts,starch,83,-9.484375,7.603057469195227e-05,57634
nuts,heart,84,-9.5,7.48518298877006e-05,3760
nuts,agriculture,85,-9.5,7.48518298877006e-05,20630
nuts,carbohydrates,86,-9.5,7.48518298877006e-05,72780
nuts,berries,87,-9.6171875,6.65745956422723e-05,46051
nuts,farm,88,-9.6484375,6.45263106683143e-05,7091
nuts,milk,89,-9.6640625,6.35259229460595e-05,9512
nuts,kernel,90,-9.6640625,6.35259229460595e-05,25169
nuts,condi,91,-9.6640625,6.35259229460595e-05,26322
nuts,peanut,92,-9.6875,6.205434652598976e-05,54154
nuts,outgrowth,93,-9.703125,6.109228305553586e-05,217486
nuts,type,94,-9.75,5.829466373086881e-05,1916
nuts,calcium,95,-9.75,5.829466373086881e-05,28227
nuts,fibre,96,-9.765625,5.739088873946875e-05,37202
nuts,stone,97,-9.796875,5.562515672242729e-05,9566
nuts,cake,98,-9.796875,5.562515672242729e-05,11514
nuts,nutrient,99,-9.796875,5.562515672242729e-05,47438
nuts,member,100,-9.8359375,5.349419043278717e-05,4757
bassoons,wood,1,-2.392578125,0.09139375535604724,4656
bassoons,brass,2,-3.830078125,0.021707919632378253,25399
bassoons,wind,3,-4.375,0.012588142242433998,6785
bassoons,reed,4,-4.375,0.012588142242433998,76734
bassoons,clarinet,5,-4.546875,0.010600278549019446,136282
bassoons,obo,6,-4.921875,0.007285457798938988,67255
bassoons,saxophone,7,-5.265625,0.0051661631671143975,127971
bassoons,flute,8,-5.3125,0.004929587331545052,74458
bassoons,instrument,9,-5.546875,0.0038996245488749012,11755
bassoons,bass,10,-5.875,0.0028087941945255128,15338
bassoons,string,11,-6.09375,0.002256929540148032,2067
bassoons,val,12,-6.28125,0.0018710603064642196,1119
bassoons,clar,13,-6.390625,0.0016772076189795154,11817
bassoons,trumpet,14,-6.578125,0.0013904539533680367,69662
bassoons,member,15,-6.59375,0.0013688969629109165,4757
bassoons,tuba,16,-6.734375,0.001189318291849483,194831
bassoons,end,17,-6.8125,0.0010999396107533182,1580
bassoons,slide,18,-6.90625,0.0010015064124832178,9499
bassoons,trans,19,-7.0703125,0.0008499674528310694,1505
bassoons,eu,20,-7.0859375,0.0008367899288827503,6713
bassoons,trombone,21,-7.1171875,0.0008110446093482581,181590
bassoons,Wood,22,-7.21875,0.0007327177438630043,8156
bassoons,family,23,-7.2578125,0.0007046477679025825,2730
bassoons,violin,24,-7.3203125,0.0006619553178500442,47244
bassoons,concerto,25,-7.359375,0.0006365962078591196,117140
bassoons,contra,26,-7.375,0.0006267266984484576,3044
bassoons,aer,27,-7.421875,0.0005980267934003796,17703
bassoons,sax,28,-7.421875,0.0005980267934003796,58477
bassoons,https,29,-7.46875,0.0005706411526908208,4009
bassoons,conical,30,-7.7265625,0.0004409573055570034,99639
bassoons,band,31,-7.7421875,0.000434120896192375,5974
bassoons,valve,32,-7.7421875,0.000434120896192375,19442
bassoons,cor,33,-7.9453125,0.0003543191490481569,1406
bassoons,pipe,34,-8.078125,0.0003102522132940274,15094
bassoons,sub,35,-8.0859375,0.0003078378114152772,1334
bassoons,tube,36,-8.1328125,0.0002937408916898234,13005
bassoons,metal,37,-8.171875,0.00028248785484530033,5998
bassoons,http,38,-8.234375,0.00026537278092783216,4494
bassoons,alto,39,-8.2421875,0.0002633076335626009,13073
bassoons,folk,40,-8.2421875,0.0002633076335626009,21082
bassoons,mouthpiece,41,-8.2890625,0.0002512498991460061,177230
bassoons,orchestra,42,-8.3203125,0.00024351975241113875,49428
bassoons,music,43,-8.3359375,0.0002397443285892053,4296
bassoons,idio,44,-8.3828125,0.00022876563646812717,24186
bassoons,solo,45,-8.40625,0.00022346628620705983,7212
bassoons,fla,46,-8.4140625,0.0002217272577710424,4088
bassoons,woody,47,-8.4140625,0.0002217272577710424,83894
bassoons,recorder,48,-8.4296875,0.000218289695262571,60203
bassoons,reeds,49,-8.46875,0.00020992714836132686,78397
bassoons,members,50,-8.4765625,0.00020829348233192797,3778
bassoons,type,51,-8.53125,0.00019720830540981299,1916
bassoons,winds,52,-8.53125,0.00019720830540981299,27626
bassoons,Reed,53,-8.6171875,0.00018096851357139753,32428
bassoons,voice,54,-8.6328125,0.00017816285682120578,7061
bassoons,flue,55,-8.6328125,0.00017816285682120578,136103
bassoons,instruments,56,-8.703125,0.00016606604288893956,18159
bassoons,percussion,57,-8.8359375,0.00014541228578157306,77755
bassoons,pitch,58,-8.8828125,0.00013875337240659363,16786
bassoons,viola,59,-8.8984375,0.000136602200756776,68528
bassoons,opera,60,-8.90625,0.00013553915399670016,26294
bassoons,piccolo,61,-8.9921875,0.00012437771917636007,68742
bassoons,jazz,62,-9.03125,0.00011961288358102437,29169
bassoons,baroque,63,-9.046875,0.0001177584577054612,111879
bassoons,human,64,-9.1015625,0.00011149146690418283,3515
bassoons,flu,65,-9.1015625,0.00011149146690418283,5052
bassoons,soprano,66,-9.140625,0.00010722029588095494,112278
bassoons,english,67,-9.1953125,0.00010151413582171762,26299
bassoons,mouth,68,-9.328125,8.88887473452297e-05,9615
bassoons,baritone,69,-9.328125,8.88887473452297e-05,228987
bassoons,timber,70,-9.3515625,8.68296417307572e-05,24469
bassoons,multi,71,-9.359375,8.615392809796751e-05,3103
bassoons,oper,72,-9.46875,7.722788202587939e-05,2228
bassoons,valence,73,-9.484375,7.603057469195227e-05,111245
bassoons,tenor,74,-9.5078125,7.426932832618075e-05,78757
bassoons,drone,75,-9.5234375,7.31178891159098e-05,35265
bassoons,Baroque,76,-9.546875,7.142411503883562e-05,126849
bassoons,bug,77,-9.5546875,7.086828816589593e-05,11004
bassoons,horns,78,-9.578125,6.922662603870115e-05,55254
bassoons,viol,79,-9.5859375,6.868790016083293e-05,6916
bassoons,non,80,-9.6015625,6.762299297372325e-05,2173
bassoons,military,81,-9.609375,6.709674666737461e-05,8403
bassoons,vio,82,-9.609375,6.709674666737461e-05,9958
bassoons,melody,83,-9.65625,6.402416293485477e-05,53188
bassoons,membran,84,-9.6875,6.205434652598976e-05,111644
bassoons,sa,85,-9.703125,6.109228305553586e-05,867
bassoons,membrane,86,-9.703125,6.109228305553586e-05,21475
bassoons,valves,87,-9.703125,6.109228305553586e-05,41916
bassoons,un,88,-9.734375,5.9212671107461366e-05,748
bassoons,transversal,89,-9.796875,5.562515672242729e-05,121769
bassoons,bar,90,-9.828125,5.3913750568331754e-05,2333
bassoons,fanfare,91,-9.828125,5.3913750568331754e-05,208361
bassoons,Bb,92,-9.890625,5.064728154915831e-05,68782
bassoons,group,93,-9.9140625,4.947403853572487e-05,2778
bassoons,standard,94,-9.9140625,4.947403853572487e-05,5039
bassoons,acc,95,-9.9609375,4.720845736320517e-05,1244
bassoons,organ,96,-9.9921875,4.575600582477793e-05,2359
bassoons,extension,97,-9.9921875,4.575600582477793e-05,10957
bassoons,chord,98,-10.0078125,4.504662470609259e-05,50591
bassoons,zak,99,-10.0234375,4.4348241522267954e-05,25122
bassoons,Brass,100,-10.0234375,4.4348241522267954e-05,51505
coffee,beverage,1,-1.716796875,0.17964063875832906,51877
coffee,tea,2,-2.263671875,0.10396802541970576,1763
coffee,bean,3,-2.529296875,0.0797150502302555,24328
coffee,plant,4,-3.169921875,0.0420068795627199,4829
coffee,fruit,5,-3.185546875,0.041355623259213055,9471
coffee,beans,6,-3.232421875,0.039461811389251505,22604
coffee,grain,7,-3.294921875,0.03707094110134446,17258
coffee,food,8,-3.919921875,0.019842644890448985,2960
coffee,coffee,9,-4.12109375,0.016226756717304936,8423
coffee,beverages,10,-4.57421875,0.01031435412028569,55848
coffee,drinks,11,-4.71484375,0.0089612661553309,19396
coffee,liquid,12,-4.73046875,0.008822334600980426,10177
coffee,cereal,13,-4.74609375,0.008685556980734761,57289
coffee,drug,14,-4.82421875,0.008032827065754268,10471
coffee,seed,15,-4.91796875,0.007313972274543236,11006
coffee,herb,16,-4.99609375,0.006764318578007539,43959
coffee,milk,17,-5.01171875,0.006659447538817913,9512
coffee,crop,18,-5.21484375,0.005435282673053345,14899
coffee,breakfast,19,-5.23046875,0.00535101642573825,14457
coffee,vegetable,20,-5.27734375,0.005105975543150058,26771
coffee,plants,21,-5.32421875,0.004872155899549433,7652
coffee,caffe,22,-5.44921875,0.004299662490261638,137865
coffee,tree,23,-5.55859375,0.003854192546756996,5421
coffee,nut,24,-5.57421875,0.0037944388298150633,16621
coffee,spice,25,-5.62109375,0.00362067882502186,45785
coffee,grains,26,-5.66796875,0.003454875870169347,29907
coffee,green,27,-5.71484375,0.003296665585411691,4433
coffee,herbal,28,-5.77734375,0.003096930714663377,49381
coffee,energy,29,-5.98046875,0.002527641182686523,4134
coffee,juice,30,-5.98046875,0.002527641182686523,17796
coffee,shrub,31,-5.99609375,0.0024884537383830186,42044
coffee,sugar,32,-6.02734375,0.0024118920656977234,9347
coffee,leaf,33,-6.05859375,0.0023376859480440356,12325
coffee,dairy,34,-6.07421875,0.002301443486686963,31062
coffee,cocoa,35,-6.07421875,0.002301443486686963,55523
coffee,seeds,36,-6.12109375,0.002196052716348071,15741
coffee,cake,37,-6.19921875,0.0020310167484747367,11514
coffee,carbohydrate,38,-6.37109375,0.0017102875751579636,93277
coffee,acid,39,-6.38671875,0.0016837720239976347,6898
coffee,non,40,-6.43359375,0.0016066664892709752,2173
coffee,snack,41,-6.43359375,0.0016066664892709752,31755
coffee,water,42,-6.49609375,0.0015093234876058213,2003
coffee,rice,43,-6.69921875,0.0012318739283397897,12463
coffee,alcohol,44,-6.69921875,0.0012318739283397897,12678
coffee,ground,45,-6.71484375,0.0012127754932903787,4216
coffee,chocolate,46,-6.71484375,0.0012127754932903787,13171
coffee,fruits,47,-6.73046875,0.0011939731520318544,16803
coffee,berries,48,-6.79296875,0.001121633975667304,46051
coffee,animal,49,-6.80859375,0.0011042446526686718,8205
coffee,fish,50,-6.88671875,0.0010212593565209615,5001
coffee,meat,51,-6.90234375,0.0010054261977533226,11827
coffee,nuts,52,-6.93359375,0.0009744924856757053,22606
coffee,refreshment,53,-6.93359375,0.0009744924856757053,166218
coffee,fluid,54,-6.98046875,0.0009298672257686418,14721
coffee,plantation,55,-6.98046875,0.0009298672257686418,58943
coffee,commodity,56,-7.01171875,0.0009012582188652855,43989
coffee,instant,57,-7.02734375,0.0008872855052947141,15050
coffee,espresso,58,-7.19921875,0.0007471693064387259,61177
coffee,dessert,59,-7.27734375,0.0006910186463314305,35528
coffee,cup,60,-7.37109375,0.0006291796373915728,7190
coffee,liquor,61,-7.40234375,0.0006098218150156874,42184
coffee,flower,62,-7.43359375,0.0005910595702218895,10377
coffee,meal,63,-7.43359375,0.0005910595702218895,13805
coffee,legumes,64,-7.43359375,0.0005910595702218895,102871
coffee,cacao,65,-7.46484375,0.0005728745790143598,71720
coffee,business,66,-7.48046875,0.0005639929818906105,2567
coffee,Beverage,67,-7.49609375,0.0005552490811673618,121847
coffee,alternative,68,-7.51171875,0.0005466407420597946,11023
coffee,brown,69,-7.55859375,0.0005216082399637996,8426
coffee,powder,70,-7.55859375,0.0005216082399637996,13196
coffee,greenhouse,71,-7.55859375,0.0005216082399637996,44648
coffee,Tea,72,-7.57421875,0.0005135214537570228,11952
coffee,game,73,-7.60546875,0.0004977220595979135,2398
coffee,light,74,-7.60546875,0.0004977220595979135,2611
coffee,cereals,75,-7.60546875,0.0004977220595979135,94725
coffee,chemical,76,-7.65234375,0.0004749297070682428,9408
coffee,condi,77,-7.74609375,0.00043242841921281946,26322
coffee,fertilizer,78,-7.74609375,0.00043242841921281946,46905
coffee,pesticide,79,-7.74609375,0.00043242841921281946,94250
coffee,spices,80,-7.76171875,0.0004257242379749019,47305
coffee,aromatic,81,-7.76171875,0.0004257242379749019,62052
coffee,weed,82,-7.77734375,0.00041912399543313347,34402
coffee,trees,83,-7.79296875,0.000412626080167391,8195
coffee,medicine,84,-7.79296875,0.000412626080167391,15300
coffee,sweetener,85,-7.80859375,0.0004062289057403044,203712
coffee,machine,86,-7.82421875,0.0003999309103099356,6479
coffee,mineral,87,-7.88671875,0.00037570032136803805,19370
coffee,nutrient,88,-7.88671875,0.00037570032136803805,47438
coffee,music,89,-7.90234375,0.0003698756277686204,4296
coffee,cream,90,-7.91796875,0.0003641412376733455,9450
coffee,oil,91,-7.94921875,0.0003529377895963558,4684
coffee,cash,92,-7.94921875,0.0003529377895963558,9852
coffee,bread,93,-7.96484375,0.00034746599634217677,11843
coffee,furniture,94,-7.98046875,0.0003420790353794073,16241
coffee,beer,95,-7.99609375,0.0003367755915052735,15052
coffee,product,96,-8.03125,0.00032514152788788584,3225
coffee,root,97,-8.03125,0.00032514152788788584,6880
coffee,agriculture,98,-8.03125,0.00032514152788788584,20630
coffee,sport,99,-8.0625,0.000315137974737356,7888
coffee,adult,100,-8.0625,0.000315137974737356,11787
whipped cream,dessert,1,-2.283203125,0.1019571017745837,35528
whipped cream,cream,2,-2.658203125,0.07007402294627138,9450
whipped cream,food,3,-2.845703125,0.058093405450500506,2960
whipped cream,dairy,4,-3.720703125,0.02421693432609811,31062
whipped cream,aerosol,5,-3.861328125,0.021040037159042506,84369
whipped cream,fruit,6,-4.14453125,0.015850864302807154,9471
whipped cream,ice,7,-4.47265625,0.011416949266252214,8357
whipped cream,pastry,8,-4.59765625,0.010075422364433047,68588
whipped cream,milk,9,-4.62890625,0.009765434206994737,9512
whipped cream,cheese,10,-4.76953125,0.008484356269981225,13624
whipped cream,desserts,11,-4.89453125,0.007487418128682623,63969
whipped cream,sugar,12,-4.91015625,0.0073713364700577445,9347
whipped cream,aer,13,-4.92578125,0.007257054490739874,17703
whipped cream,pudding,14,-4.95703125,0.007033778396830886,69814
whipped cream,emulsion,15,-4.95703125,0.007033778396830886,91301
whipped cream,custard,16,-5.01953125,0.006607623306918162,136914
whipped cream,foam,17,-5.11328125,0.0060163094850451924,24565
whipped cream,confection,18,-5.19140625,0.005564176687185442,104179
whipped cream,non,19,-5.25390625,0.005227060263744215,2173
whipped cream,cake,20,-5.37890625,0.004612864492377289,11514
whipped cream,egg,21,-5.37890625,0.004612864492377289,13514
whipped cream,mixture,22,-5.37890625,0.004612864492377289,14531
whipped cream,meringue,23,-5.45703125,0.004266202251302306,214975
whipped cream,beverage,24,-5.47265625,0.004200060915951573,51877
whipped cream,artificial,25,-5.56640625,0.0038241989824012237,18225
whipped cream,salad,26,-5.58203125,0.003764910272573713,23216
whipped cream,candy,27,-5.58203125,0.003764910272573713,25720
whipped cream,mousse,28,-5.59765625,0.0037065407489938816,69031
whipped cream,sandwich,29,-5.64453125,0.00353680589037639,34176
whipped cream,cloud,30,-5.70703125,0.003322521654055227,12238
whipped cream,vegetable,31,-5.73828125,0.00322029840937764,26771
whipped cream,light,32,-5.78515625,0.0030728302086381184,2611
whipped cream,butter,33,-5.81640625,0.0029782891621149424,10605
whipped cream,toppings,34,-5.84765625,0.0028866568378025067,117877
whipped cream,protein,35,-5.86328125,0.002841903371673867,9646
whipped cream,snack,36,-6.06640625,0.0023194939316681954,31755
whipped cream,desert,37,-6.11328125,0.0022132765712728733,21459
whipped cream,pie,38,-6.14453125,0.0021451812099655197,4506
whipped cream,meat,39,-6.17578125,0.002079180922672758,11827
whipped cream,suspension,40,-6.20703125,0.0020152112507436266,22716
whipped cream,sweets,41,-6.23828125,0.001953209718711364,59198
whipped cream,liquid,42,-6.28515625,0.0018637657336301868,10177
whipped cream,sweetener,43,-6.28515625,0.0018637657336301868,203712
whipped cream,condi,44,-6.30078125,0.00183487072417169,26322
whipped cream,soup,45,-6.39453125,0.0016706688061512104,21078
whipped cream,foods,46,-6.41015625,0.001644767487071946,16512
whipped cream,alcohol,47,-6.45703125,0.0015694481001334417,12678
whipped cream,product,48,-6.50390625,0.0014975778390400082,3225
whipped cream,animal,49,-6.53515625,0.0014515022128128408,8205
whipped cream,carbohydrate,50,-6.53515625,0.0014515022128128408,93277
whipped cream,eggs,51,-6.55078125,0.001428998756819708,12776
whipped cream,compound,52,-6.59765625,0.0013635601394190483,16301
whipped cream,stabilizer,53,-6.64453125,0.0013011181744835318,137289
whipped cream,air,54,-6.67578125,0.0012610869766906297,2681
whipped cream,preparation,55,-6.67578125,0.0012610869766906297,12988
whipped cream,coffee,56,-6.70703125,0.001222287409373853,8423
whipped cream,chocolate,57,-6.86328125,0.0010454778242346197,13171
whipped cream,ingredient,58,-6.87890625,0.00102926919292715,38152
whipped cream,chemical,59,-6.91015625,0.0009976019090076377,9408
whipped cream,cocktail,60,-6.97265625,0.0009371602648094353,34475
whipped cream,starch,61,-7.01953125,0.0008942445717626129,57634
whipped cream,fruits,62,-7.06640625,0.0008532941313826474,16803
whipped cream,ointment,63,-7.06640625,0.0008532941313826474,139327
whipped cream,cookies,64,-7.09765625,0.0008270410309196858,5428
whipped cream,substance,65,-7.09765625,0.0008270410309196858,16089
whipped cream,decoration,66,-7.09765625,0.0008270410309196858,25265
whipped cream,energy,67,-7.16015625,0.0007769331479286766,4134
whipped cream,lotion,68,-7.16015625,0.0007769331479286766,60930
whipped cream,bread,69,-7.19140625,0.0007530294279387991,11843
whipped cream,fluid,70,-7.20703125,0.0007413547887659687,14721
whipped cream,mer,71,-7.26953125,0.000696438372746076,2517
whipped cream,paste,72,-7.28515625,0.0006856410965623564,21299
whipped cream,dough,73,-7.33203125,0.0006542433048022244,28780
whipped cream,sem,74,-7.34765625,0.0006441002025124334,3032
whipped cream,plant,75,-7.34765625,0.0006441002025124334,4829
whipped cream,batter,76,-7.36328125,0.0006341143544479526,7450
whipped cream,gelatin,77,-7.36328125,0.0006341143544479526,81471
whipped cream,curd,78,-7.39453125,0.000614604706789468,134626
whipped cream,gas,79,-7.41015625,0.0006050761440009849,5137
whipped cream,cakes,80,-7.44140625,0.0005864599081545489,36403
whipped cream,metal,81,-7.47265625,0.000568416433671333,5998
whipped cream,sponge,82,-7.47265625,0.000568416433671333,55292
whipped cream,foams,83,-7.47265625,0.000568416433671333,232023
whipped cream,bakery,84,-7.48828125,0.0005596039536847485,54982
whipped cream,mayonnaise,85,-7.48828125,0.0005596039536847485,104206
whipped cream,margarine,86,-7.48828125,0.0005596039536847485,138445
whipped cream,dish,87,-7.50390625,0.0005509280985367745,15862
whipped cream,cookie,88,-7.50390625,0.0005509280985367745,17467
whipped cream,pesticide,89,-7.51953125,0.0005423867500556189,94250
whipped cream,pasta,90,-7.53515625,0.0005339778229086999,22512
whipped cream,creme,91,-7.55078125,0.00052569926409352,61512
whipped cream,cereal,92,-7.58203125,0.0005095251980991962,57289
whipped cream,appetizer,93,-7.61328125,0.0004938487558008839,150365
whipped cream,density,94,-7.62890625,0.00048619234050552415,11168
whipped cream,condiments,95,-7.62890625,0.00048619234050552415,233817
whipped cream,fro,96,-7.66015625,0.00047123377476579323,9750
whipped cream,instant,97,-7.69140625,0.0004567354357107468,15050
whipped cream,medicine,98,-7.69140625,0.0004567354357107468,15300
whipped cream,delicious,99,-7.69140625,0.0004567354357107468,15855
whipped cream,creams,100,-7.69140625,0.0004567354357107468,101006
