index,noun1,noun2,taxonomic,ground_truth,gen_score,disc_score,log_prob_noun2,log_prob_noun1,log_prob_noun2_given_context,log_wordfreq_noun1,log_wordfreq_noun2
0,letter openers,food,no,0,-9.05638599395752,-1.3502639532089231,-9.872208014754865,-23.994998553995853,-17.453195241644565,2.97,5.4
1,dough,food,yes,1,-2.8757169246673584,-0.6683104038238525,-9.872208014754865,-15.576213512646124,-14.95357291499246,3.86,5.4
2,cleavers,food,no,0,-6.23653507232666,-1.0979082584381104,-9.872208014754865,-20.131869560698046,-17.025601439076713,2.07,5.4
3,chains,container,no,0,-7.738113403320312,-1.0473718643188477,-10.39245894196004,-10.58622070355545,-16.0185267730566,4.11,4.03
4,cream cheese,breakfast,yes,1,-7.539051055908203,-0.969740629196167,-18.78418620478066,-21.023159806176963,-15.424665765601723,4.29,4.61
5,scoops,insect,no,0,-9.663777351379396,-1.1964659690856934,-17.49313496335084,-18.01908690624093,-19.47245651531754,2.99,3.76
6,latches,kitchen equipment,no,0,-12.778621673583984,-0.9971356391906738,-26.5135966010765,-17.401587766326017,-23.087510028553275,2.61,4.45
7,granola,animal,no,0,-8.743027687072754,-1.2454370260238647,-10.488377315128824,-17.248255160887677,-16.431158702314505,2.98,4.81
8,chains,office supply,no,0,-14.269159317016602,-1.153647541999817,-20.94928532390783,-10.58622070355545,-28.599165861277896,4.11,4.71
9,cocktails,tool,no,0,-11.45916748046875,-1.0090028047561646,-10.106467982925874,-21.371715164674747,-18.245326365078792,3.6,4.56
10,sweet potatoes,vegetable,yes,1,-3.751719474792481,-0.5797751545906067,-21.440018856463897,-21.53267533828648,-15.195046683523266,4.03,3.94
11,tiramisu,food,yes,1,-5.57892656326294,-0.4957217574119568,-9.872208014754865,-25.828143761221167,-15.538763178625665,2.46,5.4
12,boxes,container,yes,1,-3.8369336128234863,-0.5164821147918701,-10.39245894196004,-11.272045448409845,-15.872040018386055,4.34,4.03
13,cows,animal,yes,1,-2.749938726425171,-0.3965154588222503,-10.488377315128824,-15.145465077823424,-15.31325119703452,3.93,4.81
14,filing cabinets,container,yes,1,-5.484388828277588,-0.8571367263793945,-10.39245894196004,-25.21554971599562,-17.6360751533567,3.36,4.03
15,bunkbeds,animal,no,0,-12.180412292480469,-1.0983498096466064,-10.488377315128824,-26.63698814462796,-17.05306517813788,1.21,4.81
16,freezers,kitchen equipment,yes,1,-11.139707565307615,-0.7328315377235413,-26.5135966010765,-21.098063175879723,-22.17061282345893,2.64,4.45
17,freezers,electronic device,yes,1,-10.497129440307615,-0.6701127886772156,-22.662907675225643,-21.098063175879723,-24.14871346024536,2.64,4.31
18,moccasins,footwear,yes,1,-1.5185706615447998,-0.8013588190078735,-18.63796391571983,-19.25249536140277,-21.01093002653225,2.51,3.42
19,swabs,tool,no,0,-3.783491373062134,-1.0307750701904297,-10.106467982925874,-15.75979737320934,-15.326977836871114,2.64,4.56
20,parrots,animal,yes,1,-5.13458776473999,-0.5700703263282776,-10.488377315128824,-18.97414756741284,-14.9818461266556,3.01,4.81
21,peanut butter,animal,no,0,-5.412182807922363,-1.1146256923675537,-10.488377315128824,-18.451033166867177,-16.739397621048422,3.78,4.81
22,cinnamon,fruit,no,0,-3.1712019443511963,-1.1489136219024658,-10.40945006013787,-18.131930284547607,-13.593572129210084,3.7,4.57
23,costumes,outerwear,no,0,-11.207768440246582,-0.8947709202766418,-22.161510416729683,-20.28709115777395,-19.49895682226212,3.89,2.57
24,ties,clothing,yes,1,-5.015899658203125,-0.7232343554496765,-17.877077981217823,-10.790487705726454,-18.330951615172125,4.35,4.47
25,muffs,clothing,yes,1,-5.216023921966553,-0.927076816558838,-17.877077981217823,-17.105007951783495,-17.414892347704853,2.18,4.47
26,spears,food,no,0,-6.107939720153809,-1.2323143482208252,-9.872208014754865,-15.75235305213574,-17.89362928171587,3.66,5.4
27,calves,accessory,no,0,-9.603837966918944,-1.1869680881500244,-18.05284595785042,-16.748073934357215,-18.44513319578036,3.32,3.63
28,ashtrays,container,yes,1,-3.5736608505249023,-0.6139254570007324,-10.39245894196004,-22.550133306421312,-16.335764591554884,2.31,4.03
29,lizards,mammal,no,0,-3.299572467803955,-1.1302919387817385,-18.447204075344327,-17.7617138951087,-20.24338870560547,3.24,3.31
30,whips,food,no,0,-7.689137935638428,-1.31024968624115,-9.872208014754865,-15.972458006297634,-17.063279376804612,3.19,5.4
31,shoes,footwear,yes,1,-1.234912991523743,-0.6105689406394958,-18.63796391571983,-15.64786024317022,-17.36107257881085,4.67,3.42
32,meat,animal,no,0,-2.217930316925049,-0.6101129651069641,-10.488377315128824,-10.27409848870561,-15.696934121797964,4.63,4.81
33,suspenders,accessory,yes,1,-4.007282257080078,-0.6243349313735962,-18.05284595785042,-18.293095221614763,-18.945069160422364,2.74,3.63
34,tanks,tool,yes,1,-6.8510613441467285,-0.9878123998641968,-10.106467982925874,-15.67101605998807,-16.802775668972007,4.27,4.56
35,waffles,tool,no,0,-14.231185913085938,-1.2201128005981443,-10.106467982925874,-17.274135676055458,-18.779772732378195,3.23,4.56
36,rearview mirrors,mammal,no,0,-16.374889373779297,-1.2738256454467771,-18.447204075344327,-31.445215287276223,-20.02959020726488,2.69,3.31
37,yaks,mammal,yes,1,-3.9773263931274414,-0.5803155899047852,-18.447204075344327,-16.405806616584368,-20.39102787525399,2.2,3.31
38,drums,container,no,0,-9.45961856842041,-1.1187371015548706,-10.39245894196004,-17.349026574496847,-16.897580140318663,3.93,4.03
39,beakers,container,yes,1,-4.2928900718688965,-0.6388578414916992,-10.39245894196004,-17.942626253424685,-17.24226509449175,2.19,4.03
40,stretchers,kitchen tool,no,0,-12.799095153808594,-1.1376556158065796,-27.87468817068753,-20.692892231058856,-24.04547337990353,2.51,4.3
41,tacos,mammal,no,0,-13.32861614227295,-1.4707624912261963,-18.447204075344327,-17.895970152046935,-20.17795266166356,3.43,3.31
42,spatulas,animal,no,0,-12.86453628540039,-1.388721942901611,-10.488377315128824,-19.974348824719847,-15.513554185268472,1.9,4.81
43,ants,insect,yes,1,-1.6661365032196045,-0.4870874285697937,-17.49313496335084,-9.134200290491016,-19.24305812387147,3.72,3.76
44,locks,tool,yes,1,-7.097478866577148,-0.8006762862205505,-10.106467982925874,-11.56125316920207,-15.435011723746252,3.94,4.56
45,leeches,animal,yes,1,-3.7818644046783447,-0.8946466445922852,-10.488377315128824,-18.89626353295581,-16.307696398882978,2.87,4.81
46,bras,clothing,yes,1,-3.131739377975464,-0.6306312680244446,-17.877077981217823,-13.426860276762213,-18.221564289952624,3.38,4.47
47,donuts,food,yes,1,-3.096275806427002,-0.4880416989326477,-9.872208014754865,-16.87977454328391,-15.187966386971,3.45,5.4
48,nuts,kitchen equipment,no,0,-13.840860366821287,-1.2707992792129517,-26.5135966010765,-10.345353243427848,-23.70993147712596,4.3,4.45
49,bassoons,plant,no,0,-13.419279098510742,-1.494605541229248,-10.587905040521909,-22.0162587155191,-18.04788954464496,1.86,4.89
50,cows,mammal,yes,1,-2.865445852279663,-0.3935632705688476,-18.447204075344327,-15.145465077823424,-19.63962236471125,3.93,3.31
51,coffee,drink,yes,1,-2.4172582626342773,-0.4553527235984802,-15.901127689636358,-19.05390821306156,-16.767755155699664,4.86,4.9
52,whipped cream,animal,no,0,-6.545774936676025,-1.0718226432800293,-10.488377315128824,-26.178223093870137,-16.99467213134972,3.65,4.81
53,spaghetti,animal,no,0,-10.204276084899902,-1.4606622457504272,-10.488377315128824,-18.60981613443029,-15.998188153002452,3.65,4.81
54,cummerbunds,accessory,yes,1,-3.374833106994629,-0.7501956820487976,-18.05284595785042,-36.525896405063776,-19.99475808165384,1.12,3.63
55,maple syrup,accessory,no,0,-10.536684036254885,-1.15728497505188,-18.05284595785042,-27.084791449285788,-19.821514725553417,3.51,3.63
56,coyotes,animal,yes,1,-4.158618927001953,-0.5070712566375732,-10.488377315128824,-17.139342846919522,-14.674066140478882,3.31,4.81
57,slugs,food,no,0,-7.093349456787109,-1.170124650001526,-9.872208014754865,-17.710155924209218,-16.657478304697786,3.05,5.4
58,lecterns,tool,no,0,-5.38114595413208,-0.8859571218490601,-10.106467982925874,-23.152302956804125,-16.78080732978273,1.46,4.56
59,mattresses,furniture,yes,1,-1.984614610671997,-0.7590418457984924,-15.3785022833042,-21.52909837711683,-20.243330250823465,3.11,4.29
60,piecrusts,animal,no,0,-11.806585311889648,-1.3822765350341797,-10.488377315128824,-25.951854610231628,-16.280917465713628,0.0,4.81
61,timers,kitchen tool,yes,1,-12.12484359741211,-0.8189274072647095,-27.87468817068753,-15.480553751359269,-22.666468525480205,3.28,4.3
62,chains,tool,yes,1,-6.584451675415039,-0.951818823814392,-10.106467982925874,-10.58622070355545,-16.775016705932003,4.11,4.56
63,envelopes,protective clothing,no,0,-12.907466888427734,-1.230334997177124,-24.31510031968729,-21.002307881701324,-24.67808267667895,3.33,3.97
64,pots,plant,no,0,-4.95583963394165,-1.0521938800811768,-10.587905040521909,-10.544551601718933,-16.684167892207334,3.76,4.89
65,wedges,tool,yes,1,-5.167481899261475,-1.091159701347351,-10.106467982925874,-20.96889527410256,-16.226361150176075,3.12,4.56
66,spaghetti,container,no,0,-15.822402954101562,-1.244043469429016,-10.39245894196004,-18.60981613443029,-17.693957160090065,3.65,4.03
67,bumpers,tool,no,0,-7.100840091705322,-1.093181014060974,-10.106467982925874,-18.826065003376343,-16.3389248320265,2.95,4.56
68,chessboards,animal,no,0,-11.817395210266112,-1.3437941074371338,-10.488377315128824,-26.96103516577258,-17.740737875483884,1.23,4.81
69,praying mantises,animal,yes,1,-3.5953683853149414,-0.5443138480186462,-10.488377315128824,-30.52092097434431,-17.188047693759074,1.92,4.81
70,videogames,game,yes,1,-5.270877838134766,-0.7076589465141296,-8.622544389345105,-21.83389377339885,-12.473300528595969,3.03,5.72
71,nuts,furniture,no,0,-11.219867706298828,-1.108310580253601,-15.3785022833042,-10.345353243427848,-20.105542496943976,4.3,4.29
72,sandals,footwear,yes,1,-1.0572158098220823,-0.5696609616279602,-18.63796391571983,-19.45680087142908,-20.90212508682841,3.46,3.42
73,margaritas,tool,no,0,-12.304840087890623,-1.0616248846054075,-10.106467982925874,-22.43130844477825,-18.49777371106983,2.79,4.56
74,rams,livestock,yes,1,-5.744297981262207,-0.7048953175544739,-17.2110523201245,-11.028279541569615,-22.00234793320704,3.74,3.83
75,jams,animal,no,0,-10.752331733703612,-1.4163166284561155,-10.488377315128824,-14.807365900049014,-16.843342459013844,3.44,4.81
76,mussels,seafood,yes,1,-5.0704545974731445,-0.8390903472900391,-18.527978605988995,-20.390804099965667,-18.38134751628003,3.09,3.65
77,duffel bags,clothing,no,0,-7.596672058105469,-0.972920536994934,-17.877077981217823,-31.535408759019013,-16.813798017661725,2.72,4.47
78,cheesecake,dessert,yes,1,-1.2556525468826294,-0.4186957478523254,-17.543418618538965,-20.919458046932675,-14.580758281982767,3.22,3.83
79,baklavas,food,yes,1,-5.557223320007324,-0.6154571175575256,-9.872208014754865,-26.91879421765678,-16.592286969497778,0.0,5.4
80,tube tops,water vehicle,no,0,-21.939022064208984,-1.353337049484253,-18.352663236385062,-22.99598332471217,-24.573412527317693,3.89,4.69
81,sweatsuits,clothing,yes,1,-2.276069402694702,-0.6418371796607971,-17.877077981217823,-23.17338121811272,-14.919682257174916,1.12,4.47
82,nuts,toy,no,0,-16.832359313964844,-1.244423270225525,-14.778533258953818,-10.345353243427848,-19.16980528617045,4.3,4.3
83,nightshirts,clothing,yes,1,-2.864998579025269,-0.8020746111869812,-17.877077981217823,-21.77939154891209,-16.08710144839039,1.09,4.47
84,windshields,auto part,yes,1,-11.48238754272461,-0.8584176301956177,-18.288343673302585,-21.906854270064134,-25.164739836130146,2.32,4.46
85,fruits,food,yes,1,-3.534809827804565,-0.444258451461792,-9.872208014754865,-17.211227983880637,-14.14636884510485,4.07,5.4
86,robes,clothing,yes,1,-2.223374128341675,-0.6348333358764648,-17.877077981217823,-16.331823515501103,-18.58432230838757,3.39,4.47
87,spatulas,garden tool,no,0,-11.619915962219238,-0.9302013516426086,-26.96761409599526,-19.974348824719847,-27.207521752982075,1.9,4.35
88,woks,container,yes,1,-5.718710899353027,-0.7763414978981018,-10.39245894196004,-16.31666965659408,-17.883957019323816,1.67,4.03
89,prunes,vehicle,no,0,-14.782722473144531,-1.5599230527877808,-16.333382935021387,-19.205367887827343,-18.905172679479254,2.64,4.76
90,ducklings,kitchen equipment,no,0,-21.641706466674805,-1.4161193370819092,-26.5135966010765,-25.287339394450747,-23.4124159484995,2.54,4.45
91,crows,clothing,no,0,-15.876712799072266,-1.3925597667694092,-17.877077981217823,-15.987883669617148,-18.96711822294399,3.47,4.47
92,rabbits,toiletry,no,0,-23.26495361328125,-1.4530409574508667,-20.37877985372853,-18.07289200274593,-25.288737942574585,3.68,2.08
93,cauliflowers,food,yes,1,-5.908237457275391,-0.6323016881942749,-9.872208014754865,-29.696668337891023,-16.77149606665287,1.8,5.4
94,strollers,vehicle,yes,1,-4.5940775871276855,-0.7732284069061279,-16.333382935021387,-18.402836320778988,-17.58312570475428,2.6,4.76
95,headscarves,women's clothing,yes,1,-7.108098983764648,-0.6454871296882629,-19.39548667973344,-21.92424806066247,-20.324175241131268,2.11,4.27
96,coasters,food,no,0,-6.335306644439697,-1.2982044219970703,-9.872208014754865,-18.565398063487944,-15.54561003346362,3.18,5.4
97,bamboos,plant,yes,1,-4.1050214767456055,-0.509296715259552,-10.587905040521909,-20.14819113178999,-16.644670554240292,2.19,4.89
98,birds,animal,yes,1,-2.640838384628296,-0.4225055873394012,-10.488377315128824,-10.728845507852093,-15.95011096845443,4.6,4.81
99,footbaths,container,yes,1,-7.846938133239746,-0.9239110946655272,-10.39245894196004,-22.13091886075375,-17.905878414340098,0.0,4.03
100,headbands,accessory,yes,1,-2.586697578430176,-0.5840802192687988,-18.05284595785042,-19.04038609163291,-18.539189226350825,2.46,3.63
101,squash,plant,no,0,-4.615111827850342,-0.6621784567832947,-10.587905040521909,-15.64080921791982,-16.526640208052267,3.63,4.89
102,arugula,plant,yes,1,-3.809139251708984,-0.5283287763595581,-10.587905040521909,-22.34007079990936,-14.88823731275127,2.46,4.89
103,oranges,tool,no,0,-13.710467338562012,-1.3409321308135986,-10.106467982925874,-18.07545288222613,-17.758432025453647,3.52,4.56
104,outfits,accessory,no,0,-6.266459941864014,-0.6455450057983398,-18.05284595785042,-18.809031316570955,-19.271711374804163,3.83,3.63
105,ferns,plant,yes,1,-2.2415032386779785,-0.5788315534591675,-10.587905040521909,-18.58223385731361,-16.607849827775755,3.12,4.89
106,cantaloupes,kitchen tool,no,0,-18.10091209411621,-1.3532732725143433,-27.87468817068753,-27.38318495077893,-23.312107337632195,1.99,4.3
107,spatulas,vehicle,no,0,-12.776921272277832,-1.3756165504455566,-16.333382935021387,-19.974348824719847,-17.97552049102121,1.9,4.76
108,stilettoes,seafood,no,0,-16.33852195739746,-1.3269492387771606,-18.527978605988995,-23.995331943776897,-21.2512523092022,0.0,3.65
109,crabs,food,yes,1,-6.534985065460205,-0.9941288232803344,-9.872208014754865,-16.30489705684124,-17.635959737558128,3.4,5.4
110,strawberries,weapon,no,0,-13.83651065826416,-1.2201858758926392,-11.07728714571915,-21.03114848376704,-18.70630263727755,3.54,4.54
111,tapestries,food,no,0,-12.96145248413086,-1.6629626750946045,-9.872208014754865,-22.28555882992034,-16.18614109538414,2.8,5.4
112,dresses,outerwear,no,0,-5.748362064361572,-0.8576049208641052,-22.161510416729683,-16.787040387826874,-18.56260747128445,4.05,2.57
113,mice,mammal,yes,1,-2.1367576122283936,-0.474250853061676,-18.447204075344327,-14.925278439152487,-20.860157084369195,4.09,3.31
114,vending machines,electronic device,yes,1,-9.689148902893066,-0.6782827973365784,-22.662907675225643,-21.714073427363484,-23.017884430909685,3.34,4.31
115,nuts,toiletry,no,0,-17.02210235595703,-1.3798445463180542,-20.37877985372853,-10.345353243427848,-24.14102521906876,4.3,2.08
116,waffle irons,kitchen equipment,yes,1,-9.11052703857422,-0.652837336063385,-26.5135966010765,-28.54090420927754,-21.334136699345144,3.01,4.45
117,wire cutters,tool,yes,1,-2.045288324356079,-0.7333840727806091,-10.106467982925874,-20.900441632067803,-15.401682965252569,3.25,4.56
118,elephants,animal,yes,1,-3.122020959854126,-0.397785872220993,-10.488377315128824,-22.983548125652312,-15.28566114676748,3.81,4.81
119,roosters,medical equipment,no,0,-16.150293350219727,-1.531928300857544,-19.106002639348333,-17.215541079232633,-23.91792765265341,3.07,4.7
120,canoes,vehicle,yes,1,-6.254759788513184,-0.9790616035461426,-16.333382935021387,-18.70327487141921,-17.33033927680026,3.01,4.76
121,dashboards,home decor,no,0,-18.14281272888184,-1.2021915912628174,-22.000615731536097,-20.788966609943813,-22.70363763836741,2.37,3.65
122,wines,drink,yes,1,-4.472374439239502,-0.441289484500885,-15.901127689636358,-14.450115367153312,-18.80995293242406,3.8,4.9
123,elephants,accessory,no,0,-14.009010314941406,-1.3293514251708984,-18.05284595785042,-22.983548125652312,-19.15026942028102,3.81,3.63
124,corn,fruit,no,0,-2.2745394706726074,-1.1545062065124512,-10.40945006013787,-9.675210299954188,-16.031009035735536,4.19,4.57
125,quads,food,no,0,-6.758908271789551,-1.3810282945632937,-9.872208014754865,-15.641829598973914,-17.871763499771326,2.77,5.4
126,broccoli,food,yes,1,-5.100787162780762,-0.5835281014442444,-9.872208014754865,-18.83327773883587,-14.98595293895222,3.5,5.4
127,nail files,tool,yes,1,-3.1313343048095703,-0.7136140465736389,-10.106467982925874,-24.449140325881448,-15.54886117360519,4.02,4.56
128,rabbits,mammal,yes,1,-2.001427173614502,-0.4242463111877441,-18.447204075344327,-18.07289200274593,-19.74137940200396,3.68,3.31
129,bassoons,toy,no,0,-11.213541030883787,-1.0843157768249512,-14.778533258953818,-22.0162587155191,-19.78811178517464,1.86,4.3
130,shoes,clothing,yes,1,-2.1156539916992188,-0.5623669028282166,-17.877077981217823,-15.64786024317022,-15.907537537238127,4.67,4.47
131,strawberries,tool,no,0,-14.070201873779297,-1.350615382194519,-10.106467982925874,-21.03114848376704,-19.476068752656595,3.54,4.56
132,sea urchins,animal,yes,1,-4.669341087341309,-0.6348184943199158,-10.488377315128824,-25.362408896212784,-15.512168386073746,2.62,4.81
133,bulls,garden tool,no,0,-12.571697235107422,-1.3941965103149414,-26.96761409599526,-14.447447335871203,-28.25942761489884,3.97,4.35
134,bears,animal,yes,1,-3.3963961601257324,-0.397851824760437,-10.488377315128824,-15.424431949886042,-16.010494958330565,4.34,4.81
135,cardinals,tool,no,0,-8.137685775756836,-1.3430562019348145,-10.106467982925874,-18.87190353445606,-17.33352253960787,3.77,4.56
136,kangaroos,animal,yes,1,-3.6461992263793945,-0.4038970470428467,-10.488377315128824,-21.27364149895737,-15.625330367709878,3.02,4.81
137,can openers,kitchen tool,yes,1,-5.726556301116943,-0.6469221115112305,-27.87468817068753,-26.94300482503792,-22.866394004457145,2.97,4.3
138,canes,sea animal,no,0,-11.95646858215332,-1.4038797616958618,-19.928937070677247,-16.784524130510555,-22.977150677622063,3.11,4.62
139,highlighters,game,no,0,-10.000240325927734,-1.1512105464935305,-8.622544389345105,-19.594425864031454,-15.069521590080504,2.31,5.72
140,pepperonis,food,yes,1,-4.330331802368164,-0.7237856388092041,-9.872208014754865,-27.78360253070021,-16.358348528744365,1.59,5.4
141,elephants,protective clothing,no,0,-22.13874626159668,-1.4356427192687988,-24.31510031968729,-22.983548125652312,-26.188354700577264,3.81,3.97
142,bulls,dessert,no,0,-10.58530616760254,-1.608285665512085,-17.543418618538965,-14.447447335871203,-21.48511854903298,3.97,3.83
143,harmonicas,musical instrument,yes,1,-3.202626466751098,-0.4796228408813476,-24.314967442060933,-26.995655094648143,-17.544690271717503,1.76,4.06
144,canes,mammal,no,0,-5.459290981292725,-1.2260607481002808,-18.447204075344327,-16.784524130510555,-20.410577625400137,3.11,3.31
145,icemakers,electronic device,yes,1,-9.340726852416992,-0.7437370419502258,-22.662907675225643,-18.303586914338656,-22.96773666838391,0.0,4.31
146,chests,furniture,yes,1,-3.617906332015991,-0.7076973915100098,-15.3785022833042,-17.095168535309604,-19.323305064933063,3.19,4.29
147,horns,musical instrument,yes,1,-7.158209323883057,-0.9410358667373656,-24.314967442060933,-16.831717716262247,-22.77704683755001,3.8,4.06
148,tostadas,food,yes,1,-4.232381343841553,-0.7083185315132141,-9.872208014754865,-24.24429951664389,-15.286664609098324,1.67,5.4
149,face masks,protective clothing,yes,1,-5.603017330169678,-0.3720072507858276,-24.31510031968729,-20.632795305881125,-23.267933911692367,3.87,3.97
150,porcupines,mammal,yes,1,-2.146927118301392,-0.4818228483200073,-18.447204075344327,-22.74532687806055,-19.50464736916441,2.22,3.31
151,shrimps,seafood,yes,1,-2.620551586151123,-0.685736894607544,-18.527978605988995,-17.058295640839834,-21.70601066353836,2.75,3.65
152,burritos,food,yes,1,-3.430076360702514,-0.5035487413406372,-9.872208014754865,-17.463114469235173,-15.126056775919476,2.94,5.4
153,rabbits,tool,no,0,-13.626646041870115,-1.2888203859329224,-10.106467982925874,-18.07289200274593,-17.127881800709005,3.68,4.56
154,abacuses,school supply,no,0,-13.994762420654297,-0.9317964315414428,-19.52552485147261,-24.125405151415748,-28.07501150708953,1.12,4.76
155,chairs,insect,no,0,-13.30272388458252,-1.2465509176254272,-17.49313496335084,-11.368439837306717,-19.829281271351995,4.02,3.76
156,calves,animal,yes,1,-4.255327224731445,-0.4794171750545501,-10.488377315128824,-16.748073934357215,-16.62256717431047,3.32,4.81
157,earwigs,animal,yes,1,-5.042482852935791,-0.7788159251213074,-10.488377315128824,-21.83694663693516,-16.682776562315716,1.98,4.81
158,brooches,jewelry,yes,1,-2.250332355499268,-0.611046314239502,-17.78827699571799,-16.967506844338388,-17.928905615361593,2.49,4.12
159,parfaits,dessert,yes,1,-1.9458587169647217,-0.4850456714630127,-17.543418618538965,-23.93638128782957,-21.192531209030346,1.68,3.83
160,cars,auto part,no,0,-12.997062683105469,-0.9931821823120116,-18.288343673302585,-11.004476810570363,-23.80502783227976,4.89,4.46
161,chickpeas,plant,no,0,-5.729387283325195,-0.9001057744026184,-10.587905040521909,-27.25217884933132,-16.015789706073846,2.7,4.89
162,bonsai,food,no,0,-10.66927719116211,-1.4778566360473633,-9.872208014754865,-21.442365573852435,-16.72770955015827,2.79,5.4
163,blueberries,fruit,yes,1,-1.4540213346481323,-0.6815089583396912,-10.40945006013787,-19.835937780514723,-12.772388354316814,3.08,4.57
164,watches,jewelry,yes,1,-4.108410835266113,-0.7292177677154541,-17.78827699571799,-16.561435806389447,-16.329690318425033,4.1,4.12
165,stained glass,food,no,0,-10.874743461608888,-1.4619121551513672,-9.872208014754865,-20.2106355585724,-17.414468792417,3.75,5.4
166,envelopes,food,no,0,-7.129326820373535,-1.374697208404541,-9.872208014754865,-21.002307881701324,-17.35816810214178,3.33,5.4
167,sweepers,tool,yes,1,-5.365083694458008,-0.9537001848220824,-10.106467982925874,-19.09522770455417,-16.313589502703195,2.51,4.56
168,melons,fruit,yes,1,-0.8648859262466431,-0.7023696303367615,-10.40945006013787,-16.351582760959484,-15.855730115642462,2.91,4.57
169,rabbits,furniture,no,0,-17.108999252319336,-1.230695724487305,-15.3785022833042,-18.07289200274593,-20.26435795683724,3.68,4.29
170,cordon bleu sandwiches,food,yes,1,-4.787788391113281,-0.6259422302246094,-9.872208014754865,-38.75456872791049,-14.747597528200782,2.68,5.4
171,highlighters,clothing,no,0,-7.956313133239746,-1.1892516613006592,-17.877077981217823,-19.594425864031454,-17.821505629947925,2.31,4.47
172,eels,clothing,no,0,-17.644805908203125,-1.67175030708313,-17.877077981217823,-15.137437884935649,-18.2256527229398,3.18,4.47
173,birdcages,bird,no,0,-4.148565292358398,-1.1454380750656128,-9.550907329666211,-24.48932940500456,-14.88860944250797,1.29,4.63
174,dynamites,mammal,no,0,-14.723191261291504,-1.3176555633544922,-18.447204075344327,-24.935068176078417,-19.81155998675558,1.62,3.31
175,rollerblades,footwear,yes,1,-5.539411544799805,-0.8984261155128479,-18.63796391571983,-22.45088010451859,-19.525393338646964,2.02,3.42
176,bulls,candy,no,0,-13.571125030517578,-1.5658131837844849,-15.59884951584572,-14.447447335871203,-19.1088868325888,3.97,4.29
177,brushes,tool,yes,1,-2.2536654472351074,-0.6976914405822754,-10.106467982925874,-17.184588788109817,-16.588767445917547,3.58,4.56
178,lockers,container,yes,1,-3.762221574783325,-0.8198196887969971,-10.39245894196004,-16.128530262220576,-17.23016064033998,3.07,4.03
179,pans,container,yes,1,-3.60752534866333,-0.6296645998954773,-10.39245894196004,-14.463057619760352,-17.19023790572184,3.48,4.03
180,chairs,food,no,0,-8.175773620605469,-1.2338693141937256,-9.872208014754865,-11.368439837306717,-17.25951195536703,4.02,5.4
181,lambs,animal,yes,1,-3.6377363204956055,-0.4029521346092224,-10.488377315128824,-17.623594646686726,-16.40238065296139,3.23,4.81
182,praying mantises,insect,yes,1,-1.9202184677124023,-0.5042918920516968,-17.49313496335084,-30.52092097434431,-18.919388416441954,1.92,3.76
183,flip-flops,clothing,yes,1,-7.330564498901367,-0.8092324733734131,-17.877077981217823,-26.30687909758252,-18.774919888997623,3.25,4.47
184,banjoes,dessert,no,0,-11.819438934326172,-1.3877757787704468,-17.543418618538965,-26.320198066278763,-20.750324876762456,0.0,3.83
185,chains,furniture,no,0,-9.521366119384766,-1.106269121170044,-15.3785022833042,-10.58622070355545,-21.370029146877933,4.11,4.29
186,geese,livestock,yes,1,-9.851354598999023,-0.8943480253219604,-17.2110523201245,-18.178804602023035,-21.477489460971675,3.35,3.83
187,crows,vehicle,no,0,-11.315160751342772,-1.3440052270889282,-16.333382935021387,-15.987883669617148,-18.293453543685683,3.47,4.76
188,rabbits,breakfast,no,0,-16.51210594177246,-1.2220516204833984,-18.78418620478066,-18.07289200274593,-18.166882781854213,3.68,4.61
189,centerpieces,clothing,no,0,-8.972944259643555,-1.3087825775146484,-17.877077981217823,-21.83047878000464,-17.008644559205162,2.24,4.47
190,flamingoes,tool,no,0,-11.042738914489746,-1.401613712310791,-10.106467982925874,-29.060922635186287,-17.45781223884389,1.84,4.56
191,tube tops,vegetable,no,0,-15.323948860168455,-1.323310375213623,-21.440018856463897,-22.99598332471217,-18.456996065049545,3.89,3.94
192,scarecrows,animal,no,0,-5.999481678009033,-0.904241144657135,-10.488377315128824,-24.22178441146117,-15.387847516731917,2.17,4.81
193,highlighters,office supply,yes,1,-8.227089881896973,-0.6522583961486816,-20.94928532390783,-19.594425864031454,-27.47152337302488,2.31,4.71
194,artichokes,animal,no,0,-11.119791030883787,-1.170835256576538,-10.488377315128824,-26.41784239050356,-16.137097835739112,2.59,4.81
195,knobs,sea animal,no,0,-12.574056625366213,-1.2531638145446775,-19.928937070677247,-17.781044139183326,-25.44283434156821,3.02,4.62
196,stools,bird,no,0,-8.243684768676758,-1.1376800537109375,-9.550907329666211,-17.362289908245316,-16.255629632802442,3.05,4.63
197,notepads,office supply,yes,1,-6.502851486206055,-0.6959843039512634,-20.94928532390783,-20.30145801711473,-27.63722119264084,2.01,4.71
198,crows,toiletry,no,0,-25.369918823242188,-1.383084058761597,-20.37877985372853,-15.987883669617148,-23.34339620624613,3.47,2.08
199,whales,bird,no,0,-6.7657856941223145,-1.4554343223571775,-9.550907329666211,-16.755789456777407,-14.90687688613836,3.77,4.63
200,scoops,tool,yes,1,-5.535386085510254,-0.9698419570922852,-10.106467982925874,-18.01908690624093,-16.24980934126012,2.99,4.56
201,wetsuits,clothing,yes,1,-2.44021224975586,-0.7945259809494019,-17.877077981217823,-17.111834660859877,-15.307660531193134,2.08,4.47
202,sloths,animal,yes,1,-3.298910856246948,-0.4770240783691406,-10.488377315128824,-18.789566526907308,-16.26836440986653,2.67,4.81
203,egg rolls,food,yes,1,-3.823857307434082,-0.6853334307670593,-9.872208014754865,-19.85937936916901,-14.963637624923592,4.03,5.4
204,pickaxes,garden tool,yes,1,-8.250736236572266,-0.8216143250465393,-26.96761409599526,-23.23426500963422,-26.16790629550157,1.95,4.35
205,flowers,plant,yes,1,-2.0259323120117188,-0.3962239623069763,-10.587905040521909,-16.626554494328296,-14.962360303288907,4.64,4.89
206,needles,food,no,0,-8.393884658813477,-1.4336155652999878,-9.872208014754865,-19.96742016364972,-16.24913549490862,3.7,5.4
207,dustpans,fastener,no,0,-9.406499862670898,-1.3449748754501345,-19.88904203168413,-20.51789585792924,-21.752373664091643,0.0,2.59
208,bow,fastener,yes,1,-8.354764938354492,-0.9091585874557496,-19.88904203168413,-8.539041051305057,-21.681380299879635,4.3,2.59
209,macaroni,vegetable,no,0,-6.323191165924072,-1.17433500289917,-21.440018856463897,-22.152400367752083,-16.956158702243584,3.11,3.94
210,octopus,seafood,yes,1,-6.154673099517822,-0.6297464966773987,-18.527978605988995,-19.10776146465021,-20.061712212458584,3.46,3.65
211,hyenas,mammal,yes,1,-2.797060012817383,-0.5630008578300476,-18.447204075344327,-20.14019095162941,-19.989170596084925,2.82,3.31
212,zebras,musical instrument,no,0,-12.667441368103027,-1.4517219066619873,-24.314967442060933,-18.64936954733936,-23.33624788946037,2.84,4.06
213,gyros,food,yes,1,-3.4659676551818848,-0.6912739872932434,-9.872208014754865,-17.454393379940115,-16.318236622457665,2.29,5.4
214,rattlesnakes,animal,yes,1,-8.120649337768555,-0.5316930413246155,-10.488377315128824,-21.489588944699324,-16.362760577089013,2.49,4.81
215,flan,tool,no,0,-16.071353912353516,-1.261767864227295,-10.106467982925874,-14.0601368040704,-17.52152403865933,2.48,4.56
216,slugs,animal,yes,1,-4.391763687133789,-0.7840452790260315,-10.488377315128824,-17.710155924209218,-16.737349078068604,3.05,4.81
217,machine guns,dessert,no,0,-15.42313003540039,-1.5302919149398804,-17.543418618538965,-20.07460556055124,-23.277296803082983,4.46,3.83
218,christmas trees,jewelry,no,0,-13.292801856994627,-1.4532593488693235,-17.78827699571799,-27.01219546775565,-17.999393571996873,4.49,4.12
219,salami,food,yes,1,-3.649497985839844,-0.7537125945091248,-9.872208014754865,-16.624639268792645,-16.189382131546687,2.88,5.4
220,hot-air balloons,vehicle,yes,1,-4.1680216789245605,-0.6416511535644531,-16.333382935021387,-26.684077746049265,-18.36095074491036,3.64,4.76
221,tanks,weapon,yes,1,-3.7428879737854,-0.6951954960823059,-11.07728714571915,-15.67101605998807,-15.941588631337178,4.27,4.54
222,drawers,container,yes,1,-3.746309757232666,-0.5706900358200073,-10.39245894196004,-15.851137648293156,-16.55274296010573,3.42,4.03
223,mirrors,food,no,0,-13.411069869995115,-1.3945040702819824,-9.872208014754865,-19.1016772007016,-18.539242787260232,3.81,5.4
224,peanut butter,home decor,no,0,-18.285987854003903,-1.2135498523712158,-22.000615731536097,-18.451033166867177,-23.474684557238632,3.78,3.65
225,dynamites,animal,no,0,-13.026190757751465,-1.21652352809906,-10.488377315128824,-24.935068176078417,-17.094542150933496,1.62,4.81
226,tridents,breakfast,no,0,-12.053396224975586,-1.2699168920516968,-18.78418620478066,-16.727078350323985,-19.18216809703896,1.85,4.61
227,koalas,food,no,0,-8.486298561096191,-1.5191103219985962,-9.872208014754865,-20.90901307731472,-17.27639739062329,2.66,5.4
228,grass,food,no,0,-3.3697104454040527,-0.9102964401245116,-9.872208014754865,-9.352840024211028,-15.628621530862585,4.38,5.4
229,roof racks,container,no,0,-7.532224178314209,-1.0170530080795288,-10.39245894196004,-27.45725871904293,-16.581231368347737,3.34,4.03
230,mirrors,animal,no,0,-14.562725067138672,-1.3222482204437256,-10.488377315128824,-19.1016772007016,-17.680123317391594,3.81,4.81
231,sheeps,container,no,0,-13.787670135498049,-1.3036189079284668,-10.39245894196004,-20.99116666981182,-18.05556791643307,2.19,4.03
232,hot tubs,container,yes,1,-8.198389053344727,-1.098868727684021,-10.39245894196004,-21.29171121740593,-17.144398500437124,3.07,4.03
233,zebras,headwear,no,0,-20.41462135314941,-1.3869802951812744,-18.544681317508008,-18.64936954733936,-21.85550771492345,2.84,2.39
234,peaches,fruit,yes,1,-0.9945247173309326,-0.6111043691635132,-10.40945006013787,-16.52337167604117,-14.053716893057247,3.5,4.57
235,avocados,food,yes,1,-4.8701934814453125,-0.6214500069618225,-9.872208014754865,-19.96374075188979,-14.659814064798342,2.92,5.4
236,rifles,food,no,0,-13.126521110534668,-1.5202594995498655,-9.872208014754865,-17.385067667918804,-18.97279986536386,3.84,5.4
237,envelopes,office supply,yes,1,-9.795710563659668,-0.9179707765579224,-20.94928532390783,-21.002307881701324,-26.853287492414893,3.33,4.71
238,pepperonis,tool,no,0,-10.323789596557615,-1.1418192386627195,-10.106467982925874,-27.78360253070021,-17.860104685784933,1.59,4.56
239,headrests,auto part,yes,1,-11.69088077545166,-0.9416670203208924,-18.288343673302585,-20.402452366934742,-25.29032629683182,1.94,4.46
240,panthers,mammal,yes,1,-4.404885768890381,-0.5373667478561401,-18.447204075344327,-17.08094035419705,-20.53568941041229,3.83,3.31
241,hawks,animal,yes,1,-4.997804641723633,-0.537700891494751,-10.488377315128824,-11.030510278591484,-17.996364024854298,3.89,4.81
242,helmets,headwear,yes,1,-5.556917667388916,-0.6660913228988647,-18.544681317508008,-18.3863461824793,-19.05416600520421,3.6,2.39
243,cantaloupes,furniture,no,0,-15.031933784484863,-1.1813313961029053,-15.3785022833042,-27.38318495077893,-20.066575230625222,1.99,4.29
244,razor blades,animal,no,0,-13.16029167175293,-1.3511710166931152,-10.488377315128824,-26.104635452076955,-17.87969046206826,3.49,4.81
245,stretchers,clothing,no,0,-7.932794570922852,-1.2934380769729614,-17.877077981217823,-20.692892231058856,-18.218002583168943,2.51,4.47
246,accordions,musical instrument,yes,1,-3.289550304412842,-0.5199803113937378,-24.314967442060933,-22.26100541110064,-23.932329847958577,1.92,4.06
247,stretchers,weapon,no,0,-7.460857391357422,-1.2386837005615234,-11.07728714571915,-20.692892231058856,-16.201709540988134,2.51,4.54
248,stretchers,musical instrument,no,0,-8.077255249023438,-1.3122433423995972,-24.314967442060933,-20.692892231058856,-24.14717080603155,2.51,4.06
249,stockings,clothing,yes,1,-3.961092710494995,-0.7182498574256897,-17.877077981217823,-17.13004772292303,-17.57216703460903,3.47,4.47
250,backpacks,school supply,yes,1,-9.073472023010254,-0.6319881677627563,-19.52552485147261,-19.306087849404086,-26.477897443190948,3.07,4.76
251,nail clippers,food,no,0,-11.27309799194336,-1.374238133430481,-9.872208014754865,-23.62865501503455,-18.46445178320796,3.51,5.4
252,weasels,animal,yes,1,-3.479556083679199,-0.5477651953697205,-10.488377315128824,-16.100811559279805,-16.521379232467048,2.53,4.81
253,coffee tables,furniture,yes,1,-1.4120210409164429,-0.6492811441421509,-15.3785022833042,-28.808849965069783,-19.64533555400774,4.19,4.29
254,rabbits,home decor,no,0,-18.7234115600586,-1.1581318378448486,-22.000615731536097,-18.07289200274593,-25.741339146517028,3.68,3.65
255,geese,clothing,no,0,-16.94685935974121,-1.525415539741516,-17.877077981217823,-18.178804602023035,-18.69327375309254,3.35,4.47
256,refrigerators,container,no,0,-10.75412940979004,-0.780124306678772,-10.39245894196004,-22.34778856138316,-16.338901527204698,2.96,4.03
257,thumbtacks,office supply,yes,1,-14.481176376342772,-0.9434309005737304,-20.94928532390783,-26.67082477617453,-27.65755019456589,1.83,4.71
258,trowels,tool,yes,1,-2.47772216796875,-0.7808140516281128,-10.106467982925874,-19.2597234000038,-15.420539160439752,1.66,4.56
259,flyswatters,tool,yes,1,-4.022167682647705,-0.6370922327041626,-10.106467982925874,-26.85928169229689,-16.464410875164923,0.0,4.56
260,lasagna,breakfast,no,0,-7.59474515914917,-1.4654799699783323,-18.78418620478066,-21.1938010666665,-16.13678839980734,3.12,4.61
261,bulls,water vehicle,no,0,-16.591064453125,-1.5412551164627075,-18.352663236385062,-14.447447335871203,-25.04820653482233,3.97,4.69
262,sombreros,headwear,yes,1,-5.298749923706055,-0.5381038784980774,-18.544681317508008,-24.65799454398208,-21.54003175512516,1.9,2.39
263,aloe,plant,yes,1,-1.3496451377868652,-0.5969647169113159,-10.587905040521909,-16.057665743037674,-15.39835197407744,3.06,4.89
264,petri dishes,container,yes,1,-4.290481090545654,-0.735741376876831,-10.39245894196004,-21.76520818902451,-17.986450798547782,2.95,4.03
265,swabs,medical equipment,yes,1,-7.341100692749023,-0.934893786907196,-19.106002639348333,-15.75979737320934,-22.46689509196632,2.64,4.7
266,flies,animal,yes,1,-3.8219518661499023,-0.8009498715400696,-10.488377315128824,-11.087614740842762,-15.934939901771791,4.09,4.81
267,tridents,home decor,no,0,-12.974571228027344,-1.1786450147628784,-22.000615731536097,-16.727078350323985,-25.97787248794104,1.85,3.65
268,eels,container,no,0,-19.08405303955078,-1.3697402477264404,-10.39245894196004,-15.137437884935649,-17.645260549488885,3.18,4.03
269,quesadillas,food,yes,1,-3.9128785133361816,-0.50844407081604,-9.872208014754865,-22.98105969854656,-17.182549797479542,2.29,5.4
270,chickpeas,dessert,no,0,-12.15548038482666,-1.4769093990325928,-17.543418618538965,-27.25217884933132,-20.30283869706929,2.7,3.83
271,belt buckles,mammal,no,0,-14.497678756713867,-1.1798582077026367,-18.447204075344327,-23.4372771553461,-20.977659000943827,2.84,3.31
272,sheeps,food,no,0,-6.057089805603027,-1.1036655902862549,-9.872208014754865,-20.99116666981182,-17.041925039020295,2.19,5.4
273,bowler hats,headwear,yes,1,-3.781314849853516,-0.6406677961349487,-18.544681317508008,-28.36354858983279,-18.259016595699748,3.37,2.39
274,costumes,footwear,no,0,-8.364250183105469,-1.0975759029388428,-18.63796391571983,-20.28709115777395,-18.12886586213037,3.89,3.42
275,pinwheels,food,no,0,-7.627386569976807,-1.3016711473464966,-9.872208014754865,-21.198594592022,-16.45817641605539,1.85,5.4
276,shawls,clothing,yes,1,-3.372101068496704,-0.666927695274353,-17.877077981217823,-20.154342495325444,-18.37979115304769,2.53,4.47
277,cherries,fruit,yes,1,-1.268712043762207,-0.6350387930870056,-10.40945006013787,-19.429155402971503,-16.96765581564158,3.27,4.57
278,sheeps,mammal,yes,1,-2.807003736495972,-0.4679048061370849,-18.447204075344327,-20.99116666981182,-19.89436431613961,2.19,3.31
279,scoops,musical instrument,no,0,-6.939203262329102,-1.2374869585037231,-24.314967442060933,-18.01908690624093,-24.195178910722305,2.99,4.06
280,aquariums,animal,no,0,-4.9822678565979,-0.8406041264533997,-10.488377315128824,-19.582278426987152,-15.679201800505018,2.76,4.81
281,cufflinks,accessory,yes,1,-2.414823055267334,-0.5969014167785645,-18.05284595785042,-21.57309030735756,-19.330443887442204,2.65,3.63
282,checkers,game,yes,1,-3.142305612564087,-0.7315805554389954,-8.622544389345105,-16.123227664728457,-14.324537477819174,3.1,5.72
283,macaroni,container,no,0,-13.659987449645996,-1.1038013696670532,-10.39245894196004,-22.152400367752083,-15.929756169725016,3.11,4.03
284,squids,animal,yes,1,-4.272102355957031,-0.7441217303276062,-10.488377315128824,-16.522250275031997,-16.59936397208214,2.49,4.81
285,maple syrup,footwear,no,0,-13.187477111816406,-1.4294679164886477,-18.63796391571983,-27.084791449285788,-22.881728938570745,3.51,3.42
286,skateboards,toy,yes,1,-4.123143196105957,-0.8234822750091553,-14.778533258953818,-21.895136775497345,-18.45540436546819,2.68,4.3
287,squids,insect,no,0,-8.927534103393555,-1.2668582201004028,-17.49313496335084,-16.522250275031997,-18.71893107656777,2.49,3.76
288,paper bags,container,yes,1,-5.135355949401856,-0.6914060711860657,-10.39245894196004,-20.90144305522225,-16.486354151073446,4.34,4.03
289,calves,toy,no,0,-10.149517059326172,-1.2535821199417114,-14.778533258953818,-16.748073934357215,-19.59781976590414,3.32,4.3
290,palm trees,plant,yes,1,-4.164345741271973,-0.4682522118091583,-10.587905040521909,-22.579505691521227,-14.438165288136636,4.1,4.89
291,parsley,plant,yes,1,-2.539309024810791,-0.6219872832298279,-10.587905040521909,-17.884745004414768,-17.477932002288327,3.27,4.89
292,coils,office supply,no,0,-16.407947540283203,-1.0900331735610962,-20.94928532390783,-17.3341282541409,-28.16425291971688,3.36,4.71
293,fondues,food,yes,1,-4.819905757904053,-0.6915435791015625,-9.872208014754865,-25.040362837709047,-16.966138101994257,1.08,5.4
294,scallops,furniture,no,0,-13.00179672241211,-1.2550973892211914,-15.3785022833042,-17.783318597234913,-19.25335614977349,2.95,4.29
295,shrimps,sea animal,yes,1,-7.6820068359375,-0.7346548438072205,-19.928937070677247,-17.058295640839834,-23.776958937808136,2.75,4.62
296,bugs,mammal,no,0,-5.112371444702148,-1.5840792655944824,-18.447204075344327,-11.47918746426564,-20.551467405477457,4.04,3.31
297,octopus,mammal,no,0,-5.071285724639893,-1.2727471590042114,-18.447204075344327,-19.10776146465021,-18.68832210642033,3.46,3.31
298,bombs,vegetable,no,0,-10.546442031860352,-1.410629153251648,-21.440018856463897,-16.682225335536437,-18.35622971246549,4.15,3.94
299,mushrooms,food,yes,1,-6.348845481872559,-0.645197868347168,-9.872208014754865,-17.730951691728556,-15.190489788537672,3.71,5.4
300,mongooses,tool,no,0,-12.001850128173828,-1.2375459671020508,-10.106467982925874,-24.255031540316,-16.331023888302852,1.74,4.56
301,racks,mammal,no,0,-11.5667085647583,-1.271134376525879,-18.447204075344327,-16.089794854858052,-20.45729325778366,3.37,3.31
302,puppies,tool,no,0,-10.38017463684082,-1.1758986711502075,-10.106467982925874,-17.960786232071047,-17.46082951367341,3.67,4.56
303,revolvers,weapon,yes,1,-4.321527481079102,-0.6552971005439758,-11.07728714571915,-20.691678406965337,-15.523308221861395,2.77,4.54
304,footrests,container,no,0,-10.274700164794922,-1.0782113075256348,-10.39245894196004,-21.06033124550053,-17.233928075192026,1.53,4.03
305,guitars,musical instrument,yes,1,-3.099260807037353,-0.3499535024166107,-24.314967442060933,-17.389974725771943,-20.248455612470188,3.65,4.06
306,pickles,breakfast,no,0,-11.301788330078123,-1.3137882947921753,-18.78418620478066,-19.17840196971516,-17.478924138721553,3.48,4.61
307,lighter,vehicle,no,0,-5.390484809875488,-1.1663669347763062,-16.333382935021387,-16.60400297045731,-18.59451893637021,4.09,4.76
308,tweezers,container,no,0,-11.100701332092283,-1.0933308601379397,-10.39245894196004,-22.788297241755373,-18.19905513513413,2.77,4.03
309,puppies,home decor,no,0,-16.219636917114258,-0.9629563093185424,-22.000615731536097,-17.960786232071047,-24.408528683050605,3.67,3.65
310,dustpans,water vehicle,no,0,-18.32164001464844,-1.361191987991333,-18.352663236385062,-20.51789585792924,-24.678353909688056,0.0,4.69
311,bow,weapon,yes,1,-5.798870086669922,-0.9125039577484132,-11.07728714571915,-8.539041051305057,-14.577613487303775,4.3,4.54
312,ratchets,food,no,0,-11.69073486328125,-1.4588775634765625,-9.872208014754865,-21.63450417277531,-17.539579596774598,2.19,5.4
313,underwear,footwear,no,0,-6.741330146789551,-1.0589253902435305,-18.63796391571983,-18.082989414772307,-16.693797728188756,3.96,3.42
314,chainsaws,tool,yes,1,-3.5653107166290283,-0.6685725450515747,-10.106467982925874,-21.21965706723084,-15.280656115997491,2.48,4.56
315,mushrooms,plant,no,0,-4.852959632873535,-0.6864858269691467,-10.587905040521909,-17.730951691728556,-14.654381432711546,3.71,4.89
316,swabs,clothing,no,0,-8.303455352783203,-1.3173528909683228,-17.877077981217823,-15.75979737320934,-18.0547793608632,2.64,4.47
317,noodles,animal,no,0,-10.855698585510254,-1.3027255535125732,-10.488377315128824,-17.32613479471657,-15.892881013255616,3.7,4.81
318,mirrors,toy,no,0,-14.191835403442385,-1.0633811950683594,-14.778533258953818,-19.1016772007016,-18.6765458868648,3.81,4.3
319,breadsticks,food,yes,1,-3.928635597229004,-0.7900147438049316,-9.872208014754865,-20.237614997170063,-14.705928166144044,2.39,5.4
320,fruit punches,weapon,no,0,-11.80044174194336,-1.1810284852981567,-11.07728714571915,-22.114380912220906,-15.83365034408708,3.61,4.54
321,lemonades,mammal,no,0,-17.565933227539062,-1.5249172449111938,-18.447204075344327,-26.738980153714863,-19.42170581394136,1.76,3.31
322,rollerblades,animal,no,0,-13.683066368103027,-1.1293423175811768,-10.488377315128824,-22.45088010451859,-16.875490058038068,2.02,4.81
323,boas,accessory,yes,1,-12.40748691558838,-1.228817343711853,-18.05284595785042,-14.94080434590327,-19.41115106873644,2.81,3.63
324,tridents,kitchen equipment,no,0,-10.817726135253906,-1.1248674392700195,-26.5135966010765,-16.727078350323985,-25.340733880739016,1.85,4.45
325,cranks,garden tool,no,0,-9.981830596923828,-0.9053360223770142,-26.96761409599526,-15.779777397220451,-27.74493380157636,2.83,4.35
326,nuts,food,yes,1,-3.375459671020508,-0.6093300580978394,-9.872208014754865,-10.345353243427848,-14.701290959165096,4.3,5.4
327,rubber bands,office supply,yes,1,-18.449264526367188,-0.9130871891975404,-20.94928532390783,-23.819710315290195,-28.172314250462502,3.99,4.71
328,strainers,tool,yes,1,-5.483644962310791,-0.8932023644447327,-10.106467982925874,-19.34014262686177,-15.351969344570117,1.93,4.56
329,combs,food,no,0,-7.976856231689453,-1.2433257102966309,-9.872208014754865,-15.921044887196617,-17.744251639072527,3.17,5.4
330,dynamites,tool,no,0,-8.994988441467285,-0.9004387259483337,-10.106467982925874,-24.935068176078417,-15.903223123510292,1.62,4.56
331,ambulances,vehicle,yes,1,-3.007694721221924,-0.5246077179908752,-16.333382935021387,-19.271311614665382,-19.184770109578853,3.07,4.76
332,handbrakes,auto part,yes,1,-11.030658721923828,-0.8452410697937012,-18.288343673302585,-21.601707146323776,-23.065594256771856,1.21,4.46
333,walruses,mammal,yes,1,-2.063040018081665,-0.5186163783073425,-18.447204075344327,-24.46279358313511,-19.58582673143633,2.18,3.31
334,bolts,fastener,yes,1,-1.497814655303955,-0.7771132588386536,-19.88904203168413,-18.06759570264752,-21.98264196784369,3.62,2.59
335,coils,furniture,no,0,-12.093789100646973,-1.1355153322219849,-15.3785022833042,-17.3341282541409,-19.42610144312544,3.36,4.29
336,mosses,plant,yes,1,-1.901467561721801,-0.6673998236656189,-10.587905040521909,-19.67934912730132,-16.12893511605971,2.66,4.89
337,sheeps,school supply,no,0,-21.28106117248535,-1.263129472732544,-19.52552485147261,-20.99116666981182,-28.246467435231644,2.19,4.76
338,pots,food,no,0,-5.4715752601623535,-1.236935019493103,-9.872208014754865,-10.544551601718933,-16.907140135506424,3.76,5.4
339,rhubarbs,vegetable,yes,1,-2.1962890625,-0.8088222146034241,-21.440018856463897,-30.657941606425343,-17.898495537037288,0.0,3.94
340,rabbits,auto part,no,0,-24.518211364746094,-1.384410738945007,-18.288343673302585,-18.07289200274593,-26.391110708057685,3.68,4.46
341,margaritas,medical equipment,no,0,-18.919118881225582,-1.3514894247055054,-19.106002639348333,-22.43130844477825,-25.271537567185177,2.79,4.7
342,hamburgers,food,yes,1,-2.739290714263916,-0.4185364842414856,-9.872208014754865,-23.869857685026005,-17.01416488209812,2.99,5.4
343,asparagus,plant,yes,1,-3.760303497314453,-0.6967558264732361,-10.587905040521909,-17.439080899279148,-13.099406515898236,3.25,4.89
344,fruit punches,office supply,yes,1,-18.09522247314453,-1.1726385354995728,-20.94928532390783,-22.114380912220906,-29.73602365281787,3.61,4.71
345,string cheese,clothing,no,0,-12.81227684020996,-1.2473384141921997,-17.877077981217823,-20.043249667450645,-20.355689707088995,4.18,4.47
346,sugar cubes,food,yes,1,-3.793813943862915,-0.7119629979133606,-9.872208014754865,-26.965376646444227,-14.408263791032882,3.41,5.4
347,engines,auto part,yes,1,-12.675461769104004,-0.8666654229164124,-18.288343673302585,-15.633725383117476,-25.36133235314515,4.35,4.46
348,elephants,electronic device,no,0,-18.90973663330078,-1.540492057800293,-22.662907675225643,-22.983548125652312,-23.47636186177332,3.81,4.31
349,nuts,dessert,no,0,-10.70190715789795,-1.24113929271698,-17.543418618538965,-10.345353243427848,-18.80270695908423,4.3,3.83
350,weather vanes,home decor,yes,1,-11.07584285736084,-0.8037902116775513,-22.000615731536097,-27.60143758508936,-24.816725353462044,2.3,3.65
351,chickpeas,clothing,no,0,-16.21118927001953,-1.4692943096160889,-17.877077981217823,-27.25217884933132,-18.57489581000744,2.7,4.47
352,tacos,food,yes,1,-2.769095659255981,-0.4457225203514099,-9.872208014754865,-17.895970152046935,-16.012144740019057,3.43,5.4
353,margaritas,container,no,0,-12.444157600402832,-0.9320497512817384,-10.39245894196004,-22.43130844477825,-17.93595338596006,2.79,4.03
354,clippers,toiletry,yes,1,-17.878374099731445,-1.1198043823242188,-20.37877985372853,-17.20040411466467,-23.848003720804464,3.6,2.08
355,brakes,auto part,yes,1,-10.471843719482422,-0.7382742762565613,-18.288343673302585,-19.00974143105328,-23.023987701992866,3.9,4.46
356,calves,protective clothing,no,0,-15.439338684082031,-1.310859203338623,-24.31510031968729,-16.748073934357215,-25.63731810222525,3.32,3.97
357,papayas,food,yes,1,-6.172032356262207,-0.633156418800354,-9.872208014754865,-22.939930939001584,-16.302361973705377,1.94,5.4
358,gloves,accessory,yes,1,-4.60471248626709,-0.716968834400177,-18.05284595785042,-16.425302317165357,-18.29760552685774,4.04,3.63
359,life jackets,clothing,yes,1,-4.580297470092773,-1.01361882686615,-17.877077981217823,-22.54097690500861,-15.87521139771225,3.81,4.47
360,bongos,musical instrument,yes,1,-5.131565570831299,-0.6013582348823547,-24.314967442060933,-21.080703824333643,-23.50674902666359,2.32,4.06
361,paper,school supply,yes,1,-12.094828605651855,-0.7072044610977173,-19.52552485147261,-10.388430069845262,-27.35499649857646,5.07,4.76
362,jellyfish,seafood,yes,1,-9.477240562438965,-0.879275918006897,-18.527978605988995,-19.29271942082169,-17.8750184983188,3.25,3.65
363,groundhogs,mammal,yes,1,-2.942052364349365,-0.5249629020690918,-18.447204075344327,-22.855464125194995,-19.040806599141565,1.98,3.31
364,latches,drink,no,0,-13.303661346435549,-1.402649998664856,-15.901127689636358,-17.401587766326017,-19.41348814697173,2.61,4.9
365,envelopes,water vehicle,no,0,-18.052478790283203,-1.378656268119812,-18.352663236385062,-21.002307881701324,-23.77529604306216,3.33,4.69
366,bok choys,food,yes,1,-6.868896484375,-0.6652478575706482,-9.872208014754865,-30.89952474305949,-15.88967875503984,0.0,5.4
367,milk,drink,yes,1,-5.163305282592773,-0.4300021529197693,-15.901127689636358,-14.913588843714122,-18.445051466433306,4.66,4.9
368,crayfish,livestock,no,0,-12.944071769714355,-1.242764592170715,-17.2110523201245,-18.95846468758191,-19.659446076103947,2.85,3.83
369,souffles,food,yes,1,-5.0528564453125,-0.7608903646469116,-9.872208014754865,-23.661373481824484,-16.61414692768837,1.47,5.4
370,stilts,toy,yes,1,-7.846035957336426,-1.0256669521331787,-14.778533258953818,-19.037342356251443,-19.62717241962072,2.75,4.3
371,maple syrup,sea animal,no,0,-14.697885513305664,-1.5998971462249756,-19.928937070677247,-27.084791449285788,-26.42889759767043,3.51,4.62
372,bulldozers,tool,no,0,-5.869354724884033,-0.7081828117370605,-10.106467982925874,-23.727029739014057,-16.748980232042978,2.63,4.56
373,shorts,clothing,yes,1,-2.7361435890197754,-0.646203875541687,-17.877077981217823,-15.905295039337856,-16.755486268277636,4.07,4.47
374,zebras,medical equipment,no,0,-19.42099952697754,-1.7842915058135986,-19.106002639348333,-18.64936954733936,-24.40058602932608,2.84,4.7
375,centrifuges,electronic device,yes,1,-10.24027156829834,-0.777655303478241,-22.662907675225643,-22.573233812934845,-23.58795936652558,2.43,4.31
376,stilettoes,food,no,0,-11.712770462036133,-1.3604342937469482,-9.872208014754865,-23.995331943776897,-17.022644819293305,0.0,5.4
377,bees,animal,yes,1,-3.3340861797332764,-0.7196906805038452,-10.488377315128824,-10.356803402698116,-15.422636230620562,3.96,4.81
378,robots,electronic device,no,0,-7.582961559295654,-0.5451831817626953,-22.662907675225643,-16.45437387099541,-22.797489890094845,3.99,4.31
379,margaritas,weapon,no,0,-13.072824478149414,-1.0163352489471436,-11.07728714571915,-22.43130844477825,-17.69480133808485,2.79,4.54
380,earrings,food,no,0,-11.193073272705078,-1.351080298423767,-9.872208014754865,-19.11685551642879,-17.230674538815485,3.62,5.4
381,routers,electronic device,yes,1,-6.892398834228516,-0.6071910858154297,-22.662907675225643,-16.494379247029002,-23.419081284253288,3.0,4.31
382,boars,mammal,yes,1,-3.942845582962036,-0.6186626553535461,-18.447204075344327,-16.287966530727772,-20.23601243581332,2.74,3.31
383,honey,headwear,no,0,-18.75219917297364,-1.3971238136291504,-18.544681317508008,-15.453406582835196,-22.19679717704569,4.37,2.39
384,razors,food,no,0,-8.463364601135254,-1.4362266063690186,-9.872208014754865,-15.039327118755196,-16.92989486901514,2.85,5.4
385,computers,electronic device,yes,1,-4.87770938873291,-0.4423648416996002,-22.662907675225643,-17.2089935373488,-21.718115770626568,4.33,4.31
386,pickles,dessert,no,0,-9.139850616455078,-1.4631218910217283,-17.543418618538965,-19.17840196971516,-19.077544382389178,3.48,3.83
387,noodles,tool,no,0,-10.700756072998049,-1.235632300376892,-10.106467982925874,-17.32613479471657,-17.24185722852038,3.7,4.56
388,apples,clothing,no,0,-13.976140975952148,-1.456023335456848,-17.877077981217823,-14.748352806747118,-18.911852663037365,3.96,4.47
389,chains,clothing,no,0,-10.346151351928713,-1.0789432525634766,-17.877077981217823,-10.58622070355545,-20.35498033809564,4.11,4.47
390,rearview mirrors,auto part,yes,1,-12.275519371032717,-0.765904426574707,-18.288343673302585,-31.445215287276223,-25.026260752518617,2.69,4.46
391,peppers,vegetable,yes,1,-1.5072559118270874,-0.6926093101501465,-21.440018856463897,-17.477671548152863,-17.125111892309516,3.66,3.94
392,fishnet stockings,women's clothing,yes,1,-8.294533729553223,-0.7216256260871887,-19.39548667973344,-34.31517947521873,-22.20570932742774,2.42,4.27
393,mirrors,vegetable,no,0,-15.36599349975586,-1.2948315143585205,-21.440018856463897,-19.1016772007016,-18.88435022358647,3.81,3.94
394,string cheese,food,yes,1,-3.1465415954589844,-0.6044452786445618,-9.872208014754865,-20.043249667450645,-14.951032695465775,4.18,5.4
395,spareribs,food,yes,1,-5.228562355041504,-0.7656042575836182,-9.872208014754865,-27.225347455994523,-16.31752808007765,1.52,5.4
396,gorillas,vehicle,no,0,-15.776135444641112,-1.3910045623779297,-16.333382935021387,-19.804608703708897,-18.45886349637701,3.07,4.76
397,chicken,livestock,yes,1,-5.444352149963379,-0.5877276062965393,-17.2110523201245,-16.73158912160614,-20.62278186534293,4.63,3.83
398,walruses,animal,yes,1,-5.164756774902344,-0.5420770645141602,-10.488377315128824,-24.46279358313511,-16.485199877209897,2.18,4.81
399,wetsuits,protective clothing,yes,1,-3.8052923679351807,-0.6259399056434631,-24.31510031968729,-17.111834660859877,-21.30089973337884,2.08,3.97
400,canes,animal,no,0,-5.709542751312256,-1.1887412071228027,-10.488377315128824,-16.784524130510555,-16.239418696548505,3.11,4.81
401,barnacles,animal,yes,1,-5.103515625,-0.9844414591789246,-10.488377315128824,-21.05931238265155,-16.336061699321974,2.59,4.81
402,polo shirts,clothing,yes,1,-3.423925876617432,-0.6356147527694702,-17.877077981217823,-28.22648560713316,-16.488675274591145,3.64,4.47
403,backscratchers,accessory,no,0,-7.093050956726074,-0.8662511706352234,-18.05284595785042,-22.94053062853361,-19.74173338732711,0.0,3.63
404,cardigans,food,no,0,-12.435464859008787,-1.384699821472168,-9.872208014754865,-20.403061782346605,-16.377903128090182,2.56,5.4
405,artichokes,food,yes,1,-5.7144269943237305,-0.6924304962158203,-9.872208014754865,-26.41784239050356,-16.91123294370379,2.59,5.4
406,stilettoes,breakfast,no,0,-17.885055541992188,-1.303661227226257,-18.78418620478066,-23.995331943776897,-17.740362819511947,0.0,4.61
407,margaritas,furniture,no,0,-13.08188247680664,-0.9715607166290284,-15.3785022833042,-22.43130844477825,-19.371308974164013,2.79,4.29
408,train sets,toy,yes,1,-2.392783641815185,-0.6526799201965332,-14.778533258953818,-18.47736680579574,-19.057388620992626,4.5,4.3
409,rabbits,bird,no,0,-7.484205722808838,-1.2395713329315186,-9.550907329666211,-18.07289200274593,-16.405453189654427,3.68,4.63
410,scallops,home decor,no,0,-16.596637725830078,-1.372136473655701,-22.000615731536097,-17.783318597234913,-22.373845278150924,2.95,3.65
411,tongs,food,no,0,-6.241948127746582,-1.293686866760254,-9.872208014754865,-17.041739733051287,-16.60037338458056,2.8,5.4
412,belt buckles,accessory,yes,1,-3.607690334320069,-0.6429609060287476,-18.05284595785042,-23.4372771553461,-17.849817985425574,2.84,3.63
413,cheeseburgers,container,no,0,-14.757732391357422,-1.0579949617385864,-10.39245894196004,-25.08279237682513,-18.12910006281171,2.78,4.03
414,eclairs,dessert,yes,1,-2.824552536010742,-0.6447604298591614,-17.543418618538965,-18.739704588703724,-21.64629206867205,1.94,3.83
415,chains,home decor,no,0,-15.03961181640625,-1.226374626159668,-22.000615731536097,-10.58622070355545,-25.1482276241898,4.11,3.65
416,triangles,container,no,0,-13.86874008178711,-1.1022955179214478,-10.39245894196004,-19.475844643579634,-17.322376147055977,3.27,4.03
417,copiers,electronic device,yes,1,-6.778117656707764,-0.5797170400619507,-22.662907675225643,-17.02733545251271,-22.649517275506945,2.15,4.31
418,headdresses,accessory,yes,1,-3.543644905090332,-0.7131739258766174,-18.05284595785042,-23.740972335472243,-18.967640619853672,2.21,3.63
419,swords,weapon,yes,1,-1.850603461265564,-0.4229229986667633,-11.07728714571915,-16.042165200591345,-14.766126735047312,3.76,4.54
420,moles,sea animal,no,0,-13.003647804260254,-1.5305224657058716,-19.928937070677247,-16.115151182830612,-22.603015852409,3.07,4.62
421,bulls,protective clothing,no,0,-17.11860466003418,-1.265645980834961,-24.31510031968729,-14.447447335871203,-28.272144877268367,3.97,3.97
422,tube tops,kitchen tool,no,0,-15.800493240356444,-1.2638567686080933,-27.87468817068753,-22.99598332471217,-23.71783444446049,3.89,4.3
423,dynamites,dessert,no,0,-12.535802841186523,-1.454495906829834,-17.543418618538965,-24.935068176078417,-23.496563351914467,1.62,3.83
424,zucchini,mammal,no,0,-12.222185134887695,-1.5684311389923096,-18.447204075344327,-17.337460248352702,-21.931903894606457,2.96,3.31
425,cars,vehicle,yes,1,-2.821531057357788,-0.4701400995254516,-16.333382935021387,-11.004476810570363,-16.542786370039988,4.89,4.76
426,catfish,seafood,yes,1,-8.363510131835938,-0.8169651031494141,-18.527978605988995,-17.637551351959704,-18.885345976649145,3.35,3.65
427,latches,vegetable,no,0,-11.823762893676758,-1.4438978433609009,-21.440018856463897,-17.401587766326017,-17.6479663336901,2.61,3.94
428,jelly beans,vehicle,no,0,-12.708937644958496,-1.3801352977752686,-16.333382935021387,-24.3453240400726,-20.381328636663305,3.62,4.76
429,cruise ships,food,no,0,-9.110547065734863,-1.407555341720581,-9.872208014754865,-23.053550996667468,-18.950866423825342,4.05,5.4
430,lollipops,food,yes,1,-5.013806819915772,-0.6598599553108215,-9.872208014754865,-20.38675726198797,-15.658809854294878,2.62,5.4
431,gloves,clothing,yes,1,-2.196589469909668,-0.6877135038375854,-17.877077981217823,-16.425302317165357,-16.823279093621558,4.04,4.47
432,clams,sea animal,yes,1,-9.098429679870604,-0.8964535593986511,-19.928937070677247,-15.997187641683269,-23.745960854709686,3.13,4.62
433,casseroles,food,yes,1,-2.961994409561157,-0.6541550755500793,-9.872208014754865,-19.8026704711092,-15.078588440916423,2.25,5.4
434,kiwis,food,yes,1,-8.156222343444824,-0.728794276714325,-9.872208014754865,-20.381748623908727,-17.797434138157232,2.87,5.4
435,slot machines,game,yes,1,-3.034140586853028,-0.756324291229248,-8.622544389345105,-21.009273867293587,-14.538876432263017,3.94,5.72
436,bulls,kitchen equipment,no,0,-19.615997314453125,-1.4579124450683594,-26.5135966010765,-14.447447335871203,-24.458457242697506,3.97,4.45
437,clasps,fastener,yes,1,-3.5570852756500244,-0.8190168738365173,-19.88904203168413,-16.330000817131776,-22.03006169669654,2.55,2.59
438,scoops,sea animal,no,0,-11.509042739868164,-1.342689871788025,-19.928937070677247,-18.01908690624093,-24.67901252558784,2.99,4.62
439,mussels,container,no,0,-16.044795989990234,-1.1213622093200684,-10.39245894196004,-20.390804099965667,-16.356268745738134,3.09,4.03
440,matchboxes,container,yes,1,-3.204934597015381,-0.6071966290473938,-10.39245894196004,-20.65881329485924,-15.220740934138838,1.62,4.03
441,octopus,food,yes,1,-8.164652824401855,-1.0612506866455078,-9.872208014754865,-19.10776146465021,-17.579960593614683,3.46,5.4
442,shrimps,animal,yes,1,-4.985641002655029,-0.7472009062767029,-10.488377315128824,-17.058295640839834,-16.770627170019267,2.75,4.81
443,geese,sea animal,no,0,-10.961528778076172,-1.404611587524414,-19.928937070677247,-18.178804602023035,-22.61321836016914,3.35,4.62
444,honey,drink,no,0,-7.780241012573242,-0.8162181377410889,-15.901127689636358,-15.453406582835196,-18.80380197477924,4.37,4.9
445,tongs,animal,no,0,-13.082633018493652,-1.3575447797775269,-10.488377315128824,-17.041739733051287,-16.5750061426695,2.8,4.81
446,ladybugs,insect,yes,1,-2.459144830703736,-0.4210187494754791,-17.49313496335084,-27.03199611362676,-17.409988416580976,2.22,3.76
447,jars,container,yes,1,-1.840474367141724,-0.5034109354019165,-10.39245894196004,-13.427490722183355,-17.557648761258804,3.45,4.03
448,rearview mirrors,sea animal,no,0,-24.26020812988281,-1.2876595258712769,-19.928937070677247,-31.445215287276223,-24.433360908873524,2.69,4.62
449,nuts,school supply,no,0,-18.547531127929688,-1.1938389539718628,-19.52552485147261,-10.345353243427848,-28.521985419692623,4.3,4.76
450,bulletproof vests,protective clothing,yes,1,-4.194038391113281,-0.5955289602279663,-24.31510031968729,-26.29769088242552,-19.46214729764225,2.92,3.97
451,puppies,jewelry,no,0,-16.37664222717285,-1.1650396585464478,-17.78827699571799,-17.960786232071047,-19.387200961431915,3.67,4.12
452,lemonades,drink,yes,1,-2.877666473388672,-0.4620584547519684,-15.901127689636358,-26.738980153714863,-19.0394326680614,1.76,4.9
453,loveseats,furniture,yes,1,-2.0550403594970703,-0.7503833770751953,-15.3785022833042,-29.789731409452905,-19.65381911049104,0.0,4.29
454,weasels,fastener,no,0,-13.092448234558104,-1.2151734828948977,-19.88904203168413,-16.100811559279805,-21.938902764887303,2.53,2.59
455,cats,animal,yes,1,-3.3509435653686523,-0.3738766610622406,-10.488377315128824,-10.189051290991294,-16.82103825657093,4.46,4.81
456,eagles,bird,yes,1,-1.962674140930176,-0.4275634288787842,-9.550907329666211,-17.63636972367457,-14.631382751632636,4.22,4.63
457,dashboards,electronic device,no,0,-11.079351425170898,-0.7582192420959473,-22.662907675225643,-20.788966609943813,-22.62898967517982,2.37,4.31
458,cream cheese,vehicle,no,0,-10.277467727661133,-1.2448792457580566,-16.333382935021387,-21.023159806176963,-21.04408309939427,4.29,4.76
459,calves,toiletry,no,0,-19.97505760192871,-1.5047134160995483,-20.37877985372853,-16.748073934357215,-23.44000670412821,3.32,2.08
460,hawks,food,no,0,-7.987815856933594,-1.4896596670150757,-9.872208014754865,-11.030510278591484,-18.59685796717628,3.89,5.4
461,puppies,musical instrument,no,0,-10.699859619140623,-1.0704439878463743,-24.314967442060933,-17.960786232071047,-23.774072800411147,3.67,4.06
462,beavers,mammal,yes,1,-4.373561382293701,-0.5490118861198425,-18.447204075344327,-19.120268862168047,-19.992910041241124,3.06,3.31
463,hats,headwear,yes,1,-3.3422064781188965,-0.449101448059082,-18.544681317508008,-14.653453041376792,-21.19942985069641,4.01,2.39
464,highlighters,vehicle,no,0,-9.812726020812988,-1.2777019739151,-16.333382935021387,-19.594425864031454,-18.52606857278008,2.31,4.76
465,bulls,furniture,no,0,-10.835529327392578,-1.2484740018844604,-15.3785022833042,-14.447447335871203,-20.1650068277125,3.97,4.29
466,generators,tool,no,0,-5.865804672241211,-0.895637035369873,-10.106467982925874,-15.75349113902696,-15.40484184971322,3.64,4.56
467,tiaras,headwear,yes,1,-3.6024439334869385,-0.5329999923706055,-18.544681317508008,-21.27957251523416,-20.9739370066348,2.29,2.39
468,headbands,headwear,yes,1,-4.1074628829956055,-0.6093159317970276,-18.544681317508008,-19.04038609163291,-20.19155107092756,2.46,2.39
469,catfish,food,yes,1,-6.473318099975586,-0.8369426727294922,-9.872208014754865,-17.637551351959704,-16.48727785204337,3.35,5.4
470,eels,vegetable,no,0,-14.872851371765137,-1.4471098184585571,-21.440018856463897,-15.137437884935649,-17.68845783382323,3.18,3.94
471,dustpans,game,no,0,-9.814873695373535,-1.365391969680786,-8.622544389345105,-20.51789585792924,-15.103458142624085,0.0,5.72
472,stilettoes,auto part,no,0,-19.391328811645508,-1.169492483139038,-18.288343673302585,-23.995331943776897,-25.469032834306084,0.0,4.46
473,stools,electronic device,no,0,-11.278726577758787,-1.260575771331787,-22.662907675225643,-17.362289908245316,-23.49948513517069,3.05,4.31
474,jackets,dessert,no,0,-15.037230491638184,-1.2960262298583984,-17.543418618538965,-17.73441727363791,-21.08550360174392,3.81,3.83
475,cloves,food,yes,1,-5.689149379730225,-1.0232901573181152,-9.872208014754865,-15.986517860993535,-16.433552345962152,3.07,5.4
476,clarinets,clothing,no,0,-21.331811904907227,-1.4151568412780762,-17.877077981217823,-24.61643769169712,-19.36771093735591,2.27,4.47
477,legos,mammal,no,0,-15.52496337890625,-1.1845778226852417,-18.447204075344327,-14.245952053852816,-20.64716607865884,2.76,3.31
478,pumpkins,mammal,no,0,-10.200994491577148,-1.6766345500946045,-18.447204075344327,-19.1373355829063,-19.6634106005122,3.19,3.31
479,pears,food,yes,1,-6.2463860511779785,-0.6248934864997864,-9.872208014754865,-15.39734368745615,-16.465047190027878,3.16,5.4
480,overalls,protective clothing,yes,1,-6.162147998809815,-0.8532645106315613,-24.31510031968729,-18.99925356229884,-24.769935995241337,3.0,3.97
481,baskets,container,yes,1,-2.6107988357543945,-0.5738466382026672,-10.39245894196004,-16.422269924935645,-16.211205976472193,3.45,4.03
482,rulers,tool,yes,1,-6.111279487609863,-0.7237750887870789,-10.106467982925874,-17.001801440775797,-16.236290540228183,3.7,4.56
483,coffee beans,food,yes,1,-5.654175758361816,-0.7018373012542725,-9.872208014754865,-25.770214795523582,-14.647253827653987,4.06,5.4
484,icepicks,weapon,yes,1,-5.560474395751953,-0.8374918103218079,-11.07728714571915,-21.999070897190627,-15.52447876788178,0.0,4.54
485,hot-water bottles,food,no,0,-9.45656967163086,-1.383711576461792,-9.872208014754865,-25.27416860226308,-16.536986857649236,4.13,5.4
486,tape measures,tool,yes,1,-3.6121435165405273,-0.7059139013290405,-10.106467982925874,-26.2783110583754,-16.833796962857207,4.24,4.56
487,dustpans,furniture,no,0,-7.80219841003418,-1.0471737384796145,-15.3785022833042,-20.51789585792924,-19.02665970256769,0.0,4.29
488,abacuses,toy,no,0,-8.011643409729004,-1.0725514888763428,-14.778533258953818,-24.125405151415748,-19.376248897560444,1.12,4.3
489,crabs,seafood,yes,1,-5.182159900665283,-0.7348624467849731,-18.527978605988995,-16.30489705684124,-22.003935344626456,3.4,3.65
490,skunks,mammal,yes,1,-2.016366481781006,-0.5900694131851196,-18.447204075344327,-18.05939445786742,-19.764739838628085,2.52,3.31
491,chicks,bird,yes,1,-2.0660595893859863,-0.5357450842857361,-9.550907329666211,-15.951720006046362,-15.88737552671878,3.87,4.63
492,dynamites,vehicle,no,0,-12.135945320129396,-1.1092348098754885,-16.333382935021387,-24.935068176078417,-17.45730720270913,1.62,4.76
493,statues,food,no,0,-9.642803192138672,-1.5545549392700195,-9.872208014754865,-17.297677599741505,-17.830917292233828,3.65,5.4
494,rafts,water vehicle,yes,1,-7.136987686157227,-0.7554057240486145,-18.352663236385062,-14.84127116185897,-24.35520496192434,2.88,4.69
495,limes,food,yes,1,-4.849730968475342,-0.8609580993652344,-9.872208014754865,-16.651713279585074,-17.055570701878327,2.85,5.4
496,leotards,clothing,yes,1,-2.977297306060791,-0.7349629998207092,-17.877077981217823,-22.21726162733157,-17.276844766725684,2.18,4.47
497,grasshoppers,animal,yes,1,-4.427824020385742,-0.7606411576271057,-10.488377315128824,-21.06180237366858,-15.685716762765924,2.78,4.81
498,razor blades,vehicle,no,0,-11.102352142333984,-1.3667751550674438,-16.333382935021387,-26.104635452076955,-17.939479751425363,3.49,4.76
499,scallops,vegetable,no,0,-8.251487731933594,-1.272270441055298,-21.440018856463897,-17.783318597234913,-17.937130005487052,2.95,3.94
500,pudding,food,yes,1,-2.5166406631469727,-0.584080696105957,-9.872208014754865,-17.897196791226868,-15.065890888886203,3.61,5.4
501,bowties,accessory,yes,1,-4.466078758239746,-0.6159273982048035,-18.05284595785042,-19.25537197782996,-17.58389332437618,1.87,3.63
502,roosters,bird,yes,1,-2.4066684246063232,-0.585915744304657,-9.550907329666211,-17.215541079232633,-16.144821205703423,3.07,4.63
503,roosters,toiletry,no,0,-23.3864974975586,-1.4082906246185305,-20.37877985372853,-17.215541079232633,-24.00221779632888,3.07,2.08
504,lunchboxes,container,yes,1,-3.489173412322998,-0.6140981316566467,-10.39245894196004,-23.95924409214948,-15.588513208549362,1.97,4.03
505,ducklings,food,no,0,-7.887300491333008,-1.0180102586746216,-9.872208014754865,-25.287339394450747,-17.348637612488634,2.54,5.4
506,warthogs,mammal,yes,1,-2.820374727249145,-0.5542834997177124,-18.447204075344327,-24.67851112024752,-19.87726536068909,1.97,3.31
507,mirrors,livestock,no,0,-19.531827926635746,-1.322984218597412,-17.2110523201245,-19.1016772007016,-23.582177997718592,3.81,3.83
508,calves,condiment,no,0,-14.576489448547363,-1.5605933666229248,-18.930851295821803,-16.748073934357215,-19.706424448674937,3.32,2.7
509,goldfish,animal,yes,1,-5.38067626953125,-0.6619108319282532,-10.488377315128824,-18.42629571272757,-16.070262777922714,3.28,4.81
510,spatulas,weapon,no,0,-12.979156494140623,-1.1593296527862549,-11.07728714571915,-19.974348824719847,-16.121909940009132,1.9,4.54
511,olives,fruit,no,0,-0.6150332689285278,-0.8930076956748962,-10.40945006013787,-15.433040575186652,-14.662105000897071,3.35,4.57
512,seafood,food,yes,1,-3.287043571472168,-0.506826639175415,-9.872208014754865,-18.527978605988995,-14.075016400650975,3.65,5.4
513,rifles,mammal,no,0,-14.7161226272583,-1.2465884685516355,-18.447204075344327,-17.385067667918804,-20.6351196770842,3.84,3.31
514,food processors,container,no,0,-9.356405258178713,-0.949244737625122,-10.39245894196004,-21.055159582809107,-17.249893165224297,3.55,4.03
515,car seats,vehicle,no,0,-5.4886884689331055,-0.7606588006019592,-16.333382935021387,-18.40246760418824,-17.066077042509164,4.48,4.76
516,puppies,animal,yes,1,-3.533550977706909,-0.3317145109176636,-10.488377315128824,-17.960786232071047,-16.46543136564749,3.67,4.81
517,organs,musical instrument,yes,1,-14.924073219299316,-1.2690483331680298,-24.314967442060933,-16.20069554593057,-24.38388548102381,4.0,4.06
518,ladders,tool,yes,1,-3.765655040740967,-0.6590431928634644,-10.106467982925874,-17.886912259346417,-16.637365814475324,3.24,4.56
519,dollhouses,accessory,no,0,-8.141562461853027,-0.8480449914932251,-18.05284595785042,-23.59145242863078,-17.755602625257644,1.54,3.63
520,toolboxes,container,yes,1,-4.383228778839111,-0.7484530210494995,-10.39245894196004,-21.008720516029456,-14.920118539347696,1.78,4.03
521,dollhouses,toy,yes,1,-2.639359712600708,-0.6949889063835144,-14.778533258953818,-23.59145242863078,-19.31944043488301,1.54,4.3
522,croissants,food,yes,1,-6.246019840240479,-0.5239564180374146,-9.872208014754865,-18.062730819530145,-15.608973681692827,2.71,5.4
523,fish,food,yes,1,-4.872544765472412,-0.6701823472976685,-9.872208014754865,-9.526645170115192,-15.68395371813152,4.9,5.4
524,sorbets,food,yes,1,-4.943985462188721,-0.8190314173698425,-9.872208014754865,-25.931776637203928,-17.068842460823447,1.71,5.4
525,warthogs,animal,yes,1,-3.634944200515747,-0.5723518133163452,-10.488377315128824,-24.67851112024752,-14.987221420697594,1.97,4.81
526,envelopes,auto part,no,0,-19.23676872253418,-1.407132267951965,-18.288343673302585,-21.002307881701324,-25.35609062078651,3.33,4.46
527,whipped cream,mammal,no,0,-9.697267532348633,-1.215530514717102,-18.447204075344327,-26.178223093870137,-21.59630211962677,3.65,3.31
528,combination locks,tool,yes,1,-8.067793846130371,-0.7904027700424194,-10.106467982925874,-28.9842926067626,-16.368167992042007,3.86,4.56
529,cockroaches,animal,yes,1,-4.484170436859131,-0.7628591060638428,-10.488377315128824,-21.854853865239097,-16.206985841219996,3.11,4.81
530,toast,food,yes,1,-3.5099239349365234,-0.5502294301986694,-9.872208014754865,-16.922289585851146,-15.548705397586142,3.96,5.4
531,rattlesnakes,food,no,0,-9.337100982666016,-1.277029275894165,-9.872208014754865,-21.489588944699324,-16.99528708046527,2.49,5.4
532,bassoons,animal,no,0,-13.405259132385254,-1.183704137802124,-10.488377315128824,-22.0162587155191,-16.79928135622583,1.86,4.81
533,crayons,toy,yes,1,-7.269101142883301,-0.8476617336273193,-14.778533258953818,-17.462576872819028,-19.257802754838348,3.01,4.3
534,burritos,tool,no,0,-13.768972396850586,-1.1856803894042969,-10.106467982925874,-17.463114469235173,-18.48531360372687,2.94,4.56
535,coffins,container,yes,1,-3.0040483474731445,-0.7098577618598938,-10.39245894196004,-19.157134895662068,-18.10969328262352,3.04,4.03
536,cantaloupes,breakfast,no,0,-15.896469116210938,-1.2055482864379885,-18.78418620478066,-27.38318495077893,-17.19565850054398,1.99,4.61
537,cantaloupes,seafood,no,0,-13.42656421661377,-1.6634529829025269,-18.527978605988995,-27.38318495077893,-20.308166864696755,1.99,3.65
538,latches,office supply,no,0,-15.800254821777344,-1.1400978565216064,-20.94928532390783,-17.401587766326017,-27.942927674791,2.61,4.71
539,slicers,electronic device,yes,1,-8.862197875976562,-0.8974533677101135,-22.662907675225643,-22.20375338391742,-22.752435291620444,1.76,4.31
540,flies,tool,no,0,-11.63135814666748,-1.259798884391785,-10.106467982925874,-11.087614740842762,-17.187085989936804,4.09,4.56
541,calves,weapon,no,0,-11.67841911315918,-1.2430025339126587,-11.07728714571915,-16.748073934357215,-16.173919039570027,3.32,4.54
542,lamps,electronic device,yes,1,-7.906964778900146,-0.6911153197288513,-22.662907675225643,-16.33218671633965,-22.7665773924133,3.73,4.31
543,chalks,container,no,0,-11.732593536376951,-1.0342005491256714,-10.39245894196004,-17.579607766885665,-17.2863100866586,2.13,4.03
544,scoops,food,no,0,-5.098338127136231,-1.0521795749664309,-9.872208014754865,-18.01908690624093,-17.10932909389078,2.99,5.4
545,mirrors,breakfast,no,0,-18.97789192199707,-1.3502215147018433,-18.78418620478066,-19.1016772007016,-18.50316455269217,3.81,4.61
546,mirrors,seafood,no,0,-20.73454666137696,-1.443647027015686,-18.527978605988995,-19.1016772007016,-23.123871914730696,3.81,3.65
547,boomerangs,toy,yes,1,-6.563948154449463,-0.8554491400718689,-14.778533258953818,-22.32982358824305,-18.971545338654952,2.22,4.3
548,anteaters,animal,yes,1,-4.705413341522217,-0.5596566200256348,-10.488377315128824,-19.20121486157287,-16.768865485340356,2.04,4.81
549,projectors,musical instrument,no,0,-7.103617191314697,-1.1910555362701416,-24.314967442060933,-17.640179715142363,-22.484387017836497,2.97,4.06
550,mint,food,yes,1,-5.134947776794434,-0.7891389727592468,-9.872208014754865,-10.146003237869532,-15.650929394553565,3.92,5.4
551,honey,breakfast,yes,1,-9.73862361907959,-0.9164528846740724,-18.78418620478066,-15.453406582835196,-17.704308150668716,4.37,4.61
552,ovens,kitchen equipment,yes,1,-6.216602325439453,-0.5929520130157471,-26.5135966010765,-16.685494615136943,-22.79963301257741,3.22,4.45
553,rocking chairs,furniture,yes,1,-1.9669806957244875,-0.6373742818832397,-15.3785022833042,-25.01939270425628,-19.684098947488938,3.54,4.29
554,knives,weapon,yes,1,-4.411850929260254,-0.5067739486694336,-11.07728714571915,-16.75004969732313,-14.19387196431328,3.84,4.54
555,scones,breakfast,yes,1,-4.555616855621338,-0.7552326917648315,-18.78418620478066,-19.03212016166237,-17.61201183859571,2.84,4.61
556,honey,fastener,no,0,-13.956671714782717,-1.3928145170211792,-19.88904203168413,-15.453406582835196,-22.386303322292022,4.37,2.59
557,vacuum cleaners,tool,yes,1,-5.090029716491699,-0.7509233951568604,-10.106467982925874,-22.74863052998036,-16.75758882507197,3.37,4.56
558,clippers,tool,yes,1,-4.102010726928711,-0.784390389919281,-10.106467982925874,-17.20040411466467,-15.637688092020513,3.6,4.56
559,urns,container,yes,1,-3.6324095726013184,-0.5578131675720215,-10.39245894196004,-13.463976247597934,-17.57846202902508,2.71,4.03
560,kneepads,protective clothing,yes,1,-4.547877788543701,-0.796227216720581,-24.31510031968729,-24.92524954433864,-25.230737601968343,1.8,3.97
561,mixers,electronic device,yes,1,-6.493586540222168,-0.9298561811447144,-22.662907675225643,-15.72844404408812,-22.99821509947317,3.03,4.31
562,shortbread,vehicle,no,0,-14.4878568649292,-1.3498082160949707,-16.333382935021387,-20.336119145403707,-20.107017190272856,2.52,4.76
563,shortbread,tool,no,0,-14.926350593566896,-1.3711316585540771,-10.106467982925874,-20.336119145403707,-18.25119501171485,2.52,4.56
564,quills,food,no,0,-8.494861602783203,-1.4273359775543213,-9.872208014754865,-15.176446070219658,-16.72048642422041,2.49,5.4
565,bats,weapon,yes,1,-13.398486137390137,-1.1823065280914309,-11.07728714571915,-10.337537521978206,-16.167888930200462,3.82,4.54
566,jumpsuits,clothing,yes,1,-2.1161932945251465,-0.6785489320755005,-17.877077981217823,-20.46728702352089,-15.345904618574398,2.48,4.47
567,caterpillars,animal,yes,1,-4.124110221862793,-0.7440275549888611,-10.488377315128824,-21.95113680968653,-16.223632255752914,2.97,4.81
568,pencil sharpeners,office supply,yes,1,-10.808598518371582,-0.7483107447624207,-20.94928532390783,-33.58571159317571,-27.32885527435476,1.87,4.71
569,candy,food,yes,1,-1.4897764921188354,-0.3868599236011505,-9.872208014754865,-15.59884951584572,-15.734749686298994,4.29,5.4
570,peas,tool,no,0,-11.98513889312744,-1.368282437324524,-10.106467982925874,-13.766940109631168,-17.335513240504437,3.65,4.56
571,waffle irons,electronic device,yes,1,-10.845900535583496,-0.7356704473495483,-22.662907675225643,-28.54090420927754,-22.29183116658741,3.01,4.31
572,peppers,animal,no,0,-10.508660316467283,-1.3781499862670898,-10.488377315128824,-17.477671548152863,-16.411687244365265,3.66,4.81
573,hearing aids,tool,no,0,-6.440855979919434,-0.8535197973251343,-10.106467982925874,-24.208585734819923,-16.085632024520006,4.15,4.56
574,cots,furniture,yes,1,-9.76995849609375,-0.8010218143463135,-15.3785022833042,-14.80985937762281,-20.43821197722219,2.7,4.29
575,landmines,weapon,yes,1,-2.6687216758728027,-0.6434699892997742,-11.07728714571915,-20.079757170559848,-15.806672991874176,2.57,4.54
576,creme brulee,animal,no,0,-13.318293571472168,-1.1839549541473389,-10.488377315128824,-28.992873984590886,-16.73871302939258,2.11,4.81
577,ants,mammal,no,0,-4.549832344055176,-1.5306024551391602,-18.447204075344327,-9.134200290491016,-20.71368173457845,3.72,3.31
578,abacuses,office supply,no,0,-16.159000396728516,-0.9812020063400269,-20.94928532390783,-24.125405151415748,-29.31619793138,1.12,4.71
579,microwaves,food,no,0,-12.463361740112305,-1.03840970993042,-9.872208014754865,-23.23871474740894,-16.62621334332608,2.82,5.4
580,pita,food,yes,1,-4.669381141662598,-0.7584995627403259,-9.872208014754865,-15.745429145316086,-15.401200055828266,3.0,5.4
581,purses,clothing,no,0,-5.449186325073242,-0.7162351608276367,-17.877077981217823,-17.88551625239682,-20.002420316094263,3.07,4.47
582,footrests,food,no,0,-9.93212890625,-1.3685201406478882,-9.872208014754865,-21.06033124550053,-17.093482596906053,1.53,5.4
583,lambs,livestock,yes,1,-4.517386436462402,-0.6649944186210632,-17.2110523201245,-17.623594646686726,-21.63850344390356,3.23,3.83
584,crowns,jewelry,yes,1,-3.5669162273406982,-0.7080181837081909,-17.78827699571799,-18.020031086198934,-16.86974732539412,3.46,4.12
585,celeries,mammal,no,0,-8.407556533813477,-1.2879458665847778,-18.447204075344327,-14.52610912467732,-20.25716572188544,0.0,3.31
586,bagels,breakfast,yes,1,-4.4824700355529785,-0.6426507830619812,-18.78418620478066,-18.830533197023048,-17.86587536929822,3.03,4.61
587,bow,clothing,yes,1,-7.214107513427734,-0.9087299704551696,-17.877077981217823,-8.539041051305057,-18.305989908357866,4.3,4.47
588,stools,clothing,no,0,-9.158145904541016,-1.232420802116394,-17.877077981217823,-17.362289908245316,-17.906355348485505,3.05,4.47
589,sharks,animal,yes,1,-6.28629732131958,-0.4471336901187897,-10.488377315128824,-16.162199728731828,-15.935234811258638,3.96,4.81
590,bullets,weapon,yes,1,-4.127818584442139,-0.5879398584365845,-11.07728714571915,-16.343165361494805,-13.944279449373813,4.02,4.54
591,zucchini,vegetable,yes,1,-1.6917173862457275,-0.6140617728233337,-21.440018856463897,-17.337460248352702,-15.586542095516457,2.96,3.94
592,elephants,tool,no,0,-10.173195838928224,-1.384478211402893,-10.106467982925874,-22.983548125652312,-16.887686975765433,3.81,4.56
593,chips,tool,no,0,-9.525261878967283,-1.2931022644042969,-10.106467982925874,-15.775568725192372,-16.547471153518487,4.21,4.56
594,cardinals,food,no,0,-10.16371250152588,-1.4708834886550903,-9.872208014754865,-18.87190353445606,-18.14324165770708,3.77,5.4
595,stretchers,auto part,no,0,-14.62860107421875,-1.146240472793579,-18.288343673302585,-20.692892231058856,-25.69775692797891,2.51,4.46
596,cabinets,furniture,yes,1,-1.9137942790985107,-0.7352181673049927,-15.3785022833042,-19.709610460256663,-19.82474967128116,3.46,4.29
597,bolts,electronic device,no,0,-11.686817169189451,-1.155142068862915,-22.662907675225643,-18.06759570264752,-23.068470227604283,3.62,4.31
598,backscratchers,musical instrument,no,0,-6.675543308258057,-1.145299196243286,-24.314967442060933,-22.94053062853361,-23.866054685109745,0.0,4.06
599,turbans,headwear,yes,1,-3.323849678039551,-0.5721096992492676,-18.544681317508008,-23.639664162133982,-21.152058940606707,2.45,2.39
600,shears,tool,yes,1,-3.446302890777588,-0.6776095628738403,-10.106467982925874,-18.410981819236923,-17.399707120492614,2.9,4.56
601,tupperware,food,no,0,-3.2894175052642822,-1.0764447450637815,-9.872208014754865,-24.85402443514305,-17.14960473396962,2.76,5.4
602,bassoons,auto part,no,0,-20.71251678466797,-1.277022361755371,-18.288343673302585,-22.0162587155191,-26.57402650162147,1.86,4.46
603,watering cans,garden tool,yes,1,-3.912441968917847,-0.6232686638832092,-26.96761409599526,-25.874982079573,-26.848734034950542,3.37,4.35
604,scarecrows,food,no,0,-7.3667073249816895,-1.5035442113876345,-9.872208014754865,-24.22178441146117,-16.375098339304493,2.17,5.4
605,bathtubs,container,yes,1,-4.1560468673706055,-0.7818166017532349,-10.39245894196004,-22.767544271957835,-17.483433339748554,2.34,4.03
606,headdresses,headwear,yes,1,-5.02286958694458,-0.6728152632713318,-18.544681317508008,-23.740972335472243,-16.86709541256638,2.21,2.39
607,creme brulee,dessert,yes,1,-1.521981120109558,-0.4171308279037475,-17.543418618538965,-28.992873984590886,-19.78282454030314,2.11,3.83
608,kites,clothing,no,0,-11.451911926269531,-1.2315512895584106,-17.877077981217823,-15.06949583876728,-17.998546514188092,2.96,4.47
609,flasks,vegetable,no,0,-14.05794620513916,-1.4759318828582764,-21.440018856463897,-17.928064325688627,-18.65541524635932,2.65,3.94
610,moose,animal,yes,1,-5.257013320922852,-0.4439661800861358,-10.488377315128824,-17.002202590199666,-14.855405213782037,3.61,4.81
611,dresses,footwear,no,0,-4.971603870391846,-1.0210192203521729,-18.63796391571983,-16.787040387826874,-18.53236146062953,4.05,3.42
612,toast,weapon,no,0,-11.20548152923584,-1.170337438583374,-11.07728714571915,-16.922289585851146,-17.332544170533204,3.96,4.54
613,toaster ovens,kitchen tool,no,0,-10.814504623413086,-0.6286395788192749,-27.87468817068753,-25.79471809565838,-22.37266778282298,2.97,4.3
614,hoods,headwear,yes,1,-7.045685768127441,-0.8716156482696533,-18.544681317508008,-14.89819156800758,-21.89675178098821,3.1,2.39
615,ducklings,home decor,no,0,-18.913589477539062,-1.164577603340149,-22.000615731536097,-25.287339394450747,-24.50265357275295,2.54,3.65
616,latches,livestock,no,0,-13.566152572631836,-1.5175867080688477,-17.2110523201245,-17.401587766326017,-20.938052043516723,2.61,3.83
617,generators,electronic device,yes,1,-7.909496307373047,-0.67962646484375,-22.662907675225643,-15.75349113902696,-23.902170450339817,3.64,4.31
618,projectors,medical equipment,no,0,-9.077712059020996,-1.1628202199935913,-19.106002639348333,-17.640179715142363,-22.310092024146424,2.97,4.7
619,pigeons,bird,yes,1,-1.4245874881744385,-0.7478317618370056,-9.550907329666211,-17.003038843867046,-14.895753560284753,3.36,4.63
620,moose,food,no,0,-9.196974754333496,-1.3555833101272583,-9.872208014754865,-17.002202590199666,-15.718430890474735,3.61,5.4
621,roosters,protective clothing,no,0,-18.67180824279785,-1.2295424938201904,-24.31510031968729,-17.215541079232633,-25.81925730165712,3.07,3.97
622,donkeys,livestock,yes,1,-6.603907585144043,-0.7268053889274597,-17.2110523201245,-18.084955754899205,-21.367516262855894,3.06,3.83
623,spears,tool,no,0,-4.104598045349121,-0.7253682613372803,-10.106467982925874,-15.75235305213574,-16.294547532704346,3.66,4.56
624,eggbeaters,tool,yes,1,-6.609711647033691,-0.8677736520767212,-10.106467982925874,-24.86314936144253,-16.930137475276975,0.0,4.56
625,cannons,weapon,yes,1,-3.1398751735687256,-0.6163692474365234,-11.07728714571915,-18.280972802246307,-16.00492976667378,3.44,4.54
626,scoops,clothing,no,0,-8.246050834655762,-1.303932547569275,-17.877077981217823,-18.01908690624093,-17.923419232761734,2.99,4.47
627,kebabs,food,yes,1,-2.7288289070129395,-0.5783171653747559,-9.872208014754865,-20.37898410597888,-17.27156884412479,2.66,5.4
628,hearing aids,animal,no,0,-13.59273910522461,-1.2604519128799438,-10.488377315128824,-24.208585734819923,-17.085050730595235,4.15,4.81
629,washing machines,electronic device,yes,1,-7.717008590698242,-0.5692985653877258,-22.662907675225643,-20.54359681464075,-23.24207957303336,3.96,4.31
630,muffs,accessory,yes,1,-6.370128154754639,-0.8712626695632935,-18.05284595785042,-17.105007951783495,-18.79740946522535,2.18,3.63
631,peelers,kitchen tool,yes,1,-6.502115249633789,-0.8026841878890991,-27.87468817068753,-19.22928402739401,-22.651229061665504,1.85,4.3
632,tridents,mammal,no,0,-11.133062362670898,-1.3360658884048462,-18.447204075344327,-16.727078350323985,-21.476646925979217,1.85,3.31
633,underwear,food,no,0,-9.040215492248535,-1.312263250350952,-9.872208014754865,-18.082989414772307,-17.441921498336395,3.96,5.4
634,shrimps,insect,no,0,-6.541497707366943,-1.1358500719070437,-17.49313496335084,-17.058295640839834,-18.80578795869632,2.75,3.76
635,ivy,plant,yes,1,-1.8003852367401123,-0.5738325715065002,-10.587905040521909,-12.434750839485144,-17.226740485852353,3.83,4.89
636,jumpsuits,food,no,0,-11.281579971313477,-1.3075761795043943,-9.872208014754865,-20.46728702352089,-16.6855935576049,2.48,5.4
637,bottles,container,yes,1,-2.018928289413452,-0.4889851808547973,-10.39245894196004,-15.837397073597618,-16.56702563354235,4.19,4.03
638,rats,animal,yes,1,-3.1723010540008545,-0.5891175270080566,-10.488377315128824,-10.698036265030508,-16.143631993086878,4.05,4.81
639,computers,animal,no,0,-9.73855209350586,-1.3564023971557615,-10.488377315128824,-17.2089935373488,-18.047953600620136,4.33,4.81
640,beanbags,furniture,yes,1,-4.585017681121826,-0.7501259446144104,-15.3785022833042,-20.967345771835745,-19.044455958575085,1.9,4.29
641,raccoons,animal,yes,1,-3.717782497406006,-0.4816146194934845,-10.488377315128824,-19.01234717207537,-15.242443032216244,2.92,4.81
642,bulls,vegetable,no,0,-8.251134872436523,-1.5048770904541016,-21.440018856463897,-14.447447335871203,-17.86948230624865,3.97,3.94
643,icepicks,kitchen tool,yes,1,-9.33519172668457,-0.822340726852417,-27.87468817068753,-21.999070897190627,-21.927046388229087,0.0,4.3
644,license plates,auto part,yes,1,-14.321582794189451,-1.033128261566162,-18.288343673302585,-21.66741072454824,-23.810213878077924,4.05,4.46
645,roadsweepers,vehicle,yes,1,-3.582671403884888,-0.7980875372886658,-16.333382935021387,-23.42595972103248,-17.939386456826064,0.0,4.76
646,bulls,container,no,0,-9.190668106079102,-1.363614559173584,-10.39245894196004,-14.447447335871203,-18.329108380998584,3.97,4.03
647,chinchillas,sea animal,no,0,-12.535076141357422,-1.529582381248474,-19.928937070677247,-18.883367824020127,-22.320813846974,2.01,4.62
648,wheels,auto part,yes,1,-13.81443691253662,-0.8294676542282104,-18.288343673302585,-16.670905969329628,-23.940580374390663,4.25,4.46
649,whisks,vehicle,no,0,-13.295418739318848,-1.299030900001526,-16.333382935021387,-19.35304521123557,-19.4383158214916,2.06,4.76
650,gourds,fruit,no,0,-1.934069275856018,-1.0270826816558838,-10.40945006013787,-18.31221987756916,-15.50200824470789,2.35,4.57
651,elephants,office supply,no,0,-22.22317123413086,-1.3618818521499634,-20.94928532390783,-22.983548125652312,-29.623528739970688,3.81,4.71
652,puppies,office supply,no,0,-18.01991271972656,-1.117248296737671,-20.94928532390783,-17.960786232071047,-27.875862360813045,3.67,4.71
653,dresses,home decor,no,0,-12.94747543334961,-0.9937227368354796,-22.000615731536097,-16.787040387826874,-23.389775079321467,4.05,3.65
654,robes,footwear,no,0,-5.792689323425293,-1.13425874710083,-18.63796391571983,-16.331823515501103,-20.46362626364544,3.39,3.42
655,drills,electronic device,yes,1,-9.844305038452148,-0.6726452112197876,-22.662907675225643,-16.806599601926525,-22.704825721011453,3.59,4.31
656,mirrors,accessory,no,0,-9.694534301757812,-0.825965166091919,-18.05284595785042,-19.1016772007016,-19.8045629026386,3.81,3.63
657,hula hoops,toy,yes,1,-2.354215621948242,-0.7046880722045898,-14.778533258953818,-27.01281185263988,-19.73256706506543,2.88,4.3
658,blouses,women's clothing,yes,1,-5.926990509033203,-0.6050409078598022,-19.39548667973344,-17.14147757845609,-20.43573057253199,2.67,4.27
659,belts,animal,no,0,-10.007109642028809,-1.290077567100525,-10.488377315128824,-16.50618829077872,-17.107765421047194,3.74,4.81
660,frogs,insect,no,0,-6.286815166473389,-1.0068390369415283,-17.49313496335084,-15.741765354657936,-18.28577004146553,3.56,3.76
661,figs,food,yes,1,-5.518404483795166,-0.7354761958122253,-9.872208014754865,-12.571388593828654,-17.379505632803006,3.41,5.4
662,honey,animal,no,0,-3.07463812828064,-0.9319382309913636,-10.488377315128824,-15.453406582835196,-15.968360531425764,4.37,4.81
663,penlights,tool,yes,1,-5.246939182281494,-0.7921301126480103,-10.106467982925874,-20.468186693023814,-15.961091622795175,0.0,4.56
664,ducklings,tool,no,0,-13.422683715820312,-1.3260396718978882,-10.106467982925874,-25.287339394450747,-17.259910728234505,2.54,4.56
665,knives,tool,yes,1,-2.664479255676269,-0.5232206583023071,-10.106467982925874,-16.75004969732313,-15.579335095204872,3.84,4.56
666,seaplanes,food,no,0,-12.269294738769531,-1.429870367050171,-9.872208014754865,-22.936131418980253,-18.52781764011973,2.05,5.4
667,gazelles,animal,yes,1,-3.582568645477295,-0.5422300100326538,-10.488377315128824,-18.07759253140728,-16.534539590894187,2.31,4.81
668,dresses,clothing,yes,1,-1.611265778541565,-0.5392187833786011,-17.877077981217823,-16.787040387826874,-16.243966603719223,4.05,4.47
669,hinges,food,no,0,-13.005481719970703,-1.4887778759002686,-9.872208014754865,-17.17833086971245,-17.086851884413676,3.34,5.4
670,scallops,jewelry,no,0,-12.746557235717772,-1.431896686553955,-17.78827699571799,-17.783318597234913,-17.820935737761452,2.95,4.12
671,briefcases,container,yes,1,-5.286677837371826,-0.6299244165420532,-10.39245894196004,-23.616493715317407,-16.63418334902639,2.23,4.03
672,green beans,clothing,no,0,-16.47291374206543,-1.5403180122375488,-17.877077981217823,-19.96630957516659,-21.90877050162392,4.1,4.47
673,fishbowls,food,no,0,-6.445893287658691,-1.1754345893859863,-9.872208014754865,-24.715316836436514,-14.960215201176531,1.11,5.4
674,triangles,electronic device,no,0,-17.795974731445312,-1.2199190855026243,-22.662907675225643,-19.475844643579634,-23.700606474854567,3.27,4.31
675,lasagna,kitchen equipment,no,0,-14.669978141784668,-1.1166397333145142,-26.5135966010765,-21.1938010666665,-23.099259910337143,3.12,4.45
676,snakes,animal,yes,1,-4.910053730010986,-0.5265604853630066,-10.488377315128824,-17.184929992313663,-15.838378157220689,3.86,4.81
677,leeches,mammal,no,0,-6.0126953125,-1.407358169555664,-18.447204075344327,-18.89626353295581,-20.068931561081502,2.87,3.31
678,kegs,clothing,no,0,-9.964439392089844,-1.437764048576355,-17.877077981217823,-16.990190199710458,-18.34813212525256,2.68,4.47
679,ducklings,breakfast,no,0,-16.850421905517578,-1.0393476486206057,-18.78418620478066,-25.287339394450747,-18.32854995147348,2.54,4.61
680,margaritas,accessory,no,0,-14.688429832458496,-0.9301193356513976,-18.05284595785042,-22.43130844477825,-19.569483684707603,2.79,3.63
681,robes,home decor,no,0,-13.214670181274414,-1.0547277927398682,-22.000615731536097,-16.331823515501103,-24.661534277741502,3.39,3.65
682,gophers,mammal,yes,1,-3.660655975341797,-0.6721586585044861,-18.447204075344327,-17.81144422696397,-19.94916582959592,2.76,3.31
683,wheelbarrows,garden tool,no,0,-8.83130931854248,-0.6338160037994385,-26.96761409599526,-28.6300142891224,-26.404337632173515,2.14,4.35
684,wolves,mammal,yes,1,-3.860302448272705,-0.3942285776138305,-18.447204075344327,-10.730447048658622,-20.627692554730583,4.01,3.31
685,backscratchers,weapon,no,0,-6.591122627258301,-0.9615490436553956,-11.07728714571915,-22.94053062853361,-15.45793534763972,0.0,4.54
686,mixers,tool,no,0,-4.510373115539551,-0.9100432991981506,-10.106467982925874,-15.72844404408812,-16.312836329549338,3.03,4.56
687,swabs,food,no,0,-6.803476333618164,-1.5006425380706787,-9.872208014754865,-15.75979737320934,-17.410464848708134,2.64,5.4
688,honeypots,container,yes,1,-10.08070945739746,-0.8814910054206848,-10.39245894196004,-24.62974810995652,-17.20740519399798,1.57,4.03
689,cows,livestock,yes,1,-2.727060079574585,-0.636838972568512,-17.2110523201245,-15.145465077823424,-19.530475384271803,3.93,3.83
690,cakes,food,yes,1,-2.341275453567505,-0.4071819186210632,-9.872208014754865,-10.534595929844825,-14.754968208008105,3.85,5.4
691,banana splits,food,yes,1,-4.309299468994141,-0.6556794047355652,-9.872208014754865,-29.295183160262184,-16.676349850481916,3.38,5.4
692,patches,accessory,yes,1,-8.38753890991211,-0.867226243019104,-18.05284595785042,-17.746304578485024,-19.457386861759296,3.86,3.63
693,puffins,bird,yes,1,-2.8557887077331543,-0.7110339999198914,-9.550907329666211,-19.23448205686673,-15.958073400653756,2.34,4.63
694,turkeys,dessert,no,0,-12.604601860046388,-1.4130451679229736,-17.543418618538965,-18.962265871720177,-20.42387538295152,3.24,3.83
695,seaplanes,water vehicle,yes,1,-7.715979099273682,-0.7019892334938049,-18.352663236385062,-22.936131418980253,-21.21259388659168,2.05,4.69
696,dogs,animal,yes,1,-2.592251777648926,-0.3348112404346466,-10.488377315128824,-10.844398107264665,-16.834242196639636,4.77,4.81
697,locks,fastener,yes,1,-5.066490173339844,-0.8757491707801819,-19.88904203168413,-11.56125316920207,-22.05784940528508,3.94,2.59
698,amplifiers,electronic device,yes,1,-3.2760958671569824,-0.6088458299636841,-22.662907675225643,-20.14356374448873,-21.47167799480523,3.13,4.31
699,ducklings,bird,yes,1,-4.00449275970459,-0.6104546785354614,-9.550907329666211,-25.287339394450747,-15.451671205883155,2.54,4.63
700,puppies,drink,no,0,-14.992386817932127,-1.2046085596084597,-15.901127689636358,-17.960786232071047,-19.677709703681803,3.67,4.9
701,lasagna,home decor,no,0,-17.469146728515625,-1.1507575511932373,-22.000615731536097,-21.1938010666665,-23.09392032687066,3.12,3.65
702,xylophones,musical instrument,yes,1,-3.61746883392334,-0.5232848525047302,-24.314967442060933,-25.24702037564348,-25.41814718691968,1.6,4.06
703,plums,food,yes,1,-6.238089084625244,-0.7579202651977539,-9.872208014754865,-15.9656470531958,-16.63770958750947,2.97,5.4
704,dynamites,plant,no,0,-10.376047134399414,-1.55147385597229,-10.587905040521909,-24.935068176078417,-17.467401583703346,1.62,4.89
705,roosters,office supply,no,0,-19.623958587646484,-1.2385798692703247,-20.94928532390783,-17.215541079232633,-28.56119733209956,3.07,4.71
706,bracelets,clothing,yes,1,-5.492441177368164,-0.7640550136566162,-17.877077981217823,-21.05369578651546,-16.620192875457608,3.37,4.47
707,iguanas,mammal,no,0,-4.784179210662842,-0.877212405204773,-18.447204075344327,-20.92228680908101,-21.19427300939872,2.49,3.31
708,gaskets,fastener,yes,1,-4.70280647277832,-1.1479570865631104,-19.88904203168413,-17.709812311595062,-22.876772902944523,2.6,2.59
709,nuts,animal,no,0,-7.163364410400391,-1.195244073867798,-10.488377315128824,-10.345353243427848,-16.236835037330987,4.3,4.81
710,grilles,tool,no,0,-6.464471340179443,-1.1037664413452148,-10.106467982925874,-18.54867925797309,-17.743849365837786,2.33,4.56
711,maple syrup,fastener,no,0,-12.262113571166992,-1.378300428390503,-19.88904203168413,-27.084791449285788,-20.3016940586609,3.51,2.59
712,water heaters,electronic device,yes,1,-8.63103199005127,-0.7664472460746765,-22.662907675225643,-21.53174277892161,-23.38366467648988,3.18,4.31
713,envelopes,dessert,no,0,-11.035730361938477,-1.3960843086242676,-17.543418618538965,-21.002307881701324,-21.239332592240327,3.33,3.83
714,jeeps,animal,no,0,-10.819279670715332,-0.9079416990280152,-10.488377315128824,-18.1052076744366,-16.590746145095107,2.79,4.81
715,water filters,kitchen equipment,yes,1,-12.500564575195312,-0.9479187726974488,-26.5135966010765,-20.40583247706569,-22.200176380557245,3.87,4.45
716,buses,animal,no,0,-9.262192726135254,-1.186170220375061,-10.488377315128824,-15.494397431845758,-16.316778782805986,4.02,4.81
717,clothes,clothing,yes,1,-3.228027820587158,-0.7916353940963745,-17.877077981217823,-17.493136471961822,-15.521269515332472,4.72,4.47
718,beetles,animal,yes,1,-5.120987415313721,-0.6475615501403809,-10.488377315128824,-19.039767161334648,-15.222018644502509,3.34,4.81
719,toast,sea animal,no,0,-15.315803527832031,-1.5436182022094729,-19.928937070677247,-16.922289585851146,-24.49215396758252,3.96,4.62
720,batters,food,yes,1,-6.84080982208252,-0.8896772861480713,-9.872208014754865,-17.400994048136702,-17.58690166028224,3.1,5.4
721,chairs,bird,no,0,-14.86208438873291,-1.1055774688720703,-9.550907329666211,-11.368439837306717,-16.260950834399722,4.02,4.63
722,mashed potatoes,food,yes,1,-4.133890151977539,-0.5238445997238159,-9.872208014754865,-23.87532853847274,-14.872256007827454,3.31,5.4
723,birthday cakes,mammal,no,0,-11.7495698928833,-1.2462563514709473,-18.447204075344327,-30.1345616064232,-21.94647879084781,3.8,3.31
724,air conditioners,electronic device,yes,1,-8.769905090332031,-0.6142187714576721,-22.662907675225643,-22.630524591566044,-21.93493365916356,2.79,4.31
725,skewers,tool,no,0,-3.8893051147460938,-0.9277397394180298,-10.106467982925874,-21.589834131013607,-16.5002673655959,2.66,4.56
726,pencil sharpeners,tool,yes,1,-3.3330283164978027,-0.6370169520378113,-10.106467982925874,-33.58571159317571,-14.464965605888732,1.87,4.56
727,turkeys,kitchen equipment,no,0,-19.14054679870605,-1.4621187448501587,-26.5135966010765,-18.962265871720177,-23.045572860164548,3.24,4.45
728,cats,mammal,yes,1,-1.4668684005737305,-0.4348829686641693,-18.447204075344327,-10.189051290991294,-20.90137318879485,4.46,3.31
729,sawhorses,tool,yes,1,-3.232945680618286,-0.8511520624160767,-10.106467982925874,-25.678967847192663,-16.535647633478764,1.36,4.56
730,elephants,women's clothing,no,0,-19.17147445678711,-1.5492030382156372,-19.39548667973344,-22.983548125652312,-23.90501629394236,3.81,4.27
731,asparagus,vegetable,yes,1,-1.198989748954773,-0.7171546816825867,-21.440018856463897,-17.439080899279148,-14.74531396314039,3.25,3.94
732,lemonades,tool,no,0,-15.127856254577637,-1.2433346509933472,-10.106467982925874,-26.738980153714863,-16.998740269855325,1.76,4.56
733,scissors,weapon,yes,1,-7.800497531890869,-0.9308072924613952,-11.07728714571915,-18.16910419746314,-15.030868142956656,3.58,4.54
734,hooks,fastener,yes,1,-5.692019939422607,-0.7989837527275085,-19.88904203168413,-14.29871375183095,-23.1831623280333,3.65,2.59
735,ducklings,headwear,no,0,-19.28119659423828,-1.2867188453674316,-18.544681317508008,-25.287339394450747,-21.74611879595168,2.54,2.39
736,cilantro,plant,yes,1,-2.962899208068848,-0.7046794891357422,-10.587905040521909,-23.54473080264223,-15.716443684447338,2.89,4.89
737,stools,container,no,0,-8.048898696899414,-0.8030598759651184,-10.39245894196004,-17.362289908245316,-16.362035384275124,3.05,4.03
738,zebras,accessory,no,0,-14.136564254760742,-1.3533552885055542,-18.05284595785042,-18.64936954733936,-19.295249613263348,2.84,3.63
739,calculators,school supply,yes,1,-14.016454696655272,-0.8169154524803162,-19.52552485147261,-20.66664604634821,-27.776161344523125,2.98,4.76
740,pantsuits,women's clothing,yes,1,-6.305888175964356,-0.6409779191017151,-19.39548667973344,-22.60887919581145,-20.06292690185901,1.84,4.27
741,backscratchers,auto part,no,0,-13.551501274108888,-1.1178264617919922,-18.288343673302585,-22.94053062853361,-25.963592613796663,0.0,4.46
742,whipped cream,container,no,0,-8.872650146484375,-0.9883105158805848,-10.39245894196004,-26.178223093870137,-18.44758105177487,3.65,4.03
743,goats,mammal,yes,1,-2.903427600860596,-0.4856398999691009,-18.447204075344327,-17.572528076312736,-20.42192351603333,3.72,3.31
744,calves,electronic device,no,0,-12.997376441955566,-1.3705836534500122,-22.662907675225643,-16.748073934357215,-22.784651780830096,3.32,4.31
745,glasses,tool,no,0,-4.712223052978516,-0.8057320713996887,-10.106467982925874,-17.750406016296505,-17.121590368176374,4.34,4.56
746,envelopes,accessory,no,0,-8.022845268249512,-1.00339937210083,-18.05284595785042,-21.002307881701324,-18.77131558636553,3.33,3.63
747,elephants,container,no,0,-17.587629318237305,-1.4053462743759155,-10.39245894196004,-22.983548125652312,-18.02050756649352,3.81,4.03
748,hearses,vehicle,yes,1,-2.892914295196533,-0.8263281583786011,-16.333382935021387,-20.64333253120583,-18.21631573322609,1.82,4.76
749,ostriches,food,no,0,-9.101265907287598,-1.5881820917129517,-9.872208014754865,-20.594601166377075,-16.93844099392396,2.43,5.4
750,hawks,bird,yes,1,-2.2272417545318604,-0.5771531462669373,-9.550907329666211,-11.030510278591484,-16.523193598757867,3.89,4.63
751,lawnmowers,garden tool,yes,1,-6.486819267272949,-0.7538648843765259,-26.96761409599526,-26.669254863025746,-26.279591651748863,2.1,4.35
752,luggage,container,yes,1,-4.123144149780273,-0.8841584920883179,-10.39245894196004,-18.613627320661564,-15.69020166155902,3.8,4.03
753,bulls,kitchen tool,no,0,-20.79008674621582,-1.3760193586349487,-27.87468817068753,-14.447447335871203,-24.77329187474804,3.97,4.3
754,ski boots,clothing,yes,1,-4.242682456970215,-0.8926609754562378,-17.877077981217823,-20.93791151885729,-15.618994962591938,3.92,4.47
755,earrings,accessory,yes,1,-3.132923126220703,-0.4935964345932007,-18.05284595785042,-19.11685551642879,-18.004792735825625,3.62,3.63
756,keyboards,musical instrument,yes,1,-7.7349853515625,-0.6268978118896484,-24.314967442060933,-19.11043134488208,-21.850182911478267,3.38,4.06
757,erasers,tool,no,0,-3.959667921066284,-0.8601409792900085,-10.106467982925874,-19.69446286288177,-15.707644020942649,2.44,4.56
758,coils,container,no,0,-6.326416969299316,-1.1070541143417358,-10.39245894196004,-17.3341282541409,-16.70615485381238,3.36,4.03
759,giraffes,animal,yes,1,-3.1917147636413574,-0.4226776659488678,-10.488377315128824,-18.29996162902304,-16.151783411188323,2.91,4.81
760,leggings,clothing,yes,1,-3.99865984916687,-0.6626954078674316,-17.877077981217823,-19.45672832785061,-17.755863564643903,3.28,4.47
761,piglets,animal,yes,1,-3.594377994537353,-0.4628322124481201,-10.488377315128824,-19.24326631597388,-15.252684441508164,2.6,4.81
762,ferrets,mammal,yes,1,-3.473207235336304,-0.4957101345062256,-18.447204075344327,-19.13798535218268,-20.000466682533208,2.72,3.31
763,flies,home decor,no,0,-18.087032318115234,-1.2536946535110474,-22.000615731536097,-11.087614740842762,-24.900244940078064,4.09,3.65
764,ratchets,tool,yes,1,-3.942302227020264,-0.8875628709793091,-10.106467982925874,-21.63450417277531,-17.467316953296862,2.19,4.56
765,joysticks,food,no,0,-14.905184745788574,-1.451054573059082,-9.872208014754865,-20.85499402506497,-17.04389522027876,2.17,5.4
766,poodles,mammal,yes,1,-7.635703086853027,-0.6263816356658936,-18.447204075344327,-16.827446613420722,-19.79576675272131,2.45,3.31
767,kegs,home decor,no,0,-13.000433921813965,-1.2994483709335327,-22.000615731536097,-16.990190199710458,-24.18140070361739,2.68,3.65
768,darts,weapon,yes,1,-4.63849401473999,-0.8935825228691101,-11.07728714571915,-16.21068156764557,-16.078635640031848,3.41,4.54
769,footbaths,food,no,0,-6.4151716232299805,-1.4563007354736328,-9.872208014754865,-22.13091886075375,-16.999900480686822,0.0,5.4
770,veils,clothing,yes,1,-2.9796013832092285,-0.7895863056182861,-17.877077981217823,-17.15850118237589,-17.768253237080256,2.85,4.47
771,bacon,electronic device,no,0,-11.343911170959473,-1.3309921026229858,-22.662907675225643,-15.65120428310108,-24.06713230429668,4.15,4.31
772,water heaters,container,yes,1,-7.721837043762207,-0.8591413497924805,-10.39245894196004,-21.53174277892161,-18.19879898398124,3.18,4.03
773,badgers,mammal,yes,1,-2.7350964546203613,-0.3819018304347992,-18.447204075344327,-19.694983537755984,-20.262784365423684,3.25,3.31
774,birdcages,home decor,yes,1,-15.838780403137209,-0.9264187812805176,-22.000615731536097,-24.48932940500456,-23.253576240067844,1.29,3.65
775,crowbars,tool,yes,1,-2.833981275558472,-0.7182605266571045,-10.106467982925874,-21.81618124425679,-15.778724526904226,1.88,4.56
776,statues,home decor,yes,1,-13.473114967346191,-0.9758386611938475,-22.000615731536097,-17.297677599741505,-24.93698106826849,3.65,3.65
777,teddy bears,toy,yes,1,-2.1197497844696045,-0.5768358111381531,-14.778533258953818,-31.979174597547964,-19.409032566334144,3.75,4.3
778,slicers,tool,no,0,-3.898759365081787,-0.8390913009643555,-10.106467982925874,-22.20375338391742,-15.841554962339258,1.76,4.56
779,skunks,animal,yes,1,-3.531571865081787,-0.5653135776519775,-10.488377315128824,-18.05939445786742,-16.159650820115676,2.52,4.81
780,perfumes,toiletry,yes,1,-10.392610549926758,-0.6966103315353394,-20.37877985372853,-19.901309156264784,-23.50953857761777,3.02,2.08
781,buffets,food,yes,1,-3.758485794067383,-0.6859402060508728,-9.872208014754865,-16.91527680685999,-16.31861912812442,2.46,5.4
782,cornbread,food,yes,1,-3.65705680847168,-0.6406834125518799,-9.872208014754865,-20.142082256672182,-14.340395104332968,2.72,5.4
783,elephants,toy,no,0,-13.324142456054688,-1.4645683765411377,-14.778533258953818,-22.983548125652312,-18.77358337538754,3.81,4.3
784,leeks,food,yes,1,-7.528099536895752,-0.8536314964294434,-9.872208014754865,-17.345356591975772,-17.045626113740543,2.7,5.4
785,pancakes,breakfast,yes,1,-2.478828191757202,-0.4278384149074554,-18.78418620478066,-17.47458496518453,-16.08616130126883,3.59,4.61
786,bulls,electronic device,no,0,-11.49438190460205,-1.4030715227127075,-22.662907675225643,-14.447447335871203,-25.1049046289278,3.97,4.31
787,vests,clothing,yes,1,-2.3945469856262207,-0.6714482307434082,-17.877077981217823,-15.694505984271402,-19.101497218678062,3.19,4.47
788,eyeliners,toiletry,yes,1,-12.884081840515137,-0.6418839693069458,-20.37877985372853,-28.65456426464589,-24.43607438408193,1.83,2.08
789,creme brulee,weapon,no,0,-21.647674560546875,-1.1272364854812622,-11.07728714571915,-28.992873984590886,-15.206897715921016,2.11,4.54
790,computers,food,no,0,-11.19759750366211,-1.4721075296401978,-9.872208014754865,-17.2089935373488,-18.05320230510662,4.33,5.4
791,pocketknives,tool,yes,1,-1.9432308673858645,-0.5585970878601074,-10.106467982925874,-23.331156559774136,-14.269572140085684,1.18,4.56
792,squirt guns,food,no,0,-10.386741638183594,-1.3760498762130735,-9.872208014754865,-27.62227962126825,-18.556453290655472,3.2,5.4
793,oysters,food,yes,1,-5.272027969360352,-0.7043787837028503,-9.872208014754865,-17.35442612775455,-16.53394289740745,3.34,5.4
794,torpedoes,weapon,yes,1,-3.262403964996338,-0.7931023240089417,-11.07728714571915,-24.977339713186623,-14.370292289908798,3.15,4.54
795,buns,food,yes,1,-3.919767141342163,-0.6540297865867615,-9.872208014754865,-15.082661817953316,-15.603155649200984,3.39,5.4
796,geese,plant,no,0,-11.429936408996582,-1.5993411540985107,-10.587905040521909,-18.178804602023035,-16.454349661302555,3.35,4.89
797,saws,garden tool,yes,1,-8.387312889099121,-0.9183067083358764,-26.96761409599526,-17.110640338885368,-27.007118511580128,2.95,4.35
798,coffeemakers,electronic device,yes,1,-8.0231351852417,-0.5396086573600769,-22.662907675225643,-32.44820761008526,-24.213932629169115,1.51,4.31
799,zebras,condiment,no,0,-17.898115158081055,-1.764149188995361,-18.930851295821803,-18.64936954733936,-19.113858529738906,2.84,2.7
800,coasters,container,no,0,-5.457151889801025,-0.9621127843856812,-10.39245894196004,-18.565398063487944,-17.137598403844514,3.18,4.03
801,centrifuges,food,no,0,-10.281386375427246,-1.5419907569885254,-9.872208014754865,-22.573233812934845,-16.34206326778088,2.43,5.4
802,flies,breakfast,no,0,-18.2652587890625,-1.290308713912964,-18.78418620478066,-11.087614740842762,-17.698101935048072,4.09,4.61
803,pasta,food,yes,1,-2.103952646255493,-0.4603517651557922,-9.872208014754865,-16.72469769515387,-16.094012406522417,3.92,5.4
804,brass knuckles,tool,no,0,-6.697371006011963,-0.7944906949996948,-10.106467982925874,-22.65661909270869,-17.205265394809093,3.25,4.56
805,swabs,vehicle,no,0,-7.752849578857422,-1.3916250467300415,-16.333382935021387,-15.75979737320934,-18.53352827858461,2.64,4.76
806,creme brulee,electronic device,no,0,-20.442121505737305,-1.3284258842468262,-22.662907675225643,-28.992873984590886,-26.570713856187098,2.11,4.31
807,grapes,food,yes,1,-5.5722246170043945,-0.5790590047836304,-9.872208014754865,-17.680615377722575,-15.691659452919422,3.73,5.4
808,ducklings,school supply,no,0,-22.820919036865234,-1.0997893810272217,-19.52552485147261,-25.287339394450747,-27.94655089321948,2.54,4.76
809,capes,vegetable,no,0,-10.276321411132812,-1.2222888469696045,-21.440018856463897,-16.273352694762753,-18.180002102323325,3.0,3.94
810,meat,food,yes,1,-1.6657603979110718,-0.4288592934608459,-9.872208014754865,-10.27409848870561,-14.589921022790389,4.63,5.4
811,paperclips,school supply,yes,1,-13.278064727783203,-0.8209668397903442,-19.52552485147261,-23.48228380889563,-27.22224548651068,1.96,4.76
812,ropes,food,no,0,-9.216968536376951,-1.4347175359725952,-9.872208014754865,-13.765457055834004,-16.517803686514114,3.66,5.4
813,tridents,accessory,no,0,-9.899368286132812,-1.02652907371521,-18.05284595785042,-16.727078350323985,-20.957027134516657,1.85,3.63
814,radishes,vegetable,yes,1,-1.864601850509644,-0.6050799489021301,-21.440018856463897,-18.8356130038038,-17.259952623502144,2.67,3.94
815,tea,vehicle,no,0,-7.477535247802734,-1.3023067712783811,-16.333382935021387,-12.471633203529768,-18.46852074645125,4.73,4.76
816,fruitcakes,breakfast,no,0,-9.002973556518555,-1.4717592000961304,-18.78418620478066,-21.755120388982554,-14.99825871247982,1.88,4.61
817,clams,food,yes,1,-5.629732608795166,-0.8072670102119446,-9.872208014754865,-15.997187641683269,-17.541841721201493,3.13,5.4
818,ostriches,tool,no,0,-12.13158893585205,-1.447430968284607,-10.106467982925874,-20.594601166377075,-17.243822220562215,2.43,4.56
819,tupperware,container,yes,1,-3.3851397037506104,-0.6328467726707458,-10.39245894196004,-24.85402443514305,-15.056657556431512,2.76,4.03
820,hummingbirds,animal,yes,1,-5.799515247344971,-0.533685564994812,-10.488377315128824,-27.13999586316376,-15.214964066855885,2.63,4.81
821,puppies,breakfast,no,0,-16.083101272583008,-1.036195158958435,-18.78418620478066,-17.960786232071047,-17.80914568570848,3.67,4.61
822,brass knuckles,weapon,yes,1,-1.3664517402648926,-0.5998691916465759,-11.07728714571915,-22.65661909270869,-15.217741993435745,3.25,4.54
823,car doors,vehicle,no,0,-6.877483367919922,-0.6782349944114685,-16.333382935021387,-18.808210140056666,-17.67827340529084,4.49,4.76
824,walruses,sea animal,yes,1,-7.326687812805176,-0.7622255086898804,-19.928937070677247,-24.46279358313511,-23.045621789731708,2.18,4.62
825,turkeys,kitchen tool,no,0,-20.362911224365234,-1.4493180513381958,-27.87468817068753,-18.962265871720177,-23.10538732932905,3.24,4.3
826,tuxedoes,clothing,yes,1,-4.251285552978516,-0.6554989814758301,-17.877077981217823,-27.329373188976675,-17.706795103693132,1.08,4.47
827,meat,livestock,no,0,-4.367666721343994,-0.8057867884635925,-17.2110523201245,-10.27409848870561,-19.83070654917035,4.63,3.83
828,binders,office supply,yes,1,-7.729205131530762,-0.7422337532043457,-20.94928532390783,-16.71103819135825,-27.814386509707816,2.84,4.71
829,brushes,food,no,0,-7.144265651702881,-1.3765208721160889,-9.872208014754865,-17.184588788109817,-16.92887923442372,3.58,5.4
830,almonds,food,yes,1,-4.904435157775879,-0.6276184916496277,-9.872208014754865,-18.73972761134309,-15.69269087754535,3.28,5.4
831,jackets,plant,no,0,-14.404007911682127,-1.4616340398788452,-10.587905040521909,-17.73441727363791,-17.327815206021658,3.81,4.89
832,puppies,mammal,yes,1,-3.06372332572937,-0.3544769585132599,-18.447204075344327,-17.960786232071047,-20.839585750874186,3.67,3.31
833,yaks,animal,yes,1,-3.724900245666504,-0.5346193313598633,-10.488377315128824,-16.405806616584368,-16.597681009335613,2.2,4.81
834,frogs,mammal,no,0,-5.299432277679443,-1.11695659160614,-18.447204075344327,-15.741765354657936,-19.901633262306355,3.56,3.31
835,lasagna,tool,no,0,-11.739479064941406,-1.3043097257614136,-10.106467982925874,-21.1938010666665,-19.12871348270861,3.12,4.56
836,sheeps,office supply,no,0,-18.726146697998047,-1.3120726346969604,-20.94928532390783,-20.99116666981182,-28.82413242704766,2.19,4.71
837,puppies,clothing,no,0,-12.549153327941896,-1.2151678800582886,-17.877077981217823,-17.960786232071047,-18.4164542605778,3.67,4.47
838,weasels,tool,no,0,-12.98011875152588,-1.1837226152420044,-10.106467982925874,-16.100811559279805,-16.35823460321622,2.53,4.56
839,tongs,container,no,0,-8.705572128295898,-1.0642409324645996,-10.39245894196004,-17.041739733051287,-17.71954170142578,2.8,4.03
840,trowels,garden tool,yes,1,-4.436814785003662,-0.7010124921798706,-26.96761409599526,-19.2597234000038,-27.36544183121532,1.66,4.35
841,dolls,food,no,0,-8.604875564575195,-1.5245949029922483,-9.872208014754865,-17.253970752262664,-17.469483650491785,3.81,5.4
842,licorice,food,yes,1,-3.7500619888305664,-0.7868012189865112,-9.872208014754865,-18.841019169719367,-15.750632484387667,2.85,5.4
843,juicers,kitchen equipment,yes,1,-6.054947853088379,-0.596609890460968,-26.5135966010765,-23.386298887231124,-23.052598034267007,1.82,4.45
844,seaweeds,seafood,yes,1,-10.524208068847656,-0.9419193267822266,-18.527978605988995,-23.86582617814239,-17.78644187193692,2.23,3.65
845,abacuses,toiletry,no,0,-21.188610076904297,-1.3864336013793943,-20.37877985372853,-24.125405151415748,-24.551076933527742,1.12,2.08
846,eggbeaters,kitchen tool,yes,1,-11.281342506408691,-0.7263009548187256,-27.87468817068753,-24.86314936144253,-22.88764820216876,0.0,4.3
847,thumbtacks,fastener,yes,1,-2.304816722869873,-0.8136926293373108,-19.88904203168413,-26.67082477617453,-21.930623830661297,1.83,2.59
848,dynamites,auto part,no,0,-24.323766708374023,-1.1466830968856812,-18.288343673302585,-24.935068176078417,-25.50869441946644,1.62,4.46
849,icepicks,tool,yes,1,-2.5171587467193604,-0.7269775867462158,-10.106467982925874,-21.999070897190627,-16.132491059324607,0.0,4.56
850,chains,plant,no,0,-9.411703109741213,-1.4876885414123535,-10.587905040521909,-10.58622070355545,-18.28900930741354,4.11,4.89
851,caramels,dessert,yes,1,-5.112591743469238,-0.6418982744216919,-17.543418618538965,-18.573045203989984,-20.442707687853428,2.11,3.83
852,strawberries,toy,no,0,-14.787282943725586,-1.298762559890747,-14.778533258953818,-21.03114848376704,-20.104006584742923,3.54,4.3
853,crayfish,vegetable,no,0,-13.082003593444824,-1.4404315948486328,-21.440018856463897,-18.95846468758191,-17.057091835907404,2.85,3.94
854,turkeys,food,yes,1,-6.978285789489746,-0.7017585039138794,-9.872208014754865,-18.962265871720177,-15.442022907943548,3.24,5.4
855,cruise ships,vehicle,yes,1,-5.800112724304199,-0.782085120677948,-16.333382935021387,-23.053550996667468,-17.97345571905704,4.05,4.76
856,canes,seafood,no,0,-9.292266845703123,-1.4944988489151,-18.527978605988995,-16.784524130510555,-20.70880006840396,3.11,3.65
857,cocktails,bird,no,0,-13.938045501708984,-1.0555776357650757,-9.550907329666211,-21.371715164674747,-15.869807279744643,3.6,4.63
858,stools,animal,no,0,-6.779222965240479,-1.2185519933700562,-10.488377315128824,-17.362289908245316,-17.335570915008034,3.05,4.81
859,straps,fastener,yes,1,-3.139953136444092,-0.9120767116546632,-19.88904203168413,-16.60494096726189,-21.816762597452,3.42,2.59
860,food processors,electronic device,yes,1,-7.59038496017456,-0.6166694760322571,-22.662907675225643,-21.055159582809107,-24.82798971420989,3.55,4.31
861,latches,headwear,no,0,-15.995595932006836,-1.2586606740951538,-18.544681317508008,-17.401587766326017,-21.303900352774185,2.61,2.39
862,sheeps,electronic device,no,0,-13.649343490600586,-1.3940972089767456,-22.662907675225643,-20.99116666981182,-24.80499528054642,2.19,4.31
863,sheeps,tool,no,0,-12.159760475158691,-1.3781213760375977,-10.106467982925874,-20.99116666981182,-18.01582906394384,2.19,4.56
864,whisks,medical equipment,no,0,-14.702341079711914,-1.225533962249756,-19.106002639348333,-19.35304521123557,-25.45469730505156,2.06,4.7
865,axes,tool,yes,1,-5.454578876495361,-0.6429780125617981,-10.106467982925874,-14.312069746165225,-16.638905590994387,3.41,4.56
866,brakes,container,no,0,-13.38394260406494,-1.3192567825317385,-10.39245894196004,-19.00974143105328,-17.890073313911785,3.9,4.03
867,couches,furniture,yes,1,-1.0879862308502195,-0.5955814719200134,-15.3785022833042,-17.96072971945098,-19.11145732521937,2.95,4.29
868,creme brulee,container,no,0,-16.448795318603516,-1.0557594299316406,-10.39245894196004,-28.992873984590886,-19.12272324406285,2.11,4.03
869,toaster ovens,kitchen equipment,yes,1,-9.265159606933594,-0.6174403429031372,-26.5135966010765,-25.79471809565838,-23.23666606219624,2.97,4.45
870,coleslaws,container,no,0,-11.915413856506348,-1.006579875946045,-10.39245894196004,-27.080740909318177,-17.957653085617174,0.0,4.03
871,eggnog,drink,yes,1,-3.224087238311768,-0.5364305973052979,-15.901127689636358,-19.579897779244668,-19.186953228307296,2.41,4.9
872,footrests,clothing,no,0,-7.3296284675598145,-1.1159793138504028,-17.877077981217823,-21.06033124550053,-16.6577402389183,1.53,4.47
873,catfish,vegetable,no,0,-11.481654167175291,-1.435360074043274,-21.440018856463897,-17.637551351959704,-17.457302834757968,3.35,3.94
874,zebras,animal,yes,1,-3.526777744293213,-0.4636255502700805,-10.488377315128824,-18.64936954733936,-16.752642790950055,2.84,4.81
875,penguins,bird,yes,1,-2.0577261447906494,-0.7650289535522461,-9.550907329666211,-20.60269267512636,-15.383171939528008,3.67,4.63
876,jets,vehicle,yes,1,-5.354779243469238,-0.5960698127746582,-16.333382935021387,-13.636784106877734,-18.24663891101521,4.09,4.76
877,rams,mammal,yes,1,-4.061039924621582,-0.6823984980583191,-18.447204075344327,-11.028279541569615,-20.57613216649166,3.74,3.31
878,bonsai,home decor,yes,1,-14.133227348327637,-0.9101179242134094,-22.000615731536097,-21.442365573852435,-23.40355463546712,2.79,3.65
879,corsages,animal,no,0,-11.802812576293944,-1.007409691810608,-10.488377315128824,-20.31035486720744,-16.830224903482893,1.72,4.81
880,blackberries,fruit,yes,1,-1.9253172874450684,-0.6737039089202881,-10.40945006013787,-19.832919597254303,-13.205238180533538,2.8,4.57
881,lockets,jewelry,yes,1,-1.699434757232666,-0.7122957706451416,-17.78827699571799,-18.579126023723845,-17.289492522490878,1.84,4.12
882,zebras,furniture,no,0,-18.62688064575196,-1.3590233325958252,-15.3785022833042,-18.64936954733936,-20.02207202236247,2.84,4.29
883,mops,tool,yes,1,-3.9039015769958496,-0.7661869525909424,-10.106467982925874,-15.656143901781093,-15.989684731428492,2.51,4.56
884,mongooses,mammal,yes,1,-4.057956218719482,-0.5196073055267334,-18.447204075344327,-24.255031540316,-19.84379385113255,1.74,3.31
885,bolts,weapon,no,0,-9.542192459106444,-1.121708631515503,-11.07728714571915,-18.06759570264752,-15.888931855638129,3.62,4.54
886,chainsaws,weapon,yes,1,-9.737730979919434,-0.7561264038085938,-11.07728714571915,-21.21965706723084,-14.515765908061104,2.48,4.54
887,shawls,accessory,yes,1,-4.132152557373047,-0.7309150099754333,-18.05284595785042,-20.154342495325444,-19.57827104213584,2.53,3.63
888,squirt guns,toy,yes,1,-2.810068130493164,-0.7134531140327454,-14.778533258953818,-27.62227962126825,-19.44095170031409,3.2,4.3
889,recorders,electronic device,no,0,-5.615317344665527,-0.6951876282691956,-22.662907675225643,-18.384416045067105,-22.0994212589545,3.19,4.31
890,curling irons,toiletry,yes,1,-21.05756187438965,-0.9798821210861206,-20.37877985372853,-25.843208558915894,-23.76770823168137,3.1,2.08
891,jukeboxes,food,no,0,-10.529356956481934,-1.4826669692993164,-9.872208014754865,-22.372360824872413,-16.843128308812567,1.94,5.4
892,chicken,animal,yes,1,-4.019120216369629,-0.4219236969947815,-10.488377315128824,-16.73158912160614,-15.933102464761692,4.63,4.81
893,leeches,food,no,0,-7.412387847900391,-1.1831952333450315,-9.872208014754865,-18.89626353295581,-15.871077921128114,2.87,5.4
894,pickles,vegetable,no,0,-1.967706084251404,-0.7759304046630859,-21.440018856463897,-19.17840196971516,-16.33082492957977,3.48,3.94
895,noodles,vehicle,no,0,-11.931464195251465,-1.3446868658065796,-16.333382935021387,-17.32613479471657,-18.57809315889464,3.7,4.76
896,jackets,animal,no,0,-11.111501693725586,-1.1958595514297483,-10.488377315128824,-17.73441727363791,-16.993520013455893,3.81,4.81
897,figurines,home decor,yes,1,-9.858037948608398,-0.7884545922279358,-22.000615731536097,-19.887705857026955,-24.447134908894373,2.99,3.65
898,cocktails,mammal,no,0,-15.353455543518066,-1.4299107789993286,-18.447204075344327,-21.371715164674747,-20.336436019016872,3.6,3.31
899,dalmatians,animal,yes,1,-7.4262375831604,-0.4801815748214721,-10.488377315128824,-24.38797282318654,-15.998582832388175,2.36,4.81
900,bonnets,accessory,yes,1,-4.903151512145996,-0.6705532670021057,-18.05284595785042,-20.66375558259005,-18.658777660667266,2.45,3.63
901,razors,container,no,0,-9.338149070739746,-1.0925536155700684,-10.39245894196004,-15.039327118755196,-17.59147964091576,2.85,4.03
902,jelly beans,musical instrument,no,0,-13.65687370300293,-1.4223592281341553,-24.314967442060933,-24.3453240400726,-23.81230559023275,3.62,4.06
903,sardines,animal,yes,1,-8.051822662353516,-1.0987870693206787,-10.488377315128824,-22.544619729126858,-16.042805847103125,2.93,4.81
904,shredders,electronic device,yes,1,-8.108680725097656,-0.7727485299110413,-22.662907675225643,-19.369532774823405,-23.76133936209522,2.05,4.31
905,highchairs,furniture,yes,1,-2.5984463691711426,-0.8226883411407471,-15.3785022833042,-22.59343991032478,-19.2492429431514,1.17,4.29
906,dynamites,bird,no,0,-14.499967575073242,-1.1005737781524658,-9.550907329666211,-24.935068176078417,-16.170096795874702,1.62,4.63
907,lab coats,protective clothing,yes,1,-3.333742141723633,-0.753287136554718,-24.31510031968729,-21.615310101848333,-22.146940060192065,3.66,3.97
908,refrigerators,electronic device,yes,1,-8.6100492477417,-0.5886455178260803,-22.662907675225643,-22.34778856138316,-23.62929695047848,2.96,4.31
909,fruit punches,drink,yes,1,-3.847914934158325,-0.5828142762184143,-15.901127689636358,-22.114380912220906,-19.06770079715164,3.61,4.9
910,asparagus,fruit,no,0,-3.500764846801758,-1.1280646324157717,-10.40945006013787,-17.439080899279148,-14.71372346801994,3.25,4.57
911,buses,food,no,0,-10.548227310180664,-1.4825353622436523,-9.872208014754865,-15.494397431845758,-17.046448590468852,4.02,5.4
912,zebras,school supply,no,0,-19.798572540283203,-1.357992172241211,-19.52552485147261,-18.64936954733936,-28.49356350892701,2.84,4.76
913,cables,food,no,0,-10.321599006652832,-1.518859624862671,-9.872208014754865,-15.243125130201456,-17.85607593543113,3.87,5.4
914,jelly beans,furniture,no,0,-12.872930526733398,-1.1686502695083618,-15.3785022833042,-24.3453240400726,-19.87045515664218,3.62,4.29
915,pigs,mammal,yes,1,-1.987846732139588,-0.4902136325836181,-18.447204075344327,-16.104796469817238,-20.38031064990519,3.99,3.31
916,chicken,bird,yes,1,-1.8215649127960205,-0.4832070469856262,-9.550907329666211,-16.73158912160614,-15.242371638349582,4.63,4.63
917,skirts,clothing,yes,1,-2.6048593521118164,-0.55583256483078,-17.877077981217823,-11.180620152490937,-17.71268866715446,3.57,4.47
918,incubators,container,no,0,-5.741316795349121,-0.886762261390686,-10.39245894196004,-19.61433100340723,-16.99485089039657,2.71,4.03
919,lightbulbs,food,no,0,-13.42375373840332,-1.4870429039001465,-9.872208014754865,-21.178517727214228,-17.37758377705982,2.38,5.4
920,margaritas,vehicle,no,0,-14.188942909240724,-1.136782169342041,-16.333382935021387,-22.43130844477825,-18.932786854309345,2.79,4.76
921,peanuts,food,yes,1,-4.045000076293945,-0.6766406297683716,-9.872208014754865,-19.40300260635673,-14.26325475482112,3.52,5.4
922,strawberries,home decor,no,0,-21.02580451965332,-1.2446810007095337,-22.000615731536097,-21.03114848376704,-23.1392782531598,3.54,3.65
923,ice creams,dessert,yes,1,-1.7820723056793213,-0.4410819411277771,-17.543418618538965,-20.930815165953952,-17.79459602217397,3.21,3.83
924,limousines,vehicle,yes,1,-4.051826477050781,-0.5780997276306152,-16.333382935021387,-27.506891530002605,-18.75385228730937,2.55,4.76
925,whipped cream,weapon,no,0,-10.833854675292969,-1.0270636081695557,-11.07728714571915,-26.178223093870137,-17.777617811901564,3.65,4.54
926,scallops,clothing,no,0,-14.977262496948242,-1.5816235542297363,-17.877077981217823,-17.783318597234913,-18.217449199877887,2.95,4.47
927,footrests,furniture,yes,1,-3.09960412979126,-0.9270952939987184,-15.3785022833042,-21.06033124550053,-18.62427475668713,1.53,4.29
928,bracelets,jewelry,yes,1,-1.6365681886672974,-0.5536410212516785,-17.78827699571799,-21.05369578651546,-16.34156133659559,3.37,4.12
929,margaritas,insect,no,0,-14.832762718200684,-1.0759671926498413,-17.49313496335084,-22.43130844477825,-17.215784384320102,2.79,3.76
930,crayons,school supply,yes,1,-11.579508781433104,-0.7117430567741394,-19.52552485147261,-17.462576872819028,-27.65602303906136,3.01,4.76
931,tape recorders,electronic device,yes,1,-4.970730781555176,-0.5390598773956299,-22.662907675225643,-24.70073840815388,-21.812082335833185,3.17,4.31
932,anklets,food,no,0,-10.117095947265623,-1.4558223485946655,-9.872208014754865,-18.24486773943992,-16.430470167433604,2.17,5.4
933,sandwiches,breakfast,yes,1,-5.3036041259765625,-0.7469803690910339,-18.78418620478066,-20.213986055378616,-14.865885006728158,3.77,4.61
934,faucets,tool,yes,1,-6.765162467956543,-0.960208535194397,-10.106467982925874,-19.012584539942846,-17.063906267558288,2.54,4.56
935,funnels,clothing,no,0,-11.554584503173828,-1.315181016921997,-17.877077981217823,-19.82945944012986,-18.561125381606583,2.76,4.47
936,abacuses,vehicle,no,0,-13.41575813293457,-1.4175580739974976,-16.333382935021387,-24.125405151415748,-18.293795376067763,1.12,4.76
937,shorts,food,no,0,-10.650461196899414,-1.4282914400100708,-9.872208014754865,-15.905295039337856,-17.209197047701114,4.07,5.4
938,lab coats,outerwear,yes,1,-7.9412078857421875,-0.9634171724319458,-22.161510416729683,-21.615310101848333,-18.647324940131504,3.66,2.57
939,foxes,animal,yes,1,-2.869385242462158,-0.455329954624176,-10.488377315128824,-16.90226608265247,-16.12155836556231,3.42,4.81
940,ski boots,home decor,no,0,-19.03126716613769,-1.19432532787323,-22.000615731536097,-20.93791151885729,-23.25782047547544,3.92,3.65
941,sweepers,food,no,0,-7.825057983398437,-1.4912105798721311,-9.872208014754865,-19.09522770455417,-16.820547151349995,2.51,5.4
942,axes,garden tool,yes,1,-13.725214958190918,-0.7381961941719055,-26.96761409599526,-14.312069746165225,-27.041919057361767,3.41,4.35
943,bassoons,mammal,no,0,-13.907812118530272,-1.2489731311798096,-18.447204075344327,-22.0162587155191,-20.340210686244543,1.86,3.31
944,ski boots,candy,no,0,-15.023442268371582,-1.308685541152954,-15.59884951584572,-20.93791151885729,-18.506951884864115,3.92,4.29
945,ducklings,fruit,no,0,-10.6299467086792,-1.2694599628448486,-10.40945006013787,-25.287339394450747,-16.835208363107323,2.54,4.57
946,gorillas,clothing,no,0,-14.303645133972168,-1.4539746046066284,-17.877077981217823,-19.804608703708897,-18.97469809206757,3.07,4.47
947,tube tops,vehicle,no,0,-11.350788116455078,-1.2764745950698853,-16.333382935021387,-22.99598332471217,-19.14280353916628,3.89,4.76
948,tambourines,musical instrument,yes,1,-3.116647958755493,-0.5447235107421875,-24.314967442060933,-21.72422982433142,-21.79359443091364,1.91,4.06
949,hippos,animal,yes,1,-3.8729124069213854,-0.5899865031242371,-10.488377315128824,-18.5566414536372,-15.954189770553748,2.77,4.81
950,calves,container,no,0,-9.889555931091309,-1.2888927459716797,-10.39245894196004,-16.748073934357215,-17.298416324783044,3.32,4.03
951,trombones,food,no,0,-13.729641914367676,-1.5059428215026855,-9.872208014754865,-21.50296522831756,-16.82997915407168,2.26,5.4
952,honey,medical equipment,no,0,-13.954269409179688,-1.5979793071746826,-19.106002639348333,-15.453406582835196,-24.38267437569295,4.37,4.7
953,margaritas,plant,no,0,-11.903887748718262,-1.1708779335021973,-10.587905040521909,-22.43130844477825,-15.5957075356191,2.79,4.89
954,caramels,candy,yes,1,-1.0633193254470823,-0.6013842225074768,-15.59884951584572,-18.573045203989984,-18.65616723217728,2.11,4.29
955,tractors,tool,no,0,-6.240404605865479,-0.8391499519348145,-10.106467982925874,-19.044762934126915,-15.713236986195614,3.31,4.56
956,toothpaste,toiletry,yes,1,-7.3602294921875,-0.7725970149040222,-20.37877985372853,-21.0457601216036,-25.16449307952238,3.37,2.08
957,tiramisu,tool,no,0,-17.970195770263672,-1.2517670392990112,-10.106467982925874,-25.828143761221167,-18.15887009692059,2.46,4.56
958,roosters,game,no,0,-5.251347541809082,-1.324604868888855,-8.622544389345105,-17.215541079232633,-14.76849370318438,3.07,5.72
959,corsets,women's clothing,yes,1,-6.24659538269043,-0.639662504196167,-19.39548667973344,-18.329031543781564,-21.35020223363397,2.58,4.27
960,highlighters,food,no,0,-7.535784721374512,-1.237666368484497,-9.872208014754865,-19.594425864031454,-17.603416326635152,2.31,5.4
961,backscratchers,toy,no,0,-7.321982383728027,-0.9354395866394044,-14.778533258953818,-22.94053062853361,-18.879582132425767,0.0,4.3
962,sledgehammers,tool,yes,1,-2.987515926361084,-0.7512267231941223,-10.106467982925874,-27.03793294998785,-16.66318301234101,1.92,4.56
963,margaritas,kitchen tool,no,0,-16.949542999267578,-1.0050969123840332,-27.87468817068753,-22.43130844477825,-24.142226091959387,2.79,4.3
964,bassoons,electronic device,no,0,-14.23184585571289,-0.931287169456482,-22.662907675225643,-22.0162587155191,-24.886393652630566,1.86,4.31
965,chains,vehicle,no,0,-9.214345932006836,-1.180493712425232,-16.333382935021387,-10.58622070355545,-18.93251494645408,4.11,4.76
966,milkshakes,drink,yes,1,-3.533131599426269,-0.3995011448860168,-15.901127689636358,-22.3175241391974,-16.560440098690492,2.69,4.9
967,envelopes,tool,no,0,-7.51651668548584,-1.0407553911209106,-10.106467982925874,-21.002307881701324,-16.349103452367373,3.33,4.56
968,drills,weapon,no,0,-7.024886608123779,-1.0101746320724487,-11.07728714571915,-16.806599601926525,-15.37680557706076,3.59,4.54
969,weeds,plant,yes,1,-1.98940658569336,-0.645211398601532,-10.587905040521909,-17.506043460259228,-16.36738653520143,3.52,4.89
970,pickles,drink,no,0,-12.322712898254396,-1.579456806182861,-15.901127689636358,-19.17840196971516,-18.48927188996372,3.48,4.9
971,tambourines,food,no,0,-9.776355743408203,-1.532161831855774,-9.872208014754865,-21.72422982433142,-15.42969009452783,1.91,5.4
972,speedboats,vehicle,yes,1,-6.66221284866333,-0.6362338662147522,-16.333382935021387,-21.972276651291025,-17.971693853376927,2.01,4.76
973,roosters,women's clothing,no,0,-18.613540649414062,-1.483706831932068,-19.39548667973344,-17.215541079232633,-22.80708946636863,3.07,4.27
974,highlighters,school supply,yes,1,-9.094791412353516,-0.6020663380622864,-19.52552485147261,-19.594425864031454,-27.878596488854143,2.31,4.76
975,cinnamon,clothing,no,0,-10.69851303100586,-1.3750219345092771,-17.877077981217823,-18.131930284547607,-19.95142331421798,3.7,4.47
976,deers,animal,yes,1,-3.196871995925904,-0.4122678935527801,-10.488377315128824,-15.480546559042097,-17.191832463501704,2.16,4.81
977,boas,food,no,0,-11.05137062072754,-1.366357922554016,-9.872208014754865,-14.94080434590327,-16.863748441944658,2.81,5.4
978,joysticks,tool,no,0,-6.910959243774414,-0.8241647481918335,-10.106467982925874,-20.85499402506497,-15.761229072061328,2.17,4.56
979,pigs,livestock,yes,1,-2.708702564239502,-0.68817138671875,-17.2110523201245,-16.104796469817238,-20.683291983546475,3.99,3.83
980,caterpillars,insect,yes,1,-2.2934389114379883,-0.5578036904335022,-17.49313496335084,-21.95113680968653,-17.90213676970632,2.97,3.76
981,chickpeas,mammal,no,0,-11.4087553024292,-1.4729015827178955,-18.447204075344327,-27.25217884933132,-20.29939324052369,2.7,3.31
982,highlighters,electronic device,no,0,-8.113652229309082,-0.8423807621002197,-22.662907675225643,-19.594425864031454,-22.23649488548763,2.31,4.31
983,chapsticks,clothing,yes,1,-10.14725112915039,-1.1233197450637815,-17.877077981217823,-24.658239735336828,-17.840805060578276,1.05,4.47
984,backscratchers,home decor,no,0,-12.692609786987305,-0.9401077032089232,-22.000615731536097,-22.94053062853361,-24.477554563410006,0.0,3.65
985,bananas,weapon,no,0,-12.92372989654541,-1.178372144699097,-11.07728714571915,-19.658958067809685,-16.88550267574385,3.7,4.54
986,bulls,medical equipment,no,0,-16.354387283325195,-1.6177884340286257,-19.106002639348333,-14.447447335871203,-25.00242416653713,3.97,4.7
987,crepes,breakfast,yes,1,-5.127205848693848,-0.6395062208175659,-18.78418620478066,-18.017001434843824,-16.681829433914604,2.63,4.61
988,rolls,breakfast,yes,1,-11.92502784729004,-0.7995948195457458,-18.78418620478066,-14.30090006317724,-18.25647801572209,4.23,4.61
989,stretchers,water vehicle,no,0,-13.878188133239746,-1.1965006589889526,-18.352663236385062,-20.692892231058856,-25.315027620599096,2.51,4.69
990,spam,food,yes,1,-7.013316631317139,-0.923992931842804,-9.872208014754865,-14.379858639758243,-16.72337311317479,4.05,5.4
991,crayfish,tool,no,0,-12.10149383544922,-1.244701862335205,-10.106467982925874,-18.95846468758191,-18.178204672839858,2.85,4.56
992,potatoes,vegetable,yes,1,-2.5779027938842773,-0.5960446000099182,-21.440018856463897,-19.55463254341815,-15.223287172910563,4.09,3.94
993,chinchillas,bird,no,0,-7.262247085571289,-1.2776551246643066,-9.550907329666211,-18.883367824020127,-15.715078016394363,2.01,4.63
994,antelopes,animal,yes,1,-3.640604019165039,-0.4914323389530182,-10.488377315128824,-25.06678709673626,-15.88334596716523,2.3,4.81
995,taffy,water vehicle,no,0,-22.35002517700196,-1.5002391338348389,-18.352663236385062,-17.416575244871005,-24.28692043451061,2.71,4.69
996,overalls,clothing,yes,1,-2.263960599899292,-0.6895162463188171,-17.877077981217823,-18.99925356229884,-17.91536057909448,3.0,4.47
997,cantaloupes,clothing,no,0,-17.035646438598633,-1.5995467901229858,-17.877077981217823,-27.38318495077893,-18.027400952164086,1.99,4.47
998,mirrors,office supply,no,0,-20.111610412597656,-1.0939044952392578,-20.94928532390783,-19.1016772007016,-29.055324994122927,3.81,4.71
999,lunchboxes,school supply,yes,1,-8.55191421508789,-0.7476645112037659,-19.52552485147261,-23.95924409214948,-26.605235030722625,1.97,4.76
1000,gums,candy,yes,1,-13.09830093383789,-1.001497745513916,-15.59884951584572,-15.506417235307438,-18.41032427920687,3.21,4.29
1001,drums,food,no,0,-10.750565528869627,-1.5095754861831665,-9.872208014754865,-17.349026574496847,-16.981402464498117,3.93,5.4
1002,jackets,livestock,no,0,-16.826852798461914,-1.320731282234192,-17.2110523201245,-17.73441727363791,-22.398660801096668,3.81,3.83
1003,wheelchairs,vehicle,yes,1,-4.38083028793335,-0.779694676399231,-16.333382935021387,-22.55999642269603,-17.152921310191733,2.92,4.76
1004,dustpans,electronic device,no,0,-11.547871589660645,-1.2709747552871704,-22.662907675225643,-20.51789585792924,-23.290718155218315,0.0,4.31
1005,roosters,weapon,no,0,-11.220503807067873,-1.183840274810791,-11.07728714571915,-17.215541079232633,-16.744376438447073,3.07,4.54
1006,calves,school supply,no,0,-17.369203567504883,-1.1900733709335327,-19.52552485147261,-16.748073934357215,-27.467453218747444,3.32,4.76
1007,coils,tool,yes,1,-6.732687950134277,-1.0940308570861816,-10.106467982925874,-17.3341282541409,-16.153886000845013,3.36,4.56
1008,geese,mammal,no,0,-6.017902374267578,-0.9359046816825868,-18.447204075344327,-18.178804602023035,-20.064276648166764,3.35,3.31
1009,yogurts,breakfast,yes,1,-5.492725372314453,-0.6146198511123657,-18.78418620478066,-25.73351576568295,-17.874876538017556,2.13,4.61
1010,bow,accessory,yes,1,-8.805948257446289,-0.7582282423973083,-18.05284595785042,-8.539041051305057,-18.469172005930147,4.3,3.63
1011,ladles,tool,yes,1,-4.169557571411133,-0.7902225852012634,-10.106467982925874,-17.183713131991375,-17.43156740688023,2.06,4.56
1012,popcorn,food,yes,1,-2.848519802093506,-0.5378355383872986,-9.872208014754865,-18.932592653077272,-14.548294860283418,3.73,5.4
1013,defibrillators,electronic device,yes,1,-6.42047119140625,-0.5602409839630127,-22.662907675225643,-20.02012063639127,-21.786978587572868,2.17,4.31
1014,clovers,vehicle,no,0,-11.841094017028809,-1.540407657623291,-16.333382935021387,-17.750548290418042,-18.95179146366296,2.35,4.76
1015,racks,sea animal,no,0,-12.730742454528809,-1.347428321838379,-19.928937070677247,-16.089794854858052,-24.16856323590166,3.37,4.62
1016,cables,tool,yes,1,-6.271699905395508,-1.0881822109222412,-10.106467982925874,-15.243125130201456,-15.45792653521226,3.87,4.56
1017,backscratchers,school supply,no,0,-13.44065761566162,-0.9176518321037292,-19.52552485147261,-22.94053062853361,-27.4722309869592,0.0,4.76
