noun1,predicted_hypernym,log_prob,num_tokens,strategy,filter_reason
hammers,tools,-2.078125,1,single_token,not_valid_noun
hammers,tool .,-5.4296875,2,2token,not_valid_noun
hammers,________,-5.46875,1,single_token,not_valid_noun
hammers,,-5.46875,1,single_token,not_valid_noun
hammers,tool Complete,-5.5546875,2,2token,not_valid_noun
hammers,building,-5.71875,1,single_token,incomplete_phrase
hammers,house,-5.71875,1,single_token,incomplete_phrase
hammers,.,-5.71875,1,single_token,not_valid_noun
hammers,hand,-5.71875,1,single_token,incomplete_phrase
hammers,construction,-5.96875,1,single_token,incomplete_phrase
hammers,_______,-5.96875,1,single_token,not_valid_noun
hammers,______,-6.21875,1,single_token,not_valid_noun
hammers,____,-6.34375,1,single_token,not_valid_noun
hammers,utens,-6.34375,1,single_token,not_valid_noun
hammers,kitchen,-6.59375,1,single_token,incomplete_phrase
hammers,. Complete,-6.6171875,2,2token,not_valid_noun
hammers,_,-6.71875,1,single_token,not_valid_noun
hammers,a,-6.71875,1,single_token,not_valid_noun
hammers,tool (,-6.8046875,2,2token,not_valid_noun
hammers,...,-6.84375,1,single_token,not_valid_noun
hammers,(,-6.96875,1,single_token,not_valid_noun
hammers,_____,-6.96875,1,single_token,not_valid_noun
hammers,cooking,-6.96875,1,single_token,incomplete_phrase
hammers,a tool,-7.111328125,2,2token,not_valid_noun
hammers,tools .,-7.171875,2,2token,not_valid_noun
hammers,Tools,-7.21875,1,single_token,not_valid_noun
hammers,____________,-7.21875,1,single_token,not_valid_noun
hammers,instruments,-7.21875,1,single_token,not_valid_noun
hammers,....,-7.34375,1,single_token,not_valid_noun
hammers,metal Complete,-7.390625,2,2token,not_valid_noun
hammers,tools Complete,-7.421875,2,2token,not_valid_noun
hammers,tool for,-7.4296875,2,2token,incomplete_phrase
hammers,machines,-7.46875,1,single_token,not_valid_noun
hammers,?,-7.65625,1,single_token,not_valid_noun
hammers,tool used,-7.6796875,2,2token,incomplete_phrase
hammers,instrument Complete,-7.703125,2,2token,not_valid_noun
hammers,tool that,-7.8046875,2,2token,incomplete_phrase
hammers,instrument .,-7.828125,2,2token,not_valid_noun
hammers,musical,-7.90625,1,single_token,incomplete_phrase
hammers,what,-7.90625,1,single_token,not_valid_noun
hammers,household,-7.90625,1,single_token,incomplete_phrase
hammers,mechanical,-7.90625,1,single_token,not_valid_noun
hammers,…,-7.90625,1,single_token,not_valid_noun
hammers,tool to,-7.9296875,2,2token,not_valid_noun
hammers,_________,-7.96875,1,single_token,not_valid_noun
hammers,___________,-7.96875,1,single_token,not_valid_noun
hammers,tool ...,-8.0546875,2,2token,not_valid_noun
hammers,power,-8.0625,1,single_token,incomplete_phrase
hammers,useful,-8.0625,1,single_token,not_valid_noun
hammers,__________,-8.0625,1,single_token,not_valid_noun
hammers,work,-8.0625,1,single_token,incomplete_phrase
hammers,tool ....,-8.1796875,2,2token,not_valid_noun
hammers,___,-8.1875,1,single_token,not_valid_noun
hammers,implements,-8.1875,1,single_token,not_valid_noun
hammers,piece,-8.1875,1,single_token,incomplete_phrase
hammers,piece of,-8.2042236328125,2,2token,not_valid_noun
hammers,tools,-8.296875,2,2token,not_valid_noun
hammers,home,-8.3125,1,single_token,incomplete_phrase
hammers,",",-8.3125,1,single_token,not_valid_noun
hammers,tool in,-8.3984375,2,2token,not_valid_noun
hammers,tool complete,-8.3984375,2,2token,not_valid_noun
hammers,tool ________,-8.3984375,2,2token,not_valid_noun
hammers,tool _______,-8.3984375,2,2token,not_valid_noun
hammers,__,-8.4375,1,single_token,not_valid_noun
hammers,kitchen utens,-8.4453125,2,2token,incomplete_phrase
hammers,_____ Complete,-8.5,2,2token,not_valid_noun
hammers,_.,-8.5,1,single_token,not_valid_noun
hammers,heavy,-8.5,1,single_token,incomplete_phrase
hammers,tool or,-8.5234375,2,2token,not_valid_noun
hammers,A,-8.5625,1,single_token,not_valid_noun
hammers,hard,-8.5625,1,single_token,not_valid_noun
hammers,….,-8.5625,1,single_token,not_valid_noun
hammers,.....,-8.5625,1,single_token,not_valid_noun
hammers,.... Complete,-8.640625,2,2token,not_valid_noun
hammers,cooking utens,-8.6484375,2,2token,incomplete_phrase
hammers,? Complete,-8.6640625,2,2token,not_valid_noun
hammers,tools (,-8.671875,2,2token,not_valid_noun
hammers,carpenter,-8.6875,1,single_token,incomplete_phrase
hammers,p,-8.6875,1,single_token,not_valid_noun
hammers,engineering,-8.75,1,single_token,incomplete_phrase
hammers,,-8.75,1,single_token,not_valid_noun
hammers,weapons,-8.75,1,single_token,not_valid_noun
hammers,_____ .,-8.75,2,2token,not_valid_noun
hammers,tools for,-8.796875,2,2token,incomplete_phrase
hammers,……,-8.875,1,single_token,not_valid_noun
hammers,_ .,-8.90625,2,2token,not_valid_noun
hammers,_ Complete,-8.90625,2,2token,not_valid_noun
hammers,type,-8.9375,1,single_token,incomplete_phrase
hammers,measuring,-8.9375,1,single_token,incomplete_phrase
hammers,_______ Complete,-8.984375,2,2token,not_valid_noun
hammers,metal .,-9.0,2,2token,not_valid_noun
hammers,[,-9.0,1,single_token,not_valid_noun
hammers,mechanic,-9.0,1,single_token,incomplete_phrase
hammers,... Complete,-9.015625,2,2token,not_valid_noun
hammers,tool and,-9.0234375,2,2token,incomplete_phrase
hammers,type of,-9.046875,2,2token,not_valid_noun
hammers,________ .,-9.09375,2,2token,not_valid_noun
hammers,of,-9.125,1,single_token,not_valid_noun
hammers,nails,-9.125,1,single_token,not_valid_noun
hammers,tool which,-9.1484375,2,2token,incomplete_phrase
hammers,tool ______,-9.1484375,2,2token,not_valid_noun
hammers,:,-9.1875,1,single_token,not_valid_noun
hammers,-,-9.1875,1,single_token,not_valid_noun
hammers,objects,-9.1875,1,single_token,not_valid_noun
hammers,Werkzeug,-9.1875,1,single_token,not_valid_noun
hammers,<,-9.1875,1,single_token,not_valid_noun
hammers,…………,-9.1875,1,single_token,not_valid_noun
hammers,TOOLS,-9.1875,1,single_token,not_valid_noun
hammers,instrument for,-9.203125,2,2token,incomplete_phrase
hammers,instrument (,-9.203125,2,2token,not_valid_noun
hammers,______ Complete,-9.203125,2,2token,not_valid_noun
hammers,house hold,-9.21875,2,2token,incomplete_phrase
hammers,_______ .,-9.234375,2,2token,not_valid_noun
hammers,tool _____,-9.2734375,2,2token,not_valid_noun
hammers,tool a,-9.2734375,2,2token,not_valid_noun
hammers,_ tool,-9.28125,2,2token,not_valid_noun
hammers,tools used,-9.296875,2,2token,incomplete_phrase
hammers,garden,-9.3125,1,single_token,incomplete_phrase
hammers,utensils,-9.3125,1,single_token,not_valid_noun
hammers,carpentry,-9.3125,1,single_token,incomplete_phrase
hammers,. .,-9.359375,2,2token,not_valid_noun
hammers,this,-9.375,1,single_token,not_valid_noun
hammers,the,-9.375,1,single_token,not_valid_noun
hammers,.........,-9.375,1,single_token,not_valid_noun
hammers,.......,-9.375,1,single_token,not_valid_noun
hammers,woodworking,-9.375,1,single_token,incomplete_phrase
hammers,tool -,-9.3984375,2,2token,not_valid_noun
hammers,tool ____,-9.3984375,2,2token,not_valid_noun
hammers,tools that,-9.421875,2,2token,incomplete_phrase
hammers,", Complete",-9.4296875,2,2token,not_valid_noun
hammers,weapon Complete,-9.4375,2,2token,not_valid_noun
hammers,machine Complete,-9.4375,2,2token,not_valid_noun
hammers,_________ .,-9.484375,2,2token,not_valid_noun
hammers,small,-9.5,1,single_token,incomplete_phrase
hammers,What,-9.5,1,single_token,not_valid_noun
hammers,simple,-9.5,1,single_token,incomplete_phrase
hammers,......,-9.5,1,single_token,not_valid_noun
hammers,tool .....,-9.5234375,2,2token,not_valid_noun
hammers,tool of,-9.5234375,2,2token,not_valid_noun
hammers,_ _,-9.53125,2,2token,not_valid_noun
hammers,tools to,-9.546875,2,2token,not_valid_noun
hammers,sharp,-9.5625,1,single_token,incomplete_phrase
hammers,______ .,-9.578125,2,2token,not_valid_noun
hammers,gardening,-9.625,1,single_token,incomplete_phrase
hammers,........,-9.625,1,single_token,not_valid_noun
hammers,__________ .,-9.6328125,2,2token,not_valid_noun
hammers,tool :,-9.6484375,2,2token,not_valid_noun
hammers,kind,-9.6875,1,single_token,incomplete_phrase
hammers,wooden,-9.6875,1,single_token,not_valid_noun
hammers,...............,-9.6875,1,single_token,not_valid_noun
hammers,instrument to,-9.703125,2,2token,not_valid_noun
hammers,instrument of,-9.703125,2,2token,not_valid_noun
hammers,house repair,-9.71875,2,2token,incomplete_phrase
hammers,.,-9.75,2,2token,not_valid_noun
hammers,..,-9.75,1,single_token,not_valid_noun
hammers,an,-9.75,1,single_token,not_valid_noun
hammers,__________ Complete,-9.7578125,2,2token,not_valid_noun
hammers,tool Use,-9.7734375,2,2token,incomplete_phrase
hammers,tool ___________,-9.7734375,2,2token,not_valid_noun
hammers,tool _________,-9.7734375,2,2token,not_valid_noun
hammers,tool ….,-9.7734375,2,2token,not_valid_noun
hammers,tool Answer,-9.7734375,2,2token,not_valid_noun
hammers,tool Fill,-9.7734375,2,2token,not_valid_noun
hammers,tool The,-9.7734375,2,2token,incomplete_phrase
hammers,tool with,-9.7734375,2,2token,incomplete_phrase
hammers,tool A,-9.7734375,2,2token,not_valid_noun
hammers,tool Read,-9.7734375,2,2token,not_valid_noun
hammers,…. Complete,-9.8046875,2,2token,not_valid_noun
hammers,wea,-9.8125,1,single_token,incomplete_phrase
hammers,weapon .,-9.8125,2,2token,not_valid_noun
hammers,DIY,-9.8125,1,single_token,not_valid_noun
hammers,/,-9.8125,1,single_token,not_valid_noun
hammers,we,-9.8125,1,single_token,not_valid_noun
hammers,..... Complete,-9.8203125,2,2token,not_valid_noun
hammers,___ Complete,-9.8203125,2,2token,not_valid_noun
hammers,_. Complete,-9.8203125,2,2token,not_valid_noun
hammers,instrument used,-9.828125,2,2token,incomplete_phrase
hammers,Tool .,-9.875,2,2token,not_valid_noun
hammers,writing,-9.875,1,single_token,incomplete_phrase
hammers,tool …,-9.8984375,2,2token,not_valid_noun
hammers,tool /,-9.8984375,2,2token,not_valid_noun
hammers,kind of,-9.9091796875,2,2token,not_valid_noun
hammers,tools ...,-9.921875,2,2token,not_valid_noun
hammers,tools and,-9.921875,2,2token,incomplete_phrase
hammers,… Complete,-9.9375,2,2token,not_valid_noun
hammers,house building,-9.96875,2,2token,incomplete_phrase
hammers,_________ Complete,-9.984375,2,2token,not_valid_noun
hammers,. A,-10.0,2,2token,not_valid_noun
hammers,..............,-10.0,1,single_token,not_valid_noun
hammers,------------,-10.0,1,single_token,not_valid_noun
hammers,workshop,-10.0,1,single_token,incomplete_phrase
hammers,handic,-10.0,1,single_token,incomplete_phrase
hammers,...........,-10.0,1,single_token,not_valid_noun
hammers,working,-10.0,1,single_token,incomplete_phrase
hammers,tool ____________,-10.0234375,2,2token,not_valid_noun
hammers,tool [,-10.0234375,2,2token,not_valid_noun
hammers,tools in,-10.046875,2,2token,not_valid_noun
hammers,tools ....,-10.046875,2,2token,not_valid_noun
hammers,blacksmith,-10.0625,1,single_token,incomplete_phrase
hammers,used,-10.0625,1,single_token,not_valid_noun
hammers,machine .,-10.0625,2,2token,not_valid_noun
hammers,___ .,-10.0703125,2,2token,not_valid_noun
hammers,that,-10.125,1,single_token,not_valid_noun
hammers,…..,-10.125,1,single_token,not_valid_noun
hammers,percussion,-10.125,1,single_token,incomplete_phrase
hammers,"...,",-10.125,1,single_token,not_valid_noun
hammers,Tool Complete,-10.125,2,2token,not_valid_noun
hammers,tool fruit,-10.1484375,2,2token,incomplete_phrase
hammers,tool _,-10.1484375,2,2token,not_valid_noun
hammers,of tool,-10.1640625,2,2token,not_valid_noun
hammers,hammers,-10.1875,1,single_token,not_valid_noun
hammers,vegetables,-10.1875,1,single_token,not_valid_noun
hammers,me,-10.1875,1,single_token,not_valid_noun
hammers,instrument that,-10.203125,2,2token,incomplete_phrase
hammers,hammer Complete,-10.203125,2,2token,not_valid_noun
hammers,blunt,-10.25,1,single_token,not_valid_noun
hammers,.............,-10.25,1,single_token,not_valid_noun
hammers,pen,-10.25,1,single_token,not_valid_noun
hammers,repair,-10.25,1,single_token,incomplete_phrase
hammers,mach,-10.25,1,single_token,not_valid_noun
hammers,tools _______,-10.265625,2,2token,not_valid_noun
hammers,tools or,-10.265625,2,2token,not_valid_noun
hammers,: Complete,-10.265625,2,2token,not_valid_noun
hammers,tool is,-10.2734375,2,2token,not_valid_noun
hammers,tool by,-10.2734375,2,2token,not_valid_noun
hammers,an instrument,-10.296875,2,2token,not_valid_noun
hammers,made,-10.3125,1,single_token,not_valid_noun
hammers,,-10.3125,1,single_token,not_valid_noun
hammers,bl,-10.3125,1,single_token,not_valid_noun
hammers,industrial,-10.3125,1,single_token,not_valid_noun
hammers,man,-10.3125,1,single_token,incomplete_phrase
hammers,……………………,-10.3125,1,single_token,not_valid_noun
hammers,____________ .,-10.359375,2,2token,not_valid_noun
hammers,工具,-10.375,1,single_token,not_valid_noun
hammers,h,-10.375,1,single_token,not_valid_noun
hammers,. tool,-10.375,2,2token,not_valid_noun
hammers,metal (,-10.375,2,2token,not_valid_noun
hammers,I,-10.375,1,single_token,not_valid_noun
hammers,b,-10.375,1,single_token,not_valid_noun
hammers,tool __________,-10.3984375,2,2token,not_valid_noun
hammers,tool you,-10.3984375,2,2token,incomplete_phrase
hammers,tool ..,-10.3984375,2,2token,not_valid_noun
hammers,hardware Complete,-10.40625,2,2token,not_valid_noun
hammers,What is,-10.41796875,2,2token,not_valid_noun
hammers,____ .,-10.4375,2,2token,not_valid_noun
hammers,which,-10.4375,1,single_token,not_valid_noun
hammers,i,-10.4375,1,single_token,not_valid_noun
hammers,flat,-10.4375,1,single_token,incomplete_phrase
hammers,domestic,-10.4375,1,single_token,incomplete_phrase
hammers,object Complete,-10.453125,2,2token,not_valid_noun
hammers,…… Complete,-10.46875,2,2token,not_valid_noun
hammers,implement .,-10.46875,2,2token,not_valid_noun
hammers,implement Complete,-10.46875,2,2token,not_valid_noun
hammers,house .,-10.46875,2,2token,not_valid_noun
hammers,Construction,-10.5,1,single_token,incomplete_phrase
hammers,is,-10.5,1,single_token,not_valid_noun
hammers,job,-10.5,1,single_token,not_valid_noun
hammers,soft,-10.5,1,single_token,not_valid_noun
hammers,. a,-10.5,2,2token,not_valid_noun
hammers,. What,-10.5,2,2token,not_valid_noun
hammers,metals,-10.5,1,single_token,not_valid_noun
hammers,metallic,-10.5,1,single_token,incomplete_phrase
hammers,and,-10.5,1,single_token,not_valid_noun
hammers,..........,-10.5,1,single_token,not_valid_noun
hammers,o,-10.5,1,single_token,not_valid_noun
hammers,. Choose,-10.5,2,2token,not_valid_noun
hammers,tools complete,-10.515625,2,2token,not_valid_noun
hammers,tools ________,-10.515625,2,2token,not_valid_noun
hammers,tool Write,-10.5234375,2,2token,incomplete_phrase
hammers,iron Complete,-10.53125,2,2token,not_valid_noun
hammers,_ instrument,-10.53125,2,2token,not_valid_noun
hammers,the tool,-10.5625,2,2token,not_valid_noun
hammers,do,-10.5625,1,single_token,not_valid_noun
hammers,We,-10.5625,1,single_token,not_valid_noun
hammers,means,-10.5625,1,single_token,not_valid_noun
hammers,cl,-10.5625,1,single_token,not_valid_noun
hammers,....... Complete,-10.5859375,2,2token,not_valid_noun
hammers,handy,-10.625,1,single_token,incomplete_phrase
hammers,ing,-10.625,1,single_token,not_valid_noun
hammers,constructions,-10.625,1,single_token,not_valid_noun
hammers,handheld,-10.625,1,single_token,not_valid_noun
hammers,............,-10.625,1,single_token,not_valid_noun
hammers,. Write,-10.625,2,2token,not_valid_noun
hammers,. The,-10.625,2,2token,not_valid_noun
hammers,metal working,-10.625,2,2token,incomplete_phrase
hammers,for,-10.625,1,single_token,not_valid_noun
hammers,=,-10.625,1,single_token,not_valid_noun
hammers,---,-10.625,1,single_token,not_valid_noun
hammers,tools of,-10.640625,2,2token,not_valid_noun
hammers,tools which,-10.640625,2,2token,incomplete_phrase
hammers,nail Complete,-10.640625,2,2token,not_valid_noun
hammers,tool the,-10.6484375,2,2token,incomplete_phrase
hammers,_ _.,-10.65625,2,2token,not_valid_noun
hammers,dangerous,-10.6875,1,single_token,not_valid_noun
hammers,manufacturing,-10.6875,1,single_token,not_valid_noun
hammers,http,-10.6875,1,single_token,not_valid_noun
hammers,P,-10.6875,1,single_token,not_valid_noun
hammers,instr,-10.6875,1,single_token,not_valid_noun
hammers,instrument complete,-10.703125,2,2token,not_valid_noun
hammers,instrument ...,-10.703125,2,2token,not_valid_noun
hammers,school,-10.75,1,single_token,incomplete_phrase
hammers,he,-10.75,1,single_token,not_valid_noun
hammers,farm,-10.75,1,single_token,incomplete_phrase
hammers,scientific,-10.75,1,single_token,not_valid_noun
hammers,alat,-10.75,1,single_token,not_valid_noun
hammers,...... Complete,-10.75,2,2token,not_valid_noun
hammers,to,-10.75,1,single_token,not_valid_noun
hammers,c,-10.75,1,single_token,not_valid_noun
hammers,a weapon,-10.75,2,2token,not_valid_noun
hammers,_____ (,-10.75,2,2token,not_valid_noun
hammers,... Read,-10.765625,2,2token,not_valid_noun
hammers,... A,-10.765625,2,2token,not_valid_noun
hammers,...,-10.765625,2,2token,not_valid_noun
hammers,_,-10.78125,2,2token,not_valid_noun
hammers,s,-10.8125,1,single_token,not_valid_noun
hammers,are,-10.8125,1,single_token,not_valid_noun
hammers,cutting,-10.8125,1,single_token,incomplete_phrase
hammers,animals,-10.8125,1,single_token,not_valid_noun
hammers,office,-10.8125,1,single_token,incomplete_phrase
hammers,strong,-10.8125,1,single_token,not_valid_noun
hammers,other,-10.8125,1,single_token,not_valid_noun
hammers,toolkit,-10.8125,1,single_token,not_valid_noun
hammers,imple,-10.8125,1,single_token,not_valid_noun
hammers,appliances,-10.8125,1,single_token,not_valid_noun
hammers,( tool,-10.8125,2,2token,not_valid_noun
hammers,A tool,-10.828125,2,2token,not_valid_noun
hammers,instrument ....,-10.828125,2,2token,not_valid_noun
hammers,A Complete,-10.828125,2,2token,not_valid_noun
hammers,......... Complete,-10.859375,2,2token,not_valid_noun
hammers,. Fill,-10.875,2,2token,not_valid_noun
hammers,a metal,-10.875,2,2token,not_valid_noun
hammers,workers,-10.875,1,single_token,not_valid_noun
hammers,? .,-10.921875,2,2token,not_valid_noun
hammers,shop,-10.9375,1,single_token,incomplete_phrase
hammers,yard,-10.9375,1,single_token,incomplete_phrase
hammers,hands,-10.9375,1,single_token,not_valid_noun
hammers,',-10.9375,1,single_token,not_valid_noun
hammers,part of,-10.9453125,2,2token,not_valid_noun
hammers,instrument _______,-10.953125,2,2token,not_valid_noun
hammers,instrument or,-10.953125,2,2token,not_valid_noun
hammers,used for,-10.953125,2,2token,not_valid_noun
hammers,.. Complete,-10.9765625,2,2token,not_valid_noun
hammers,in,-11.0,1,single_token,not_valid_noun
hammers,l,-11.0,1,single_token,not_valid_noun
hammers,they,-11.0,1,single_token,not_valid_noun
hammers,*,-11.0,1,single_token,not_valid_noun
hammers,The,-11.0,1,single_token,not_valid_noun
hammers,... ...,-11.0,2,2token,not_valid_noun
hammers,labor,-11.0,1,single_token,incomplete_phrase
hammers,pieces,-11.0,1,single_token,not_valid_noun
hammers,a hand,-11.0,2,2token,not_valid_noun
hammers,. Match,-11.0,2,2token,not_valid_noun
hammers,Building,-11.0,1,single_token,incomplete_phrase
hammers,ni,-11.0,1,single_token,not_valid_noun
hammers,tools ______,-11.015625,2,2token,not_valid_noun
hammers,_ tools,-11.03125,2,2token,not_valid_noun
hammers,of tools,-11.0390625,2,2token,not_valid_noun
hammers,Instruments,-11.0625,1,single_token,not_valid_noun
hammers,"_,",-11.0625,1,single_token,not_valid_noun
hammers,[ ],-11.0625,2,2token,not_valid_noun
hammers,----,-11.0625,1,single_token,not_valid_noun
hammers,-----,-11.0625,1,single_token,not_valid_noun
hammers,build,-11.0625,1,single_token,incomplete_phrase
hammers,instrument ________,-11.078125,2,2token,not_valid_noun
hammers,instrument in,-11.078125,2,2token,not_valid_noun
hammers,construction .,-11.09375,2,2token,not_valid_noun
hammers,construction,-11.09375,2,2token,incomplete_phrase
hammers,___________ Complete,-11.09375,2,2token,not_valid_noun
hammers,play,-11.125,1,single_token,incomplete_phrase
hammers,f,-11.125,1,single_token,not_valid_noun
hammers,. tools,-11.125,2,2token,not_valid_noun
hammers,metal utens,-11.125,2,2token,incomplete_phrase
hammers,. (,-11.125,2,2token,not_valid_noun
hammers,B,-11.125,1,single_token,not_valid_noun
hammers,... a,-11.125,2,2token,not_valid_noun
hammers,_____,-11.125,2,2token,not_valid_noun
hammers,a machine,-11.125,2,2token,not_valid_noun
hammers,. Which,-11.125,2,2token,not_valid_noun
hammers,metal work,-11.125,2,2token,incomplete_phrase
hammers,tools -,-11.140625,2,2token,not_valid_noun
hammers,tools are,-11.140625,2,2token,incomplete_phrase
hammers,tools a,-11.140625,2,2token,not_valid_noun
hammers,DIY tools,-11.15625,2,2token,not_valid_noun
hammers,too,-11.1875,1,single_token,not_valid_noun
hammers,bar,-11.1875,1,single_token,incomplete_phrase
hammers,carpenters,-11.1875,1,single_token,not_valid_noun
hammers,utensi,-11.1875,1,single_token,not_valid_noun
hammers,big,-11.1875,1,single_token,not_valid_noun
hammers,large,-11.1875,1,single_token,incomplete_phrase
hammers,used to,-11.203125,2,2token,not_valid_noun
hammers,made of,-11.21484375,2,2token,not_valid_noun
hammers,______ tool,-11.21875,2,2token,not_valid_noun
hammers,_______ _______,-11.21875,2,2token,not_valid_noun
hammers,_______ tool,-11.21875,2,2token,not_valid_noun
hammers,... What,-11.25,2,2token,not_valid_noun
hammers,e,-11.25,1,single_token,not_valid_noun
hammers,-.,-11.25,1,single_token,not_valid_noun
hammers,han,-11.25,1,single_token,incomplete_phrase
hammers,eating,-11.25,1,single_token,incomplete_phrase
hammers,_____ tool,-11.25,2,2token,not_valid_noun
hammers,building .,-11.25,2,2token,not_valid_noun
hammers,............... Complete,-11.2578125,2,2token,not_valid_noun
hammers,tools _____,-11.265625,2,2token,not_valid_noun
hammers,material Complete,-11.265625,2,2token,not_valid_noun
hammers,tools ____,-11.265625,2,2token,not_valid_noun
hammers,tools .....,-11.265625,2,2token,not_valid_noun
hammers,What are,-11.2890625,2,2token,not_valid_noun
hammers,Hand,-11.3125,1,single_token,incomplete_phrase
hammers,physical,-11.3125,1,single_token,not_valid_noun
hammers,home improvement,-11.3125,2,2token,incomplete_phrase
hammers,{,-11.3125,1,single_token,not_valid_noun
hammers,bul,-11.3125,1,single_token,not_valid_noun
hammers,human,-11.3125,1,single_token,incomplete_phrase
hammers,right,-11.3125,1,single_token,incomplete_phrase
hammers,ed,-11.3125,1,single_token,not_valid_noun
hammers,fruit Complete,-11.3125,2,2token,not_valid_noun
hammers,… A,-11.3125,2,2token,not_valid_noun
hammers,… Read,-11.3125,2,2token,not_valid_noun
hammers,---------,-11.3125,1,single_token,not_valid_noun
hammers,farming,-11.3125,1,single_token,incomplete_phrase
hammers,（,-11.3125,1,single_token,not_valid_noun
hammers,everyday,-11.3125,1,single_token,incomplete_phrase
hammers,outil,-11.3125,1,single_token,not_valid_noun
hammers,fishing,-11.3125,1,single_token,incomplete_phrase
hammers,cle,-11.3125,1,single_token,not_valid_noun
hammers,equipment .,-11.3125,2,2token,not_valid_noun
hammers,equipment Complete,-11.3125,2,2token,not_valid_noun
hammers,equipment for,-11.3125,2,2token,incomplete_phrase
hammers,weapon (,-11.3125,2,2token,not_valid_noun
hammers,____ Complete,-11.3125,2,2token,not_valid_noun
hammers,cold,-11.3125,1,single_token,incomplete_phrase
hammers,< >,-11.328125,2,2token,not_valid_noun
hammers,….. Complete,-11.328125,2,2token,not_valid_noun
hammers,house,-11.34375,2,2token,incomplete_phrase
hammers,___________ .,-11.34375,2,2token,not_valid_noun
hammers,_______ (,-11.34375,2,2token,not_valid_noun
hammers,object .,-11.34375,2,2token,not_valid_noun
hammers,building,-11.375,2,2token,incomplete_phrase
hammers,common,-11.375,1,single_token,incomplete_phrase
hammers,Tools .,-11.375,2,2token,not_valid_noun
hammers,builder,-11.375,1,single_token,incomplete_phrase
hammers,how,-11.375,1,single_token,not_valid_noun
hammers,these,-11.375,1,single_token,not_valid_noun
hammers,. Use,-11.375,2,2token,not_valid_noun
hammers,. In,-11.375,2,2token,not_valid_noun
hammers,metal that,-11.375,2,2token,incomplete_phrase
hammers,​,-11.375,1,single_token,not_valid_noun
hammers,make,-11.375,1,single_token,incomplete_phrase
hammers,my,-11.375,1,single_token,not_valid_noun
hammers,metal worker,-11.375,2,2token,incomplete_phrase
hammers,metal used,-11.375,2,2token,incomplete_phrase
hammers,tools :,-11.390625,2,2token,not_valid_noun
hammers,tools ….,-11.390625,2,2token,not_valid_noun
hammers,tools with,-11.390625,2,2token,incomplete_phrase
hammers,pest,-11.4375,1,single_token,incomplete_phrase
hammers,–,-11.4375,1,single_token,not_valid_noun
hammers,C,-11.4375,1,single_token,not_valid_noun
hammers,the tools,-11.4375,2,2token,not_valid_noun
hammers,important,-11.4375,1,single_token,not_valid_noun
hammers,…,-11.4375,2,2token,not_valid_noun
hammers,........... Complete,-11.453125,2,2token,not_valid_noun
hammers,sport Complete,-11.46875,2,2token,not_valid_noun
hammers,____________ Complete,-11.46875,2,2token,not_valid_noun
hammers,hammer .,-11.46875,2,2token,not_valid_noun
hammers,_______,-11.46875,2,2token,not_valid_noun
hammers,house utens,-11.46875,2,2token,incomplete_phrase
hammers,"..., Complete",-11.46875,2,2token,not_valid_noun
hammers,implement (,-11.46875,2,2token,not_valid_noun
hammers,a building,-11.5,2,2token,not_valid_noun
hammers,a tools,-11.5,2,2token,not_valid_noun
hammers,. Tools,-11.5,2,2token,not_valid_noun
hammers,a instrument,-11.5,2,2token,not_valid_noun
hammers,. ...,-11.5,2,2token,not_valid_noun
hammers,... (,-11.5,2,2token,not_valid_noun
hammers,a hammer,-11.5,2,2token,not_valid_noun
hammers,.............. Complete,-11.5078125,2,2token,not_valid_noun
hammers,tools A,-11.515625,2,2token,not_valid_noun
hammers,tools Answer,-11.515625,2,2token,not_valid_noun
hammers,tools,-11.515625,2,2token,not_valid_noun
hammers,_ (,-11.53125,2,2token,not_valid_noun
hammers,.... A,-11.53125,2,2token,not_valid_noun
hammers,....,-11.53125,2,2token,not_valid_noun
hammers,iron .,-11.53125,2,2token,not_valid_noun
hammers,............. Complete,-11.5625,2,2token,not_valid_noun
hammers,This,-11.5625,1,single_token,not_valid_noun
hammers,equipments,-11.5625,1,single_token,not_valid_noun
hammers,machine (,-11.5625,2,2token,not_valid_noun
hammers,],-11.5625,1,single_token,not_valid_noun
hammers,- Complete,-11.578125,2,2token,not_valid_noun
hammers,instrument which,-11.578125,2,2token,incomplete_phrase
hammers,instrument and,-11.578125,2,2token,incomplete_phrase
hammers,implement used,-11.59375,2,2token,not_valid_noun
hammers,______ ______,-11.59375,2,2token,not_valid_noun
hammers,thing Complete,-11.59375,2,2token,not_valid_noun
hammers,thing that,-11.59375,2,2token,incomplete_phrase
hammers,______ (,-11.59375,2,2token,not_valid_noun
hammers,/ a,-11.6015625,2,2token,not_valid_noun
hammers,_________ (,-11.609375,2,2token,not_valid_noun
hammers,Tools Complete,-11.625,2,2token,not_valid_noun
hammers,constru,-11.625,1,single_token,not_valid_noun
hammers,. complete,-11.625,2,2token,not_valid_noun
hammers,_____ _____,-11.625,2,2token,not_valid_noun
hammers,manual,-11.625,1,single_token,incomplete_phrase
hammers,Implements,-11.625,1,single_token,not_valid_noun
hammers,cleaning,-11.625,1,single_token,incomplete_phrase
hammers,instrumental,-11.625,1,single_token,not_valid_noun
hammers,hammering,-11.625,1,single_token,incomplete_phrase
hammers,"""",-11.625,1,single_token,not_valid_noun
hammers,materials,-11.625,1,single_token,not_valid_noun
hammers,light,-11.625,1,single_token,incomplete_phrase
hammers,F,-11.625,1,single_token,not_valid_noun
hammers,tools …,-11.640625,2,2token,not_valid_noun
hammers,tools Read,-11.640625,2,2token,not_valid_noun
hammers,tools /,-11.640625,2,2token,not_valid_noun
hammers,tools The,-11.640625,2,2token,incomplete_phrase
hammers,is a,-11.6484375,2,2token,not_valid_noun
hammers,an object,-11.671875,2,2token,not_valid_noun
hammers,", tool",-11.671875,2,2token,not_valid_noun
hammers,", .",-11.671875,2,2token,not_valid_noun
hammers,instru,-11.6875,1,single_token,not_valid_noun
hammers,living,-11.6875,1,single_token,incomplete_phrase
hammers,app,-11.6875,1,single_token,not_valid_noun
hammers,u,-11.6875,1,single_token,not_valid_noun
hammers,$\,-11.6875,1,single_token,not_valid_noun
hammers,essential,-11.6875,1,single_token,incomplete_phrase
hammers,span,-11.6875,1,single_token,incomplete_phrase
hammers,equipment used,-11.6875,2,2token,incomplete_phrase
hammers,hand .,-11.6875,2,2token,not_valid_noun
hammers,types,-11.6875,1,single_token,not_valid_noun
hammers,basic,-11.6875,1,single_token,incomplete_phrase
hammers,agricultural,-11.6875,1,single_token,not_valid_noun
hammers,diy,-11.6875,1,single_token,not_valid_noun
hammers,machine for,-11.6875,2,2token,incomplete_phrase
hammers,v,-11.6875,1,single_token,not_valid_noun
hammers,House,-11.6875,1,single_token,incomplete_phrase
hammers,n,-11.6875,1,single_token,not_valid_noun
hammers,sporting,-11.6875,1,single_token,not_valid_noun
hammers,inanimate,-11.6875,1,single_token,not_valid_noun
hammers,the instrument,-11.6875,2,2token,not_valid_noun
hammers,A hammer,-11.703125,2,2token,not_valid_noun
hammers,house furn,-11.71875,2,2token,incomplete_phrase
hammers,construction ________,-11.71875,2,2token,not_valid_noun
hammers,construction ...,-11.71875,2,2token,not_valid_noun
hammers,body,-11.75,1,single_token,incomplete_phrase
hammers,metal Article,-11.75,2,2token,incomplete_phrase
hammers,metal Work,-11.75,2,2token,incomplete_phrase
hammers,men,-11.75,1,single_token,incomplete_phrase
hammers,building mater,-11.75,2,2token,incomplete_phrase
hammers,TOOL Complete,-11.75,2,2token,not_valid_noun
hammers,TOOL .,-11.75,2,2token,not_valid_noun
hammers,mass,-11.75,1,single_token,incomplete_phrase
hammers,special,-11.75,1,single_token,incomplete_phrase
hammers,pes,-11.75,1,single_token,incomplete_phrase
hammers,a construction,-11.75,2,2token,not_valid_noun
hammers,a ________,-11.75,2,2token,not_valid_noun
hammers,device for,-11.75,2,2token,incomplete_phrase
hammers,mining,-11.75,1,single_token,incomplete_phrase
hammers,__________ (,-11.75,2,2token,not_valid_noun
hammers,jobs,-11.75,1,single_token,not_valid_noun
hammers,tools you,-11.765625,2,2token,incomplete_phrase
hammers,tools Fill,-11.765625,2,2token,not_valid_noun
hammers,tools Use,-11.765625,2,2token,incomplete_phrase
hammers,machinery Complete,-11.765625,2,2token,not_valid_noun
hammers,?,-11.78125,2,2token,not_valid_noun
hammers,.... .,-11.78125,2,2token,not_valid_noun
hammers,", a",-11.796875,2,2token,not_valid_noun
hammers,toy Complete,-11.796875,2,2token,not_valid_noun
hammers,stone Complete,-11.796875,2,2token,not_valid_noun
hammers,,-11.8125,1,single_token,not_valid_noun
hammers,machines Complete,-11.8125,2,2token,not_valid_noun
hammers,,-11.8125,1,single_token,not_valid_noun
hammers,… What,-11.8125,2,2token,not_valid_noun
hammers,metall,-11.8125,1,single_token,not_valid_noun
hammers,instrument ____,-11.828125,2,2token,not_valid_noun
hammers,- .,-11.828125,2,2token,not_valid_noun
hammers,instruments Complete,-11.84375,2,2token,not_valid_noun
hammers,implement for,-11.84375,2,2token,not_valid_noun
hammers,instruments .,-11.84375,2,2token,not_valid_noun
hammers,_________,-11.859375,2,2token,not_valid_noun
hammers,t,-11.875,1,single_token,not_valid_noun
hammers,making,-11.875,1,single_token,incomplete_phrase
hammers,form,-11.875,1,single_token,incomplete_phrase
hammers,m,-11.875,1,single_token,not_valid_noun
hammers,different,-11.875,1,single_token,not_valid_noun
hammers,pot,-11.875,1,single_token,not_valid_noun
hammers,builders,-11.875,1,single_token,not_valid_noun
hammers,mac,-11.875,1,single_token,incomplete_phrase
hammers,them,-11.875,1,single_token,not_valid_noun
hammers,long,-11.875,1,single_token,not_valid_noun
hammers,or,-11.875,1,single_token,not_valid_noun
hammers,a kind,-11.875,2,2token,not_valid_noun
hammers,Tool (,-11.875,2,2token,not_valid_noun
hammers,... -,-11.875,2,2token,not_valid_noun
hammers,_____ ____,-11.875,2,2token,not_valid_noun
hammers,cla,-11.875,1,single_token,not_valid_noun
hammers,------,-11.875,1,single_token,not_valid_noun
hammers,workplace,-11.875,1,single_token,incomplete_phrase
hammers,__________ tool,-11.875,2,2token,not_valid_noun
hammers,. I,-11.875,2,2token,not_valid_noun
hammers,material used,-11.875,2,2token,incomplete_phrase
hammers,... More,-11.875,2,2token,not_valid_noun
hammers,tools ___________,-11.890625,2,2token,not_valid_noun
hammers,tools _________,-11.890625,2,2token,not_valid_noun
hammers,tools fruit,-11.890625,2,2token,incomplete_phrase
hammers,........ Complete,-11.890625,2,2token,not_valid_noun
hammers,tools [,-11.890625,2,2token,not_valid_noun
hammers,tools by,-11.890625,2,2token,not_valid_noun
hammers,_ Tool,-11.90625,2,2token,not_valid_noun
hammers,cooking ut,-11.90625,2,2token,not_valid_noun
hammers,hardware .,-11.90625,2,2token,not_valid_noun
hammers,", but",-11.921875,2,2token,not_valid_noun
hammers,cil,-11.9375,1,single_token,not_valid_noun
hammers,children,-11.9375,1,single_token,incomplete_phrase
hammers,gadgets,-11.9375,1,single_token,not_valid_noun
hammers,fasteners,-11.9375,1,single_token,not_valid_noun
hammers,clothe,-11.9375,1,single_token,not_valid_noun
hammers,constr,-11.9375,1,single_token,not_valid_noun
hammers,you,-11.9375,1,single_token,not_valid_noun
hammers,home repair,-11.9375,2,2token,incomplete_phrase
hammers,crafting,-11.9375,1,single_token,not_valid_noun
hammers,????,-11.9375,1,single_token,not_valid_noun
hammers,Ut,-11.9375,1,single_token,not_valid_noun
hammers,black,-11.9375,1,single_token,incomplete_phrase
hammers,—,-11.9375,1,single_token,not_valid_noun
hammers,bla,-11.9375,1,single_token,not_valid_noun
hammers,medical,-11.9375,1,single_token,incomplete_phrase
hammers,https,-11.9375,1,single_token,not_valid_noun
hammers,class,-11.9375,1,single_token,incomplete_phrase
hammers,,-11.9375,1,single_token,not_valid_noun
hammers,___ tool,-11.9375,2,2token,not_valid_noun
hammers,col,-11.9375,1,single_token,incomplete_phrase
hammers,Useful,-11.9375,1,single_token,not_valid_noun
hammers,An,-11.9375,1,single_token,not_valid_noun
hammers,instrument a,-11.953125,2,2token,not_valid_noun
hammers,A kind,-11.953125,2,2token,not_valid_noun
hammers,instrument ______,-11.953125,2,2token,not_valid_noun
hammers,______,-11.96875,2,2token,not_valid_noun
hammers,implement of,-11.96875,2,2token,not_valid_noun
hammers,_______ tools,-11.96875,2,2token,not_valid_noun
hammers,/ kind,-11.96875,2,2token,not_valid_noun
hammers,_________ tool,-11.96875,2,2token,not_valid_noun
hammers,house construction,-11.96875,2,2token,incomplete_phrase
hammers,clas,-12.0,1,single_token,not_valid_noun
hammers,red,-12.0,1,single_token,not_valid_noun
hammers,nuts,-12.0,1,single_token,not_valid_noun
hammers,electrical,-12.0,1,single_token,not_valid_noun
hammers,. Answer,-12.0,2,2token,not_valid_noun
hammers,X,-12.0,1,single_token,not_valid_noun
hammers,nail .,-12.0,2,2token,not_valid_noun
hammers,--------,-12.0,1,single_token,not_valid_noun
hammers,?.,-12.0,1,single_token,not_valid_noun
hammers,handi,-12.0,1,single_token,not_valid_noun
hammers,instrumento,-12.0,1,single_token,not_valid_noun
hammers,a,-12.0,2,2token,not_valid_noun
hammers,a house,-12.0,2,2token,not_valid_noun
hammers,cy,-12.0,1,single_token,not_valid_noun
hammers,They,-12.0,1,single_token,not_valid_noun
hammers,d,-12.0,1,single_token,not_valid_noun
hammers,g,-12.0,1,single_token,not_valid_noun
hammers,_____ Fill,-12.0,2,2token,not_valid_noun
hammers,metal ...,-12.0,2,2token,not_valid_noun
hammers,. fruit,-12.0,2,2token,not_valid_noun
hammers,__________,-12.0,2,2token,not_valid_noun
hammers,appliance Complete,-12.0,2,2token,not_valid_noun
hammers,. hammer,-12.0,2,2token,not_valid_noun
hammers,metal or,-12.0,2,2token,not_valid_noun
hammers,that is,-12.0078125,2,2token,not_valid_noun
hammers,tools,-12.015625,2,2token,not_valid_noun
hammers,tools ..,-12.015625,2,2token,not_valid_noun
hammers,cooking ingredient,-12.03125,2,2token,not_valid_noun
hammers,cooking Ut,-12.03125,2,2token,not_valid_noun
hammers,and Complete,-12.0390625,2,2token,not_valid_noun
hammers,of instrument,-12.046875,2,2token,not_valid_noun
hammers,", and",-12.046875,2,2token,not_valid_noun
hammers,", too",-12.046875,2,2token,not_valid_noun
hammers,free,-12.0625,1,single_token,incomplete_phrase
hammers,uses,-12.0625,1,single_token,not_valid_noun
hammers,\_,-12.0625,1,single_token,not_valid_noun
hammers,arte,-12.0625,1,single_token,not_valid_noun
hammers,desk,-12.0625,1,single_token,incomplete_phrase
hammers,electronic,-12.0625,1,single_token,not_valid_noun
hammers,wind,-12.0625,1,single_token,incomplete_phrase
hammers,Instr,-12.0625,1,single_token,not_valid_noun
hammers,op,-12.0625,1,single_token,not_valid_noun
hammers,weapon complete,-12.0625,2,2token,not_valid_noun
hammers,???,-12.0625,1,single_token,not_valid_noun
hammers,very,-12.0625,1,single_token,not_valid_noun
hammers,____ ____,-12.0625,2,2token,not_valid_noun
hammers,weight Complete,-12.0625,2,2token,not_valid_noun
hammers,___,-12.0625,2,2token,not_valid_noun
hammers,sewing,-12.0625,1,single_token,incomplete_phrase
hammers,( ),-12.0625,2,2token,not_valid_noun
hammers,… Continue,-12.0625,2,2token,not_valid_noun
hammers,… The,-12.0625,2,2token,not_valid_noun
hammers,instrument _____,-12.078125,2,2token,not_valid_noun
hammers,instrument -,-12.078125,2,2token,not_valid_noun
hammers,________ (,-12.09375,2,2token,not_valid_noun
hammers,hammer (,-12.09375,2,2token,not_valid_noun
hammers,______ _______,-12.09375,2,2token,not_valid_noun
hammers,object that,-12.09375,2,2token,incomplete_phrase
hammers,________ tool,-12.09375,2,2token,not_valid_noun
hammers,example,-12.125,1,single_token,not_valid_noun
hammers,metal and,-12.125,2,2token,incomplete_phrase
hammers,--------------,-12.125,1,single_token,not_valid_noun
hammers,hand,-12.125,2,2token,incomplete_phrase
hammers,. hammers,-12.125,2,2token,not_valid_noun
hammers,. Find,-12.125,2,2token,not_valid_noun
hammers,. instrument,-12.125,2,2token,not_valid_noun
hammers,a thing,-12.125,2,2token,not_valid_noun
hammers,a .,-12.125,2,2token,not_valid_noun
hammers,... Fill,-12.125,2,2token,not_valid_noun
hammers,_____ tools,-12.125,2,2token,not_valid_noun
hammers,material for,-12.125,2,2token,incomplete_phrase
hammers,material .,-12.125,2,2token,not_valid_noun
hammers,building ________,-12.125,2,2token,not_valid_noun
hammers,_____ ______,-12.125,2,2token,not_valid_noun
hammers,building ...,-12.125,2,2token,not_valid_noun
hammers,device used,-12.125,2,2token,incomplete_phrase
hammers,that are,-12.125,2,2token,incomplete_phrase
hammers,that can,-12.125,2,2token,incomplete_phrase
hammers,tools Write,-12.140625,2,2token,incomplete_phrase
hammers,tools ____________,-12.140625,2,2token,not_valid_noun
hammers,word processing,-12.1484375,2,2token,incomplete_phrase
hammers,construction (,-12.15625,2,2token,not_valid_noun
hammers,.... a,-12.15625,2,2token,not_valid_noun
hammers,", ,",-12.171875,2,2token,not_valid_noun
hammers,What kind,-12.171875,2,2token,not_valid_noun
hammers,,-12.1875,1,single_token,not_valid_noun
hammers,hw,-12.1875,1,single_token,not_valid_noun
hammers,ma,-12.1875,1,single_token,not_valid_noun
hammers,practical,-12.1875,1,single_token,not_valid_noun
hammers,electric,-12.1875,1,single_token,incomplete_phrase
hammers,po,-12.1875,1,single_token,not_valid_noun
hammers,!,-12.1875,1,single_token,not_valid_noun
hammers,inst,-12.1875,1,single_token,not_valid_noun
hammers,(),-12.1875,1,single_token,not_valid_noun
hammers,machining,-12.1875,1,single_token,not_valid_noun
hammers,manufactured,-12.1875,1,single_token,not_valid_noun
hammers,instrument Answer,-12.203125,2,2token,not_valid_noun
hammers,instrument .....,-12.203125,2,2token,not_valid_noun
hammers,..... .,-12.203125,2,2token,not_valid_noun
hammers,A B,-12.203125,2,2token,not_valid_noun
hammers,instrument _,-12.203125,2,2token,not_valid_noun
hammers,instrument Read,-12.203125,2,2token,not_valid_noun
hammers,instrument with,-12.203125,2,2token,incomplete_phrase
hammers,/ tool,-12.21875,2,2token,not_valid_noun
hammers,Instrument Complete,-12.21875,2,2token,not_valid_noun
hammers,made from,-12.21875,2,2token,not_valid_noun
hammers,house repairing,-12.21875,2,2token,incomplete_phrase
hammers,_______ ________,-12.21875,2,2token,not_valid_noun
hammers,......... .,-12.234375,2,2token,not_valid_noun
hammers,\,-12.25,1,single_token,not_valid_noun
hammers,... .,-12.25,2,2token,not_valid_noun
hammers,_____ _______,-12.25,2,2token,not_valid_noun
hammers,... The,-12.25,2,2token,not_valid_noun
hammers,. Read,-12.25,2,2token,not_valid_noun
hammers,metal Working,-12.25,2,2token,incomplete_phrase
hammers,metal ________,-12.25,2,2token,not_valid_noun
hammers,,-12.25,1,single_token,not_valid_noun
hammers,devices,-12.25,1,single_token,not_valid_noun
hammers,a utens,-12.25,2,2token,not_valid_noun
hammers,_____ A,-12.25,2,2token,not_valid_noun
hammers,forge,-12.25,1,single_token,incomplete_phrase
hammers,[...],-12.25,1,single_token,not_valid_noun
hammers,-------,-12.25,1,single_token,not_valid_noun
hammers,.(,-12.25,1,single_token,not_valid_noun
hammers,a Tool,-12.25,2,2token,not_valid_noun
hammers,().,-12.25,1,single_token,not_valid_noun
hammers,fa,-12.25,1,single_token,not_valid_noun
hammers,x,-12.25,1,single_token,not_valid_noun
hammers,pri,-12.25,1,single_token,not_valid_noun
hammers,metal workers,-12.25,2,2token,incomplete_phrase
hammers,. Correct,-12.25,2,2token,not_valid_noun
hammers,. Tool,-12.25,2,2token,not_valid_noun
hammers,this kind,-12.265625,2,2token,incomplete_phrase
hammers,"tools ,",-12.265625,2,2token,not_valid_noun
hammers,tools What,-12.265625,2,2token,incomplete_phrase
hammers,: tool,-12.265625,2,2token,not_valid_noun
hammers,tools Used,-12.265625,2,2token,incomplete_phrase
hammers,__ .,-12.265625,2,2token,not_valid_noun
hammers,construction ____,-12.28125,2,2token,not_valid_noun
hammers,small metal,-12.28125,2,2token,incomplete_phrase
hammers,------------ Complete,-12.28125,2,2token,not_valid_noun
hammers,craft .,-12.28125,2,2token,not_valid_noun
hammers,? A,-12.28125,2,2token,not_valid_noun
hammers,", complete",-12.296875,2,2token,not_valid_noun
hammers,of metal,-12.296875,2,2token,not_valid_noun
hammers,…. A,-12.296875,2,2token,not_valid_noun
hammers,workman,-12.3125,1,single_token,incomplete_phrase
hammers,___ (,-12.3125,2,2token,not_valid_noun
hammers,… a,-12.3125,2,2token,not_valid_noun
hammers,kitchen Ut,-12.3125,2,2token,not_valid_noun
hammers,,-12.3125,1,single_token,not_valid_noun
hammers,machines .,-12.3125,2,2token,not_valid_noun
hammers,on,-12.3125,1,single_token,not_valid_noun
hammers,so,-12.3125,1,single_token,not_valid_noun
hammers,uti,-12.3125,1,single_token,not_valid_noun
hammers,kinds,-12.3125,1,single_token,not_valid_noun
hammers,machine that,-12.3125,2,2token,incomplete_phrase
hammers,bread,-12.3125,1,single_token,not_valid_noun
hammers,used in,-12.328125,2,2token,not_valid_noun
hammers,- -,-12.328125,2,2token,not_valid_noun
hammers,instrument :,-12.328125,2,2token,not_valid_noun
hammers,instrument ….,-12.328125,2,2token,not_valid_noun
hammers,. This,-12.375,2,2token,not_valid_noun
hammers,building ____,-12.375,2,2token,not_valid_noun
hammers,device that,-12.375,2,2token,incomplete_phrase
hammers,device to,-12.375,2,2token,not_valid_noun
hammers,building _______,-12.375,2,2token,not_valid_noun
hammers,... complete,-12.375,2,2token,not_valid_noun
hammers,a _______,-12.375,2,2token,not_valid_noun
hammers,what kind,-12.375,2,2token,not_valid_noun
hammers,_____ ...,-12.375,2,2token,not_valid_noun
hammers,a ______,-12.375,2,2token,not_valid_noun
hammers,a piece,-12.375,2,2token,not_valid_noun
hammers,a kitchen,-12.375,2,2token,not_valid_noun
hammers,a musical,-12.375,2,2token,not_valid_noun
hammers,. We,-12.375,2,2token,not_valid_noun
hammers,. metal,-12.375,2,2token,not_valid_noun
hammers,. ________,-12.375,2,2token,not_valid_noun
hammers,building construction,-12.375,2,2token,incomplete_phrase
hammers,metal _______,-12.375,2,2token,not_valid_noun
hammers,............... .,-12.375,2,2token,not_valid_noun
hammers,metal ....,-12.375,2,2token,not_valid_noun
hammers,,-12.375,1,single_token,not_valid_noun
hammers,tooling,-12.375,1,single_token,not_valid_noun
hammers,outdoor,-12.375,1,single_token,incomplete_phrase
hammers,fixed,-12.375,1,single_token,not_valid_noun
hammers,old,-12.375,1,single_token,incomplete_phrase
hammers,field,-12.375,1,single_token,incomplete_phrase
hammers,with,-12.375,1,single_token,not_valid_noun
hammers,some,-12.375,1,single_token,incomplete_phrase
hammers,which is,-12.3828125,2,2token,not_valid_noun
hammers,_ Tools,-12.40625,2,2token,not_valid_noun
hammers,_ ...,-12.40625,2,2token,not_valid_noun
hammers,_ a,-12.40625,2,2token,not_valid_noun
hammers,.... (,-12.40625,2,2token,not_valid_noun
hammers,.... Fill,-12.40625,2,2token,not_valid_noun
hammers,household utens,-12.40625,2,2token,incomplete_phrase
hammers,machinery .,-12.40625,2,2token,not_valid_noun
hammers,? ?,-12.40625,2,2token,not_valid_noun
hammers,built,-12.4375,1,single_token,not_valid_noun
hammers,car .,-12.4375,2,2token,not_valid_noun
hammers,repairing,-12.4375,1,single_token,not_valid_noun
hammers,werk,-12.4375,1,single_token,not_valid_noun
hammers,shaped,-12.4375,1,single_token,not_valid_noun
hammers,ind,-12.4375,1,single_token,incomplete_phrase
hammers,In,-12.4375,1,single_token,not_valid_noun
hammers,U,-12.4375,1,single_token,not_valid_noun
hammers,S,-12.4375,1,single_token,not_valid_noun
hammers,instrument /,-12.453125,2,2token,not_valid_noun
hammers,instrument [,-12.453125,2,2token,not_valid_noun
hammers,Instrument .,-12.46875,2,2token,not_valid_noun
hammers,house (,-12.46875,2,2token,not_valid_noun
hammers,_______ ______,-12.46875,2,2token,not_valid_noun
hammers,______ tools,-12.46875,2,2token,not_valid_noun
hammers,object (,-12.46875,2,2token,not_valid_noun
hammers,implement that,-12.46875,2,2token,incomplete_phrase
hammers,/ type,-12.46875,2,2token,not_valid_noun
hammers,/ are,-12.46875,2,2token,not_valid_noun
hammers,construction ______,-12.46875,2,2token,not_valid_noun
hammers,construction _______,-12.46875,2,2token,not_valid_noun
hammers,. You,-12.5,2,2token,not_valid_noun
hammers,. An,-12.5,2,2token,not_valid_noun
hammers,. Select,-12.5,2,2token,not_valid_noun
hammers,. equipment,-12.5,2,2token,not_valid_noun
hammers,. How,-12.5,2,2token,not_valid_noun
hammers,. There,-12.5,2,2token,not_valid_noun
hammers,nouns,-12.5,1,single_token,not_valid_noun
hammers,*.,-12.5,1,single_token,not_valid_noun
hammers,building ______,-12.5,2,2token,not_valid_noun
hammers,pair,-12.5,1,single_token,incomplete_phrase
hammers,round,-12.5,1,single_token,incomplete_phrase
hammers,Mac,-12.5,1,single_token,incomplete_phrase
hammers,. Identify,-12.5,2,2token,not_valid_noun
hammers,. Give,-12.5,2,2token,not_valid_noun
hammers,Tool complete,-12.5,2,2token,not_valid_noun
hammers,malle,-12.5,1,single_token,not_valid_noun
hammers,what ?,-12.5,2,2token,not_valid_noun
hammers,pointed,-12.5,1,single_token,not_valid_noun
hammers,mas,-12.5,1,single_token,incomplete_phrase
hammers,;,-12.5,1,single_token,not_valid_noun
hammers,many,-12.5,1,single_token,not_valid_noun
hammers,con,-12.5,1,single_token,incomplete_phrase
hammers,equip,-12.5,1,single_token,not_valid_noun
hammers,metallo,-12.5,1,single_token,not_valid_noun
hammers,□,-12.5,1,single_token,not_valid_noun
hammers,smith,-12.5,1,single_token,incomplete_phrase
hammers,wood .,-12.53125,2,2token,not_valid_noun
hammers,wood working,-12.53125,2,2token,incomplete_phrase
hammers,_ metal,-12.53125,2,2token,not_valid_noun
hammers,_ A,-12.53125,2,2token,not_valid_noun
hammers,cooking .,-12.53125,2,2token,not_valid_noun
hammers,.... What,-12.53125,2,2token,not_valid_noun
hammers,household .,-12.53125,2,2token,not_valid_noun
hammers,metal which,-12.53125,2,2token,incomplete_phrase
hammers,_ Fill,-12.53125,2,2token,not_valid_noun
hammers,_ ________,-12.53125,2,2token,not_valid_noun
hammers,_ ____,-12.53125,2,2token,not_valid_noun
hammers,_ _______,-12.53125,2,2token,not_valid_noun
hammers,of a,-12.546875,2,2token,not_valid_noun
hammers,kitchen,-12.5625,2,2token,incomplete_phrase
hammers,", which",-12.5625,2,2token,not_valid_noun
hammers,equipment (,-12.5625,2,2token,not_valid_noun
hammers,equipment in,-12.5625,2,2token,not_valid_noun
hammers,kitchen .,-12.5625,2,2token,not_valid_noun
hammers,____ _.,-12.5625,2,2token,not_valid_noun
hammers,we are,-12.5625,2,2token,not_valid_noun
hammers,car repair,-12.5625,2,2token,incomplete_phrase
hammers,.....,-12.5625,2,2token,not_valid_noun
hammers,,-12.5625,1,single_token,not_valid_noun
hammers,sp,-12.5625,1,single_token,not_valid_noun
hammers,machine to,-12.5625,2,2token,not_valid_noun
hammers,le,-12.5625,1,single_token,not_valid_noun
hammers,mal,-12.5625,1,single_token,incomplete_phrase
hammers,etc,-12.5625,1,single_token,not_valid_noun
hammers,cook,-12.5625,1,single_token,incomplete_phrase
hammers,For,-12.5625,1,single_token,not_valid_noun
hammers,fruits,-12.5625,1,single_token,not_valid_noun
hammers,weights,-12.5625,1,single_token,not_valid_noun
hammers,/.,-12.5625,1,single_token,not_valid_noun
hammers,---------------,-12.5625,1,single_token,not_valid_noun
hammers,instrument _________,-12.578125,2,2token,not_valid_noun
hammers,instrument made,-12.578125,2,2token,incomplete_phrase
hammers,instrument ..,-12.578125,2,2token,not_valid_noun
hammers,instrument ___________,-12.578125,2,2token,not_valid_noun
hammers,instrument …,-12.578125,2,2token,not_valid_noun
hammers,instrument COMPLETE,-12.578125,2,2token,not_valid_noun
hammers,_______ Fill,-12.59375,2,2token,not_valid_noun
hammers,"..., but",-12.59375,2,2token,not_valid_noun
hammers,house and,-12.59375,2,2token,incomplete_phrase
hammers,house maintenance,-12.59375,2,2token,incomplete_phrase
hammers,house -,-12.59375,2,2token,not_valid_noun
hammers,_________ Fill,-12.59375,2,2token,not_valid_noun
hammers,_______ A,-12.59375,2,2token,not_valid_noun
hammers,________ tools,-12.59375,2,2token,not_valid_noun
hammers,implement to,-12.59375,2,2token,not_valid_noun
hammers,A complete,-12.59375,2,2token,not_valid_noun
hammers,nut and,-12.609375,2,2token,incomplete_phrase
hammers,,-12.625,1,single_token,not_valid_noun
hammers,Tools,-12.625,2,2token,not_valid_noun
hammers,. Make,-12.625,2,2token,not_valid_noun
hammers,apple Complete,-12.625,2,2token,not_valid_noun
hammers,business,-12.625,1,single_token,incomplete_phrase
hammers,--,-12.625,1,single_token,not_valid_noun
hammers,^,-12.625,1,single_token,not_valid_noun
hammers,.,-12.625,2,2token,not_valid_noun
hammers,. If,-12.625,2,2token,not_valid_noun
hammers,two,-12.625,1,single_token,incomplete_phrase
hammers,,-12.625,1,single_token,not_valid_noun
hammers,"...""",-12.625,1,single_token,not_valid_noun
hammers,writing utens,-12.625,2,2token,incomplete_phrase
hammers,musical inst,-12.625,2,2token,incomplete_phrase
hammers,pries,-12.625,1,single_token,not_valid_noun
hammers,a ____,-12.625,2,2token,not_valid_noun
hammers,... Write,-12.625,2,2token,not_valid_noun
hammers,. Do,-12.625,2,2token,not_valid_noun
hammers,... fruit,-12.625,2,2token,not_valid_noun
hammers,... of,-12.625,2,2token,not_valid_noun
hammers,D,-12.625,1,single_token,not_valid_noun
hammers,a (,-12.625,2,2token,not_valid_noun
hammers,which are,-12.640625,2,2token,not_valid_noun
hammers,: a,-12.640625,2,2token,not_valid_noun
hammers,........ .,-12.640625,2,2token,not_valid_noun
hammers,furniture Complete,-12.65625,2,2token,not_valid_noun
hammers,_ __,-12.65625,2,2token,not_valid_noun
hammers,iron and,-12.65625,2,2token,incomplete_phrase
hammers,small hand,-12.65625,2,2token,incomplete_phrase
hammers,? complete,-12.65625,2,2token,not_valid_noun
hammers,.... The,-12.65625,2,2token,not_valid_noun
hammers,metal for,-12.65625,2,2token,incomplete_phrase
hammers,of .,-12.671875,2,2token,not_valid_noun
hammers,What do,-12.671875,2,2token,not_valid_noun
hammers,arm,-12.6875,1,single_token,incomplete_phrase
hammers,weapon ...,-12.6875,2,2token,not_valid_noun
hammers,lives,-12.6875,1,single_token,not_valid_noun
hammers,ho,-12.6875,1,single_token,not_valid_noun
hammers,modern,-12.6875,1,single_token,incomplete_phrase
hammers,It,-12.6875,1,single_token,not_valid_noun
hammers,-------------,-12.6875,1,single_token,not_valid_noun
hammers,like,-12.6875,1,single_token,incomplete_phrase
hammers,imp,-12.6875,1,single_token,incomplete_phrase
hammers,??,-12.6875,1,single_token,not_valid_noun
hammers,weapon or,-12.6875,2,2token,not_valid_noun
hammers,child,-12.6875,1,single_token,incomplete_phrase
hammers,fasten,-12.6875,1,single_token,not_valid_noun
hammers,——,-12.6875,1,single_token,not_valid_noun
hammers,portable,-12.6875,1,single_token,incomplete_phrase
hammers,$.,-12.6875,1,single_token,not_valid_noun
hammers,gym,-12.6875,1,single_token,incomplete_phrase
hammers,constructing,-12.6875,1,single_token,not_valid_noun
hammers,decorating,-12.6875,1,single_token,not_valid_noun
hammers,it,-12.6875,1,single_token,not_valid_noun
hammers,mathematical,-12.6875,1,single_token,not_valid_noun
hammers,w,-12.6875,1,single_token,not_valid_noun
hammers,kn,-12.6875,1,single_token,not_valid_noun
hammers,pointy,-12.6875,1,single_token,not_valid_noun
hammers,furn,-12.6875,1,single_token,not_valid_noun
hammers,inf,-12.6875,1,single_token,incomplete_phrase
hammers,non,-12.6875,1,single_token,not_valid_noun
hammers,How,-12.6875,1,single_token,not_valid_noun
hammers,the word,-12.6875,2,2token,not_valid_noun
hammers,cars,-12.6875,1,single_token,not_valid_noun
hammers,----------,-12.6875,1,single_token,not_valid_noun
hammers,Simple,-12.6875,1,single_token,incomplete_phrase
hammers,… (,-12.6875,2,2token,not_valid_noun
hammers,$,-12.6875,1,single_token,not_valid_noun
hammers,V,-12.6875,1,single_token,not_valid_noun
hammers,+,-12.6875,1,single_token,not_valid_noun
hammers,,-12.6875,1,single_token,not_valid_noun
hammers,..... A,-12.6875,2,2token,not_valid_noun
hammers,… ...,-12.6875,2,2token,not_valid_noun
hammers,fruit .,-12.6875,2,2token,not_valid_noun
hammers,machine used,-12.6875,2,2token,incomplete_phrase
hammers,mechan,-12.6875,1,single_token,not_valid_noun
hammers,safety,-12.6875,1,single_token,incomplete_phrase
hammers,… .,-12.6875,2,2token,not_valid_noun
hammers,….,-12.6875,2,2token,not_valid_noun
hammers,met,-12.6875,1,single_token,not_valid_noun
hammers,weapon that,-12.6875,2,2token,incomplete_phrase
hammers,dig,-12.6875,1,single_token,incomplete_phrase
hammers,broken,-12.6875,1,single_token,not_valid_noun
hammers,than,-12.6875,1,single_token,not_valid_noun
hammers,•,-12.6875,1,single_token,not_valid_noun
hammers,object used,-12.71875,2,2token,incomplete_phrase
hammers,________ _.,-12.71875,2,2token,not_valid_noun
hammers,________ ________,-12.71875,2,2token,not_valid_noun
hammers,house ________,-12.71875,2,2token,not_valid_noun
hammers,________,-12.71875,2,2token,not_valid_noun
hammers,thing to,-12.71875,2,2token,not_valid_noun
hammers,construction …,-12.71875,2,2token,not_valid_noun
hammers,house cleaning,-12.71875,2,2token,incomplete_phrase
hammers,vegetable Complete,-12.71875,2,2token,not_valid_noun
hammers,_________ tools,-12.71875,2,2token,not_valid_noun
hammers,____________ (,-12.71875,2,2token,not_valid_noun
hammers,construction site,-12.71875,2,2token,incomplete_phrase
hammers,... Answer,-12.75,2,2token,not_valid_noun
hammers,I Complete,-12.75,2,2token,not_valid_noun
hammers,building _____,-12.75,2,2token,not_valid_noun
hammers,ingredient,-12.75,1,single_token,not_valid_noun
hammers,useless,-12.75,1,single_token,not_valid_noun
hammers,al,-12.75,1,single_token,not_valid_noun
hammers,_____ ________,-12.75,2,2token,not_valid_noun
hammers,_____ complete,-12.75,2,2token,not_valid_noun
hammers,_____ a,-12.75,2,2token,not_valid_noun
hammers,a device,-12.75,2,2token,not_valid_noun
hammers,... Show,-12.75,2,2token,not_valid_noun
hammers,... Find,-12.75,2,2token,not_valid_noun
hammers,... In,-12.75,2,2token,not_valid_noun
hammers,technological,-12.75,1,single_token,not_valid_noun
hammers,. Draw,-12.75,2,2token,not_valid_noun
hammers,. Compare,-12.75,2,2token,not_valid_noun
hammers,appliance .,-12.75,2,2token,not_valid_noun
hammers,am,-12.75,1,single_token,not_valid_noun
hammers,Kitchen,-12.75,1,single_token,incomplete_phrase
hammers,not,-12.75,1,single_token,not_valid_noun
hammers,lo,-12.75,1,single_token,not_valid_noun
hammers,. ?,-12.75,2,2token,not_valid_noun
hammers,head,-12.75,1,single_token,incomplete_phrase
hammers,bi,-12.75,1,single_token,not_valid_noun
hammers,pe,-12.75,1,single_token,not_valid_noun
hammers,.... Write,-12.78125,2,2token,not_valid_noun
hammers,cooking,-12.78125,2,2token,incomplete_phrase
hammers,.... ?,-12.78125,2,2token,not_valid_noun
hammers,? (,-12.78125,2,2token,not_valid_noun
hammers,? tool,-12.78125,2,2token,not_valid_noun
hammers,iron (,-12.78125,2,2token,not_valid_noun
hammers,metal -,-12.78125,2,2token,not_valid_noun
hammers,metal in,-12.78125,2,2token,not_valid_noun
hammers,metal ______,-12.78125,2,2token,not_valid_noun
hammers,hou,-12.8125,1,single_token,not_valid_noun
hammers,weapon for,-12.8125,2,2token,incomplete_phrase
hammers,equipment that,-12.8125,2,2token,incomplete_phrase
hammers,[ ].,-12.8125,2,2token,not_valid_noun
hammers,things that,-12.8125,2,2token,incomplete_phrase
hammers,those,-12.8125,1,single_token,not_valid_noun
hammers,such,-12.8125,1,single_token,not_valid_noun
hammers,four,-12.8125,1,single_token,incomplete_phrase
hammers,pr,-12.8125,1,single_token,not_valid_noun
hammers,|,-12.8125,1,single_token,not_valid_noun
hammers,but,-12.8125,1,single_token,not_valid_noun
hammers,", tools",-12.8125,2,2token,not_valid_noun
hammers,implements .,-12.8125,2,2token,not_valid_noun
hammers,obj,-12.8125,1,single_token,not_valid_noun
hammers,machine complete,-12.8125,2,2token,not_valid_noun
hammers,machine ...,-12.8125,2,2token,not_valid_noun
hammers,homes,-12.8125,1,single_token,not_valid_noun
hammers,invent,-12.8125,1,single_token,not_valid_noun
hammers,sth,-12.8125,1,single_token,not_valid_noun
hammers,baking,-12.8125,1,single_token,incomplete_phrase
hammers,plural,-12.8125,1,single_token,incomplete_phrase
hammers,lifting,-12.8125,1,single_token,not_valid_noun
hammers,sort,-12.8125,1,single_token,incomplete_phrase
hammers,jewellery,-12.8125,1,single_token,not_valid_noun
hammers,garage,-12.8125,1,single_token,incomplete_phrase
hammers,- tool,-12.828125,2,2token,not_valid_noun
hammers,instrument A,-12.828125,2,2token,not_valid_noun
hammers,........... .,-12.828125,2,2token,not_valid_noun
hammers,instrument The,-12.828125,2,2token,incomplete_phrase
hammers,instrument is,-12.828125,2,2token,not_valid_noun
hammers,instrument Use,-12.828125,2,2token,incomplete_phrase
hammers,instrument Fill,-12.828125,2,2token,not_valid_noun
hammers,instrument called,-12.828125,2,2token,incomplete_phrase
hammers,instrument ____________,-12.828125,2,2token,not_valid_noun
hammers,______ ________,-12.84375,2,2token,not_valid_noun
hammers,game Complete,-12.84375,2,2token,not_valid_noun
hammers,______ Fill,-12.84375,2,2token,not_valid_noun
hammers,…… .,-12.84375,2,2token,not_valid_noun
hammers,implement or,-12.84375,2,2token,not_valid_noun
hammers,construction equip,-12.84375,2,2token,incomplete_phrase
hammers,____________,-12.84375,2,2token,not_valid_noun
hammers,construction ....,-12.84375,2,2token,not_valid_noun
hammers,construction _____,-12.84375,2,2token,not_valid_noun
hammers,_________ ________,-12.84375,2,2token,not_valid_noun
hammers,animal Complete,-12.859375,2,2token,not_valid_noun
hammers,knife Complete,-12.859375,2,2token,not_valid_noun
hammers,_____ What,-12.875,2,2token,not_valid_noun
hammers,building (,-12.875,2,2token,not_valid_noun
hammers,WHAT,-12.875,1,single_token,not_valid_noun
hammers,... Use,-12.875,2,2token,not_valid_noun
hammers,__________ Fill,-12.875,2,2token,not_valid_noun
hammers,natural,-12.875,1,single_token,incomplete_phrase
hammers,... You,-12.875,2,2token,not_valid_noun
hammers,.............. .,-12.875,2,2token,not_valid_noun
hammers,... Match,-12.875,2,2token,not_valid_noun
hammers,. the,-12.875,2,2token,not_valid_noun
hammers,building …,-12.875,2,2token,not_valid_noun
hammers,y,-12.875,1,single_token,not_valid_noun
hammers,multi,-12.875,1,single_token,not_valid_noun
hammers,doors,-12.875,1,single_token,not_valid_noun
hammers,shapes,-12.875,1,single_token,not_valid_noun
hammers,lat,-12.875,1,single_token,incomplete_phrase
hammers,load,-12.875,1,single_token,incomplete_phrase
hammers,objec,-12.875,1,single_token,not_valid_noun
hammers,articles,-12.875,1,single_token,not_valid_noun
hammers,what is,-12.875,2,2token,not_valid_noun
hammers,because,-12.875,1,single_token,not_valid_noun
hammers,cut,-12.875,1,single_token,incomplete_phrase
hammers,'.,-12.875,1,single_token,not_valid_noun
hammers,(...),-12.875,1,single_token,not_valid_noun
hammers,li,-12.875,1,single_token,not_valid_noun
hammers,_____ ....,-12.875,2,2token,not_valid_noun
hammers,__________ tools,-12.875,2,2token,not_valid_noun
hammers,this is,-12.890625,2,2token,not_valid_noun
hammers,cooking utensi,-12.90625,2,2token,incomplete_phrase
hammers,and a,-12.90625,2,2token,not_valid_noun
hammers,_ Choose,-12.90625,2,2token,not_valid_noun
hammers,vehicle Complete,-12.90625,2,2token,not_valid_noun
hammers,.... Choose,-12.90625,2,2token,not_valid_noun
hammers,? a,-12.90625,2,2token,not_valid_noun
hammers,? What,-12.90625,2,2token,not_valid_noun
hammers,? Fill,-12.90625,2,2token,not_valid_noun
hammers,metal [,-12.90625,2,2token,not_valid_noun
hammers,------------ .,-12.90625,2,2token,not_valid_noun
hammers,metal to,-12.90625,2,2token,not_valid_noun
hammers,What does,-12.921875,2,2token,not_valid_noun
hammers,manu,-12.9375,1,single_token,not_valid_noun
hammers,verbs,-12.9375,1,single_token,not_valid_noun
hammers,mea,-12.9375,1,single_token,not_valid_noun
hammers,k,-12.9375,1,single_token,not_valid_noun
hammers,fi,-12.9375,1,single_token,not_valid_noun
hammers,............. .,-12.9375,2,2token,not_valid_noun
hammers,weapon ....,-12.9375,2,2token,not_valid_noun
hammers,weapon to,-12.9375,2,2token,not_valid_noun
hammers,measurements,-12.9375,1,single_token,not_valid_noun
hammers,___ ____,-12.9375,2,2token,not_valid_noun
hammers,helping,-12.9375,1,single_token,incomplete_phrase
hammers,necessary,-12.9375,1,single_token,incomplete_phrase
hammers,… Fill,-12.9375,2,2token,not_valid_noun
hammers,equipment to,-12.9375,2,2token,not_valid_noun
hammers,… Answer,-12.9375,2,2token,not_valid_noun
hammers,…. The,-12.9375,2,2token,not_valid_noun
hammers,… In,-12.9375,2,2token,not_valid_noun
hammers,…. What,-12.9375,2,2token,not_valid_noun
hammers,machine or,-12.9375,2,2token,not_valid_noun
hammers,),-12.9375,1,single_token,not_valid_noun
hammers,party,-12.9375,1,single_token,incomplete_phrase
hammers,implements Complete,-12.9375,2,2token,not_valid_noun
hammers,na,-12.9375,1,single_token,not_valid_noun
hammers,(,-12.9375,2,2token,not_valid_noun
hammers,j,-12.9375,1,single_token,not_valid_noun
hammers,____ (,-12.9375,2,2token,not_valid_noun
hammers,____ tool,-12.9375,2,2token,not_valid_noun
hammers,-,-12.953125,2,2token,not_valid_noun
hammers,instrument _.,-12.953125,2,2token,not_valid_noun
hammers,instrument by,-12.953125,2,2token,not_valid_noun
hammers,_______ instrument,-12.96875,2,2token,not_valid_noun
hammers,....... .,-12.96875,2,2token,not_valid_noun
hammers,thing .,-12.96875,2,2token,not_valid_noun
hammers,instruments,-12.96875,2,2token,not_valid_noun
hammers,sharp metal,-12.96875,2,2token,incomplete_phrase
hammers,construction mach,-12.96875,2,2token,incomplete_phrase
hammers,house holding,-12.96875,2,2token,incomplete_phrase
hammers,______ ____,-12.96875,2,2token,not_valid_noun
hammers,pliers Complete,-12.96875,2,2token,not_valid_noun
hammers,house decorating,-12.96875,2,2token,not_valid_noun
hammers,ad,-13.0,1,single_token,not_valid_noun
hammers,hand ________,-13.0,2,2token,not_valid_noun
hammers,being,-13.0,1,single_token,not_valid_noun
hammers,fixing,-13.0,1,single_token,incomplete_phrase
hammers,a _,-13.0,2,2token,not_valid_noun
hammers,device .,-13.0,2,2token,not_valid_noun
hammers,precision,-13.0,1,single_token,incomplete_phrase
hammers,kl,-13.0,1,single_token,not_valid_noun
hammers,_____ Tools,-13.0,2,2token,not_valid_noun
hammers,what .,-13.0,2,2token,not_valid_noun
hammers,Tool ...,-13.0,2,2token,not_valid_noun
hammers,loud,-13.0,1,single_token,not_valid_noun
hammers,there,-13.0,1,single_token,incomplete_phrase
hammers,contra,-13.0,1,single_token,incomplete_phrase
hammers,production,-13.0,1,single_token,incomplete_phrase
hammers,ful,-13.0,1,single_token,not_valid_noun
hammers,... is,-13.0,2,2token,not_valid_noun
hammers,→,-13.0,1,single_token,not_valid_noun
hammers,__________ ________,-13.0,2,2token,not_valid_noun
hammers,mechanical .,-13.0,2,2token,not_valid_noun
hammers,Werkzeug (,-13.015625,2,2token,not_valid_noun
hammers,Werkzeug Complete,-13.015625,2,2token,not_valid_noun
hammers,:,-13.015625,2,2token,not_valid_noun
hammers,metal Answer,-13.03125,2,2token,not_valid_noun
hammers,_ ______,-13.03125,2,2token,not_valid_noun
hammers,iron Article,-13.03125,2,2token,incomplete_phrase
hammers,metal A,-13.03125,2,2token,not_valid_noun
hammers,.... tool,-13.03125,2,2token,not_valid_noun
hammers,metal workshop,-13.03125,2,2token,incomplete_phrase
hammers,metal complete,-13.03125,2,2token,not_valid_noun
hammers,.... ...,-13.03125,2,2token,not_valid_noun
hammers,? The,-13.03125,2,2token,not_valid_noun
hammers,.... Read,-13.03125,2,2token,not_valid_noun
hammers,___ tools,-13.0625,2,2token,not_valid_noun
hammers,chisel Complete,-13.0625,2,2token,not_valid_noun
hammers,la,-13.0625,1,single_token,not_valid_noun
hammers,all,-13.0625,1,single_token,not_valid_noun
hammers,any,-13.0625,1,single_token,incomplete_phrase
hammers,fe,-13.0625,1,single_token,not_valid_noun
hammers,wield,-13.0625,1,single_token,not_valid_noun
hammers,building and,-13.0625,2,2token,incomplete_phrase
hammers,the kitchen,-13.0625,2,2token,not_valid_noun
hammers,folk,-13.0625,1,single_token,incomplete_phrase
hammers,… Fruit,-13.0625,2,2token,not_valid_noun
hammers,… fruit,-13.0625,2,2token,not_valid_noun
hammers,string,-13.0625,1,single_token,incomplete_phrase
hammers,‘,-13.0625,1,single_token,not_valid_noun
hammers,sta,-13.0625,1,single_token,not_valid_noun
hammers,equ,-13.0625,1,single_token,not_valid_noun
hammers,powerful,-13.0625,1,single_token,not_valid_noun
hammers,male,-13.0625,1,single_token,incomplete_phrase
hammers,geometric,-13.0625,1,single_token,not_valid_noun
hammers,?????,-13.0625,1,single_token,not_valid_noun
hammers,maths,-13.0625,1,single_token,not_valid_noun
hammers,versatile,-13.0625,1,single_token,not_valid_noun
hammers,_. A,-13.0625,2,2token,not_valid_noun
hammers,machine ....,-13.0625,2,2token,not_valid_noun
hammers,..... a,-13.0625,2,2token,not_valid_noun
hammers,", they",-13.0625,2,2token,not_valid_noun
hammers,____________ tool,-13.09375,2,2token,not_valid_noun
hammers,instruments for,-13.09375,2,2token,incomplete_phrase
hammers,_________ _________,-13.09375,2,2token,not_valid_noun
hammers,sport .,-13.09375,2,2token,not_valid_noun
hammers,……,-13.09375,2,2token,not_valid_noun
hammers,_______ ____,-13.09375,2,2token,not_valid_noun
hammers,______ _____,-13.09375,2,2token,not_valid_noun
hammers,______ instrument,-13.09375,2,2token,not_valid_noun
hammers,construction _,-13.09375,2,2token,not_valid_noun
hammers,construction and,-13.09375,2,2token,incomplete_phrase
hammers,hunting,-13.125,1,single_token,incomplete_phrase
hammers,primitive,-13.125,1,single_token,incomplete_phrase
hammers,[…],-13.125,1,single_token,not_valid_noun
hammers,Musical,-13.125,1,single_token,incomplete_phrase
hammers,a ...,-13.125,2,2token,not_valid_noun
hammers,a carpenter,-13.125,2,2token,not_valid_noun
hammers,a cooking,-13.125,2,2token,not_valid_noun
hammers,what you,-13.125,2,2token,not_valid_noun
hammers,musical intr,-13.125,2,2token,incomplete_phrase
hammers,noun Complete,-13.125,2,2token,not_valid_noun
hammers,... more,-13.125,2,2token,not_valid_noun
hammers,... I,-13.125,2,2token,not_valid_noun
hammers,... Choose,-13.125,2,2token,not_valid_noun
hammers,... Which,-13.125,2,2token,not_valid_noun
hammers,... tool,-13.125,2,2token,not_valid_noun
hammers,... ?,-13.125,2,2token,not_valid_noun
hammers,digging,-13.125,1,single_token,incomplete_phrase
hammers,manipulative,-13.125,1,single_token,not_valid_noun
hammers,I tool,-13.125,2,2token,not_valid_noun
hammers,material (,-13.125,2,2token,not_valid_noun
hammers,names,-13.125,1,single_token,not_valid_noun
hammers,Fe,-13.125,1,single_token,not_valid_noun
hammers,what we,-13.125,2,2token,not_valid_noun
hammers,You,-13.125,1,single_token,not_valid_noun
hammers,material that,-13.125,2,2token,incomplete_phrase
hammers,device Complete,-13.125,2,2token,not_valid_noun
hammers,nail (,-13.125,2,2token,not_valid_noun
hammers,: .,-13.140625,2,2token,not_valid_noun
hammers,which tool,-13.140625,2,2token,not_valid_noun
hammers,Werkzeug .,-13.140625,2,2token,not_valid_noun
hammers,.... complete,-13.15625,2,2token,not_valid_noun
hammers,toy .,-13.15625,2,2token,not_valid_noun
hammers,metal http,-13.15625,2,2token,incomplete_phrase
hammers,metal ____,-13.15625,2,2token,not_valid_noun
hammers,weapon used,-13.15625,2,2token,incomplete_phrase
hammers,furniture .,-13.15625,2,2token,not_valid_noun
hammers,metal _,-13.15625,2,2token,not_valid_noun
hammers,weapon of,-13.15625,2,2token,not_valid_noun
hammers,weapon and,-13.15625,2,2token,incomplete_phrase
hammers,_ Answer,-13.15625,2,2token,not_valid_noun
hammers,_ Instrument,-13.15625,2,2token,not_valid_noun
hammers,household ________,-13.15625,2,2token,not_valid_noun
hammers,weapon in,-13.15625,2,2token,not_valid_noun
hammers,iron or,-13.15625,2,2token,not_valid_noun
hammers,an tool,-13.171875,2,2token,not_valid_noun
hammers,hand held,-13.1875,2,2token,incomplete_phrase
hammers,Car,-13.1875,1,single_token,incomplete_phrase
hammers,,-13.1875,1,single_token,not_valid_noun
hammers,her,-13.1875,1,single_token,not_valid_noun
hammers,kitchen utensi,-13.1875,2,2token,incomplete_phrase
hammers,___ ___,-13.1875,2,2token,not_valid_noun
hammers,home .,-13.1875,2,2token,not_valid_noun
hammers,", the",-13.1875,2,2token,not_valid_noun
hammers,… Find,-13.1875,2,2token,not_valid_noun
hammers,kitchen ut,-13.1875,2,2token,not_valid_noun
hammers,… …,-13.1875,2,2token,not_valid_noun
hammers,Hew,-13.1875,1,single_token,incomplete_phrase
hammers,_.,-13.1875,2,2token,not_valid_noun
hammers,_. Fill,-13.1875,2,2token,not_valid_noun
hammers,,-13.1875,1,single_token,not_valid_noun
hammers,…. Fill,-13.1875,2,2token,not_valid_noun
hammers,He,-13.1875,1,single_token,not_valid_noun
hammers,…. a,-13.1875,2,2token,not_valid_noun
hammers,… More,-13.1875,2,2token,not_valid_noun
hammers,¬,-13.1875,1,single_token,not_valid_noun
hammers,-----------,-13.1875,1,single_token,not_valid_noun
hammers,pro,-13.1875,1,single_token,incomplete_phrase
hammers,_. What,-13.1875,2,2token,not_valid_noun
hammers,O,-13.1875,1,single_token,not_valid_noun
hammers,… Tools,-13.1875,2,2token,not_valid_noun
hammers,( instrument,-13.1875,2,2token,not_valid_noun
hammers,weight lifting,-13.1875,2,2token,not_valid_noun
hammers,ana,-13.1875,1,single_token,incomplete_phrase
hammers,daily,-13.1875,1,single_token,incomplete_phrase
hammers,kitchen ________,-13.1875,2,2token,not_valid_noun
hammers,",",-13.1875,2,2token,not_valid_noun
hammers,ut,-13.1875,1,single_token,not_valid_noun
hammers,pun,-13.1875,1,single_token,incomplete_phrase
hammers,pointing,-13.1875,1,single_token,not_valid_noun
hammers,instrument you,-13.203125,2,2token,incomplete_phrase
hammers,A,-13.21875,2,2token,not_valid_noun
hammers,.......,-13.21875,2,2token,not_valid_noun
hammers,"..., a",-13.21875,2,2token,not_valid_noun
hammers,A metal,-13.21875,2,2token,not_valid_noun
hammers,object to,-13.21875,2,2token,not_valid_noun
hammers,______ A,-13.21875,2,2token,not_valid_noun
hammers,made by,-13.21875,2,2token,not_valid_noun
hammers,_______ Choose,-13.21875,2,2token,not_valid_noun
hammers,_______ _____,-13.21875,2,2token,not_valid_noun
hammers,_______ a,-13.21875,2,2token,not_valid_noun
hammers,hammer complete,-13.21875,2,2token,not_valid_noun
hammers,…… Fill,-13.21875,2,2token,not_valid_noun
hammers,_________ _______,-13.21875,2,2token,not_valid_noun
hammers,___________ (,-13.21875,2,2token,not_valid_noun
hammers,_________ A,-13.21875,2,2token,not_valid_noun
hammers,____________ _.,-13.21875,2,2token,not_valid_noun
hammers,.........,-13.234375,2,2token,not_valid_noun
hammers,aid,-13.25,1,single_token,not_valid_noun
hammers,shops,-13.25,1,single_token,not_valid_noun
hammers,[].,-13.25,1,single_token,not_valid_noun
hammers,as,-13.25,1,single_token,not_valid_noun
hammers,un,-13.25,1,single_token,not_valid_noun
hammers,every,-13.25,1,single_token,incomplete_phrase
hammers,vi,-13.25,1,single_token,not_valid_noun
hammers,bad,-13.25,1,single_token,incomplete_phrase
hammers,>,-13.25,1,single_token,not_valid_noun
hammers,ob,-13.25,1,single_token,not_valid_noun
hammers,engin,-13.25,1,single_token,not_valid_noun
hammers,parts,-13.25,1,single_token,not_valid_noun
hammers,that we,-13.25,2,2token,not_valid_noun
hammers,Tool ________,-13.25,2,2token,not_valid_noun
hammers,... Select,-13.25,2,2token,not_valid_noun
hammers,... See,-13.25,2,2token,not_valid_noun
hammers,_____ Choose,-13.25,2,2token,not_valid_noun
hammers,_____ The,-13.25,2,2token,not_valid_noun
hammers,... An,-13.25,2,2token,not_valid_noun
hammers,util,-13.25,1,single_token,not_valid_noun
hammers,destructive,-13.25,1,single_token,not_valid_noun
hammers,Cooking,-13.25,1,single_token,incomplete_phrase
hammers,forged,-13.25,1,single_token,not_valid_noun
hammers,melee,-13.25,1,single_token,incomplete_phrase
hammers,workmen,-13.25,1,single_token,not_valid_noun
hammers,buil,-13.25,1,single_token,not_valid_noun
hammers,famous,-13.25,1,single_token,not_valid_noun
hammers,machin,-13.25,1,single_token,incomplete_phrase
hammers,musical instr,-13.25,2,2token,incomplete_phrase
hammers,((,-13.25,1,single_token,not_valid_noun
hammers,athletic,-13.25,1,single_token,not_valid_noun
hammers,a mechanical,-13.25,2,2token,not_valid_noun
hammers,handmade,-13.25,1,single_token,not_valid_noun
hammers,""".",-13.25,1,single_token,not_valid_noun
hammers,keys,-13.25,1,single_token,not_valid_noun
hammers,_ ?,-13.28125,2,2token,not_valid_noun
hammers,_ -,-13.28125,2,2token,not_valid_noun
hammers,_ What,-13.28125,2,2token,not_valid_noun
hammers,weapon ________,-13.28125,2,2token,not_valid_noun
hammers,.... Answer,-13.28125,2,2token,not_valid_noun
hammers,? Correct,-13.28125,2,2token,not_valid_noun
hammers,kind Complete,-13.28125,2,2token,not_valid_noun
hammers,_ hammer,-13.28125,2,2token,not_valid_noun
hammers,.... tools,-13.28125,2,2token,not_valid_noun
hammers,? Choose,-13.28125,2,2token,not_valid_noun
hammers,weapon _______,-13.28125,2,2token,not_valid_noun
hammers,SI,-13.3125,1,single_token,not_valid_noun
hammers,objet,-13.3125,1,single_token,not_valid_noun
hammers,INSTR,-13.3125,1,single_token,not_valid_noun
hammers,Home,-13.3125,1,single_token,incomplete_phrase
hammers,kitchen cooking,-13.3125,2,2token,incomplete_phrase
hammers,durable,-13.3125,1,single_token,not_valid_noun
hammers,ordinary,-13.3125,1,single_token,incomplete_phrase
hammers,building ....,-13.3125,2,2token,not_valid_noun
hammers,sie,-13.3125,1,single_token,incomplete_phrase
hammers,carving,-13.3125,1,single_token,incomplete_phrase
hammers,■,-13.3125,1,single_token,not_valid_noun
hammers,ax,-13.3125,1,single_token,not_valid_noun
hammers,cro,-13.3125,1,single_token,incomplete_phrase
hammers,..... (,-13.3125,2,2token,not_valid_noun
hammers,_. The,-13.3125,2,2token,not_valid_noun
hammers,building ma,-13.3125,2,2token,not_valid_noun
hammers,the same,-13.3125,2,2token,not_valid_noun
hammers,ve,-13.3125,1,single_token,not_valid_noun
hammers,qu,-13.3125,1,single_token,not_valid_noun
hammers,by,-13.3125,1,single_token,not_valid_noun
hammers,words,-13.3125,1,single_token,not_valid_noun
hammers,er,-13.3125,1,single_token,not_valid_noun
hammers,implements of,-13.3125,2,2token,not_valid_noun
hammers,ha,-13.3125,1,single_token,not_valid_noun
hammers,no,-13.3125,1,single_token,not_valid_noun
hammers,_. Write,-13.3125,2,2token,not_valid_noun
hammers,fel,-13.3125,1,single_token,not_valid_noun
hammers,�,-13.3125,1,single_token,not_valid_noun
hammers,… Choose,-13.3125,2,2token,not_valid_noun
hammers,building _,-13.3125,2,2token,not_valid_noun
hammers,WE,-13.3125,1,single_token,not_valid_noun
hammers,lab,-13.3125,1,single_token,incomplete_phrase
hammers,car Complete,-13.3125,2,2token,not_valid_noun
hammers,building utens,-13.3125,2,2token,incomplete_phrase
hammers,Constru,-13.3125,1,single_token,not_valid_noun
hammers,… Write,-13.3125,2,2token,not_valid_noun
hammers,...,-13.3125,1,single_token,not_valid_noun
hammers,… I,-13.3125,2,2token,not_valid_noun
hammers,… tool,-13.3125,2,2token,not_valid_noun
hammers,object for,-13.34375,2,2token,incomplete_phrase
hammers,object in,-13.34375,2,2token,not_valid_noun
hammers,weapons Complete,-13.34375,2,2token,not_valid_noun
hammers,___________,-13.34375,2,2token,not_valid_noun
hammers,/ of,-13.34375,2,2token,not_valid_noun
hammers,A A,-13.34375,2,2token,not_valid_noun
hammers,A instrument,-13.34375,2,2token,not_valid_noun
hammers,A .,-13.34375,2,2token,not_valid_noun
hammers,work .,-13.34375,2,2token,not_valid_noun
hammers,____________ tools,-13.34375,2,2token,not_valid_noun
hammers,machine ________,-13.34375,2,2token,not_valid_noun
hammers,instruments (,-13.34375,2,2token,not_valid_noun
hammers,machine Read,-13.34375,2,2token,not_valid_noun
hammers,A machine,-13.34375,2,2token,not_valid_noun
hammers,thing (,-13.34375,2,2token,not_valid_noun
hammers,useful .,-13.34375,2,2token,not_valid_noun
hammers,machine _______,-13.34375,2,2token,not_valid_noun
hammers,instruments of,-13.34375,2,2token,not_valid_noun
hammers,machine Tools,-13.34375,2,2token,incomplete_phrase
hammers,TOOLS .,-13.34375,2,2token,not_valid_noun
hammers,_______ complete,-13.34375,2,2token,not_valid_noun
hammers,_______ Tools,-13.34375,2,2token,not_valid_noun
hammers,_________ ...,-13.34375,2,2token,not_valid_noun
hammers,man made,-13.359375,2,2token,incomplete_phrase
hammers,=>,-13.375,1,single_token,not_valid_noun
hammers,about,-13.375,1,single_token,not_valid_noun
hammers,a type,-13.375,2,2token,not_valid_noun
hammers,a _____,-13.375,2,2token,not_valid_noun
hammers,L,-13.375,1,single_token,not_valid_noun
hammers,far,-13.375,1,single_token,incomplete_phrase
hammers,way,-13.375,1,single_token,not_valid_noun
hammers,_____ and,-13.375,2,2token,not_valid_noun
hammers,_____ _.,-13.375,2,2token,not_valid_noun
hammers,_____ instrument,-13.375,2,2token,not_valid_noun
hammers,。,-13.375,1,single_token,not_valid_noun
hammers,lev,-13.375,1,single_token,incomplete_phrase
hammers,).,-13.375,1,single_token,not_valid_noun
hammers,TOOL (,-13.375,2,2token,not_valid_noun
hammers,what tool,-13.375,2,2token,not_valid_noun
hammers,... Fruit,-13.375,2,2token,not_valid_noun
hammers,... How,-13.375,2,2token,not_valid_noun
hammers,... We,-13.375,2,2token,not_valid_noun
hammers,... are,-13.375,2,2token,not_valid_noun
hammers,... the,-13.375,2,2token,not_valid_noun
hammers,_____ of,-13.375,2,2token,not_valid_noun
hammers,ms,-13.375,1,single_token,not_valid_noun
hammers,Tool that,-13.375,2,2token,incomplete_phrase
hammers,none,-13.375,1,single_token,incomplete_phrase
hammers,pal,-13.375,1,single_token,incomplete_phrase
hammers,Sc,-13.375,1,single_token,not_valid_noun
hammers,heating,-13.375,1,single_token,incomplete_phrase
hammers,technical,-13.375,1,single_token,incomplete_phrase
hammers,odd,-13.375,1,single_token,not_valid_noun
hammers,BUILDING,-13.375,1,single_token,incomplete_phrase
hammers,CI,-13.375,1,single_token,not_valid_noun
hammers,precious,-13.375,1,single_token,not_valid_noun
hammers,welding,-13.375,1,single_token,incomplete_phrase
hammers,Carpenter,-13.375,1,single_token,incomplete_phrase
hammers,...... .,-13.375,2,2token,not_valid_noun
hammers,that you,-13.375,2,2token,not_valid_noun
hammers,edged,-13.375,1,single_token,not_valid_noun
hammers,Can,-13.375,1,single_token,incomplete_phrase
hammers,Tool _______,-13.375,2,2token,not_valid_noun
hammers,paint .,-13.375,2,2token,not_valid_noun
hammers,I have,-13.375,2,2token,not_valid_noun
hammers,hand and,-13.375,2,2token,incomplete_phrase
hammers,which of,-13.390625,2,2token,not_valid_noun
hammers,which kind,-13.390625,2,2token,not_valid_noun
hammers,and tools,-13.40625,2,2token,not_valid_noun
hammers,_ equipment,-13.40625,2,2token,not_valid_noun
hammers,_ machine,-13.40625,2,2token,not_valid_noun
hammers,_ complete,-13.40625,2,2token,not_valid_noun
hammers,_ The,-13.40625,2,2token,not_valid_noun
hammers,hardware (,-13.40625,2,2token,not_valid_noun
hammers,.... Select,-13.40625,2,2token,not_valid_noun
hammers,household,-13.40625,2,2token,incomplete_phrase
hammers,? hammer,-13.40625,2,2token,not_valid_noun
hammers,? ...,-13.40625,2,2token,not_valid_noun
hammers,What tool,-13.421875,2,2token,not_valid_noun
hammers,traditional,-13.4375,1,single_token,not_valid_noun
hammers,( _,-13.4375,2,2token,not_valid_noun
hammers,ones,-13.4375,1,single_token,not_valid_noun
hammers,chi,-13.4375,1,single_token,incomplete_phrase
hammers,suitable,-13.4375,1,single_token,not_valid_noun
hammers,objects Complete,-13.4375,2,2token,not_valid_noun
hammers,**,-13.4375,1,single_token,not_valid_noun
hammers,Do,-13.4375,1,single_token,not_valid_noun
hammers,ground,-13.4375,1,single_token,incomplete_phrase
hammers,fix,-13.4375,1,single_token,incomplete_phrase
hammers,clubs,-13.4375,1,single_token,not_valid_noun
hammers,hot,-13.4375,1,single_token,not_valid_noun
hammers,chopping,-13.4375,1,single_token,not_valid_noun
hammers,… You,-13.4375,2,2token,not_valid_noun
hammers,… We,-13.4375,2,2token,not_valid_noun
hammers,… There,-13.4375,2,2token,not_valid_noun
hammers,… complete,-13.4375,2,2token,not_valid_noun
hammers,… Which,-13.4375,2,2token,not_valid_noun
hammers,… Use,-13.4375,2,2token,not_valid_noun
hammers,stationary,-13.4375,1,single_token,not_valid_noun
hammers,multipurpose,-13.4375,1,single_token,not_valid_noun
hammers,﻿,-13.4375,1,single_token,not_valid_noun
hammers,machines,-13.4375,2,2token,not_valid_noun
hammers,ic,-13.4375,1,single_token,not_valid_noun
hammers,…. Choose,-13.4375,2,2token,not_valid_noun
hammers,…. Write,-13.4375,2,2token,not_valid_noun
hammers,hand ______,-13.4375,2,2token,not_valid_noun
hammers,weight .,-13.4375,2,2token,not_valid_noun
hammers,dol,-13.4375,1,single_token,incomplete_phrase
hammers,expensive,-13.4375,1,single_token,not_valid_noun
hammers,kitchen ...,-13.4375,2,2token,not_valid_noun
hammers,______ a,-13.46875,2,2token,not_valid_noun
hammers,made in,-13.46875,2,2token,not_valid_noun
hammers,____________ Fill,-13.46875,2,2token,not_valid_noun
hammers,______ complete,-13.46875,2,2token,not_valid_noun
hammers,_______ Tool,-13.46875,2,2token,not_valid_noun
hammers,/ an,-13.46875,2,2token,not_valid_noun
hammers,___________ tool,-13.46875,2,2token,not_valid_noun
hammers,implement ...,-13.46875,2,2token,not_valid_noun
hammers,nails Complete,-13.46875,2,2token,not_valid_noun
hammers,hammer and,-13.46875,2,2token,incomplete_phrase
hammers,TOOLS Complete,-13.46875,2,2token,not_valid_noun
hammers,screwdriver Complete,-13.46875,2,2token,not_valid_noun
hammers,what,-13.5,2,2token,not_valid_noun
hammers,musical instru,-13.5,2,2token,incomplete_phrase
hammers,has,-13.5,1,single_token,not_valid_noun
hammers,di,-13.5,1,single_token,not_valid_noun
hammers,using,-13.5,1,single_token,not_valid_noun
hammers,Ed,-13.5,1,single_token,not_valid_noun
hammers,leg,-13.5,1,single_token,incomplete_phrase
hammers,building materi,-13.5,2,2token,incomplete_phrase
hammers,sc,-13.5,1,single_token,not_valid_noun
hammers,Qu,-13.5,1,single_token,not_valid_noun
hammers,we have,-13.5,2,2token,not_valid_noun
hammers,_____ Tool,-13.5,2,2token,not_valid_noun
hammers,_____ _,-13.5,2,2token,not_valid_noun
hammers,Tools (,-13.5,2,2token,not_valid_noun
hammers,material to,-13.5,2,2token,not_valid_noun
hammers,_____ Select,-13.5,2,2token,not_valid_noun
hammers,...............,-13.5,2,2token,not_valid_noun
hammers,......,-13.5,2,2token,not_valid_noun
hammers,... and,-13.5,2,2token,not_valid_noun
hammers,...),-13.5,1,single_token,not_valid_noun
hammers,`,-13.5,1,single_token,not_valid_noun
hammers,Tool ....,-13.5,2,2token,not_valid_noun
hammers,Tool for,-13.5,2,2token,incomplete_phrase
hammers,hand or,-13.5,2,2token,not_valid_noun
hammers,hand -,-13.5,2,2token,not_valid_noun
hammers,XXXX,-13.5,1,single_token,not_valid_noun
hammers,building a,-13.5,2,2token,not_valid_noun
hammers,past,-13.5,1,single_token,incomplete_phrase
hammers,****,-13.5,1,single_token,not_valid_noun
hammers,drinking,-13.5,1,single_token,incomplete_phrase
hammers,eat,-13.5,1,single_token,not_valid_noun
hammers,building mate,-13.5,2,2token,incomplete_phrase
hammers,steel Complete,-13.5,2,2token,not_valid_noun
hammers,... Continue,-13.5,2,2token,not_valid_noun
hammers,... [,-13.5,2,2token,not_valid_noun
hammers,a ____________,-13.5,2,2token,not_valid_noun
hammers,... Tools,-13.5,2,2token,not_valid_noun
hammers,... what,-13.5,2,2token,not_valid_noun
hammers,construction building,-13.53125,2,2token,incomplete_phrase
hammers,.... I,-13.53125,2,2token,not_valid_noun
hammers,.... In,-13.53125,2,2token,not_valid_noun
hammers,_ instruments,-13.53125,2,2token,not_valid_noun
hammers,iron worker,-13.53125,2,2token,incomplete_phrase
hammers,_ weapon,-13.53125,2,2token,not_valid_noun
hammers,_ _____,-13.53125,2,2token,not_valid_noun
hammers,vehicle .,-13.53125,2,2token,not_valid_noun
hammers,: tools,-13.53125,2,2token,not_valid_noun
hammers,gadget Complete,-13.53125,2,2token,not_valid_noun
hammers,of equipment,-13.53125,2,2token,not_valid_noun
hammers,: instrument,-13.53125,2,2token,not_valid_noun
hammers,construction a,-13.53125,2,2token,not_valid_noun
hammers,this .,-13.53125,2,2token,not_valid_noun
hammers,What instrument,-13.53125,2,2token,not_valid_noun
hammers,construction p,-13.53125,2,2token,not_valid_noun
hammers,iron working,-13.53125,2,2token,incomplete_phrase
hammers,an implement,-13.546875,2,2token,not_valid_noun
hammers,things to,-13.5625,2,2token,not_valid_noun
hammers,scissors Complete,-13.5625,2,2token,not_valid_noun
hammers,Household,-13.5625,1,single_token,incomplete_phrase
hammers,mens,-13.5625,1,single_token,not_valid_noun
hammers,factories,-13.5625,1,single_token,not_valid_noun
hammers,architectural,-13.5625,1,single_token,not_valid_noun
hammers,kitchen ______,-13.5625,2,2token,not_valid_noun
hammers,( outil,-13.5625,2,2token,not_valid_noun
hammers,capital,-13.5625,1,single_token,incomplete_phrase
hammers,meta,-13.5625,1,single_token,incomplete_phrase
hammers,ice,-13.5625,1,single_token,incomplete_phrase
hammers,,-13.5625,1,single_token,not_valid_noun
hammers,_. a,-13.5625,2,2token,not_valid_noun
hammers,break,-13.5625,1,single_token,incomplete_phrase
hammers,three,-13.5625,1,single_token,incomplete_phrase
hammers,There,-13.5625,1,single_token,incomplete_phrase
hammers,..... Fill,-13.5625,2,2token,not_valid_noun
hammers,workshops,-13.5625,1,single_token,not_valid_noun
hammers,apples,-13.5625,1,single_token,not_valid_noun
hammers,boring,-13.5625,1,single_token,incomplete_phrase
hammers,… Match,-13.5625,2,2token,not_valid_noun
hammers,called,-13.5625,1,single_token,not_valid_noun
hammers,___ Fill,-13.5625,2,2token,not_valid_noun
hammers,,-13.5625,1,single_token,not_valid_noun
hammers,go,-13.5625,1,single_token,not_valid_noun
hammers,se,-13.5625,1,single_token,not_valid_noun
hammers,,-13.5625,1,single_token,not_valid_noun
hammers,,-13.5625,1,single_token,not_valid_noun
hammers,,-13.5625,1,single_token,not_valid_noun
hammers,…. (,-13.5625,2,2token,not_valid_noun
hammers,…. In,-13.5625,2,2token,not_valid_noun
hammers,comp,-13.5625,1,single_token,not_valid_noun
hammers,home building,-13.5625,2,2token,incomplete_phrase
hammers,co,-13.5625,1,single_token,not_valid_noun
hammers,where,-13.5625,1,single_token,not_valid_noun
hammers,ap,-13.5625,1,single_token,not_valid_noun
hammers,pl,-13.5625,1,single_token,not_valid_noun
hammers,int,-13.5625,1,single_token,incomplete_phrase
hammers,ti,-13.5625,1,single_token,not_valid_noun
hammers,Answer,-13.5625,1,single_token,not_valid_noun
hammers,These,-13.5625,1,single_token,not_valid_noun
hammers,arti,-13.5625,1,single_token,not_valid_noun
hammers,", (",-13.5625,2,2token,not_valid_noun
hammers,", so",-13.5625,2,2token,not_valid_noun
hammers,answer,-13.5625,1,single_token,not_valid_noun
hammers,space,-13.5625,1,single_token,incomplete_phrase
hammers,Work,-13.5625,1,single_token,incomplete_phrase
hammers,vehic,-13.5625,1,single_token,not_valid_noun
hammers,____,-13.5625,2,2token,not_valid_noun
hammers,labourer,-13.5625,1,single_token,not_valid_noun
hammers,____ Fill,-13.5625,2,2token,not_valid_noun
hammers,neut,-13.5625,1,single_token,not_valid_noun
hammers,******,-13.5625,1,single_token,not_valid_noun
hammers,].,-13.5625,1,single_token,not_valid_noun
hammers,fashioned,-13.5625,1,single_token,not_valid_noun
hammers,"?,",-13.5625,1,single_token,not_valid_noun
hammers,?...,-13.5625,1,single_token,not_valid_noun
hammers,equipe,-13.5625,1,single_token,not_valid_noun
hammers,HAND,-13.5625,1,single_token,incomplete_phrase
hammers,… tools,-13.5625,2,2token,not_valid_noun
hammers,indoor,-13.5625,1,single_token,not_valid_noun
hammers,drawing,-13.5625,1,single_token,incomplete_phrase
hammers,raw,-13.5625,1,single_token,incomplete_phrase
hammers,mater,-13.5625,1,single_token,incomplete_phrase
hammers,the metal,-13.5625,2,2token,not_valid_noun
hammers,***,-13.5625,1,single_token,not_valid_noun
hammers,hang,-13.5625,1,single_token,not_valid_noun
hammers,Which,-13.5625,1,single_token,not_valid_noun
hammers,handles,-13.5625,1,single_token,not_valid_noun
hammers,kin,-13.5625,1,single_token,not_valid_noun
hammers,```,-13.5625,1,single_token,not_valid_noun
hammers,Important,-13.5625,1,single_token,not_valid_noun
hammers,fast,-13.5625,1,single_token,incomplete_phrase
hammers,five,-13.5625,1,single_token,incomplete_phrase
hammers,ba,-13.5625,1,single_token,not_valid_noun
hammers,member,-13.5625,1,single_token,incomplete_phrase
hammers,games,-13.5625,1,single_token,not_valid_noun
hammers,construction ….,-13.59375,2,2token,not_valid_noun
hammers,instruments used,-13.59375,2,2token,incomplete_phrase
hammers,______ Tool,-13.59375,2,2token,not_valid_noun
hammers,hammer is,-13.59375,2,2token,not_valid_noun
hammers,made out,-13.59375,2,2token,incomplete_phrase
hammers,______ Choose,-13.59375,2,2token,not_valid_noun
hammers,_______ _________,-13.59375,2,2token,not_valid_noun
hammers,construction equipe,-13.59375,2,2token,incomplete_phrase
hammers,implement ....,-13.59375,2,2token,not_valid_noun
hammers,implement in,-13.59375,2,2token,not_valid_noun
hammers,_________ a,-13.59375,2,2token,not_valid_noun
hammers,A ________,-13.59375,2,2token,not_valid_noun
hammers,weapons .,-13.59375,2,2token,not_valid_noun
hammers,________ _______,-13.59375,2,2token,not_valid_noun
hammers,…… A,-13.59375,2,2token,not_valid_noun
hammers,thing you,-13.59375,2,2token,incomplete_phrase
hammers,_______ of,-13.59375,2,2token,not_valid_noun
hammers,_______ The,-13.59375,2,2token,not_valid_noun
hammers,construction or,-13.59375,2,2token,not_valid_noun
hammers,_______ ?,-13.59375,2,2token,not_valid_noun
hammers,.. .,-13.609375,2,2token,not_valid_noun
hammers,another,-13.625,1,single_token,incomplete_phrase
hammers,... tools,-13.625,2,2token,not_valid_noun
hammers,I am,-13.625,2,2token,not_valid_noun
hammers,Industrial,-13.625,1,single_token,not_valid_noun
hammers,... COMPLETE,-13.625,2,2token,not_valid_noun
hammers,be,-13.625,1,single_token,not_valid_noun
hammers,nail and,-13.625,2,2token,incomplete_phrase
hammers,........,-13.625,2,2token,not_valid_noun
hammers,_____ or,-13.625,2,2token,not_valid_noun
hammers,pos,-13.625,1,single_token,not_valid_noun
hammers,at,-13.625,1,single_token,not_valid_noun
hammers,el,-13.625,1,single_token,not_valid_noun
hammers,widget,-13.625,1,single_token,not_valid_noun
hammers,{{,-13.625,1,single_token,not_valid_noun
hammers,pull,-13.625,1,single_token,incomplete_phrase
hammers,makes,-13.625,1,single_token,not_valid_noun
hammers,"... ,",-13.625,2,2token,not_valid_noun
hammers,¿,-13.625,1,single_token,not_valid_noun
hammers,examples,-13.625,1,single_token,not_valid_noun
hammers,named,-13.625,1,single_token,not_valid_noun
hammers,golf,-13.625,1,single_token,incomplete_phrase
hammers,~,-13.625,1,single_token,not_valid_noun
hammers,computing,-13.625,1,single_token,incomplete_phrase
hammers,*****,-13.625,1,single_token,not_valid_noun
hammers,ƒ,-13.625,1,single_token,not_valid_noun
hammers,CONSTRUCTION,-13.625,1,single_token,incomplete_phrase
hammers,a ....,-13.625,2,2token,not_valid_noun
hammers,building site,-13.625,2,2token,incomplete_phrase
hammers,hand made,-13.625,2,2token,incomplete_phrase
hammers,Tool or,-13.625,2,2token,not_valid_noun
hammers,__________ ...,-13.625,2,2token,not_valid_noun
hammers,__________ A,-13.625,2,2token,not_valid_noun
hammers,paint Complete,-13.625,2,2token,not_valid_noun
hammers,p,-13.625,2,2token,not_valid_noun
hammers,forging,-13.625,1,single_token,incomplete_phrase
hammers,tolls,-13.625,1,single_token,not_valid_noun
hammers,”.,-13.625,1,single_token,not_valid_noun
hammers,little,-13.625,1,single_token,incomplete_phrase
hammers,which can,-13.640625,2,2token,not_valid_noun
hammers,is used,-13.640625,2,2token,not_valid_noun
hammers,stone .,-13.65625,2,2token,not_valid_noun
hammers,? hammers,-13.65625,2,2token,not_valid_noun
hammers,of of,-13.65625,2,2token,not_valid_noun
hammers,of the,-13.65625,2,2token,not_valid_noun
hammers,? ________,-13.65625,2,2token,not_valid_noun
hammers,.... Use,-13.65625,2,2token,not_valid_noun
hammers,iron smith,-13.65625,2,2token,incomplete_phrase
hammers,What type,-13.65625,2,2token,not_valid_noun
hammers,.... ....,-13.65625,2,2token,not_valid_noun
hammers,? instrument,-13.65625,2,2token,not_valid_noun
hammers,.... Correct,-13.65625,2,2token,not_valid_noun
hammers,: Choose,-13.65625,2,2token,not_valid_noun
hammers,_ of,-13.65625,2,2token,not_valid_noun
hammers,_ TOOLS,-13.65625,2,2token,not_valid_noun
hammers,_ Select,-13.65625,2,2token,not_valid_noun
hammers,.... Match,-13.65625,2,2token,not_valid_noun
hammers,and are,-13.65625,2,2token,not_valid_noun
hammers,_ ..,-13.65625,2,2token,not_valid_noun
hammers,_. complete,-13.6875,2,2token,not_valid_noun
hammers,", instrument",-13.6875,2,2token,not_valid_noun
hammers,cheap,-13.6875,1,single_token,not_valid_noun
hammers,certain,-13.6875,1,single_token,not_valid_noun
hammers,ph,-13.6875,1,single_token,not_valid_noun
hammers,our,-13.6875,1,single_token,incomplete_phrase
hammers,educational,-13.6875,1,single_token,not_valid_noun
hammers,belong,-13.6875,1,single_token,not_valid_noun
hammers,IT,-13.6875,1,single_token,not_valid_noun
hammers,written,-13.6875,1,single_token,not_valid_noun
hammers,measures,-13.6875,1,single_token,not_valid_noun
hammers,kitchen _______,-13.6875,2,2token,not_valid_noun
hammers,xy,-13.6875,1,single_token,not_valid_noun
hammers,- (,-13.6875,2,2token,not_valid_noun
hammers,hand ...,-13.6875,2,2token,not_valid_noun
hammers,… This,-13.6875,2,2token,not_valid_noun
hammers,… ?,-13.6875,2,2token,not_valid_noun
hammers,___ instrument,-13.6875,2,2token,not_valid_noun
hammers,___ _.,-13.6875,2,2token,not_valid_noun
hammers,home,-13.6875,2,2token,incomplete_phrase
hammers,implements used,-13.6875,2,2token,incomplete_phrase
hammers,home construction,-13.6875,2,2token,incomplete_phrase
hammers,their,-13.6875,1,single_token,incomplete_phrase
hammers,if,-13.6875,1,single_token,not_valid_noun
hammers,accessories,-13.6875,1,single_token,not_valid_noun
hammers,washing,-13.6875,1,single_token,incomplete_phrase
hammers,laboratory,-13.6875,1,single_token,incomplete_phrase
hammers,elect,-13.6875,1,single_token,incomplete_phrase
hammers,sa,-13.6875,1,single_token,not_valid_noun
hammers,hand too,-13.6875,2,2token,not_valid_noun
hammers,used by,-13.703125,2,2token,not_valid_noun
hammers,used as,-13.703125,2,2token,not_valid_noun
hammers,A piece,-13.71875,2,2token,not_valid_noun
hammers,machine and,-13.71875,2,2token,incomplete_phrase
hammers,work,-13.71875,2,2token,incomplete_phrase
hammers,"..., and",-13.71875,2,2token,not_valid_noun
hammers,"..., ...",-13.71875,2,2token,not_valid_noun
hammers,_______ What,-13.71875,2,2token,not_valid_noun
hammers,…… complete,-13.71875,2,2token,not_valid_noun
hammers,implement complete,-13.71875,2,2token,not_valid_noun
hammers,…… (,-13.71875,2,2token,not_valid_noun
hammers,object of,-13.71875,2,2token,not_valid_noun
hammers,_______ ...,-13.71875,2,2token,not_valid_noun
hammers,construction /,-13.71875,2,2token,not_valid_noun
hammers,/ instrument,-13.71875,2,2token,not_valid_noun
hammers,..............,-13.75,2,2token,not_valid_noun
hammers,... To,-13.75,2,2token,not_valid_noun
hammers,... to,-13.75,2,2token,not_valid_noun
hammers,_____ TOOLS,-13.75,2,2token,not_valid_noun
hammers,a object,-13.75,2,2token,not_valid_noun
hammers,crow,-13.75,1,single_token,incomplete_phrase
hammers,Machines,-13.75,1,single_token,not_valid_noun
hammers,vas,-13.75,1,single_token,incomplete_phrase
hammers,lend,-13.75,1,single_token,not_valid_noun
hammers,shaping,-13.75,1,single_token,incomplete_phrase
hammers,skil,-13.75,1,single_token,incomplete_phrase
hammers,helpers,-13.75,1,single_token,not_valid_noun
hammers,(...,-13.75,1,single_token,not_valid_noun
hammers,craftsmen,-13.75,1,single_token,not_valid_noun
hammers,Tool ______,-13.75,2,2token,not_valid_noun
hammers,Tool to,-13.75,2,2token,not_valid_noun
hammers,od,-13.75,1,single_token,not_valid_noun
hammers,playing,-13.75,1,single_token,not_valid_noun
hammers,hous,-13.75,1,single_token,incomplete_phrase
hammers,closed,-13.75,1,single_token,not_valid_noun
hammers,[',-13.75,1,single_token,not_valid_noun
hammers,__________ _______,-13.75,2,2token,not_valid_noun
hammers,food .,-13.75,2,2token,not_valid_noun
hammers,__________ complete,-13.75,2,2token,not_valid_noun
hammers,__ tool,-13.75,2,2token,not_valid_noun
hammers,editing,-13.75,1,single_token,not_valid_noun
hammers,a power,-13.75,2,2token,not_valid_noun
hammers,a nail,-13.75,2,2token,not_valid_noun
hammers,a hardware,-13.75,2,2token,not_valid_noun
hammers,a __,-13.75,2,2token,not_valid_noun
hammers,what are,-13.75,2,2token,not_valid_noun
hammers,ge,-13.75,1,single_token,not_valid_noun
hammers,us,-13.75,1,single_token,not_valid_noun
hammers,,-13.75,1,single_token,not_valid_noun
hammers,fo,-13.75,1,single_token,not_valid_noun
hammers,that help,-13.75,2,2token,incomplete_phrase
hammers,...,-13.75,2,2token,not_valid_noun
hammers,_____ Correct,-13.75,2,2token,not_valid_noun
hammers,nut .,-13.75,2,2token,not_valid_noun
hammers,append,-13.75,1,single_token,not_valid_noun
hammers,"(,",-13.75,1,single_token,not_valid_noun
hammers,great,-13.75,1,single_token,incomplete_phrase
hammers,is Complete,-13.765625,2,2token,not_valid_noun
hammers,weapon Fill,-13.78125,2,2token,not_valid_noun
hammers,household ______,-13.78125,2,2token,not_valid_noun
hammers,: complete,-13.78125,2,2token,not_valid_noun
hammers,_ Use,-13.78125,2,2token,not_valid_noun
hammers,cooking ...,-13.78125,2,2token,not_valid_noun
hammers,iron ...,-13.78125,2,2token,not_valid_noun
hammers,"_ ,",-13.78125,2,2token,not_valid_noun
hammers,machinery (,-13.78125,2,2token,not_valid_noun
hammers,.... -,-13.78125,2,2token,not_valid_noun
hammers,construction -,-13.78125,2,2token,not_valid_noun
hammers,and tool,-13.78125,2,2token,not_valid_noun
hammers,? I,-13.78125,2,2token,not_valid_noun
hammers,helpful,-13.8125,1,single_token,not_valid_noun
hammers,Wood,-13.8125,1,single_token,incomplete_phrase
hammers,___ ...,-13.8125,2,2token,not_valid_noun
hammers,", ...",-13.8125,2,2token,not_valid_noun
hammers,… Show,-13.8125,2,2token,not_valid_noun
hammers,… -,-13.8125,2,2token,not_valid_noun
hammers,", as",-13.8125,2,2token,not_valid_noun
hammers,car mechanic,-13.8125,2,2token,incomplete_phrase
hammers,… How,-13.8125,2,2token,not_valid_noun
hammers,boys,-13.8125,1,single_token,not_valid_noun
hammers,dinner,-13.8125,1,single_token,incomplete_phrase
hammers,dy,-13.8125,1,single_token,not_valid_noun
hammers,uk,-13.8125,1,single_token,not_valid_noun
hammers,mate,-13.8125,1,single_token,incomplete_phrase
hammers,striking,-13.8125,1,single_token,incomplete_phrase
hammers,fancy,-13.8125,1,single_token,incomplete_phrase
hammers,kni,-13.8125,1,single_token,not_valid_noun
hammers,E,-13.8125,1,single_token,not_valid_noun
hammers,new,-13.8125,1,single_token,not_valid_noun
hammers,land,-13.8125,1,single_token,incomplete_phrase
hammers,clo,-13.8125,1,single_token,not_valid_noun
hammers,culinary,-13.8125,1,single_token,not_valid_noun
hammers,constructive,-13.8125,1,single_token,not_valid_noun
hammers,set,-13.8125,1,single_token,incomplete_phrase
hammers,both,-13.8125,1,single_token,not_valid_noun
hammers,", not",-13.8125,2,2token,not_valid_noun
hammers,_. In,-13.8125,2,2token,not_valid_noun
hammers,… They,-13.8125,2,2token,not_valid_noun
hammers,..... Choose,-13.8125,2,2token,not_valid_noun
hammers,..... tool,-13.8125,2,2token,not_valid_noun
hammers,", because",-13.8125,2,2token,not_valid_noun
hammers,implements (,-13.8125,2,2token,not_valid_noun
hammers,___ A,-13.8125,2,2token,not_valid_noun
hammers,…. .,-13.8125,2,2token,not_valid_noun
hammers,hardworking,-13.8125,1,single_token,not_valid_noun
hammers,playground,-13.8125,1,single_token,incomplete_phrase
hammers,pots,-13.8125,1,single_token,not_valid_noun
hammers,ston,-13.8125,1,single_token,not_valid_noun
hammers,machines (,-13.8125,2,2token,not_valid_noun
hammers,_(,-13.8125,1,single_token,not_valid_noun
hammers,…”,-13.8125,1,single_token,not_valid_noun
hammers,proper,-13.8125,1,single_token,not_valid_noun
hammers,fla,-13.8125,1,single_token,not_valid_noun
hammers,flat metal,-13.828125,2,2token,incomplete_phrase
hammers,...........,-13.828125,2,2token,not_valid_noun
hammers,______ ....,-13.84375,2,2token,not_valid_noun
hammers,object made,-13.84375,2,2token,incomplete_phrase
hammers,thing called,-13.84375,2,2token,incomplete_phrase
hammers,thing used,-13.84375,2,2token,incomplete_phrase
hammers,_________ Tools,-13.84375,2,2token,not_valid_noun
hammers,implement ________,-13.84375,2,2token,not_valid_noun
hammers,implement _______,-13.84375,2,2token,not_valid_noun
hammers,vegetable .,-13.84375,2,2token,not_valid_noun
hammers,machine in,-13.84375,2,2token,not_valid_noun
hammers,…… a,-13.84375,2,2token,not_valid_noun
hammers,________ a,-13.84375,2,2token,not_valid_noun
hammers,heavy iron,-13.84375,2,2token,incomplete_phrase
hammers,....... A,-13.84375,2,2token,not_valid_noun
hammers,hammer ...,-13.84375,2,2token,not_valid_noun
hammers,hammer or,-13.84375,2,2token,not_valid_noun
hammers,Tool in,-13.84375,2,2token,not_valid_noun
hammers,implement which,-13.84375,2,2token,incomplete_phrase
hammers,Tool a,-13.84375,2,2token,not_valid_noun
hammers,______ Tools,-13.84375,2,2token,not_valid_noun
hammers,"..., complete",-13.84375,2,2token,not_valid_noun
hammers,item of,-13.84375,2,2token,not_valid_noun
hammers,..,-13.84375,2,2token,not_valid_noun
hammers,verb Complete,-13.84375,2,2token,not_valid_noun
hammers,__________ a,-13.875,2,2token,not_valid_noun
hammers,__________ __________,-13.875,2,2token,not_valid_noun
hammers,device (,-13.875,2,2token,not_valid_noun
hammers,__________ of,-13.875,2,2token,not_valid_noun
hammers,__________ instrument,-13.875,2,2token,not_valid_noun
hammers,harvesting,-13.875,1,single_token,not_valid_noun
hammers,drilling,-13.875,1,single_token,incomplete_phrase
hammers,axe Complete,-13.875,2,2token,not_valid_noun
hammers,Alat,-13.875,1,single_token,not_valid_noun
hammers,ect,-13.875,1,single_token,not_valid_noun
hammers,giz,-13.875,1,single_token,not_valid_noun
hammers,...... A,-13.875,2,2token,not_valid_noun
hammers,what instrument,-13.875,2,2token,not_valid_noun
hammers,_____ _________,-13.875,2,2token,not_valid_noun
hammers,_____ COMPLETE,-13.875,2,2token,not_valid_noun
hammers,_____ Use,-13.875,2,2token,not_valid_noun
hammers,_____ metal,-13.875,2,2token,not_valid_noun
hammers,_____ ?,-13.875,2,2token,not_valid_noun
hammers,_____ I,-13.875,2,2token,not_valid_noun
hammers,yards,-13.875,1,single_token,not_valid_noun
hammers,appar,-13.875,1,single_token,not_valid_noun
hammers,from,-13.875,1,single_token,not_valid_noun
hammers,th,-13.875,1,single_token,not_valid_noun
hammers,sho,-13.875,1,single_token,not_valid_noun
hammers,mus,-13.875,1,single_token,incomplete_phrase
hammers,les,-13.875,1,single_token,incomplete_phrase
hammers,she,-13.875,1,single_token,not_valid_noun
hammers,maintenance,-13.875,1,single_token,incomplete_phrase
hammers,creative,-13.875,1,single_token,not_valid_noun
hammers,why,-13.875,1,single_token,not_valid_noun
hammers,fer,-13.875,1,single_token,not_valid_noun
hammers,ancient,-13.875,1,single_token,incomplete_phrase
hammers,a useful,-13.875,2,2token,not_valid_noun
hammers,mean,-13.875,1,single_token,incomplete_phrase
hammers,pat,-13.875,1,single_token,incomplete_phrase
hammers,construction __________,-13.90625,2,2token,not_valid_noun
hammers,weapon ______,-13.90625,2,2token,not_valid_noun
hammers,: hammer,-13.90625,2,2token,not_valid_noun
hammers,: A,-13.90625,2,2token,not_valid_noun
hammers,: (,-13.90625,2,2token,not_valid_noun
hammers,gadget .,-13.90625,2,2token,not_valid_noun
hammers,: metal,-13.90625,2,2token,not_valid_noun
hammers,household ____,-13.90625,2,2token,not_valid_noun
hammers,craft (,-13.90625,2,2token,not_valid_noun
hammers,_ ....,-13.90625,2,2token,not_valid_noun
hammers,_ iron,-13.90625,2,2token,not_valid_noun
hammers,iron workers,-13.90625,2,2token,incomplete_phrase
hammers,mechanic Complete,-13.90625,2,2token,not_valid_noun
hammers,of object,-13.90625,2,2token,not_valid_noun
hammers,.... Which,-13.90625,2,2token,not_valid_noun
hammers,? _,-13.90625,2,2token,not_valid_noun
hammers,? tools,-13.90625,2,2token,not_valid_noun
hammers,iron that,-13.90625,2,2token,incomplete_phrase
hammers,_ I,-13.90625,2,2token,not_valid_noun
hammers,工具 .,-13.921875,2,2token,not_valid_noun
hammers,( a,-13.9375,2,2token,not_valid_noun
hammers,equipment of,-13.9375,2,2token,not_valid_noun
hammers,kitchen ____,-13.9375,2,2token,not_valid_noun
hammers,implements,-13.9375,2,2token,not_valid_noun
hammers,implements for,-13.9375,2,2token,not_valid_noun
hammers,..... The,-13.9375,2,2token,not_valid_noun
hammers,( ).,-13.9375,2,2token,not_valid_noun
hammers,..... ?,-13.9375,2,2token,not_valid_noun
hammers,…. Read,-13.9375,2,2token,not_valid_noun
hammers,things Complete,-13.9375,2,2token,not_valid_noun
hammers,", such",-13.9375,2,2token,not_valid_noun
hammers,objects .,-13.9375,2,2token,not_valid_noun
hammers,the object,-13.9375,2,2token,not_valid_noun
hammers,___ Tools,-13.9375,2,2token,not_valid_noun
hammers,p .,-13.9375,2,2token,not_valid_noun
hammers,… If,-13.9375,2,2token,not_valid_noun
hammers,… An,-13.9375,2,2token,not_valid_noun
hammers,____ tools,-13.9375,2,2token,not_valid_noun
hammers,___ _,-13.9375,2,2token,not_valid_noun
hammers,___ complete,-13.9375,2,2token,not_valid_noun
hammers,the hand,-13.9375,2,2token,not_valid_noun
hammers,…. Answer,-13.9375,2,2token,not_valid_noun
hammers,- _,-13.9375,2,2token,not_valid_noun
hammers,_. Which,-13.9375,2,2token,not_valid_noun
hammers,equipment needed,-13.9375,2,2token,incomplete_phrase
hammers,pliers .,-13.96875,2,2token,not_valid_noun
hammers,useful,-13.96875,2,2token,not_valid_noun
hammers,_______ ....,-13.96875,2,2token,not_valid_noun
hammers,implement a,-13.96875,2,2token,not_valid_noun
hammers,_________ _.,-13.96875,2,2token,not_valid_noun
hammers,_______ Select,-13.96875,2,2token,not_valid_noun
hammers,hammer that,-13.96875,2,2token,incomplete_phrase
hammers,_________ The,-13.96875,2,2token,not_valid_noun
hammers,______ ...,-13.96875,2,2token,not_valid_noun
hammers,______ of,-13.96875,2,2token,not_valid_noun
hammers,hammer ....,-13.96875,2,2token,not_valid_noun
hammers,_________ Choose,-13.96875,2,2token,not_valid_noun
hammers,_________ of,-13.96875,2,2token,not_valid_noun
hammers,_________ instrument,-13.96875,2,2token,not_valid_noun
hammers,_________ complete,-13.96875,2,2token,not_valid_noun
hammers,object ...,-13.96875,2,2token,not_valid_noun
hammers,knife .,-13.96875,2,2token,not_valid_noun
hammers,....... (,-13.96875,2,2token,not_valid_noun
hammers,object ....,-13.96875,2,2token,not_valid_noun
hammers,cutlery Complete,-13.96875,2,2token,not_valid_noun
hammers,instruments to,-13.96875,2,2token,not_valid_noun
hammers,machine -,-13.96875,2,2token,not_valid_noun
hammers,________,-13.96875,2,2token,not_valid_noun
hammers,Tool -,-13.96875,2,2token,not_valid_noun
hammers,Tool A,-13.96875,2,2token,not_valid_noun
hammers,Tool _____,-13.96875,2,2token,not_valid_noun
hammers,Tool ____,-13.96875,2,2token,not_valid_noun
hammers,Tool used,-13.96875,2,2token,incomplete_phrase
hammers,appliance (,-14.0,2,2token,not_valid_noun
hammers,а,-14.0,1,single_token,not_valid_noun
hammers,a __________,-14.0,2,2token,not_valid_noun
hammers,a fruit,-14.0,2,2token,not_valid_noun
hammers,a craft,-14.0,2,2token,not_valid_noun
hammers,a vehicle,-14.0,2,2token,not_valid_noun
hammers,_____ machine,-14.0,2,2token,not_valid_noun
hammers,food Complete,-14.0,2,2token,not_valid_noun
hammers,p ________,-14.0,2,2token,not_valid_noun
hammers,_____ Comple,-14.0,2,2token,not_valid_noun
hammers,__ _.,-14.0,2,2token,not_valid_noun
hammers,mat,-14.0,1,single_token,incomplete_phrase
hammers,a sport,-14.0,2,2token,not_valid_noun
hammers,por,-14.0,1,single_token,not_valid_noun
hammers,“,-14.0,1,single_token,not_valid_noun
hammers,te,-14.0,1,single_token,not_valid_noun
hammers,a what,-14.0,2,2token,not_valid_noun
hammers,Tools complete,-14.0,2,2token,not_valid_noun
hammers,mar,-14.0,1,single_token,incomplete_phrase
hammers,......... (,-14.0,2,2token,not_valid_noun
hammers,medieval,-14.0,1,single_token,not_valid_noun
hammers,hi,-14.0,1,single_token,not_valid_noun
hammers,write,-14.0,1,single_token,not_valid_noun
hammers,similar,-14.0,1,single_token,not_valid_noun
hammers,·,-14.0,1,single_token,not_valid_noun
hammers,hor,-14.0,1,single_token,not_valid_noun
hammers,ten,-14.0,1,single_token,incomplete_phrase
hammers,stones,-14.0,1,single_token,not_valid_noun
hammers,engineers,-14.0,1,single_token,not_valid_noun
hammers,noun .,-14.0,2,2token,not_valid_noun
hammers,I instrument,-14.0,2,2token,not_valid_noun
hammers,_____ Answer,-14.0,2,2token,not_valid_noun
hammers,_____ Write,-14.0,2,2token,not_valid_noun
hammers,left,-14.0,1,single_token,incomplete_phrase
hammers,mit,-14.0,1,single_token,not_valid_noun
hammers,leisure,-14.0,1,single_token,incomplete_phrase
hammers,doo,-14.0,1,single_token,not_valid_noun
hammers,article of,-14.015625,2,2token,not_valid_noun
hammers,is the,-14.015625,2,2token,not_valid_noun
hammers,me chan,-14.03125,2,2token,not_valid_noun
hammers,and .,-14.03125,2,2token,not_valid_noun
hammers,What can,-14.03125,2,2token,not_valid_noun
hammers,? In,-14.03125,2,2token,not_valid_noun
hammers,.... Find,-14.03125,2,2token,not_valid_noun
hammers,weapon ____,-14.03125,2,2token,not_valid_noun
hammers,weapon which,-14.03125,2,2token,incomplete_phrase
hammers,weapon COMPLETE,-14.03125,2,2token,not_valid_noun
hammers,hand _______,-14.03125,2,2token,not_valid_noun
hammers,household _______,-14.03125,2,2token,not_valid_noun
hammers,iron is,-14.03125,2,2token,not_valid_noun
hammers,weapon -,-14.03125,2,2token,not_valid_noun
hammers,job Complete,-14.03125,2,2token,not_valid_noun
hammers,工具 (,-14.046875,2,2token,not_valid_noun
hammers,the verb,-14.0625,2,2token,not_valid_noun
hammers,___ _______,-14.0625,2,2token,not_valid_noun
hammers,___ a,-14.0625,2,2token,not_valid_noun
hammers,………… .,-14.0625,2,2token,not_valid_noun
hammers,..... What,-14.0625,2,2token,not_valid_noun
hammers,..... Write,-14.0625,2,2token,not_valid_noun
hammers,.............,-14.0625,2,2token,not_valid_noun
hammers,mechanical,-14.0625,2,2token,not_valid_noun
hammers,Construct,-14.0625,1,single_token,incomplete_phrase
hammers,(?),-14.0625,1,single_token,not_valid_noun
hammers,knives,-14.0625,1,single_token,not_valid_noun
hammers,the noun,-14.0625,2,2token,not_valid_noun
hammers,decorative,-14.0625,1,single_token,not_valid_noun
hammers,Mechanical,-14.0625,1,single_token,not_valid_noun
hammers,HOUSE,-14.0625,1,single_token,incomplete_phrase
hammers,weighing,-14.0625,1,single_token,incomplete_phrase
hammers,- a,-14.0625,2,2token,not_valid_noun
hammers,things used,-14.0625,2,2token,incomplete_phrase
hammers,home and,-14.0625,2,2token,not_valid_noun
hammers,( noun,-14.0625,2,2token,not_valid_noun
hammers,home utens,-14.0625,2,2token,incomplete_phrase
hammers,home workshop,-14.0625,2,2token,incomplete_phrase
hammers,self,-14.0625,1,single_token,incomplete_phrase
hammers,har,-14.0625,1,single_token,not_valid_noun
hammers,ist,-14.0625,1,single_token,not_valid_noun
hammers,Con,-14.0625,1,single_token,incomplete_phrase
hammers,…. Which,-14.0625,2,2token,not_valid_noun
hammers,…. ...,-14.0625,2,2token,not_valid_noun
hammers,regular,-14.0625,1,single_token,incomplete_phrase
hammers,among,-14.0625,1,single_token,not_valid_noun
hammers,smart,-14.0625,1,single_token,incomplete_phrase
hammers,ele,-14.0625,1,single_token,not_valid_noun
hammers,best,-14.0625,1,single_token,incomplete_phrase
hammers,the thing,-14.0625,2,2token,not_valid_noun
hammers,the house,-14.0625,2,2token,not_valid_noun
hammers,val,-14.0625,1,single_token,incomplete_phrase
hammers,", etc",-14.0625,2,2token,not_valid_noun
hammers,", an",-14.0625,2,2token,not_valid_noun
hammers,describe,-14.0625,1,single_token,not_valid_noun
hammers,bil,-14.0625,1,single_token,not_valid_noun
hammers,shoes,-14.0625,1,single_token,not_valid_noun
hammers,ves,-14.0625,1,single_token,not_valid_noun
hammers,ga,-14.0625,1,single_token,not_valid_noun
hammers,join,-14.0625,1,single_token,incomplete_phrase
hammers,………… Complete,-14.0625,2,2token,not_valid_noun
hammers,pounding,-14.0625,1,single_token,incomplete_phrase
hammers,unif,-14.0625,1,single_token,not_valid_noun
hammers,========,-14.0625,1,single_token,not_valid_noun
hammers,butcher,-14.0625,1,single_token,incomplete_phrase
hammers,(_,-14.0625,1,single_token,not_valid_noun
hammers,guns,-14.0625,1,single_token,not_valid_noun
hammers,cn,-14.0625,1,single_token,not_valid_noun
hammers,uh,-14.0625,1,single_token,not_valid_noun
hammers,valuable,-14.0625,1,single_token,incomplete_phrase
hammers,cookie,-14.0625,1,single_token,not_valid_noun
hammers,constructed,-14.0625,1,single_token,not_valid_noun
hammers,sb,-14.0625,1,single_token,not_valid_noun
hammers,fruit (,-14.0625,2,2token,not_valid_noun
hammers,hard .,-14.0625,2,2token,not_valid_noun
hammers,hard,-14.0625,2,2token,not_valid_noun
hammers,describing,-14.0625,1,single_token,not_valid_noun
hammers,wren,-14.0625,1,single_token,incomplete_phrase
hammers,possessions,-14.0625,1,single_token,not_valid_noun
hammers,ag,-14.0625,1,single_token,not_valid_noun
hammers,J,-14.0625,1,single_token,not_valid_noun
hammers,de,-14.0625,1,single_token,not_valid_noun
hammers,,-14.0625,1,single_token,not_valid_noun
hammers,,-14.0625,1,single_token,not_valid_noun
hammers,○,-14.0625,1,single_token,not_valid_noun
hammers,►,-14.0625,1,single_token,not_valid_noun
hammers,\[,-14.0625,1,single_token,not_valid_noun
hammers,_. (,-14.0625,2,2token,not_valid_noun
hammers,_. Choose,-14.0625,2,2token,not_valid_noun
hammers,equipment or,-14.0625,2,2token,not_valid_noun
hammers,an iron,-14.0625,2,2token,not_valid_noun
hammers,we can,-14.0625,2,2token,not_valid_noun
hammers,…..,-14.078125,2,2token,not_valid_noun
hammers,______ metal,-14.09375,2,2token,not_valid_noun
hammers,hand (,-14.09375,2,2token,not_valid_noun
hammers,"..., which",-14.09375,2,2token,not_valid_noun
hammers,___________ tools,-14.09375,2,2token,not_valid_noun
hammers,_________ and,-14.09375,2,2token,not_valid_noun
hammers,implement and,-14.09375,2,2token,not_valid_noun
hammers,_______ _.,-14.09375,2,2token,not_valid_noun
hammers,_______ Correct,-14.09375,2,2token,not_valid_noun
hammers,_______ Write,-14.09375,2,2token,not_valid_noun
hammers,_______ Use,-14.09375,2,2token,not_valid_noun
hammers,_______ _,-14.09375,2,2token,not_valid_noun
hammers,_______ and,-14.09375,2,2token,not_valid_noun
hammers,/ part,-14.09375,2,2token,not_valid_noun
hammers,/ used,-14.09375,2,2token,not_valid_noun
hammers,machine which,-14.09375,2,2token,incomplete_phrase
hammers,machine a,-14.09375,2,2token,not_valid_noun
hammers,________,-14.09375,2,2token,not_valid_noun
hammers,________ Fill,-14.09375,2,2token,not_valid_noun
hammers,________ A,-14.09375,2,2token,not_valid_noun
hammers,thing which,-14.09375,2,2token,incomplete_phrase
hammers,object complete,-14.09375,2,2token,not_valid_noun
hammers,/ kinds,-14.09375,2,2token,not_valid_noun
hammers,....... Fill,-14.09375,2,2token,not_valid_noun
hammers,heavy,-14.09375,2,2token,incomplete_phrase
hammers,heavy .,-14.09375,2,2token,not_valid_noun
hammers,object which,-14.09375,2,2token,incomplete_phrase
hammers,object or,-14.09375,2,2token,not_valid_noun
hammers,"..., they",-14.09375,2,2token,not_valid_noun
hammers,_________ ___________,-14.09375,2,2token,not_valid_noun
hammers,_________ ______,-14.09375,2,2token,not_valid_noun
hammers,_________ What,-14.09375,2,2token,not_valid_noun
hammers,.. A,-14.09375,2,2token,not_valid_noun
hammers,Tool :,-14.09375,2,2token,not_valid_noun
hammers,Other,-14.125,1,single_token,not_valid_noun
hammers,__________ ___________,-14.125,2,2token,not_valid_noun
hammers,homemade,-14.125,1,single_token,not_valid_noun
hammers,technology Complete,-14.125,2,2token,not_valid_noun
hammers,surgical,-14.125,1,single_token,not_valid_noun
hammers,counting,-14.125,1,single_token,incomplete_phrase
hammers,a work,-14.125,2,2token,not_valid_noun
hammers,a -,-14.125,2,2token,not_valid_noun
hammers,a car,-14.125,2,2token,not_valid_noun
hammers,impact,-14.125,1,single_token,incomplete_phrase
hammers,...],-14.125,1,single_token,not_valid_noun
hammers,I can,-14.125,2,2token,not_valid_noun
hammers,...',-14.125,1,single_token,not_valid_noun
hammers,civil,-14.125,1,single_token,not_valid_noun
hammers,[],-14.125,1,single_token,not_valid_noun
hammers,".""",-14.125,1,single_token,not_valid_noun
hammers,quadril,-14.125,1,single_token,not_valid_noun
hammers,domesti,-14.125,1,single_token,not_valid_noun
hammers,your,-14.125,1,single_token,incomplete_phrase
hammers,mu,-14.125,1,single_token,not_valid_noun
hammers,To,-14.125,1,single_token,not_valid_noun
hammers,phal,-14.125,1,single_token,not_valid_noun
hammers,If,-14.125,1,single_token,not_valid_noun
hammers,_____ that,-14.125,2,2token,not_valid_noun
hammers,_____ -,-14.125,2,2token,not_valid_noun
hammers,_____ In,-14.125,2,2token,not_valid_noun
hammers,_____ [,-14.125,2,2token,not_valid_noun
hammers,_____ used,-14.125,2,2token,not_valid_noun
hammers,"_____ ,",-14.125,2,2token,not_valid_noun
hammers,_____ How,-14.125,2,2token,not_valid_noun
hammers,Math,-14.125,1,single_token,incomplete_phrase
hammers,open,-14.125,1,single_token,incomplete_phrase
hammers,Ad,-14.125,1,single_token,not_valid_noun
hammers,__________ Tools,-14.125,2,2token,not_valid_noun
hammers,pn,-14.125,1,single_token,not_valid_noun
hammers,various,-14.125,1,single_token,not_valid_noun
hammers,several,-14.125,1,single_token,not_valid_noun
hammers,complete,-14.125,1,single_token,not_valid_noun
hammers,scienti,-14.125,1,single_token,not_valid_noun
hammers,productive,-14.125,1,single_token,not_valid_noun
hammers,tha,-14.125,1,single_token,not_valid_noun
hammers,erg,-14.125,1,single_token,incomplete_phrase
hammers,Indust,-14.125,1,single_token,not_valid_noun
hammers,? Select,-14.15625,2,2token,not_valid_noun
hammers,.... fruit,-14.15625,2,2token,not_valid_noun
hammers,small piece,-14.15625,2,2token,incomplete_phrase
hammers,.... Tools,-14.15625,2,2token,not_valid_noun
hammers,? Write,-14.15625,2,2token,not_valid_noun
hammers,? _______,-14.15625,2,2token,not_valid_noun
hammers,cooking app,-14.15625,2,2token,incomplete_phrase
hammers,cooking ____,-14.15625,2,2token,not_valid_noun
hammers,cooking ingredients,-14.15625,2,2token,not_valid_noun
hammers,of construction,-14.15625,2,2token,not_valid_noun
hammers,of instruments,-14.15625,2,2token,not_valid_noun
hammers,_ object,-14.15625,2,2token,not_valid_noun
hammers,of,-14.15625,2,2token,not_valid_noun
hammers,: Select,-14.15625,2,2token,not_valid_noun
hammers,_ and,-14.15625,2,2token,not_valid_noun
hammers,_ _________,-14.15625,2,2token,not_valid_noun
hammers,of machine,-14.15625,2,2token,not_valid_noun
hammers,"? ,",-14.15625,2,2token,not_valid_noun
hammers,utensils .,-14.15625,2,2token,not_valid_noun
hammers,carpenter s,-14.1875,2,2token,not_valid_noun
hammers,… Correct,-14.1875,2,2token,not_valid_noun
hammers,… Translate,-14.1875,2,2token,not_valid_noun
hammers,… Tool,-14.1875,2,2token,not_valid_noun
hammers,MS,-14.1875,1,single_token,not_valid_noun
hammers,mou,-14.1875,1,single_token,incomplete_phrase
hammers,aper,-14.1875,1,single_token,incomplete_phrase
hammers,knitting,-14.1875,1,single_token,incomplete_phrase
hammers,….. A,-14.1875,2,2token,not_valid_noun
hammers,scal,-14.1875,1,single_token,not_valid_noun
hammers,home maintenance,-14.1875,2,2token,incomplete_phrase
hammers,home ...,-14.1875,2,2token,not_valid_noun
hammers,home ________,-14.1875,2,2token,not_valid_noun
hammers,cr,-14.1875,1,single_token,not_valid_noun
hammers,letters,-14.1875,1,single_token,not_valid_noun
hammers,Ing,-14.1875,1,single_token,incomplete_phrase
hammers,scre,-14.1875,1,single_token,not_valid_noun
hammers,complex,-14.1875,1,single_token,incomplete_phrase
hammers,".,",-14.1875,1,single_token,not_valid_noun
hammers,the hammer,-14.1875,2,2token,not_valid_noun
hammers,the machine,-14.1875,2,2token,not_valid_noun
hammers,…. Match,-14.1875,2,2token,not_valid_noun
hammers,___ _____,-14.1875,2,2token,not_valid_noun
hammers,… When,-14.1875,2,2token,not_valid_noun
hammers,… To,-14.1875,2,2token,not_valid_noun
hammers,chisel .,-14.1875,2,2token,not_valid_noun
hammers,… Select,-14.1875,2,2token,not_valid_noun
hammers,… of,-14.1875,2,2token,not_valid_noun
hammers,cho,-14.1875,1,single_token,incomplete_phrase
hammers,put,-14.1875,1,single_token,incomplete_phrase
hammers,…. ?,-14.1875,2,2token,not_valid_noun
hammers,", or",-14.1875,2,2token,not_valid_noun
hammers,", ________",-14.1875,2,2token,not_valid_noun
hammers,kitchen …,-14.1875,2,2token,not_valid_noun
hammers,…. Use,-14.1875,2,2token,not_valid_noun
hammers,re,-14.1875,1,single_token,not_valid_noun
hammers,kitchen ingredient,-14.1875,2,2token,not_valid_noun
hammers,M,-14.1875,1,single_token,not_valid_noun
hammers,kitchen app,-14.1875,2,2token,incomplete_phrase
hammers,____ A,-14.1875,2,2token,not_valid_noun
hammers,…. I,-14.1875,2,2token,not_valid_noun
hammers,..... tools,-14.1875,2,2token,not_valid_noun
hammers,engineering .,-14.1875,2,2token,not_valid_noun
hammers,ra,-14.1875,1,single_token,not_valid_noun
hammers,ne,-14.1875,1,single_token,not_valid_noun
hammers,G,-14.1875,1,single_token,not_valid_noun
hammers,,-14.1875,1,single_token,not_valid_noun
hammers,nat,-14.1875,1,single_token,incomplete_phrase
hammers,Cl,-14.1875,1,single_token,not_valid_noun
hammers,item that,-14.21875,2,2token,incomplete_phrase
hammers,A is,-14.21875,2,2token,not_valid_noun
hammers,A _______,-14.21875,2,2token,not_valid_noun
hammers,instruments that,-14.21875,2,2token,incomplete_phrase
hammers,Tool Fill,-14.21875,2,2token,not_valid_noun
hammers,....... a,-14.21875,2,2token,not_valid_noun
hammers,nails .,-14.21875,2,2token,not_valid_noun
hammers,Tool The,-14.21875,2,2token,incomplete_phrase
hammers,A ______,-14.21875,2,2token,not_valid_noun
hammers,A fruit,-14.21875,2,2token,not_valid_noun
hammers,Instrument complete,-14.21875,2,2token,not_valid_noun
hammers,A tools,-14.21875,2,2token,not_valid_noun
hammers,_________ Tool,-14.21875,2,2token,not_valid_noun
hammers,machine TOOLS,-14.21875,2,2token,incomplete_phrase
hammers,Tool and,-14.21875,2,2token,incomplete_phrase
hammers,hammer ________,-14.21875,2,2token,not_valid_noun
hammers,_______,-14.21875,2,2token,not_valid_noun
hammers,hammer _______,-14.21875,2,2token,not_valid_noun
hammers,___________ ________,-14.21875,2,2token,not_valid_noun
hammers,machine COMPLETE,-14.21875,2,2token,not_valid_noun
hammers,_________ ?,-14.21875,2,2token,not_valid_noun
hammers,_________ ....,-14.21875,2,2token,not_valid_noun
hammers,machine with,-14.21875,2,2token,incomplete_phrase
hammers,thing with,-14.21875,2,2token,incomplete_phrase
hammers,made up,-14.21875,2,2token,not_valid_noun
hammers,Tool Use,-14.21875,2,2token,incomplete_phrase
hammers,hammer are,-14.21875,2,2token,incomplete_phrase
hammers,_______ machine,-14.21875,2,2token,not_valid_noun
hammers,______ Select,-14.21875,2,2token,not_valid_noun
hammers,_______ Comple,-14.21875,2,2token,not_valid_noun
hammers,made with,-14.21875,2,2token,not_valid_noun
hammers,/ not,-14.21875,2,2token,not_valid_noun
hammers,machine _,-14.21875,2,2token,not_valid_noun
hammers,A word,-14.21875,2,2token,not_valid_noun
hammers,factory Complete,-14.234375,2,2token,not_valid_noun
hammers,__________ _________,-14.25,2,2token,not_valid_noun
hammers,ail,-14.25,1,single_token,incomplete_phrase
hammers,door .,-14.25,2,2token,not_valid_noun
hammers,sculpting,-14.25,1,single_token,not_valid_noun
hammers,Int,-14.25,1,single_token,not_valid_noun
hammers,__________ and,-14.25,2,2token,not_valid_noun
hammers,intr,-14.25,1,single_token,not_valid_noun
hammers,ost,-14.25,1,single_token,not_valid_noun
hammers,productivity,-14.25,1,single_token,incomplete_phrase
hammers,lan,-14.25,1,single_token,incomplete_phrase
hammers,All,-14.25,1,single_token,not_valid_noun
hammers,._,-14.25,1,single_token,not_valid_noun
hammers,,-14.25,1,single_token,not_valid_noun
hammers,gra,-14.25,1,single_token,incomplete_phrase
hammers,worker Complete,-14.25,2,2token,not_valid_noun
hammers,ste,-14.25,1,single_token,not_valid_noun
hammers,tri,-14.25,1,single_token,not_valid_noun
hammers,...... (,-14.25,2,2token,not_valid_noun
hammers,...... tool,-14.25,2,2token,not_valid_noun
hammers,...... a,-14.25,2,2token,not_valid_noun
hammers,__ _,-14.25,2,2token,not_valid_noun
hammers,_____ in,-14.25,2,2token,not_valid_noun
hammers,__,-14.25,2,2token,not_valid_noun
hammers,_____ for,-14.25,2,2token,not_valid_noun
hammers,device which,-14.25,2,2token,incomplete_phrase
hammers,......... tool,-14.25,2,2token,not_valid_noun
hammers,......... A,-14.25,2,2token,not_valid_noun
hammers,that people,-14.25,2,2token,incomplete_phrase
hammers,par,-14.25,1,single_token,incomplete_phrase
hammers,__________ Choose,-14.25,2,2token,not_valid_noun
hammers,__________ Tool,-14.25,2,2token,not_valid_noun
hammers,__________ The,-14.25,2,2token,not_valid_noun
hammers,prat,-14.25,1,single_token,incomplete_phrase
hammers,anv,-14.25,1,single_token,not_valid_noun
hammers,инструмент,-14.25,1,single_token,not_valid_noun
hammers,●,-14.25,1,single_token,not_valid_noun
hammers,steel .,-14.25,2,2token,not_valid_noun
hammers,........ (,-14.25,2,2token,not_valid_noun
hammers,mans,-14.25,1,single_token,incomplete_phrase
hammers,......... Fill,-14.25,2,2token,not_valid_noun
hammers,what (,-14.25,2,2token,not_valid_noun
hammers,and hammers,-14.28125,2,2token,not_valid_noun
hammers,wood Complete,-14.28125,2,2token,not_valid_noun
hammers,and complete,-14.28125,2,2token,not_valid_noun
hammers,weapon ….,-14.28125,2,2token,not_valid_noun
hammers,_ Make,-14.28125,2,2token,not_valid_noun
hammers,weapon Read,-14.28125,2,2token,not_valid_noun
hammers,and the,-14.28125,2,2token,not_valid_noun
hammers,iron -,-14.28125,2,2token,not_valid_noun
hammers,_,-14.28125,2,2token,not_valid_noun
hammers,_,-14.28125,2,2token,not_valid_noun
hammers,weapon _____,-14.28125,2,2token,not_valid_noun
hammers,weapon a,-14.28125,2,2token,not_valid_noun
hammers,pen .,-14.28125,2,2token,not_valid_noun
hammers,mechanic .,-14.28125,2,2token,not_valid_noun
hammers,this Complete,-14.28125,2,2token,not_valid_noun
hammers,weapon .....,-14.28125,2,2token,not_valid_noun
hammers,of wood,-14.28125,2,2token,not_valid_noun
hammers,of work,-14.28125,2,2token,not_valid_noun
hammers,of hand,-14.28125,2,2token,not_valid_noun
hammers,of building,-14.28125,2,2token,not_valid_noun
hammers,weapon with,-14.28125,2,2token,incomplete_phrase
hammers,weapon [,-14.28125,2,2token,not_valid_noun
hammers,utensils Complete,-14.28125,2,2token,not_valid_noun
hammers,- Fill,-14.3125,2,2token,not_valid_noun
hammers,( object,-14.3125,2,2token,not_valid_noun
hammers,… Home,-14.3125,2,2token,not_valid_noun
hammers,… [,-14.3125,2,2token,not_valid_noun
hammers,….. .,-14.3125,2,2token,not_valid_noun
hammers,construc,-14.3125,1,single_token,not_valid_noun
hammers,mash,-14.3125,1,single_token,incomplete_phrase
hammers,home decorating,-14.3125,2,2token,incomplete_phrase
hammers,ted,-14.3125,1,single_token,not_valid_noun
hammers,Workshop,-14.3125,1,single_token,incomplete_phrase
hammers,UT,-14.3125,1,single_token,not_valid_noun
hammers,Werk,-14.3125,1,single_token,not_valid_noun
hammers,veh,-14.3125,1,single_token,not_valid_noun
hammers,hitting,-14.3125,1,single_token,not_valid_noun
hammers,materia,-14.3125,1,single_token,not_valid_noun
hammers,"-,",-14.3125,1,single_token,not_valid_noun
hammers,hammers Complete,-14.3125,2,2token,not_valid_noun
hammers,… See,-14.3125,2,2token,not_valid_noun
hammers,pea,-14.3125,1,single_token,incomplete_phrase
hammers,:(,-14.3125,1,single_token,not_valid_noun
hammers,____ Select,-14.3125,2,2token,not_valid_noun
hammers,_. Use,-14.3125,2,2token,not_valid_noun
hammers,either,-14.3125,1,single_token,not_valid_noun
hammers,", i",-14.3125,2,2token,not_valid_noun
hammers,", I",-14.3125,2,2token,not_valid_noun
hammers,…. Find,-14.3125,2,2token,not_valid_noun
hammers,…. tools,-14.3125,2,2token,not_valid_noun
hammers,fle,-14.3125,1,single_token,not_valid_noun
hammers,station,-14.3125,1,single_token,incomplete_phrase
hammers,marks,-14.3125,1,single_token,not_valid_noun
hammers,ED,-14.3125,1,single_token,not_valid_noun
hammers,marking,-14.3125,1,single_token,incomplete_phrase
hammers,,-14.3125,1,single_token,not_valid_noun
hammers,( ________,-14.3125,2,2token,not_valid_noun
hammers,Y,-14.3125,1,single_token,not_valid_noun
hammers,when,-14.3125,1,single_token,not_valid_noun
hammers,( metal,-14.3125,2,2token,not_valid_noun
hammers,Are,-14.3125,1,single_token,not_valid_noun
hammers,pp,-14.3125,1,single_token,not_valid_noun
hammers,ci,-14.3125,1,single_token,not_valid_noun
hammers,known,-14.3125,1,single_token,not_valid_noun
hammers,С,-14.3125,1,single_token,not_valid_noun
hammers,question,-14.3125,1,single_token,not_valid_noun
hammers,med,-14.3125,1,single_token,not_valid_noun
hammers,bea,-14.3125,1,single_token,not_valid_noun
hammers,well,-14.3125,1,single_token,incomplete_phrase
hammers,birds,-14.3125,1,single_token,not_valid_noun
hammers,whereas,-14.3125,1,single_token,not_valid_noun
hammers,___ __,-14.3125,2,2token,not_valid_noun
hammers,equipment ...,-14.3125,2,2token,not_valid_noun
hammers,,-14.3125,1,single_token,not_valid_noun
hammers,T,-14.3125,1,single_token,not_valid_noun
hammers,…. tool,-14.3125,2,2token,not_valid_noun
hammers,"_______ ,",-14.34375,2,2token,not_valid_noun
hammers,_______ TOOLS,-14.34375,2,2token,not_valid_noun
hammers,_______ metal,-14.34375,2,2token,not_valid_noun
hammers,_______ ___________,-14.34375,2,2token,not_valid_noun
hammers,made to,-14.34375,2,2token,not_valid_noun
hammers,…… Continue,-14.34375,2,2token,not_valid_noun
hammers,________ ?,-14.34375,2,2token,not_valid_noun
hammers,…… What,-14.34375,2,2token,not_valid_noun
hammers,simple mach,-14.34375,2,2token,incomplete_phrase
hammers,....... tool,-14.34375,2,2token,not_valid_noun
hammers,object with,-14.34375,2,2token,not_valid_noun
hammers,________ Work,-14.34375,2,2token,not_valid_noun
hammers,"..., because",-14.34375,2,2token,not_valid_noun
hammers,"..., the",-14.34375,2,2token,not_valid_noun
hammers,hand utens,-14.34375,2,2token,incomplete_phrase
hammers,hammer a,-14.34375,2,2token,not_valid_noun
hammers,___________ Fill,-14.34375,2,2token,not_valid_noun
hammers,hand __,-14.34375,2,2token,not_valid_noun
hammers,Tool is,-14.34375,2,2token,not_valid_noun
hammers,______ _________,-14.34375,2,2token,not_valid_noun
hammers,______ Comple,-14.34375,2,2token,not_valid_noun
hammers,hammer used,-14.34375,2,2token,incomplete_phrase
hammers,_________ ____________,-14.34375,2,2token,not_valid_noun
hammers,______ and,-14.34375,2,2token,not_valid_noun
hammers,_________ _,-14.34375,2,2token,not_valid_noun
hammers,______ _,-14.34375,2,2token,not_valid_noun
hammers,______ The,-14.34375,2,2token,not_valid_noun
hammers,wrench Complete,-14.34375,2,2token,not_valid_noun
hammers,A (,-14.34375,2,2token,not_valid_noun
hammers,machine A,-14.34375,2,2token,not_valid_noun
hammers,machine ______,-14.34375,2,2token,not_valid_noun
hammers,machine _____,-14.34375,2,2token,not_valid_noun
hammers,machine .....,-14.34375,2,2token,not_valid_noun
hammers,A device,-14.34375,2,2token,not_valid_noun
hammers,machine Part,-14.34375,2,2token,incomplete_phrase
hammers,метал,-14.375,1,single_token,not_valid_noun
hammers,kitchen _____,-14.375,2,2token,not_valid_noun
hammers,tra,-14.375,1,single_token,incomplete_phrase
hammers,ang,-14.375,1,single_token,not_valid_noun
hammers,__________ _,-14.375,2,2token,not_valid_noun
hammers,__________ ?,-14.375,2,2token,not_valid_noun
hammers,__________ _.,-14.375,2,2token,not_valid_noun
hammers,tall,-14.375,1,single_token,incomplete_phrase
hammers,murder,-14.375,1,single_token,incomplete_phrase
hammers,r,-14.375,1,single_token,not_valid_noun
hammers,unlike,-14.375,1,single_token,not_valid_noun
hammers,I,-14.375,2,2token,not_valid_noun
hammers,TOOL that,-14.375,2,2token,incomplete_phrase
hammers,machined,-14.375,1,single_token,not_valid_noun
hammers,wha,-14.375,1,single_token,not_valid_noun
hammers,(?,-14.375,1,single_token,not_valid_noun
hammers,⇒,-14.375,1,single_token,not_valid_noun
hammers,TOOL ...,-14.375,2,2token,not_valid_noun
hammers,blick,-14.375,1,single_token,incomplete_phrase
hammers,sports .,-14.375,2,2token,not_valid_noun
hammers,what Complete,-14.375,2,2token,not_valid_noun
hammers,...... ?,-14.375,2,2token,not_valid_noun
hammers,<,-14.375,2,2token,not_valid_noun
hammers,mending,-14.375,1,single_token,incomplete_phrase
hammers,animate,-14.375,1,single_token,not_valid_noun
hammers,............... (,-14.375,2,2token,not_valid_noun
hammers,earth,-14.375,1,single_token,incomplete_phrase
hammers,:),-14.375,1,single_token,not_valid_noun
hammers,muscles,-14.375,1,single_token,not_valid_noun
hammers,please,-14.375,1,single_token,not_valid_noun
hammers,chan,-14.375,1,single_token,not_valid_noun
hammers,.............. tool,-14.375,2,2token,not_valid_noun
hammers,needed,-14.375,1,single_token,not_valid_noun
hammers,that helps,-14.375,2,2token,incomplete_phrase
hammers,we do,-14.375,2,2token,not_valid_noun
hammers,social,-14.375,1,single_token,incomplete_phrase
hammers,nail or,-14.375,2,2token,not_valid_noun
hammers,............... Fill,-14.375,2,2token,not_valid_noun
hammers,(=,-14.375,1,single_token,not_valid_noun
hammers,........ A,-14.375,2,2token,not_valid_noun
hammers,wild,-14.375,1,single_token,incomplete_phrase
hammers,air,-14.375,1,single_token,incomplete_phrase
hammers,which instrument,-14.390625,2,2token,not_valid_noun
hammers,: ________,-14.40625,2,2token,not_valid_noun
hammers,: ...,-14.40625,2,2token,not_valid_noun
hammers,? Answer,-14.40625,2,2token,not_valid_noun
hammers,? Match,-14.40625,2,2token,not_valid_noun
hammers,? ....,-14.40625,2,2token,not_valid_noun
hammers,? Which,-14.40625,2,2token,not_valid_noun
hammers,and they,-14.40625,2,2token,not_valid_noun
hammers,? fruit,-14.40625,2,2token,not_valid_noun
hammers,of ...,-14.40625,2,2token,not_valid_noun
hammers,craft ________,-14.40625,2,2token,not_valid_noun
hammers,weapon :,-14.40625,2,2token,not_valid_noun
hammers,weapon /,-14.40625,2,2token,not_valid_noun
hammers,weapon …,-14.40625,2,2token,not_valid_noun
hammers,weapon fruit,-14.40625,2,2token,incomplete_phrase
hammers,weapon Incomplete,-14.40625,2,2token,not_valid_noun
hammers,toy for,-14.40625,2,2token,incomplete_phrase
hammers,iron used,-14.40625,2,2token,incomplete_phrase
hammers,.... You,-14.40625,2,2token,not_valid_noun
hammers,.... An,-14.40625,2,2token,not_valid_noun
hammers,.... and,-14.40625,2,2token,not_valid_noun
hammers,iron Work,-14.40625,2,2token,incomplete_phrase
hammers,industry Complete,-14.40625,2,2token,not_valid_noun
hammers,Werkzeug,-14.40625,2,2token,not_valid_noun
hammers,строи,-14.4375,1,single_token,not_valid_noun
hammers,wh,-14.4375,1,single_token,not_valid_noun
hammers,sou,-14.4375,1,single_token,incomplete_phrase
hammers,indust,-14.4375,1,single_token,not_valid_noun
hammers,the instruments,-14.4375,2,2token,not_valid_noun
hammers,,-14.4375,1,single_token,not_valid_noun
hammers,", Choose",-14.4375,2,2token,not_valid_noun
hammers,_. I,-14.4375,2,2token,not_valid_noun
hammers,equi,-14.4375,1,single_token,not_valid_noun
hammers,_. ...,-14.4375,2,2token,not_valid_noun
hammers,", Fill",-14.4375,2,2token,not_valid_noun
hammers,hard ...,-14.4375,2,2token,not_valid_noun
hammers,..... Select,-14.4375,2,2token,not_valid_noun
hammers,equipment and,-14.4375,2,2token,incomplete_phrase
hammers,general,-14.4375,1,single_token,incomplete_phrase
hammers,Un,-14.4375,1,single_token,not_valid_noun
hammers,Science,-14.4375,1,single_token,incomplete_phrase
hammers,professional,-14.4375,1,single_token,incomplete_phrase
hammers,girls,-14.4375,1,single_token,not_valid_noun
hammers,classroom,-14.4375,1,single_token,incomplete_phrase
hammers,sees,-14.4375,1,single_token,not_valid_noun
hammers,Hard,-14.4375,1,single_token,not_valid_noun
hammers,eq,-14.4375,1,single_token,not_valid_noun
hammers,woods,-14.4375,1,single_token,not_valid_noun
hammers,we all,-14.4375,2,2token,not_valid_noun
hammers,we use,-14.4375,2,2token,not_valid_noun
hammers,we ...,-14.4375,2,2token,not_valid_noun
hammers,", metal",-14.4375,2,2token,not_valid_noun
hammers,industri,-14.4375,1,single_token,not_valid_noun
hammers,recreational,-14.4375,1,single_token,not_valid_noun
hammers,things you,-14.4375,2,2token,incomplete_phrase
hammers,things .,-14.4375,2,2token,not_valid_noun
hammers,hard and,-14.4375,2,2token,not_valid_noun
hammers,fruit and,-14.4375,2,2token,incomplete_phrase
hammers,___ Tool,-14.4375,2,2token,not_valid_noun
hammers,___ ______,-14.4375,2,2token,not_valid_noun
hammers,___ Choose,-14.4375,2,2token,not_valid_noun
hammers,___ ________,-14.4375,2,2token,not_valid_noun
hammers,[,-14.4375,2,2token,not_valid_noun
hammers,aux,-14.4375,1,single_token,not_valid_noun
hammers,___ What,-14.4375,2,2token,not_valid_noun
hammers,plu,-14.4375,1,single_token,not_valid_noun
hammers,aw,-14.4375,1,single_token,not_valid_noun
hammers,flat piece,-14.4375,2,2token,incomplete_phrase
hammers,the equipment,-14.4375,2,2token,not_valid_noun
hammers,agricul,-14.4375,1,single_token,not_valid_noun
hammers,z,-14.4375,1,single_token,not_valid_noun
hammers,out,-14.4375,1,single_token,incomplete_phrase
hammers,ri,-14.4375,1,single_token,not_valid_noun
hammers,equipment which,-14.4375,2,2token,incomplete_phrase
hammers,weight and,-14.4375,2,2token,incomplete_phrase
hammers,containers,-14.4375,1,single_token,not_valid_noun
hammers,the things,-14.4375,2,2token,not_valid_noun
hammers,the kind,-14.4375,2,2token,not_valid_noun
hammers,rounded,-14.4375,1,single_token,not_valid_noun
hammers,wor,-14.4375,1,single_token,not_valid_noun
hammers,[ blank,-14.4375,2,2token,not_valid_noun
hammers,object _______,-14.46875,2,2token,not_valid_noun
hammers,Tool which,-14.46875,2,2token,incomplete_phrase
hammers,Tool .....,-14.46875,2,2token,not_valid_noun
hammers,/ metal,-14.46875,2,2token,not_valid_noun
hammers,.. tool,-14.46875,2,2token,not_valid_noun
hammers,machine Answer,-14.46875,2,2token,not_valid_noun
hammers,.. a,-14.46875,2,2token,not_valid_noun
hammers,machine ____,-14.46875,2,2token,not_valid_noun
hammers,…… The,-14.46875,2,2token,not_valid_noun
hammers,_______,-14.46875,2,2token,not_valid_noun
hammers,_______ I,-14.46875,2,2token,not_valid_noun
hammers,machine fruit,-14.46875,2,2token,incomplete_phrase
hammers,machine :,-14.46875,2,2token,not_valid_noun
hammers,object a,-14.46875,2,2token,not_valid_noun
hammers,______ _.,-14.46875,2,2token,not_valid_noun
hammers,item Complete,-14.46875,2,2token,not_valid_noun
hammers,______ machine,-14.46875,2,2token,not_valid_noun
hammers,_______ -,-14.46875,2,2token,not_valid_noun
hammers,_______ equipment,-14.46875,2,2token,not_valid_noun
hammers,item .,-14.46875,2,2token,not_valid_noun
hammers,_______ Answer,-14.46875,2,2token,not_valid_noun
hammers,TOOLS,-14.46875,2,2token,not_valid_noun
hammers,______ What,-14.46875,2,2token,not_valid_noun
hammers,machine Fill,-14.46875,2,2token,not_valid_noun
hammers,A object,-14.46875,2,2token,not_valid_noun
hammers,____________ Choose,-14.46875,2,2token,not_valid_noun
hammers,domestic utens,-14.46875,2,2token,incomplete_phrase
hammers,________ that,-14.46875,2,2token,not_valid_noun
hammers,_______ or,-14.46875,2,2token,not_valid_noun
hammers,thing we,-14.46875,2,2token,not_valid_noun
hammers,wrench .,-14.46875,2,2token,not_valid_noun
hammers,/ tools,-14.46875,2,2token,not_valid_noun
hammers,A carpenter,-14.46875,2,2token,not_valid_noun
hammers,_______,-14.46875,2,2token,not_valid_noun
hammers,"..., tools",-14.46875,2,2token,not_valid_noun
hammers,hammer in,-14.46875,2,2token,not_valid_noun
hammers,verb .,-14.46875,2,2token,not_valid_noun
hammers,cooking ______,-14.46875,2,2token,not_valid_noun
hammers,cooking ________,-14.46875,2,2token,not_valid_noun
hammers,cooking …,-14.46875,2,2token,not_valid_noun
hammers,_______ COMPLETE,-14.46875,2,2token,not_valid_noun
hammers,_________,-14.46875,2,2token,not_valid_noun
hammers,cutlery .,-14.46875,2,2token,not_valid_noun
hammers,"_________ ,",-14.46875,2,2token,not_valid_noun
hammers,craft _______,-14.46875,2,2token,not_valid_noun
hammers,machine is,-14.46875,2,2token,not_valid_noun
hammers,/ set,-14.46875,2,2token,not_valid_noun
hammers,Instrument (,-14.46875,2,2token,not_valid_noun
hammers,/ sort,-14.46875,2,2token,not_valid_noun
hammers,windows,-14.5,1,single_token,not_valid_noun
hammers,Far,-14.5,1,single_token,incomplete_phrase
hammers,Tools for,-14.5,2,2token,incomplete_phrase
hammers,eye,-14.5,1,single_token,incomplete_phrase
hammers,sh,-14.5,1,single_token,not_valid_noun
hammers,ver,-14.5,1,single_token,not_valid_noun
hammers,also,-14.5,1,single_token,not_valid_noun
hammers,looking,-14.5,1,single_token,incomplete_phrase
hammers,major,-14.5,1,single_token,incomplete_phrase
hammers,points,-14.5,1,single_token,not_valid_noun
hammers,dom,-14.5,1,single_token,incomplete_phrase
hammers,typical,-14.5,1,single_token,not_valid_noun
hammers,fingernails,-14.5,1,single_token,not_valid_noun
hammers,Measuring,-14.5,1,single_token,incomplete_phrase
hammers,which one,-14.5,2,2token,not_valid_noun
hammers,...... Fill,-14.5,2,2token,not_valid_noun
hammers,cooked,-14.5,1,single_token,not_valid_noun
hammers,fie,-14.5,1,single_token,incomplete_phrase
hammers,robots,-14.5,1,single_token,not_valid_noun
hammers,Domestic,-14.5,1,single_token,incomplete_phrase
hammers,............... tool,-14.5,2,2token,not_valid_noun
hammers,apart,-14.5,1,single_token,not_valid_noun
hammers,............... A,-14.5,2,2token,not_valid_noun
hammers,__________ ____________,-14.5,2,2token,not_valid_noun
hammers,__________ ______,-14.5,2,2token,not_valid_noun
hammers,W,-14.5,1,single_token,not_valid_noun
hammers,mechanical ...,-14.5,2,2token,not_valid_noun
hammers,p ....,-14.5,2,2token,not_valid_noun
hammers,__ __,-14.5,2,2token,not_valid_noun
hammers,I don,-14.5,2,2token,not_valid_noun
hammers,which we,-14.5,2,2token,not_valid_noun
hammers,p i,-14.5,2,2token,not_valid_noun
hammers,........ The,-14.5,2,2token,not_valid_noun
hammers,........ a,-14.5,2,2token,not_valid_noun
hammers,muscle .,-14.5,2,2token,not_valid_noun
hammers,__________ What,-14.5,2,2token,not_valid_noun
hammers,iron ________,-14.53125,2,2token,not_valid_noun
hammers,of Tool,-14.53125,2,2token,not_valid_noun
hammers,iron ....,-14.53125,2,2token,not_valid_noun
hammers,gun Complete,-14.53125,2,2token,not_valid_noun
hammers,weapon is,-14.53125,2,2token,not_valid_noun
hammers,wood carving,-14.53125,2,2token,incomplete_phrase
hammers,hardware that,-14.53125,2,2token,incomplete_phrase
hammers,? and,-14.53125,2,2token,not_valid_noun
hammers,of (,-14.53125,2,2token,not_valid_noun
hammers,toy (,-14.53125,2,2token,not_valid_noun
hammers,is tool,-14.53125,2,2token,not_valid_noun
hammers,is an,-14.53125,2,2token,not_valid_noun
hammers,------------ tool,-14.53125,2,2token,not_valid_noun
hammers,hand …,-14.53125,2,2token,not_valid_noun
hammers,hand ____,-14.53125,2,2token,not_valid_noun
hammers,of ________,-14.53125,2,2token,not_valid_noun
hammers,hand ____________,-14.53125,2,2token,not_valid_noun
hammers,.... Please,-14.53125,2,2token,not_valid_noun
hammers,.... hammers,-14.53125,2,2token,not_valid_noun
hammers,What would,-14.53125,2,2token,not_valid_noun
hammers,.... _,-14.53125,2,2token,not_valid_noun
hammers,.... of,-14.53125,2,2token,not_valid_noun
hammers,of iron,-14.53125,2,2token,not_valid_noun
hammers,.... We,-14.53125,2,2token,not_valid_noun
hammers,: hammers,-14.53125,2,2token,not_valid_noun
hammers,.... Identify,-14.53125,2,2token,not_valid_noun
hammers,processing,-14.5625,1,single_token,not_valid_noun
hammers,", like",-14.5625,2,2token,not_valid_noun
hammers,", you",-14.5625,2,2token,not_valid_noun
hammers,….. a,-14.5625,2,2token,not_valid_noun
hammers,an appliance,-14.5625,2,2token,not_valid_noun
hammers,an equipment,-14.5625,2,2token,not_valid_noun
hammers,Old,-14.5625,1,single_token,incomplete_phrase
hammers,killing,-14.5625,1,single_token,incomplete_phrase
hammers,Choose,-14.5625,1,single_token,not_valid_noun
hammers,symbols,-14.5625,1,single_token,not_valid_noun
hammers,bod,-14.5625,1,single_token,incomplete_phrase
hammers,twee,-14.5625,1,single_token,not_valid_noun
hammers,gloves,-14.5625,1,single_token,not_valid_noun
hammers,throwing,-14.5625,1,single_token,not_valid_noun
hammers,exca,-14.5625,1,single_token,not_valid_noun
hammers,apar,-14.5625,1,single_token,incomplete_phrase
hammers,geological,-14.5625,1,single_token,not_valid_noun
hammers,Handy,-14.5625,1,single_token,incomplete_phrase
hammers,…. We,-14.5625,2,2token,not_valid_noun
hammers,siege,-14.5625,1,single_token,incomplete_phrase
hammers,science lab,-14.5625,2,2token,incomplete_phrase
hammers,machines that,-14.5625,2,2token,incomplete_phrase
hammers,machines for,-14.5625,2,2token,incomplete_phrase
hammers,difficult,-14.5625,1,single_token,not_valid_noun
hammers,click,-14.5625,1,single_token,not_valid_noun
hammers,pocket,-14.5625,1,single_token,incomplete_phrase
hammers,belongs,-14.5625,1,single_token,not_valid_noun
hammers,tough,-14.5625,1,single_token,incomplete_phrase
hammers,$-$,-14.5625,1,single_token,not_valid_noun
hammers,powered,-14.5625,1,single_token,not_valid_noun
hammers,sof,-14.5625,1,single_token,not_valid_noun
hammers,p ...,-14.5625,2,2token,not_valid_noun
hammers,occupational,-14.5625,1,single_token,incomplete_phrase
hammers,indispensable,-14.5625,1,single_token,not_valid_noun
hammers,trades,-14.5625,1,single_token,not_valid_noun
hammers,", ____",-14.5625,2,2token,not_valid_noun
hammers,", hammer",-14.5625,2,2token,not_valid_noun
hammers,", Use",-14.5625,2,2token,not_valid_noun
hammers,Fa,-14.5625,1,single_token,not_valid_noun
hammers,fruit ....,-14.5625,2,2token,not_valid_noun
hammers,App,-14.5625,1,single_token,not_valid_noun
hammers,real,-14.5625,1,single_token,incomplete_phrase
hammers,supp,-14.5625,1,single_token,not_valid_noun
hammers,…. Correct,-14.5625,2,2token,not_valid_noun
hammers,…. Tools,-14.5625,2,2token,not_valid_noun
hammers,…. complete,-14.5625,2,2token,not_valid_noun
hammers,literary,-14.5625,1,single_token,not_valid_noun
hammers,auxiliary,-14.5625,1,single_token,incomplete_phrase
hammers,…. You,-14.5625,2,2token,not_valid_noun
hammers,artificial,-14.5625,1,single_token,not_valid_noun
hammers,part .,-14.5625,2,2token,not_valid_noun
hammers,mad,-14.5625,1,single_token,not_valid_noun
hammers,- instrument,-14.5625,2,2token,not_valid_noun
hammers,the construction,-14.5625,2,2token,not_valid_noun
hammers,six,-14.5625,1,single_token,incomplete_phrase
hammers,the .,-14.5625,2,2token,not_valid_noun
hammers,p a,-14.5625,2,2token,not_valid_noun
hammers,:-,-14.5625,1,single_token,not_valid_noun
hammers,Strong,-14.5625,1,single_token,not_valid_noun
hammers,Mal,-14.5625,1,single_token,incomplete_phrase
hammers,live,-14.5625,1,single_token,not_valid_noun
hammers,specific,-14.5625,1,single_token,incomplete_phrase
hammers,cra,-14.5625,1,single_token,not_valid_noun
hammers,- Select,-14.5625,2,2token,not_valid_noun
hammers,- Choose,-14.5625,2,2token,not_valid_noun
hammers,ta,-14.5625,1,single_token,not_valid_noun
hammers,choose,-14.5625,1,single_token,not_valid_noun
hammers,", for",-14.5625,2,2token,not_valid_noun
hammers,Ve,-14.5625,1,single_token,not_valid_noun
hammers,"""""",-14.5625,1,single_token,not_valid_noun
hammers,fruit ...,-14.5625,2,2token,not_valid_noun
hammers,che,-14.5625,1,single_token,incomplete_phrase
hammers,most,-14.5625,1,single_token,not_valid_noun
hammers,[ _,-14.5625,2,2token,not_valid_noun
hammers,El,-14.5625,1,single_token,not_valid_noun
hammers,posses,-14.5625,1,single_token,not_valid_noun
hammers,ابزار,-14.5625,1,single_token,not_valid_noun
hammers,irons,-14.5625,1,single_token,not_valid_noun
hammers,ot,-14.5625,1,single_token,not_valid_noun
hammers,plumbing,-14.5625,1,single_token,incomplete_phrase
hammers,usable,-14.5625,1,single_token,not_valid_noun
hammers,wrought,-14.5625,1,single_token,not_valid_noun
hammers,fixtures,-14.5625,1,single_token,not_valid_noun
hammers,having,-14.5625,1,single_token,not_valid_noun
hammers,cannot,-14.5625,1,single_token,not_valid_noun
hammers,,-14.5625,1,single_token,not_valid_noun
hammers,geometrical,-14.5625,1,single_token,not_valid_noun
hammers,,-14.5625,1,single_token,not_valid_noun
hammers,IN,-14.5625,1,single_token,not_valid_noun
hammers,”,-14.5625,1,single_token,not_valid_noun
hammers,tec,-14.5625,1,single_token,incomplete_phrase
hammers,Word,-14.5625,1,single_token,incomplete_phrase
hammers,..... Read,-14.5625,2,2token,not_valid_noun
hammers,..... complete,-14.5625,2,2token,not_valid_noun
hammers,..... ...,-14.5625,2,2token,not_valid_noun
hammers,art Complete,-14.5625,2,2token,not_valid_noun
hammers,", _______",-14.5625,2,2token,not_valid_noun
hammers,women,-14.5625,1,single_token,not_valid_noun
hammers,ale,-14.5625,1,single_token,incomplete_phrase
hammers,appropriate,-14.5625,1,single_token,not_valid_noun
hammers,ii,-14.5625,1,single_token,not_valid_noun
hammers,legal,-14.5625,1,single_token,not_valid_noun
hammers,mechanized,-14.5625,1,single_token,not_valid_noun
hammers,implement ______,-14.59375,2,2token,not_valid_noun
hammers,A _____,-14.59375,2,2token,not_valid_noun
hammers,____________ a,-14.59375,2,2token,not_valid_noun
hammers,_______ :,-14.59375,2,2token,not_valid_noun
hammers,A ____,-14.59375,2,2token,not_valid_noun
hammers,____________ ____________,-14.59375,2,2token,not_valid_noun
hammers,______ Correct,-14.59375,2,2token,not_valid_noun
hammers,______ COMPLETE,-14.59375,2,2token,not_valid_noun
hammers,_________ __________,-14.59375,2,2token,not_valid_noun
hammers,_________,-14.59375,2,2token,not_valid_noun
hammers,screwdriver .,-14.59375,2,2token,not_valid_noun
hammers,craft and,-14.59375,2,2token,incomplete_phrase
hammers,hand a,-14.59375,2,2token,not_valid_noun
hammers,thing made,-14.59375,2,2token,incomplete_phrase
hammers,clock Complete,-14.59375,2,2token,not_valid_noun
hammers,hand _____,-14.59375,2,2token,not_valid_noun
hammers,______ Write,-14.59375,2,2token,not_valid_noun
hammers,______ ?,-14.59375,2,2token,not_valid_noun
hammers,"..., (",-14.59375,2,2token,not_valid_noun
hammers,"..., too",-14.59375,2,2token,not_valid_noun
hammers,object ________,-14.59375,2,2token,not_valid_noun
hammers,________ Complete,-14.59375,2,2token,not_valid_noun
hammers,________ What,-14.59375,2,2token,not_valid_noun
hammers,/ the,-14.59375,2,2token,not_valid_noun
hammers,Tool _________,-14.59375,2,2token,not_valid_noun
hammers,implement ____,-14.59375,2,2token,not_valid_noun
hammers,Tool ___________,-14.59375,2,2token,not_valid_noun
hammers,equipment ....,-14.59375,2,2token,not_valid_noun
hammers,________ and,-14.59375,2,2token,not_valid_noun
hammers,........... Fill,-14.59375,2,2token,not_valid_noun
hammers,........... (,-14.59375,2,2token,not_valid_noun
hammers,money Complete,-14.59375,2,2token,not_valid_noun
hammers,________ used,-14.59375,2,2token,not_valid_noun
hammers,"..., tool",-14.59375,2,2token,not_valid_noun
hammers,sport (,-14.59375,2,2token,not_valid_noun
hammers,_______ that,-14.59375,2,2token,not_valid_noun
hammers,implement /,-14.59375,2,2token,not_valid_noun
hammers,implement with,-14.59375,2,2token,not_valid_noun
hammers,machine /,-14.59375,2,2token,not_valid_noun
hammers,las,-14.625,1,single_token,incomplete_phrase
hammers,primary,-14.625,1,single_token,incomplete_phrase
hammers,talking,-14.625,1,single_token,incomplete_phrase
hammers,Q,-14.625,1,single_token,not_valid_noun
hammers,which has,-14.625,2,2token,not_valid_noun
hammers,hel,-14.625,1,single_token,not_valid_noun
hammers,Al,-14.625,1,single_token,not_valid_noun
hammers,first,-14.625,1,single_token,incomplete_phrase
hammers,him,-14.625,1,single_token,not_valid_noun
hammers,high,-14.625,1,single_token,incomplete_phrase
hammers,cal,-14.625,1,single_token,not_valid_noun
hammers,CON,-14.625,1,single_token,incomplete_phrase
hammers,Class,-14.625,1,single_token,incomplete_phrase
hammers,hom,-14.625,1,single_token,not_valid_noun
hammers,ir,-14.625,1,single_token,not_valid_noun
hammers,et,-14.625,1,single_token,not_valid_noun
hammers,st,-14.625,1,single_token,not_valid_noun
hammers,инструменты,-14.625,1,single_token,not_valid_noun
hammers,sile,-14.625,1,single_token,incomplete_phrase
hammers,Outils,-14.625,1,single_token,not_valid_noun
hammers,©,-14.625,1,single_token,not_valid_noun
hammers,ment,-14.625,1,single_token,not_valid_noun
hammers,lose,-14.625,1,single_token,not_valid_noun
hammers,traffic,-14.625,1,single_token,incomplete_phrase
hammers,technology .,-14.625,2,2token,not_valid_noun
hammers,Job,-14.625,1,single_token,not_valid_noun
hammers,Bl,-14.625,1,single_token,not_valid_noun
hammers,pul,-14.625,1,single_token,incomplete_phrase
hammers,jew,-14.625,1,single_token,incomplete_phrase
hammers,pis,-14.625,1,single_token,not_valid_noun
hammers,oh,-14.625,1,single_token,not_valid_noun
hammers,......... a,-14.625,2,2token,not_valid_noun
hammers,< .,-14.625,2,2token,not_valid_noun
hammers,voc,-14.625,1,single_token,not_valid_noun
hammers,worked,-14.625,1,single_token,not_valid_noun
hammers,spa,-14.625,1,single_token,incomplete_phrase
hammers,Each,-14.625,1,single_token,incomplete_phrase
hammers,si,-14.625,1,single_token,not_valid_noun
hammers,tiny,-14.625,1,single_token,not_valid_noun
hammers,Heavy,-14.625,1,single_token,incomplete_phrase
hammers,dull,-14.625,1,single_token,not_valid_noun
hammers,fy,-14.625,1,single_token,not_valid_noun
hammers,describes,-14.625,1,single_token,not_valid_noun
hammers,applic,-14.625,1,single_token,not_valid_noun
hammers,pairs,-14.625,1,single_token,not_valid_noun
hammers,gol,-14.625,1,single_token,incomplete_phrase
hammers,meas,-14.625,1,single_token,incomplete_phrase
hammers,flying,-14.625,1,single_token,incomplete_phrase
hammers,material of,-14.625,2,2token,not_valid_noun
hammers,ору,-14.625,1,single_token,not_valid_noun
hammers,animal .,-14.625,2,2token,not_valid_noun
hammers,pt,-14.625,1,single_token,not_valid_noun
hammers,MET,-14.625,1,single_token,not_valid_noun
hammers,camping,-14.625,1,single_token,not_valid_noun
hammers,computers,-14.625,1,single_token,not_valid_noun
hammers,violent,-14.625,1,single_token,not_valid_noun
hammers,sni,-14.625,1,single_token,not_valid_noun
hammers,sturdy,-14.625,1,single_token,not_valid_noun
hammers,calculating,-14.625,1,single_token,not_valid_noun
hammers,renewable,-14.625,1,single_token,not_valid_noun
hammers,automotive,-14.625,1,single_token,not_valid_noun
hammers,which tools,-14.625,2,2token,not_valid_noun
hammers,which type,-14.625,2,2token,not_valid_noun
hammers,▸,-14.625,1,single_token,not_valid_noun
hammers,saws,-14.625,1,single_token,not_valid_noun
hammers,frying,-14.625,1,single_token,not_valid_noun
hammers,artisan,-14.625,1,single_token,incomplete_phrase
hammers,[.,-14.625,1,single_token,not_valid_noun
hammers,pruning,-14.625,1,single_token,incomplete_phrase
hammers,(/,-14.625,1,single_token,not_valid_noun
hammers,weighting,-14.625,1,single_token,incomplete_phrase
hammers,handcrafted,-14.625,1,single_token,not_valid_noun
hammers,moll,-14.625,1,single_token,incomplete_phrase
hammers,Tools that,-14.625,2,2token,incomplete_phrase
hammers,Tools ...,-14.625,2,2token,not_valid_noun
hammers,martial,-14.625,1,single_token,incomplete_phrase
hammers,"__________ ,",-14.625,2,2token,not_valid_noun
hammers,gr,-14.625,1,single_token,not_valid_noun
hammers,uni,-14.625,1,single_token,not_valid_noun
hammers,tal,-14.625,1,single_token,incomplete_phrase
hammers,must,-14.625,1,single_token,incomplete_phrase
hammers,wood (,-14.65625,2,2token,not_valid_noun
hammers,? Use,-14.65625,2,2token,not_valid_noun
hammers,What tools,-14.65625,2,2token,not_valid_noun
hammers,this (,-14.65625,2,2token,not_valid_noun
hammers,? Tool,-14.65625,2,2token,not_valid_noun
hammers,o,-14.65625,2,2token,not_valid_noun
hammers,hardware for,-14.65625,2,2token,incomplete_phrase
hammers,stone (,-14.65625,2,2token,not_valid_noun
hammers,What Is,-14.65625,2,2token,not_valid_noun
hammers,weapon Answer,-14.65625,2,2token,not_valid_noun
hammers,iron with,-14.65625,2,2token,not_valid_noun
hammers,weapon _,-14.65625,2,2token,not_valid_noun
hammers,What other,-14.65625,2,2token,not_valid_noun
hammers,What word,-14.65625,2,2token,not_valid_noun
hammers,power .,-14.65625,2,2token,not_valid_noun
hammers,? -,-14.65625,2,2token,not_valid_noun
hammers,weapon A,-14.65625,2,2token,not_valid_noun
hammers,household (,-14.65625,2,2token,not_valid_noun
hammers,? COMPLETE,-14.65625,2,2token,not_valid_noun
hammers,iron Working,-14.65625,2,2token,incomplete_phrase
hammers,iron utens,-14.65625,2,2token,incomplete_phrase
hammers,iron _______,-14.65625,2,2token,not_valid_noun
hammers,What else,-14.65625,2,2token,not_valid_noun
hammers,What did,-14.65625,2,2token,not_valid_noun
hammers,: _,-14.65625,2,2token,not_valid_noun
hammers,: :,-14.65625,2,2token,not_valid_noun
hammers,of weapon,-14.65625,2,2token,not_valid_noun
hammers,.... is,-14.65625,2,2token,not_valid_noun
hammers,....,-14.65625,2,2token,not_valid_noun
hammers,.... ________,-14.65625,2,2token,not_valid_noun
hammers,.... How,-14.65625,2,2token,not_valid_noun
hammers,____ _____,-14.65625,2,2token,not_valid_noun
hammers,.... COMPLETE,-14.65625,2,2token,not_valid_noun
hammers,iron ing,-14.65625,2,2token,incomplete_phrase
hammers,iron construction,-14.65625,2,2token,incomplete_phrase
hammers,____ a,-14.65625,2,2token,not_valid_noun
hammers,cross,-14.6875,1,single_token,incomplete_phrase
hammers,sind,-14.6875,1,single_token,incomplete_phrase
hammers,produ,-14.6875,1,single_token,not_valid_noun
hammers,…. fruit,-14.6875,2,2token,not_valid_noun
hammers,", _",-14.6875,2,2token,not_valid_noun
hammers,", __",-14.6875,2,2token,not_valid_noun
hammers,..... Use,-14.6875,2,2token,not_valid_noun
hammers,..... Answer,-14.6875,2,2token,not_valid_noun
hammers,..... Correct,-14.6875,2,2token,not_valid_noun
hammers,..... Match,-14.6875,2,2token,not_valid_noun
hammers,scissors .,-14.6875,2,2token,not_valid_noun
hammers,fruit or,-14.6875,2,2token,not_valid_noun
hammers,fruit complete,-14.6875,2,2token,not_valid_noun
hammers,things we,-14.6875,2,2token,not_valid_noun
hammers,herramienta,-14.6875,1,single_token,not_valid_noun
hammers,crafted,-14.6875,1,single_token,not_valid_noun
hammers,___ The,-14.6875,2,2token,not_valid_noun
hammers,___ Select,-14.6875,2,2token,not_valid_noun
hammers,fx,-14.6875,1,single_token,not_valid_noun
hammers,…. Select,-14.6875,2,2token,not_valid_noun
hammers,_. Find,-14.6875,2,2token,not_valid_noun
hammers,wie,-14.6875,1,single_token,not_valid_noun
hammers,", that",-14.6875,2,2token,not_valid_noun
hammers,", A",-14.6875,2,2token,not_valid_noun
hammers,descriptive,-14.6875,1,single_token,not_valid_noun
hammers,kinetic,-14.6875,1,single_token,not_valid_noun
hammers,climbing,-14.6875,1,single_token,incomplete_phrase
hammers,gad,-14.6875,1,single_token,incomplete_phrase
hammers,science .,-14.6875,2,2token,not_valid_noun
hammers,national,-14.6875,1,single_token,incomplete_phrase
hammers,va,-14.6875,1,single_token,not_valid_noun
hammers,num,-14.6875,1,single_token,not_valid_noun
hammers,vis,-14.6875,1,single_token,incomplete_phrase
hammers,fac,-14.6875,1,single_token,not_valid_noun
hammers,pers,-14.6875,1,single_token,not_valid_noun
hammers,As,-14.6875,1,single_token,not_valid_noun
hammers,know,-14.6875,1,single_token,incomplete_phrase
hammers,Why,-14.6875,1,single_token,not_valid_noun
hammers,cranes,-14.6875,1,single_token,not_valid_noun
hammers,Ic,-14.6875,1,single_token,not_valid_noun
hammers,described,-14.6875,1,single_token,not_valid_noun
hammers,,-14.6875,1,single_token,not_valid_noun
hammers,<-,-14.6875,1,single_token,not_valid_noun
hammers,OR,-14.6875,1,single_token,not_valid_noun
hammers,", ....",-14.6875,2,2token,not_valid_noun
hammers,strange,-14.6875,1,single_token,not_valid_noun
hammers,dining,-14.6875,1,single_token,incomplete_phrase
hammers,printing,-14.6875,1,single_token,incomplete_phrase
hammers,metallurgical,-14.6875,1,single_token,not_valid_noun
hammers,hard ________,-14.6875,2,2token,not_valid_noun
hammers,( tools,-14.6875,2,2token,not_valid_noun
hammers,( herramienta,-14.6875,2,2token,not_valid_noun
hammers,the,-14.6875,2,2token,not_valid_noun
hammers,car (,-14.6875,2,2token,not_valid_noun
hammers,wooden utens,-14.6875,2,2token,incomplete_phrase
hammers,usa,-14.6875,1,single_token,not_valid_noun
hammers,the building,-14.6875,2,2token,not_valid_noun
hammers,the name,-14.6875,2,2token,not_valid_noun
hammers,per,-14.6875,1,single_token,not_valid_noun
hammers,metric,-14.6875,1,single_token,incomplete_phrase
hammers,edit,-14.6875,1,single_token,not_valid_noun
hammers,pictures,-14.6875,1,single_token,not_valid_noun
hammers,interesting,-14.6875,1,single_token,not_valid_noun
hammers,___ and,-14.6875,2,2token,not_valid_noun
hammers,ani,-14.6875,1,single_token,incomplete_phrase
hammers,mechanical ______,-14.6875,2,2token,not_valid_noun
hammers,mechanical ________,-14.6875,2,2token,not_valid_noun
hammers,nam,-14.6875,1,single_token,incomplete_phrase
hammers,- tools,-14.6875,2,2token,not_valid_noun
hammers,hung,-14.6875,1,single_token,not_valid_noun
hammers,PE,-14.6875,1,single_token,not_valid_noun
hammers,objects that,-14.6875,2,2token,incomplete_phrase
hammers,…. …,-14.6875,2,2token,not_valid_noun
hammers,- A,-14.6875,2,2token,not_valid_noun
hammers,specialized,-14.6875,1,single_token,not_valid_noun
hammers,…. This,-14.6875,2,2token,not_valid_noun
hammers,‎,-14.6875,1,single_token,not_valid_noun
hammers,kitchens,-14.6875,1,single_token,not_valid_noun
hammers,oi,-14.6875,1,single_token,not_valid_noun
hammers,contri,-14.6875,1,single_token,not_valid_noun
hammers,….. Fill,-14.6875,2,2token,not_valid_noun
hammers,….. (,-14.6875,2,2token,not_valid_noun
hammers,carpenter ',-14.6875,2,2token,not_valid_noun
hammers,_. fruit,-14.6875,2,2token,not_valid_noun
hammers,hammer for,-14.71875,2,2token,incomplete_phrase
hammers,/ made,-14.71875,2,2token,not_valid_noun
hammers,/ fruit,-14.71875,2,2token,not_valid_noun
hammers,…… Choose,-14.71875,2,2token,not_valid_noun
hammers,hammer -,-14.71875,2,2token,not_valid_noun
hammers,________ -,-14.71875,2,2token,not_valid_noun
hammers,_________ Select,-14.71875,2,2token,not_valid_noun
hammers,_________ ____,-14.71875,2,2token,not_valid_noun
hammers,"..., for",-14.71875,2,2token,not_valid_noun
hammers,hammer with,-14.71875,2,2token,not_valid_noun
hammers,hammer the,-14.71875,2,2token,incomplete_phrase
hammers,thing for,-14.71875,2,2token,incomplete_phrase
hammers,____________ A,-14.71875,2,2token,not_valid_noun
hammers,implement -,-14.71875,2,2token,not_valid_noun
hammers,implement Answer,-14.71875,2,2token,not_valid_noun
hammers,implement ….,-14.71875,2,2token,not_valid_noun
hammers,implement _____,-14.71875,2,2token,not_valid_noun
hammers,A car,-14.71875,2,2token,not_valid_noun
hammers,....... The,-14.71875,2,2token,not_valid_noun
hammers,.. Read,-14.71875,2,2token,not_valid_noun
hammers,____________ _,-14.71875,2,2token,not_valid_noun
hammers,useful hand,-14.71875,2,2token,incomplete_phrase
hammers,A -,-14.71875,2,2token,not_valid_noun
hammers,thing or,-14.71875,2,2token,not_valid_noun
hammers,______ -,-14.71875,2,2token,not_valid_noun
hammers,item in,-14.71875,2,2token,not_valid_noun
hammers,item for,-14.71875,2,2token,incomplete_phrase
hammers,_________ Use,-14.71875,2,2token,not_valid_noun
hammers,___________ ___________,-14.71875,2,2token,not_valid_noun
hammers,_______ in,-14.71875,2,2token,not_valid_noun
hammers,______ or,-14.71875,2,2token,not_valid_noun
hammers,"______ ,",-14.71875,2,2token,not_valid_noun
hammers,........... A,-14.71875,2,2token,not_valid_noun
hammers,________ ______,-14.71875,2,2token,not_valid_noun
hammers,_________ -,-14.71875,2,2token,not_valid_noun
hammers,_________ [,-14.71875,2,2token,not_valid_noun
hammers,thing in,-14.71875,2,2token,not_valid_noun
hammers,Tool Answer,-14.71875,2,2token,not_valid_noun
hammers,A type,-14.71875,2,2token,not_valid_noun
hammers,instruments ...,-14.71875,2,2token,not_valid_noun
hammers,A COMPLETE,-14.71875,2,2token,not_valid_noun
hammers,A and,-14.71875,2,2token,not_valid_noun
hammers,"..., etc",-14.71875,2,2token,not_valid_noun
hammers,machine ..,-14.71875,2,2token,not_valid_noun
hammers,machine of,-14.71875,2,2token,not_valid_noun
hammers,________ Choose,-14.71875,2,2token,not_valid_noun
hammers,useful ________,-14.71875,2,2token,not_valid_noun
hammers,TOOL ....,-14.75,2,2token,not_valid_noun
hammers,Tools _______,-14.75,2,2token,not_valid_noun
hammers,I .,-14.75,2,2token,not_valid_noun
hammers,.............. Fill,-14.75,2,2token,not_valid_noun
hammers,musical ...,-14.75,2,2token,not_valid_noun
hammers,musical,-14.75,2,2token,incomplete_phrase
hammers,article Complete,-14.75,2,2token,not_valid_noun
hammers,__________ ____,-14.75,2,2token,not_valid_noun
hammers,Tools ....,-14.75,2,2token,not_valid_noun
hammers,Tools and,-14.75,2,2token,incomplete_phrase
hammers,__________ Use,-14.75,2,2token,not_valid_noun
hammers,Tools ________,-14.75,2,2token,not_valid_noun
hammers,i ...,-14.75,2,2token,not_valid_noun
hammers,what ...,-14.75,2,2token,not_valid_noun
hammers,nail making,-14.75,2,2token,incomplete_phrase
hammers,material in,-14.75,2,2token,not_valid_noun
hammers,p ___________,-14.75,2,2token,not_valid_noun
hammers,which you,-14.75,2,2token,not_valid_noun
hammers,i tool,-14.75,2,2token,not_valid_noun
hammers,............... a,-14.75,2,2token,not_valid_noun
hammers,.............. (,-14.75,2,2token,not_valid_noun
hammers,......... The,-14.75,2,2token,not_valid_noun
hammers,? Make,-14.78125,2,2token,not_valid_noun
hammers,hardware or,-14.78125,2,2token,not_valid_noun
hammers,is .,-14.78125,2,2token,not_valid_noun
hammers,wood and,-14.78125,2,2token,incomplete_phrase
hammers,? Comple,-14.78125,2,2token,not_valid_noun
hammers,? Tools,-14.78125,2,2token,not_valid_noun
hammers,hand power,-14.78125,2,2token,incomplete_phrase
hammers,DIY (,-14.78125,2,2token,not_valid_noun
hammers,hand imple,-14.78125,2,2token,incomplete_phrase
hammers,.... There,-14.78125,2,2token,not_valid_noun
hammers,.... Tool,-14.78125,2,2token,not_valid_noun
hammers,:,-14.78125,2,2token,not_valid_noun
hammers,: Tools,-14.78125,2,2token,not_valid_noun
hammers,: Fill,-14.78125,2,2token,not_valid_noun
hammers,of hammer,-14.78125,2,2token,not_valid_noun
hammers,工具 Complete,-14.78125,2,2token,not_valid_noun
hammers,of machinery,-14.78125,2,2token,not_valid_noun
hammers,iron Tools,-14.78125,2,2token,incomplete_phrase
hammers,iron for,-14.78125,2,2token,not_valid_noun
hammers,hand _,-14.78125,2,2token,not_valid_noun
hammers,vehicle (,-14.78125,2,2token,not_valid_noun
hammers,.... This,-14.78125,2,2token,not_valid_noun
hammers,".... ,",-14.78125,2,2token,not_valid_noun
hammers,____ and,-14.78125,2,2token,not_valid_noun
hammers,weapon ..,-14.78125,2,2token,not_valid_noun
hammers,weapon The,-14.78125,2,2token,incomplete_phrase
hammers,____ Work,-14.78125,2,2token,not_valid_noun
hammers,.... hammer,-14.78125,2,2token,not_valid_noun
hammers,weapon Choose,-14.78125,2,2token,not_valid_noun
hammers,.... are,-14.78125,2,2token,not_valid_noun
hammers,_. Correct,-14.8125,2,2token,not_valid_noun
hammers,_. If,-14.8125,2,2token,not_valid_noun
hammers,functional,-14.8125,1,single_token,not_valid_noun
hammers,- -.,-14.8125,2,2token,not_valid_noun
hammers,..... Tools,-14.8125,2,2token,not_valid_noun
hammers,___ ..,-14.8125,2,2token,not_valid_noun
hammers,car ...,-14.8125,2,2token,not_valid_noun
hammers,p __________,-14.8125,2,2token,not_valid_noun
hammers,an,-14.8125,2,2token,not_valid_noun
hammers,p _______,-14.8125,2,2token,not_valid_noun
hammers,_. _,-14.8125,2,2token,not_valid_noun
hammers,manufactures,-14.8125,1,single_token,not_valid_noun
hammers,Clas,-14.8125,1,single_token,not_valid_noun
hammers,$?,-14.8125,1,single_token,not_valid_noun
hammers,EDC,-14.8125,1,single_token,not_valid_noun
hammers,roofing,-14.8125,1,single_token,incomplete_phrase
hammers,trow,-14.8125,1,single_token,not_valid_noun
hammers,pany,-14.8125,1,single_token,not_valid_noun
hammers,", in",-14.8125,2,2token,not_valid_noun
hammers,the ________,-14.8125,2,2token,not_valid_noun
hammers,found,-14.8125,1,single_token,incomplete_phrase
hammers,", used",-14.8125,2,2token,not_valid_noun
hammers,Is,-14.8125,1,single_token,not_valid_noun
hammers,II,-14.8125,1,single_token,not_valid_noun
hammers,const,-14.8125,1,single_token,not_valid_noun
hammers,dan,-14.8125,1,single_token,incomplete_phrase
hammers,bot,-14.8125,1,single_token,incomplete_phrase
hammers,pol,-14.8125,1,single_token,incomplete_phrase
hammers,sel,-14.8125,1,single_token,not_valid_noun
hammers,Common,-14.8125,1,single_token,incomplete_phrase
hammers,car is,-14.8125,2,2token,not_valid_noun
hammers,foo,-14.8125,1,single_token,incomplete_phrase
hammers,............. A,-14.8125,2,2token,not_valid_noun
hammers,............. (,-14.8125,2,2token,not_valid_noun
hammers,heal,-14.8125,1,single_token,not_valid_noun
hammers,pile,-14.8125,1,single_token,incomplete_phrase
hammers,gaming,-14.8125,1,single_token,incomplete_phrase
hammers,implements that,-14.8125,2,2token,incomplete_phrase
hammers,( alat,-14.8125,2,2token,not_valid_noun
hammers,инструмента,-14.8125,1,single_token,not_valid_noun
hammers,goo,-14.8125,1,single_token,incomplete_phrase
hammers,R,-14.8125,1,single_token,not_valid_noun
hammers,Power,-14.8125,1,single_token,incomplete_phrase
hammers,sl,-14.8125,1,single_token,not_valid_noun
hammers,cul,-14.8125,1,single_token,not_valid_noun
hammers,colle,-14.8125,1,single_token,not_valid_noun
hammers,implementing,-14.8125,1,single_token,not_valid_noun
hammers,bake,-14.8125,1,single_token,not_valid_noun
hammers,places,-14.8125,1,single_token,not_valid_noun
hammers,HARD,-14.8125,1,single_token,not_valid_noun
hammers,..... I,-14.8125,2,2token,not_valid_noun
hammers,Ib,-14.8125,1,single_token,not_valid_noun
hammers,ex,-14.8125,1,single_token,not_valid_noun
hammers,", Write",-14.8125,2,2token,not_valid_noun
hammers,fruit too,-14.8125,2,2token,not_valid_noun
hammers,", Match",-14.8125,2,2token,not_valid_noun
hammers,main,-14.8125,1,single_token,incomplete_phrase
hammers,typ,-14.8125,1,single_token,not_valid_noun
hammers,___ ....,-14.8125,2,2token,not_valid_noun
hammers,was,-14.8125,1,single_token,not_valid_noun
hammers,get,-14.8125,1,single_token,not_valid_noun
hammers,home ______,-14.8125,2,2token,not_valid_noun
hammers,dry,-14.8125,1,single_token,incomplete_phrase
hammers,Our,-14.8125,1,single_token,incomplete_phrase
hammers,___ ?,-14.8125,2,2token,not_valid_noun
hammers,…. How,-14.8125,2,2token,not_valid_noun
hammers,implement [,-14.84375,2,2token,not_valid_noun
hammers,Tool Read,-14.84375,2,2token,not_valid_noun
hammers,implement made,-14.84375,2,2token,not_valid_noun
hammers,A ...,-14.84375,2,2token,not_valid_noun
hammers,sharp pointy,-14.84375,2,2token,not_valid_noun
hammers,craft ...,-14.84375,2,2token,not_valid_noun
hammers,______ Use,-14.84375,2,2token,not_valid_noun
hammers,____________ ________,-14.84375,2,2token,not_valid_noun
hammers,___________ A,-14.84375,2,2token,not_valid_noun
hammers,___________ _______,-14.84375,2,2token,not_valid_noun
hammers,useful kitchen,-14.84375,2,2token,incomplete_phrase
hammers,useful (,-14.84375,2,2token,not_valid_noun
hammers,useful ...,-14.84375,2,2token,not_valid_noun
hammers,useful household,-14.84375,2,2token,incomplete_phrase
hammers,"..., ...,",-14.84375,2,2token,not_valid_noun
hammers,implement :,-14.84375,2,2token,not_valid_noun
hammers,heavy work,-14.84375,2,2token,incomplete_phrase
hammers,....... ?,-14.84375,2,2token,not_valid_noun
hammers,heavy ...,-14.84375,2,2token,not_valid_noun
hammers,implement Use,-14.84375,2,2token,incomplete_phrase
hammers,_________ or,-14.84375,2,2token,not_valid_noun
hammers,_________ Write,-14.84375,2,2token,not_valid_noun
hammers,item used,-14.84375,2,2token,incomplete_phrase
hammers,_________ I,-14.84375,2,2token,not_valid_noun
hammers,object you,-14.84375,2,2token,incomplete_phrase
hammers,Tool /,-14.84375,2,2token,not_valid_noun
hammers,A _,-14.84375,2,2token,not_valid_noun
hammers,_________ TOOLS,-14.84375,2,2token,not_valid_noun
hammers,game .,-14.84375,2,2token,not_valid_noun
hammers,Tool Which,-14.84375,2,2token,incomplete_phrase
hammers,.. ?,-14.84375,2,2token,not_valid_noun
hammers,b ________,-14.84375,2,2token,not_valid_noun
hammers,rock Complete,-14.84375,2,2token,not_valid_noun
hammers,object ____,-14.84375,2,2token,not_valid_noun
hammers,Tool _,-14.84375,2,2token,not_valid_noun
hammers,A list,-14.84375,2,2token,not_valid_noun
hammers,o .,-14.84375,2,2token,not_valid_noun
hammers,machine The,-14.84375,2,2token,incomplete_phrase
hammers,machine made,-14.84375,2,2token,incomplete_phrase
hammers,________ The,-14.84375,2,2token,not_valid_noun
hammers,A pair,-14.84375,2,2token,not_valid_noun
hammers,A _________,-14.84375,2,2token,not_valid_noun
hammers,typing,-14.875,1,single_token,not_valid_noun
hammers,hammered,-14.875,1,single_token,not_valid_noun
hammers,〈,-14.875,1,single_token,not_valid_noun
hammers,KITCHEN,-14.875,1,single_token,incomplete_phrase
hammers,bathroom,-14.875,1,single_token,incomplete_phrase
hammers,navigation,-14.875,1,single_token,incomplete_phrase
hammers,artistic,-14.875,1,single_token,not_valid_noun
hammers,__________ ....,-14.875,2,2token,not_valid_noun
hammers,......... ?,-14.875,2,2token,not_valid_noun
hammers,......... What,-14.875,2,2token,not_valid_noun
hammers,She,-14.875,1,single_token,not_valid_noun
hammers,door Open,-14.875,2,2token,incomplete_phrase
hammers,article .,-14.875,2,2token,not_valid_noun
hammers,could,-14.875,1,single_token,not_valid_noun
hammers,fr,-14.875,1,single_token,not_valid_noun
hammers,__ tools,-14.875,2,2token,not_valid_noun
hammers,constructi,-14.875,1,single_token,not_valid_noun
hammers,ib,-14.875,1,single_token,not_valid_noun
hammers,golden,-14.875,1,single_token,not_valid_noun
hammers,shiny,-14.875,1,single_token,not_valid_noun
hammers,.............. A,-14.875,2,2token,not_valid_noun
hammers,oe,-14.875,1,single_token,not_valid_noun
hammers,material which,-14.875,2,2token,incomplete_phrase
hammers,’,-14.875,1,single_token,not_valid_noun
hammers,><,-14.875,1,single_token,not_valid_noun
hammers,Wooden,-14.875,1,single_token,incomplete_phrase
hammers,,-14.875,1,single_token,not_valid_noun
hammers,I think,-14.875,2,2token,not_valid_noun
hammers,bra,-14.875,1,single_token,incomplete_phrase
hammers,adj,-14.875,1,single_token,not_valid_noun
hammers,OA,-14.875,1,single_token,not_valid_noun
hammers,Tools are,-14.875,2,2token,incomplete_phrase
hammers,My,-14.875,1,single_token,not_valid_noun
hammers,thi,-14.875,1,single_token,not_valid_noun
hammers,ca,-14.875,1,single_token,not_valid_noun
hammers,p e,-14.875,2,2token,not_valid_noun
hammers,p _,-14.875,2,2token,not_valid_noun
hammers,inve,-14.875,1,single_token,not_valid_noun
hammers,__________ equipment,-14.875,2,2token,not_valid_noun
hammers,__________ -,-14.875,2,2token,not_valid_noun
hammers,mechanical _______,-14.875,2,2token,not_valid_noun
hammers,ch,-14.875,1,single_token,not_valid_noun
hammers,ped,-14.875,1,single_token,incomplete_phrase
hammers,H,-14.875,1,single_token,not_valid_noun
hammers,hard working,-14.875,2,2token,incomplete_phrase
hammers,i,-14.875,2,2token,not_valid_noun
hammers,pre,-14.875,1,single_token,not_valid_noun
hammers,ab,-14.875,1,single_token,not_valid_noun
hammers,mechanical _____,-14.875,2,2token,not_valid_noun
hammers,__________ Select,-14.875,2,2token,not_valid_noun
hammers,Cli,-14.875,1,single_token,incomplete_phrase
hammers,that make,-14.875,2,2token,incomplete_phrase
hammers,........ What,-14.875,2,2token,not_valid_noun
hammers,what do,-14.875,2,2token,not_valid_noun
hammers,fl,-14.875,1,single_token,not_valid_noun
hammers,ferrous,-14.875,1,single_token,not_valid_noun
hammers,road,-14.875,1,single_token,incomplete_phrase
hammers,doing,-14.875,1,single_token,not_valid_noun
hammers,->,-14.875,1,single_token,not_valid_noun
hammers,Of,-14.875,1,single_token,not_valid_noun
hammers,vital,-14.875,1,single_token,not_valid_noun
hammers,reading,-14.875,1,single_token,not_valid_noun
hammers,…),-14.875,1,single_token,not_valid_noun
hammers,ant,-14.875,1,single_token,incomplete_phrase
hammers,correct,-14.875,1,single_token,not_valid_noun
hammers,cool,-14.875,1,single_token,incomplete_phrase
hammers,plat,-14.875,1,single_token,incomplete_phrase
hammers,AN,-14.875,1,single_token,not_valid_noun
hammers,active,-14.875,1,single_token,incomplete_phrase
hammers,------------ (,-14.90625,2,2token,not_valid_noun
hammers,vegetables Complete,-14.90625,2,2token,not_valid_noun
hammers,measuring .,-14.90625,2,2token,not_valid_noun
hammers,small pieces,-14.90625,2,2token,incomplete_phrase
hammers,this,-14.90625,2,2token,not_valid_noun
hammers,small building,-14.90625,2,2token,incomplete_phrase
hammers,household ____________,-14.90625,2,2token,not_valid_noun
hammers,gadget (,-14.90625,2,2token,not_valid_noun
hammers,job .,-14.90625,2,2token,not_valid_noun
hammers,------------,-14.90625,2,2token,not_valid_noun
hammers,hardware _______,-14.90625,2,2token,not_valid_noun
hammers,工具,-14.90625,2,2token,not_valid_noun
hammers,this type,-14.90625,2,2token,incomplete_phrase
hammers,b,-14.90625,2,2token,not_valid_noun
hammers,hardware ____,-14.90625,2,2token,not_valid_noun
hammers,household ...,-14.90625,2,2token,not_valid_noun
hammers,furniture (,-14.90625,2,2token,not_valid_noun
hammers,craft ____,-14.90625,2,2token,not_valid_noun
hammers,? ____,-14.90625,2,2token,not_valid_noun
hammers,: equipment,-14.90625,2,2token,not_valid_noun
hammers,? ______,-14.90625,2,2token,not_valid_noun
hammers,? If,-14.90625,2,2token,not_valid_noun
hammers,weapon by,-14.90625,2,2token,not_valid_noun
hammers,DIY .,-14.90625,2,2token,not_valid_noun
hammers,: Write,-14.90625,2,2token,not_valid_noun
hammers,? Read,-14.90625,2,2token,not_valid_noun
hammers,? ?.,-14.90625,2,2token,not_valid_noun
hammers,_. Answer,-14.9375,2,2token,not_valid_noun
hammers,_. How,-14.9375,2,2token,not_valid_noun
hammers,rules,-14.9375,1,single_token,not_valid_noun
hammers,things made,-14.9375,2,2token,incomplete_phrase
hammers,…. There,-14.9375,2,2token,not_valid_noun
hammers,…. Identify,-14.9375,2,2token,not_valid_noun
hammers,piece o,-14.9375,2,2token,not_valid_noun
hammers,….. The,-14.9375,2,2token,not_valid_noun
hammers,chef,-14.9375,1,single_token,incomplete_phrase
hammers,typo,-14.9375,1,single_token,incomplete_phrase
hammers,mi,-14.9375,1,single_token,not_valid_noun
hammers,q,-14.9375,1,single_token,not_valid_noun
hammers,less,-14.9375,1,single_token,not_valid_noun
hammers,employ,-14.9375,1,single_token,incomplete_phrase
hammers,without,-14.9375,1,single_token,not_valid_noun
hammers,nor,-14.9375,1,single_token,not_valid_noun
hammers,home …,-14.9375,2,2token,not_valid_noun
hammers,", e",-14.9375,2,2token,not_valid_noun
hammers,metre,-14.9375,1,single_token,not_valid_noun
hammers,weaving,-14.9375,1,single_token,incomplete_phrase
hammers,abc,-14.9375,1,single_token,not_valid_noun
hammers,pec,-14.9375,1,single_token,not_valid_noun
hammers,prot,-14.9375,1,single_token,not_valid_noun
hammers,sculptor,-14.9375,1,single_token,incomplete_phrase
hammers,stupid,-14.9375,1,single_token,incomplete_phrase
hammers,consi,-14.9375,1,single_token,not_valid_noun
hammers,rectangular,-14.9375,1,single_token,not_valid_noun
hammers,People,-14.9375,1,single_token,incomplete_phrase
hammers,forms,-14.9375,1,single_token,not_valid_noun
hammers,Every,-14.9375,1,single_token,incomplete_phrase
hammers,thick,-14.9375,1,single_token,incomplete_phrase
hammers,except,-14.9375,1,single_token,not_valid_noun
hammers,outside,-14.9375,1,single_token,incomplete_phrase
hammers,numbers,-14.9375,1,single_token,not_valid_noun
hammers,wright,-14.9375,1,single_token,incomplete_phrase
hammers,spades,-14.9375,1,single_token,not_valid_noun
hammers,war,-14.9375,1,single_token,incomplete_phrase
hammers,:.,-14.9375,1,single_token,not_valid_noun
hammers,stat,-14.9375,1,single_token,not_valid_noun
hammers,im,-14.9375,1,single_token,not_valid_noun
hammers,- metal,-14.9375,2,2token,not_valid_noun
hammers,drinks,-14.9375,1,single_token,not_valid_noun
hammers,- ________,-14.9375,2,2token,not_valid_noun
hammers,", is",-14.9375,2,2token,not_valid_noun
hammers,", are",-14.9375,2,2token,not_valid_noun
hammers,..... -,-14.9375,2,2token,not_valid_noun
hammers,wrist,-14.9375,1,single_token,incomplete_phrase
hammers,accidents,-14.9375,1,single_token,not_valid_noun
hammers,xxx,-14.9375,1,single_token,not_valid_noun
hammers,bij,-14.9375,1,single_token,not_valid_noun
hammers,( ____,-14.9375,2,2token,not_valid_noun
hammers,( Tool,-14.9375,2,2token,not_valid_noun
hammers,Meta,-14.9375,1,single_token,incomplete_phrase
hammers,Sports,-14.9375,1,single_token,incomplete_phrase
hammers,pom,-14.9375,1,single_token,incomplete_phrase
hammers,abstract,-14.9375,1,single_token,incomplete_phrase
hammers,the carpenter,-14.9375,2,2token,not_valid_noun
hammers,art .,-14.9375,2,2token,not_valid_noun
hammers,mechanical utens,-14.9375,2,2token,incomplete_phrase
hammers,shovels,-14.9375,1,single_token,not_valid_noun
hammers,............. Fill,-14.9375,2,2token,not_valid_noun
hammers,mn,-14.9375,1,single_token,not_valid_noun
hammers,mechanical ____,-14.9375,2,2token,not_valid_noun
hammers,___ or,-14.9375,2,2token,not_valid_noun
hammers,part Complete,-14.9375,2,2token,not_valid_noun
hammers,engineering,-14.9375,2,2token,incomplete_phrase
hammers,___ Use,-14.9375,2,2token,not_valid_noun
hammers,the most,-14.9375,2,2token,not_valid_noun
hammers,___ of,-14.9375,2,2token,not_valid_noun
hammers,_. .,-14.9375,2,2token,not_valid_noun
hammers,..... In,-14.9375,2,2token,not_valid_noun
hammers,..... hammers,-14.9375,2,2token,not_valid_noun
hammers,…… ..,-14.96875,2,2token,not_valid_noun
hammers,…… Write,-14.96875,2,2token,not_valid_noun
hammers,implement …,-14.96875,2,2token,not_valid_noun
hammers,implement Used,-14.96875,2,2token,incomplete_phrase
hammers,implement Read,-14.96875,2,2token,not_valid_noun
hammers,.. Fill,-14.96875,2,2token,not_valid_noun
hammers,weapons,-14.96875,2,2token,not_valid_noun
hammers,....... Choose,-14.96875,2,2token,not_valid_noun
hammers,carpentry .,-14.96875,2,2token,not_valid_noun
hammers,equipment you,-14.96875,2,2token,incomplete_phrase
hammers,equipment _______,-14.96875,2,2token,not_valid_noun
hammers,exercise .,-14.96875,2,2token,not_valid_noun
hammers,repair .,-14.96875,2,2token,not_valid_noun
hammers,_________ In,-14.96875,2,2token,not_valid_noun
hammers,______ hammer,-14.96875,2,2token,not_valid_noun
hammers,______ TOOLS,-14.96875,2,2token,not_valid_noun
hammers,______ ___________,-14.96875,2,2token,not_valid_noun
hammers,made for,-14.96875,2,2token,not_valid_noun
hammers,________ I,-14.96875,2,2token,not_valid_noun
hammers,A :,-14.96875,2,2token,not_valid_noun
hammers,A good,-14.96875,2,2token,not_valid_noun
hammers,A house,-14.96875,2,2token,not_valid_noun
hammers,A __,-14.96875,2,2token,not_valid_noun
hammers,A wooden,-14.96875,2,2token,not_valid_noun
hammers,A verb,-14.96875,2,2token,not_valid_noun
hammers,______ Work,-14.96875,2,2token,not_valid_noun
hammers,______ equipment,-14.96875,2,2token,not_valid_noun
hammers,______ in,-14.96875,2,2token,not_valid_noun
hammers,_________ machine,-14.96875,2,2token,not_valid_noun
hammers,________ Tool,-14.96875,2,2token,not_valid_noun
hammers,________ ____,-14.96875,2,2token,not_valid_noun
hammers,machine [,-14.96875,2,2token,not_valid_noun
hammers,"..., .",-14.96875,2,2token,not_valid_noun
hammers,______ I,-14.96875,2,2token,not_valid_noun
hammers,A noun,-14.96875,2,2token,not_valid_noun
hammers,____________ Select,-14.96875,2,2token,not_valid_noun
hammers,____________ Tools,-14.96875,2,2token,not_valid_noun
hammers,______ for,-14.96875,2,2token,not_valid_noun
hammers,___________ a,-14.96875,2,2token,not_valid_noun
hammers,______ that,-14.96875,2,2token,not_valid_noun
hammers,"..., such",-14.96875,2,2token,not_valid_noun
hammers,"..., so",-14.96875,2,2token,not_valid_noun
hammers,"..., not",-14.96875,2,2token,not_valid_noun
hammers,instruments in,-14.96875,2,2token,not_valid_noun
hammers,instruments and,-14.96875,2,2token,incomplete_phrase
hammers,instruments or,-14.96875,2,2token,not_valid_noun
hammers,instruments ....,-14.96875,2,2token,not_valid_noun
hammers,hammer to,-14.96875,2,2token,not_valid_noun
hammers,useful ______,-14.96875,2,2token,not_valid_noun
hammers,useful _______,-14.96875,2,2token,not_valid_noun
hammers,machine Correct,-14.96875,2,2token,not_valid_noun
hammers,machine ___________,-14.96875,2,2token,not_valid_noun
hammers,....... What,-14.96875,2,2token,not_valid_noun
hammers,…… tool,-14.96875,2,2token,not_valid_noun
hammers,........... tool,-14.96875,2,2token,not_valid_noun
hammers,Tool What,-14.96875,2,2token,incomplete_phrase
hammers,/ is,-14.96875,2,2token,not_valid_noun
hammers,Tool …,-14.96875,2,2token,not_valid_noun
hammers,device or,-15.0,2,2token,not_valid_noun
hammers,paint (,-15.0,2,2token,not_valid_noun
hammers,__________ Correct,-15.0,2,2token,not_valid_noun
hammers,__________ Write,-15.0,2,2token,not_valid_noun
hammers,h,-15.0,2,2token,not_valid_noun
hammers,Tools to,-15.0,2,2token,not_valid_noun
hammers,Tools in,-15.0,2,2token,not_valid_noun
hammers,Tools ______,-15.0,2,2token,not_valid_noun
hammers,nail that,-15.0,2,2token,incomplete_phrase
hammers,........ Write,-15.0,2,2token,not_valid_noun
hammers,TOOL used,-15.0,2,2token,incomplete_phrase
hammers,nail -,-15.0,2,2token,not_valid_noun
hammers,compared,-15.0,1,single_token,not_valid_noun
hammers,whose,-15.0,1,single_token,not_valid_noun
hammers,............... The,-15.0,2,2token,not_valid_noun
hammers,crock,-15.0,1,single_token,incomplete_phrase
hammers,......... Choose,-15.0,2,2token,not_valid_noun
hammers,appliance for,-15.0,2,2token,incomplete_phrase
hammers,Good,-15.0,1,single_token,incomplete_phrase
hammers,particular,-15.0,1,single_token,incomplete_phrase
hammers,necess,-15.0,1,single_token,not_valid_noun
hammers,super,-15.0,1,single_token,incomplete_phrase
hammers,Me,-15.0,1,single_token,not_valid_noun
hammers,inter,-15.0,1,single_token,incomplete_phrase
hammers,,-15.0,1,single_token,not_valid_noun
hammers,noun (,-15.0,2,2token,not_valid_noun
hammers,clever,-15.0,1,single_token,not_valid_noun
hammers,Exercise,-15.0,1,single_token,incomplete_phrase
hammers,vật,-15.0,1,single_token,not_valid_noun
hammers,generic,-15.0,1,single_token,incomplete_phrase
hammers,arts,-15.0,1,single_token,incomplete_phrase
hammers,bars,-15.0,1,single_token,not_valid_noun
hammers,Question,-15.0,1,single_token,not_valid_noun
hammers,teaching,-15.0,1,single_token,incomplete_phrase
hammers,department,-15.0,1,single_token,incomplete_phrase
hammers,effective,-15.0,1,single_token,not_valid_noun
hammers,__________,-15.0,2,2token,not_valid_noun
hammers,__________ or,-15.0,2,2token,not_valid_noun
hammers,arit,-15.0,1,single_token,not_valid_noun
hammers,material ...,-15.0,2,2token,not_valid_noun
hammers,ofthe,-15.0,1,single_token,incomplete_phrase
hammers,what ____,-15.0,2,2token,not_valid_noun
hammers,what tools,-15.0,2,2token,not_valid_noun
hammers,...... tools,-15.0,2,2token,not_valid_noun
hammers,that makes,-15.0,2,2token,incomplete_phrase
hammers,that has,-15.0,2,2token,incomplete_phrase
hammers,,-15.0,1,single_token,not_valid_noun
hammers,housekeeping,-15.0,1,single_token,incomplete_phrase
hammers,decorations,-15.0,1,single_token,not_valid_noun
hammers,mistakes,-15.0,1,single_token,not_valid_noun
hammers,qua,-15.0,1,single_token,incomplete_phrase
hammers,Edit,-15.0,1,single_token,not_valid_noun
hammers,kna,-15.0,1,single_token,not_valid_noun
hammers,drills,-15.0,1,single_token,not_valid_noun
hammers,bricks,-15.0,1,single_token,not_valid_noun
hammers,\(,-15.0,1,single_token,not_valid_noun
hammers,supplies,-15.0,1,single_token,not_valid_noun
hammers,hard wooden,-15.0,2,2token,not_valid_noun
hammers,that have,-15.0,2,2token,incomplete_phrase
hammers,measuring,-15.03125,2,2token,incomplete_phrase
hammers,wood or,-15.03125,2,2token,not_valid_noun
hammers,wood cutting,-15.03125,2,2token,incomplete_phrase
hammers,and metal,-15.03125,2,2token,not_valid_noun
hammers,and so,-15.03125,2,2token,not_valid_noun
hammers,weapon _________,-15.03125,2,2token,not_valid_noun
hammers,weapon ___________,-15.03125,2,2token,not_valid_noun
hammers,kind .,-15.03125,2,2token,not_valid_noun
hammers,of hardware,-15.03125,2,2token,not_valid_noun
hammers,____ _,-15.03125,2,2token,not_valid_noun
hammers,hand ….,-15.03125,2,2token,not_valid_noun
hammers,What you,-15.03125,2,2token,not_valid_noun
hammers,word Complete,-15.03125,2,2token,not_valid_noun
hammers,hand repair,-15.03125,2,2token,incomplete_phrase
hammers,work shop,-15.03125,2,2token,incomplete_phrase
hammers,work ________,-15.03125,2,2token,not_valid_noun
hammers,hand [,-15.03125,2,2token,not_valid_noun
hammers,work (,-15.03125,2,2token,not_valid_noun
hammers,of ....,-15.03125,2,2token,not_valid_noun
hammers,of thing,-15.03125,2,2token,not_valid_noun
hammers,work ...,-15.03125,2,2token,not_valid_noun
hammers,____ What,-15.03125,2,2token,not_valid_noun
hammers,____ _______,-15.03125,2,2token,not_valid_noun
hammers,household iron,-15.03125,2,2token,incomplete_phrase
hammers,household _____,-15.03125,2,2token,not_valid_noun
hammers,gadget that,-15.03125,2,2token,incomplete_phrase
hammers,machinery complete,-15.03125,2,2token,not_valid_noun
hammers,weapon from,-15.03125,2,2token,incomplete_phrase
hammers,weapon _.,-15.03125,2,2token,not_valid_noun
hammers,____ ______,-15.03125,2,2token,not_valid_noun
hammers,craft or,-15.03125,2,2token,not_valid_noun
hammers,? You,-15.03125,2,2token,not_valid_noun
hammers,? There,-15.03125,2,2token,not_valid_noun
hammers,: Tool,-15.03125,2,2token,not_valid_noun
hammers,: Answer,-15.03125,2,2token,not_valid_noun
hammers,: The,-15.03125,2,2token,not_valid_noun
hammers,craft ______,-15.03125,2,2token,not_valid_noun
hammers,craft Complete,-15.03125,2,2token,not_valid_noun
hammers,hardware in,-15.03125,2,2token,not_valid_noun
hammers,hardware and,-15.03125,2,2token,incomplete_phrase
hammers,hardware ________,-15.03125,2,2token,not_valid_noun
hammers,_. Explain,-15.0625,2,2token,not_valid_noun
hammers,an .,-15.0625,2,2token,not_valid_noun
hammers,_. Match,-15.0625,2,2token,not_valid_noun
hammers,_. Give,-15.0625,2,2token,not_valid_noun
hammers,Some,-15.0625,1,single_token,incomplete_phrase
hammers,Black,-15.0625,1,single_token,incomplete_phrase
hammers,< (,-15.0625,2,2token,not_valid_noun
hammers,< a,-15.0625,2,2token,not_valid_noun
hammers,the material,-15.0625,2,2token,not_valid_noun
hammers,the work,-15.0625,2,2token,not_valid_noun
hammers,…………,-15.0625,2,2token,not_valid_noun
hammers,…. An,-15.0625,2,2token,not_valid_noun
hammers,…. -,-15.0625,2,2token,not_valid_noun
hammers,objects used,-15.0625,2,2token,incomplete_phrase
hammers,..... ....,-15.0625,2,2token,not_valid_noun
hammers,who,-15.0625,1,single_token,not_valid_noun
hammers,elementary,-15.0625,1,single_token,incomplete_phrase
hammers,harmful,-15.0625,1,single_token,not_valid_noun
hammers,,-15.0625,1,single_token,not_valid_noun
hammers,$(,-15.0625,1,single_token,not_valid_noun
hammers,💪,-15.0625,1,single_token,not_valid_noun
hammers,an article,-15.0625,2,2token,not_valid_noun
hammers,paints,-15.0625,1,single_token,not_valid_noun
hammers,[ tool,-15.0625,2,2token,not_valid_noun
hammers,When,-15.0625,1,single_token,not_valid_noun
hammers,able,-15.0625,1,single_token,not_valid_noun
hammers,type .,-15.0625,2,2token,not_valid_noun
hammers,…. hammers,-15.0625,2,2token,not_valid_noun
hammers,…. If,-15.0625,2,2token,not_valid_noun
hammers,implements to,-15.0625,2,2token,not_valid_noun
hammers,sophisticated,-15.0625,1,single_token,not_valid_noun
hammers,blows,-15.0625,1,single_token,not_valid_noun
hammers,things (,-15.0625,2,2token,not_valid_noun
hammers,Zn,-15.0625,1,single_token,not_valid_noun
hammers,measured,-15.0625,1,single_token,not_valid_noun
hammers,ah,-15.0625,1,single_token,not_valid_noun
hammers,/*,-15.0625,1,single_token,not_valid_noun
hammers,- _.,-15.0625,2,2token,not_valid_noun
hammers,Mas,-15.0625,1,single_token,incomplete_phrase
hammers,arch,-15.0625,1,single_token,incomplete_phrase
hammers,ret,-15.0625,1,single_token,incomplete_phrase
hammers,............. tool,-15.0625,2,2token,not_valid_noun
hammers,inven,-15.0625,1,single_token,not_valid_noun
hammers,intelligent,-15.0625,1,single_token,not_valid_noun
hammers,meals,-15.0625,1,single_token,not_valid_noun
hammers,dental,-15.0625,1,single_token,incomplete_phrase
hammers,compare,-15.0625,1,single_token,incomplete_phrase
hammers,rocks,-15.0625,1,single_token,not_valid_noun
hammers,grown,-15.0625,1,single_token,not_valid_noun
hammers,sci,-15.0625,1,single_token,not_valid_noun
hammers,ol,-15.0625,1,single_token,not_valid_noun
hammers,fol,-15.0625,1,single_token,not_valid_noun
hammers,ml,-15.0625,1,single_token,not_valid_noun
hammers,moving,-15.0625,1,single_token,not_valid_noun
hammers,[_,-15.0625,1,single_token,not_valid_noun
hammers,machines ...,-15.0625,2,2token,not_valid_noun
hammers,:::,-15.0625,1,single_token,not_valid_noun
hammers,gripping,-15.0625,1,single_token,not_valid_noun
hammers,[?],-15.0625,1,single_token,not_valid_noun
hammers,clumsy,-15.0625,1,single_token,not_valid_noun
hammers,chops,-15.0625,1,single_token,not_valid_noun
hammers,writes,-15.0625,1,single_token,not_valid_noun
hammers,weight (,-15.0625,2,2token,not_valid_noun
hammers,giant,-15.0625,1,single_token,incomplete_phrase
hammers,picks,-15.0625,1,single_token,not_valid_noun
hammers,Fer,-15.0625,1,single_token,not_valid_noun
hammers,….. tool,-15.0625,2,2token,not_valid_noun
hammers,carpenter .,-15.0625,2,2token,not_valid_noun
hammers,p _____,-15.0625,2,2token,not_valid_noun
hammers,part in,-15.0625,2,2token,not_valid_noun
hammers,machines to,-15.0625,2,2token,not_valid_noun
hammers,machines and,-15.0625,2,2token,incomplete_phrase
hammers,sport complete,-15.09375,2,2token,not_valid_noun
hammers,hammer :,-15.09375,2,2token,not_valid_noun
hammers,Tool ..,-15.09375,2,2token,not_valid_noun
hammers,Tool COMPLETE,-15.09375,2,2token,not_valid_noun
hammers,Tool Correct,-15.09375,2,2token,not_valid_noun
hammers,Tool ….,-15.09375,2,2token,not_valid_noun
hammers,A person,-15.09375,2,2token,not_valid_noun
hammers,domestic .,-15.09375,2,2token,not_valid_noun
hammers,"Tool ,",-15.09375,2,2token,not_valid_noun
hammers,instruments _______,-15.09375,2,2token,not_valid_noun
hammers,implement _,-15.09375,2,2token,not_valid_noun
hammers,equipment complete,-15.09375,2,2token,not_valid_noun
hammers,equipment at,-15.09375,2,2token,not_valid_noun
hammers,implement .....,-15.09375,2,2token,not_valid_noun
hammers,.. tools,-15.09375,2,2token,not_valid_noun
hammers,.. Choose,-15.09375,2,2token,not_valid_noun
hammers,"...,",-15.09375,2,2token,not_valid_noun
hammers,power,-15.09375,2,2token,incomplete_phrase
hammers,work equip,-15.09375,2,2token,incomplete_phrase
hammers,_________ _____,-15.09375,2,2token,not_valid_noun
hammers,hand ___________,-15.09375,2,2token,not_valid_noun
hammers,"..., ....",-15.09375,2,2token,not_valid_noun
hammers,hammer _,-15.09375,2,2token,not_valid_noun
hammers,_________ Correct,-15.09375,2,2token,not_valid_noun
hammers,____________ Write,-15.09375,2,2token,not_valid_noun
hammers,A Choose,-15.09375,2,2token,not_valid_noun
hammers,hammer ______,-15.09375,2,2token,not_valid_noun
hammers,A C,-15.09375,2,2token,not_valid_noun
hammers,hammer _____,-15.09375,2,2token,not_valid_noun
hammers,_________ equipment,-15.09375,2,2token,not_valid_noun
hammers,instruments complete,-15.09375,2,2token,not_valid_noun
hammers,Tool of,-15.09375,2,2token,not_valid_noun
hammers,Tool ____________,-15.09375,2,2token,not_valid_noun
hammers,.. What,-15.09375,2,2token,not_valid_noun
hammers,_________ for,-15.09375,2,2token,not_valid_noun
hammers,_________ metal,-15.09375,2,2token,not_valid_noun
hammers,machine by,-15.09375,2,2token,not_valid_noun
hammers,A weapon,-15.09375,2,2token,not_valid_noun
hammers,________ Tools,-15.09375,2,2token,not_valid_noun
hammers,object -,-15.09375,2,2token,not_valid_noun
hammers,object and,-15.09375,2,2token,incomplete_phrase
hammers,________ in,-15.09375,2,2token,not_valid_noun
hammers,heavy piece,-15.09375,2,2token,incomplete_phrase
hammers,factory .,-15.09375,2,2token,not_valid_noun
hammers,______,-15.09375,2,2token,not_valid_noun
hammers,exercise Complete,-15.09375,2,2token,not_valid_noun
hammers,Tool the,-15.09375,2,2token,incomplete_phrase
hammers,........... a,-15.09375,2,2token,not_valid_noun
hammers,useful ____,-15.09375,2,2token,not_valid_noun
hammers,swings,-15.125,1,single_token,not_valid_noun
hammers,(…),-15.125,1,single_token,not_valid_noun
hammers,pa,-15.125,1,single_token,not_valid_noun
hammers,lun,-15.125,1,single_token,not_valid_noun
hammers,what in,-15.125,2,2token,not_valid_noun
hammers,between,-15.125,1,single_token,not_valid_noun
hammers,OF,-15.125,1,single_token,not_valid_noun
hammers,__________ that,-15.125,2,2token,not_valid_noun
hammers,__________ for,-15.125,2,2token,not_valid_noun
hammers,__________ are,-15.125,2,2token,not_valid_noun
hammers,............... Write,-15.125,2,2token,not_valid_noun
hammers,nail ....,-15.125,2,2token,not_valid_noun
hammers,nail complete,-15.125,2,2token,not_valid_noun
hammers,coloured,-15.125,1,single_token,not_valid_noun
hammers,bolts,-15.125,1,single_token,not_valid_noun
hammers,lasts,-15.125,1,single_token,not_valid_noun
hammers,gere,-15.125,1,single_token,not_valid_noun
hammers,...... complete,-15.125,2,2token,not_valid_noun
hammers,rough,-15.125,1,single_token,incomplete_phrase
hammers,healthy,-15.125,1,single_token,not_valid_noun
hammers,marked,-15.125,1,single_token,not_valid_noun
hammers,English,-15.125,1,single_token,incomplete_phrase
hammers,hear,-15.125,1,single_token,not_valid_noun
hammers,feet,-15.125,1,single_token,not_valid_noun
hammers,activities,-15.125,1,single_token,not_valid_noun
hammers,narzęd,-15.125,1,single_token,not_valid_noun
hammers,fore,-15.125,1,single_token,incomplete_phrase
hammers,single,-15.125,1,single_token,incomplete_phrase
hammers,maten,-15.125,1,single_token,not_valid_noun
hammers,material and,-15.125,2,2token,incomplete_phrase
hammers,material or,-15.125,2,2token,not_valid_noun
hammers,material needed,-15.125,2,2token,incomplete_phrase
hammers,......... Write,-15.125,2,2token,not_valid_noun
hammers,appliance that,-15.125,2,2token,incomplete_phrase
hammers,hanging,-15.125,1,single_token,incomplete_phrase
hammers,flexible,-15.125,1,single_token,not_valid_noun
hammers,carrying,-15.125,1,single_token,not_valid_noun
hammers,ud,-15.125,1,single_token,not_valid_noun
hammers,mechanical …,-15.125,2,2token,not_valid_noun
hammers,classified,-15.125,1,single_token,incomplete_phrase
hammers,fundamental,-15.125,1,single_token,incomplete_phrase
hammers,...... What,-15.125,2,2token,not_valid_noun
hammers,...... The,-15.125,2,2token,not_valid_noun
hammers,...... Choose,-15.125,2,2token,not_valid_noun
hammers,wiel,-15.125,1,single_token,not_valid_noun
hammers,blocks,-15.125,1,single_token,not_valid_noun
hammers,that .,-15.125,2,2token,not_valid_noun
hammers,which have,-15.125,2,2token,not_valid_noun
hammers,__ (,-15.125,2,2token,not_valid_noun
hammers,Tools used,-15.125,2,2token,incomplete_phrase
hammers,.............. tools,-15.125,2,2token,not_valid_noun
hammers,his,-15.125,1,single_token,incomplete_phrase
hammers,nail in,-15.125,2,2token,not_valid_noun
hammers,I (,-15.125,2,2token,not_valid_noun
hammers,I I,-15.125,2,2token,not_valid_noun
hammers,hal,-15.125,1,single_token,incomplete_phrase
hammers,Tools A,-15.125,2,2token,not_valid_noun
hammers,.............. a,-15.125,2,2token,not_valid_noun
hammers,__________,-15.125,2,2token,not_valid_noun
hammers,__________ metal,-15.125,2,2token,not_valid_noun
hammers,__________ TOOLS,-15.125,2,2token,not_valid_noun
hammers,toy complete,-15.15625,2,2token,not_valid_noun
hammers,hardware ...,-15.15625,2,2token,not_valid_noun
hammers,hardware ______,-15.15625,2,2token,not_valid_noun
hammers,hardware used,-15.15625,2,2token,incomplete_phrase
hammers,wood worker,-15.15625,2,2token,incomplete_phrase
hammers,hardware _,-15.15625,2,2token,not_valid_noun
hammers,hardware complete,-15.15625,2,2token,not_valid_noun
hammers,What was,-15.15625,2,2token,not_valid_noun
hammers,weapon but,-15.15625,2,2token,incomplete_phrase
hammers,word .,-15.15625,2,2token,not_valid_noun
hammers,stone used,-15.15625,2,2token,incomplete_phrase
hammers,is it,-15.15625,2,2token,not_valid_noun
hammers,( verb,-15.15625,2,2token,not_valid_noun
hammers,What part,-15.15625,2,2token,not_valid_noun
hammers,is,-15.15625,2,2token,not_valid_noun
hammers,wood work,-15.15625,2,2token,incomplete_phrase
hammers,What makes,-15.15625,2,2token,not_valid_noun
hammers,and is,-15.15625,2,2token,not_valid_noun
hammers,and,-15.15625,2,2token,not_valid_noun
hammers,hand utensi,-15.15625,2,2token,incomplete_phrase
hammers,____ Tools,-15.15625,2,2token,not_valid_noun
hammers,? of,-15.15625,2,2token,not_valid_noun
hammers,small kitchen,-15.15625,2,2token,incomplete_phrase
hammers,gadget for,-15.15625,2,2token,incomplete_phrase
hammers,?,-15.15625,2,2token,not_valid_noun
hammers,: -,-15.15625,2,2token,not_valid_noun
hammers,? We,-15.15625,2,2token,not_valid_noun
hammers,____ Tool,-15.15625,2,2token,not_valid_noun
hammers,of Tools,-15.15625,2,2token,not_valid_noun
hammers,machinery for,-15.15625,2,2token,incomplete_phrase
hammers,of _______,-15.15625,2,2token,not_valid_noun
hammers,of house,-15.15625,2,2token,not_valid_noun
hammers,of ______,-15.15625,2,2token,not_valid_noun
hammers,of Complete,-15.15625,2,2token,not_valid_noun
hammers,sec,-15.1875,1,single_token,incomplete_phrase
hammers,___ are,-15.1875,2,2token,not_valid_noun
hammers,............. a,-15.1875,2,2token,not_valid_noun
hammers,bo,-15.1875,1,single_token,not_valid_noun
hammers,【,-15.1875,1,single_token,not_valid_noun
hammers,Sharp,-15.1875,1,single_token,incomplete_phrase
hammers,nes,-15.1875,1,single_token,not_valid_noun
hammers,popular,-15.1875,1,single_token,not_valid_noun
hammers,quar,-15.1875,1,single_token,not_valid_noun
hammers,ih,-15.1875,1,single_token,not_valid_noun
hammers,sentence,-15.1875,1,single_token,not_valid_noun
hammers,….. Choose,-15.1875,2,2token,not_valid_noun
hammers,implements or,-15.1875,2,2token,not_valid_noun
hammers,….. What,-15.1875,2,2token,not_valid_noun
hammers,home equip,-15.1875,2,2token,incomplete_phrase
hammers,mechanical (,-15.1875,2,2token,not_valid_noun
hammers,home ____,-15.1875,2,2token,not_valid_noun
hammers,___ TOOLS,-15.1875,2,2token,not_valid_noun
hammers,driving,-15.1875,1,single_token,incomplete_phrase
hammers,bau,-15.1875,1,single_token,not_valid_noun
hammers,Ele,-15.1875,1,single_token,not_valid_noun
hammers,the fruit,-15.1875,2,2token,not_valid_noun
hammers,transpor,-15.1875,1,single_token,not_valid_noun
hammers,noisy,-15.1875,1,single_token,not_valid_noun
hammers,assemble,-15.1875,1,single_token,not_valid_noun
hammers,ext,-15.1875,1,single_token,not_valid_noun
hammers,tele,-15.1875,1,single_token,incomplete_phrase
hammers,cast,-15.1875,1,single_token,incomplete_phrase
hammers,students,-15.1875,1,single_token,not_valid_noun
hammers,away,-15.1875,1,single_token,not_valid_noun
hammers,gl,-15.1875,1,single_token,not_valid_noun
hammers,ме,-15.1875,1,single_token,not_valid_noun
hammers,dumb,-15.1875,1,single_token,not_valid_noun
hammers,protective,-15.1875,1,single_token,not_valid_noun
hammers,Many,-15.1875,1,single_token,not_valid_noun
hammers,objects,-15.1875,2,2token,not_valid_noun
hammers,mechanical hand,-15.1875,2,2token,incomplete_phrase
hammers,ig,-15.1875,1,single_token,not_valid_noun
hammers,AD,-15.1875,1,single_token,not_valid_noun
hammers,sk,-15.1875,1,single_token,not_valid_noun
hammers,sha,-15.1875,1,single_token,incomplete_phrase
hammers,home _______,-15.1875,2,2token,not_valid_noun
hammers,the ____,-15.1875,2,2token,not_valid_noun
hammers,ide,-15.1875,1,single_token,not_valid_noun
hammers,the following,-15.1875,2,2token,not_valid_noun
hammers,the right,-15.1875,2,2token,not_valid_noun
hammers,the iron,-15.1875,2,2token,not_valid_noun
hammers,h a,-15.1875,2,2token,not_valid_noun
hammers,___ I,-15.1875,2,2token,not_valid_noun
hammers,machines complete,-15.1875,2,2token,not_valid_noun
hammers,_. You,-15.1875,2,2token,not_valid_noun
hammers,_. We,-15.1875,2,2token,not_valid_noun
hammers,reliable,-15.1875,1,single_token,not_valid_noun
hammers,Past,-15.1875,1,single_token,incomplete_phrase
hammers,(+,-15.1875,1,single_token,not_valid_noun
hammers,инструментов,-15.1875,1,single_token,not_valid_noun
hammers,classifying,-15.1875,1,single_token,not_valid_noun
hammers,MUSICAL,-15.1875,1,single_token,incomplete_phrase
hammers,car repairing,-15.1875,2,2token,incomplete_phrase
hammers,cwt,-15.1875,1,single_token,not_valid_noun
hammers,..... Which,-15.1875,2,2token,not_valid_noun
hammers,- hammer,-15.1875,2,2token,not_valid_noun
hammers,..... hammer,-15.1875,2,2token,not_valid_noun
hammers,- machine,-15.1875,2,2token,not_valid_noun
hammers,- equipment,-15.1875,2,2token,not_valid_noun
hammers,_. Read,-15.1875,2,2token,not_valid_noun
hammers,ICT,-15.1875,1,single_token,not_valid_noun
hammers,´,-15.1875,1,single_token,not_valid_noun
hammers,,-15.1875,1,single_token,not_valid_noun
hammers,Cn,-15.1875,1,single_token,not_valid_noun
hammers,work of,-15.21875,2,2token,not_valid_noun
hammers,pliers (,-15.21875,2,2token,not_valid_noun
hammers,___________ of,-15.21875,2,2token,not_valid_noun
hammers,Tool I,-15.21875,2,2token,not_valid_noun
hammers,simple mechanical,-15.21875,2,2token,incomplete_phrase
hammers,implement called,-15.21875,2,2token,not_valid_noun
hammers,Tools _____,-15.21875,2,2token,not_valid_noun
hammers,___________ Choose,-15.21875,2,2token,not_valid_noun
hammers,____________ Work,-15.21875,2,2token,not_valid_noun
hammers,________ _________,-15.21875,2,2token,not_valid_noun
hammers,_________ in,-15.21875,2,2token,not_valid_noun
hammers,"..., I",-15.21875,2,2token,not_valid_noun
hammers,....... ...,-15.21875,2,2token,not_valid_noun
hammers,.. (,-15.21875,2,2token,not_valid_noun
hammers,.. The,-15.21875,2,2token,not_valid_noun
hammers,TOOLS (,-15.21875,2,2token,not_valid_noun
hammers,/ piece,-15.21875,2,2token,not_valid_noun
hammers,weapons (,-15.21875,2,2token,not_valid_noun
hammers,A The,-15.21875,2,2token,not_valid_noun
hammers,A I,-15.21875,2,2token,not_valid_noun
hammers,equipment a,-15.21875,2,2token,not_valid_noun
hammers,A D,-15.21875,2,2token,not_valid_noun
hammers,money .,-15.21875,2,2token,not_valid_noun
hammers,hammer ____,-15.21875,2,2token,not_valid_noun
hammers,Tools a,-15.21875,2,2token,not_valid_noun
hammers,Tools or,-15.21875,2,2token,not_valid_noun
hammers,________ of,-15.21875,2,2token,not_valid_noun
hammers,rock .,-15.21875,2,2token,not_valid_noun
hammers,equipment /,-15.21875,2,2token,not_valid_noun
hammers,equipment we,-15.21875,2,2token,not_valid_noun
hammers,equipment Read,-15.21875,2,2token,not_valid_noun
hammers,hammer of,-15.21875,2,2token,not_valid_noun
hammers,hammer which,-15.21875,2,2token,incomplete_phrase
hammers,hammer Fill,-15.21875,2,2token,not_valid_noun
hammers,object A,-15.21875,2,2token,not_valid_noun
hammers,....... tools,-15.21875,2,2token,not_valid_noun
hammers,....... complete,-15.21875,2,2token,not_valid_noun
hammers,item to,-15.21875,2,2token,not_valid_noun
hammers,heavy mach,-15.21875,2,2token,incomplete_phrase
hammers,........... The,-15.21875,2,2token,not_valid_noun
hammers,hammer COMPLETE,-15.21875,2,2token,not_valid_noun
hammers,........... What,-15.21875,2,2token,not_valid_noun
hammers,implement by,-15.21875,2,2token,not_valid_noun
hammers,I use,-15.25,2,2token,not_valid_noun
hammers,__ Complete,-15.25,2,2token,not_valid_noun
hammers,steel (,-15.25,2,2token,not_valid_noun
hammers,__ ____,-15.25,2,2token,not_valid_noun
hammers,musical .,-15.25,2,2token,not_valid_noun
hammers,h .,-15.25,2,2token,not_valid_noun
hammers,axe .,-15.25,2,2token,not_valid_noun
hammers,__________ is,-15.25,2,2token,not_valid_noun
hammers,__________ I,-15.25,2,2token,not_valid_noun
hammers,__________ Comple,-15.25,2,2token,not_valid_noun
hammers,__________ machine,-15.25,2,2token,not_valid_noun
hammers,that I,-15.25,2,2token,not_valid_noun
hammers,what type,-15.25,2,2token,not_valid_noun
hammers,what people,-15.25,2,2token,not_valid_noun
hammers,............... ?,-15.25,2,2token,not_valid_noun
hammers,boxing,-15.25,1,single_token,incomplete_phrase
hammers,teh,-15.25,1,single_token,not_valid_noun
hammers,available,-15.25,1,single_token,not_valid_noun
hammers,»,-15.25,1,single_token,not_valid_noun
hammers,would,-15.25,1,single_token,not_valid_noun
hammers,mode,-15.25,1,single_token,incomplete_phrase
hammers,phys,-15.25,1,single_token,not_valid_noun
hammers,dir,-15.25,1,single_token,not_valid_noun
hammers,easy,-15.25,1,single_token,not_valid_noun
hammers,plants,-15.25,1,single_token,not_valid_noun
hammers,da,-15.25,1,single_token,not_valid_noun
hammers,should,-15.25,1,single_token,not_valid_noun
hammers,what ________,-15.25,2,2token,not_valid_noun
hammers,what ?.,-15.25,2,2token,not_valid_noun
hammers,pres,-15.25,1,single_token,not_valid_noun
hammers,after,-15.25,1,single_token,not_valid_noun
hammers,what I,-15.25,2,2token,not_valid_noun
hammers,............... tools,-15.25,2,2token,not_valid_noun
hammers,Ø,-15.25,1,single_token,not_valid_noun
hammers,Small,-15.25,1,single_token,incomplete_phrase
hammers,dynamic,-15.25,1,single_token,incomplete_phrase
hammers,Ans,-15.25,1,single_token,not_valid_noun
hammers,ath,-15.25,1,single_token,incomplete_phrase
hammers,hard sharp,-15.25,2,2token,incomplete_phrase
hammers,tim,-15.25,1,single_token,incomplete_phrase
hammers,............... Choose,-15.25,2,2token,not_valid_noun
hammers,skilled,-15.25,1,single_token,not_valid_noun
hammers,CN,-15.25,1,single_token,not_valid_noun
hammers,DO,-15.25,1,single_token,not_valid_noun
hammers,Sel,-15.25,1,single_token,not_valid_noun
hammers,destru,-15.25,1,single_token,not_valid_noun
hammers,nick,-15.25,1,single_token,incomplete_phrase
hammers,Haus,-15.25,1,single_token,not_valid_noun
hammers,planes,-15.25,1,single_token,not_valid_noun
hammers,landscaping,-15.25,1,single_token,not_valid_noun
hammers,Nails,-15.25,1,single_token,not_valid_noun
hammers,hard building,-15.25,2,2token,incomplete_phrase
hammers,hard wearing,-15.25,2,2token,incomplete_phrase
hammers,...... Write,-15.25,2,2token,not_valid_noun
hammers,material ....,-15.25,2,2token,not_valid_noun
hammers,p ____,-15.25,2,2token,not_valid_noun
hammers,ase,-15.25,1,single_token,not_valid_noun
hammers,wheeled,-15.25,1,single_token,not_valid_noun
hammers,hea,-15.25,1,single_token,not_valid_noun
hammers,nail is,-15.25,2,2token,not_valid_noun
hammers,......... tools,-15.25,2,2token,not_valid_noun
hammers,.-,-15.25,1,single_token,not_valid_noun
hammers,####,-15.25,1,single_token,not_valid_noun
hammers,TOOL or,-15.25,2,2token,not_valid_noun
hammers,nut (,-15.25,2,2token,not_valid_noun
hammers,utensils,-15.28125,2,2token,not_valid_noun
hammers,measuring ...,-15.28125,2,2token,not_valid_noun
hammers,hardware ....,-15.28125,2,2token,not_valid_noun
hammers,pen Complete,-15.28125,2,2token,not_valid_noun
hammers,hand wea,-15.28125,2,2token,incomplete_phrase
hammers,: machine,-15.28125,2,2token,not_valid_noun
hammers,hand hold,-15.28125,2,2token,incomplete_phrase
hammers,clothes .,-15.28125,2,2token,not_valid_noun
hammers,: _______,-15.28125,2,2token,not_valid_noun
hammers,workshop .,-15.28125,2,2token,not_valid_noun
hammers,small iron,-15.28125,2,2token,incomplete_phrase
hammers,this sentence,-15.28125,2,2token,not_valid_noun
hammers,is made,-15.28125,2,2token,not_valid_noun
hammers,What about,-15.28125,2,2token,not_valid_noun
hammers,and ________,-15.28125,2,2token,not_valid_noun
hammers,____ The,-15.28125,2,2token,not_valid_noun
hammers,blunt metal,-15.28125,2,2token,incomplete_phrase
hammers,machinery used,-15.28125,2,2token,incomplete_phrase
hammers,gun .,-15.28125,2,2token,not_valid_noun
hammers,of objects,-15.28125,2,2token,not_valid_noun
hammers,of things,-15.28125,2,2token,not_valid_noun
hammers,b .,-15.28125,2,2token,not_valid_noun
hammers,hand equip,-15.28125,2,2token,not_valid_noun
hammers,industry .,-15.28125,2,2token,not_valid_noun
hammers,hand ....,-15.28125,2,2token,not_valid_noun
hammers,_. This,-15.3125,2,2token,not_valid_noun
hammers,blo,-15.3125,1,single_token,incomplete_phrase
hammers,bes,-15.3125,1,single_token,incomplete_phrase
hammers,an ________,-15.3125,2,2token,not_valid_noun
hammers,movable,-15.3125,1,single_token,incomplete_phrase
hammers,[/,-15.3125,1,single_token,not_valid_noun
hammers,sing,-15.3125,1,single_token,not_valid_noun
hammers,labourers,-15.3125,1,single_token,not_valid_noun
hammers,whe,-15.3125,1,single_token,incomplete_phrase
hammers,_. There,-15.3125,2,2token,not_valid_noun
hammers,machines ....,-15.3125,2,2token,not_valid_noun
hammers,machines or,-15.3125,2,2token,not_valid_noun
hammers,p instrument,-15.3125,2,2token,not_valid_noun
hammers,IS,-15.3125,1,single_token,not_valid_noun
hammers,warm,-15.3125,1,single_token,not_valid_noun
hammers,objects for,-15.3125,2,2token,incomplete_phrase
hammers,............. The,-15.3125,2,2token,not_valid_noun
hammers,ferramenta,-15.3125,1,single_token,not_valid_noun
hammers,___ that,-15.3125,2,2token,not_valid_noun
hammers,___ metal,-15.3125,2,2token,not_valid_noun
hammers,things for,-15.3125,2,2token,incomplete_phrase
hammers,AND,-15.3125,1,single_token,not_valid_noun
hammers,//,-15.3125,1,single_token,not_valid_noun
hammers,vo,-15.3125,1,single_token,not_valid_noun
hammers,..... _______,-15.3125,2,2token,not_valid_noun
hammers,things which,-15.3125,2,2token,incomplete_phrase
hammers,fs,-15.3125,1,single_token,not_valid_noun
hammers,miner,-15.3125,1,single_token,incomplete_phrase
hammers,colored,-15.3125,1,single_token,incomplete_phrase
hammers,part that,-15.3125,2,2token,incomplete_phrase
hammers,science Complete,-15.3125,2,2token,not_valid_noun
hammers,harvest,-15.3125,1,single_token,incomplete_phrase
hammers,healing,-15.3125,1,single_token,incomplete_phrase
hammers,- I,-15.3125,2,2token,not_valid_noun
hammers,outdoors,-15.3125,1,single_token,incomplete_phrase
hammers,toolbar,-15.3125,1,single_token,not_valid_noun
hammers,",,",-15.3125,1,single_token,not_valid_noun
hammers,sweets,-15.3125,1,single_token,not_valid_noun
hammers,<--,-15.3125,1,single_token,not_valid_noun
hammers,,-15.3125,1,single_token,not_valid_noun
hammers,singular,-15.3125,1,single_token,incomplete_phrase
hammers,the _______,-15.3125,2,2token,not_valid_noun
hammers,Complete,-15.3125,1,single_token,not_valid_noun
hammers,beautiful,-15.3125,1,single_token,not_valid_noun
hammers,hoo,-15.3125,1,single_token,not_valid_noun
hammers,did,-15.3125,1,single_token,not_valid_noun
hammers,…. When,-15.3125,2,2token,not_valid_noun
hammers,Crafting,-15.3125,1,single_token,not_valid_noun
hammers,af,-15.3125,1,single_token,not_valid_noun
hammers,AV,-15.3125,1,single_token,not_valid_noun
hammers,objects (,-15.3125,2,2token,not_valid_noun
hammers,the ______,-15.3125,2,2token,not_valid_noun
hammers,the weapon,-15.3125,2,2token,not_valid_noun
hammers,the (,-15.3125,2,2token,not_valid_noun
hammers,- Answer,-15.3125,2,2token,not_valid_noun
hammers,- ...,-15.3125,2,2token,not_valid_noun
hammers,fencing,-15.3125,1,single_token,incomplete_phrase
hammers,…. of,-15.3125,2,2token,not_valid_noun
hammers,Appendix,-15.3125,1,single_token,incomplete_phrase
hammers,wooden .,-15.3125,2,2token,not_valid_noun
hammers,Key,-15.3125,1,single_token,incomplete_phrase
hammers,archite,-15.3125,1,single_token,incomplete_phrase
hammers,mang,-15.3125,1,single_token,incomplete_phrase
hammers,xx,-15.3125,1,single_token,not_valid_noun
hammers,ook,-15.3125,1,single_token,not_valid_noun
hammers,sy,-15.3125,1,single_token,not_valid_noun
hammers,winter,-15.3125,1,single_token,incomplete_phrase
hammers,short,-15.3125,1,single_token,incomplete_phrase
hammers,ans,-15.3125,1,single_token,not_valid_noun
hammers,< _,-15.3125,2,2token,not_valid_noun
hammers,Use,-15.3125,1,single_token,incomplete_phrase
hammers,Sp,-15.3125,1,single_token,not_valid_noun
hammers,Cut,-15.3125,1,single_token,incomplete_phrase
hammers,unusual,-15.3125,1,single_token,not_valid_noun
hammers,hard …,-15.3125,2,2token,not_valid_noun
hammers,crucial,-15.3125,1,single_token,not_valid_noun
hammers,designed,-15.3125,1,single_token,not_valid_noun
hammers,___________ Tools,-15.34375,2,2token,not_valid_noun
hammers,measuring utens,-15.34375,2,2token,incomplete_phrase
hammers,.. complete,-15.34375,2,2token,not_valid_noun
hammers,…… Read,-15.34375,2,2token,not_valid_noun
hammers,instruments ________,-15.34375,2,2token,not_valid_noun
hammers,"..., e",-15.34375,2,2token,not_valid_noun
hammers,___________ ____________,-15.34375,2,2token,not_valid_noun
hammers,work -,-15.34375,2,2token,not_valid_noun
hammers,useful utens,-15.34375,2,2token,incomplete_phrase
hammers,Tools ____,-15.34375,2,2token,not_valid_noun
hammers,household _,-15.34375,2,2token,not_valid_noun
hammers,Tools -,-15.34375,2,2token,not_valid_noun
hammers,household repair,-15.34375,2,2token,incomplete_phrase
hammers,knife (,-15.34375,2,2token,not_valid_noun
hammers,knife and,-15.34375,2,2token,incomplete_phrase
hammers,thing ...,-15.34375,2,2token,not_valid_noun
hammers,________ Find,-15.34375,2,2token,not_valid_noun
hammers,....... Write,-15.34375,2,2token,not_valid_noun
hammers,____________ The,-15.34375,2,2token,not_valid_noun
hammers,/,-15.34375,2,2token,not_valid_noun
hammers,____________ of,-15.34375,2,2token,not_valid_noun
hammers,____________ and,-15.34375,2,2token,not_valid_noun
hammers,clock .,-15.34375,2,2token,not_valid_noun
hammers,___________ instrument,-15.34375,2,2token,not_valid_noun
hammers,___________ complete,-15.34375,2,2token,not_valid_noun
hammers,object from,-15.34375,2,2token,incomplete_phrase
hammers,object ______,-15.34375,2,2token,not_valid_noun
hammers,heavy hand,-15.34375,2,2token,incomplete_phrase
hammers,........... ?,-15.34375,2,2token,not_valid_noun
hammers,hammer A,-15.34375,2,2token,not_valid_noun
hammers,hammer The,-15.34375,2,2token,incomplete_phrase
hammers,equipment ________,-15.34375,2,2token,not_valid_noun
hammers,equipment -,-15.34375,2,2token,not_valid_noun
hammers,implement COMPLETE,-15.34375,2,2token,not_valid_noun
hammers,heavy ________,-15.34375,2,2token,not_valid_noun
hammers,implement A,-15.34375,2,2token,not_valid_noun
hammers,implement such,-15.34375,2,2token,not_valid_noun
hammers,"..., ,",-15.34375,2,2token,not_valid_noun
hammers,"..., hammers",-15.34375,2,2token,not_valid_noun
hammers,sharp pointed,-15.34375,2,2token,not_valid_noun
hammers,sharp edged,-15.34375,2,2token,not_valid_noun
hammers,nails and,-15.34375,2,2token,incomplete_phrase
hammers,"..., or",-15.34375,2,2token,not_valid_noun
hammers,"..., you",-15.34375,2,2token,not_valid_noun
hammers,"..., like",-15.34375,2,2token,not_valid_noun
hammers,tan,-15.375,1,single_token,incomplete_phrase
hammers,TOOL for,-15.375,2,2token,incomplete_phrase
hammers,MAC,-15.375,1,single_token,incomplete_phrase
hammers,Spring,-15.375,1,single_token,incomplete_phrase
hammers,sized,-15.375,1,single_token,not_valid_noun
hammers,worker .,-15.375,2,2token,not_valid_noun
hammers,percussion musical,-15.375,2,2token,incomplete_phrase
hammers,percussion instr,-15.375,2,2token,incomplete_phrase
hammers,burg,-15.375,1,single_token,incomplete_phrase
hammers,miscellaneous,-15.375,1,single_token,not_valid_noun
hammers,cmp,-15.375,1,single_token,not_valid_noun
hammers,_),-15.375,1,single_token,not_valid_noun
hammers,< class,-15.375,2,2token,not_valid_noun
hammers,ps,-15.375,1,single_token,not_valid_noun
hammers,smaller,-15.375,1,single_token,not_valid_noun
hammers,lig,-15.375,1,single_token,not_valid_noun
hammers,we will,-15.375,2,2token,not_valid_noun
hammers,edible,-15.375,1,single_token,incomplete_phrase
hammers,............... What,-15.375,2,2token,not_valid_noun
hammers,§,-15.375,1,single_token,not_valid_noun
hammers,Span,-15.375,1,single_token,incomplete_phrase
hammers,io,-15.375,1,single_token,not_valid_noun
hammers,blan,-15.375,1,single_token,incomplete_phrase
hammers,door opening,-15.375,2,2token,incomplete_phrase
hammers,miss,-15.375,1,single_token,incomplete_phrase
hammers,wa,-15.375,1,single_token,not_valid_noun
hammers,{},-15.375,1,single_token,not_valid_noun
hammers,weak,-15.375,1,single_token,not_valid_noun
hammers,classic,-15.375,1,single_token,incomplete_phrase
hammers,uns,-15.375,1,single_token,not_valid_noun
hammers,sea,-15.375,1,single_token,incomplete_phrase
hammers,Er,-15.375,1,single_token,not_valid_noun
hammers,abra,-15.375,1,single_token,not_valid_noun
hammers,―,-15.375,1,single_token,not_valid_noun
hammers,countryside,-15.375,1,single_token,incomplete_phrase
hammers,appliance ...,-15.375,2,2token,not_valid_noun
hammers,apple .,-15.375,2,2token,not_valid_noun
hammers,what can,-15.375,2,2token,not_valid_noun
hammers,sila,-15.375,1,single_token,not_valid_noun
hammers,ae,-15.375,1,single_token,not_valid_noun
hammers,fragile,-15.375,1,single_token,not_valid_noun
hammers,inexpensive,-15.375,1,single_token,not_valid_noun
hammers,gn,-15.375,1,single_token,not_valid_noun
hammers,appliance or,-15.375,2,2token,not_valid_noun
hammers,ios,-15.375,1,single_token,not_valid_noun
hammers,pois,-15.375,1,single_token,not_valid_noun
hammers,prise,-15.375,1,single_token,not_valid_noun
hammers,utils,-15.375,1,single_token,not_valid_noun
hammers,sometimes,-15.375,1,single_token,not_valid_noun
hammers,mini,-15.375,1,single_token,not_valid_noun
hammers,poly,-15.375,1,single_token,incomplete_phrase
hammers,Figure,-15.375,1,single_token,incomplete_phrase
hammers,tes,-15.375,1,single_token,not_valid_noun
hammers,push,-15.375,1,single_token,incomplete_phrase
hammers,applications,-15.375,1,single_token,not_valid_noun
hammers,Example,-15.375,1,single_token,not_valid_noun
hammers,shooting,-15.375,1,single_token,incomplete_phrase
hammers,List,-15.375,1,single_token,incomplete_phrase
hammers,designing,-15.375,1,single_token,incomplete_phrase
hammers,deadly,-15.375,1,single_token,not_valid_noun
hammers,locks,-15.375,1,single_token,not_valid_noun
hammers,commonly,-15.375,1,single_token,not_valid_noun
hammers,nd,-15.375,1,single_token,not_valid_noun
hammers,N,-15.375,1,single_token,not_valid_noun
hammers,........ ...,-15.375,2,2token,not_valid_noun
hammers,XXX,-15.375,1,single_token,not_valid_noun
hammers,».,-15.375,1,single_token,not_valid_noun
hammers,persuasive,-15.375,1,single_token,not_valid_noun
hammers,Ost,-15.375,1,single_token,not_valid_noun
hammers,av,-15.375,1,single_token,not_valid_noun
hammers,bas,-15.375,1,single_token,incomplete_phrase
hammers,um,-15.375,1,single_token,not_valid_noun
hammers,into,-15.375,1,single_token,not_valid_noun
hammers,о,-15.375,1,single_token,not_valid_noun
hammers,more,-15.375,1,single_token,incomplete_phrase
hammers,TOOL ________,-15.375,2,2token,not_valid_noun
hammers,.............. The,-15.375,2,2token,not_valid_noun
hammers,lou,-15.375,1,single_token,incomplete_phrase
hammers,medicinal,-15.375,1,single_token,not_valid_noun
hammers,i .,-15.375,2,2token,not_valid_noun
hammers,lawn,-15.375,1,single_token,incomplete_phrase
hammers,ns,-15.375,1,single_token,not_valid_noun
hammers,hy,-15.375,1,single_token,not_valid_noun
hammers,HW,-15.375,1,single_token,not_valid_noun
hammers,muni,-15.375,1,single_token,not_valid_noun
hammers,pala,-15.375,1,single_token,incomplete_phrase
hammers,wea ...,-15.375,2,2token,not_valid_noun
hammers,complements,-15.375,1,single_token,not_valid_noun
hammers,$<$,-15.375,1,single_token,not_valid_noun
hammers,??????,-15.375,1,single_token,not_valid_noun
hammers,($\,-15.375,1,single_token,not_valid_noun
hammers,helps,-15.375,1,single_token,not_valid_noun
hammers,baked,-15.375,1,single_token,not_valid_noun
hammers,bull,-15.375,1,single_token,incomplete_phrase
hammers,neither,-15.375,1,single_token,not_valid_noun
hammers,painted,-15.375,1,single_token,not_valid_noun
hammers,busy,-15.375,1,single_token,not_valid_noun
hammers,spoken,-15.375,1,single_token,not_valid_noun
hammers,that do,-15.375,2,2token,not_valid_noun
hammers,worn,-15.375,1,single_token,not_valid_noun
hammers,What color,-15.40625,2,2token,not_valid_noun
hammers,nail _______,-15.40625,2,2token,not_valid_noun
hammers,wood -,-15.40625,2,2token,not_valid_noun
hammers,of _,-15.40625,2,2token,not_valid_noun
hammers,of ____,-15.40625,2,2token,not_valid_noun
hammers,piece or,-15.40625,2,2token,not_valid_noun
hammers,: iron,-15.40625,2,2token,not_valid_noun
hammers,: ____,-15.40625,2,2token,not_valid_noun
hammers,hardware to,-15.40625,2,2token,not_valid_noun
hammers,of an,-15.40625,2,2token,not_valid_noun
hammers,What will,-15.40625,2,2token,not_valid_noun
hammers,machinery ...,-15.40625,2,2token,not_valid_noun
hammers,machinery that,-15.40625,2,2token,incomplete_phrase
hammers,nail ...,-15.40625,2,2token,not_valid_noun
hammers,nail :,-15.40625,2,2token,not_valid_noun
hammers,____ Answer,-15.40625,2,2token,not_valid_noun
hammers,workshop,-15.40625,2,2token,incomplete_phrase
hammers,is not,-15.40625,2,2token,not_valid_noun
hammers,stone Tools,-15.40625,2,2token,incomplete_phrase
hammers,------------ Fill,-15.40625,2,2token,not_valid_noun
hammers,What a,-15.40625,2,2token,not_valid_noun
hammers,( .,-15.40625,2,2token,not_valid_noun
hammers,( _______,-15.40625,2,2token,not_valid_noun
hammers,stone and,-15.40625,2,2token,incomplete_phrase
hammers,___________,-15.40625,2,2token,not_valid_noun
hammers,an tools,-15.4375,2,2token,not_valid_noun
hammers,naming,-15.4375,1,single_token,incomplete_phrase
hammers,_. Make,-15.4375,2,2token,not_valid_noun
hammers,_. apples,-15.4375,2,2token,not_valid_noun
hammers,_. Draw,-15.4375,2,2token,not_valid_noun
hammers,din,-15.4375,1,single_token,incomplete_phrase
hammers,Metals,-15.4375,1,single_token,not_valid_noun
hammers,ways,-15.4375,1,single_token,incomplete_phrase
hammers,resources,-15.4375,1,single_token,not_valid_noun
hammers,part used,-15.4375,2,2token,incomplete_phrase
hammers,part for,-15.4375,2,2token,incomplete_phrase
hammers,oc,-15.4375,1,single_token,not_valid_noun
hammers,favourite,-15.4375,1,single_token,not_valid_noun
hammers,ages,-15.4375,1,single_token,not_valid_noun
hammers,…. They,-15.4375,2,2token,not_valid_noun
hammers,…. To,-15.4375,2,2token,not_valid_noun
hammers,…. It,-15.4375,2,2token,not_valid_noun
hammers,pla,-15.4375,1,single_token,not_valid_noun
hammers,So,-15.4375,1,single_token,not_valid_noun
hammers,ar,-15.4375,1,single_token,not_valid_noun
hammers,magn,-15.4375,1,single_token,not_valid_noun
hammers,yes,-15.4375,1,single_token,not_valid_noun
hammers,plans,-15.4375,1,single_token,not_valid_noun
hammers,contain,-15.4375,1,single_token,not_valid_noun
hammers,going,-15.4375,1,single_token,incomplete_phrase
hammers,missing,-15.4375,1,single_token,not_valid_noun
hammers,digital,-15.4375,1,single_token,incomplete_phrase
hammers,vel,-15.4375,1,single_token,not_valid_noun
hammers,the best,-15.4375,2,2token,not_valid_noun
hammers,the type,-15.4375,2,2token,not_valid_noun
hammers,fung,-15.4375,1,single_token,not_valid_noun
hammers,rac,-15.4375,1,single_token,not_valid_noun
hammers,holes,-15.4375,1,single_token,not_valid_noun
hammers,type,-15.4375,2,2token,incomplete_phrase
hammers,""",",-15.4375,1,single_token,not_valid_noun
hammers,machines used,-15.4375,2,2token,incomplete_phrase
hammers,Identify,-15.4375,1,single_token,not_valid_noun
hammers,((),-15.4375,1,single_token,not_valid_noun
hammers,seasonal,-15.4375,1,single_token,incomplete_phrase
hammers,Jobs,-15.4375,1,single_token,not_valid_noun
hammers,we need,-15.4375,2,2token,not_valid_noun
hammers,p _________,-15.4375,2,2token,not_valid_noun
hammers,hon,-15.4375,1,single_token,incomplete_phrase
hammers,_. Please,-15.4375,2,2token,not_valid_noun
hammers,ornamental,-15.4375,1,single_token,incomplete_phrase
hammers,mr,-15.4375,1,single_token,not_valid_noun
hammers,typeof,-15.4375,1,single_token,not_valid_noun
hammers,।,-15.4375,1,single_token,not_valid_noun
hammers,packaging,-15.4375,1,single_token,not_valid_noun
hammers,..... Tool,-15.4375,2,2token,not_valid_noun
hammers,…. Do,-15.4375,2,2token,not_valid_noun
hammers,..... fruit,-15.4375,2,2token,not_valid_noun
hammers,_. For,-15.4375,2,2token,not_valid_noun
hammers,blu,-15.4375,1,single_token,not_valid_noun
hammers,double,-15.4375,1,single_token,incomplete_phrase
hammers,win,-15.4375,1,single_token,incomplete_phrase
hammers,stores,-15.4375,1,single_token,not_valid_noun
hammers,Cla,-15.4375,1,single_token,not_valid_noun
hammers,h o,-15.4375,2,2token,not_valid_noun
hammers,___,-15.4375,2,2token,not_valid_noun
hammers,___ -,-15.4375,2,2token,not_valid_noun
hammers,___ Answer,-15.4375,2,2token,not_valid_noun
hammers,___ equipment,-15.4375,2,2token,not_valid_noun
hammers,offensive,-15.4375,1,single_token,incomplete_phrase
hammers,mete,-15.4375,1,single_token,incomplete_phrase
hammers,___ COMPLETE,-15.4375,2,2token,not_valid_noun
hammers,historical,-15.4375,1,single_token,not_valid_noun
hammers,(*,-15.4375,1,single_token,not_valid_noun
hammers,bal,-15.4375,1,single_token,incomplete_phrase
hammers,Il,-15.4375,1,single_token,not_valid_noun
hammers,musical percussion,-15.4375,2,2token,incomplete_phrase
hammers,………… (,-15.4375,2,2token,not_valid_noun
hammers,chisel (,-15.4375,2,2token,not_valid_noun
hammers,_. Identify,-15.4375,2,2token,not_valid_noun
hammers,- of,-15.4375,2,2token,not_valid_noun
hammers,lib,-15.4375,1,single_token,not_valid_noun
hammers,hard to,-15.4375,2,2token,not_valid_noun
hammers,_. ________,-15.4375,2,2token,not_valid_noun
hammers,hard ______,-15.4375,2,2token,not_valid_noun
hammers,hard ____,-15.4375,2,2token,not_valid_noun
hammers,the furniture,-15.4375,2,2token,not_valid_noun
hammers,hammers are,-15.4375,2,2token,incomplete_phrase
hammers,punching,-15.4375,1,single_token,not_valid_noun
hammers,projec,-15.4375,1,single_token,not_valid_noun
hammers,hammers .,-15.4375,2,2token,not_valid_noun
hammers,_. __,-15.4375,2,2token,not_valid_noun
hammers,_. Do,-15.4375,2,2token,not_valid_noun
hammers,….. tools,-15.4375,2,2token,not_valid_noun
hammers,simples,-15.4375,1,single_token,not_valid_noun
hammers,pliers are,-15.46875,2,2token,incomplete_phrase
hammers,___________ _________,-15.46875,2,2token,not_valid_noun
hammers,vegetable (,-15.46875,2,2token,not_valid_noun
hammers,hammer Full,-15.46875,2,2token,incomplete_phrase
hammers,___________ What,-15.46875,2,2token,not_valid_noun
hammers,…… Select,-15.46875,2,2token,not_valid_noun
hammers,useful house,-15.46875,2,2token,incomplete_phrase
hammers,.. Answer,-15.46875,2,2token,not_valid_noun
hammers,"..., Fill",-15.46875,2,2token,not_valid_noun
hammers,.. ...,-15.46875,2,2token,not_valid_noun
hammers,b o,-15.46875,2,2token,not_valid_noun
hammers,.. Write,-15.46875,2,2token,not_valid_noun
hammers,nails,-15.46875,2,2token,not_valid_noun
hammers,craft ....,-15.46875,2,2token,not_valid_noun
hammers,household ....,-15.46875,2,2token,not_valid_noun
hammers,heavy wooden,-15.46875,2,2token,incomplete_phrase
hammers,____________,-15.46875,2,2token,not_valid_noun
hammers,Tools The,-15.46875,2,2token,incomplete_phrase
hammers,Tools :,-15.46875,2,2token,not_valid_noun
hammers,object called,-15.46875,2,2token,incomplete_phrase
hammers,____________ -,-15.46875,2,2token,not_valid_noun
hammers,____________ ___________,-15.46875,2,2token,not_valid_noun
hammers,____________ Tool,-15.46875,2,2token,not_valid_noun
hammers,/ some,-15.46875,2,2token,not_valid_noun
hammers,equipment Answer,-15.46875,2,2token,not_valid_noun
hammers,........... Choose,-15.46875,2,2token,not_valid_noun
hammers,________ or,-15.46875,2,2token,not_valid_noun
hammers,________ Write,-15.46875,2,2token,not_valid_noun
hammers,thing a,-15.46875,2,2token,not_valid_noun
hammers,rock and,-15.46875,2,2token,incomplete_phrase
hammers,used on,-15.46875,2,2token,not_valid_noun
hammers,…………………… .,-15.46875,2,2token,not_valid_noun
hammers,"..., as",-15.46875,2,2token,not_valid_noun
hammers,…………………… Complete,-15.46875,2,2token,not_valid_noun
hammers,....... Select,-15.46875,2,2token,not_valid_noun
hammers,item (,-15.46875,2,2token,not_valid_noun
hammers,used with,-15.46875,2,2token,not_valid_noun
hammers,thing complete,-15.46875,2,2token,not_valid_noun
hammers,equipment necessary,-15.46875,2,2token,incomplete_phrase
hammers,hammer Tools,-15.46875,2,2token,incomplete_phrase
hammers,........... Write,-15.46875,2,2token,not_valid_noun
hammers,valu,-15.5,1,single_token,not_valid_noun
hammers,shel,-15.5,1,single_token,incomplete_phrase
hammers,CL,-15.5,1,single_token,not_valid_noun
hammers,........ tool,-15.5,2,2token,not_valid_noun
hammers,'',-15.5,1,single_token,not_valid_noun
hammers,........ Fill,-15.5,2,2token,not_valid_noun
hammers,...... Read,-15.5,2,2token,not_valid_noun
hammers,aa,-15.5,1,single_token,not_valid_noun
hammers,picking,-15.5,1,single_token,not_valid_noun
hammers,$$,-15.5,1,single_token,not_valid_noun
hammers,.............. Write,-15.5,2,2token,not_valid_noun
hammers,producing,-15.5,1,single_token,not_valid_noun
hammers,ships,-15.5,1,single_token,not_valid_noun
hammers,(-,-15.5,1,single_token,not_valid_noun
hammers,convenient,-15.5,1,single_token,not_valid_noun
hammers,definit,-15.5,1,single_token,not_valid_noun
hammers,tinker,-15.5,1,single_token,incomplete_phrase
hammers,MSE,-15.5,1,single_token,not_valid_noun
hammers,techno,-15.5,1,single_token,not_valid_noun
hammers,_:,-15.5,1,single_token,not_valid_noun
hammers,pans,-15.5,1,single_token,not_valid_noun
hammers,artist,-15.5,1,single_token,incomplete_phrase
hammers,foe,-15.5,1,single_token,not_valid_noun
hammers,trad,-15.5,1,single_token,not_valid_noun
hammers,ht,-15.5,1,single_token,not_valid_noun
hammers,rud,-15.5,1,single_token,incomplete_phrase
hammers,↔,-15.5,1,single_token,not_valid_noun
hammers,wrecking,-15.5,1,single_token,incomplete_phrase
hammers,cylindrical,-15.5,1,single_token,not_valid_noun
hammers,MACH,-15.5,1,single_token,not_valid_noun
hammers,nt,-15.5,1,single_token,not_valid_noun
hammers,_{,-15.5,1,single_token,not_valid_noun
hammers,ned,-15.5,1,single_token,incomplete_phrase
hammers,.............. Choose,-15.5,2,2token,not_valid_noun
hammers,heavier,-15.5,1,single_token,not_valid_noun
hammers,Type,-15.5,1,single_token,incomplete_phrase
hammers,kids,-15.5,1,single_token,incomplete_phrase
hammers,i instrument,-15.5,2,2token,not_valid_noun
hammers,...... ...,-15.5,2,2token,not_valid_noun
hammers,food (,-15.5,2,2token,not_valid_noun
hammers,weighs,-15.5,1,single_token,not_valid_noun
hammers,ple,-15.5,1,single_token,not_valid_noun
hammers,......... Select,-15.5,2,2token,not_valid_noun
hammers,necessities,-15.5,1,single_token,not_valid_noun
hammers,pf,-15.5,1,single_token,not_valid_noun
hammers,unique,-15.5,1,single_token,not_valid_noun
hammers,mechanical equ,-15.5,2,2token,incomplete_phrase
hammers,appliance to,-15.5,2,2token,not_valid_noun
hammers,div,-15.5,1,single_token,incomplete_phrase
hammers,yo,-15.5,1,single_token,not_valid_noun
hammers,exc,-15.5,1,single_token,not_valid_noun
hammers,{\,-15.5,1,single_token,not_valid_noun
hammers,thin,-15.5,1,single_token,not_valid_noun
hammers,......... ...,-15.5,2,2token,not_valid_noun
hammers,......... complete,-15.5,2,2token,not_valid_noun
hammers,search,-15.5,1,single_token,incomplete_phrase
hammers,sem,-15.5,1,single_token,not_valid_noun
hammers,mechanical construction,-15.5,2,2token,incomplete_phrase
hammers,ng,-15.5,1,single_token,not_valid_noun
hammers,prime,-15.5,1,single_token,incomplete_phrase
hammers,sau,-15.5,1,single_token,not_valid_noun
hammers,what fruit,-15.5,2,2token,not_valid_noun
hammers,what object,-15.5,2,2token,not_valid_noun
hammers,which means,-15.5,2,2token,not_valid_noun
hammers,BI,-15.5,1,single_token,not_valid_noun
hammers,what thing,-15.5,2,2token,not_valid_noun
hammers,ME,-15.5,1,single_token,not_valid_noun
hammers,mel,-15.5,1,single_token,incomplete_phrase
hammers,es,-15.5,1,single_token,not_valid_noun
hammers,gu,-15.5,1,single_token,not_valid_noun
hammers,grow,-15.5,1,single_token,not_valid_noun
hammers,what else,-15.5,2,2token,not_valid_noun
hammers,< span,-15.5,2,2token,not_valid_noun
hammers,paint ________,-15.5,2,2token,not_valid_noun
hammers,............... ...,-15.5,2,2token,not_valid_noun
hammers,device with,-15.5,2,2token,incomplete_phrase
hammers,that kind,-15.5,2,2token,incomplete_phrase
hammers,that hit,-15.5,2,2token,incomplete_phrase
hammers,I know,-15.5,2,2token,not_valid_noun
hammers,TOOL which,-15.53125,2,2token,incomplete_phrase
hammers,TOOL -,-15.53125,2,2token,not_valid_noun
hammers,____ complete,-15.53125,2,2token,not_valid_noun
hammers,____ or,-15.53125,2,2token,not_valid_noun
hammers,____ I,-15.53125,2,2token,not_valid_noun
hammers,material _______,-15.53125,2,2token,not_valid_noun
hammers,material from,-15.53125,2,2token,incomplete_phrase
hammers,machinery ....,-15.53125,2,2token,not_valid_noun
hammers,: instruments,-15.53125,2,2token,not_valid_noun
hammers,: wood,-15.53125,2,2token,not_valid_noun
hammers,of machines,-15.53125,2,2token,not_valid_noun
hammers,machinery and,-15.53125,2,2token,incomplete_phrase
hammers,of power,-15.53125,2,2token,not_valid_noun
hammers,nail are,-15.53125,2,2token,incomplete_phrase
hammers,nail ________,-15.53125,2,2token,not_valid_noun
hammers,small mechanical,-15.53125,2,2token,incomplete_phrase
hammers,: Match,-15.53125,2,2token,not_valid_noun
hammers,: the,-15.53125,2,2token,not_valid_noun
hammers,hardware you,-15.53125,2,2token,incomplete_phrase
hammers,What kinds,-15.53125,2,2token,not_valid_noun
hammers,What happens,-15.53125,2,2token,not_valid_noun
hammers,and apples,-15.53125,2,2token,not_valid_noun
hammers,utensils (,-15.53125,2,2token,not_valid_noun
hammers,of A,-15.53125,2,2token,not_valid_noun
hammers,of,-15.53125,2,2token,not_valid_noun
hammers,of this,-15.53125,2,2token,not_valid_noun
hammers,What should,-15.53125,2,2token,not_valid_noun
hammers,pen,-15.53125,2,2token,not_valid_noun
hammers,craft _____,-15.53125,2,2token,not_valid_noun
hammers,What Are,-15.53125,2,2token,not_valid_noun
hammers,and hammer,-15.53125,2,2token,not_valid_noun
hammers,wood ...,-15.53125,2,2token,not_valid_noun
hammers,wood chi,-15.53125,2,2token,incomplete_phrase
hammers,vegetables .,-15.53125,2,2token,not_valid_noun
hammers,DIY Tools,-15.53125,2,2token,not_valid_noun
hammers,: What,-15.53125,2,2token,not_valid_noun
hammers,…. is,-15.5625,2,2token,not_valid_noun
hammers,…. All,-15.5625,2,2token,not_valid_noun
hammers,….,-15.5625,2,2token,not_valid_noun
hammers,_. _______,-15.5625,2,2token,not_valid_noun
hammers,_. -,-15.5625,2,2token,not_valid_noun
hammers,…. and,-15.5625,2,2token,not_valid_noun
hammers,- ?,-15.5625,2,2token,not_valid_noun
hammers,hard hard,-15.5625,2,2token,not_valid_noun
hammers,hard mater,-15.5625,2,2token,incomplete_phrase
hammers,…. For,-15.5625,2,2token,not_valid_noun
hammers,p ______,-15.5625,2,2token,not_valid_noun
hammers,an item,-15.5625,2,2token,not_valid_noun
hammers,sculpt,-15.5625,1,single_token,not_valid_noun
hammers,bowling,-15.5625,1,single_token,incomplete_phrase
hammers,√,-15.5625,1,single_token,not_valid_noun
hammers,an apple,-15.5625,2,2token,not_valid_noun
hammers,an utens,-15.5625,2,2token,not_valid_noun
hammers,sil,-15.5625,1,single_token,incomplete_phrase
hammers,patio,-15.5625,1,single_token,incomplete_phrase
hammers,"___ ,",-15.5625,2,2token,not_valid_noun
hammers,___ object,-15.5625,2,2token,not_valid_noun
hammers,___ for,-15.5625,2,2token,not_valid_noun
hammers,___ is,-15.5625,2,2token,not_valid_noun
hammers,humans,-15.5625,1,single_token,not_valid_noun
hammers,Where,-15.5625,1,single_token,not_valid_noun
hammers,............. Write,-15.5625,2,2token,not_valid_noun
hammers,chisel or,-15.5625,2,2token,not_valid_noun
hammers,things in,-15.5625,2,2token,not_valid_noun
hammers,..... ________,-15.5625,2,2token,not_valid_noun
hammers,Scientific,-15.5625,1,single_token,not_valid_noun
hammers,SC,-15.5625,1,single_token,not_valid_noun
hammers,sm,-15.5625,1,single_token,not_valid_noun
hammers,were,-15.5625,1,single_token,not_valid_noun
hammers,then,-15.5625,1,single_token,not_valid_noun
hammers,part (,-15.5625,2,2token,not_valid_noun
hammers,contains,-15.5625,1,single_token,not_valid_noun
hammers,Im,-15.5625,1,single_token,not_valid_noun
hammers,ger,-15.5625,1,single_token,incomplete_phrase
hammers,exer,-15.5625,1,single_token,not_valid_noun
hammers,www,-15.5625,1,single_token,not_valid_noun
hammers,Les,-15.5625,1,single_token,incomplete_phrase
hammers,let,-15.5625,1,single_token,incomplete_phrase
hammers,the hardware,-15.5625,2,2token,not_valid_noun
hammers,improved,-15.5625,1,single_token,not_valid_noun
hammers,rusty,-15.5625,1,single_token,not_valid_noun
hammers,Lat,-15.5625,1,single_token,incomplete_phrase
hammers,vb,-15.5625,1,single_token,not_valid_noun
hammers,"$,",-15.5625,1,single_token,not_valid_noun
hammers,~~,-15.5625,1,single_token,not_valid_noun
hammers,*******,-15.5625,1,single_token,not_valid_noun
hammers,masonry,-15.5625,1,single_token,incomplete_phrase
hammers,objects in,-15.5625,2,2token,not_valid_noun
hammers,recip,-15.5625,1,single_token,not_valid_noun
hammers,AP,-15.5625,1,single_token,not_valid_noun
hammers,fine,-15.5625,1,single_token,incomplete_phrase
hammers,engineered,-15.5625,1,single_token,not_valid_noun
hammers,masculine,-15.5625,1,single_token,incomplete_phrase
hammers,excavation,-15.5625,1,single_token,incomplete_phrase
hammers,pass,-15.5625,1,single_token,incomplete_phrase
hammers,objects to,-15.5625,2,2token,not_valid_noun
hammers,listening,-15.5625,1,single_token,incomplete_phrase
hammers,¡,-15.5625,1,single_token,not_valid_noun
hammers,….. Write,-15.5625,2,2token,not_valid_noun
hammers,Ax,-15.5625,1,single_token,not_valid_noun
hammers,Examples,-15.5625,1,single_token,not_valid_noun
hammers,together,-15.5625,1,single_token,not_valid_noun
hammers,following,-15.5625,1,single_token,incomplete_phrase
hammers,beating,-15.5625,1,single_token,incomplete_phrase
hammers,blades,-15.5625,1,single_token,not_valid_noun
hammers,informal,-15.5625,1,single_token,not_valid_noun
hammers,hollow,-15.5625,1,single_token,incomplete_phrase
hammers,delicate,-15.5625,1,single_token,not_valid_noun
hammers,cons,-15.5625,1,single_token,not_valid_noun
hammers,condi,-15.5625,1,single_token,not_valid_noun
hammers,bel,-15.5625,1,single_token,incomplete_phrase
hammers,___ Comple,-15.5625,2,2token,not_valid_noun
hammers,nailed,-15.5625,1,single_token,not_valid_noun
hammers,mechanical equip,-15.5625,2,2token,incomplete_phrase
hammers,sorting,-15.5625,1,single_token,not_valid_noun
hammers,bif,-15.5625,1,single_token,not_valid_noun
hammers,___ in,-15.5625,2,2token,not_valid_noun
hammers,Objects,-15.5625,1,single_token,not_valid_noun
hammers,musical …,-15.5625,2,2token,not_valid_noun
hammers,hex,-15.5625,1,single_token,incomplete_phrase
hammers,Als,-15.5625,1,single_token,not_valid_noun
hammers,videogame,-15.5625,1,single_token,not_valid_noun
hammers,....... Match,-15.59375,2,2token,not_valid_noun
hammers,/ object,-15.59375,2,2token,not_valid_noun
hammers,/ (,-15.59375,2,2token,not_valid_noun
hammers,garden,-15.59375,2,2token,incomplete_phrase
hammers,....... Answer,-15.59375,2,2token,not_valid_noun
hammers,heavy building,-15.59375,2,2token,incomplete_phrase
hammers,heavy (,-15.59375,2,2token,not_valid_noun
hammers,woodworking,-15.59375,2,2token,incomplete_phrase
hammers,"..., i",-15.59375,2,2token,not_valid_noun
hammers,object .....,-15.59375,2,2token,not_valid_noun
hammers,object we,-15.59375,2,2token,not_valid_noun
hammers,object _____,-15.59375,2,2token,not_valid_noun
hammers,/ use,-15.59375,2,2token,not_valid_noun
hammers,fruit as,-15.59375,2,2token,not_valid_noun
hammers,fruit in,-15.59375,2,2token,not_valid_noun
hammers,industrial .,-15.59375,2,2token,not_valid_noun
hammers,equipment A,-15.59375,2,2token,not_valid_noun
hammers,equipment with,-15.59375,2,2token,incomplete_phrase
hammers,________ is,-15.59375,2,2token,not_valid_noun
hammers,thing of,-15.59375,2,2token,not_valid_noun
hammers,____________ What,-15.59375,2,2token,not_valid_noun
hammers,work _______,-15.59375,2,2token,not_valid_noun
hammers,carpentry (,-15.59375,2,2token,not_valid_noun
hammers,…… Correct,-15.59375,2,2token,not_valid_noun
hammers,thing like,-15.59375,2,2token,incomplete_phrase
hammers,________ _,-15.59375,2,2token,not_valid_noun
hammers,equipment Used,-15.59375,2,2token,incomplete_phrase
hammers,thing ....,-15.59375,2,2token,not_valid_noun
hammers,________ for,-15.59375,2,2token,not_valid_noun
hammers,useful piece,-15.59375,2,2token,incomplete_phrase
hammers,useful work,-15.59375,2,2token,incomplete_phrase
hammers,useful and,-15.59375,2,2token,not_valid_noun
hammers,useful ....,-15.59375,2,2token,not_valid_noun
hammers,work and,-15.59375,2,2token,not_valid_noun
hammers,___________ Write,-15.59375,2,2token,not_valid_noun
hammers,instruments which,-15.59375,2,2token,incomplete_phrase
hammers,carpentry,-15.59375,2,2token,incomplete_phrase
hammers,___________ ...,-15.59375,2,2token,not_valid_noun
hammers,___________,-15.59375,2,2token,not_valid_noun
hammers,___________ ______,-15.59375,2,2token,not_valid_noun
hammers,___________ Tool,-15.59375,2,2token,not_valid_noun
hammers,household /,-15.59375,2,2token,not_valid_noun
hammers,Tools of,-15.59375,2,2token,not_valid_noun
hammers,"implement ,",-15.59375,2,2token,not_valid_noun
hammers,implement The,-15.59375,2,2token,incomplete_phrase
hammers,implement _.,-15.59375,2,2token,not_valid_noun
hammers,implement ___________,-15.59375,2,2token,not_valid_noun
hammers,hammer Edit,-15.59375,2,2token,incomplete_phrase
hammers,"hammer ,",-15.59375,2,2token,not_valid_noun
hammers,hammer .....,-15.59375,2,2token,not_valid_noun
hammers,hammer Correct,-15.59375,2,2token,not_valid_noun
hammers,machines in,-15.59375,2,2token,not_valid_noun
hammers,.. ..,-15.59375,2,2token,not_valid_noun
hammers,jou,-15.625,1,single_token,not_valid_noun
hammers,handling,-15.625,1,single_token,incomplete_phrase
hammers,appliance ....,-15.625,2,2token,not_valid_noun
hammers,nut or,-15.625,2,2token,not_valid_noun
hammers,calcul,-15.625,1,single_token,not_valid_noun
hammers,jo,-15.625,1,single_token,not_valid_noun
hammers,ou,-15.625,1,single_token,not_valid_noun
hammers,moulding,-15.625,1,single_token,incomplete_phrase
hammers,ins,-15.625,1,single_token,not_valid_noun
hammers,Sie,-15.625,1,single_token,incomplete_phrase
hammers,gast,-15.625,1,single_token,incomplete_phrase
hammers,mes,-15.625,1,single_token,incomplete_phrase
hammers,Latin,-15.625,1,single_token,incomplete_phrase
hammers,h ...,-15.625,2,2token,not_valid_noun
hammers,appliance in,-15.625,2,2token,not_valid_noun
hammers,appliance complete,-15.625,2,2token,not_valid_noun
hammers,А,-15.625,1,single_token,not_valid_noun
hammers,br,-15.625,1,single_token,not_valid_noun
hammers,perfect,-15.625,1,single_token,incomplete_phrase
hammers,percussion instru,-15.625,2,2token,incomplete_phrase
hammers,-->,-15.625,1,single_token,not_valid_noun
hammers,Ca,-15.625,1,single_token,not_valid_noun
hammers,${,-15.625,1,single_token,not_valid_noun
hammers,ingen,-15.625,1,single_token,not_valid_noun
hammers,paintings,-15.625,1,single_token,not_valid_noun
hammers,lasting,-15.625,1,single_token,not_valid_noun
hammers,pit,-15.625,1,single_token,incomplete_phrase
hammers,sports Complete,-15.625,2,2token,not_valid_noun
hammers,Mach,-15.625,1,single_token,not_valid_noun
hammers,ate,-15.625,1,single_token,incomplete_phrase
hammers,stainless,-15.625,1,single_token,incomplete_phrase
hammers,，,-15.625,1,single_token,not_valid_noun
hammers,wich,-15.625,1,single_token,not_valid_noun
hammers,direct,-15.625,1,single_token,not_valid_noun
hammers,stor,-15.625,1,single_token,not_valid_noun
hammers,cur,-15.625,1,single_token,incomplete_phrase
hammers,And,-15.625,1,single_token,not_valid_noun
hammers,Please,-15.625,1,single_token,not_valid_noun
hammers,dead,-15.625,1,single_token,incomplete_phrase
hammers,с,-15.625,1,single_token,not_valid_noun
hammers,au,-15.625,1,single_token,not_valid_noun
hammers,gifts,-15.625,1,single_token,not_valid_noun
hammers,what ______,-15.625,2,2token,not_valid_noun
hammers,........ metal,-15.625,2,2token,not_valid_noun
hammers,Vegetables,-15.625,1,single_token,not_valid_noun
hammers,that belong,-15.625,2,2token,not_valid_noun
hammers,that,-15.625,2,2token,not_valid_noun
hammers,...... Select,-15.625,2,2token,not_valid_noun
hammers,what _______,-15.625,2,2token,not_valid_noun
hammers,I will,-15.625,2,2token,not_valid_noun
hammers,I _,-15.625,2,2token,not_valid_noun
hammers,......... Match,-15.625,2,2token,not_valid_noun
hammers,Athletic,-15.625,1,single_token,not_valid_noun
hammers,.............. What,-15.625,2,2token,not_valid_noun
hammers,modelling,-15.625,1,single_token,not_valid_noun
hammers,what -,-15.625,2,2token,not_valid_noun
hammers,what A,-15.625,2,2token,not_valid_noun
hammers,............... complete,-15.625,2,2token,not_valid_noun
hammers,____________,-15.65625,2,2token,not_valid_noun
hammers,small .,-15.65625,2,2token,not_valid_noun
hammers,machinery or,-15.65625,2,2token,not_valid_noun
hammers,: Use,-15.65625,2,2token,not_valid_noun
hammers,small construction,-15.65625,2,2token,incomplete_phrase
hammers,mechanic (,-15.65625,2,2token,not_valid_noun
hammers,small,-15.65625,2,2token,incomplete_phrase
hammers,furniture repair,-15.65625,2,2token,incomplete_phrase
hammers,stone ....,-15.65625,2,2token,not_valid_noun
hammers,( instrumento,-15.65625,2,2token,not_valid_noun
hammers,What ?,-15.65625,2,2token,not_valid_noun
hammers,and iron,-15.65625,2,2token,not_valid_noun
hammers,and can,-15.65625,2,2token,not_valid_noun
hammers,craft ____________,-15.65625,2,2token,not_valid_noun
hammers,What we,-15.65625,2,2token,not_valid_noun
hammers,wood used,-15.65625,2,2token,incomplete_phrase
hammers,o r,-15.65625,2,2token,not_valid_noun
hammers,( ?,-15.65625,2,2token,not_valid_noun
hammers,( Choose,-15.65625,2,2token,not_valid_noun
hammers,of kitchen,-15.65625,2,2token,not_valid_noun
hammers,"of ,",-15.65625,2,2token,not_valid_noun
hammers,of material,-15.65625,2,2token,not_valid_noun
hammers,of steel,-15.65625,2,2token,not_valid_noun
hammers,wood that,-15.65625,2,2token,incomplete_phrase
hammers,hardware -,-15.65625,2,2token,not_valid_noun
hammers,____ of,-15.65625,2,2token,not_valid_noun
hammers,material use,-15.65625,2,2token,incomplete_phrase
hammers,material ________,-15.65625,2,2token,not_valid_noun
hammers,____ Choose,-15.65625,2,2token,not_valid_noun
hammers,utensils for,-15.65625,2,2token,incomplete_phrase
hammers,toy that,-15.65625,2,2token,incomplete_phrase
hammers,material we,-15.65625,2,2token,not_valid_noun
hammers,material with,-15.65625,2,2token,incomplete_phrase
hammers,____ -,-15.65625,2,2token,not_valid_noun
hammers,TOOL in,-15.65625,2,2token,not_valid_noun
hammers,stone or,-15.65625,2,2token,not_valid_noun
hammers,craft …,-15.65625,2,2token,not_valid_noun
hammers,vehicle for,-15.65625,2,2token,incomplete_phrase
hammers,______,-15.65625,2,2token,not_valid_noun
hammers,: ?,-15.65625,2,2token,not_valid_noun
hammers,musical in,-15.6875,2,2token,not_valid_noun
hammers,$^{,-15.6875,1,single_token,not_valid_noun
hammers,combination,-15.6875,1,single_token,incomplete_phrase
hammers,Hi,-15.6875,1,single_token,not_valid_noun
hammers,QU,-15.6875,1,single_token,not_valid_noun
hammers,under,-15.6875,1,single_token,not_valid_noun
hammers,an animal,-15.6875,2,2token,not_valid_noun
hammers,assembly,-15.6875,1,single_token,incomplete_phrase
hammers,semi,-15.6875,1,single_token,incomplete_phrase
hammers,fabri,-15.6875,1,single_token,not_valid_noun
hammers,delivery,-15.6875,1,single_token,incomplete_phrase
hammers,............. Choose,-15.6875,2,2token,not_valid_noun
hammers,............. What,-15.6875,2,2token,not_valid_noun
hammers,K,-15.6875,1,single_token,not_valid_noun
hammers,up,-15.6875,1,single_token,not_valid_noun
hammers,und,-15.6875,1,single_token,not_valid_noun
hammers,………… A,-15.6875,2,2token,not_valid_noun
hammers,ton,-15.6875,1,single_token,incomplete_phrase
hammers,inj,-15.6875,1,single_token,not_valid_noun
hammers,min,-15.6875,1,single_token,incomplete_phrase
hammers,don,-15.6875,1,single_token,incomplete_phrase
hammers,acti,-15.6875,1,single_token,incomplete_phrase
hammers,even,-15.6875,1,single_token,incomplete_phrase
hammers,differ,-15.6875,1,single_token,not_valid_noun
hammers,som,-15.6875,1,single_token,not_valid_noun
hammers,Val,-15.6875,1,single_token,incomplete_phrase
hammers,west,-15.6875,1,single_token,incomplete_phrase
hammers,POS,-15.6875,1,single_token,not_valid_noun
hammers,fru,-15.6875,1,single_token,not_valid_noun
hammers,….. ?,-15.6875,2,2token,not_valid_noun
hammers,the article,-15.6875,2,2token,not_valid_noun
hammers,car ________,-15.6875,2,2token,not_valid_noun
hammers,wooden,-15.6875,2,2token,not_valid_noun
hammers,working,-15.6875,2,2token,incomplete_phrase
hammers,_. hammers,-15.6875,2,2token,not_valid_noun
hammers,wooden building,-15.6875,2,2token,incomplete_phrase
hammers,lightweight,-15.6875,1,single_token,incomplete_phrase
hammers,diving,-15.6875,1,single_token,incomplete_phrase
hammers,sund,-15.6875,1,single_token,not_valid_noun
hammers,informat,-15.6875,1,single_token,incomplete_phrase
hammers,い,-15.6875,1,single_token,not_valid_noun
hammers,implements and,-15.6875,2,2token,incomplete_phrase
hammers,locksmith,-15.6875,1,single_token,incomplete_phrase
hammers,mended,-15.6875,1,single_token,not_valid_noun
hammers,"—,",-15.6875,1,single_token,not_valid_noun
hammers,the machines,-15.6875,2,2token,not_valid_noun
hammers,erectile,-15.6875,1,single_token,not_valid_noun
hammers,◦,-15.6875,1,single_token,not_valid_noun
hammers,'?,-15.6875,1,single_token,not_valid_noun
hammers,since,-15.6875,1,single_token,not_valid_noun
hammers,dem,-15.6875,1,single_token,not_valid_noun
hammers,That,-15.6875,1,single_token,not_valid_noun
hammers,pare,-15.6875,1,single_token,not_valid_noun
hammers,Fast,-15.6875,1,single_token,incomplete_phrase
hammers,dụng,-15.6875,1,single_token,not_valid_noun
hammers,Ger,-15.6875,1,single_token,incomplete_phrase
hammers,een,-15.6875,1,single_token,not_valid_noun
hammers,half,-15.6875,1,single_token,incomplete_phrase
hammers,quick,-15.6875,1,single_token,incomplete_phrase
hammers,- noun,-15.6875,2,2token,not_valid_noun
hammers,- ____,-15.6875,2,2token,not_valid_noun
hammers,- _______,-15.6875,2,2token,not_valid_noun
hammers,_. Fruit,-15.6875,2,2token,not_valid_noun
hammers,second,-15.6875,1,single_token,incomplete_phrase
hammers,bre,-15.6875,1,single_token,not_valid_noun
hammers,..... instrument,-15.6875,2,2token,not_valid_noun
hammers,..... metal,-15.6875,2,2token,not_valid_noun
hammers,..... _,-15.6875,2,2token,not_valid_noun
hammers,..... An,-15.6875,2,2token,not_valid_noun
hammers,.....,-15.6875,2,2token,not_valid_noun
hammers,_. Select,-15.6875,2,2token,not_valid_noun
hammers,ske,-15.6875,1,single_token,not_valid_noun
hammers,precise,-15.6875,1,single_token,not_valid_noun
hammers,_. An,-15.6875,2,2token,not_valid_noun
hammers,_. When,-15.6875,2,2token,not_valid_noun
hammers,_. the,-15.6875,2,2token,not_valid_noun
hammers,hard blunt,-15.6875,2,2token,not_valid_noun
hammers,hard (,-15.6875,2,2token,not_valid_noun
hammers,hard solid,-15.6875,2,2token,incomplete_phrase
hammers,hard _______,-15.6875,2,2token,not_valid_noun
hammers,..... Identify,-15.6875,2,2token,not_valid_noun
hammers,wasting,-15.6875,1,single_token,incomplete_phrase
hammers,инстру,-15.6875,1,single_token,not_valid_noun
hammers,smoothing,-15.6875,1,single_token,not_valid_noun
hammers,tang,-15.6875,1,single_token,incomplete_phrase
hammers,mathe,-15.6875,1,single_token,incomplete_phrase
hammers,labors,-15.6875,1,single_token,not_valid_noun
hammers,.”,-15.6875,1,single_token,not_valid_noun
hammers,ﬂ,-15.6875,1,single_token,not_valid_noun
hammers,Geb,-15.6875,1,single_token,not_valid_noun
hammers,shock,-15.6875,1,single_token,incomplete_phrase
hammers,falling,-15.6875,1,single_token,not_valid_noun
hammers,Description,-15.6875,1,single_token,incomplete_phrase
hammers,engineering (,-15.6875,2,2token,not_valid_noun
hammers,Dan,-15.6875,1,single_token,incomplete_phrase
hammers,things with,-15.6875,2,2token,incomplete_phrase
hammers,rolling,-15.6875,1,single_token,incomplete_phrase
hammers,neat,-15.6875,1,single_token,not_valid_noun
hammers,ari,-15.6875,1,single_token,not_valid_noun
hammers,ty,-15.6875,1,single_token,not_valid_noun
hammers,PC,-15.6875,1,single_token,not_valid_noun
hammers,applied,-15.6875,1,single_token,not_valid_noun
hammers,proto,-15.6875,1,single_token,incomplete_phrase
hammers,processed,-15.6875,1,single_token,not_valid_noun
hammers,colours,-15.6875,1,single_token,not_valid_noun
hammers,industries,-15.6875,1,single_token,not_valid_noun
hammers,Za,-15.6875,1,single_token,not_valid_noun
hammers,closing,-15.6875,1,single_token,incomplete_phrase
hammers,complicated,-15.6875,1,single_token,not_valid_noun
hammers,−,-15.6875,1,single_token,not_valid_noun
hammers,wel,-15.6875,1,single_token,not_valid_noun
hammers,anc,-15.6875,1,single_token,incomplete_phrase
hammers,p o,-15.6875,2,2token,not_valid_noun
hammers,sport and,-15.71875,2,2token,incomplete_phrase
hammers,Instrument for,-15.71875,2,2token,incomplete_phrase
hammers,nails (,-15.71875,2,2token,not_valid_noun
hammers,craft -,-15.71875,2,2token,not_valid_noun
hammers,________,-15.71875,2,2token,not_valid_noun
hammers,________ Explain,-15.71875,2,2token,not_valid_noun
hammers,________ are,-15.71875,2,2token,not_valid_noun
hammers,........... tools,-15.71875,2,2token,not_valid_noun
hammers,Instrument ....,-15.71875,2,2token,not_valid_noun
hammers,Instrument ...,-15.71875,2,2token,not_valid_noun
hammers,fruit to,-15.71875,2,2token,not_valid_noun
hammers,knife or,-15.71875,2,2token,not_valid_noun
hammers,/ A,-15.71875,2,2token,not_valid_noun
hammers,/ they,-15.71875,2,2token,not_valid_noun
hammers,/ one,-15.71875,2,2token,not_valid_noun
hammers,hammer by,-15.71875,2,2token,not_valid_noun
hammers,/ ...,-15.71875,2,2token,not_valid_noun
hammers,/ make,-15.71875,2,2token,not_valid_noun
hammers,____________ _______,-15.71875,2,2token,not_valid_noun
hammers,implement is,-15.71875,2,2token,not_valid_noun
hammers,object /,-15.71875,2,2token,not_valid_noun
hammers,___________,-15.71875,2,2token,not_valid_noun
hammers,work ____,-15.71875,2,2token,not_valid_noun
hammers,equipment ______,-15.71875,2,2token,not_valid_noun
hammers,.. Use,-15.71875,2,2token,not_valid_noun
hammers,object ….,-15.71875,2,2token,not_valid_noun
hammers,object Answer,-15.71875,2,2token,not_valid_noun
hammers,.. Tools,-15.71875,2,2token,not_valid_noun
hammers,heavy kitchen,-15.71875,2,2token,incomplete_phrase
hammers,heavy …,-15.71875,2,2token,not_valid_noun
hammers,heavy construction,-15.71875,2,2token,incomplete_phrase
hammers,measuring instr,-15.71875,2,2token,incomplete_phrase
hammers,……,-15.71875,2,2token,not_valid_noun
hammers,....... Read,-15.71875,2,2token,not_valid_noun
hammers,....... I,-15.71875,2,2token,not_valid_noun
hammers,heavy duty,-15.71875,2,2token,incomplete_phrase
hammers,........... complete,-15.71875,2,2token,not_valid_noun
hammers,........... ...,-15.71875,2,2token,not_valid_noun
hammers,"..., what",-15.71875,2,2token,not_valid_noun
hammers,bl ...,-15.71875,2,2token,not_valid_noun
hammers,woodworking .,-15.71875,2,2token,not_valid_noun
hammers,____________ ____,-15.71875,2,2token,not_valid_noun
hammers,Tools Use,-15.71875,2,2token,incomplete_phrase
hammers,garden utens,-15.71875,2,2token,incomplete_phrase
hammers,verb (,-15.71875,2,2token,not_valid_noun
hammers,___________ The,-15.71875,2,2token,not_valid_noun
hammers,___________ and,-15.71875,2,2token,not_valid_noun
hammers,exercise for,-15.71875,2,2token,not_valid_noun
hammers,/ have,-15.71875,2,2token,not_valid_noun
hammers,said,-15.75,1,single_token,not_valid_noun
hammers,dat,-15.75,1,single_token,not_valid_noun
hammers,Pri,-15.75,1,single_token,not_valid_noun
hammers,that breaks,-15.75,2,2token,incomplete_phrase
hammers,.............. ?,-15.75,2,2token,not_valid_noun
hammers,manpower,-15.75,1,single_token,not_valid_noun
hammers,hul,-15.75,1,single_token,not_valid_noun
hammers,--->,-15.75,1,single_token,not_valid_noun
hammers,desks,-15.75,1,single_token,not_valid_noun
hammers,afe,-15.75,1,single_token,not_valid_noun
hammers,bulky,-15.75,1,single_token,not_valid_noun
hammers,ingredients,-15.75,1,single_token,not_valid_noun
hammers,consumer,-15.75,1,single_token,incomplete_phrase
hammers,minerals,-15.75,1,single_token,not_valid_noun
hammers,pc,-15.75,1,single_token,not_valid_noun
hammers,FI,-15.75,1,single_token,not_valid_noun
hammers,VS,-15.75,1,single_token,not_valid_noun
hammers,mo,-15.75,1,single_token,not_valid_noun
hammers,======,-15.75,1,single_token,not_valid_noun
hammers,#####,-15.75,1,single_token,not_valid_noun
hammers,mis,-15.75,1,single_token,not_valid_noun
hammers,Unlike,-15.75,1,single_token,not_valid_noun
hammers,Nick,-15.75,1,single_token,incomplete_phrase
hammers,weigh,-15.75,1,single_token,not_valid_noun
hammers,mak,-15.75,1,single_token,not_valid_noun
hammers,utilities,-15.75,1,single_token,not_valid_noun
hammers,.............. complete,-15.75,2,2token,not_valid_noun
hammers,device _______,-15.75,2,2token,not_valid_noun
hammers,device made,-15.75,2,2token,incomplete_phrase
hammers,wi,-15.75,1,single_token,not_valid_noun
hammers,utili,-15.75,1,single_token,not_valid_noun
hammers,which word,-15.75,2,2token,not_valid_noun
hammers,which I,-15.75,2,2token,not_valid_noun
hammers,mentioned,-15.75,1,single_token,not_valid_noun
hammers,noun that,-15.75,2,2token,incomplete_phrase
hammers,door Complete,-15.75,2,2token,not_valid_noun
hammers,door (,-15.75,2,2token,not_valid_noun
hammers,device ________,-15.75,2,2token,not_valid_noun
hammers,......... Use,-15.75,2,2token,not_valid_noun
hammers,cit,-15.75,1,single_token,incomplete_phrase
hammers,Microsoft,-15.75,1,single_token,incomplete_phrase
hammers,door repair,-15.75,2,2token,incomplete_phrase
hammers,ich,-15.75,1,single_token,incomplete_phrase
hammers,||,-15.75,1,single_token,not_valid_noun
hammers,plays,-15.75,1,single_token,not_valid_noun
hammers,political,-15.75,1,single_token,not_valid_noun
hammers,device of,-15.75,2,2token,not_valid_noun
hammers,device in,-15.75,2,2token,not_valid_noun
hammers,gro,-15.75,1,single_token,not_valid_noun
hammers,:],-15.75,1,single_token,not_valid_noun
hammers,औ,-15.75,1,single_token,not_valid_noun
hammers,formal,-15.75,1,single_token,incomplete_phrase
hammers,ends,-15.75,1,single_token,not_valid_noun
hammers,clipping,-15.75,1,single_token,incomplete_phrase
hammers,door and,-15.75,2,2token,incomplete_phrase
hammers,man .,-15.75,2,2token,not_valid_noun
hammers,we,-15.75,2,2token,not_valid_noun
hammers,PT,-15.75,1,single_token,not_valid_noun
hammers,::,-15.75,1,single_token,not_valid_noun
hammers,xxxx,-15.75,1,single_token,not_valid_noun
hammers,oth,-15.75,1,single_token,incomplete_phrase
hammers,bic,-15.75,1,single_token,not_valid_noun
hammers,manip,-15.75,1,single_token,not_valid_noun
hammers,ui,-15.75,1,single_token,not_valid_noun
hammers,foreign,-15.75,1,single_token,not_valid_noun
hammers,I ...,-15.75,2,2token,not_valid_noun
hammers,holding,-15.75,1,single_token,incomplete_phrase
hammers,fur,-15.75,1,single_token,incomplete_phrase
hammers,operating,-15.75,1,single_token,not_valid_noun
hammers,I believe,-15.75,2,2token,not_valid_noun
hammers,depending,-15.75,1,single_token,not_valid_noun
hammers,boxes,-15.75,1,single_token,not_valid_noun
hammers,makeup,-15.75,1,single_token,not_valid_noun
hammers,article (,-15.75,2,2token,not_valid_noun
hammers,********,-15.75,1,single_token,not_valid_noun
hammers,...... Tools,-15.75,2,2token,not_valid_noun
hammers,Working,-15.75,1,single_token,incomplete_phrase
hammers,......... metal,-15.75,2,2token,not_valid_noun
hammers,we …,-15.75,2,2token,not_valid_noun
hammers,legs,-15.75,1,single_token,not_valid_noun
hammers,b a,-15.78125,2,2token,not_valid_noun
hammers,( ],-15.78125,2,2token,not_valid_noun
hammers,------------ tools,-15.78125,2,2token,not_valid_noun
hammers,toy ________,-15.78125,2,2token,not_valid_noun
hammers,simple hand,-15.78125,2,2token,incomplete_phrase
hammers,TOOL to,-15.78125,2,2token,not_valid_noun
hammers,What I,-15.78125,2,2token,not_valid_noun
hammers,What two,-15.78125,2,2token,not_valid_noun
hammers,nail ….,-15.78125,2,2token,not_valid_noun
hammers,wood is,-15.78125,2,2token,not_valid_noun
hammers,DIY,-15.78125,2,2token,not_valid_noun
hammers,nail for,-15.78125,2,2token,incomplete_phrase
hammers,nail ____,-15.78125,2,2token,not_valid_noun
hammers,____ Match,-15.78125,2,2token,not_valid_noun
hammers,and of,-15.78125,2,2token,not_valid_noun
hammers,and instrument,-15.78125,2,2token,not_valid_noun
hammers,gadget to,-15.78125,2,2token,not_valid_noun
hammers,and _______,-15.78125,2,2token,not_valid_noun
hammers,____,-15.78125,2,2token,not_valid_noun
hammers,and (,-15.78125,2,2token,not_valid_noun
hammers,and nails,-15.78125,2,2token,not_valid_noun
hammers,is tools,-15.78125,2,2token,not_valid_noun
hammers,____ that,-15.78125,2,2token,not_valid_noun
hammers,is this,-15.78125,2,2token,not_valid_noun
hammers,machinery in,-15.78125,2,2token,not_valid_noun
hammers,: ....,-15.78125,2,2token,not_valid_noun
hammers,: Read,-15.78125,2,2token,not_valid_noun
hammers,": ,",-15.78125,2,2token,not_valid_noun
hammers,: _____,-15.78125,2,2token,not_valid_noun
hammers,: ______,-15.78125,2,2token,not_valid_noun
hammers,small heavy,-15.78125,2,2token,incomplete_phrase
hammers,small wooden,-15.78125,2,2token,incomplete_phrase
hammers,small handheld,-15.78125,2,2token,incomplete_phrase
hammers,small household,-15.78125,2,2token,incomplete_phrase
hammers,small sharp,-15.78125,2,2token,incomplete_phrase
hammers,____ instrument,-15.78125,2,2token,not_valid_noun
hammers,of craft,-15.78125,2,2token,not_valid_noun
hammers,of device,-15.78125,2,2token,not_valid_noun
hammers,FOR,-15.8125,1,single_token,not_valid_noun
hammers,este,-15.8125,1,single_token,not_valid_noun
hammers,fre,-15.8125,1,single_token,not_valid_noun
hammers,online,-15.8125,1,single_token,not_valid_noun
hammers,- complete,-15.8125,2,2token,not_valid_noun
hammers,French,-15.8125,1,single_token,incomplete_phrase
hammers,users,-15.8125,1,single_token,not_valid_noun
hammers,books,-15.8125,1,single_token,not_valid_noun
hammers,prehistoric,-15.8125,1,single_token,not_valid_noun
hammers,we a,-15.8125,2,2token,not_valid_noun
hammers,we know,-15.8125,2,2token,not_valid_noun
hammers,ea,-15.8125,1,single_token,not_valid_noun
hammers,<?,-15.8125,1,single_token,not_valid_noun
hammers,casa,-15.8125,1,single_token,not_valid_noun
hammers,eg,-15.8125,1,single_token,not_valid_noun
hammers,carpenter,-15.8125,2,2token,incomplete_phrase
hammers,Gr,-15.8125,1,single_token,not_valid_noun
hammers,we find,-15.8125,2,2token,not_valid_noun
hammers,things called,-15.8125,2,2token,incomplete_phrase
hammers,_. It,-15.8125,2,2token,not_valid_noun
hammers,..... and,-15.8125,2,2token,not_valid_noun
hammers,..... We,-15.8125,2,2token,not_valid_noun
hammers,Percussion,-15.8125,1,single_token,incomplete_phrase
hammers,☐,-15.8125,1,single_token,not_valid_noun
hammers,!.,-15.8125,1,single_token,not_valid_noun
hammers,Handwerk,-15.8125,1,single_token,not_valid_noun
hammers,materialistic,-15.8125,1,single_token,not_valid_noun
hammers,military,-15.8125,1,single_token,incomplete_phrase
hammers,the world,-15.8125,2,2token,not_valid_noun
hammers,the ...,-15.8125,2,2token,not_valid_noun
hammers,the cooking,-15.8125,2,2token,not_valid_noun
hammers,das,-15.8125,1,single_token,incomplete_phrase
hammers,At,-15.8125,1,single_token,not_valid_noun
hammers,</,-15.8125,1,single_token,not_valid_noun
hammers,balanced,-15.8125,1,single_token,not_valid_noun
hammers,inappropriate,-15.8125,1,single_token,not_valid_noun
hammers,Ме,-15.8125,1,single_token,not_valid_noun
hammers,工,-15.8125,1,single_token,not_valid_noun
hammers,finishing,-15.8125,1,single_token,incomplete_phrase
hammers,..... of,-15.8125,2,2token,not_valid_noun
hammers,..... You,-15.8125,2,2token,not_valid_noun
hammers,"..... ,",-15.8125,2,2token,not_valid_noun
hammers,stal,-15.8125,1,single_token,not_valid_noun
hammers,silly,-15.8125,1,single_token,incomplete_phrase
hammers,tel,-15.8125,1,single_token,not_valid_noun
hammers,beach,-15.8125,1,single_token,incomplete_phrase
hammers,dic,-15.8125,1,single_token,not_valid_noun
hammers,..... Find,-15.8125,2,2token,not_valid_noun
hammers,..... ____,-15.8125,2,2token,not_valid_noun
hammers,............. tools,-15.8125,2,2token,not_valid_noun
hammers,digits,-15.8125,1,single_token,not_valid_noun
hammers,questi,-15.8125,1,single_token,not_valid_noun
hammers,curved,-15.8125,1,single_token,not_valid_noun
hammers,wed,-15.8125,1,single_token,incomplete_phrase
hammers,tailor,-15.8125,1,single_token,incomplete_phrase
hammers,barb,-15.8125,1,single_token,incomplete_phrase
hammers,deporte,-15.8125,1,single_token,not_valid_noun
hammers,the of,-15.8125,2,2token,not_valid_noun
hammers,FE,-15.8125,1,single_token,not_valid_noun
hammers,car Key,-15.8125,2,2token,incomplete_phrase
hammers,piece ...,-15.8125,2,2token,not_valid_noun
hammers,@,-15.8125,1,single_token,not_valid_noun
hammers,sub,-15.8125,1,single_token,incomplete_phrase
hammers,On,-15.8125,1,single_token,not_valid_noun
hammers,while,-15.8125,1,single_token,incomplete_phrase
hammers,[ .,-15.8125,2,2token,not_valid_noun
hammers,[ ?,-15.8125,2,2token,not_valid_noun
hammers,the car,-15.8125,2,2token,not_valid_noun
hammers,▼,-15.8125,1,single_token,not_valid_noun
hammers,ope,-15.8125,1,single_token,incomplete_phrase
hammers,ham,-15.8125,1,single_token,not_valid_noun
hammers,wound,-15.8125,1,single_token,incomplete_phrase
hammers,gia,-15.8125,1,single_token,not_valid_noun
hammers,singing,-15.8125,1,single_token,incomplete_phrase
hammers,tennis,-15.8125,1,single_token,incomplete_phrase
hammers,optical,-15.8125,1,single_token,not_valid_noun
hammers,peculiar,-15.8125,1,single_token,not_valid_noun
hammers,opp,-15.8125,1,single_token,not_valid_noun
hammers,coll,-15.8125,1,single_token,incomplete_phrase
hammers,CD,-15.8125,1,single_token,not_valid_noun
hammers,smooth,-15.8125,1,single_token,incomplete_phrase
hammers,ll,-15.8125,1,single_token,not_valid_noun
hammers,Very,-15.8125,1,single_token,not_valid_noun
hammers,fas,-15.8125,1,single_token,not_valid_noun
hammers,type (,-15.8125,2,2token,not_valid_noun
hammers,nee,-15.8125,1,single_token,not_valid_noun
hammers,spin,-15.8125,1,single_token,incomplete_phrase
hammers,♦,-15.8125,1,single_token,not_valid_noun
hammers,selection,-15.8125,1,single_token,not_valid_noun
hammers,kid,-15.8125,1,single_token,not_valid_noun
hammers,manipulate,-15.8125,1,single_token,not_valid_noun
hammers,claws,-15.8125,1,single_token,not_valid_noun
hammers,belongings,-15.8125,1,single_token,not_valid_noun
hammers,▪,-15.8125,1,single_token,not_valid_noun
hammers,…… hammer,-15.84375,2,2token,not_valid_noun
hammers,…… Make,-15.84375,2,2token,not_valid_noun
hammers,…… Answer,-15.84375,2,2token,not_valid_noun
hammers,/ Complete,-15.84375,2,2token,not_valid_noun
hammers,/ something,-15.84375,2,2token,not_valid_noun
hammers,/ types,-15.84375,2,2token,not_valid_noun
hammers,soft .,-15.84375,2,2token,not_valid_noun
hammers,equipment :,-15.84375,2,2token,not_valid_noun
hammers,…… …,-15.84375,2,2token,not_valid_noun
hammers,…… tools,-15.84375,2,2token,not_valid_noun
hammers,machines _______,-15.84375,2,2token,not_valid_noun
hammers,hammer Choose,-15.84375,2,2token,not_valid_noun
hammers,hammer Comple,-15.84375,2,2token,incomplete_phrase
hammers,machines ________,-15.84375,2,2token,not_valid_noun
hammers,hammer [,-15.84375,2,2token,not_valid_noun
hammers,....... -,-15.84375,2,2token,not_valid_noun
hammers,"..., an",-15.84375,2,2token,not_valid_noun
hammers,"..., are",-15.84375,2,2token,not_valid_noun
hammers,heavy lifting,-15.84375,2,2token,incomplete_phrase
hammers,craft /,-15.84375,2,2token,not_valid_noun
hammers,heavy _______,-15.84375,2,2token,not_valid_noun
hammers,hammer What,-15.84375,2,2token,not_valid_noun
hammers,....... ....,-15.84375,2,2token,not_valid_noun
hammers,simple .,-15.84375,2,2token,not_valid_noun
hammers,....... Use,-15.84375,2,2token,not_valid_noun
hammers,....... In,-15.84375,2,2token,not_valid_noun
hammers,Tools .....,-15.84375,2,2token,not_valid_noun
hammers,Tools which,-15.84375,2,2token,incomplete_phrase
hammers,thing Answer,-15.84375,2,2token,not_valid_noun
hammers,____________ I,-15.84375,2,2token,not_valid_noun
hammers,___________ Use,-15.84375,2,2token,not_valid_noun
hammers,object Comple,-15.84375,2,2token,incomplete_phrase
hammers,object Fill,-15.84375,2,2token,not_valid_noun
hammers,object _.,-15.84375,2,2token,not_valid_noun
hammers,screwdriver (,-15.84375,2,2token,not_valid_noun
hammers,object ..,-15.84375,2,2token,not_valid_noun
hammers,object Read,-15.84375,2,2token,not_valid_noun
hammers,wrench (,-15.84375,2,2token,not_valid_noun
hammers,object :,-15.84375,2,2token,not_valid_noun
hammers,___________ Select,-15.84375,2,2token,not_valid_noun
hammers,soft and,-15.84375,2,2token,not_valid_noun
hammers,made .,-15.84375,2,2token,not_valid_noun
hammers,....... Correct,-15.84375,2,2token,not_valid_noun
hammers,sharp .,-15.84375,2,2token,not_valid_noun
hammers,hammer ….,-15.84375,2,2token,not_valid_noun
hammers,work ______,-15.84375,2,2token,not_valid_noun
hammers,useful _____,-15.84375,2,2token,not_valid_noun
hammers,useful for,-15.84375,2,2token,not_valid_noun
hammers,object [,-15.84375,2,2token,not_valid_noun
hammers,Tools,-15.84375,2,2token,not_valid_noun
hammers,Tools Fill,-15.84375,2,2token,not_valid_noun
hammers,object …,-15.84375,2,2token,not_valid_noun
hammers,Tools _________,-15.84375,2,2token,not_valid_noun
hammers,programme,-15.875,1,single_token,not_valid_noun
hammers,graphic,-15.875,1,single_token,incomplete_phrase
hammers,p …,-15.875,2,2token,not_valid_noun
hammers,man _,-15.875,2,2token,not_valid_noun
hammers,Ancient,-15.875,1,single_token,incomplete_phrase
hammers,......... I,-15.875,2,2token,not_valid_noun
hammers,that build,-15.875,2,2token,incomplete_phrase
hammers,.............. Tools,-15.875,2,2token,not_valid_noun
hammers,that use,-15.875,2,2token,incomplete_phrase
hammers,........ tools,-15.875,2,2token,not_valid_noun
hammers,........ ....,-15.875,2,2token,not_valid_noun
hammers,........ complete,-15.875,2,2token,not_valid_noun
hammers,........ I,-15.875,2,2token,not_valid_noun
hammers,potent,-15.875,1,single_token,not_valid_noun
hammers,mason,-15.875,1,single_token,incomplete_phrase
hammers,an industrial,-15.875,2,2token,not_valid_noun
hammers,we used,-15.875,2,2token,not_valid_noun
hammers,p r,-15.875,2,2token,not_valid_noun
hammers,gemstone,-15.875,1,single_token,not_valid_noun
hammers,classi,-15.875,1,single_token,not_valid_noun
hammers,............... metal,-15.875,2,2token,not_valid_noun
hammers,labours,-15.875,1,single_token,not_valid_noun
hammers,appliance used,-15.875,2,2token,incomplete_phrase
hammers,micro,-15.875,1,single_token,incomplete_phrase
hammers,related,-15.875,1,single_token,not_valid_noun
hammers,fingers,-15.875,1,single_token,not_valid_noun
hammers,what machine,-15.875,2,2token,not_valid_noun
hammers,what metal,-15.875,2,2token,not_valid_noun
hammers,what a,-15.875,2,2token,not_valid_noun
hammers,what …,-15.875,2,2token,not_valid_noun
hammers,......... Tools,-15.875,2,2token,not_valid_noun
hammers,......... Read,-15.875,2,2token,not_valid_noun
hammers,......... instrument,-15.875,2,2token,not_valid_noun
hammers,magnetic,-15.875,1,single_token,not_valid_noun
hammers,reducing,-15.875,1,single_token,incomplete_phrase
hammers,Last,-15.875,1,single_token,incomplete_phrase
hammers,interior,-15.875,1,single_token,incomplete_phrase
hammers,what _____,-15.875,2,2token,not_valid_noun
hammers,what ....,-15.875,2,2token,not_valid_noun
hammers,...... Answer,-15.875,2,2token,not_valid_noun
hammers,il,-15.875,1,single_token,not_valid_noun
hammers,hospital,-15.875,1,single_token,incomplete_phrase
hammers,pencils,-15.875,1,single_token,not_valid_noun
hammers,writing .,-15.875,2,2token,not_valid_noun
hammers,vehicular,-15.875,1,single_token,not_valid_noun
hammers,writ,-15.875,1,single_token,incomplete_phrase
hammers,had,-15.875,1,single_token,not_valid_noun
hammers,give,-15.875,1,single_token,incomplete_phrase
hammers,Or,-15.875,1,single_token,not_valid_noun
hammers,musical ________,-15.875,2,2token,not_valid_noun
hammers,vessels,-15.875,1,single_token,not_valid_noun
hammers,opens,-15.875,1,single_token,not_valid_noun
hammers,which a,-15.875,2,2token,not_valid_noun
hammers,normal,-15.875,1,single_token,incomplete_phrase
hammers,............... Tools,-15.875,2,2token,not_valid_noun
hammers,Di,-15.875,1,single_token,not_valid_noun
hammers,...... I,-15.875,2,2token,not_valid_noun
hammers,.$,-15.875,1,single_token,not_valid_noun
hammers,essen,-15.875,1,single_token,not_valid_noun
hammers,prim,-15.875,1,single_token,not_valid_noun
hammers,Describe,-15.875,1,single_token,not_valid_noun
hammers,invented,-15.875,1,single_token,not_valid_noun
hammers,ply,-15.875,1,single_token,incomplete_phrase
hammers,painter,-15.875,1,single_token,incomplete_phrase
hammers,Ã,-15.875,1,single_token,not_valid_noun
hammers,mod,-15.875,1,single_token,incomplete_phrase
hammers,inte,-15.875,1,single_token,not_valid_noun
hammers,Mr,-15.875,1,single_token,not_valid_noun
hammers,cli,-15.875,1,single_token,not_valid_noun
hammers,members,-15.875,1,single_token,not_valid_noun
hammers,musical ....,-15.875,2,2token,not_valid_noun
hammers,Rocky,-15.875,1,single_token,not_valid_noun
hammers,personal,-15.875,1,single_token,incomplete_phrase
hammers,p (,-15.875,2,2token,not_valid_noun
hammers,loo,-15.875,1,single_token,incomplete_phrase
hammers,tins,-15.875,1,single_token,not_valid_noun
hammers,PN,-15.875,1,single_token,not_valid_noun
hammers,cp,-15.875,1,single_token,not_valid_noun
hammers,whit,-15.875,1,single_token,incomplete_phrase
hammers,gc,-15.875,1,single_token,not_valid_noun
hammers,Verbs,-15.875,1,single_token,not_valid_noun
hammers,${\,-15.875,1,single_token,not_valid_noun
hammers,mighty,-15.875,1,single_token,not_valid_noun
hammers,axe or,-15.875,2,2token,not_valid_noun
hammers,cans,-15.875,1,single_token,not_valid_noun
hammers,classical,-15.875,1,single_token,incomplete_phrase
hammers,magical,-15.875,1,single_token,not_valid_noun
hammers,paint ...,-15.875,2,2token,not_valid_noun
hammers,........ Choose,-15.875,2,2token,not_valid_noun
hammers,pret,-15.875,1,single_token,not_valid_noun
hammers,ﬁ,-15.875,1,single_token,not_valid_noun
hammers,[(,-15.875,1,single_token,not_valid_noun
hammers,:/,-15.875,1,single_token,not_valid_noun
hammers,(<,-15.875,1,single_token,not_valid_noun
hammers,hardware are,-15.90625,2,2token,incomplete_phrase
hammers,TOOL _______,-15.90625,2,2token,not_valid_noun
hammers,TOOL COMPLETE,-15.90625,2,2token,not_valid_noun
hammers,and an,-15.90625,2,2token,not_valid_noun
hammers,TOOL .....,-15.90625,2,2token,not_valid_noun
hammers,mechanic,-15.90625,2,2token,incomplete_phrase
hammers,Werkzeug complete,-15.90625,2,2token,not_valid_noun
hammers,machinery to,-15.90625,2,2token,not_valid_noun
hammers,TOOL a,-15.90625,2,2token,not_valid_noun
hammers,TOOL complete,-15.90625,2,2token,not_valid_noun
hammers,hardware _____,-15.90625,2,2token,not_valid_noun
hammers,heavy mechanical,-15.90625,2,2token,incomplete_phrase
hammers,heavy ______,-15.90625,2,2token,not_valid_noun
hammers,What fruit,-15.90625,2,2token,not_valid_noun
hammers,o tool,-15.90625,2,2token,not_valid_noun
hammers,craft a,-15.90625,2,2token,not_valid_noun
hammers,stone ...,-15.90625,2,2token,not_valid_noun
hammers,material Read,-15.90625,2,2token,not_valid_noun
hammers,and ...,-15.90625,2,2token,not_valid_noun
hammers,( ...,-15.90625,2,2token,not_valid_noun
hammers,measuring …,-15.90625,2,2token,not_valid_noun
hammers,wood ________,-15.90625,2,2token,not_valid_noun
hammers,is called,-15.90625,2,2token,not_valid_noun
hammers,is there,-15.90625,2,2token,not_valid_noun
hammers,( A,-15.90625,2,2token,not_valid_noun
hammers,nail pol,-15.90625,2,2token,incomplete_phrase
hammers,nail used,-15.90625,2,2token,incomplete_phrase
hammers,work in,-15.90625,2,2token,not_valid_noun
hammers,What the,-15.90625,2,2token,not_valid_noun
hammers,What am,-15.90625,2,2token,not_valid_noun
hammers,me ...,-15.90625,2,2token,not_valid_noun
hammers,What,-15.90625,2,2token,not_valid_noun
hammers,( strumento,-15.90625,2,2token,not_valid_noun
hammers,( choose,-15.90625,2,2token,not_valid_noun
hammers,small ...,-15.90625,2,2token,not_valid_noun
hammers,toy ...,-15.90625,2,2token,not_valid_noun
hammers,: Instrument,-15.90625,2,2token,not_valid_noun
hammers,: In,-15.90625,2,2token,not_valid_noun
hammers,: an,-15.90625,2,2token,not_valid_noun
hammers,: Identify,-15.90625,2,2token,not_valid_noun
hammers,machinery _______,-15.90625,2,2token,not_valid_noun
hammers,machinery ________,-15.90625,2,2token,not_valid_noun
hammers,and used,-15.90625,2,2token,not_valid_noun
hammers,p l,-15.9375,2,2token,not_valid_noun
hammers,PR,-15.9375,1,single_token,not_valid_noun
hammers,eight,-15.9375,1,single_token,incomplete_phrase
hammers,objects of,-15.9375,2,2token,not_valid_noun
hammers,consists,-15.9375,1,single_token,not_valid_noun
hammers,¯,-15.9375,1,single_token,not_valid_noun
hammers,Cle,-15.9375,1,single_token,not_valid_noun
hammers,balls,-15.9375,1,single_token,not_valid_noun
hammers,vol,-15.9375,1,single_token,incomplete_phrase
hammers,pi,-15.9375,1,single_token,not_valid_noun
hammers,buying,-15.9375,1,single_token,not_valid_noun
hammers,designs,-15.9375,1,single_token,not_valid_noun
hammers,[ instrument,-15.9375,2,2token,not_valid_noun
hammers,"- ,",-15.9375,2,2token,not_valid_noun
hammers,- ______,-15.9375,2,2token,not_valid_noun
hammers,engineering ...,-15.9375,2,2token,not_valid_noun
hammers,the power,-15.9375,2,2token,not_valid_noun
hammers,Claudia,-15.9375,1,single_token,incomplete_phrase
hammers,[...,-15.9375,1,single_token,not_valid_noun
hammers,rigid,-15.9375,1,single_token,not_valid_noun
hammers,HOW,-15.9375,1,single_token,not_valid_noun
hammers,reck,-15.9375,1,single_token,not_valid_noun
hammers,Piece,-15.9375,1,single_token,incomplete_phrase
hammers,produced,-15.9375,1,single_token,not_valid_noun
hammers,Build,-15.9375,1,single_token,incomplete_phrase
hammers,bells,-15.9375,1,single_token,not_valid_noun
hammers,spac,-15.9375,1,single_token,not_valid_noun
hammers,mend,-15.9375,1,single_token,incomplete_phrase
hammers,mp,-15.9375,1,single_token,not_valid_noun
hammers,..... This,-15.9375,2,2token,not_valid_noun
hammers,..... Please,-15.9375,2,2token,not_valid_noun
hammers,objects made,-15.9375,2,2token,incomplete_phrase
hammers,………… The,-15.9375,2,2token,not_valid_noun
hammers,Her,-15.9375,1,single_token,not_valid_noun
hammers,thread,-15.9375,1,single_token,not_valid_noun
hammers,..... is,-15.9375,2,2token,not_valid_noun
hammers,hs,-15.9375,1,single_token,not_valid_noun
hammers,""""".",-15.9375,1,single_token,not_valid_noun
hammers,smashing,-15.9375,1,single_token,incomplete_phrase
hammers,.*,-15.9375,1,single_token,not_valid_noun
hammers,cub,-15.9375,1,single_token,incomplete_phrase
hammers,ux,-15.9375,1,single_token,not_valid_noun
hammers,}.,-15.9375,1,single_token,not_valid_noun
hammers,invest,-15.9375,1,single_token,not_valid_noun
hammers,pretty,-15.9375,1,single_token,not_valid_noun
hammers,indirect,-15.9375,1,single_token,not_valid_noun
hammers,farmer,-15.9375,1,single_token,incomplete_phrase
hammers,working .,-15.9375,2,2token,not_valid_noun
hammers,cuts,-15.9375,1,single_token,not_valid_noun
hammers,lad,-15.9375,1,single_token,incomplete_phrase
hammers,Basic,-15.9375,1,single_token,incomplete_phrase
hammers,-,-15.9375,2,2token,not_valid_noun
hammers,moveable,-15.9375,1,single_token,not_valid_noun
hammers,likes,-15.9375,1,single_token,not_valid_noun
hammers,pect,-15.9375,1,single_token,not_valid_noun
hammers,"[""",-15.9375,1,single_token,not_valid_noun
hammers,subjects,-15.9375,1,single_token,not_valid_noun
hammers,hammers (,-15.9375,2,2token,not_valid_noun
hammers,Geometric,-15.9375,1,single_token,not_valid_noun
hammers,….. In,-15.9375,2,2token,not_valid_noun
hammers,….. complete,-15.9375,2,2token,not_valid_noun
hammers,Human,-15.9375,1,single_token,incomplete_phrase
hammers,agric,-15.9375,1,single_token,not_valid_noun
hammers,Earth,-15.9375,1,single_token,incomplete_phrase
hammers,employees,-15.9375,1,single_token,not_valid_noun
hammers,wir,-15.9375,1,single_token,incomplete_phrase
hammers,mecan,-15.9375,1,single_token,not_valid_noun
hammers,Tod,-15.9375,1,single_token,incomplete_phrase
hammers,NOT,-15.9375,1,single_token,not_valid_noun
hammers,Melanie,-15.9375,1,single_token,not_valid_noun
hammers,microsoft,-15.9375,1,single_token,incomplete_phrase
hammers,kil,-15.9375,1,single_token,not_valid_noun
hammers,$/,-15.9375,1,single_token,not_valid_noun
hammers,implements ....,-15.9375,2,2token,not_valid_noun
hammers,units,-15.9375,1,single_token,not_valid_noun
hammers,implements in,-15.9375,2,2token,not_valid_noun
hammers,implements ...,-15.9375,2,2token,not_valid_noun
hammers,hammers and,-15.9375,2,2token,incomplete_phrase
hammers,passive,-15.9375,1,single_token,incomplete_phrase
hammers,illustrated,-15.9375,1,single_token,not_valid_noun
hammers,tend,-15.9375,1,single_token,not_valid_noun
hammers,conve,-15.9375,1,single_token,not_valid_noun
hammers,Crafts,-15.9375,1,single_token,not_valid_noun
hammers,artic,-15.9375,1,single_token,not_valid_noun
hammers,equipment made,-15.96875,2,2token,incomplete_phrase
hammers,"________ ,",-15.96875,2,2token,not_valid_noun
hammers,…… I,-15.96875,2,2token,not_valid_noun
hammers,________ Make,-15.96875,2,2token,not_valid_noun
hammers,equipment [,-15.96875,2,2token,not_valid_noun
hammers,simple metal,-15.96875,2,2token,incomplete_phrase
hammers,simple,-15.96875,2,2token,incomplete_phrase
hammers,fruit Answer,-15.96875,2,2token,not_valid_noun
hammers,…… ?,-15.96875,2,2token,not_valid_noun
hammers,/ thing,-15.96875,2,2token,not_valid_noun
hammers,/ color,-15.96875,2,2token,not_valid_noun
hammers,equipment ..,-15.96875,2,2token,not_valid_noun
hammers,craft __________,-15.96875,2,2token,not_valid_noun
hammers,equipment ____,-15.96875,2,2token,not_valid_noun
hammers,/ example,-15.96875,2,2token,not_valid_noun
hammers,___________ _,-15.96875,2,2token,not_valid_noun
hammers,utens il,-15.96875,2,2token,not_valid_noun
hammers,___________ ____,-15.96875,2,2token,not_valid_noun
hammers,___________ Correct,-15.96875,2,2token,not_valid_noun
hammers,industrial,-15.96875,2,2token,not_valid_noun
hammers,equipment Use,-15.96875,2,2token,incomplete_phrase
hammers,bl .,-15.96875,2,2token,not_valid_noun
hammers,bl ad,-15.96875,2,2token,not_valid_noun
hammers,Tools Answer,-15.96875,2,2token,not_valid_noun
hammers,____________ that,-15.96875,2,2token,not_valid_noun
hammers,cutlery (,-15.96875,2,2token,not_valid_noun
hammers,________ Correct,-15.96875,2,2token,not_valid_noun
hammers,________ Select,-15.96875,2,2token,not_valid_noun
hammers,________ Which,-15.96875,2,2token,not_valid_noun
hammers,________ ___________,-15.96875,2,2token,not_valid_noun
hammers,___________ __________,-15.96875,2,2token,not_valid_noun
hammers,....... Tools,-15.96875,2,2token,not_valid_noun
hammers,....... metal,-15.96875,2,2token,not_valid_noun
hammers,weapons complete,-15.96875,2,2token,not_valid_noun
hammers,________ fruit,-15.96875,2,2token,not_valid_noun
hammers,"..., metal",-15.96875,2,2token,not_valid_noun
hammers,"..., that",-15.96875,2,2token,not_valid_noun
hammers,object Use,-15.96875,2,2token,incomplete_phrase
hammers,thing -,-15.96875,2,2token,not_valid_noun
hammers,thing _______,-15.96875,2,2token,not_valid_noun
hammers,____________ Use,-15.96875,2,2token,not_valid_noun
hammers,Instrument that,-15.96875,2,2token,incomplete_phrase
hammers,....... hammer,-15.96875,2,2token,not_valid_noun
hammers,what does,-15.96875,2,2token,not_valid_noun
hammers,what the,-15.96875,2,2token,not_valid_noun
hammers,.. Match,-15.96875,2,2token,not_valid_noun
hammers,.. In,-15.96875,2,2token,not_valid_noun
hammers,____________ Make,-15.96875,2,2token,not_valid_noun
hammers,.. I,-15.96875,2,2token,not_valid_noun
hammers,........... Use,-15.96875,2,2token,not_valid_noun
hammers,…… ….,-15.96875,2,2token,not_valid_noun
hammers,________ :,-15.96875,2,2token,not_valid_noun
hammers,________ [,-15.96875,2,2token,not_valid_noun
hammers,…… ……,-15.96875,2,2token,not_valid_noun
hammers,/ pair,-15.96875,2,2token,not_valid_noun
hammers,exercise (,-15.96875,2,2token,not_valid_noun
hammers,garden .,-15.96875,2,2token,not_valid_noun
hammers,mech,-16.0,1,single_token,not_valid_noun
hammers,clamps,-16.0,1,single_token,not_valid_noun
hammers,hed,-16.0,1,single_token,not_valid_noun
hammers,exotic,-16.0,1,single_token,not_valid_noun
hammers,an ...,-16.0,2,2token,not_valid_noun
hammers,an engineering,-16.0,2,2token,not_valid_noun
hammers,......... ....,-16.0,2,2token,not_valid_noun
hammers,Essential,-16.0,1,single_token,incomplete_phrase
hammers,explosives,-16.0,1,single_token,not_valid_noun
hammers,descriptions,-16.0,1,single_token,not_valid_noun
hammers,lids,-16.0,1,single_token,not_valid_noun
hammers,ond,-16.0,1,single_token,not_valid_noun
hammers,Classi,-16.0,1,single_token,not_valid_noun
hammers,hoes,-16.0,1,single_token,not_valid_noun
hammers,ln,-16.0,1,single_token,not_valid_noun
hammers,lao,-16.0,1,single_token,incomplete_phrase
hammers,straight,-16.0,1,single_token,incomplete_phrase
hammers,dit,-16.0,1,single_token,incomplete_phrase
hammers,Best,-16.0,1,single_token,incomplete_phrase
hammers,Smith,-16.0,1,single_token,incomplete_phrase
hammers,device ...,-16.0,2,2token,not_valid_noun
hammers,trees,-16.0,1,single_token,not_valid_noun
hammers,bn,-16.0,1,single_token,not_valid_noun
hammers,hobbies,-16.0,1,single_token,not_valid_noun
hammers,utilitarian,-16.0,1,single_token,incomplete_phrase
hammers,horticultural,-16.0,1,single_token,not_valid_noun
hammers,muscle Complete,-16.0,2,2token,not_valid_noun
hammers,I want,-16.0,2,2token,not_valid_noun
hammers,I need,-16.0,2,2token,not_valid_noun
hammers,...... Correct,-16.0,2,2token,not_valid_noun
hammers,...... Match,-16.0,2,2token,not_valid_noun
hammers,...... Tool,-16.0,2,2token,not_valid_noun
hammers,...... instrument,-16.0,2,2token,not_valid_noun
hammers,...... metal,-16.0,2,2token,not_valid_noun
hammers,pisa,-16.0,1,single_token,not_valid_noun
hammers,bicycles,-16.0,1,single_token,not_valid_noun
hammers,hacks,-16.0,1,single_token,not_valid_noun
hammers,isa,-16.0,1,single_token,not_valid_noun
hammers,fitness,-16.0,1,single_token,incomplete_phrase
hammers,bags,-16.0,1,single_token,not_valid_noun
hammers,Dal,-16.0,1,single_token,incomplete_phrase
hammers,consisting,-16.0,1,single_token,not_valid_noun
hammers,Dieses,-16.0,1,single_token,not_valid_noun
hammers,hie,-16.0,1,single_token,incomplete_phrase
hammers,arty,-16.0,1,single_token,not_valid_noun
hammers,Precision,-16.0,1,single_token,incomplete_phrase
hammers,ery,-16.0,1,single_token,not_valid_noun
hammers,One,-16.0,1,single_token,incomplete_phrase
hammers,study,-16.0,1,single_token,incomplete_phrase
hammers,medi,-16.0,1,single_token,not_valid_noun
hammers,birthday,-16.0,1,single_token,incomplete_phrase
hammers,learning,-16.0,1,single_token,incomplete_phrase
hammers,streng,-16.0,1,single_token,incomplete_phrase
hammers,hab,-16.0,1,single_token,not_valid_noun
hammers,Name,-16.0,1,single_token,incomplete_phrase
hammers,which contains,-16.0,2,2token,not_valid_noun
hammers,which includes,-16.0,2,2token,not_valid_noun
hammers,flats,-16.0,1,single_token,not_valid_noun
hammers,fiel,-16.0,1,single_token,not_valid_noun
hammers,â,-16.0,1,single_token,not_valid_noun
hammers,identical,-16.0,1,single_token,not_valid_noun
hammers,ia,-16.0,1,single_token,not_valid_noun
hammers,し,-16.0,1,single_token,not_valid_noun
hammers,paint _______,-16.0,2,2token,not_valid_noun
hammers,organic,-16.0,1,single_token,incomplete_phrase
hammers,technology (,-16.0,2,2token,not_valid_noun
hammers,which metal,-16.0,2,2token,not_valid_noun
hammers,which makes,-16.0,2,2token,not_valid_noun
hammers,which part,-16.0,2,2token,not_valid_noun
hammers,which people,-16.0,2,2token,not_valid_noun
hammers,finished,-16.0,1,single_token,not_valid_noun
hammers,protect,-16.0,1,single_token,not_valid_noun
hammers,clos,-16.0,1,single_token,not_valid_noun
hammers,notes,-16.0,1,single_token,not_valid_noun
hammers,Make,-16.0,1,single_token,incomplete_phrase
hammers,............... hammer,-16.0,2,2token,not_valid_noun
hammers,............... Match,-16.0,2,2token,not_valid_noun
hammers,............... Use,-16.0,2,2token,not_valid_noun
hammers,obje,-16.0,1,single_token,not_valid_noun
hammers,nav,-16.0,1,single_token,not_valid_noun
hammers,improve,-16.0,1,single_token,not_valid_noun
hammers,held,-16.0,1,single_token,not_valid_noun
hammers,UN,-16.0,1,single_token,not_valid_noun
hammers,problems,-16.0,1,single_token,not_valid_noun
hammers,los,-16.0,1,single_token,not_valid_noun
hammers,str,-16.0,1,single_token,not_valid_noun
hammers,ac,-16.0,1,single_token,not_valid_noun
hammers,its,-16.0,1,single_token,not_valid_noun
hammers,==,-16.0,1,single_token,not_valid_noun
hammers,exp,-16.0,1,single_token,not_valid_noun
hammers,Ch,-16.0,1,single_token,not_valid_noun
hammers,British,-16.0,1,single_token,incomplete_phrase
hammers,lang,-16.0,1,single_token,not_valid_noun
hammers,loading,-16.0,1,single_token,incomplete_phrase
hammers,US,-16.0,1,single_token,not_valid_noun
hammers,develop,-16.0,1,single_token,not_valid_noun
hammers,Man,-16.0,1,single_token,incomplete_phrase
hammers,before,-16.0,1,single_token,not_valid_noun
hammers,Ex,-16.0,1,single_token,not_valid_noun
hammers,en,-16.0,1,single_token,not_valid_noun
hammers,Part,-16.0,1,single_token,incomplete_phrase
hammers,Met,-16.0,1,single_token,not_valid_noun
hammers,states,-16.0,1,single_token,not_valid_noun
hammers,that break,-16.0,2,2token,incomplete_phrase
hammers,composite,-16.0,1,single_token,incomplete_phrase
hammers,unnecessary,-16.0,1,single_token,not_valid_noun
hammers,boats,-16.0,1,single_token,not_valid_noun
hammers,definitions,-16.0,1,single_token,not_valid_noun
hammers,offic,-16.0,1,single_token,incomplete_phrase
hammers,web,-16.0,1,single_token,incomplete_phrase
hammers,PP,-16.0,1,single_token,not_valid_noun
hammers,(',-16.0,1,single_token,not_valid_noun
hammers,Made,-16.0,1,single_token,not_valid_noun
hammers,Ni,-16.0,1,single_token,not_valid_noun
hammers,ved,-16.0,1,single_token,not_valid_noun
hammers,whether,-16.0,1,single_token,not_valid_noun
hammers,educ,-16.0,1,single_token,not_valid_noun
hammers,difer,-16.0,1,single_token,not_valid_noun
hammers,usual,-16.0,1,single_token,not_valid_noun
hammers,VI,-16.0,1,single_token,not_valid_noun
hammers,Kind,-16.0,1,single_token,incomplete_phrase
hammers,lif,-16.0,1,single_token,incomplete_phrase
hammers,pets,-16.0,1,single_token,not_valid_noun
hammers,car ....,-16.0,2,2token,not_valid_noun
hammers,car -,-16.0,2,2token,not_valid_noun
hammers,universal,-16.0,1,single_token,incomplete_phrase
hammers,Garden,-16.0,1,single_token,incomplete_phrase
hammers,nb,-16.0,1,single_token,not_valid_noun
hammers,CAD,-16.0,1,single_token,incomplete_phrase
hammers,lt,-16.0,1,single_token,not_valid_noun
hammers,Fel,-16.0,1,single_token,not_valid_noun
hammers,lengths,-16.0,1,single_token,not_valid_noun
hammers,([,-16.0,1,single_token,not_valid_noun
hammers,dirty,-16.0,1,single_token,not_valid_noun
hammers,$/$,-16.0,1,single_token,not_valid_noun
hammers,>(,-16.0,1,single_token,not_valid_noun
hammers,icons,-16.0,1,single_token,not_valid_noun
hammers,convey,-16.0,1,single_token,not_valid_noun
hammers,walking,-16.0,1,single_token,incomplete_phrase
hammers,Because,-16.0,1,single_token,not_valid_noun
hammers,imb,-16.0,1,single_token,not_valid_noun
hammers,idio,-16.0,1,single_token,not_valid_noun
hammers,spare,-16.0,1,single_token,incomplete_phrase
hammers,tional,-16.0,1,single_token,not_valid_noun
hammers,ined,-16.0,1,single_token,not_valid_noun
hammers,mey,-16.0,1,single_token,not_valid_noun
hammers,......... In,-16.0,2,2token,not_valid_noun
hammers,< ?,-16.0,2,2token,not_valid_noun
hammers,wt,-16.0,1,single_token,not_valid_noun
hammers,manipulation,-16.0,1,single_token,incomplete_phrase
hammers,?-,-16.0,1,single_token,not_valid_noun
hammers,speci,-16.0,1,single_token,not_valid_noun
hammers,‏,-16.0,1,single_token,not_valid_noun
hammers,aste,-16.0,1,single_token,not_valid_noun
hammers,clippers,-16.0,1,single_token,not_valid_noun
hammers,,-16.0,1,single_token,not_valid_noun
hammers,,-16.0,1,single_token,not_valid_noun
hammers,engines,-16.0,1,single_token,not_valid_noun
hammers,Repair,-16.0,1,single_token,incomplete_phrase
hammers,dust,-16.0,1,single_token,incomplete_phrase
hammers,tex,-16.0,1,single_token,not_valid_noun
hammers,wit,-16.0,1,single_token,incomplete_phrase
hammers,......... Answer,-16.0,2,2token,not_valid_noun
hammers,.............. instrument,-16.0,2,2token,not_valid_noun
hammers,.............. ...,-16.0,2,2token,not_valid_noun
hammers,that hits,-16.0,2,2token,incomplete_phrase
hammers,Practical,-16.0,1,single_token,not_valid_noun
hammers,an Instrument,-16.0,2,2token,not_valid_noun
hammers,IA,-16.0,1,single_token,not_valid_noun
hammers,muscular,-16.0,1,single_token,not_valid_noun
hammers,[`,-16.0,1,single_token,not_valid_noun
hammers,Toolkit,-16.0,1,single_token,not_valid_noun
hammers,Metallic,-16.0,1,single_token,incomplete_phrase
hammers,surveying,-16.0,1,single_token,incomplete_phrase
hammers,grains,-16.0,1,single_token,not_valid_noun
hammers,mechanic s,-16.03125,2,2token,not_valid_noun
hammers,gadget or,-16.03125,2,2token,not_valid_noun
hammers,____ in,-16.03125,2,2token,not_valid_noun
hammers,o e,-16.03125,2,2token,not_valid_noun
hammers,and scissors,-16.03125,2,2token,not_valid_noun
hammers,and ____,-16.03125,2,2token,not_valid_noun
hammers,hardware Article,-16.03125,2,2token,incomplete_phrase
hammers,hardware /,-16.03125,2,2token,not_valid_noun
hammers,hardware is,-16.03125,2,2token,not_valid_noun
hammers,TOOL A,-16.03125,2,2token,not_valid_noun
hammers,heavy useful,-16.03125,2,2token,not_valid_noun
hammers,heavy blunt,-16.03125,2,2token,incomplete_phrase
hammers,is (,-16.03125,2,2token,not_valid_noun
hammers,wood Product,-16.03125,2,2token,incomplete_phrase
hammers,and use,-16.03125,2,2token,not_valid_noun
hammers,this ________,-16.03125,2,2token,not_valid_noun
hammers,this ...,-16.03125,2,2token,not_valid_noun
hammers,TOOL Use,-16.03125,2,2token,incomplete_phrase
hammers,( i,-16.03125,2,2token,not_valid_noun
hammers,( _____,-16.03125,2,2token,not_valid_noun
hammers,( thing,-16.03125,2,2token,not_valid_noun
hammers,What shape,-16.03125,2,2token,not_valid_noun
hammers,stone work,-16.03125,2,2token,incomplete_phrase
hammers,stone that,-16.03125,2,2token,incomplete_phrase
hammers,( hand,-16.03125,2,2token,not_valid_noun
hammers,mechanical or,-16.03125,2,2token,not_valid_noun
hammers,wood Working,-16.03125,2,2token,incomplete_phrase
hammers,and and,-16.03125,2,2token,not_valid_noun
hammers,is instrument,-16.03125,2,2token,not_valid_noun
hammers,mechanical ....,-16.03125,2,2token,not_valid_noun
hammers,mechanical _,-16.03125,2,2token,not_valid_noun
hammers,TOOL ______,-16.03125,2,2token,not_valid_noun
hammers,: object,-16.03125,2,2token,not_valid_noun
hammers,mechanical ____________,-16.03125,2,2token,not_valid_noun
hammers,pen (,-16.03125,2,2token,not_valid_noun
hammers,: They,-16.03125,2,2token,not_valid_noun
hammers,toy ....,-16.03125,2,2token,not_valid_noun
hammers,blunt .,-16.03125,2,2token,not_valid_noun
hammers,appliance _______,-16.03125,2,2token,not_valid_noun
hammers,____ ________,-16.03125,2,2token,not_valid_noun
hammers,____ How,-16.03125,2,2token,not_valid_noun
hammers,toy or,-16.03125,2,2token,not_valid_noun
hammers,nail to,-16.03125,2,2token,not_valid_noun
hammers,nail which,-16.03125,2,2token,incomplete_phrase
hammers,furniture ...,-16.03125,2,2token,not_valid_noun
hammers,( ______,-16.03125,2,2token,not_valid_noun
hammers,blacksmith .,-16.03125,2,2token,not_valid_noun
hammers,nail Continue,-16.03125,2,2token,not_valid_noun
hammers,( Werkzeug,-16.03125,2,2token,not_valid_noun
hammers,weight ...,-16.0625,2,2token,not_valid_noun
hammers,piece (,-16.0625,2,2token,not_valid_noun
hammers,….. Correct,-16.0625,2,2token,not_valid_noun
hammers,bl,-16.0625,2,2token,not_valid_noun
hammers,- object,-16.0625,2,2token,not_valid_noun
hammers,….. Match,-16.0625,2,2token,not_valid_noun
hammers,….. …,-16.0625,2,2token,not_valid_noun
hammers,art and,-16.0625,2,2token,incomplete_phrase
hammers,- The,-16.0625,2,2token,not_valid_noun
hammers,we p,-16.0625,2,2token,not_valid_noun
hammers,- Tool,-16.0625,2,2token,not_valid_noun
hammers,….. hammers,-16.0625,2,2token,not_valid_noun
hammers,wooden ...,-16.0625,2,2token,not_valid_noun
hammers,<,-16.0625,2,2token,not_valid_noun
hammers,weight bearing,-16.0625,2,2token,incomplete_phrase
hammers,we .,-16.0625,2,2token,not_valid_noun
hammers,….. Read,-16.0625,2,2token,not_valid_noun
hammers,engineering workshop,-16.0625,2,2token,incomplete_phrase
hammers,engineering construction,-16.0625,2,2token,incomplete_phrase
hammers,machines -,-16.09375,2,2token,not_valid_noun
hammers,…… Match,-16.09375,2,2token,not_valid_noun
hammers,…… Tools,-16.09375,2,2token,not_valid_noun
hammers,thing people,-16.09375,2,2token,incomplete_phrase
hammers,what _,-16.09375,2,2token,not_valid_noun
hammers,object is,-16.09375,2,2token,not_valid_noun
hammers,"..., in",-16.09375,2,2token,not_valid_noun
hammers,Tools What,-16.09375,2,2token,incomplete_phrase
hammers,piece .,-16.09375,2,2token,not_valid_noun
hammers,____________ Correct,-16.09375,2,2token,not_valid_noun
hammers,…… COMPLETE,-16.09375,2,2token,not_valid_noun
hammers,object COMPLETE,-16.09375,2,2token,not_valid_noun
hammers,object _,-16.09375,2,2token,not_valid_noun
hammers,instruments ____,-16.09375,2,2token,not_valid_noun
hammers,craft _________,-16.09375,2,2token,not_valid_noun
hammers,equipment ….,-16.09375,2,2token,not_valid_noun
hammers,equipment .....,-16.09375,2,2token,not_valid_noun
hammers,equipment is,-16.09375,2,2token,not_valid_noun
hammers,equipment …,-16.09375,2,2token,not_valid_noun
hammers,b u,-16.09375,2,2token,not_valid_noun
hammers,/ colour,-16.09375,2,2token,not_valid_noun
hammers,____________,-16.09375,2,2token,not_valid_noun
hammers,domestic ________,-16.09375,2,2token,not_valid_noun
hammers,instruments with,-16.09375,2,2token,incomplete_phrase
hammers,____________ or,-16.09375,2,2token,not_valid_noun
hammers,____________ TOOLS,-16.09375,2,2token,not_valid_noun
hammers,____________ -.,-16.09375,2,2token,not_valid_noun
hammers,____________ Match,-16.09375,2,2token,not_valid_noun
hammers,what they,-16.09375,2,2token,not_valid_noun
hammers,…… Work,-16.09375,2,2token,not_valid_noun
hammers,___________ ?,-16.09375,2,2token,not_valid_noun
hammers,___________ _.,-16.09375,2,2token,not_valid_noun
hammers,me .,-16.09375,2,2token,not_valid_noun
hammers,....... hammers,-16.09375,2,2token,not_valid_noun
hammers,me,-16.09375,2,2token,not_valid_noun
hammers,Instrument ________,-16.09375,2,2token,not_valid_noun
hammers,........... Match,-16.09375,2,2token,not_valid_noun
hammers,instruments ______,-16.09375,2,2token,not_valid_noun
hammers,…… _,-16.09375,2,2token,not_valid_noun
hammers,…… How,-16.09375,2,2token,not_valid_noun
hammers,repair,-16.09375,2,2token,incomplete_phrase
hammers,…… There,-16.09375,2,2token,not_valid_noun
hammers,"....... ,",-16.09375,2,2token,not_valid_noun
hammers,equipment _____,-16.09375,2,2token,not_valid_noun
hammers,________ to,-16.09375,2,2token,not_valid_noun
hammers,/ material,-16.09375,2,2token,not_valid_noun
hammers,/ building,-16.09375,2,2token,not_valid_noun
hammers,used .,-16.09375,2,2token,not_valid_noun
hammers,________ you,-16.09375,2,2token,not_valid_noun
hammers,___________ Comple,-16.09375,2,2token,not_valid_noun
hammers,/ can,-16.09375,2,2token,not_valid_noun
hammers,/ hand,-16.09375,2,2token,not_valid_noun
hammers,/ class,-16.09375,2,2token,not_valid_noun
hammers,fruit for,-16.09375,2,2token,incomplete_phrase
hammers,fruit that,-16.09375,2,2token,incomplete_phrase
hammers,TOOLS ...,-16.09375,2,2token,not_valid_noun
hammers,fruit scissors,-16.09375,2,2token,incomplete_phrase
hammers,machines Read,-16.09375,2,2token,not_valid_noun
hammers,b ...,-16.09375,2,2token,not_valid_noun
hammers,soft ...,-16.09375,2,2token,not_valid_noun
hammers,made a,-16.09375,2,2token,not_valid_noun
hammers,an ______,-16.125,2,2token,not_valid_noun
hammers,training,-16.125,1,single_token,incomplete_phrase
hammers,an important,-16.125,2,2token,not_valid_noun
hammers,an _______,-16.125,2,2token,not_valid_noun
hammers,........ Answer,-16.125,2,2token,not_valid_noun
hammers,useful …,-16.125,2,2token,not_valid_noun
hammers,........ Read,-16.125,2,2token,not_valid_noun
hammers,that belongs,-16.125,2,2token,incomplete_phrase
hammers,that used,-16.125,2,2token,not_valid_noun
hammers,that (,-16.125,2,2token,not_valid_noun
hammers,tonne,-16.125,1,single_token,not_valid_noun
hammers,Everyday,-16.125,1,single_token,incomplete_phrase
hammers,__(,-16.125,1,single_token,not_valid_noun
hammers,,-16.125,1,single_token,not_valid_noun
hammers,which object,-16.125,2,2token,not_valid_noun
hammers,\/,-16.125,1,single_token,not_valid_noun
hammers,toothed,-16.125,1,single_token,not_valid_noun
hammers,~~~,-16.125,1,single_token,not_valid_noun
hammers,muscle (,-16.125,2,2token,not_valid_noun
hammers,Objective,-16.125,1,single_token,incomplete_phrase
hammers,device we,-16.125,2,2token,not_valid_noun
hammers,device you,-16.125,2,2token,not_valid_noun
hammers,door ________,-16.125,2,2token,not_valid_noun
hammers,artific,-16.125,1,single_token,not_valid_noun
hammers,occupations,-16.125,1,single_token,not_valid_noun
hammers,swinging,-16.125,1,single_token,incomplete_phrase
hammers,kt,-16.125,1,single_token,not_valid_noun
hammers,clicking,-16.125,1,single_token,not_valid_noun
hammers,poi,-16.125,1,single_token,incomplete_phrase
hammers,classed,-16.125,1,single_token,not_valid_noun
hammers,"(),",-16.125,1,single_token,not_valid_noun
hammers,EXERCISE,-16.125,1,single_token,incomplete_phrase
hammers,⋅,-16.125,1,single_token,not_valid_noun
hammers,scl,-16.125,1,single_token,not_valid_noun
hammers,ï,-16.125,1,single_token,not_valid_noun
hammers,ine,-16.125,1,single_token,not_valid_noun
hammers,damaging,-16.125,1,single_token,not_valid_noun
hammers,eld,-16.125,1,single_token,incomplete_phrase
hammers,door _______,-16.125,2,2token,not_valid_noun
hammers,ld,-16.125,1,single_token,not_valid_noun
hammers,wood for,-16.125,2,2token,incomplete_phrase
hammers,smal,-16.125,1,single_token,not_valid_noun
hammers,which do,-16.125,2,2token,not_valid_noun
hammers,which ?,-16.125,2,2token,not_valid_noun
hammers,xo,-16.125,1,single_token,not_valid_noun
hammers,door kno,-16.125,2,2token,incomplete_phrase
hammers,,-16.125,1,single_token,not_valid_noun
hammers,derived,-16.125,1,single_token,not_valid_noun
hammers,extend,-16.125,1,single_token,not_valid_noun
hammers,tons,-16.125,1,single_token,incomplete_phrase
hammers,gross,-16.125,1,single_token,incomplete_phrase
hammers,automatic,-16.125,1,single_token,incomplete_phrase
hammers,(*),-16.125,1,single_token,not_valid_noun
hammers,hob,-16.125,1,single_token,incomplete_phrase
hammers,noun or,-16.125,2,2token,not_valid_noun
hammers,piercing,-16.125,1,single_token,not_valid_noun
hammers,tangible,-16.125,1,single_token,not_valid_noun
hammers,STEM,-16.125,1,single_token,incomplete_phrase
hammers,DV,-16.125,1,single_token,not_valid_noun
hammers,Wikip,-16.125,1,single_token,not_valid_noun
hammers,gathering,-16.125,1,single_token,incomplete_phrase
hammers,apt,-16.125,1,single_token,not_valid_noun
hammers,Writing,-16.125,1,single_token,incomplete_phrase
hammers,pulling,-16.125,1,single_token,not_valid_noun
hammers,alike,-16.125,1,single_token,not_valid_noun
hammers,hn,-16.125,1,single_token,not_valid_noun
hammers,indes,-16.125,1,single_token,not_valid_noun
hammers,manuf,-16.125,1,single_token,not_valid_noun
hammers,aci,-16.125,1,single_token,not_valid_noun
hammers,shi,-16.125,1,single_token,incomplete_phrase
hammers,...... hammer,-16.125,2,2token,not_valid_noun
hammers,...... -,-16.125,2,2token,not_valid_noun
hammers,...... Use,-16.125,2,2token,not_valid_noun
hammers,tou,-16.125,1,single_token,not_valid_noun
hammers,racing,-16.125,1,single_token,incomplete_phrase
hammers,"',",-16.125,1,single_token,not_valid_noun
hammers,possess,-16.125,1,single_token,not_valid_noun
hammers,Among,-16.125,1,single_token,not_valid_noun
hammers,iv,-16.125,1,single_token,not_valid_noun
hammers,Pick,-16.125,1,single_token,incomplete_phrase
hammers,bro,-16.125,1,single_token,not_valid_noun
hammers,%,-16.125,1,single_token,not_valid_noun
hammers,food ....,-16.125,2,2token,not_valid_noun
hammers,p Articles,-16.125,2,2token,not_valid_noun
hammers,I Choose,-16.125,2,2token,not_valid_noun
hammers,OP,-16.125,1,single_token,not_valid_noun
hammers,gru,-16.125,1,single_token,not_valid_noun
hammers,oper,-16.125,1,single_token,not_valid_noun
hammers,ass,-16.125,1,single_token,incomplete_phrase
hammers,ke,-16.125,1,single_token,not_valid_noun
hammers,cont,-16.125,1,single_token,not_valid_noun
hammers,CAN,-16.125,1,single_token,incomplete_phrase
hammers,inse,-16.125,1,single_token,not_valid_noun
hammers,Uses,-16.125,1,single_token,not_valid_noun
hammers,musi,-16.125,1,single_token,not_valid_noun
hammers,files,-16.125,1,single_token,not_valid_noun
hammers,Yes,-16.125,1,single_token,not_valid_noun
hammers,work …,-16.125,2,2token,not_valid_noun
hammers,work ing,-16.125,2,2token,incomplete_phrase
hammers,work or,-16.125,2,2token,not_valid_noun
hammers,sports (,-16.125,2,2token,not_valid_noun
hammers,dul,-16.125,1,single_token,not_valid_noun
hammers,tun,-16.125,1,single_token,incomplete_phrase
hammers,......... Correct,-16.125,2,2token,not_valid_noun
hammers,......... Tool,-16.125,2,2token,not_valid_noun
hammers,......... -,-16.125,2,2token,not_valid_noun
hammers,animal complete,-16.125,2,2token,not_valid_noun
hammers,............... Tool,-16.125,2,2token,not_valid_noun
hammers,............... Correct,-16.125,2,2token,not_valid_noun
hammers,sim,-16.125,1,single_token,incomplete_phrase
hammers,,-16.125,1,single_token,not_valid_noun
hammers,historic,-16.125,1,single_token,not_valid_noun
hammers,{',-16.125,1,single_token,not_valid_noun
hammers,},-16.125,1,single_token,not_valid_noun
hammers,GI,-16.125,1,single_token,not_valid_noun
hammers,pron,-16.125,1,single_token,not_valid_noun
hammers,Another,-16.125,1,single_token,incomplete_phrase
hammers,I n,-16.125,2,2token,not_valid_noun
hammers,I a,-16.125,2,2token,not_valid_noun
hammers,Cy,-16.125,1,single_token,not_valid_noun
hammers,FS,-16.125,1,single_token,not_valid_noun
hammers,beats,-16.125,1,single_token,not_valid_noun
hammers,tet,-16.125,1,single_token,not_valid_noun
hammers,coloring,-16.125,1,single_token,incomplete_phrase
hammers,planting,-16.125,1,single_token,incomplete_phrase
hammers,skills,-16.125,1,single_token,not_valid_noun
hammers,I complete,-16.125,2,2token,not_valid_noun
hammers,i (,-16.125,2,2token,not_valid_noun
hammers,NS,-16.125,1,single_token,not_valid_noun
hammers,za,-16.125,1,single_token,not_valid_noun
hammers,plas,-16.125,1,single_token,not_valid_noun
hammers,multiple,-16.125,1,single_token,incomplete_phrase
hammers,Mary,-16.125,1,single_token,incomplete_phrase
hammers,steel Article,-16.125,2,2token,incomplete_phrase
hammers,steel that,-16.125,2,2token,incomplete_phrase
hammers,steel and,-16.125,2,2token,incomplete_phrase
hammers,...... hammers,-16.125,2,2token,not_valid_noun
hammers,„,-16.125,1,single_token,not_valid_noun
hammers,tw,-16.125,1,single_token,not_valid_noun
hammers,believe,-16.125,1,single_token,not_valid_noun
hammers,efficient,-16.125,1,single_token,not_valid_noun
hammers,gan,-16.125,1,single_token,not_valid_noun
hammers,visual,-16.125,1,single_token,not_valid_noun
hammers,mand,-16.125,1,single_token,incomplete_phrase
hammers,ai,-16.125,1,single_token,not_valid_noun
hammers,exist,-16.125,1,single_token,not_valid_noun
hammers,man,-16.125,2,2token,incomplete_phrase
hammers,man -,-16.125,2,2token,not_valid_noun
hammers,............... Answer,-16.125,2,2token,not_valid_noun
hammers,su,-16.125,1,single_token,not_valid_noun
hammers,craft that,-16.15625,2,2token,incomplete_phrase
hammers,material /,-16.15625,2,2token,not_valid_noun
hammers,toy in,-16.15625,2,2token,not_valid_noun
hammers,kind (,-16.15625,2,2token,not_valid_noun
hammers,industry (,-16.15625,2,2token,not_valid_noun
hammers,stone -,-16.15625,2,2token,not_valid_noun
hammers,material .....,-16.15625,2,2token,not_valid_noun
hammers,hardware Full,-16.15625,2,2token,incomplete_phrase
hammers,hardware Tools,-16.15625,2,2token,incomplete_phrase
hammers,o ...,-16.15625,2,2token,not_valid_noun
hammers,craft in,-16.15625,2,2token,not_valid_noun
hammers,TOOL /,-16.15625,2,2token,not_valid_noun
hammers,TOOL and,-16.15625,2,2token,incomplete_phrase
hammers,material -,-16.15625,2,2token,not_valid_noun
hammers,material is,-16.15625,2,2token,not_valid_noun
hammers,stone in,-16.15625,2,2token,not_valid_noun
hammers,_________,-16.15625,2,2token,not_valid_noun
hammers,DIY items,-16.15625,2,2token,not_valid_noun
hammers,measuring instru,-16.15625,2,2token,incomplete_phrase
hammers,heavy industrial,-16.15625,2,2token,incomplete_phrase
hammers,heavy and,-16.15625,2,2token,not_valid_noun
hammers,material Full,-16.15625,2,2token,incomplete_phrase
hammers,( something,-16.15625,2,2token,not_valid_noun
hammers,nail Find,-16.15625,2,2token,incomplete_phrase
hammers,nail repair,-16.15625,2,2token,incomplete_phrase
hammers,(,-16.15625,2,2token,not_valid_noun
hammers,gadget used,-16.15625,2,2token,incomplete_phrase
hammers,What colour,-16.15625,2,2token,not_valid_noun
hammers,appliance and,-16.15625,2,2token,incomplete_phrase
hammers,vehicle complete,-16.15625,2,2token,not_valid_noun
hammers,工具 tools,-16.15625,2,2token,not_valid_noun
hammers,____ Correct,-16.15625,2,2token,not_valid_noun
hammers,____ noun,-16.15625,2,2token,not_valid_noun
hammers,and fruit,-16.15625,2,2token,not_valid_noun
hammers,What object,-16.15625,2,2token,not_valid_noun
hammers,is one,-16.15625,2,2token,not_valid_noun
hammers,musical musical,-16.15625,2,2token,incomplete_phrase
hammers,and ______,-16.15625,2,2token,not_valid_noun
hammers,____ is,-16.15625,2,2token,not_valid_noun
hammers,____ Make,-16.15625,2,2token,not_valid_noun
hammers,____ __,-16.15625,2,2token,not_valid_noun
hammers,____ ?,-16.15625,2,2token,not_valid_noun
hammers,this part,-16.15625,2,2token,incomplete_phrase
hammers,small hard,-16.15625,2,2token,not_valid_noun
hammers,b _______,-16.15625,2,2token,not_valid_noun
hammers,utensils used,-16.15625,2,2token,incomplete_phrase
hammers,job (,-16.15625,2,2token,not_valid_noun
hammers,hammers,-16.1875,2,2token,not_valid_noun
hammers,work Tools,-16.1875,2,2token,incomplete_phrase
hammers,work utens,-16.1875,2,2token,incomplete_phrase
hammers,….. Answer,-16.1875,2,2token,not_valid_noun
hammers,….. Select,-16.1875,2,2token,not_valid_noun
hammers,scissors (,-16.1875,2,2token,not_valid_noun
hammers,….. Tools,-16.1875,2,2token,not_valid_noun
hammers,an office,-16.1875,2,2token,not_valid_noun
hammers,flat utens,-16.1875,2,2token,incomplete_phrase
hammers,science laboratory,-16.1875,2,2token,incomplete_phrase
hammers,< br,-16.1875,2,2token,not_valid_noun
hammers,- [,-16.1875,2,2token,not_valid_noun
hammers,- wood,-16.1875,2,2token,not_valid_noun
hammers,- Tools,-16.1875,2,2token,not_valid_noun
hammers,[,-16.1875,2,2token,not_valid_noun
hammers,<,-16.1875,2,2token,not_valid_noun
hammers,we make,-16.1875,2,2token,not_valid_noun
hammers,- Match,-16.1875,2,2token,not_valid_noun
hammers,- the,-16.1875,2,2token,not_valid_noun
hammers,p [,-16.1875,2,2token,not_valid_noun
hammers,-,-16.1875,2,2token,not_valid_noun
hammers,- is,-16.1875,2,2token,not_valid_noun
hammers,chisel and,-16.1875,2,2token,incomplete_phrase
hammers,things people,-16.1875,2,2token,incomplete_phrase
hammers,............. Tools,-16.1875,2,2token,not_valid_noun
hammers,............. ?,-16.1875,2,2token,not_valid_noun
hammers,h _______,-16.1875,2,2token,not_valid_noun
hammers,[ ...,-16.1875,2,2token,not_valid_noun
hammers,< and,-16.1875,2,2token,not_valid_noun
hammers,< insert,-16.1875,2,2token,not_valid_noun
hammers,implements which,-16.1875,2,2token,incomplete_phrase
hammers,flat .,-16.1875,2,2token,not_valid_noun
hammers,implements _______,-16.1875,2,2token,not_valid_noun
hammers,instruments are,-16.21875,2,2token,incomplete_phrase
hammers,instruments,-16.21875,2,2token,not_valid_noun
hammers,vegetable ...,-16.21875,2,2token,not_valid_noun
hammers,instruments -,-16.21875,2,2token,not_valid_noun
hammers,/ two,-16.21875,2,2token,not_valid_noun
hammers,/ do,-16.21875,2,2token,not_valid_noun
hammers,exercise to,-16.21875,2,2token,not_valid_noun
hammers,…… Which,-16.21875,2,2token,not_valid_noun
hammers,weapons and,-16.21875,2,2token,incomplete_phrase
hammers,fruit -,-16.21875,2,2token,not_valid_noun
hammers,used at,-16.21875,2,2token,not_valid_noun
hammers,used of,-16.21875,2,2token,not_valid_noun
hammers,fruit of,-16.21875,2,2token,not_valid_noun
hammers,fruit with,-16.21875,2,2token,incomplete_phrase
hammers,.. instrument,-16.21875,2,2token,not_valid_noun
hammers,.. Find,-16.21875,2,2token,not_valid_noun
hammers,object on,-16.21875,2,2token,not_valid_noun
hammers,instruments ….,-16.21875,2,2token,not_valid_noun
hammers,/ or,-16.21875,2,2token,not_valid_noun
hammers,instruments :,-16.21875,2,2token,not_valid_noun
hammers,____________ How,-16.21875,2,2token,not_valid_noun
hammers,sharp piece,-16.21875,2,2token,incomplete_phrase
hammers,sharp,-16.21875,2,2token,incomplete_phrase
hammers,/ machine,-16.21875,2,2token,not_valid_noun
hammers,/ shape,-16.21875,2,2token,not_valid_noun
hammers,vegetable ....,-16.21875,2,2token,not_valid_noun
hammers,equipment _,-16.21875,2,2token,not_valid_noun
hammers,equipment they,-16.21875,2,2token,incomplete_phrase
hammers,thing they,-16.21875,2,2token,incomplete_phrase
hammers,thing ________,-16.21875,2,2token,not_valid_noun
hammers,"..., to",-16.21875,2,2token,not_valid_noun
hammers,"..., A",-16.21875,2,2token,not_valid_noun
hammers,Instrument _______,-16.21875,2,2token,not_valid_noun
hammers,equipment are,-16.21875,2,2token,incomplete_phrase
hammers,thing I,-16.21875,2,2token,not_valid_noun
hammers,____________ hammers,-16.21875,2,2token,not_valid_noun
hammers,Instrument to,-16.21875,2,2token,not_valid_noun
hammers,knife complete,-16.21875,2,2token,not_valid_noun
hammers,Tools /,-16.21875,2,2token,not_valid_noun
hammers,equipment required,-16.21875,2,2token,incomplete_phrase
hammers,Tools ___________,-16.21875,2,2token,not_valid_noun
hammers,what _.,-16.21875,2,2token,not_valid_noun
hammers,"..., __",-16.21875,2,2token,not_valid_noun
hammers,"..., ..",-16.21875,2,2token,not_valid_noun
hammers,woodworking ...,-16.21875,2,2token,not_valid_noun
hammers,"..., is",-16.21875,2,2token,not_valid_noun
hammers,sport in,-16.21875,2,2token,not_valid_noun
hammers,…………………… (,-16.21875,2,2token,not_valid_noun
hammers,b i,-16.21875,2,2token,not_valid_noun
hammers,sport ...,-16.21875,2,2token,not_valid_noun
hammers,machines which,-16.21875,2,2token,incomplete_phrase
hammers,pliers and,-16.21875,2,2token,incomplete_phrase
hammers,....... instrument,-16.21875,2,2token,not_valid_noun
hammers,....... is,-16.21875,2,2token,not_valid_noun
hammers,....... Which,-16.21875,2,2token,not_valid_noun
hammers,....... Tool,-16.21875,2,2token,not_valid_noun
hammers,....... .......,-16.21875,2,2token,not_valid_noun
hammers,TOOLS ....,-16.21875,2,2token,not_valid_noun
hammers,muscle in,-16.25,2,2token,not_valid_noun
hammers,valid,-16.25,1,single_token,not_valid_noun
hammers,Mus,-16.25,1,single_token,incomplete_phrase
hammers,according,-16.25,1,single_token,not_valid_noun
hammers,National,-16.25,1,single_token,incomplete_phrase
hammers,friends,-16.25,1,single_token,not_valid_noun
hammers,questions,-16.25,1,single_token,not_valid_noun
hammers,often,-16.25,1,single_token,not_valid_noun
hammers,pra,-16.25,1,single_token,not_valid_noun
hammers,specialised,-16.25,1,single_token,not_valid_noun
hammers,handel,-16.25,1,single_token,not_valid_noun
hammers,,-16.25,1,single_token,not_valid_noun
hammers,～,-16.25,1,single_token,not_valid_noun
hammers,plumber,-16.25,1,single_token,incomplete_phrase
hammers,../,-16.25,1,single_token,not_valid_noun
hammers,locking,-16.25,1,single_token,incomplete_phrase
hammers,which helps,-16.25,2,2token,not_valid_noun
hammers,which ones,-16.25,2,2token,not_valid_noun
hammers,which help,-16.25,2,2token,not_valid_noun
hammers,which the,-16.25,2,2token,not_valid_noun
hammers,John,-16.25,1,single_token,incomplete_phrase
hammers,ali,-16.25,1,single_token,not_valid_noun
hammers,В,-16.25,1,single_token,not_valid_noun
hammers,gen,-16.25,1,single_token,incomplete_phrase
hammers,eng,-16.25,1,single_token,not_valid_noun
hammers,says,-16.25,1,single_token,not_valid_noun
hammers,that weighs,-16.25,2,2token,incomplete_phrase
hammers,Chi,-16.25,1,single_token,incomplete_phrase
hammers,sam,-16.25,1,single_token,incomplete_phrase
hammers,rooms,-16.25,1,single_token,not_valid_noun
hammers,Four,-16.25,1,single_token,incomplete_phrase
hammers,containing,-16.25,1,single_token,not_valid_noun
hammers,mixed,-16.25,1,single_token,not_valid_noun
hammers,vict,-16.25,1,single_token,incomplete_phrase
hammers,Get,-16.25,1,single_token,not_valid_noun
hammers,............... In,-16.25,2,2token,not_valid_noun
hammers,PH,-16.25,1,single_token,not_valid_noun
hammers,listed,-16.25,1,single_token,not_valid_noun
hammers,...... Which,-16.25,2,2token,not_valid_noun
hammers,...... In,-16.25,2,2token,not_valid_noun
hammers,glu,-16.25,1,single_token,not_valid_noun
hammers,Ana,-16.25,1,single_token,incomplete_phrase
hammers,Write,-16.25,1,single_token,not_valid_noun
hammers,dropped,-16.25,1,single_token,not_valid_noun
hammers,bigger,-16.25,1,single_token,not_valid_noun
hammers,closely,-16.25,1,single_token,not_valid_noun
hammers,filed,-16.25,1,single_token,not_valid_noun
hammers,hay,-16.25,1,single_token,not_valid_noun
hammers,piece if,-16.25,2,2token,not_valid_noun
hammers,huge,-16.25,1,single_token,not_valid_noun
hammers,i ....,-16.25,2,2token,not_valid_noun
hammers,steel worker,-16.25,2,2token,incomplete_phrase
hammers,steel or,-16.25,2,2token,not_valid_noun
hammers,Bal,-16.25,1,single_token,incomplete_phrase
hammers,Af,-16.25,1,single_token,not_valid_noun
hammers,stage,-16.25,1,single_token,incomplete_phrase
hammers,cru,-16.25,1,single_token,not_valid_noun
hammers,Pen,-16.25,1,single_token,not_valid_noun
hammers,cir,-16.25,1,single_token,not_valid_noun
hammers,ava,-16.25,1,single_token,incomplete_phrase
hammers,Fl,-16.25,1,single_token,not_valid_noun
hammers,collective,-16.25,1,single_token,incomplete_phrase
hammers,wants,-16.25,1,single_token,not_valid_noun
hammers,sorts,-16.25,1,single_token,not_valid_noun
hammers,loads,-16.25,1,single_token,not_valid_noun
hammers,Articles,-16.25,1,single_token,not_valid_noun
hammers,occasions,-16.25,1,single_token,not_valid_noun
hammers,OH,-16.25,1,single_token,not_valid_noun
hammers,IX,-16.25,1,single_token,not_valid_noun
hammers,mt,-16.25,1,single_token,not_valid_noun
hammers,ox,-16.25,1,single_token,not_valid_noun
hammers,opened,-16.25,1,single_token,not_valid_noun
hammers,!!,-16.25,1,single_token,not_valid_noun
hammers,neck,-16.25,1,single_token,incomplete_phrase
hammers,Vi,-16.25,1,single_token,not_valid_noun
hammers,......... hammer,-16.25,2,2token,not_valid_noun
hammers,............... hammers,-16.25,2,2token,not_valid_noun
hammers,............... Select,-16.25,2,2token,not_valid_noun
hammers,............... instrument,-16.25,2,2token,not_valid_noun
hammers,............... Read,-16.25,2,2token,not_valid_noun
hammers,extreme,-16.25,1,single_token,incomplete_phrase
hammers,may,-16.25,1,single_token,incomplete_phrase
hammers,fin,-16.25,1,single_token,incomplete_phrase
hammers,des,-16.25,1,single_token,not_valid_noun
hammers,........ hammer,-16.25,2,2token,not_valid_noun
hammers,.............. hammer,-16.25,2,2token,not_valid_noun
hammers,progressive,-16.25,1,single_token,incomplete_phrase
hammers,filing,-16.25,1,single_token,incomplete_phrase
hammers,collecting,-16.25,1,single_token,incomplete_phrase
hammers,Newton,-16.25,1,single_token,incomplete_phrase
hammers,oto,-16.25,1,single_token,incomplete_phrase
hammers,bedroom,-16.25,1,single_token,incomplete_phrase
hammers,rare,-16.25,1,single_token,not_valid_noun
hammers,gri,-16.25,1,single_token,not_valid_noun
hammers,.=,-16.25,1,single_token,not_valid_noun
hammers,towns,-16.25,1,single_token,incomplete_phrase
hammers,:-),-16.25,1,single_token,not_valid_noun
hammers,h ________,-16.25,2,2token,not_valid_noun
hammers,multifunctional,-16.25,1,single_token,not_valid_noun
hammers,Ihe,-16.25,1,single_token,incomplete_phrase
hammers,composit,-16.25,1,single_token,not_valid_noun
hammers,²,-16.25,1,single_token,not_valid_noun
hammers,combined,-16.25,1,single_token,not_valid_noun
hammers,nar,-16.25,1,single_token,incomplete_phrase
hammers,desktop,-16.25,1,single_token,not_valid_noun
hammers,accounting,-16.25,1,single_token,incomplete_phrase
hammers,%.,-16.25,1,single_token,not_valid_noun
hammers,glas,-16.25,1,single_token,not_valid_noun
hammers,NP,-16.25,1,single_token,not_valid_noun
hammers,WP,-16.25,1,single_token,not_valid_noun
hammers,joins,-16.25,1,single_token,not_valid_noun
hammers,HI,-16.25,1,single_token,not_valid_noun
hammers,##,-16.25,1,single_token,not_valid_noun
hammers,meets,-16.25,1,single_token,not_valid_noun
hammers,marine,-16.25,1,single_token,incomplete_phrase
hammers,obst,-16.25,1,single_token,not_valid_noun
hammers,useful iron,-16.25,2,2token,incomplete_phrase
hammers,fec,-16.25,1,single_token,not_valid_noun
hammers,functioning,-16.25,1,single_token,incomplete_phrase
hammers,fictional,-16.25,1,single_token,not_valid_noun
hammers,hir,-16.25,1,single_token,not_valid_noun
hammers,manufac,-16.25,1,single_token,not_valid_noun
hammers,meh,-16.25,1,single_token,not_valid_noun
hammers,indent,-16.25,1,single_token,incomplete_phrase
hammers,Invent,-16.25,1,single_token,not_valid_noun
hammers,renovation,-16.25,1,single_token,incomplete_phrase
hammers,vesti,-16.25,1,single_token,not_valid_noun
hammers,MP,-16.25,1,single_token,not_valid_noun
hammers,dest,-16.25,1,single_token,not_valid_noun
hammers,chosen,-16.25,1,single_token,incomplete_phrase
hammers,MIT,-16.25,1,single_token,not_valid_noun
hammers,ін,-16.25,1,single_token,not_valid_noun
hammers,cole,-16.25,1,single_token,incomplete_phrase
hammers,logical,-16.25,1,single_token,not_valid_noun
hammers,Agricultural,-16.25,1,single_token,not_valid_noun
hammers,md,-16.25,1,single_token,not_valid_noun
hammers,besides,-16.25,1,single_token,not_valid_noun
hammers,‌,-16.25,1,single_token,not_valid_noun
hammers,door ______,-16.25,2,2token,not_valid_noun
hammers,reaching,-16.25,1,single_token,incomplete_phrase
hammers,craft of,-16.25,2,2token,not_valid_noun
hammers,.............. Match,-16.25,2,2token,not_valid_noun
hammers,.............. Tool,-16.25,2,2token,not_valid_noun
hammers,.............. Select,-16.25,2,2token,not_valid_noun
hammers,require,-16.25,1,single_token,not_valid_noun
hammers,sus,-16.25,1,single_token,incomplete_phrase
hammers,Note,-16.25,1,single_token,incomplete_phrase
hammers,swe,-16.25,1,single_token,not_valid_noun
hammers,alt,-16.25,1,single_token,incomplete_phrase
hammers,כ,-16.25,1,single_token,not_valid_noun
hammers,favorite,-16.25,1,single_token,incomplete_phrase
hammers,projects,-16.25,1,single_token,not_valid_noun
hammers,......... _______,-16.25,2,2token,not_valid_noun
hammers,TYPE,-16.25,1,single_token,incomplete_phrase
hammers,beau,-16.25,1,single_token,incomplete_phrase
hammers,Large,-16.25,1,single_token,incomplete_phrase
hammers,古,-16.25,1,single_token,not_valid_noun
hammers,orth,-16.25,1,single_token,incomplete_phrase
hammers,mesure,-16.25,1,single_token,not_valid_noun
hammers,weighted,-16.25,1,single_token,not_valid_noun
hammers,ilo,-16.25,1,single_token,not_valid_noun
hammers,prada,-16.25,1,single_token,not_valid_noun
hammers,gardener,-16.25,1,single_token,incomplete_phrase
hammers,Welche,-16.25,1,single_token,not_valid_noun
hammers,[$,-16.25,1,single_token,not_valid_noun
hammers,wood shop,-16.25,2,2token,incomplete_phrase
hammers,Sporting,-16.25,1,single_token,incomplete_phrase
hammers,ily,-16.25,1,single_token,not_valid_noun
hammers,hacking,-16.25,1,single_token,not_valid_noun
hammers,milling,-16.25,1,single_token,incomplete_phrase
hammers,Mash,-16.25,1,single_token,incomplete_phrase
hammers,dood,-16.25,1,single_token,not_valid_noun
hammers,XD,-16.25,1,single_token,not_valid_noun
hammers,carved,-16.25,1,single_token,not_valid_noun
hammers,indef,-16.25,1,single_token,not_valid_noun
hammers,extrem,-16.25,1,single_token,not_valid_noun
hammers,GAD,-16.25,1,single_token,incomplete_phrase
hammers,<.,-16.25,1,single_token,not_valid_noun
hammers,",.",-16.25,1,single_token,not_valid_noun
hammers,food ...,-16.25,2,2token,not_valid_noun
hammers,I is,-16.25,2,2token,not_valid_noun
hammers,I A,-16.25,2,2token,not_valid_noun
hammers,ong,-16.25,1,single_token,not_valid_noun
hammers,phan,-16.25,1,single_token,not_valid_noun
hammers,‪,-16.25,1,single_token,not_valid_noun
hammers,sharpening,-16.25,1,single_token,not_valid_noun
hammers,Mechanic,-16.25,1,single_token,incomplete_phrase
hammers,I hammer,-16.25,2,2token,not_valid_noun
hammers,I Use,-16.25,2,2token,not_valid_noun
hammers,THE,-16.25,1,single_token,not_valid_noun
hammers,cas,-16.25,1,single_token,not_valid_noun
hammers,Mar,-16.25,1,single_token,incomplete_phrase
hammers,lit,-16.25,1,single_token,incomplete_phrase
hammers,Uni,-16.25,1,single_token,incomplete_phrase
hammers,Le,-16.25,1,single_token,not_valid_noun
hammers,that ...,-16.25,2,2token,not_valid_noun
hammers,that could,-16.25,2,2token,incomplete_phrase
hammers,that may,-16.25,2,2token,incomplete_phrase
hammers,that a,-16.25,2,2token,not_valid_noun
hammers,craft ….,-16.25,2,2token,not_valid_noun
hammers,I hope,-16.25,2,2token,not_valid_noun
hammers,i have,-16.25,2,2token,not_valid_noun
hammers,i t,-16.25,2,2token,not_valid_noun
hammers,stereotyp,-16.25,1,single_token,not_valid_noun
hammers,Buildings,-16.25,1,single_token,not_valid_noun
hammers,repaired,-16.25,1,single_token,not_valid_noun
hammers,pars,-16.25,1,single_token,not_valid_noun
hammers,cof,-16.25,1,single_token,incomplete_phrase
hammers,DIN,-16.25,1,single_token,incomplete_phrase
hammers,-(,-16.25,1,single_token,not_valid_noun
hammers,dring,-16.25,1,single_token,not_valid_noun
hammers,oa,-16.25,1,single_token,not_valid_noun
hammers,Acme,-16.25,1,single_token,incomplete_phrase
hammers,FAST,-16.25,1,single_token,incomplete_phrase
hammers,pv,-16.25,1,single_token,not_valid_noun
hammers,elet,-16.25,1,single_token,not_valid_noun
hammers,jewels,-16.25,1,single_token,not_valid_noun
hammers,fea,-16.25,1,single_token,incomplete_phrase
hammers,colourful,-16.25,1,single_token,not_valid_noun
hammers,Stevenson,-16.25,1,single_token,not_valid_noun
hammers,Metallica,-16.25,1,single_token,not_valid_noun
hammers,mits,-16.25,1,single_token,not_valid_noun
hammers,I object,-16.25,2,2token,not_valid_noun
hammers,I What,-16.25,2,2token,not_valid_noun
hammers,I used,-16.25,2,2token,not_valid_noun
hammers,I work,-16.25,2,2token,not_valid_noun
hammers,I would,-16.25,2,2token,not_valid_noun
hammers,I The,-16.25,2,2token,not_valid_noun
hammers,sawing,-16.25,1,single_token,not_valid_noun
hammers,__ instrument,-16.25,2,2token,not_valid_noun
hammers,( utens,-16.28125,2,2token,not_valid_noun
hammers,( TOOL,-16.28125,2,2token,not_valid_noun
hammers,Werkzeug ...,-16.28125,2,2token,not_valid_noun
hammers,b (,-16.28125,2,2token,not_valid_noun
hammers,( machine,-16.28125,2,2token,not_valid_noun
hammers,gardening utens,-16.28125,2,2token,incomplete_phrase
hammers,gardening,-16.28125,2,2token,incomplete_phrase
hammers,gardening .,-16.28125,2,2token,not_valid_noun
hammers,nail _,-16.28125,2,2token,not_valid_noun
hammers,kind,-16.28125,2,2token,incomplete_phrase
hammers,material called,-16.28125,2,2token,incomplete_phrase
hammers,material Used,-16.28125,2,2token,incomplete_phrase
hammers,material made,-16.28125,2,2token,incomplete_phrase
hammers,What belongs,-16.28125,2,2token,not_valid_noun
hammers,is that,-16.28125,2,2token,not_valid_noun
hammers,musical Instr,-16.28125,2,2token,incomplete_phrase
hammers,workshop utens,-16.28125,2,2token,incomplete_phrase
hammers,____ Write,-16.28125,2,2token,not_valid_noun
hammers,____ '.,-16.28125,2,2token,not_valid_noun
hammers,____ nouns,-16.28125,2,2token,not_valid_noun
hammers,vehicle to,-16.28125,2,2token,not_valid_noun
hammers,vehicle ...,-16.28125,2,2token,not_valid_noun
hammers,measuring ________,-16.28125,2,2token,not_valid_noun
hammers,hardware which,-16.28125,2,2token,incomplete_phrase
hammers,and also,-16.28125,2,2token,not_valid_noun
hammers,What could,-16.28125,2,2token,not_valid_noun
hammers,What words,-16.28125,2,2token,not_valid_noun
hammers,------------ complete,-16.28125,2,2token,not_valid_noun
hammers,is ...,-16.28125,2,2token,not_valid_noun
hammers,word building,-16.28125,2,2token,incomplete_phrase
hammers,------------ a,-16.28125,2,2token,not_valid_noun
hammers,------------ A,-16.28125,2,2token,not_valid_noun
hammers,mechanic ...,-16.28125,2,2token,not_valid_noun
hammers,TOOL ____,-16.28125,2,2token,not_valid_noun
hammers,TOOL ….,-16.28125,2,2token,not_valid_noun
hammers,furniture ....,-16.28125,2,2token,not_valid_noun
hammers,( __,-16.28125,2,2token,not_valid_noun
hammers,TOOL The,-16.28125,2,2token,incomplete_phrase
hammers,TOOL :,-16.28125,2,2token,not_valid_noun
hammers,TOOL Read,-16.28125,2,2token,not_valid_noun
hammers,TOOL …,-16.28125,2,2token,not_valid_noun
hammers,( I,-16.28125,2,2token,not_valid_noun
hammers,( type,-16.28125,2,2token,not_valid_noun
hammers,material ______,-16.28125,2,2token,not_valid_noun
hammers,material ____,-16.28125,2,2token,not_valid_noun
hammers,nail ______,-16.28125,2,2token,not_valid_noun
hammers,nail _____,-16.28125,2,2token,not_valid_noun
hammers,What have,-16.28125,2,2token,not_valid_noun
hammers,What to,-16.28125,2,2token,not_valid_noun
hammers,( benda,-16.28125,2,2token,not_valid_noun
hammers,material A,-16.28125,2,2token,not_valid_noun
hammers,material like,-16.28125,2,2token,incomplete_phrase
hammers,appliance ________,-16.28125,2,2token,not_valid_noun
hammers,What were,-16.28125,2,2token,not_valid_noun
hammers,What has,-16.28125,2,2token,not_valid_noun
hammers,material complete,-16.28125,2,2token,not_valid_noun
hammers,an ____,-16.3125,2,2token,not_valid_noun
hammers,an essential,-16.3125,2,2token,not_valid_noun
hammers,an (,-16.3125,2,2token,not_valid_noun
hammers,an apparatus,-16.3125,2,2token,not_valid_noun
hammers,an electrical,-16.3125,2,2token,not_valid_noun
hammers,an axe,-16.3125,2,2token,not_valid_noun
hammers,- _____,-16.3125,2,2token,not_valid_noun
hammers,work related,-16.3125,2,2token,incomplete_phrase
hammers,work ....,-16.3125,2,2token,not_valid_noun
hammers,[ __,-16.3125,2,2token,not_valid_noun
hammers,toy _______,-16.3125,2,2token,not_valid_noun
hammers,implements ________,-16.3125,2,2token,not_valid_noun
hammers,….. hammer,-16.3125,2,2token,not_valid_noun
hammers,….. Use,-16.3125,2,2token,not_valid_noun
hammers,….. ...,-16.3125,2,2token,not_valid_noun
hammers,….. I,-16.3125,2,2token,not_valid_noun
hammers,work _____,-16.3125,2,2token,not_valid_noun
hammers,implements complete,-16.3125,2,2token,not_valid_noun
hammers,- What,-16.3125,2,2token,not_valid_noun
hammers,power (,-16.3125,2,2token,not_valid_noun
hammers,- verb,-16.3125,2,2token,not_valid_noun
hammers,p -,-16.3125,2,2token,not_valid_noun
hammers,work a,-16.3125,2,2token,not_valid_noun
hammers,< /,-16.3125,2,2token,not_valid_noun
hammers,- and,-16.3125,2,2token,not_valid_noun
hammers,wooden or,-16.3125,2,2token,not_valid_noun
hammers,wooden hand,-16.3125,2,2token,incomplete_phrase
hammers,car Part,-16.3125,2,2token,incomplete_phrase
hammers,………… a,-16.3125,2,2token,not_valid_noun
hammers,car or,-16.3125,2,2token,not_valid_noun
hammers,scissors are,-16.3125,2,2token,incomplete_phrase
hammers,............. ...,-16.3125,2,2token,not_valid_noun
hammers,[,-16.3125,2,2token,not_valid_noun
hammers,[ Blank,-16.3125,2,2token,not_valid_noun
hammers,things like,-16.3125,2,2token,incomplete_phrase
hammers,h …,-16.3125,2,2token,not_valid_noun
hammers,we don,-16.3125,2,2token,not_valid_noun
hammers,weight or,-16.3125,2,2token,not_valid_noun
hammers,engineering and,-16.3125,2,2token,incomplete_phrase
hammers,craft _,-16.3125,2,2token,not_valid_noun
hammers,craft utens,-16.3125,2,2token,incomplete_phrase
hammers,fruit :,-16.34375,2,2token,not_valid_noun
hammers,....... are,-16.34375,2,2token,not_valid_noun
hammers,....... and,-16.34375,2,2token,not_valid_noun
hammers,……………………,-16.34375,2,2token,not_valid_noun
hammers,repair shop,-16.34375,2,2token,incomplete_phrase
hammers,fruit .....,-16.34375,2,2token,not_valid_noun
hammers,....... fruit,-16.34375,2,2token,not_valid_noun
hammers,clock Work,-16.34375,2,2token,incomplete_phrase
hammers,factory (,-16.34375,2,2token,not_valid_noun
hammers,Tools ____________,-16.34375,2,2token,not_valid_noun
hammers,…… An,-16.34375,2,2token,not_valid_noun
hammers,Tools Which,-16.34375,2,2token,incomplete_phrase
hammers,Tools Read,-16.34375,2,2token,not_valid_noun
hammers,…… If,-16.34375,2,2token,not_valid_noun
hammers,musical ______,-16.34375,2,2token,not_valid_noun
hammers,instruments Read,-16.34375,2,2token,not_valid_noun
hammers,instruments a,-16.34375,2,2token,not_valid_noun
hammers,instruments .....,-16.34375,2,2token,not_valid_noun
hammers,domestic,-16.34375,2,2token,incomplete_phrase
hammers,carpentry Complete,-16.34375,2,2token,not_valid_noun
hammers,item which,-16.34375,2,2token,incomplete_phrase
hammers,item you,-16.34375,2,2token,incomplete_phrase
hammers,____________ noun,-16.34375,2,2token,not_valid_noun
hammers,____________ nouns,-16.34375,2,2token,not_valid_noun
hammers,____________ ?,-16.34375,2,2token,not_valid_noun
hammers,____________ ...,-16.34375,2,2token,not_valid_noun
hammers,____________ iron,-16.34375,2,2token,not_valid_noun
hammers,____________ Comple,-16.34375,2,2token,not_valid_noun
hammers,fruit ____,-16.34375,2,2token,not_valid_noun
hammers,o ________,-16.34375,2,2token,not_valid_noun
hammers,Instrument a,-16.34375,2,2token,not_valid_noun
hammers,nails are,-16.34375,2,2token,incomplete_phrase
hammers,sharp and,-16.34375,2,2token,not_valid_noun
hammers,"..., please",-16.34375,2,2token,not_valid_noun
hammers,Instrument or,-16.34375,2,2token,not_valid_noun
hammers,Instrument used,-16.34375,2,2token,incomplete_phrase
hammers,___________ or,-16.34375,2,2token,not_valid_noun
hammers,____________ In,-16.34375,2,2token,not_valid_noun
hammers,thing Read,-16.34375,2,2token,not_valid_noun
hammers,____________ is,-16.34375,2,2token,not_valid_noun
hammers,____________ the,-16.34375,2,2token,not_valid_noun
hammers,.. -,-16.34375,2,2token,not_valid_noun
hammers,what word,-16.34375,2,2token,not_valid_noun
hammers,what to,-16.34375,2,2token,not_valid_noun
hammers,…… In,-16.34375,2,2token,not_valid_noun
hammers,____________ for,-16.34375,2,2token,not_valid_noun
hammers,instruments _____,-16.34375,2,2token,not_valid_noun
hammers,........... Select,-16.34375,2,2token,not_valid_noun
hammers,........... Tools,-16.34375,2,2token,not_valid_noun
hammers,Instrument of,-16.34375,2,2token,not_valid_noun
hammers,....... of,-16.34375,2,2token,not_valid_noun
hammers,made use,-16.34375,2,2token,incomplete_phrase
hammers,❤️,-16.375,1,single_token,not_valid_noun
hammers,NEED,-16.375,1,single_token,incomplete_phrase
hammers,pens,-16.375,1,single_token,not_valid_noun
hammers,ye,-16.375,1,single_token,not_valid_noun
hammers,else,-16.375,1,single_token,not_valid_noun
hammers,spec,-16.375,1,single_token,incomplete_phrase
hammers,we op,-16.375,2,2token,not_valid_noun
hammers,...... ....,-16.375,2,2token,not_valid_noun
hammers,[[,-16.375,1,single_token,not_valid_noun
hammers,Bau,-16.375,1,single_token,not_valid_noun
hammers,metres,-16.375,1,single_token,not_valid_noun
hammers,vill,-16.375,1,single_token,not_valid_noun
hammers,bool,-16.375,1,single_token,not_valid_noun
hammers,($,-16.375,1,single_token,not_valid_noun
hammers,dr,-16.375,1,single_token,not_valid_noun
hammers,operate,-16.375,1,single_token,not_valid_noun
hammers,ther,-16.375,1,single_token,incomplete_phrase
hammers,minutes,-16.375,1,single_token,not_valid_noun
hammers,ry,-16.375,1,single_token,not_valid_noun
hammers,coc,-16.375,1,single_token,not_valid_noun
hammers,Oh,-16.375,1,single_token,not_valid_noun
hammers,wat,-16.375,1,single_token,not_valid_noun
hammers,pow,-16.375,1,single_token,incomplete_phrase
hammers,tink,-16.375,1,single_token,not_valid_noun
hammers,uch,-16.375,1,single_token,not_valid_noun
hammers,reusable,-16.375,1,single_token,not_valid_noun
hammers,fighting,-16.375,1,single_token,incomplete_phrase
hammers,eff,-16.375,1,single_token,not_valid_noun
hammers,tem,-16.375,1,single_token,not_valid_noun
hammers,het,-16.375,1,single_token,not_valid_noun
hammers,axe (,-16.375,2,2token,not_valid_noun
hammers,worker (,-16.375,2,2token,not_valid_noun
hammers,composing,-16.375,1,single_token,not_valid_noun
hammers,survival,-16.375,1,single_token,incomplete_phrase
hammers,structural,-16.375,1,single_token,not_valid_noun
hammers,lb,-16.375,1,single_token,not_valid_noun
hammers,circular,-16.375,1,single_token,incomplete_phrase
hammers,USE,-16.375,1,single_token,incomplete_phrase
hammers,pasta,-16.375,1,single_token,not_valid_noun
hammers,techn,-16.375,1,single_token,not_valid_noun
hammers,sma,-16.375,1,single_token,incomplete_phrase
hammers,👀,-16.375,1,single_token,not_valid_noun
hammers,mythical,-16.375,1,single_token,not_valid_noun
hammers,vah,-16.375,1,single_token,not_valid_noun
hammers,piec,-16.375,1,single_token,not_valid_noun
hammers,device Use,-16.375,2,2token,incomplete_phrase
hammers,escul,-16.375,1,single_token,not_valid_noun
hammers,unspecified,-16.375,1,single_token,not_valid_noun
hammers,Introduction,-16.375,1,single_token,incomplete_phrase
hammers,familiar,-16.375,1,single_token,incomplete_phrase
hammers,laws,-16.375,1,single_token,not_valid_noun
hammers,device ....,-16.375,2,2token,not_valid_noun
hammers,device Used,-16.375,2,2token,incomplete_phrase
hammers,vending,-16.375,1,single_token,incomplete_phrase
hammers,fiz,-16.375,1,single_token,not_valid_noun
hammers,pili,-16.375,1,single_token,incomplete_phrase
hammers,shipping,-16.375,1,single_token,incomplete_phrase
hammers,PA,-16.375,1,single_token,not_valid_noun
hammers,screwed,-16.375,1,single_token,not_valid_noun
hammers,lea,-16.375,1,single_token,incomplete_phrase
hammers,coop,-16.375,1,single_token,incomplete_phrase
hammers,acess,-16.375,1,single_token,not_valid_noun
hammers,autom,-16.375,1,single_token,not_valid_noun
hammers,According,-16.375,1,single_token,not_valid_noun
hammers,ready,-16.375,1,single_token,not_valid_noun
hammers,gre,-16.375,1,single_token,not_valid_noun
hammers,squ,-16.375,1,single_token,not_valid_noun
hammers,THIS,-16.375,1,single_token,not_valid_noun
hammers,tells,-16.375,1,single_token,not_valid_noun
hammers,WC,-16.375,1,single_token,not_valid_noun
hammers,(_),-16.375,1,single_token,not_valid_noun
hammers,writing,-16.375,2,2token,incomplete_phrase
hammers,उपकरण,-16.375,1,single_token,not_valid_noun
hammers,piece Of,-16.375,2,2token,not_valid_noun
hammers,scary,-16.375,1,single_token,not_valid_noun
hammers,clu,-16.375,1,single_token,not_valid_noun
hammers,sur,-16.375,1,single_token,incomplete_phrase
hammers,du,-16.375,1,single_token,not_valid_noun
hammers,prosthetic,-16.375,1,single_token,not_valid_noun
hammers,spoons,-16.375,1,single_token,not_valid_noun
hammers,Instrumente,-16.375,1,single_token,not_valid_noun
hammers,[-,-16.375,1,single_token,not_valid_noun
hammers,poo,-16.375,1,single_token,not_valid_noun
hammers,bending,-16.375,1,single_token,incomplete_phrase
hammers,*(,-16.375,1,single_token,not_valid_noun
hammers,!...,-16.375,1,single_token,not_valid_noun
hammers,add,-16.375,1,single_token,incomplete_phrase
hammers,,-16.375,1,single_token,not_valid_noun
hammers,automobiles,-16.375,1,single_token,not_valid_noun
hammers,oon,-16.375,1,single_token,not_valid_noun
hammers,hardest,-16.375,1,single_token,not_valid_noun
hammers,shaving,-16.375,1,single_token,incomplete_phrase
hammers,транспорт,-16.375,1,single_token,not_valid_noun
hammers,dwellings,-16.375,1,single_token,not_valid_noun
hammers,polishing,-16.375,1,single_token,incomplete_phrase
hammers,worldly,-16.375,1,single_token,not_valid_noun
hammers,Op,-16.375,1,single_token,not_valid_noun
hammers,cop,-16.375,1,single_token,incomplete_phrase
hammers,wood p,-16.375,2,2token,not_valid_noun
hammers,wood in,-16.375,2,2token,not_valid_noun
hammers,Cook,-16.375,1,single_token,incomplete_phrase
hammers,wood processing,-16.375,2,2token,incomplete_phrase
hammers,glo,-16.375,1,single_token,not_valid_noun
hammers,bright,-16.375,1,single_token,not_valid_noun
hammers,............... ....,-16.375,2,2token,not_valid_noun
hammers,Christmas,-16.375,1,single_token,incomplete_phrase
hammers,............... I,-16.375,2,2token,not_valid_noun
hammers,"............... ,",-16.375,2,2token,not_valid_noun
hammers,synonyms,-16.375,1,single_token,not_valid_noun
hammers,percussion .,-16.375,2,2token,not_valid_noun
hammers,percussion ...,-16.375,2,2token,not_valid_noun
hammers,concre,-16.375,1,single_token,not_valid_noun
hammers,ironing,-16.375,1,single_token,not_valid_noun
hammers,viagra,-16.375,1,single_token,not_valid_noun
hammers,Gardening,-16.375,1,single_token,incomplete_phrase
hammers,percussion,-16.375,2,2token,incomplete_phrase
hammers,i am,-16.375,2,2token,not_valid_noun
hammers,i n,-16.375,2,2token,not_valid_noun
hammers,......... hammers,-16.375,2,2token,not_valid_noun
hammers,......... fruit,-16.375,2,2token,not_valid_noun
hammers,......... equipment,-16.375,2,2token,not_valid_noun
hammers,"......... ,",-16.375,2,2token,not_valid_noun
hammers,< Select,-16.375,2,2token,not_valid_noun
hammers,......... of,-16.375,2,2token,not_valid_noun
hammers,noun and,-16.375,2,2token,incomplete_phrase
hammers,noun in,-16.375,2,2token,not_valid_noun
hammers,I Tool,-16.375,2,2token,not_valid_noun
hammers,But,-16.375,1,single_token,not_valid_noun
hammers,apple (,-16.375,2,2token,not_valid_noun
hammers,Mark,-16.375,1,single_token,incomplete_phrase
hammers,food for,-16.375,2,2token,incomplete_phrase
hammers,wood _______,-16.375,2,2token,not_valid_noun
hammers,I o,-16.375,2,2token,not_valid_noun
hammers,work place,-16.375,2,2token,incomplete_phrase
hammers,which .,-16.375,2,2token,not_valid_noun
hammers,that builds,-16.375,2,2token,incomplete_phrase
hammers,which,-16.375,2,2token,not_valid_noun
hammers,animal (,-16.375,2,2token,not_valid_noun
hammers,noun verb,-16.375,2,2token,incomplete_phrase
hammers,........ Tools,-16.375,2,2token,not_valid_noun
hammers,fal,-16.375,1,single_token,not_valid_noun
hammers,vir,-16.375,1,single_token,not_valid_noun
hammers,World,-16.375,1,single_token,incomplete_phrase
hammers,Your,-16.375,1,single_token,incomplete_phrase
hammers,power ...,-16.375,2,2token,not_valid_noun
hammers,var,-16.375,1,single_token,not_valid_noun
hammers,pub,-16.375,1,single_token,incomplete_phrase
hammers,.............. Use,-16.375,2,2token,not_valid_noun
hammers,........ are,-16.375,2,2token,not_valid_noun
hammers,........ In,-16.375,2,2token,not_valid_noun
hammers,........ ?,-16.375,2,2token,not_valid_noun
hammers,power hand,-16.375,2,2token,incomplete_phrase
hammers,I the,-16.375,2,2token,not_valid_noun
hammers,del,-16.375,1,single_token,incomplete_phrase
hammers,bu,-16.375,1,single_token,not_valid_noun
hammers,&,-16.375,1,single_token,not_valid_noun
hammers,*/,-16.375,1,single_token,not_valid_noun
hammers,Th,-16.375,1,single_token,not_valid_noun
hammers,......... Which,-16.375,2,2token,not_valid_noun
hammers,nut Complete,-16.375,2,2token,not_valid_noun
hammers,( ferramenta,-16.40625,2,2token,not_valid_noun
hammers,material Use,-16.40625,2,2token,incomplete_phrase
hammers,nail with,-16.40625,2,2token,incomplete_phrase
hammers,nail [,-16.40625,2,2token,not_valid_noun
hammers,"nail ,",-16.40625,2,2token,not_valid_noun
hammers,nail pull,-16.40625,2,2token,incomplete_phrase
hammers,machinery -,-16.40625,2,2token,not_valid_noun
hammers,furniture and,-16.40625,2,2token,incomplete_phrase
hammers,------------ Choose,-16.40625,2,2token,not_valid_noun
hammers,____ for,-16.40625,2,2token,not_valid_noun
hammers,this -,-16.40625,2,2token,not_valid_noun
hammers,this :,-16.40625,2,2token,not_valid_noun
hammers,this _______,-16.40625,2,2token,not_valid_noun
hammers,____ are,-16.40625,2,2token,not_valid_noun
hammers,____ :,-16.40625,2,2token,not_valid_noun
hammers,____ [,-16.40625,2,2token,not_valid_noun
hammers,____ ...,-16.40625,2,2token,not_valid_noun
hammers,is is,-16.40625,2,2token,not_valid_noun
hammers,and have,-16.40625,2,2token,not_valid_noun
hammers,What Do,-16.40625,2,2token,not_valid_noun
hammers,workshop (,-16.40625,2,2token,not_valid_noun
hammers,musical _______,-16.40625,2,2token,not_valid_noun
hammers,workshop ________,-16.40625,2,2token,not_valid_noun
hammers,musical ____,-16.40625,2,2token,not_valid_noun
hammers,and wood,-16.40625,2,2token,not_valid_noun
hammers,and equipment,-16.40625,2,2token,not_valid_noun
hammers,and instruments,-16.40625,2,2token,not_valid_noun
hammers,measuring a,-16.40625,2,2token,not_valid_noun
hammers,measuring and,-16.40625,2,2token,incomplete_phrase
hammers,gun (,-16.40625,2,2token,not_valid_noun
hammers,TOOL Fill,-16.40625,2,2token,not_valid_noun
hammers,stone for,-16.40625,2,2token,incomplete_phrase
hammers,stone working,-16.40625,2,2token,incomplete_phrase
hammers,blacksmith s,-16.40625,2,2token,not_valid_noun
hammers,utensils that,-16.40625,2,2token,incomplete_phrase
hammers,job,-16.40625,2,2token,not_valid_noun
hammers,weight for,-16.4375,2,2token,incomplete_phrase
hammers,weight of,-16.4375,2,2token,not_valid_noun
hammers,an invention,-16.4375,2,2token,not_valid_noun
hammers,carpenter (,-16.4375,2,2token,not_valid_noun
hammers,we want,-16.4375,2,2token,not_valid_noun
hammers,we the,-16.4375,2,2token,not_valid_noun
hammers,weight that,-16.4375,2,2token,incomplete_phrase
hammers,wooden ________,-16.4375,2,2token,not_valid_noun
hammers,wooden construction,-16.4375,2,2token,incomplete_phrase
hammers,wooden working,-16.4375,2,2token,incomplete_phrase
hammers,car manufacturing,-16.4375,2,2token,incomplete_phrase
hammers,car [,-16.4375,2,2token,not_valid_noun
hammers,car in,-16.4375,2,2token,not_valid_noun
hammers,"< ,",-16.4375,2,2token,not_valid_noun
hammers,< or,-16.4375,2,2token,not_valid_noun
hammers,chisel complete,-16.4375,2,2token,not_valid_noun
hammers,i _,-16.4375,2,2token,not_valid_noun
hammers,flat bla,-16.4375,2,2token,incomplete_phrase
hammers,science and,-16.4375,2,2token,incomplete_phrase
hammers,weight training,-16.4375,2,2token,incomplete_phrase
hammers,weight _______,-16.4375,2,2token,not_valid_noun
hammers,things needed,-16.4375,2,2token,incomplete_phrase
hammers,chisel is,-16.4375,2,2token,not_valid_noun
hammers,- Click,-16.4375,2,2token,not_valid_noun
hammers,............. Use,-16.4375,2,2token,not_valid_noun
hammers,type A,-16.4375,2,2token,not_valid_noun
hammers,type ...,-16.4375,2,2token,not_valid_noun
hammers,............. Match,-16.4375,2,2token,not_valid_noun
hammers,- machinery,-16.4375,2,2token,not_valid_noun
hammers,- ....,-16.4375,2,2token,not_valid_noun
hammers,............. Select,-16.4375,2,2token,not_valid_noun
hammers,….. fruit,-16.4375,2,2token,not_valid_noun
hammers,Instrument _,-16.4375,2,2token,not_valid_noun
hammers,............. complete,-16.4375,2,2token,not_valid_noun
hammers,Instrument in,-16.4375,2,2token,not_valid_noun
hammers,weight -,-16.4375,2,2token,not_valid_noun
hammers,wea op,-16.4375,2,2token,not_valid_noun
hammers,o ______,-16.46875,2,2token,not_valid_noun
hammers,o p,-16.46875,2,2token,not_valid_noun
hammers,o (,-16.46875,2,2token,not_valid_noun
hammers,instruments /,-16.46875,2,2token,not_valid_noun
hammers,instruments …,-16.46875,2,2token,not_valid_noun
hammers,Tools Write,-16.46875,2,2token,incomplete_phrase
hammers,Tools _.,-16.46875,2,2token,not_valid_noun
hammers,Tools ….,-16.46875,2,2token,not_valid_noun
hammers,vegetable and,-16.46875,2,2token,incomplete_phrase
hammers,fruit _______,-16.46875,2,2token,not_valid_noun
hammers,instruments made,-16.46875,2,2token,incomplete_phrase
hammers,instruments Answer,-16.46875,2,2token,not_valid_noun
hammers,instruments ..,-16.46875,2,2token,not_valid_noun
hammers,thing and,-16.46875,2,2token,incomplete_phrase
hammers,Tools ..,-16.46875,2,2token,not_valid_noun
hammers,Tools [,-16.46875,2,2token,not_valid_noun
hammers,"Tools ,",-16.46875,2,2token,not_valid_noun
hammers,Tools I,-16.46875,2,2token,not_valid_noun
hammers,Tools,-16.46875,2,2token,not_valid_noun
hammers,industrial mach,-16.46875,2,2token,incomplete_phrase
hammers,industrial ...,-16.46875,2,2token,not_valid_noun
hammers,_____,-16.46875,2,2token,not_valid_noun
hammers,what i,-16.46875,2,2token,not_valid_noun
hammers,........... In,-16.46875,2,2token,not_valid_noun
hammers,what things,-16.46875,2,2token,not_valid_noun
hammers,"___________ ,",-16.46875,2,2token,not_valid_noun
hammers,what kinds,-16.46875,2,2token,not_valid_noun
hammers,___________ equipment,-16.46875,2,2token,not_valid_noun
hammers,thing A,-16.46875,2,2token,not_valid_noun
hammers,___________ TOOLS,-16.46875,2,2token,not_valid_noun
hammers,___________ -,-16.46875,2,2token,not_valid_noun
hammers,"..., we",-16.46875,2,2token,not_valid_noun
hammers,........... I,-16.46875,2,2token,not_valid_noun
hammers,........... Answer,-16.46875,2,2token,not_valid_noun
hammers,___________ ....,-16.46875,2,2token,not_valid_noun
hammers,"..., hammer",-16.46875,2,2token,not_valid_noun
hammers,wrench or,-16.46875,2,2token,not_valid_noun
hammers,rock (,-16.46875,2,2token,not_valid_noun
hammers,"..., use",-16.46875,2,2token,not_valid_noun
hammers,"..., used",-16.46875,2,2token,not_valid_noun
hammers,"..., Use",-16.46875,2,2token,not_valid_noun
hammers,.. Select,-16.46875,2,2token,not_valid_noun
hammers,weapons that,-16.46875,2,2token,incomplete_phrase
hammers,weapons or,-16.46875,2,2token,not_valid_noun
hammers,.. fruit,-16.46875,2,2token,not_valid_noun
hammers,values,-16.5,1,single_token,not_valid_noun
hammers,id,-16.5,1,single_token,not_valid_noun
hammers,tr,-16.5,1,single_token,not_valid_noun
hammers,Eng,-16.5,1,single_token,not_valid_noun
hammers,around,-16.5,1,single_token,not_valid_noun
hammers,Ph,-16.5,1,single_token,not_valid_noun
hammers,cri,-16.5,1,single_token,not_valid_noun
hammers,week,-16.5,1,single_token,incomplete_phrase
hammers,mor,-16.5,1,single_token,not_valid_noun
hammers,inherit,-16.5,1,single_token,not_valid_noun
hammers,joints,-16.5,1,single_token,not_valid_noun
hammers,peoples,-16.5,1,single_token,not_valid_noun
hammers,bun,-16.5,1,single_token,not_valid_noun
hammers,required,-16.5,1,single_token,not_valid_noun
hammers,United,-16.5,1,single_token,incomplete_phrase
hammers,due,-16.5,1,single_token,incomplete_phrase
hammers,........ Match,-16.5,2,2token,not_valid_noun
hammers,........ steel,-16.5,2,2token,not_valid_noun
hammers,dishes,-16.5,1,single_token,not_valid_noun
hammers,tropical,-16.5,1,single_token,not_valid_noun
hammers,Match,-16.5,1,single_token,incomplete_phrase
hammers,produces,-16.5,1,single_token,not_valid_noun
hammers,CH,-16.5,1,single_token,not_valid_noun
hammers,Sound,-16.5,1,single_token,incomplete_phrase
hammers,supporting,-16.5,1,single_token,incomplete_phrase
hammers,__ and,-16.5,2,2token,not_valid_noun
hammers,hardened,-16.5,1,single_token,not_valid_noun
hammers,transporting,-16.5,1,single_token,not_valid_noun
hammers,dn,-16.5,1,single_token,not_valid_noun
hammers,tive,-16.5,1,single_token,not_valid_noun
hammers,incis,-16.5,1,single_token,not_valid_noun
hammers,लो,-16.5,1,single_token,not_valid_noun
hammers,INSTRUMENTS,-16.5,1,single_token,not_valid_noun
hammers,excer,-16.5,1,single_token,not_valid_noun
hammers,-',-16.5,1,single_token,not_valid_noun
hammers,transporta,-16.5,1,single_token,not_valid_noun
hammers,malen,-16.5,1,single_token,not_valid_noun
hammers,infer,-16.5,1,single_token,not_valid_noun
hammers,joined,-16.5,1,single_token,not_valid_noun
hammers,extended,-16.5,1,single_token,not_valid_noun
hammers,tight,-16.5,1,single_token,not_valid_noun
hammers,that cuts,-16.5,2,2token,incomplete_phrase
hammers,that repair,-16.5,2,2token,incomplete_phrase
hammers,prick,-16.5,1,single_token,incomplete_phrase
hammers,identify,-16.5,1,single_token,not_valid_noun
hammers,Play,-16.5,1,single_token,incomplete_phrase
hammers,wo,-16.5,1,single_token,not_valid_noun
hammers,standard,-16.5,1,single_token,incomplete_phrase
hammers,fu,-16.5,1,single_token,not_valid_noun
hammers,Time,-16.5,1,single_token,incomplete_phrase
hammers,device ______,-16.5,2,2token,not_valid_noun
hammers,sport _______,-16.5,2,2token,not_valid_noun
hammers,__ a,-16.5,2,2token,not_valid_noun
hammers,TO,-16.5,1,single_token,not_valid_noun
hammers,Ob,-16.5,1,single_token,not_valid_noun
hammers,nos,-16.5,1,single_token,not_valid_noun
hammers,__ Tools,-16.5,2,2token,not_valid_noun
hammers,categor,-16.5,1,single_token,not_valid_noun
hammers,lists,-16.5,1,single_token,not_valid_noun
hammers,وسی,-16.5,1,single_token,not_valid_noun
hammers,mates,-16.5,1,single_token,not_valid_noun
hammers,!(,-16.5,1,single_token,not_valid_noun
hammers,ome,-16.5,1,single_token,not_valid_noun
hammers,device Answer,-16.5,2,2token,not_valid_noun
hammers,device designed,-16.5,2,2token,incomplete_phrase
hammers,device Read,-16.5,2,2token,not_valid_noun
hammers,device /,-16.5,2,2token,not_valid_noun
hammers,device -,-16.5,2,2token,not_valid_noun
hammers,wood car,-16.5,2,2token,incomplete_phrase
hammers,that will,-16.5,2,2token,incomplete_phrase
hammers,that the,-16.5,2,2token,incomplete_phrase
hammers,craft made,-16.5,2,2token,incomplete_phrase
hammers,craft [,-16.5,2,2token,not_valid_noun
hammers,facto,-16.5,1,single_token,not_valid_noun
hammers,sings,-16.5,1,single_token,not_valid_noun
hammers,dv,-16.5,1,single_token,not_valid_noun
hammers,complementary,-16.5,1,single_token,incomplete_phrase
hammers,Gad,-16.5,1,single_token,incomplete_phrase
hammers,constructors,-16.5,1,single_token,not_valid_noun
hammers,ihe,-16.5,1,single_token,not_valid_noun
hammers,SIMPLE,-16.5,1,single_token,incomplete_phrase
hammers,although,-16.5,1,single_token,not_valid_noun
hammers,street,-16.5,1,single_token,incomplete_phrase
hammers,Two,-16.5,1,single_token,incomplete_phrase
hammers,...... ________,-16.5,2,2token,not_valid_noun
hammers,wet,-16.5,1,single_token,incomplete_phrase
hammers,Labor,-16.5,1,single_token,incomplete_phrase
hammers,wash,-16.5,1,single_token,incomplete_phrase
hammers,logging,-16.5,1,single_token,incomplete_phrase
hammers,steam,-16.5,1,single_token,incomplete_phrase
hammers,dass,-16.5,1,single_token,not_valid_noun
hammers,........ Use,-16.5,2,2token,not_valid_noun
hammers,that does,-16.5,2,2token,incomplete_phrase
hammers,developed,-16.5,1,single_token,not_valid_noun
hammers,properties,-16.5,1,single_token,not_valid_noun
hammers,wrote,-16.5,1,single_token,not_valid_noun
hammers,putting,-16.5,1,single_token,not_valid_noun
hammers,‐,-16.5,1,single_token,not_valid_noun
hammers,banging,-16.5,1,single_token,incomplete_phrase
hammers,weathering,-16.5,1,single_token,not_valid_noun
hammers,reciproc,-16.5,1,single_token,not_valid_noun
hammers,$_{,-16.5,1,single_token,not_valid_noun
hammers,prevent,-16.5,1,single_token,not_valid_noun
hammers,Windows,-16.5,1,single_token,not_valid_noun
hammers,mede,-16.5,1,single_token,incomplete_phrase
hammers,FP,-16.5,1,single_token,not_valid_noun
hammers,FX,-16.5,1,single_token,not_valid_noun
hammers,NI,-16.5,1,single_token,not_valid_noun
hammers,ach,-16.5,1,single_token,incomplete_phrase
hammers,spinning,-16.5,1,single_token,incomplete_phrase
hammers,modifying,-16.5,1,single_token,not_valid_noun
hammers,$[\,-16.5,1,single_token,not_valid_noun
hammers,/(,-16.5,1,single_token,not_valid_noun
hammers,(:,-16.5,1,single_token,not_valid_noun
hammers,recyclable,-16.5,1,single_token,not_valid_noun
hammers,iam,-16.5,1,single_token,not_valid_noun
hammers,antiques,-16.5,1,single_token,not_valid_noun
hammers,unimportant,-16.5,1,single_token,not_valid_noun
hammers,pitch,-16.5,1,single_token,incomplete_phrase
hammers,opt,-16.5,1,single_token,not_valid_noun
hammers,loose,-16.5,1,single_token,not_valid_noun
hammers,sculptures,-16.5,1,single_token,not_valid_noun
hammers,(){,-16.5,1,single_token,not_valid_noun
hammers,lux,-16.5,1,single_token,incomplete_phrase
hammers,meg,-16.5,1,single_token,incomplete_phrase
hammers,bol,-16.5,1,single_token,not_valid_noun
hammers,h and,-16.5,2,2token,not_valid_noun
hammers,beside,-16.5,1,single_token,not_valid_noun
hammers,FAQ,-16.5,1,single_token,not_valid_noun
hammers,Fix,-16.5,1,single_token,incomplete_phrase
hammers,lifestyle,-16.5,1,single_token,not_valid_noun
hammers,cooling,-16.5,1,single_token,incomplete_phrase
hammers,steel ________,-16.5,2,2token,not_valid_noun
hammers,Correct,-16.5,1,single_token,not_valid_noun
hammers,):,-16.5,1,single_token,not_valid_noun
hammers,}_{,-16.5,1,single_token,not_valid_noun
hammers,grind,-16.5,1,single_token,incomplete_phrase
hammers,sw,-16.5,1,single_token,not_valid_noun
hammers,impro,-16.5,1,single_token,not_valid_noun
hammers,With,-16.5,1,single_token,not_valid_noun
hammers,create,-16.5,1,single_token,not_valid_noun
hammers,vul,-16.5,1,single_token,not_valid_noun
hammers,unw,-16.5,1,single_token,not_valid_noun
hammers,fli,-16.5,1,single_token,not_valid_noun
hammers,oy,-16.5,1,single_token,not_valid_noun
hammers,peas,-16.5,1,single_token,not_valid_noun
hammers,cach,-16.5,1,single_token,not_valid_noun
hammers,^^,-16.5,1,single_token,not_valid_noun
hammers,voluntary,-16.5,1,single_token,incomplete_phrase
hammers,Workers,-16.5,1,single_token,not_valid_noun
hammers,🙂,-16.5,1,single_token,not_valid_noun
hammers,KN,-16.5,1,single_token,not_valid_noun
hammers,classify,-16.5,1,single_token,not_valid_noun
hammers,steel used,-16.5,2,2token,incomplete_phrase
hammers,steel is,-16.5,2,2token,not_valid_noun
hammers,fis,-16.5,1,single_token,not_valid_noun
hammers,twenty,-16.5,1,single_token,incomplete_phrase
hammers,........ is,-16.5,2,2token,not_valid_noun
hammers,heav,-16.5,1,single_token,incomplete_phrase
hammers,dies,-16.5,1,single_token,not_valid_noun
hammers,exten,-16.5,1,single_token,not_valid_noun
hammers,"(""",-16.5,1,single_token,not_valid_noun
hammers,sad,-16.5,1,single_token,not_valid_noun
hammers,families,-16.5,1,single_token,not_valid_noun
hammers,neces,-16.5,1,single_token,not_valid_noun
hammers,Sci,-16.5,1,single_token,not_valid_noun
hammers,south,-16.5,1,single_token,incomplete_phrase
hammers,ly,-16.5,1,single_token,not_valid_noun
hammers,........ ..,-16.5,2,2token,not_valid_noun
hammers,slow,-16.5,1,single_token,not_valid_noun
hammers,noun ...,-16.5,2,2token,not_valid_noun
hammers,wielded,-16.5,1,single_token,not_valid_noun
hammers,domesticated,-16.5,1,single_token,not_valid_noun
hammers,mustn,-16.5,1,single_token,not_valid_noun
hammers,"[,",-16.5,1,single_token,not_valid_noun
hammers,mek,-16.5,1,single_token,not_valid_noun
hammers,offens,-16.5,1,single_token,incomplete_phrase
hammers,forceful,-16.5,1,single_token,not_valid_noun
hammers,childrens,-16.5,1,single_token,not_valid_noun
hammers,events,-16.5,1,single_token,not_valid_noun
hammers,technology used,-16.5,2,2token,incomplete_phrase
hammers,ranged,-16.5,1,single_token,not_valid_noun
hammers,h A,-16.5,2,2token,not_valid_noun
hammers,I saw,-16.5,2,2token,not_valid_noun
hammers,steel ...,-16.5,2,2token,not_valid_noun
hammers,Raw,-16.5,1,single_token,incomplete_phrase
hammers,sid,-16.5,1,single_token,incomplete_phrase
hammers,impo,-16.5,1,single_token,not_valid_noun
hammers,Av,-16.5,1,single_token,not_valid_noun
hammers,I do,-16.5,2,2token,not_valid_noun
hammers,I i,-16.5,2,2token,not_valid_noun
hammers,I t,-16.5,2,2token,not_valid_noun
hammers,which thing,-16.5,2,2token,not_valid_noun
hammers,which things,-16.5,2,2token,not_valid_noun
hammers,apple is,-16.5,2,2token,not_valid_noun
hammers,I ________,-16.5,2,2token,not_valid_noun
hammers,moc,-16.5,1,single_token,not_valid_noun
hammers,Mec,-16.5,1,single_token,not_valid_noun
hammers,openings,-16.5,1,single_token,not_valid_noun
hammers,MEAS,-16.5,1,single_token,not_valid_noun
hammers,"?""",-16.5,1,single_token,not_valid_noun
hammers,bulk,-16.5,1,single_token,incomplete_phrase
hammers,sust,-16.5,1,single_token,not_valid_noun
hammers,pins,-16.5,1,single_token,not_valid_noun
hammers,HOME,-16.5,1,single_token,incomplete_phrase
hammers,cnt,-16.5,1,single_token,not_valid_noun
hammers,ugly,-16.5,1,single_token,not_valid_noun
hammers,......... ________,-16.5,2,2token,not_valid_noun
hammers,......... ..,-16.5,2,2token,not_valid_noun
hammers,......... are,-16.5,2,2token,not_valid_noun
hammers,......... is,-16.5,2,2token,not_valid_noun
hammers,fau,-16.5,1,single_token,not_valid_noun
hammers,mk,-16.5,1,single_token,not_valid_noun
hammers,clic,-16.5,1,single_token,not_valid_noun
hammers,Flat,-16.5,1,single_token,incomplete_phrase
hammers,definite,-16.5,1,single_token,not_valid_noun
hammers,chairs,-16.5,1,single_token,not_valid_noun
hammers,Arbeits,-16.5,1,single_token,not_valid_noun
hammers,inex,-16.5,1,single_token,not_valid_noun
hammers,punk,-16.5,1,single_token,incomplete_phrase
hammers,jokes,-16.5,1,single_token,not_valid_noun
hammers,strongest,-16.5,1,single_token,not_valid_noun
hammers,scul,-16.5,1,single_token,not_valid_noun
hammers,Cold,-16.5,1,single_token,incomplete_phrase
hammers,wid,-16.5,1,single_token,incomplete_phrase
hammers,ARE,-16.5,1,single_token,not_valid_noun
hammers,emergency,-16.5,1,single_token,incomplete_phrase
hammers,repeated,-16.5,1,single_token,not_valid_noun
hammers,Fla,-16.5,1,single_token,not_valid_noun
hammers,connecting,-16.5,1,single_token,not_valid_noun
hammers,Soft,-16.5,1,single_token,not_valid_noun
hammers,harder,-16.5,1,single_token,not_valid_noun
hammers,phy,-16.5,1,single_token,not_valid_noun
hammers,Imp,-16.5,1,single_token,incomplete_phrase
hammers,sto,-16.5,1,single_token,not_valid_noun
hammers,we learn,-16.5,2,2token,not_valid_noun
hammers,we should,-16.5,2,2token,not_valid_noun
hammers,dis,-16.5,1,single_token,incomplete_phrase
hammers,static,-16.5,1,single_token,incomplete_phrase
hammers,Ind,-16.5,1,single_token,incomplete_phrase
hammers,New,-16.5,1,single_token,not_valid_noun
hammers,false,-16.5,1,single_token,not_valid_noun
hammers,mon,-16.5,1,single_token,incomplete_phrase
hammers,off,-16.5,1,single_token,not_valid_noun
hammers,Pat,-16.5,1,single_token,incomplete_phrase
hammers,Pr,-16.5,1,single_token,not_valid_noun
hammers,told,-16.5,1,single_token,not_valid_noun
hammers,Am,-16.5,1,single_token,not_valid_noun
hammers,Mou,-16.5,1,single_token,incomplete_phrase
hammers,Both,-16.5,1,single_token,not_valid_noun
hammers,в,-16.5,1,single_token,not_valid_noun
hammers,writing instru,-16.5,2,2token,incomplete_phrase
hammers,paint _____,-16.5,2,2token,not_valid_noun
hammers,$-,-16.5,1,single_token,not_valid_noun
hammers,ik,-16.5,1,single_token,not_valid_noun
hammers,decor,-16.5,1,single_token,not_valid_noun
hammers,£,-16.5,1,single_token,not_valid_noun
hammers,ow,-16.5,1,single_token,not_valid_noun
hammers,next,-16.5,1,single_token,not_valid_noun
hammers,No,-16.5,1,single_token,not_valid_noun
hammers,pu,-16.5,1,single_token,not_valid_noun
hammers,pur,-16.5,1,single_token,incomplete_phrase
hammers,inv,-16.5,1,single_token,not_valid_noun
hammers,paint ....,-16.5,2,2token,not_valid_noun
hammers,............... ..,-16.5,2,2token,not_valid_noun
hammers,small power,-16.53125,2,2token,incomplete_phrase
hammers,this ____,-16.53125,2,2token,not_valid_noun
hammers,this sort,-16.53125,2,2token,incomplete_phrase
hammers,this means,-16.53125,2,2token,incomplete_phrase
hammers,small black,-16.53125,2,2token,incomplete_phrase
hammers,small metallic,-16.53125,2,2token,incomplete_phrase
hammers,and other,-16.53125,2,2token,not_valid_noun
hammers,"and ,",-16.53125,2,2token,not_valid_noun
hammers,mechanic shop,-16.53125,2,2token,incomplete_phrase
hammers,o The,-16.53125,2,2token,not_valid_noun
hammers,o the,-16.53125,2,2token,not_valid_noun
hammers,o b,-16.53125,2,2token,not_valid_noun
hammers,What instruments,-16.53125,2,2token,not_valid_noun
hammers,hardware a,-16.53125,2,2token,not_valid_noun
hammers,hardware =,-16.53125,2,2token,not_valid_noun
hammers,hardware we,-16.53125,2,2token,not_valid_noun
hammers,"( ,",-16.53125,2,2token,not_valid_noun
hammers,What verb,-16.53125,2,2token,not_valid_noun
hammers,bl (...),-16.53125,2,2token,not_valid_noun
hammers,appliance which,-16.53125,2,2token,incomplete_phrase
hammers,TOOL _____,-16.53125,2,2token,not_valid_noun
hammers,machinery ______,-16.53125,2,2token,not_valid_noun
hammers,TOOL ..,-16.53125,2,2token,not_valid_noun
hammers,measuring (,-16.53125,2,2token,not_valid_noun
hammers,What comes,-16.53125,2,2token,not_valid_noun
hammers,工具 a,-16.53125,2,2token,not_valid_noun
hammers,b tools,-16.53125,2,2token,not_valid_noun
hammers,blunt,-16.53125,2,2token,not_valid_noun
hammers,vegetables,-16.53125,2,2token,not_valid_noun
hammers,DIY supplies,-16.53125,2,2token,not_valid_noun
hammers,Werkzeug [,-16.53125,2,2token,not_valid_noun
hammers,vehicle ....,-16.53125,2,2token,not_valid_noun
hammers,mach ...,-16.53125,2,2token,not_valid_noun
hammers,blacksmith ',-16.53125,2,2token,not_valid_noun
hammers,p =,-16.5625,2,2token,not_valid_noun
hammers,flat solid,-16.5625,2,2token,incomplete_phrase
hammers,type or,-16.5625,2,2token,not_valid_noun
hammers,we deal,-16.5625,2,2token,not_valid_noun
hammers,type o,-16.5625,2,2token,not_valid_noun
hammers,............. Tool,-16.5625,2,2token,not_valid_noun
hammers,............. In,-16.5625,2,2token,not_valid_noun
hammers,i ________,-16.5625,2,2token,not_valid_noun
hammers,h ....,-16.5625,2,2token,not_valid_noun
hammers,furniture in,-16.5625,2,2token,not_valid_noun
hammers,p __,-16.5625,2,2token,not_valid_noun
hammers,….. Which,-16.5625,2,2token,not_valid_noun
hammers,piece,-16.5625,2,2token,incomplete_phrase
hammers,an instruments,-16.5625,2,2token,not_valid_noun
hammers,objects which,-16.5625,2,2token,incomplete_phrase
hammers,furniture complete,-16.5625,2,2token,not_valid_noun
hammers,stone Work,-16.5625,2,2token,incomplete_phrase
hammers,Instrument COMPLETE,-16.5625,2,2token,not_valid_noun
hammers,work with,-16.5625,2,2token,not_valid_noun
hammers,working ...,-16.5625,2,2token,not_valid_noun
hammers,car Repair,-16.5625,2,2token,incomplete_phrase
hammers,car maintenance,-16.5625,2,2token,incomplete_phrase
hammers,we live,-16.5625,2,2token,not_valid_noun
hammers,an example,-16.5625,2,2token,not_valid_noun
hammers,things or,-16.5625,2,2token,not_valid_noun
hammers,flat ...,-16.5625,2,2token,not_valid_noun
hammers,Instrument ____,-16.5625,2,2token,not_valid_noun
hammers,weight is,-16.5625,2,2token,not_valid_noun
hammers,carpenter ...,-16.5625,2,2token,not_valid_noun
hammers,weight ________,-16.5625,2,2token,not_valid_noun
hammers,machines with,-16.59375,2,2token,incomplete_phrase
hammers,machines A,-16.59375,2,2token,not_valid_noun
hammers,machines of,-16.59375,2,2token,not_valid_noun
hammers,machines a,-16.59375,2,2token,not_valid_noun
hammers,what or,-16.59375,2,2token,not_valid_noun
hammers,bl o,-16.59375,2,2token,not_valid_noun
hammers,made,-16.59375,2,2token,not_valid_noun
hammers,fruit Edit,-16.59375,2,2token,incomplete_phrase
hammers,instruments _,-16.59375,2,2token,not_valid_noun
hammers,instruments like,-16.59375,2,2token,incomplete_phrase
hammers,Tools the,-16.59375,2,2token,incomplete_phrase
hammers,Tools _,-16.59375,2,2token,not_valid_noun
hammers,domestic ...,-16.59375,2,2token,not_valid_noun
hammers,.. Correct,-16.59375,2,2token,not_valid_noun
hammers,.. Tool,-16.59375,2,2token,not_valid_noun
hammers,money (,-16.59375,2,2token,not_valid_noun
hammers,domestic ______,-16.59375,2,2token,not_valid_noun
hammers,fruit is,-16.59375,2,2token,not_valid_noun
hammers,ору,-16.59375,2,2token,not_valid_noun
hammers,instruments,-16.59375,2,2token,not_valid_noun
hammers,fruit Correct,-16.59375,2,2token,not_valid_noun
hammers,fruit ________,-16.59375,2,2token,not_valid_noun
hammers,fruit Fill,-16.59375,2,2token,not_valid_noun
hammers,what :,-16.59375,2,2token,not_valid_noun
hammers,thing /,-16.59375,2,2token,not_valid_noun
hammers,thing needed,-16.59375,2,2token,incomplete_phrase
hammers,thing Comple,-16.59375,2,2token,incomplete_phrase
hammers,…… Part,-16.59375,2,2token,not_valid_noun
hammers,"........... ,",-16.59375,2,2token,not_valid_noun
hammers,…… ...,-16.59375,2,2token,not_valid_noun
hammers,…… We,-16.59375,2,2token,not_valid_noun
hammers,…… and,-16.59375,2,2token,not_valid_noun
hammers,sharp utens,-16.59375,2,2token,incomplete_phrase
hammers,game for,-16.59375,2,2token,incomplete_phrase
hammers,game (,-16.59375,2,2token,not_valid_noun
hammers,…… Use,-16.59375,2,2token,not_valid_noun
hammers,…… noun,-16.59375,2,2token,not_valid_noun
hammers,…… Find,-16.59375,2,2token,not_valid_noun
hammers,…… Please,-16.59375,2,2token,not_valid_noun
hammers,screwdriver or,-16.59375,2,2token,not_valid_noun
hammers,___________ I,-16.59375,2,2token,not_valid_noun
hammers,___________ metal,-16.59375,2,2token,not_valid_noun
hammers,___________ Which,-16.59375,2,2token,not_valid_noun
hammers,___________ _____,-16.59375,2,2token,not_valid_noun
hammers,thing the,-16.59375,2,2token,incomplete_phrase
hammers,thing ____,-16.59375,2,2token,not_valid_noun
hammers,what We,-16.59375,2,2token,not_valid_noun
hammers,clock repair,-16.59375,2,2token,incomplete_phrase
hammers,carpentry ...,-16.59375,2,2token,not_valid_noun
hammers,knife ________,-16.59375,2,2token,not_valid_noun
hammers,........... metal,-16.59375,2,2token,not_valid_noun
hammers,knife ...,-16.59375,2,2token,not_valid_noun
hammers,....... ________,-16.59375,2,2token,not_valid_noun
hammers,....... .....,-16.59375,2,2token,not_valid_noun
hammers,item from,-16.59375,2,2token,incomplete_phrase
hammers,item made,-16.59375,2,2token,incomplete_phrase
hammers,weapons ...,-16.59375,2,2token,not_valid_noun
hammers,weapons for,-16.59375,2,2token,incomplete_phrase
hammers,TOOLS that,-16.59375,2,2token,incomplete_phrase
hammers,soft,-16.59375,2,2token,not_valid_noun
hammers,we (,-16.625,2,2token,not_valid_noun
hammers,we also,-16.625,2,2token,not_valid_noun
hammers,p c,-16.625,2,2token,not_valid_noun
hammers,........ and,-16.625,2,2token,not_valid_noun
hammers,........ -,-16.625,2,2token,not_valid_noun
hammers,........ How,-16.625,2,2token,not_valid_noun
hammers,........ They,-16.625,2,2token,not_valid_noun
hammers,........ fruit,-16.625,2,2token,not_valid_noun
hammers,........ Select,-16.625,2,2token,not_valid_noun
hammers,........ ........,-16.625,2,2token,not_valid_noun
hammers,.............. metal,-16.625,2,2token,not_valid_noun
hammers,.............. Answer,-16.625,2,2token,not_valid_noun
hammers,__ Tool,-16.625,2,2token,not_valid_noun
hammers,__ _______,-16.625,2,2token,not_valid_noun
hammers,Ms,-16.625,1,single_token,not_valid_noun
hammers,curious,-16.625,1,single_token,not_valid_noun
hammers,electro,-16.625,1,single_token,incomplete_phrase
hammers,quad,-16.625,1,single_token,incomplete_phrase
hammers,sca,-16.625,1,single_token,not_valid_noun
hammers,rural,-16.625,1,single_token,not_valid_noun
hammers,BL,-16.625,1,single_token,not_valid_noun
hammers,MD,-16.625,1,single_token,not_valid_noun
hammers,ung,-16.625,1,single_token,not_valid_noun
hammers,calculate,-16.625,1,single_token,not_valid_noun
hammers,casual,-16.625,1,single_token,not_valid_noun
hammers,!!!,-16.625,1,single_token,not_valid_noun
hammers,Used,-16.625,1,single_token,not_valid_noun
hammers,vain,-16.625,1,single_token,not_valid_noun
hammers,favour,-16.625,1,single_token,not_valid_noun
hammers,manufacturers,-16.625,1,single_token,not_valid_noun
hammers,ese,-16.625,1,single_token,not_valid_noun
hammers,multip,-16.625,1,single_token,not_valid_noun
hammers,facilities,-16.625,1,single_token,not_valid_noun
hammers,Although,-16.625,1,single_token,not_valid_noun
hammers,lap,-16.625,1,single_token,incomplete_phrase
hammers,aren,-16.625,1,single_token,not_valid_noun
hammers,helped,-16.625,1,single_token,not_valid_noun
hammers,relax,-16.625,1,single_token,not_valid_noun
hammers,creating,-16.625,1,single_token,not_valid_noun
hammers,specified,-16.625,1,single_token,not_valid_noun
hammers,produc,-16.625,1,single_token,not_valid_noun
hammers,cet,-16.625,1,single_token,not_valid_noun
hammers,neutral,-16.625,1,single_token,incomplete_phrase
hammers,implemented,-16.625,1,single_token,not_valid_noun
hammers,bits,-16.625,1,single_token,not_valid_noun
hammers,stuck,-16.625,1,single_token,not_valid_noun
hammers,ano,-16.625,1,single_token,not_valid_noun
hammers,recre,-16.625,1,single_token,not_valid_noun
hammers,Aw,-16.625,1,single_token,not_valid_noun
hammers,Any,-16.625,1,single_token,incomplete_phrase
hammers,associated,-16.625,1,single_token,not_valid_noun
hammers,SP,-16.625,1,single_token,not_valid_noun
hammers,prices,-16.625,1,single_token,not_valid_noun
hammers,cin,-16.625,1,single_token,not_valid_noun
hammers,About,-16.625,1,single_token,not_valid_noun
hammers,sources,-16.625,1,single_token,not_valid_noun
hammers,Ir,-16.625,1,single_token,not_valid_noun
hammers,gram,-16.625,1,single_token,incomplete_phrase
hammers,loaded,-16.625,1,single_token,not_valid_noun
hammers,Those,-16.625,1,single_token,not_valid_noun
hammers,tac,-16.625,1,single_token,not_valid_noun
hammers,Mau,-16.625,1,single_token,incomplete_phrase
hammers,Size,-16.625,1,single_token,incomplete_phrase
hammers,Right,-16.625,1,single_token,incomplete_phrase
hammers,religious,-16.625,1,single_token,incomplete_phrase
hammers,shut,-16.625,1,single_token,not_valid_noun
hammers,ul,-16.625,1,single_token,not_valid_noun
hammers,Fall,-16.625,1,single_token,incomplete_phrase
hammers,vege,-16.625,1,single_token,not_valid_noun
hammers,ве,-16.625,1,single_token,not_valid_noun
hammers,APP,-16.625,1,single_token,not_valid_noun
hammers,ache,-16.625,1,single_token,incomplete_phrase
hammers,nim,-16.625,1,single_token,incomplete_phrase
hammers,extr,-16.625,1,single_token,not_valid_noun
hammers,†,-16.625,1,single_token,not_valid_noun
hammers,SN,-16.625,1,single_token,not_valid_noun
hammers,Ald,-16.625,1,single_token,not_valid_noun
hammers,cooperation,-16.625,1,single_token,not_valid_noun
hammers,growing,-16.625,1,single_token,incomplete_phrase
hammers,obvious,-16.625,1,single_token,not_valid_noun
hammers,internal,-16.625,1,single_token,not_valid_noun
hammers,components,-16.625,1,single_token,not_valid_noun
hammers,ran,-16.625,1,single_token,not_valid_noun
hammers,CR,-16.625,1,single_token,not_valid_noun
hammers,fir,-16.625,1,single_token,incomplete_phrase
hammers,Let,-16.625,1,single_token,incomplete_phrase
hammers,spo,-16.625,1,single_token,not_valid_noun
hammers,Pl,-16.625,1,single_token,not_valid_noun
hammers,looks,-16.625,1,single_token,not_valid_noun
hammers,ze,-16.625,1,single_token,not_valid_noun
hammers,Inst,-16.625,1,single_token,not_valid_noun
hammers,General,-16.625,1,single_token,incomplete_phrase
hammers,boolean,-16.625,1,single_token,not_valid_noun
hammers,global,-16.625,1,single_token,not_valid_noun
hammers,nn,-16.625,1,single_token,not_valid_noun
hammers,bon,-16.625,1,single_token,not_valid_noun
hammers,usually,-16.625,1,single_token,not_valid_noun
hammers,pou,-16.625,1,single_token,not_valid_noun
hammers,till,-16.625,1,single_token,incomplete_phrase
hammers,Ap,-16.625,1,single_token,not_valid_noun
hammers,Pal,-16.625,1,single_token,incomplete_phrase
hammers,adv,-16.625,1,single_token,not_valid_noun
hammers,der,-16.625,1,single_token,not_valid_noun
hammers,cor,-16.625,1,single_token,incomplete_phrase
hammers,happ,-16.625,1,single_token,not_valid_noun
hammers,une,-16.625,1,single_token,not_valid_noun
hammers,mer,-16.625,1,single_token,incomplete_phrase
hammers,Ab,-16.625,1,single_token,not_valid_noun
hammers,fra,-16.625,1,single_token,incomplete_phrase
hammers,sch,-16.625,1,single_token,not_valid_noun
hammers,Red,-16.625,1,single_token,not_valid_noun
hammers,Abstract,-16.625,1,single_token,incomplete_phrase
hammers,iii,-16.625,1,single_token,not_valid_noun
hammers,Physical,-16.625,1,single_token,not_valid_noun
hammers,inves,-16.625,1,single_token,incomplete_phrase
hammers,Join,-16.625,1,single_token,incomplete_phrase
hammers,plo,-16.625,1,single_token,not_valid_noun
hammers,makers,-16.625,1,single_token,not_valid_noun
hammers,(.,-16.625,1,single_token,not_valid_noun
hammers,gim,-16.625,1,single_token,incomplete_phrase
hammers,sine,-16.625,1,single_token,incomplete_phrase
hammers,cooperative,-16.625,1,single_token,not_valid_noun
hammers,Animals,-16.625,1,single_token,not_valid_noun
hammers,joining,-16.625,1,single_token,incomplete_phrase
hammers,fier,-16.625,1,single_token,not_valid_noun
hammers,robust,-16.625,1,single_token,not_valid_noun
hammers,Outdoor,-16.625,1,single_token,incomplete_phrase
hammers,magnifying,-16.625,1,single_token,not_valid_noun
hammers,Arte,-16.625,1,single_token,not_valid_noun
hammers,sailing,-16.625,1,single_token,incomplete_phrase
hammers,matem,-16.625,1,single_token,not_valid_noun
hammers,closes,-16.625,1,single_token,not_valid_noun
hammers,comparing,-16.625,1,single_token,not_valid_noun
hammers,travelling,-16.625,1,single_token,not_valid_noun
hammers,《,-16.625,1,single_token,not_valid_noun
hammers,identifying,-16.625,1,single_token,not_valid_noun
hammers,Bar,-16.625,1,single_token,incomplete_phrase
hammers,By,-16.625,1,single_token,not_valid_noun
hammers,indiv,-16.625,1,single_token,not_valid_noun
hammers,video,-16.625,1,single_token,incomplete_phrase
hammers,seen,-16.625,1,single_token,not_valid_noun
hammers,front,-16.625,1,single_token,incomplete_phrase
hammers,technolog,-16.625,1,single_token,not_valid_noun
hammers,vand,-16.625,1,single_token,not_valid_noun
hammers,&#,-16.625,1,single_token,not_valid_noun
hammers,Ine,-16.625,1,single_token,not_valid_noun
hammers,exercising,-16.625,1,single_token,not_valid_noun
hammers,mammals,-16.625,1,single_token,not_valid_noun
hammers,lego,-16.625,1,single_token,not_valid_noun
hammers,grandfather,-16.625,1,single_token,incomplete_phrase
hammers,bloody,-16.625,1,single_token,not_valid_noun
hammers,POWER,-16.625,1,single_token,incomplete_phrase
hammers,usu,-16.625,1,single_token,not_valid_noun
hammers,handled,-16.625,1,single_token,not_valid_noun
hammers,appli,-16.625,1,single_token,not_valid_noun
hammers,Nou,-16.625,1,single_token,incomplete_phrase
hammers,dw,-16.625,1,single_token,not_valid_noun
hammers,warming,-16.625,1,single_token,incomplete_phrase
hammers,crushing,-16.625,1,single_token,incomplete_phrase
hammers,baker,-16.625,1,single_token,incomplete_phrase
hammers,haus,-16.625,1,single_token,not_valid_noun
hammers,lethal,-16.625,1,single_token,not_valid_noun
hammers,recycle,-16.625,1,single_token,not_valid_noun
hammers,spans,-16.625,1,single_token,not_valid_noun
hammers,Bij,-16.625,1,single_token,not_valid_noun
hammers,grinding,-16.625,1,single_token,incomplete_phrase
hammers,aerop,-16.625,1,single_token,not_valid_noun
hammers,defective,-16.625,1,single_token,not_valid_noun
hammers,manually,-16.625,1,single_token,not_valid_noun
hammers,medie,-16.625,1,single_token,not_valid_noun
hammers,cras,-16.625,1,single_token,not_valid_noun
hammers,CF,-16.625,1,single_token,not_valid_noun
hammers,Educational,-16.625,1,single_token,not_valid_noun
hammers,veg,-16.625,1,single_token,not_valid_noun
hammers,ments,-16.625,1,single_token,not_valid_noun
hammers,pent,-16.625,1,single_token,not_valid_noun
hammers,susp,-16.625,1,single_token,not_valid_noun
hammers,commonplace,-16.625,1,single_token,incomplete_phrase
hammers,soldering,-16.625,1,single_token,incomplete_phrase
hammers,ines,-16.625,1,single_token,not_valid_noun
hammers,watering,-16.625,1,single_token,incomplete_phrase
hammers,faulty,-16.625,1,single_token,not_valid_noun
hammers,coo,-16.625,1,single_token,incomplete_phrase
hammers,instructional,-16.625,1,single_token,not_valid_noun
hammers,gm,-16.625,1,single_token,not_valid_noun
hammers,dent,-16.625,1,single_token,incomplete_phrase
hammers,polished,-16.625,1,single_token,not_valid_noun
hammers,chal,-16.625,1,single_token,incomplete_phrase
hammers,nich,-16.625,1,single_token,not_valid_noun
hammers,lal,-16.625,1,single_token,not_valid_noun
hammers,fing,-16.625,1,single_token,not_valid_noun
hammers,operative,-16.625,1,single_token,incomplete_phrase
hammers,Ingen,-16.625,1,single_token,not_valid_noun
hammers,Occupational,-16.625,1,single_token,not_valid_noun
hammers,......... and,-16.625,2,2token,not_valid_noun
hammers,......... Please,-16.625,2,2token,not_valid_noun
hammers,"(_,",-16.625,1,single_token,not_valid_noun
hammers,,-16.625,1,single_token,not_valid_noun
hammers,dof,-16.625,1,single_token,not_valid_noun
hammers,wielding,-16.625,1,single_token,not_valid_noun
hammers,miniature,-16.625,1,single_token,incomplete_phrase
hammers,علم,-16.625,1,single_token,not_valid_noun
hammers,、,-16.625,1,single_token,not_valid_noun
hammers,›,-16.625,1,single_token,not_valid_noun
hammers,GH,-16.625,1,single_token,not_valid_noun
hammers,pulver,-16.625,1,single_token,not_valid_noun
hammers,indestructible,-16.625,1,single_token,not_valid_noun
hammers,,-16.625,1,single_token,not_valid_noun
hammers,FAO,-16.625,1,single_token,not_valid_noun
hammers,wok,-16.625,1,single_token,not_valid_noun
hammers,Descri,-16.625,1,single_token,not_valid_noun
hammers,fastened,-16.625,1,single_token,not_valid_noun
hammers,widgets,-16.625,1,single_token,not_valid_noun
hammers,Maths,-16.625,1,single_token,incomplete_phrase
hammers,woody,-16.625,1,single_token,incomplete_phrase
hammers,demolition,-16.625,1,single_token,incomplete_phrase
hammers,IMPORTANT,-16.625,1,single_token,not_valid_noun
hammers,Indes,-16.625,1,single_token,not_valid_noun
hammers,Herramientas,-16.625,1,single_token,not_valid_noun
hammers,tne,-16.625,1,single_token,not_valid_noun
hammers,CUT,-16.625,1,single_token,incomplete_phrase
hammers,felling,-16.625,1,single_token,not_valid_noun
hammers,openers,-16.625,1,single_token,not_valid_noun
hammers,.\,-16.625,1,single_token,not_valid_noun
hammers,.',-16.625,1,single_token,not_valid_noun
hammers,migh,-16.625,1,single_token,not_valid_noun
hammers,lumps,-16.625,1,single_token,not_valid_noun
hammers,OBJ,-16.625,1,single_token,not_valid_noun
hammers,theyre,-16.625,1,single_token,incomplete_phrase
hammers,sult,-16.625,1,single_token,not_valid_noun
hammers,Clever,-16.625,1,single_token,not_valid_noun
hammers,industrious,-16.625,1,single_token,not_valid_noun
hammers,-),-16.625,1,single_token,not_valid_noun
hammers,I dont,-16.625,2,2token,not_valid_noun
hammers,which could,-16.625,2,2token,not_valid_noun
hammers,.............. In,-16.625,2,2token,not_valid_noun
hammers,.............. Read,-16.625,2,2token,not_valid_noun
hammers,that fits,-16.625,2,2token,incomplete_phrase
hammers,device called,-16.625,2,2token,incomplete_phrase
hammers,percussion inst,-16.625,2,2token,incomplete_phrase
hammers,wood are,-16.625,2,2token,incomplete_phrase
hammers,wood wind,-16.625,2,2token,incomplete_phrase
hammers,wood workers,-16.625,2,2token,incomplete_phrase
hammers,wood ....,-16.625,2,2token,not_valid_noun
hammers,wood ______,-16.625,2,2token,not_valid_noun
hammers,...... of,-16.625,2,2token,not_valid_noun
hammers,...... is,-16.625,2,2token,not_valid_noun
hammers,"...... ,",-16.625,2,2token,not_valid_noun
hammers,...... fruit,-16.625,2,2token,not_valid_noun
hammers,...... COMPLETE,-16.625,2,2token,not_valid_noun
hammers,article for,-16.625,2,2token,incomplete_phrase
hammers,worker in,-16.625,2,2token,not_valid_noun
hammers,steel _______,-16.625,2,2token,not_valid_noun
hammers,sports equip,-16.625,2,2token,incomplete_phrase
hammers,h ​,-16.625,2,2token,not_valid_noun
hammers,............... -,-16.625,2,2token,not_valid_noun
hammers,p p,-16.625,2,2token,not_valid_noun
hammers,p A,-16.625,2,2token,not_valid_noun
hammers,p ent,-16.625,2,2token,not_valid_noun
hammers,paint and,-16.625,2,2token,incomplete_phrase
hammers,vehicle ________,-16.625,2,2token,not_valid_noun
hammers,vehicle _______,-16.625,2,2token,not_valid_noun
hammers,technology that,-16.625,2,2token,incomplete_phrase
hammers,fifty,-16.625,1,single_token,incomplete_phrase
hammers,conventional,-16.625,1,single_token,not_valid_noun
hammers,modified,-16.625,1,single_token,not_valid_noun
hammers,Greek,-16.625,1,single_token,incomplete_phrase
hammers,Steve,-16.625,1,single_token,incomplete_phrase
hammers,western,-16.625,1,single_token,incomplete_phrase
hammers,lon,-16.625,1,single_token,not_valid_noun
hammers,coup,-16.625,1,single_token,incomplete_phrase
hammers,$(\,-16.625,1,single_token,not_valid_noun
hammers,terrible,-16.625,1,single_token,not_valid_noun
hammers,ey,-16.625,1,single_token,not_valid_noun
hammers,............... of,-16.625,2,2token,not_valid_noun
hammers,Werkzeug Comple,-16.65625,2,2token,not_valid_noun
hammers,DIY ...,-16.65625,2,2token,not_valid_noun
hammers,DIY materials,-16.65625,2,2token,not_valid_noun
hammers,DIY power,-16.65625,2,2token,incomplete_phrase
hammers,TOOL ___________,-16.65625,2,2token,not_valid_noun
hammers,clothes Complete,-16.65625,2,2token,not_valid_noun
hammers,kind ...,-16.65625,2,2token,not_valid_noun
hammers,this and,-16.65625,2,2token,incomplete_phrase
hammers,is what,-16.65625,2,2token,not_valid_noun
hammers,small ________,-16.65625,2,2token,not_valid_noun
hammers,blunt or,-16.65625,2,2token,not_valid_noun
hammers,machinery is,-16.65625,2,2token,not_valid_noun
hammers,machinery which,-16.65625,2,2token,incomplete_phrase
hammers,machinery COMPLETE,-16.65625,2,2token,not_valid_noun
hammers,TOOL is,-16.65625,2,2token,not_valid_noun
hammers,------------ ?,-16.65625,2,2token,not_valid_noun
hammers,------------ instrument,-16.65625,2,2token,not_valid_noun
hammers,pen or,-16.65625,2,2token,not_valid_noun
hammers,me a,-16.65625,2,2token,not_valid_noun
hammers,o o,-16.65625,2,2token,not_valid_noun
hammers,o f,-16.65625,2,2token,not_valid_noun
hammers,DIY workshop,-16.65625,2,2token,incomplete_phrase
hammers,soft …,-16.65625,2,2token,not_valid_noun
hammers,is useful,-16.65625,2,2token,not_valid_noun
hammers,word used,-16.65625,2,2token,incomplete_phrase
hammers,and _,-16.65625,2,2token,not_valid_noun
hammers,this or,-16.65625,2,2token,not_valid_noun
hammers,gadget which,-16.65625,2,2token,incomplete_phrase
hammers,( ].,-16.65625,2,2token,not_valid_noun
hammers,gadget ...,-16.65625,2,2token,not_valid_noun
hammers,( outils,-16.65625,2,2token,not_valid_noun
hammers,o equipment,-16.65625,2,2token,not_valid_noun
hammers,o _______,-16.65625,2,2token,not_valid_noun
hammers,and some,-16.65625,2,2token,not_valid_noun
hammers,weight used,-16.6875,2,2token,incomplete_phrase
hammers,weight in,-16.6875,2,2token,not_valid_noun
hammers,weight to,-16.6875,2,2token,not_valid_noun
hammers,i -,-16.6875,2,2token,not_valid_noun
hammers,p in,-16.6875,2,2token,not_valid_noun
hammers,stone to,-16.6875,2,2token,not_valid_noun
hammers,stone carving,-16.6875,2,2token,incomplete_phrase
hammers,furniture for,-16.6875,2,2token,incomplete_phrase
hammers,furniture or,-16.6875,2,2token,not_valid_noun
hammers,science (,-16.6875,2,2token,not_valid_noun
hammers,toy COMPLETE,-16.6875,2,2token,not_valid_noun
hammers,…..,-16.6875,2,2token,not_valid_noun
hammers,toy and,-16.6875,2,2token,incomplete_phrase
hammers,….. _______,-16.6875,2,2token,not_valid_noun
hammers,power ________,-16.6875,2,2token,not_valid_noun
hammers,….. Tool,-16.6875,2,2token,not_valid_noun
hammers,….. ________,-16.6875,2,2token,not_valid_noun
hammers,vegetable complete,-16.6875,2,2token,not_valid_noun
hammers,type writing,-16.6875,2,2token,incomplete_phrase
hammers,............. Answer,-16.6875,2,2token,not_valid_noun
hammers,............. I,-16.6875,2,2token,not_valid_noun
hammers,car …,-16.6875,2,2token,not_valid_noun
hammers,wooden kitchen,-16.6875,2,2token,incomplete_phrase
hammers,part to,-16.6875,2,2token,not_valid_noun
hammers,flat and,-16.6875,2,2token,not_valid_noun
hammers,art (,-16.6875,2,2token,not_valid_noun
hammers,car _,-16.6875,2,2token,not_valid_noun
hammers,Instrument and,-16.6875,2,2token,incomplete_phrase
hammers,[ a,-16.6875,2,2token,not_valid_noun
hammers,………… ….,-16.6875,2,2token,not_valid_noun
hammers,………… …………,-16.6875,2,2token,not_valid_noun
hammers,p hand,-16.6875,2,2token,not_valid_noun
hammers,p ….,-16.6875,2,2token,not_valid_noun
hammers,engineering utens,-16.6875,2,2token,incomplete_phrase
hammers,engineering ________,-16.6875,2,2token,not_valid_noun
hammers,an ....,-16.6875,2,2token,not_valid_noun
hammers,………… …,-16.6875,2,2token,not_valid_noun
hammers,clock (,-16.71875,2,2token,not_valid_noun
hammers,thing from,-16.71875,2,2token,incomplete_phrase
hammers,woodworking (,-16.71875,2,2token,not_valid_noun
hammers,garden imple,-16.71875,2,2token,incomplete_phrase
hammers,weapons of,-16.71875,2,2token,not_valid_noun
hammers,garden ________,-16.71875,2,2token,not_valid_noun
hammers,....... _______,-16.71875,2,2token,not_valid_noun
hammers,....... COMPLETE,-16.71875,2,2token,not_valid_noun
hammers,pliers ...,-16.71875,2,2token,not_valid_noun
hammers,pliers complete,-16.71875,2,2token,not_valid_noun
hammers,sharp iron,-16.71875,2,2token,incomplete_phrase
hammers,pliers ....,-16.71875,2,2token,not_valid_noun
hammers,……,-16.71875,2,2token,not_valid_noun
hammers,…… the,-16.71875,2,2token,not_valid_noun
hammers,…… are,-16.71875,2,2token,not_valid_noun
hammers,pliers or,-16.71875,2,2token,not_valid_noun
hammers,industrial ________,-16.71875,2,2token,not_valid_noun
hammers,…………………… A,-16.71875,2,2token,not_valid_noun
hammers,thing Use,-16.71875,2,2token,incomplete_phrase
hammers,thing on,-16.71875,2,2token,not_valid_noun
hammers,....... _,-16.71875,2,2token,not_valid_noun
hammers,....... Identify,-16.71875,2,2token,not_valid_noun
hammers,machines Fill,-16.71875,2,2token,not_valid_noun
hammers,machines .....,-16.71875,2,2token,not_valid_noun
hammers,machines ______,-16.71875,2,2token,not_valid_noun
hammers,.. An,-16.71875,2,2token,not_valid_noun
hammers,fruit COMPLETE,-16.71875,2,2token,not_valid_noun
hammers,knife _______,-16.71875,2,2token,not_valid_noun
hammers,........... -,-16.71875,2,2token,not_valid_noun
hammers,…………………… a,-16.71875,2,2token,not_valid_noun
hammers,........... Tool,-16.71875,2,2token,not_valid_noun
hammers,........... ....,-16.71875,2,2token,not_valid_noun
hammers,___________ that,-16.71875,2,2token,not_valid_noun
hammers,___________ In,-16.71875,2,2token,not_valid_noun
hammers,fruit ?,-16.71875,2,2token,not_valid_noun
hammers,.. COMPLETE,-16.71875,2,2token,not_valid_noun
hammers,.. Which,-16.71875,2,2token,not_valid_noun
hammers,.. _,-16.71875,2,2token,not_valid_noun
hammers,___________ in,-16.71875,2,2token,not_valid_noun
hammers,instruments [,-16.71875,2,2token,not_valid_noun
hammers,instruments such,-16.71875,2,2token,incomplete_phrase
hammers,used a,-16.71875,2,2token,not_valid_noun
hammers,fruit a,-16.71875,2,2token,not_valid_noun
hammers,thing ______,-16.71875,2,2token,not_valid_noun
hammers,fruit are,-16.71875,2,2token,incomplete_phrase
hammers,which end,-16.75,2,2token,not_valid_noun
hammers,International,-16.75,1,single_token,incomplete_phrase
hammers,............... We,-16.75,2,2token,not_valid_noun
hammers,which make,-16.75,2,2token,not_valid_noun
hammers,young,-16.75,1,single_token,incomplete_phrase
hammers,wood to,-16.75,2,2token,not_valid_noun
hammers,wood making,-16.75,2,2token,incomplete_phrase
hammers,draught,-16.75,1,single_token,incomplete_phrase
hammers,which may,-16.75,2,2token,not_valid_noun
hammers,manly,-16.75,1,single_token,not_valid_noun
hammers,idem,-16.75,1,single_token,not_valid_noun
hammers,wap,-16.75,1,single_token,incomplete_phrase
hammers,Equip,-16.75,1,single_token,incomplete_phrase
hammers,sport ____,-16.75,2,2token,not_valid_noun
hammers,sport ________,-16.75,2,2token,not_valid_noun
hammers,sport for,-16.75,2,2token,incomplete_phrase
hammers,sport or,-16.75,2,2token,not_valid_noun
hammers,within,-16.75,1,single_token,not_valid_noun
hammers,steel working,-16.75,2,2token,incomplete_phrase
hammers,public,-16.75,1,single_token,incomplete_phrase
hammers,Ma,-16.75,1,single_token,not_valid_noun
hammers,Har,-16.75,1,single_token,not_valid_noun
hammers,benef,-16.75,1,single_token,not_valid_noun
hammers,consist,-16.75,1,single_token,not_valid_noun
hammers,Si,-16.75,1,single_token,not_valid_noun
hammers,IM,-16.75,1,single_token,not_valid_noun
hammers,methods,-16.75,1,single_token,not_valid_noun
hammers,Sam,-16.75,1,single_token,incomplete_phrase
hammers,takes,-16.75,1,single_token,not_valid_noun
hammers,............... ________,-16.75,2,2token,not_valid_noun
hammers,dal,-16.75,1,single_token,incomplete_phrase
hammers,sup,-16.75,1,single_token,incomplete_phrase
hammers,based,-16.75,1,single_token,not_valid_noun
hammers,inc,-16.75,1,single_token,incomplete_phrase
hammers,anim,-16.75,1,single_token,not_valid_noun
hammers,wea p,-16.75,2,2token,not_valid_noun
hammers,German,-16.75,1,single_token,incomplete_phrase
hammers,Long,-16.75,1,single_token,not_valid_noun
hammers,elements,-16.75,1,single_token,not_valid_noun
hammers,Thi,-16.75,1,single_token,not_valid_noun
hammers,bru,-16.75,1,single_token,not_valid_noun
hammers,wood …,-16.75,2,2token,not_valid_noun
hammers,FA,-16.75,1,single_token,not_valid_noun
hammers,ya,-16.75,1,single_token,not_valid_noun
hammers,......... COMPLETE,-16.75,2,2token,not_valid_noun
hammers,p u,-16.75,2,2token,not_valid_noun
hammers,......... They,-16.75,2,2token,not_valid_noun
hammers,......... _,-16.75,2,2token,not_valid_noun
hammers,......... You,-16.75,2,2token,not_valid_noun
hammers,......... An,-16.75,2,2token,not_valid_noun
hammers,__ -,-16.75,2,2token,not_valid_noun
hammers,__ of,-16.75,2,2token,not_valid_noun
hammers,sheet,-16.75,1,single_token,incomplete_phrase
hammers,......... .......,-16.75,2,2token,not_valid_noun
hammers,p What,-16.75,2,2token,not_valid_noun
hammers,...... equipment,-16.75,2,2token,not_valid_noun
hammers,sport to,-16.75,2,2token,not_valid_noun
hammers,misc,-16.75,1,single_token,not_valid_noun
hammers,potential,-16.75,1,single_token,incomplete_phrase
hammers,Ond,-16.75,1,single_token,incomplete_phrase
hammers,sharpen,-16.75,1,single_token,not_valid_noun
hammers,kho,-16.75,1,single_token,not_valid_noun
hammers,illegal,-16.75,1,single_token,not_valid_noun
hammers,bent,-16.75,1,single_token,incomplete_phrase
hammers,Rule,-16.75,1,single_token,incomplete_phrase
hammers,ought,-16.75,1,single_token,not_valid_noun
hammers,device _.,-16.75,2,2token,not_valid_noun
hammers,device needed,-16.75,2,2token,incomplete_phrase
hammers,device [,-16.75,2,2token,not_valid_noun
hammers,mechanisms,-16.75,1,single_token,not_valid_noun
hammers,MI,-16.75,1,single_token,not_valid_noun
hammers,nons,-16.75,1,single_token,not_valid_noun
hammers,tay,-16.75,1,single_token,incomplete_phrase
hammers,carni,-16.75,1,single_token,not_valid_noun
hammers,struck,-16.75,1,single_token,not_valid_noun
hammers,device and,-16.75,2,2token,incomplete_phrase
hammers,device a,-16.75,2,2token,not_valid_noun
hammers,molding,-16.75,1,single_token,incomplete_phrase
hammers,{:,-16.75,1,single_token,not_valid_noun
hammers,inp,-16.75,1,single_token,incomplete_phrase
hammers,ime,-16.75,1,single_token,not_valid_noun
hammers,closures,-16.75,1,single_token,not_valid_noun
hammers,inert,-16.75,1,single_token,not_valid_noun
hammers,../../,-16.75,1,single_token,not_valid_noun
hammers,artisans,-16.75,1,single_token,not_valid_noun
hammers,uit,-16.75,1,single_token,not_valid_noun
hammers,stories,-16.75,1,single_token,not_valid_noun
hammers,larger,-16.75,1,single_token,not_valid_noun
hammers,Ali,-16.75,1,single_token,not_valid_noun
hammers,і,-16.75,1,single_token,not_valid_noun
hammers,Cho,-16.75,1,single_token,incomplete_phrase
hammers,h e,-16.75,2,2token,not_valid_noun
hammers,Pes,-16.75,1,single_token,incomplete_phrase
hammers,Hom,-16.75,1,single_token,not_valid_noun
hammers,USA,-16.75,1,single_token,not_valid_noun
hammers,UK,-16.75,1,single_token,not_valid_noun
hammers,pict,-16.75,1,single_token,incomplete_phrase
hammers,steering,-16.75,1,single_token,incomplete_phrase
hammers,MY,-16.75,1,single_token,not_valid_noun
hammers,laptop,-16.75,1,single_token,not_valid_noun
hammers,independent,-16.75,1,single_token,incomplete_phrase
hammers,$=$,-16.75,1,single_token,not_valid_noun
hammers,Io,-16.75,1,single_token,not_valid_noun
hammers,rude,-16.75,1,single_token,not_valid_noun
hammers,ie,-16.75,1,single_token,not_valid_noun
hammers,tp,-16.75,1,single_token,not_valid_noun
hammers,comput,-16.75,1,single_token,not_valid_noun
hammers,cad,-16.75,1,single_token,incomplete_phrase
hammers,structures,-16.75,1,single_token,not_valid_noun
hammers,"),",-16.75,1,single_token,not_valid_noun
hammers,apps,-16.75,1,single_token,not_valid_noun
hammers,food and,-16.75,2,2token,incomplete_phrase
hammers,noun ....,-16.75,2,2token,not_valid_noun
hammers,vt,-16.75,1,single_token,not_valid_noun
hammers,tame,-16.75,1,single_token,not_valid_noun
hammers,inorganic,-16.75,1,single_token,not_valid_noun
hammers,engraving,-16.75,1,single_token,incomplete_phrase
hammers,ina,-16.75,1,single_token,not_valid_noun
hammers,PRIM,-16.75,1,single_token,not_valid_noun
hammers,velo,-16.75,1,single_token,incomplete_phrase
hammers,worksheet,-16.75,1,single_token,not_valid_noun
hammers,'-,-16.75,1,single_token,not_valid_noun
hammers,p Article,-16.75,2,2token,not_valid_noun
hammers,<>,-16.75,1,single_token,not_valid_noun
hammers,dividing,-16.75,1,single_token,not_valid_noun
hammers,æ,-16.75,1,single_token,not_valid_noun
hammers,digestive,-16.75,1,single_token,incomplete_phrase
hammers,lets,-16.75,1,single_token,not_valid_noun
hammers,numb,-16.75,1,single_token,not_valid_noun
hammers,farms,-16.75,1,single_token,not_valid_noun
hammers,Ig,-16.75,1,single_token,not_valid_noun
hammers,PI,-16.75,1,single_token,not_valid_noun
hammers,specialist,-16.75,1,single_token,incomplete_phrase
hammers,I mean,-16.75,2,2token,not_valid_noun
hammers,tung,-16.75,1,single_token,incomplete_phrase
hammers,drums,-16.75,1,single_token,not_valid_noun
hammers,punct,-16.75,1,single_token,incomplete_phrase
hammers,Vs,-16.75,1,single_token,not_valid_noun
hammers,Apart,-16.75,1,single_token,not_valid_noun
hammers,potenti,-16.75,1,single_token,not_valid_noun
hammers,///,-16.75,1,single_token,not_valid_noun
hammers,.............. I,-16.75,2,2token,not_valid_noun
hammers,.............. equipment,-16.75,2,2token,not_valid_noun
hammers,article that,-16.75,2,2token,incomplete_phrase
hammers,an electronic,-16.75,2,2token,not_valid_noun
hammers,.............. Correct,-16.75,2,2token,not_valid_noun
hammers,.............. ....,-16.75,2,2token,not_valid_noun
hammers,an art,-16.75,2,2token,not_valid_noun
hammers,an _,-16.75,2,2token,not_valid_noun
hammers,Be,-16.75,1,single_token,not_valid_noun
hammers,conf,-16.75,1,single_token,not_valid_noun
hammers,De,-16.75,1,single_token,not_valid_noun
hammers,been,-16.75,1,single_token,not_valid_noun
hammers,article or,-16.75,2,2token,not_valid_noun
hammers,Col,-16.75,1,single_token,incomplete_phrase
hammers,count,-16.75,1,single_token,incomplete_phrase
hammers,Po,-16.75,1,single_token,not_valid_noun
hammers,< <,-16.75,2,2token,not_valid_noun
hammers,........ An,-16.75,2,2token,not_valid_noun
hammers,........ Which,-16.75,2,2token,not_valid_noun
hammers,door knock,-16.75,2,2token,incomplete_phrase
hammers,that i,-16.75,2,2token,not_valid_noun
hammers,that one,-16.75,2,2token,incomplete_phrase
hammers,that cut,-16.75,2,2token,incomplete_phrase
hammers,vehicle in,-16.75,2,2token,not_valid_noun
hammers,TOOL _,-16.78125,2,2token,not_valid_noun
hammers,TOOL _________,-16.78125,2,2token,not_valid_noun
hammers,simple kitchen,-16.78125,2,2token,incomplete_phrase
hammers,simple household,-16.78125,2,2token,incomplete_phrase
hammers,machinery :,-16.78125,2,2token,not_valid_noun
hammers,job or,-16.78125,2,2token,not_valid_noun
hammers,machinery _,-16.78125,2,2token,not_valid_noun
hammers,musical wind,-16.78125,2,2token,incomplete_phrase
hammers,( what,-16.78125,2,2token,not_valid_noun
hammers,me (,-16.78125,2,2token,not_valid_noun
hammers,工具 equipment,-16.78125,2,2token,not_valid_noun
hammers,musical (,-16.78125,2,2token,not_valid_noun
hammers,工具 tool,-16.78125,2,2token,not_valid_noun
hammers,( /,-16.78125,2,2token,not_valid_noun
hammers,and one,-16.78125,2,2token,not_valid_noun
hammers,utensils or,-16.78125,2,2token,not_valid_noun
hammers,DIY instruments,-16.78125,2,2token,not_valid_noun
hammers,and in,-16.78125,2,2token,not_valid_noun
hammers,and I,-16.78125,2,2token,not_valid_noun
hammers,o ....,-16.78125,2,2token,not_valid_noun
hammers,o _,-16.78125,2,2token,not_valid_noun
hammers,utensils in,-16.78125,2,2token,not_valid_noun
hammers,( -,-16.78125,2,2token,not_valid_noun
hammers,appliance -,-16.78125,2,2token,not_valid_noun
hammers,appliance .....,-16.78125,2,2token,not_valid_noun
hammers,------------ Select,-16.78125,2,2token,not_valid_noun
hammers,appliance ____,-16.78125,2,2token,not_valid_noun
hammers,word process,-16.78125,2,2token,incomplete_phrase
hammers,measuring equ,-16.78125,2,2token,incomplete_phrase
hammers,this are,-16.78125,2,2token,incomplete_phrase
hammers,this ....,-16.78125,2,2token,not_valid_noun
hammers,small flat,-16.78125,2,2token,incomplete_phrase
hammers,and you,-16.78125,2,2token,not_valid_noun
hammers,and steel,-16.78125,2,2token,not_valid_noun
hammers,is and,-16.78125,2,2token,not_valid_noun
hammers,and _____,-16.78125,2,2token,not_valid_noun
hammers,mechanic hand,-16.78125,2,2token,incomplete_phrase
hammers,appliance of,-16.78125,2,2token,not_valid_noun
hammers,Werkzeug /,-16.78125,2,2token,not_valid_noun
hammers,Werkzeug or,-16.78125,2,2token,not_valid_noun
hammers,machinery Tools,-16.78125,2,2token,incomplete_phrase
hammers,machinery ____,-16.78125,2,2token,not_valid_noun
hammers,"TOOL ,",-16.78125,2,2token,not_valid_noun
hammers,an engine,-16.8125,2,2token,not_valid_noun
hammers,car ..,-16.8125,2,2token,not_valid_noun
hammers,............. instrument,-16.8125,2,2token,not_valid_noun
hammers,we ....,-16.8125,2,2token,not_valid_noun
hammers,we would,-16.8125,2,2token,not_valid_noun
hammers,an a,-16.8125,2,2token,not_valid_noun
hammers,............. metal,-16.8125,2,2token,not_valid_noun
hammers,............. hammer,-16.8125,2,2token,not_valid_noun
hammers,< fruit,-16.8125,2,2token,not_valid_noun
hammers,vegetable garden,-16.8125,2,2token,incomplete_phrase
hammers,p h,-16.8125,2,2token,not_valid_noun
hammers,wooden work,-16.8125,2,2token,incomplete_phrase
hammers,….. Identify,-16.8125,2,2token,not_valid_noun
hammers,….. An,-16.8125,2,2token,not_valid_noun
hammers,weight ....,-16.8125,2,2token,not_valid_noun
hammers,we al,-16.8125,2,2token,not_valid_noun
hammers,i i,-16.8125,2,2token,not_valid_noun
hammers,i the,-16.8125,2,2token,not_valid_noun
hammers,stone _______,-16.8125,2,2token,not_valid_noun
hammers,i o,-16.8125,2,2token,not_valid_noun
hammers,stone :,-16.8125,2,2token,not_valid_noun
hammers,scissors and,-16.8125,2,2token,incomplete_phrase
hammers,stone ________,-16.8125,2,2token,not_valid_noun
hammers,stone _,-16.8125,2,2token,not_valid_noun
hammers,part or,-16.8125,2,2token,not_valid_noun
hammers,an exercise,-16.8125,2,2token,not_valid_noun
hammers,an ____________,-16.8125,2,2token,not_valid_noun
hammers,we e,-16.8125,2,2token,not_valid_noun
hammers,stone is,-16.8125,2,2token,not_valid_noun
hammers,p tools,-16.8125,2,2token,not_valid_noun
hammers,p I,-16.8125,2,2token,not_valid_noun
hammers,weapons in,-16.8125,2,2token,not_valid_noun
hammers,weapons ....,-16.8125,2,2token,not_valid_noun
hammers,weapons used,-16.8125,2,2token,incomplete_phrase
hammers,weapons to,-16.8125,2,2token,not_valid_noun
hammers,implements a,-16.8125,2,2token,not_valid_noun
hammers,objects or,-16.8125,2,2token,not_valid_noun
hammers,implements with,-16.8125,2,2token,not_valid_noun
hammers,furniture ________,-16.8125,2,2token,not_valid_noun
hammers,objects ...,-16.8125,2,2token,not_valid_noun
hammers,Instrument ______,-16.8125,2,2token,not_valid_noun
hammers,objects ....,-16.8125,2,2token,not_valid_noun
hammers,Instrument -,-16.8125,2,2token,not_valid_noun
hammers,Instrument .....,-16.8125,2,2token,not_valid_noun
hammers,TOOLS ________,-16.84375,2,2token,not_valid_noun
hammers,simple ...,-16.84375,2,2token,not_valid_noun
hammers,b ....,-16.84375,2,2token,not_valid_noun
hammers,pliers ________,-16.84375,2,2token,not_valid_noun
hammers,made (,-16.84375,2,2token,not_valid_noun
hammers,garden ...,-16.84375,2,2token,not_valid_noun
hammers,pliers _______,-16.84375,2,2token,not_valid_noun
hammers,........... and,-16.84375,2,2token,not_valid_noun
hammers,........... Read,-16.84375,2,2token,not_valid_noun
hammers,........... instrument,-16.84375,2,2token,not_valid_noun
hammers,fruit The,-16.84375,2,2token,incomplete_phrase
hammers,fruit the,-16.84375,2,2token,incomplete_phrase
hammers,........... hammer,-16.84375,2,2token,not_valid_noun
hammers,instruments A,-16.84375,2,2token,not_valid_noun
hammers,machines /,-16.84375,2,2token,not_valid_noun
hammers,machines ..,-16.84375,2,2token,not_valid_noun
hammers,machines _____,-16.84375,2,2token,not_valid_noun
hammers,.......,-16.84375,2,2token,not_valid_noun
hammers,....... An,-16.84375,2,2token,not_valid_noun
hammers,....... This,-16.84375,2,2token,not_valid_noun
hammers,....... We,-16.84375,2,2token,not_valid_noun
hammers,thing is,-16.84375,2,2token,not_valid_noun
hammers,o i,-16.84375,2,2token,not_valid_noun
hammers,__________,-16.84375,2,2token,not_valid_noun
hammers,domestic _______,-16.84375,2,2token,not_valid_noun
hammers,machines,-16.84375,2,2token,not_valid_noun
hammers,machines The,-16.84375,2,2token,incomplete_phrase
hammers,machines :,-16.84375,2,2token,not_valid_noun
hammers,nails or,-16.84375,2,2token,not_valid_noun
hammers,nails complete,-16.84375,2,2token,not_valid_noun
hammers,........... Correct,-16.84375,2,2token,not_valid_noun
hammers,instruments _________,-16.84375,2,2token,not_valid_noun
hammers,fruit ..,-16.84375,2,2token,not_valid_noun
hammers,musical ….,-16.84375,2,2token,not_valid_noun
hammers,instruments ___________,-16.84375,2,2token,not_valid_noun
hammers,.. of,-16.84375,2,2token,not_valid_noun
hammers,instruments _.,-16.84375,2,2token,not_valid_noun
hammers,pliers that,-16.84375,2,2token,incomplete_phrase
hammers,...... An,-16.875,2,2token,not_valid_noun
hammers,...... and,-16.875,2,2token,not_valid_noun
hammers,axe and,-16.875,2,2token,not_valid_noun
hammers,p .....,-16.875,2,2token,not_valid_noun
hammers,............... fruit,-16.875,2,2token,not_valid_noun
hammers,............... Which,-16.875,2,2token,not_valid_noun
hammers,............... Identify,-16.875,2,2token,not_valid_noun
hammers,we shall,-16.875,2,2token,not_valid_noun
hammers,that fall,-16.875,2,2token,incomplete_phrase
hammers,that that,-16.875,2,2token,not_valid_noun
hammers,car and,-16.875,2,2token,incomplete_phrase
hammers,car that,-16.875,2,2token,incomplete_phrase
hammers,muscle relax,-16.875,2,2token,incomplete_phrase
hammers,steel made,-16.875,2,2token,incomplete_phrase
hammers,vehicle that,-16.875,2,2token,incomplete_phrase
hammers,we provide,-16.875,2,2token,not_valid_noun
hammers,............... steel,-16.875,2,2token,not_valid_noun
hammers,............... equipment,-16.875,2,2token,not_valid_noun
hammers,...............,-16.875,2,2token,not_valid_noun
hammers,< in,-16.875,2,2token,not_valid_noun
hammers,< -,-16.875,2,2token,not_valid_noun
hammers,we o,-16.875,2,2token,not_valid_noun
hammers,we ap,-16.875,2,2token,not_valid_noun
hammers,< name,-16.875,2,2token,not_valid_noun
hammers,noun _______,-16.875,2,2token,not_valid_noun
hammers,noun is,-16.875,2,2token,not_valid_noun
hammers,flat,-16.875,2,2token,incomplete_phrase
hammers,h (,-16.875,2,2token,not_valid_noun
hammers,which animal,-16.875,2,2token,not_valid_noun
hammers,__ ___,-16.875,2,2token,not_valid_noun
hammers,sport equip,-16.875,2,2token,incomplete_phrase
hammers,sport ______,-16.875,2,2token,not_valid_noun
hammers,which other,-16.875,2,2token,not_valid_noun
hammers,__ A,-16.875,2,2token,not_valid_noun
hammers,__ ?,-16.875,2,2token,not_valid_noun
hammers,which work,-16.875,2,2token,not_valid_noun
hammers,which machine,-16.875,2,2token,not_valid_noun
hammers,which uses,-16.875,2,2token,not_valid_noun
hammers,I -,-16.875,2,2token,not_valid_noun
hammers,I like,-16.875,2,2token,not_valid_noun
hammers,........ .......,-16.875,2,2token,not_valid_noun
hammers,........ .....,-16.875,2,2token,not_valid_noun
hammers,........ Are,-16.875,2,2token,not_valid_noun
hammers,........ All,-16.875,2,2token,not_valid_noun
hammers,........ We,-16.875,2,2token,not_valid_noun
hammers,steel utens,-16.875,2,2token,incomplete_phrase
hammers,.............. hammers,-16.875,2,2token,not_valid_noun
hammers,.............. ..,-16.875,2,2token,not_valid_noun
hammers,device by,-16.875,2,2token,not_valid_noun
hammers,I could,-16.875,2,2token,not_valid_noun
hammers,i can,-16.875,2,2token,not_valid_noun
hammers,door ____,-16.875,2,2token,not_valid_noun
hammers,piece for,-16.875,2,2token,incomplete_phrase
hammers,i a,-16.875,2,2token,not_valid_noun
hammers,sports and,-16.875,2,2token,incomplete_phrase
hammers,car making,-16.875,2,2token,incomplete_phrase
hammers,TOOL Answer,-16.90625,2,2token,not_valid_noun
hammers,simple iron,-16.90625,2,2token,incomplete_phrase
hammers,Werkzeug for,-16.90625,2,2token,incomplete_phrase
hammers,TOOL [,-16.90625,2,2token,not_valid_noun
hammers,TOOL What,-16.90625,2,2token,incomplete_phrase
hammers,TOOL fruit,-16.90625,2,2token,incomplete_phrase
hammers,DIY home,-16.90625,2,2token,incomplete_phrase
hammers,DIY TOOLS,-16.90625,2,2token,not_valid_noun
hammers,Werkzeug in,-16.90625,2,2token,not_valid_noun
hammers,Werkzeug ....,-16.90625,2,2token,not_valid_noun
hammers,kind a,-16.90625,2,2token,not_valid_noun
hammers,kind is,-16.90625,2,2token,not_valid_noun
hammers,DIY ________,-16.90625,2,2token,not_valid_noun
hammers,------------ Answer,-16.90625,2,2token,not_valid_noun
hammers,------------ -,-16.90625,2,2token,not_valid_noun
hammers,------------ metal,-16.90625,2,2token,not_valid_noun
hammers,machinery Read,-16.90625,2,2token,not_valid_noun
hammers,machinery a,-16.90625,2,2token,not_valid_noun
hammers,clothes (,-16.90625,2,2token,not_valid_noun
hammers,appliance ______,-16.90625,2,2token,not_valid_noun
hammers,pen ....,-16.90625,2,2token,not_valid_noun
hammers,pen is,-16.90625,2,2token,not_valid_noun
hammers,blunt force,-16.90625,2,2token,incomplete_phrase
hammers,blunt edged,-16.90625,2,2token,not_valid_noun
hammers,gadget complete,-16.90625,2,2token,not_valid_noun
hammers,------------ Tool,-16.90625,2,2token,not_valid_noun
hammers,utensils and,-16.90625,2,2token,incomplete_phrase
hammers,is in,-16.90625,2,2token,not_valid_noun
hammers,machinery .....,-16.90625,2,2token,not_valid_noun
hammers,workshop ...,-16.90625,2,2token,not_valid_noun
hammers,and work,-16.90625,2,2token,not_valid_noun
hammers,is to,-16.90625,2,2token,not_valid_noun
hammers,this a,-16.90625,2,2token,not_valid_noun
hammers,utensils to,-16.90625,2,2token,not_valid_noun
hammers,this A,-16.90625,2,2token,not_valid_noun
hammers,soft ________,-16.90625,2,2token,not_valid_noun
hammers,this _,-16.90625,2,2token,not_valid_noun
hammers,is my,-16.90625,2,2token,not_valid_noun
hammers,word that,-16.90625,2,2token,incomplete_phrase
hammers,and we,-16.90625,2,2token,not_valid_noun
hammers,word smith,-16.90625,2,2token,incomplete_phrase
hammers,toy with,-16.9375,2,2token,incomplete_phrase
hammers,an implements,-16.9375,2,2token,not_valid_noun
hammers,carpenter shop,-16.9375,2,2token,incomplete_phrase
hammers,furniture -,-16.9375,2,2token,not_valid_noun
hammers,engineering Complete,-16.9375,2,2token,not_valid_noun
hammers,............. Read,-16.9375,2,2token,not_valid_noun
hammers,implements /,-16.9375,2,2token,not_valid_noun
hammers,implements made,-16.9375,2,2token,incomplete_phrase
hammers,toy to,-16.9375,2,2token,not_valid_noun
hammers,implements ______,-16.9375,2,2token,not_valid_noun
hammers,carpenter hand,-16.9375,2,2token,incomplete_phrase
hammers,furniture that,-16.9375,2,2token,incomplete_phrase
hammers,engineering _______,-16.9375,2,2token,not_valid_noun
hammers,engineering /,-16.9375,2,2token,not_valid_noun
hammers,Instrument Answer,-16.9375,2,2token,not_valid_noun
hammers,implements Used,-16.9375,2,2token,not_valid_noun
hammers,implements ….,-16.9375,2,2token,not_valid_noun
hammers,….. Find,-16.9375,2,2token,not_valid_noun
hammers,[ object,-16.9375,2,2token,not_valid_noun
hammers,toy Answer,-16.9375,2,2token,not_valid_noun
hammers,toy .....,-16.9375,2,2token,not_valid_noun
hammers,p The,-16.9375,2,2token,not_valid_noun
hammers,things ...,-16.9375,2,2token,not_valid_noun
hammers,things a,-16.9375,2,2token,not_valid_noun
hammers,….. You,-16.9375,2,2token,not_valid_noun
hammers,[ ____,-16.9375,2,2token,not_valid_noun
hammers,Instrument A,-16.9375,2,2token,not_valid_noun
hammers,objects with,-16.9375,2,2token,incomplete_phrase
hammers,objects and,-16.9375,2,2token,incomplete_phrase
hammers,nut &,-16.9375,2,2token,not_valid_noun
hammers,weight measuring,-16.9375,2,2token,incomplete_phrase
hammers,….. There,-16.9375,2,2token,not_valid_noun
hammers,….. and,-16.9375,2,2token,not_valid_noun
hammers,things of,-16.9375,2,2token,not_valid_noun
hammers,h instrument,-16.9375,2,2token,not_valid_noun
hammers,h ______,-16.9375,2,2token,not_valid_noun
hammers,………… tool,-16.9375,2,2token,not_valid_noun
hammers,an __,-16.9375,2,2token,not_valid_noun
hammers,p article,-16.9375,2,2token,not_valid_noun
hammers,an old,-16.9375,2,2token,not_valid_noun
hammers,............. Correct,-16.9375,2,2token,not_valid_noun
hammers,implements such,-16.9375,2,2token,not_valid_noun
hammers,an hand,-16.9375,2,2token,not_valid_noun
hammers,sharp (,-16.96875,2,2token,not_valid_noun
hammers,factory building,-16.96875,2,2token,incomplete_phrase
hammers,sharp cutting,-16.96875,2,2token,incomplete_phrase
hammers,repair ________,-16.96875,2,2token,not_valid_noun
hammers,TOOLS _______,-16.96875,2,2token,not_valid_noun
hammers,industrial ______,-16.96875,2,2token,not_valid_noun
hammers,thing .....,-16.96875,2,2token,not_valid_noun
hammers,.. There,-16.96875,2,2token,not_valid_noun
hammers,.. Question,-16.96875,2,2token,not_valid_noun
hammers,b c,-16.96875,2,2token,not_valid_noun
hammers,........... is,-16.96875,2,2token,not_valid_noun
hammers,........... ..,-16.96875,2,2token,not_valid_noun
hammers,item we,-16.96875,2,2token,not_valid_noun
hammers,thing _____,-16.96875,2,2token,not_valid_noun
hammers,exercise ______,-16.96875,2,2token,not_valid_noun
hammers,garden we,-16.96875,2,2token,not_valid_noun
hammers,made ​​,-16.96875,2,2token,not_valid_noun
hammers,machines Answer,-16.96875,2,2token,not_valid_noun
hammers,made the,-16.96875,2,2token,incomplete_phrase
hammers,made using,-16.96875,2,2token,incomplete_phrase
hammers,screwdriver and,-16.96875,2,2token,incomplete_phrase
hammers,instruments Use,-16.96875,2,2token,incomplete_phrase
hammers,instruments The,-16.96875,2,2token,incomplete_phrase
hammers,instruments by,-16.96875,2,2token,not_valid_noun
hammers,sharp sharp,-16.96875,2,2token,incomplete_phrase
hammers,repair ...,-16.96875,2,2token,not_valid_noun
hammers,…………………… Write,-16.96875,2,2token,not_valid_noun
hammers,sharp ...,-16.96875,2,2token,not_valid_noun
hammers,exercise ________,-16.96875,2,2token,not_valid_noun
hammers,rock climbing,-16.96875,2,2token,incomplete_phrase
hammers,instruments Used,-16.96875,2,2token,incomplete_phrase
hammers,machines Tools,-16.96875,2,2token,incomplete_phrase
hammers,item or,-16.96875,2,2token,not_valid_noun
hammers,o j,-16.96875,2,2token,not_valid_noun
hammers,instruments Fill,-16.96875,2,2token,not_valid_noun
hammers,machines ____,-16.96875,2,2token,not_valid_noun
hammers,machines COMPLETE,-16.96875,2,2token,not_valid_noun
hammers,mach ne,-16.96875,2,2token,not_valid_noun
hammers,"instruments ,",-16.96875,2,2token,not_valid_noun
hammers,fruit by,-16.96875,2,2token,not_valid_noun
hammers,working utens,-17.0,2,2token,incomplete_phrase
hammers,we play,-17.0,2,2token,not_valid_noun
hammers,an i,-17.0,2,2token,not_valid_noun
hammers,an electric,-17.0,2,2token,not_valid_noun
hammers,.............. Which,-17.0,2,2token,not_valid_noun
hammers,".............. ,",-17.0,2,2token,not_valid_noun
hammers,writing ...,-17.0,2,2token,not_valid_noun
hammers,door _,-17.0,2,2token,not_valid_noun
hammers,i …,-17.0,2,2token,not_valid_noun
hammers,i =,-17.0,2,2token,not_valid_noun
hammers,door closing,-17.0,2,2token,incomplete_phrase
hammers,apple pe,-17.0,2,2token,not_valid_noun
hammers,measuring ing,-17.0,2,2token,incomplete_phrase
hammers,percussion (,-17.0,2,2token,not_valid_noun
hammers,piece a,-17.0,2,2token,not_valid_noun
hammers,knife ....,-17.0,2,2token,not_valid_noun
hammers,we had,-17.0,2,2token,not_valid_noun
hammers,............... and,-17.0,2,2token,not_valid_noun
hammers,..............,-17.0,2,2token,not_valid_noun
hammers,........ Explain,-17.0,2,2token,not_valid_noun
hammers,flat or,-17.0,2,2token,not_valid_noun
hammers,flat -,-17.0,2,2token,not_valid_noun
hammers,axe complete,-17.0,2,2token,not_valid_noun
hammers,which will,-17.0,2,2token,not_valid_noun
hammers,noun -,-17.0,2,2token,not_valid_noun
hammers,noun a,-17.0,2,2token,not_valid_noun
hammers,........ You,-17.0,2,2token,not_valid_noun
hammers,steel work,-17.0,2,2token,incomplete_phrase
hammers,steel -,-17.0,2,2token,not_valid_noun
hammers,steel for,-17.0,2,2token,incomplete_phrase
hammers,...... are,-17.0,2,2token,not_valid_noun
hammers,which animals,-17.0,2,2token,not_valid_noun
hammers,which belong,-17.0,2,2token,not_valid_noun
hammers,.............. -,-17.0,2,2token,not_valid_noun
hammers,.............. and,-17.0,2,2token,not_valid_noun
hammers,I of,-17.0,2,2token,not_valid_noun
hammers,working ________,-17.0,2,2token,not_valid_noun
hammers,working with,-17.0,2,2token,not_valid_noun
hammers,sport utility,-17.0,2,2token,incomplete_phrase
hammers,food to,-17.0,2,2token,not_valid_noun
hammers,< answer,-17.0,2,2token,not_valid_noun
hammers,which contain,-17.0,2,2token,not_valid_noun
hammers,p ……,-17.0,2,2token,not_valid_noun
hammers,p ____________,-17.0,2,2token,not_valid_noun
hammers,paint Brushes,-17.0,2,2token,incomplete_phrase
hammers,......,-17.0,2,2token,not_valid_noun
hammers,__ ________,-17.0,2,2token,not_valid_noun
hammers,__,-17.0,2,2token,not_valid_noun
hammers,paint ______,-17.0,2,2token,not_valid_noun
hammers,paint Related,-17.0,2,2token,incomplete_phrase
hammers,...... You,-17.0,2,2token,not_valid_noun
hammers,...... Find,-17.0,2,2token,not_valid_noun
hammers,...... ____,-17.0,2,2token,not_valid_noun
hammers,...... _______,-17.0,2,2token,not_valid_noun
hammers,power …,-17.0,2,2token,not_valid_noun
hammers,which ...,-17.0,2,2token,not_valid_noun
hammers,............... TOOLS,-17.0,2,2token,not_valid_noun
hammers,which they,-17.0,2,2token,not_valid_noun
hammers,vehicle or,-17.0,2,2token,not_valid_noun
hammers,working (,-17.0,2,2token,not_valid_noun
hammers,............... is,-17.0,2,2token,not_valid_noun
hammers,............... COMPLETE,-17.0,2,2token,not_valid_noun
hammers,soft ____,-17.03125,2,2token,not_valid_noun
hammers,word (,-17.03125,2,2token,not_valid_noun
hammers,word in,-17.03125,2,2token,not_valid_noun
hammers,machinery A,-17.03125,2,2token,not_valid_noun
hammers,TOOL _.,-17.03125,2,2token,not_valid_noun
hammers,TOOL of,-17.03125,2,2token,not_valid_noun
hammers,TOOL Write,-17.03125,2,2token,incomplete_phrase
hammers,appliance :,-17.03125,2,2token,not_valid_noun
hammers,DIY accessories,-17.03125,2,2token,not_valid_noun
hammers,DIY hand,-17.03125,2,2token,incomplete_phrase
hammers,Werkzeug are,-17.03125,2,2token,incomplete_phrase
hammers,machinery [,-17.03125,2,2token,not_valid_noun
hammers,is ....,-17.03125,2,2token,not_valid_noun
hammers,is for,-17.03125,2,2token,not_valid_noun
hammers,is or,-17.03125,2,2token,not_valid_noun
hammers,machinery of,-17.03125,2,2token,not_valid_noun
hammers,b The,-17.03125,2,2token,not_valid_noun
hammers,machinery fruit,-17.03125,2,2token,incomplete_phrase
hammers,machinery _____,-17.03125,2,2token,not_valid_noun
hammers,machinery Fill,-17.03125,2,2token,not_valid_noun
hammers,workshop ______,-17.03125,2,2token,not_valid_noun
hammers,vegetables (,-17.03125,2,2token,not_valid_noun
hammers,blunt utens,-17.03125,2,2token,incomplete_phrase
hammers,工具 ____,-17.03125,2,2token,not_valid_noun
hammers,工具 ________,-17.03125,2,2token,not_valid_noun
hammers,工具 ...,-17.03125,2,2token,not_valid_noun
hammers,工具 What,-17.03125,2,2token,not_valid_noun
hammers,blunt ...,-17.03125,2,2token,not_valid_noun
hammers,blunt and,-17.03125,2,2token,not_valid_noun
hammers,工具 used,-17.03125,2,2token,not_valid_noun
hammers,------------ The,-17.03125,2,2token,not_valid_noun
hammers,clothes Iron,-17.03125,2,2token,incomplete_phrase
hammers,musical _,-17.03125,2,2token,not_valid_noun
hammers,musical ____________,-17.03125,2,2token,not_valid_noun
hammers,appliance with,-17.03125,2,2token,incomplete_phrase
hammers,implements ____,-17.0625,2,2token,not_valid_noun
hammers,car .....,-17.0625,2,2token,not_valid_noun
hammers,car _______,-17.0625,2,2token,not_valid_noun
hammers,car care,-17.0625,2,2token,incomplete_phrase
hammers,furniture _______,-17.0625,2,2token,not_valid_noun
hammers,[ BLANK,-17.0625,2,2token,not_valid_noun
hammers,furniture Tools,-17.0625,2,2token,incomplete_phrase
hammers,vegetable or,-17.0625,2,2token,not_valid_noun
hammers,type a,-17.0625,2,2token,not_valid_noun
hammers,….. We,-17.0625,2,2token,not_valid_noun
hammers,toy ____,-17.0625,2,2token,not_valid_noun
hammers,furniture to,-17.0625,2,2token,not_valid_noun
hammers,Instrument The,-17.0625,2,2token,incomplete_phrase
hammers,piece pf,-17.0625,2,2token,not_valid_noun
hammers,measuring ta,-17.0625,2,2token,not_valid_noun
hammers,toy -,-17.0625,2,2token,not_valid_noun
hammers,working ____,-17.0625,2,2token,not_valid_noun
hammers,............. and,-17.0625,2,2token,not_valid_noun
hammers,toy ______,-17.0625,2,2token,not_valid_noun
hammers,weapons _______,-17.0625,2,2token,not_valid_noun
hammers,engineering _.,-17.0625,2,2token,not_valid_noun
hammers,power ….,-17.0625,2,2token,not_valid_noun
hammers,wooden ______,-17.0625,2,2token,not_valid_noun
hammers,wea,-17.0625,2,2token,incomplete_phrase
hammers,h weapons,-17.0625,2,2token,not_valid_noun
hammers,furniture ____,-17.0625,2,2token,not_valid_noun
hammers,….. _,-17.0625,2,2token,not_valid_noun
hammers,"[ ],",-17.0625,2,2token,not_valid_noun
hammers,engineering equip,-17.0625,2,2token,incomplete_phrase
hammers,engineering or,-17.0625,2,2token,not_valid_noun
hammers,power of,-17.0625,2,2token,not_valid_noun
hammers,Instrument _____,-17.0625,2,2token,not_valid_noun
hammers,Instrument :,-17.0625,2,2token,not_valid_noun
hammers,< ...,-17.0625,2,2token,not_valid_noun
hammers,mechanic …,-17.0625,2,2token,not_valid_noun
hammers,nut ...,-17.0625,2,2token,not_valid_noun
hammers,wooden …,-17.0625,2,2token,not_valid_noun
hammers,implements [,-17.0625,2,2token,not_valid_noun
hammers,stone ____,-17.0625,2,2token,not_valid_noun
hammers,measuring the,-17.0625,2,2token,incomplete_phrase
hammers,scissors complete,-17.0625,2,2token,not_valid_noun
hammers,implements :,-17.0625,2,2token,not_valid_noun
hammers,part _______,-17.0625,2,2token,not_valid_noun
hammers,............. Which,-17.0625,2,2token,not_valid_noun
hammers,............. ..,-17.0625,2,2token,not_valid_noun
hammers,chisel ________,-17.0625,2,2token,not_valid_noun
hammers,............. Identify,-17.0625,2,2token,not_valid_noun
hammers,............. ....,-17.0625,2,2token,not_valid_noun
hammers,soft piece,-17.09375,2,2token,incomplete_phrase
hammers,thing What,-17.09375,2,2token,incomplete_phrase
hammers,.. This,-17.09375,2,2token,not_valid_noun
hammers,item with,-17.09375,2,2token,incomplete_phrase
hammers,nails ....,-17.09375,2,2token,not_valid_noun
hammers,TOOLS for,-17.09375,2,2token,incomplete_phrase
hammers,TOOLS and,-17.09375,2,2token,incomplete_phrase
hammers,TOOLS in,-17.09375,2,2token,not_valid_noun
hammers,TOOLS used,-17.09375,2,2token,incomplete_phrase
hammers,game ...,-17.09375,2,2token,not_valid_noun
hammers,........... Which,-17.09375,2,2token,not_valid_noun
hammers,TOOLS complete,-17.09375,2,2token,not_valid_noun
hammers,nails ...,-17.09375,2,2token,not_valid_noun
hammers,.. Draw,-17.09375,2,2token,not_valid_noun
hammers,domestic iron,-17.09375,2,2token,incomplete_phrase
hammers,.. We,-17.09375,2,2token,not_valid_noun
hammers,thing _,-17.09375,2,2token,not_valid_noun
hammers,thing such,-17.09375,2,2token,incomplete_phrase
hammers,.. equipment,-17.09375,2,2token,not_valid_noun
hammers,.. You,-17.09375,2,2token,not_valid_noun
hammers,exercise room,-17.09375,2,2token,incomplete_phrase
hammers,exercise Implement,-17.09375,2,2token,incomplete_phrase
hammers,exercise _______,-17.09375,2,2token,not_valid_noun
hammers,o object,-17.09375,2,2token,not_valid_noun
hammers,thing under,-17.09375,2,2token,incomplete_phrase
hammers,thing [,-17.09375,2,2token,not_valid_noun
hammers,…………………… The,-17.09375,2,2token,not_valid_noun
hammers,fruit ......,-17.09375,2,2token,not_valid_noun
hammers,sharp kitchen,-17.09375,2,2token,incomplete_phrase
hammers,machines _,-17.09375,2,2token,not_valid_noun
hammers,machines,-17.09375,2,2token,not_valid_noun
hammers,machines ….,-17.09375,2,2token,not_valid_noun
hammers,machines …,-17.09375,2,2token,not_valid_noun
hammers,machines fruit,-17.09375,2,2token,incomplete_phrase
hammers,fruit ….,-17.09375,2,2token,not_valid_noun
hammers,exercise and,-17.09375,2,2token,incomplete_phrase
hammers,item needed,-17.09375,2,2token,incomplete_phrase
hammers,sharp blunt,-17.09375,2,2token,incomplete_phrase
hammers,used,-17.09375,2,2token,not_valid_noun
hammers,used ...,-17.09375,2,2token,not_valid_noun
hammers,screwdriver ...,-17.09375,2,2token,not_valid_noun
hammers,screwdriver complete,-17.09375,2,2token,not_valid_noun
hammers,used (,-17.09375,2,2token,not_valid_noun
hammers,used every,-17.09375,2,2token,incomplete_phrase
hammers,........... Identify,-17.09375,2,2token,not_valid_noun
hammers,........... hammers,-17.09375,2,2token,not_valid_noun
hammers,simple ________,-17.09375,2,2token,not_valid_noun
hammers,simple construction,-17.09375,2,2token,incomplete_phrase
hammers,sharp or,-17.09375,2,2token,not_valid_noun
hammers,domestic ____,-17.09375,2,2token,not_valid_noun
hammers,verb or,-17.09375,2,2token,not_valid_noun
hammers,verb in,-17.09375,2,2token,not_valid_noun
hammers,muscle used,-17.125,2,2token,incomplete_phrase
hammers,we [,-17.125,2,2token,not_valid_noun
hammers,we cannot,-17.125,2,2token,not_valid_noun
hammers,............... You,-17.125,2,2token,not_valid_noun
hammers,we did,-17.125,2,2token,not_valid_noun
hammers,gadget ....,-17.125,2,2token,not_valid_noun
hammers,worker ________,-17.125,2,2token,not_valid_noun
hammers,gadget in,-17.125,2,2token,not_valid_noun
hammers,wea ....,-17.125,2,2token,not_valid_noun
hammers,p is,-17.125,2,2token,not_valid_noun
hammers,device A,-17.125,2,2token,not_valid_noun
hammers,sport ....,-17.125,2,2token,not_valid_noun
hammers,...... We,-17.125,2,2token,not_valid_noun
hammers,...... _,-17.125,2,2token,not_valid_noun
hammers,.............. Identify,-17.125,2,2token,not_valid_noun
hammers,door or,-17.125,2,2token,not_valid_noun
hammers,............... are,-17.125,2,2token,not_valid_noun
hammers,............... An,-17.125,2,2token,not_valid_noun
hammers,sport is,-17.125,2,2token,not_valid_noun
hammers,sport -,-17.125,2,2token,not_valid_noun
hammers,pliers is,-17.125,2,2token,not_valid_noun
hammers,.............. are,-17.125,2,2token,not_valid_noun
hammers,food in,-17.125,2,2token,not_valid_noun
hammers,man u,-17.125,2,2token,not_valid_noun
hammers,I =,-17.125,2,2token,not_valid_noun
hammers,noun A,-17.125,2,2token,not_valid_noun
hammers,i ____,-17.125,2,2token,not_valid_noun
hammers,steel are,-17.125,2,2token,incomplete_phrase
hammers,........ There,-17.125,2,2token,not_valid_noun
hammers,i _______,-17.125,2,2token,not_valid_noun
hammers,< fill,-17.125,2,2token,not_valid_noun
hammers,flat pieces,-17.125,2,2token,incomplete_phrase
hammers,sports equipe,-17.125,2,2token,incomplete_phrase
hammers,car ….,-17.125,2,2token,not_valid_noun
hammers,vehicle Fill,-17.125,2,2token,not_valid_noun
hammers,< symbol,-17.125,2,2token,not_valid_noun
hammers,< blank,-17.125,2,2token,not_valid_noun
hammers,flat steel,-17.125,2,2token,incomplete_phrase
hammers,piece in,-17.125,2,2token,not_valid_noun
hammers,........ Find,-17.125,2,2token,not_valid_noun
hammers,noun ________,-17.125,2,2token,not_valid_noun
hammers,noun complete,-17.125,2,2token,not_valid_noun
hammers,piece od,-17.125,2,2token,not_valid_noun
hammers,.............. TOOLS,-17.125,2,2token,not_valid_noun
hammers,paint _,-17.125,2,2token,not_valid_noun
hammers,paint Colour,-17.125,2,2token,incomplete_phrase
hammers,paint or,-17.125,2,2token,not_valid_noun
hammers,paint -,-17.125,2,2token,not_valid_noun
hammers,.............. ________,-17.125,2,2token,not_valid_noun
hammers,paint ____,-17.125,2,2token,not_valid_noun
hammers,noun for,-17.125,2,2token,incomplete_phrase
hammers,b e,-17.15625,2,2token,not_valid_noun
hammers,b tool,-17.15625,2,2token,not_valid_noun
hammers,utensils ....,-17.15625,2,2token,not_valid_noun
hammers,industrial (,-17.15625,2,2token,not_valid_noun
hammers,utensils ...,-17.15625,2,2token,not_valid_noun
hammers,gardening ...,-17.15625,2,2token,not_valid_noun
hammers,musical string,-17.15625,2,2token,incomplete_phrase
hammers,b ______,-17.15625,2,2token,not_valid_noun
hammers,industrial …,-17.15625,2,2token,not_valid_noun
hammers,TOOL I,-17.15625,2,2token,not_valid_noun
hammers,is are,-17.15625,2,2token,not_valid_noun
hammers,is A,-17.15625,2,2token,not_valid_noun
hammers,machinery are,-17.15625,2,2token,incomplete_phrase
hammers,blacksmith,-17.15625,2,2token,incomplete_phrase
hammers,woodworking hand,-17.15625,2,2token,incomplete_phrase
hammers,machinery ….,-17.15625,2,2token,not_valid_noun
hammers,woodworking ________,-17.15625,2,2token,not_valid_noun
hammers,machinery /,-17.15625,2,2token,not_valid_noun
hammers,machinery The,-17.15625,2,2token,incomplete_phrase
hammers,DIY repair,-17.15625,2,2token,incomplete_phrase
hammers,musical ing,-17.15625,2,2token,incomplete_phrase
hammers,------------ Use,-17.15625,2,2token,not_valid_noun
hammers,------------ Tools,-17.15625,2,2token,not_valid_noun
hammers,blunt (,-17.15625,2,2token,not_valid_noun
hammers,Werkzeug that,-17.15625,2,2token,incomplete_phrase
hammers,------------ of,-17.15625,2,2token,not_valid_noun
hammers,DIY …,-17.15625,2,2token,not_valid_noun
hammers,DIY toolkit,-17.15625,2,2token,not_valid_noun
hammers,工具 _.,-17.15625,2,2token,not_valid_noun
hammers,appliance _____,-17.15625,2,2token,not_valid_noun
hammers,appliance /,-17.15625,2,2token,not_valid_noun
hammers,appliance Answer,-17.15625,2,2token,not_valid_noun
hammers,appliance Read,-17.15625,2,2token,not_valid_noun
hammers,------------ What,-17.15625,2,2token,not_valid_noun
hammers,------------ hammer,-17.15625,2,2token,not_valid_noun
hammers,------------ Correct,-17.15625,2,2token,not_valid_noun
hammers,------------ ...,-17.15625,2,2token,not_valid_noun
hammers,is ________,-17.15625,2,2token,not_valid_noun
hammers,TOOL with,-17.15625,2,2token,incomplete_phrase
hammers,machinery ..,-17.15625,2,2token,not_valid_noun
hammers,machinery Answer,-17.15625,2,2token,not_valid_noun
hammers,nails in,-17.1875,2,2token,not_valid_noun
hammers,weight complete,-17.1875,2,2token,not_valid_noun
hammers,weight Answer,-17.1875,2,2token,not_valid_noun
hammers,p the,-17.1875,2,2token,not_valid_noun
hammers,[ Tool,-17.1875,2,2token,not_valid_noun
hammers,chisel are,-17.1875,2,2token,incomplete_phrase
hammers,[ ________,-17.1875,2,2token,not_valid_noun
hammers,............. hammers,-17.1875,2,2token,not_valid_noun
hammers,............. equipment,-17.1875,2,2token,not_valid_noun
hammers,piece …,-17.1875,2,2token,not_valid_noun
hammers,chisel _______,-17.1875,2,2token,not_valid_noun
hammers,chisel ...,-17.1875,2,2token,not_valid_noun
hammers,p instruments,-17.1875,2,2token,not_valid_noun
hammers,weight …,-17.1875,2,2token,not_valid_noun
hammers,weapons ________,-17.1875,2,2token,not_valid_noun
hammers,toy _____,-17.1875,2,2token,not_valid_noun
hammers,toy which,-17.1875,2,2token,incomplete_phrase
hammers,mechanic utens,-17.1875,2,2token,incomplete_phrase
hammers,[,-17.1875,2,2token,not_valid_noun
hammers,we tool,-17.1875,2,2token,not_valid_noun
hammers,hammers complete,-17.1875,2,2token,not_valid_noun
hammers,….. Make,-17.1875,2,2token,not_valid_noun
hammers,implements _____,-17.1875,2,2token,not_valid_noun
hammers,….. ..,-17.1875,2,2token,not_valid_noun
hammers,….. This,-17.1875,2,2token,not_valid_noun
hammers,implements Answer,-17.1875,2,2token,not_valid_noun
hammers,….. If,-17.1875,2,2token,not_valid_noun
hammers,implements -,-17.1875,2,2token,not_valid_noun
hammers,….. instrument,-17.1875,2,2token,not_valid_noun
hammers,Instrument Fill,-17.1875,2,2token,not_valid_noun
hammers,< select,-17.1875,2,2token,not_valid_noun
hammers,stone with,-17.1875,2,2token,not_valid_noun
hammers,things ....,-17.1875,2,2token,not_valid_noun
hammers,stone complete,-17.1875,2,2token,not_valid_noun
hammers,stone What,-17.1875,2,2token,incomplete_phrase
hammers,< I,-17.1875,2,2token,not_valid_noun
hammers,an everyday,-17.1875,2,2token,not_valid_noun
hammers,< er,-17.1875,2,2token,not_valid_noun
hammers,part which,-17.1875,2,2token,incomplete_phrase
hammers,stone age,-17.1875,2,2token,incomplete_phrase
hammers,stone Age,-17.1875,2,2token,incomplete_phrase
hammers,herramienta,-17.1875,2,2token,not_valid_noun
hammers,weight ____,-17.1875,2,2token,not_valid_noun
hammers,an app,-17.1875,2,2token,not_valid_noun
hammers,stone Choose,-17.1875,2,2token,not_valid_noun
hammers,< $,-17.1875,2,2token,not_valid_noun
hammers,Instrument ..,-17.1875,2,2token,not_valid_noun
hammers,part ________,-17.1875,2,2token,not_valid_noun
hammers,an odd,-17.1875,2,2token,not_valid_noun
hammers,stone cutting,-17.1875,2,2token,incomplete_phrase
hammers,............. of,-17.1875,2,2token,not_valid_noun
hammers,fruit which,-17.21875,2,2token,incomplete_phrase
hammers,musical In,-17.21875,2,2token,not_valid_noun
hammers,fruit /,-17.21875,2,2token,not_valid_noun
hammers,musical int,-17.21875,2,2token,incomplete_phrase
hammers,fruit from,-17.21875,2,2token,incomplete_phrase
hammers,verb and,-17.21875,2,2token,incomplete_phrase
hammers,.. How,-17.21875,2,2token,not_valid_noun
hammers,.. They,-17.21875,2,2token,not_valid_noun
hammers,soft hard,-17.21875,2,2token,not_valid_noun
hammers,made it,-17.21875,2,2token,not_valid_noun
hammers,exercise in,-17.21875,2,2token,not_valid_noun
hammers,.. ....,-17.21875,2,2token,not_valid_noun
hammers,made an,-17.21875,2,2token,not_valid_noun
hammers,.. Identify,-17.21875,2,2token,not_valid_noun
hammers,repair (,-17.21875,2,2token,not_valid_noun
hammers,screwdriver is,-17.21875,2,2token,not_valid_noun
hammers,verb complete,-17.21875,2,2token,not_valid_noun
hammers,cutlery and,-17.21875,2,2token,incomplete_phrase
hammers,.. metal,-17.21875,2,2token,not_valid_noun
hammers,........... Find,-17.21875,2,2token,not_valid_noun
hammers,........... ________,-17.21875,2,2token,not_valid_noun
hammers,........... Make,-17.21875,2,2token,not_valid_noun
hammers,...........,-17.21875,2,2token,not_valid_noun
hammers,........... are,-17.21875,2,2token,not_valid_noun
hammers,........... of,-17.21875,2,2token,not_valid_noun
hammers,factory ...,-17.21875,2,2token,not_valid_noun
hammers,factory mach,-17.21875,2,2token,incomplete_phrase
hammers,.. Please,-17.21875,2,2token,not_valid_noun
hammers,musical .....,-17.21875,2,2token,not_valid_noun
hammers,nut -,-17.25,2,2token,not_valid_noun
hammers,muscle ____,-17.25,2,2token,not_valid_noun
hammers,Werkzeug -,-17.25,2,2token,not_valid_noun
hammers,measuring,-17.25,2,2token,incomplete_phrase
hammers,TOOLS or,-17.25,2,2token,not_valid_noun
hammers,TOOLS -,-17.25,2,2token,not_valid_noun
hammers,measuring u,-17.25,2,2token,not_valid_noun
hammers,measuring la,-17.25,2,2token,not_valid_noun
hammers,Werkzeug is,-17.25,2,2token,not_valid_noun
hammers,TOOLS ____,-17.25,2,2token,not_valid_noun
hammers,sport Total,-17.25,2,2token,incomplete_phrase
hammers,device Edit,-17.25,2,2token,not_valid_noun
hammers,sports ...,-17.25,2,2token,not_valid_noun
hammers,car :,-17.25,2,2token,not_valid_noun
hammers,TOOLS COMPLETE,-17.25,2,2token,not_valid_noun
hammers,TOOLS ______,-17.25,2,2token,not_valid_noun
hammers,sports ____,-17.25,2,2token,not_valid_noun
hammers,writing a,-17.25,2,2token,not_valid_noun
hammers,........ It,-17.25,2,2token,not_valid_noun
hammers,........,-17.25,2,2token,not_valid_noun
hammers,.............. _,-17.25,2,2token,not_valid_noun
hammers,.............. Find,-17.25,2,2token,not_valid_noun
hammers,apple pick,-17.25,2,2token,incomplete_phrase
hammers,i e,-17.25,2,2token,not_valid_noun
hammers,steel ....,-17.25,2,2token,not_valid_noun
hammers,< i,-17.25,2,2token,not_valid_noun
hammers,< complete,-17.25,2,2token,not_valid_noun
hammers,steel in,-17.25,2,2token,not_valid_noun
hammers,< the,-17.25,2,2token,not_valid_noun
hammers,device _____,-17.25,2,2token,not_valid_noun
hammers,technology for,-17.25,2,2token,incomplete_phrase
hammers,p ro,-17.25,2,2token,not_valid_noun
hammers,p Hand,-17.25,2,2token,not_valid_noun
hammers,we could,-17.25,2,2token,not_valid_noun
hammers,gadget and,-17.25,2,2token,incomplete_phrase
hammers,power _______,-17.25,2,2token,not_valid_noun
hammers,__ ______,-17.25,2,2token,not_valid_noun
hammers,device ____,-17.25,2,2token,not_valid_noun
hammers,.............. is,-17.25,2,2token,not_valid_noun
hammers,device complete,-17.25,2,2token,not_valid_noun
hammers,door ...,-17.25,2,2token,not_valid_noun
hammers,food _______,-17.25,2,2token,not_valid_noun
hammers,industrial ____,-17.28125,2,2token,not_valid_noun
hammers,industrial _______,-17.28125,2,2token,not_valid_noun
hammers,blacksmith shop,-17.28125,2,2token,incomplete_phrase
hammers,blacksmith (,-17.28125,2,2token,not_valid_noun
hammers,carpentry hand,-17.28125,2,2token,incomplete_phrase
hammers,carpentry and,-17.28125,2,2token,incomplete_phrase
hammers,o c,-17.28125,2,2token,not_valid_noun
hammers,o a,-17.28125,2,2token,not_valid_noun
hammers,machinery Correct,-17.28125,2,2token,not_valid_noun
hammers,machinery Part,-17.28125,2,2token,incomplete_phrase
hammers,workshop _______,-17.28125,2,2token,not_valid_noun
hammers,machinery …,-17.28125,2,2token,not_valid_noun
hammers,b -,-17.28125,2,2token,not_valid_noun
hammers,is of,-17.28125,2,2token,not_valid_noun
hammers,is also,-17.28125,2,2token,not_valid_noun
hammers,is complete,-17.28125,2,2token,not_valid_noun
hammers,is equipment,-17.28125,2,2token,not_valid_noun
hammers,utensils of,-17.28125,2,2token,not_valid_noun
hammers,job in,-17.28125,2,2token,not_valid_noun
hammers,appliance [,-17.28125,2,2token,not_valid_noun
hammers,carpentry utens,-17.28125,2,2token,incomplete_phrase
hammers,工具 Fill,-17.28125,2,2token,not_valid_noun
hammers,carpentry ________,-17.28125,2,2token,not_valid_noun
hammers,gardening ________,-17.28125,2,2token,not_valid_noun
hammers,appliance a,-17.28125,2,2token,not_valid_noun
hammers,clothes and,-17.28125,2,2token,incomplete_phrase
hammers,appliance COMPLETE,-17.28125,2,2token,not_valid_noun
hammers,------------ iron,-17.28125,2,2token,not_valid_noun
hammers,------------ I,-17.28125,2,2token,not_valid_noun
hammers,------------,-17.28125,2,2token,not_valid_noun
hammers,------------ Write,-17.28125,2,2token,not_valid_noun
hammers,appliance ….,-17.28125,2,2token,not_valid_noun
hammers,me the,-17.28125,2,2token,not_valid_noun
hammers,word for,-17.28125,2,2token,incomplete_phrase
hammers,….. ....,-17.3125,2,2token,not_valid_noun
hammers,….. ….,-17.3125,2,2token,not_valid_noun
hammers,….. How,-17.3125,2,2token,not_valid_noun
hammers,things around,-17.3125,2,2token,incomplete_phrase
hammers,car …………,-17.3125,2,2token,not_valid_noun
hammers,flat head,-17.3125,2,2token,incomplete_phrase
hammers,objects you,-17.3125,2,2token,incomplete_phrase
hammers,objects complete,-17.3125,2,2token,not_valid_noun
hammers,flat wooden,-17.3125,2,2token,incomplete_phrase
hammers,things _______,-17.3125,2,2token,not_valid_noun
hammers,hammers that,-17.3125,2,2token,incomplete_phrase
hammers,implements are,-17.3125,2,2token,incomplete_phrase
hammers,implements like,-17.3125,2,2token,incomplete_phrase
hammers,weight [,-17.3125,2,2token,not_valid_noun
hammers,............. ________,-17.3125,2,2token,not_valid_noun
hammers,............. -,-17.3125,2,2token,not_valid_noun
hammers,mechanic or,-17.3125,2,2token,not_valid_noun
hammers,mechanic is,-17.3125,2,2token,not_valid_noun
hammers,power too,-17.3125,2,2token,not_valid_noun
hammers,mechanic and,-17.3125,2,2token,incomplete_phrase
hammers,............. is,-17.3125,2,2token,not_valid_noun
hammers,carpenter _,-17.3125,2,2token,not_valid_noun
hammers,carpenter _______,-17.3125,2,2token,not_valid_noun
hammers,flat edged,-17.3125,2,2token,not_valid_noun
hammers,flat shaped,-17.3125,2,2token,not_valid_noun
hammers,flat blade,-17.3125,2,2token,incomplete_phrase
hammers,scissors or,-17.3125,2,2token,not_valid_noun
hammers,part a,-17.3125,2,2token,not_valid_noun
hammers,things they,-17.3125,2,2token,incomplete_phrase
hammers,implements …,-17.3125,2,2token,not_valid_noun
hammers,hammers or,-17.3125,2,2token,not_valid_noun
hammers,we must,-17.3125,2,2token,not_valid_noun
hammers,we ll,-17.3125,2,2token,not_valid_noun
hammers,we in,-17.3125,2,2token,not_valid_noun
hammers,toy Incomplete,-17.3125,2,2token,not_valid_noun
hammers,toy Read,-17.3125,2,2token,not_valid_noun
hammers,weapons are,-17.3125,2,2token,incomplete_phrase
hammers,bl -,-17.3125,2,2token,not_valid_noun
hammers,vegetable Correct,-17.3125,2,2token,not_valid_noun
hammers,furniture ______,-17.3125,2,2token,not_valid_noun
hammers,[ Select,-17.3125,2,2token,not_valid_noun
hammers,………… ……,-17.3125,2,2token,not_valid_noun
hammers,chisel ....,-17.3125,2,2token,not_valid_noun
hammers,………… ..,-17.3125,2,2token,not_valid_noun
hammers,machines Write,-17.34375,2,2token,incomplete_phrase
hammers,game complete,-17.34375,2,2token,not_valid_noun
hammers,verb ...,-17.34375,2,2token,not_valid_noun
hammers,me -,-17.34375,2,2token,not_valid_noun
hammers,o Tool,-17.34375,2,2token,not_valid_noun
hammers,........... .....,-17.34375,2,2token,not_valid_noun
hammers,machines [,-17.34375,2,2token,not_valid_noun
hammers,b _________,-17.34375,2,2token,not_valid_noun
hammers,machines by,-17.34375,2,2token,not_valid_noun
hammers,........... You,-17.34375,2,2token,not_valid_noun
hammers,o ____,-17.34375,2,2token,not_valid_noun
hammers,b in,-17.34375,2,2token,not_valid_noun
hammers,made ...,-17.34375,2,2token,not_valid_noun
hammers,........... COMPLETE,-17.34375,2,2token,not_valid_noun
hammers,........... How,-17.34375,2,2token,not_valid_noun
hammers,item ...,-17.34375,2,2token,not_valid_noun
hammers,machines What,-17.34375,2,2token,incomplete_phrase
hammers,........... An,-17.34375,2,2token,not_valid_noun
hammers,........... _,-17.34375,2,2token,not_valid_noun
hammers,screwdriver ....,-17.34375,2,2token,not_valid_noun
hammers,exercise that,-17.34375,2,2token,incomplete_phrase
hammers,mach i,-17.34375,2,2token,not_valid_noun
hammers,exercise ...,-17.34375,2,2token,not_valid_noun
hammers,..,-17.34375,2,2token,not_valid_noun
hammers,wrench ...,-17.34375,2,2token,not_valid_noun
hammers,exercise is,-17.34375,2,2token,not_valid_noun
hammers,musical ins,-17.34375,2,2token,incomplete_phrase
hammers,repair _______,-17.34375,2,2token,not_valid_noun
hammers,clock ...,-17.34375,2,2token,not_valid_noun
hammers,factory production,-17.34375,2,2token,incomplete_phrase
hammers,o -,-17.34375,2,2token,not_valid_noun
hammers,woodworking power,-17.34375,2,2token,incomplete_phrase
hammers,b ____,-17.34375,2,2token,not_valid_noun
hammers,domestic house,-17.34375,2,2token,incomplete_phrase
hammers,domestic (,-17.34375,2,2token,not_valid_noun
hammers,Werkzeug tools,-17.375,2,2token,not_valid_noun
hammers,nut ....,-17.375,2,2token,not_valid_noun
hammers,door Closing,-17.375,2,2token,incomplete_phrase
hammers,.............. COMPLETE,-17.375,2,2token,not_valid_noun
hammers,knife for,-17.375,2,2token,incomplete_phrase
hammers,animal ...,-17.375,2,2token,not_valid_noun
hammers,steel ____,-17.375,2,2token,not_valid_noun
hammers,vehicle and,-17.375,2,2token,incomplete_phrase
hammers,vehicle of,-17.375,2,2token,not_valid_noun
hammers,sports ________,-17.375,2,2token,not_valid_noun
hammers,sports _.,-17.375,2,2token,not_valid_noun
hammers,TOOLS a,-17.375,2,2token,not_valid_noun
hammers,sports ______,-17.375,2,2token,not_valid_noun
hammers,TOOLS,-17.375,2,2token,not_valid_noun
hammers,TOOLS .....,-17.375,2,2token,not_valid_noun
hammers,Werkzeug which,-17.375,2,2token,incomplete_phrase
hammers,we i,-17.375,2,2token,not_valid_noun
hammers,measuring an,-17.375,2,2token,not_valid_noun
hammers,measuring ____,-17.375,2,2token,not_valid_noun
hammers,door -,-17.375,2,2token,not_valid_noun
hammers,worker _______,-17.375,2,2token,not_valid_noun
hammers,sport Read,-17.375,2,2token,not_valid_noun
hammers,device _,-17.375,2,2token,not_valid_noun
hammers,wea …,-17.375,2,2token,not_valid_noun
hammers,door is,-17.375,2,2token,not_valid_noun
hammers,wea .,-17.375,2,2token,not_valid_noun
hammers,sport =,-17.375,2,2token,not_valid_noun
hammers,food that,-17.375,2,2token,incomplete_phrase
hammers,food .....,-17.375,2,2token,not_valid_noun
hammers,article in,-17.375,2,2token,not_valid_noun
hammers,.............. steel,-17.375,2,2token,not_valid_noun
hammers,h -,-17.375,2,2token,not_valid_noun
hammers,.............. of,-17.375,2,2token,not_valid_noun
hammers,apple complete,-17.375,2,2token,not_valid_noun
hammers,.............. You,-17.375,2,2token,not_valid_noun
hammers,writing ut,-17.375,2,2token,not_valid_noun
hammers,.............. We,-17.375,2,2token,not_valid_noun
hammers,writing equip,-17.375,2,2token,incomplete_phrase
hammers,carpentry equip,-17.375,2,2token,not_valid_noun
hammers,paint for,-17.375,2,2token,not_valid_noun
hammers,noun with,-17.375,2,2token,incomplete_phrase
hammers,noun used,-17.375,2,2token,incomplete_phrase
hammers,food Item,-17.375,2,2token,incomplete_phrase
hammers,steel Product,-17.375,2,2token,incomplete_phrase
hammers,i I,-17.375,2,2token,not_valid_noun
hammers,steel smith,-17.375,2,2token,incomplete_phrase
hammers,Werkzeug and,-17.375,2,2token,incomplete_phrase
hammers,Werkzeug a,-17.375,2,2token,not_valid_noun
hammers,sport that,-17.375,2,2token,incomplete_phrase
hammers,we The,-17.375,2,2token,not_valid_noun
hammers,muscle and,-17.375,2,2token,incomplete_phrase
hammers,measuring ....,-17.375,2,2token,not_valid_noun
hammers,measuring ______,-17.375,2,2token,not_valid_noun
hammers,Werkzeug,-17.375,2,2token,not_valid_noun
hammers,we work,-17.375,2,2token,not_valid_noun
hammers,gadget Read,-17.375,2,2token,not_valid_noun
hammers,we see,-17.375,2,2token,not_valid_noun
hammers,------------ equipment,-17.40625,2,2token,not_valid_noun
hammers,me …,-17.40625,2,2token,not_valid_noun
hammers,appliance Comple,-17.40625,2,2token,incomplete_phrase
hammers,appliance Fill,-17.40625,2,2token,not_valid_noun
hammers,appliance _,-17.40625,2,2token,not_valid_noun
hammers,machinery with,-17.40625,2,2token,incomplete_phrase
hammers,工具 （,-17.40625,2,2token,not_valid_noun
hammers,gardening imple,-17.40625,2,2token,incomplete_phrase
hammers,gardening equip,-17.40625,2,2token,incomplete_phrase
hammers,clothes for,-17.40625,2,2token,incomplete_phrase
hammers,工具 A,-17.40625,2,2token,not_valid_noun
hammers,工具 [,-17.40625,2,2token,not_valid_noun
hammers,工具 Comple,-17.40625,2,2token,not_valid_noun
hammers,musical i,-17.40625,2,2token,not_valid_noun
hammers,b the,-17.40625,2,2token,not_valid_noun
hammers,bl ud,-17.40625,2,2token,not_valid_noun
hammers,industrial hand,-17.40625,2,2token,incomplete_phrase
hammers,is something,-17.40625,2,2token,not_valid_noun
hammers,me ....,-17.40625,2,2token,not_valid_noun
hammers,is hammer,-17.40625,2,2token,not_valid_noun
hammers,job complete,-17.40625,2,2token,not_valid_noun
hammers,vegetable in,-17.4375,2,2token,not_valid_noun
hammers,………… fruit,-17.4375,2,2token,not_valid_noun
hammers,………… food,-17.4375,2,2token,not_valid_noun
hammers,………… ?,-17.4375,2,2token,not_valid_noun
hammers,………… I,-17.4375,2,2token,not_valid_noun
hammers,vegetable Answer,-17.4375,2,2token,not_valid_noun
hammers,furniture _,-17.4375,2,2token,not_valid_noun
hammers,………… Write,-17.4375,2,2token,not_valid_noun
hammers,power and,-17.4375,2,2token,incomplete_phrase
hammers,power or,-17.4375,2,2token,not_valid_noun
hammers,power _____,-17.4375,2,2token,not_valid_noun
hammers,power a,-17.4375,2,2token,not_valid_noun
hammers,power _,-17.4375,2,2token,not_valid_noun
hammers,…………,-17.4375,2,2token,not_valid_noun
hammers,bl _______,-17.4375,2,2token,not_valid_noun
hammers,implements,-17.4375,2,2token,not_valid_noun
hammers,Instrument Use,-17.4375,2,2token,incomplete_phrase
hammers,Instrument which,-17.4375,2,2token,incomplete_phrase
hammers,[ outil,-17.4375,2,2token,not_valid_noun
hammers,............. How,-17.4375,2,2token,not_valid_noun
hammers,flat hand,-17.4375,2,2token,incomplete_phrase
hammers,objects a,-17.4375,2,2token,not_valid_noun
hammers,carpenter or,-17.4375,2,2token,not_valid_noun
hammers,carpenter ________,-17.4375,2,2token,not_valid_noun
hammers,< an,-17.4375,2,2token,not_valid_noun
hammers,carpenter and,-17.4375,2,2token,incomplete_phrase
hammers,objects we,-17.4375,2,2token,not_valid_noun
hammers,objects _______,-17.4375,2,2token,not_valid_noun
hammers,< output,-17.4375,2,2token,not_valid_noun
hammers,< ex,-17.4375,2,2token,not_valid_noun
hammers,scissors ...,-17.4375,2,2token,not_valid_noun
hammers,part called,-17.4375,2,2token,incomplete_phrase
hammers,i ______,-17.4375,2,2token,not_valid_noun
hammers,i mean,-17.4375,2,2token,not_valid_noun
hammers,things and,-17.4375,2,2token,incomplete_phrase
hammers,working _.,-17.4375,2,2token,not_valid_noun
hammers,part ...,-17.4375,2,2token,not_valid_noun
hammers,"............. ,",-17.4375,2,2token,not_valid_noun
hammers,............. An,-17.4375,2,2token,not_valid_noun
hammers,............. We,-17.4375,2,2token,not_valid_noun
hammers,mechanic equip,-17.4375,2,2token,incomplete_phrase
hammers,weight Article,-17.4375,2,2token,incomplete_phrase
hammers,weight Continue,-17.4375,2,2token,not_valid_noun
hammers,weight lift,-17.4375,2,2token,incomplete_phrase
hammers,............. Make,-17.4375,2,2token,not_valid_noun
hammers,h weapon,-17.4375,2,2token,not_valid_noun
hammers,hammers a,-17.4375,2,2token,not_valid_noun
hammers,implements .....,-17.4375,2,2token,not_valid_noun
hammers,implements Use,-17.4375,2,2token,incomplete_phrase
hammers,implements Read,-17.4375,2,2token,not_valid_noun
hammers,............. _,-17.4375,2,2token,not_valid_noun
hammers,game that,-17.46875,2,2token,incomplete_phrase
hammers,simple machin,-17.46875,2,2token,incomplete_phrase
hammers,item on,-17.46875,2,2token,not_valid_noun
hammers,bl *,-17.46875,2,2token,not_valid_noun
hammers,wrench is,-17.46875,2,2token,not_valid_noun
hammers,bl a,-17.46875,2,2token,not_valid_noun
hammers,machines ......,-17.46875,2,2token,not_valid_noun
hammers,game ________,-17.46875,2,2token,not_valid_noun
hammers,verb ....,-17.46875,2,2token,not_valid_noun
hammers,simple musical,-17.46875,2,2token,incomplete_phrase
hammers,machines Use,-17.46875,2,2token,incomplete_phrase
hammers,sharp ________,-17.46875,2,2token,not_valid_noun
hammers,sharp hand,-17.46875,2,2token,incomplete_phrase
hammers,rock ____,-17.46875,2,2token,not_valid_noun
hammers,rock or,-17.46875,2,2token,not_valid_noun
hammers,b :,-17.46875,2,2token,not_valid_noun
hammers,wrench complete,-17.46875,2,2token,not_valid_noun
hammers,machines made,-17.46875,2,2token,incomplete_phrase
hammers,clock is,-17.46875,2,2token,not_valid_noun
hammers,repair ______,-17.46875,2,2token,not_valid_noun
hammers,clock maker,-17.46875,2,2token,incomplete_phrase
hammers,used used,-17.46875,2,2token,not_valid_noun
hammers,used ________,-17.46875,2,2token,not_valid_noun
hammers,cutlery complete,-17.46875,2,2token,not_valid_noun
hammers,cutlery or,-17.46875,2,2token,not_valid_noun
hammers,factory in,-17.46875,2,2token,not_valid_noun
hammers,factory utens,-17.46875,2,2token,incomplete_phrase
hammers,wrench and,-17.46875,2,2token,incomplete_phrase
hammers,vehicle ______,-17.5,2,2token,not_valid_noun
hammers,type Of,-17.5,2,2token,not_valid_noun
hammers,device :,-17.5,2,2token,not_valid_noun
hammers,utensils complete,-17.5,2,2token,not_valid_noun
hammers,Werkzeug ….,-17.5,2,2token,not_valid_noun
hammers,door ....,-17.5,2,2token,not_valid_noun
hammers,woodworking …,-17.5,2,2token,not_valid_noun
hammers,food or,-17.5,2,2token,not_valid_noun
hammers,paint is,-17.5,2,2token,not_valid_noun
hammers,knife in,-17.5,2,2token,not_valid_noun
hammers,writing instr,-17.5,2,2token,incomplete_phrase
hammers,animal that,-17.5,2,2token,incomplete_phrase
hammers,i Tool,-17.5,2,2token,not_valid_noun
hammers,working ______,-17.5,2,2token,not_valid_noun
hammers,< A,-17.5,2,2token,not_valid_noun
hammers,door Opening,-17.5,2,2token,incomplete_phrase
hammers,technology in,-17.5,2,2token,not_valid_noun
hammers,power -,-17.5,2,2token,not_valid_noun
hammers,article to,-17.5,2,2token,not_valid_noun
hammers,technology to,-17.5,2,2token,not_valid_noun
hammers,technology or,-17.5,2,2token,not_valid_noun
hammers,article used,-17.5,2,2token,incomplete_phrase
hammers,door _____,-17.5,2,2token,not_valid_noun
hammers,knife used,-17.5,2,2token,incomplete_phrase
hammers,steel with,-17.5,2,2token,incomplete_phrase
hammers,carpentry _______,-17.5,2,2token,not_valid_noun
hammers,carpentry shop,-17.5,2,2token,incomplete_phrase
hammers,steel making,-17.5,2,2token,incomplete_phrase
hammers,steel ______,-17.5,2,2token,not_valid_noun
hammers,animal ....,-17.5,2,2token,not_valid_noun
hammers,noun of,-17.5,2,2token,not_valid_noun
hammers,woodworking utens,-17.5,2,2token,incomplete_phrase
hammers,man in,-17.5,2,2token,not_valid_noun
hammers,__ Select,-17.5,2,2token,not_valid_noun
hammers,TOOLS A,-17.5,2,2token,not_valid_noun
hammers,pliers ____,-17.5,2,2token,not_valid_noun
hammers,vehicle -,-17.5,2,2token,not_valid_noun
hammers,food complete,-17.5,2,2token,not_valid_noun
hammers,__ or,-17.5,2,2token,not_valid_noun
hammers,noun which,-17.5,2,2token,incomplete_phrase
hammers,h =,-17.5,2,2token,not_valid_noun
hammers,is your,-17.53125,2,2token,not_valid_noun
hammers,pen and,-17.53125,2,2token,incomplete_phrase
hammers,o per,-17.53125,2,2token,not_valid_noun
hammers,o ne,-17.53125,2,2token,not_valid_noun
hammers,blunt hand,-17.53125,2,2token,incomplete_phrase
hammers,------------ machine,-17.53125,2,2token,not_valid_noun
hammers,appliance ..,-17.53125,2,2token,not_valid_noun
hammers,appliance …,-17.53125,2,2token,not_valid_noun
hammers,appliance _.,-17.53125,2,2token,not_valid_noun
hammers,appliance is,-17.53125,2,2token,not_valid_noun
hammers,工具 ______,-17.53125,2,2token,not_valid_noun
hammers,blunt end,-17.53125,2,2token,incomplete_phrase
hammers,b =,-17.53125,2,2token,not_valid_noun
hammers,musical ?,-17.53125,2,2token,not_valid_noun
hammers,machinery by,-17.53125,2,2token,not_valid_noun
hammers,industrial power,-17.53125,2,2token,incomplete_phrase
hammers,industrial building,-17.53125,2,2token,incomplete_phrase
hammers,industrial work,-17.53125,2,2token,incomplete_phrase
hammers,vegetables and,-17.53125,2,2token,incomplete_phrase
hammers,bl (,-17.53125,2,2token,not_valid_noun
hammers,me t,-17.53125,2,2token,not_valid_noun
hammers,industry in,-17.53125,2,2token,not_valid_noun
hammers,Instrument _.,-17.5625,2,2token,not_valid_noun
hammers,Instrument Write,-17.5625,2,2token,incomplete_phrase
hammers,Instrument Read,-17.5625,2,2token,not_valid_noun
hammers,Instrument _________,-17.5625,2,2token,not_valid_noun
hammers,………… Correct,-17.5625,2,2token,not_valid_noun
hammers,vegetable .....,-17.5625,2,2token,not_valid_noun
hammers,vegetable Fill,-17.5625,2,2token,not_valid_noun
hammers,chisel Answer,-17.5625,2,2token,not_valid_noun
hammers,implements by,-17.5625,2,2token,not_valid_noun
hammers,implements Tools,-17.5625,2,2token,not_valid_noun
hammers,furniture Item,-17.5625,2,2token,incomplete_phrase
hammers,furniture .....,-17.5625,2,2token,not_valid_noun
hammers,carpentry power,-17.5625,2,2token,incomplete_phrase
hammers,flat metallic,-17.5625,2,2token,incomplete_phrase
hammers,objects from,-17.5625,2,2token,incomplete_phrase
hammers,carpenter is,-17.5625,2,2token,not_valid_noun
hammers,carpenter ’,-17.5625,2,2token,not_valid_noun
hammers,piece to,-17.5625,2,2token,not_valid_noun
hammers,< The,-17.5625,2,2token,not_valid_noun
hammers,< your,-17.5625,2,2token,not_valid_noun
hammers,< to,-17.5625,2,2token,not_valid_noun
hammers,art of,-17.5625,2,2token,not_valid_noun
hammers,things -,-17.5625,2,2token,not_valid_noun
hammers,things such,-17.5625,2,2token,incomplete_phrase
hammers,part made,-17.5625,2,2token,incomplete_phrase
hammers,h i,-17.5625,2,2token,not_valid_noun
hammers,h the,-17.5625,2,2token,not_valid_noun
hammers,............. To,-17.5625,2,2token,not_valid_noun
hammers,............. Find,-17.5625,2,2token,not_valid_noun
hammers,............. _______,-17.5625,2,2token,not_valid_noun
hammers,............. TOOLS,-17.5625,2,2token,not_valid_noun
hammers,sharp -,-17.5625,2,2token,not_valid_noun
hammers,sharp hard,-17.5625,2,2token,not_valid_noun
hammers,mechanic a,-17.5625,2,2token,not_valid_noun
hammers,mechanic ',-17.5625,2,2token,not_valid_noun
hammers,mechanic workshop,-17.5625,2,2token,incomplete_phrase
hammers,science ...,-17.5625,2,2token,not_valid_noun
hammers,science utens,-17.5625,2,2token,incomplete_phrase
hammers,wea r,-17.5625,2,2token,not_valid_noun
hammers,wrench ....,-17.5625,2,2token,not_valid_noun
hammers,man ____,-17.5625,2,2token,not_valid_noun
hammers,toy Fill,-17.5625,2,2token,not_valid_noun
hammers,[ A,-17.5625,2,2token,not_valid_noun
hammers,[ ]:,-17.5625,2,2token,not_valid_noun
hammers,toy :,-17.5625,2,2token,not_valid_noun
hammers,toy /,-17.5625,2,2token,not_valid_noun
hammers,toy …,-17.5625,2,2token,not_valid_noun
hammers,simple and,-17.5625,2,2token,not_valid_noun
hammers,simple (,-17.5625,2,2token,not_valid_noun
hammers,Instrument ___________,-17.5625,2,2token,not_valid_noun
hammers,hammers of,-17.5625,2,2token,not_valid_noun
hammers,bl _,-17.59375,2,2token,not_valid_noun
hammers,o …,-17.59375,2,2token,not_valid_noun
hammers,made is,-17.59375,2,2token,not_valid_noun
hammers,…………………… …,-17.59375,2,2token,not_valid_noun
hammers,…………………… tool,-17.59375,2,2token,not_valid_noun
hammers,domestic …,-17.59375,2,2token,not_valid_noun
hammers,used when,-17.59375,2,2token,not_valid_noun
hammers,cutlery ...,-17.59375,2,2token,not_valid_noun
hammers,b r,-17.59375,2,2token,not_valid_noun
hammers,item ....,-17.59375,2,2token,not_valid_noun
hammers,b is,-17.59375,2,2token,not_valid_noun
hammers,rock -,-17.59375,2,2token,not_valid_noun
hammers,rock in,-17.59375,2,2token,not_valid_noun
hammers,cutlery ....,-17.59375,2,2token,not_valid_noun
hammers,rock ...,-17.59375,2,2token,not_valid_noun
hammers,made or,-17.59375,2,2token,not_valid_noun
hammers,made ________,-17.59375,2,2token,not_valid_noun
hammers,apple ...,-17.625,2,2token,not_valid_noun
hammers,simple house,-17.625,2,2token,incomplete_phrase
hammers,muscle -,-17.625,2,2token,not_valid_noun
hammers,technology ...,-17.625,2,2token,not_valid_noun
hammers,muscle that,-17.625,2,2token,incomplete_phrase
hammers,Werkzeug …,-17.625,2,2token,not_valid_noun
hammers,utensils _______,-17.625,2,2token,not_valid_noun
hammers,muscle _______,-17.625,2,2token,not_valid_noun
hammers,utensils which,-17.625,2,2token,incomplete_phrase
hammers,nut in,-17.625,2,2token,not_valid_noun
hammers,TOOLS _____,-17.625,2,2token,not_valid_noun
hammers,TOOLS to,-17.625,2,2token,not_valid_noun
hammers,device ….,-17.625,2,2token,not_valid_noun
hammers,device is,-17.625,2,2token,not_valid_noun
hammers,__ that,-17.625,2,2token,not_valid_noun
hammers,noun ______,-17.625,2,2token,not_valid_noun
hammers,type Complete,-17.625,2,2token,not_valid_noun
hammers,__ is,-17.625,2,2token,not_valid_noun
hammers,Werkzeug _,-17.625,2,2token,not_valid_noun
hammers,article made,-17.625,2,2token,incomplete_phrase
hammers,muscle building,-17.625,2,2token,incomplete_phrase
hammers,muscle for,-17.625,2,2token,incomplete_phrase
hammers,vehicle ____,-17.625,2,2token,not_valid_noun
hammers,i is,-17.625,2,2token,not_valid_noun
hammers,knife ____,-17.625,2,2token,not_valid_noun
hammers,< p,-17.625,2,2token,not_valid_noun
hammers,woodworking and,-17.625,2,2token,incomplete_phrase
hammers,knife ______,-17.625,2,2token,not_valid_noun
hammers,pliers which,-17.625,2,2token,incomplete_phrase
hammers,animal _______,-17.625,2,2token,not_valid_noun
hammers,pliers ______,-17.625,2,2token,not_valid_noun
hammers,__ The,-17.625,2,2token,not_valid_noun
hammers,device …,-17.625,2,2token,not_valid_noun
hammers,__ I,-17.625,2,2token,not_valid_noun
hammers,writing Ut,-17.625,2,2token,not_valid_noun
hammers,writing (,-17.625,2,2token,not_valid_noun
hammers,paint by,-17.625,2,2token,not_valid_noun
hammers,man is,-17.625,2,2token,not_valid_noun
hammers,animal ________,-17.625,2,2token,not_valid_noun
hammers,paint .....,-17.625,2,2token,not_valid_noun
hammers,paint ------------,-17.625,2,2token,not_valid_noun
hammers,knife with,-17.625,2,2token,incomplete_phrase
hammers,__ _____,-17.625,2,2token,not_valid_noun
hammers,o Equipment,-17.65625,2,2token,not_valid_noun
hammers,workshop Complete,-17.65625,2,2token,not_valid_noun
hammers,bl …,-17.65625,2,2token,not_valid_noun
hammers,word to,-17.65625,2,2token,not_valid_noun
hammers,is What,-17.65625,2,2token,not_valid_noun
hammers,is ____,-17.65625,2,2token,not_valid_noun
hammers,is _______,-17.65625,2,2token,not_valid_noun
hammers,____,-17.65625,2,2token,not_valid_noun
hammers,------------ _,-17.65625,2,2token,not_valid_noun
hammers,------------ Match,-17.65625,2,2token,not_valid_noun
hammers,"------------ ,",-17.65625,2,2token,not_valid_noun
hammers,b I,-17.65625,2,2token,not_valid_noun
hammers,b Read,-17.65625,2,2token,not_valid_noun
hammers,工具 工具,-17.65625,2,2token,not_valid_noun
hammers,b l,-17.65625,2,2token,not_valid_noun
hammers,工具 The,-17.65625,2,2token,not_valid_noun
hammers,工具 de,-17.65625,2,2token,not_valid_noun
hammers,工具 of,-17.65625,2,2token,not_valid_noun
hammers,工具,-17.65625,2,2token,not_valid_noun
hammers,DIY ______,-17.65625,2,2token,not_valid_noun
hammers,clothes ...,-17.65625,2,2token,not_valid_noun
hammers,DIY _,-17.65625,2,2token,not_valid_noun
hammers,工具 /,-17.65625,2,2token,not_valid_noun
hammers,musical inf,-17.65625,2,2token,incomplete_phrase
hammers,DIY and,-17.65625,2,2token,incomplete_phrase
hammers,工具 。,-17.65625,2,2token,not_valid_noun
hammers,pen .....,-17.65625,2,2token,not_valid_noun
hammers,pen ________,-17.65625,2,2token,not_valid_noun
hammers,pen _______,-17.65625,2,2token,not_valid_noun
hammers,workshop equip,-17.65625,2,2token,incomplete_phrase
hammers,me ta,-17.65625,2,2token,not_valid_noun
hammers,weapons which,-17.6875,2,2token,incomplete_phrase
hammers,hammers ...,-17.6875,2,2token,not_valid_noun
hammers,mechanic _,-17.6875,2,2token,not_valid_noun
hammers,"weight ,",-17.6875,2,2token,not_valid_noun
hammers,weight /,-17.6875,2,2token,not_valid_noun
hammers,weight which,-17.6875,2,2token,incomplete_phrase
hammers,weight ….,-17.6875,2,2token,not_valid_noun
hammers,weight ______,-17.6875,2,2token,not_valid_noun
hammers,weight Lifting,-17.6875,2,2token,incomplete_phrase
hammers,mechanic ________,-17.6875,2,2token,not_valid_noun
hammers,nails tools,-17.6875,2,2token,not_valid_noun
hammers,part ____,-17.6875,2,2token,not_valid_noun
hammers,wrench _______,-17.6875,2,2token,not_valid_noun
hammers,part A,-17.6875,2,2token,not_valid_noun
hammers,sharp steel,-17.6875,2,2token,incomplete_phrase
hammers,h in,-17.6875,2,2token,not_valid_noun
hammers,i tools,-17.6875,2,2token,not_valid_noun
hammers,scissors for,-17.6875,2,2token,incomplete_phrase
hammers,scissors scissors,-17.6875,2,2token,incomplete_phrase
hammers,i The,-17.6875,2,2token,not_valid_noun
hammers,h tool,-17.6875,2,2token,not_valid_noun
hammers,garden ....,-17.6875,2,2token,not_valid_noun
hammers,implements _,-17.6875,2,2token,not_valid_noun
hammers,Instrument What,-17.6875,2,2token,incomplete_phrase
hammers,"Instrument ,",-17.6875,2,2token,not_valid_noun
hammers,carpentry ______,-17.6875,2,2token,not_valid_noun
hammers,carpentry ....,-17.6875,2,2token,not_valid_noun
hammers,carpentry …,-17.6875,2,2token,not_valid_noun
hammers,simple ______,-17.6875,2,2token,not_valid_noun
hammers,carpentry or,-17.6875,2,2token,not_valid_noun
hammers,carpentry _,-17.6875,2,2token,not_valid_noun
hammers,simple …,-17.6875,2,2token,not_valid_noun
hammers,furniture Read,-17.6875,2,2token,not_valid_noun
hammers,furniture :,-17.6875,2,2token,not_valid_noun
hammers,furniture _____,-17.6875,2,2token,not_valid_noun
hammers,< mark,-17.6875,2,2token,not_valid_noun
hammers,< =,-17.6875,2,2token,not_valid_noun
hammers,objects ________,-17.6875,2,2token,not_valid_noun
hammers,carpenter ?,-17.6875,2,2token,not_valid_noun
hammers,vegetable COMPLETE,-17.6875,2,2token,not_valid_noun
hammers,vegetable _______,-17.6875,2,2token,not_valid_noun
hammers,< is,-17.6875,2,2token,not_valid_noun
hammers,things from,-17.6875,2,2token,incomplete_phrase
hammers,things Answer,-17.6875,2,2token,not_valid_noun
hammers,things ________,-17.6875,2,2token,not_valid_noun
hammers,working …,-17.6875,2,2token,not_valid_noun
hammers,art ...,-17.6875,2,2token,not_valid_noun
hammers,things I,-17.6875,2,2token,not_valid_noun
hammers,things on,-17.6875,2,2token,not_valid_noun
hammers,things are,-17.6875,2,2token,incomplete_phrase
hammers,toy A,-17.6875,2,2token,not_valid_noun
hammers,implements ..,-17.6875,2,2token,not_valid_noun
hammers,toy a,-17.6875,2,2token,not_valid_noun
hammers,toy _,-17.6875,2,2token,not_valid_noun
hammers,toy ____________,-17.6875,2,2token,not_valid_noun
hammers,toy ….,-17.6875,2,2token,not_valid_noun
hammers,implements _.,-17.6875,2,2token,not_valid_noun
hammers,chisel used,-17.6875,2,2token,incomplete_phrase
hammers,Instrument [,-17.6875,2,2token,not_valid_noun
hammers,"implements ,",-17.6875,2,2token,not_valid_noun
hammers,exercise equip,-17.71875,2,2token,not_valid_noun
hammers,industrial production,-17.71875,2,2token,incomplete_phrase
hammers,industrial /,-17.71875,2,2token,not_valid_noun
hammers,industrial or,-17.71875,2,2token,not_valid_noun
hammers,clock and,-17.71875,2,2token,incomplete_phrase
hammers,industrial equip,-17.71875,2,2token,incomplete_phrase
hammers,b b,-17.71875,2,2token,not_valid_noun
hammers,money for,-17.71875,2,2token,incomplete_phrase
hammers,industrial and,-17.71875,2,2token,not_valid_noun
hammers,industrial ....,-17.71875,2,2token,not_valid_noun
hammers,domestic _____,-17.71875,2,2token,not_valid_noun
hammers,factory made,-17.71875,2,2token,incomplete_phrase
hammers,domestic building,-17.71875,2,2token,incomplete_phrase
hammers,factory ________,-17.71875,2,2token,not_valid_noun
hammers,bl ____,-17.71875,2,2token,not_valid_noun
hammers,item a,-17.71875,2,2token,not_valid_noun
hammers,bl i,-17.71875,2,2token,not_valid_noun
hammers,repair and,-17.71875,2,2token,incomplete_phrase
hammers,repair ____,-17.71875,2,2token,not_valid_noun
hammers,industrial _____,-17.71875,2,2token,not_valid_noun
hammers,rock that,-17.71875,2,2token,incomplete_phrase
hammers,rock ....,-17.71875,2,2token,not_valid_noun
hammers,exercise ....,-17.71875,2,2token,not_valid_noun
hammers,game to,-17.71875,2,2token,not_valid_noun
hammers,factory Find,-17.71875,2,2token,incomplete_phrase
hammers,steel A,-17.75,2,2token,not_valid_noun
hammers,paint ..,-17.75,2,2token,not_valid_noun
hammers,apple -,-17.75,2,2token,not_valid_noun
hammers,[ Instrument,-17.75,2,2token,not_valid_noun
hammers,paint Color,-17.75,2,2token,incomplete_phrase
hammers,< m,-17.75,2,2token,not_valid_noun
hammers,vehicle .....,-17.75,2,2token,not_valid_noun
hammers,< type,-17.75,2,2token,not_valid_noun
hammers,vehicle used,-17.75,2,2token,incomplete_phrase
hammers,pliers in,-17.75,2,2token,not_valid_noun
hammers,[ _____,-17.75,2,2token,not_valid_noun
hammers,writing ________,-17.75,2,2token,not_valid_noun
hammers,knife that,-17.75,2,2token,incomplete_phrase
hammers,animal ____,-17.75,2,2token,not_valid_noun
hammers,knife to,-17.75,2,2token,not_valid_noun
hammers,percussion i,-17.75,2,2token,not_valid_noun
hammers,[ type,-17.75,2,2token,not_valid_noun
hammers,woodworking too,-17.75,2,2token,not_valid_noun
hammers,woodworking or,-17.75,2,2token,not_valid_noun
hammers,writing and,-17.75,2,2token,incomplete_phrase
hammers,muscle Relax,-17.75,2,2token,incomplete_phrase
hammers,food ________,-17.75,2,2token,not_valid_noun
hammers,food -,-17.75,2,2token,not_valid_noun
hammers,TOOLS :,-17.75,2,2token,not_valid_noun
hammers,Werkzeug Article,-17.75,2,2token,incomplete_phrase
hammers,writing in,-17.75,2,2token,not_valid_noun
hammers,percussion and,-17.75,2,2token,incomplete_phrase
hammers,__ What,-17.75,2,2token,not_valid_noun
hammers,__ Work,-17.75,2,2token,not_valid_noun
hammers,__ weapon,-17.75,2,2token,not_valid_noun
hammers,TOOLS are,-17.75,2,2token,incomplete_phrase
hammers,pliers Answer,-17.75,2,2token,not_valid_noun
hammers,pliers with,-17.75,2,2token,incomplete_phrase
hammers,__ are,-17.75,2,2token,not_valid_noun
hammers,garden hand,-17.75,2,2token,incomplete_phrase
hammers,garden ____,-17.75,2,2token,not_valid_noun
hammers,device from,-17.75,2,2token,incomplete_phrase
hammers,[ i,-17.75,2,2token,not_valid_noun
hammers,power ______,-17.75,2,2token,not_valid_noun
hammers,TOOLS ….,-17.75,2,2token,not_valid_noun
hammers,Werkzeug :,-17.75,2,2token,not_valid_noun
hammers,Werkzeug kind,-17.75,2,2token,incomplete_phrase
hammers,Werkzeug Answer,-17.75,2,2token,not_valid_noun
hammers,Werkzeug to,-17.75,2,2token,not_valid_noun
hammers,article ....,-17.75,2,2token,not_valid_noun
hammers,nut that,-17.75,2,2token,incomplete_phrase
hammers,muscle or,-17.75,2,2token,not_valid_noun
hammers,worker is,-17.75,2,2token,not_valid_noun
hammers,gadget Answer,-17.75,2,2token,not_valid_noun
hammers,simple or,-17.75,2,2token,not_valid_noun
hammers,"simple ,",-17.75,2,2token,not_valid_noun
hammers,simple ma,-17.75,2,2token,not_valid_noun
hammers,article ...,-17.75,2,2token,not_valid_noun
hammers,technology and,-17.75,2,2token,incomplete_phrase
hammers,gadget -,-17.75,2,2token,not_valid_noun
hammers,technology ....,-17.75,2,2token,not_valid_noun
hammers,power in,-17.75,2,2token,not_valid_noun
hammers,me The,-17.78125,2,2token,not_valid_noun
hammers,job for,-17.78125,2,2token,incomplete_phrase
hammers,industry or,-17.78125,2,2token,not_valid_noun
hammers,word of,-17.78125,2,2token,not_valid_noun
hammers,is ….,-17.78125,2,2token,not_valid_noun
hammers,o _________,-17.78125,2,2token,not_valid_noun
hammers,pen in,-17.78125,2,2token,not_valid_noun
hammers,bl Tools,-17.78125,2,2token,not_valid_noun
hammers,------------ hammers,-17.78125,2,2token,not_valid_noun
hammers,------------ COMPLETE,-17.78125,2,2token,not_valid_noun
hammers,------------ _.,-17.78125,2,2token,not_valid_noun
hammers,b and,-17.78125,2,2token,not_valid_noun
hammers,appliance ____________,-17.78125,2,2token,not_valid_noun
hammers,appliance _________,-17.78125,2,2token,not_valid_noun
hammers,DIY kits,-17.78125,2,2token,not_valid_noun
hammers,appliance ......,-17.78125,2,2token,not_valid_noun
hammers,word making,-17.78125,2,2token,incomplete_phrase
hammers,blacksmith ...,-17.78125,2,2token,not_valid_noun
hammers,workshop -,-17.78125,2,2token,not_valid_noun
hammers,"工具 ,",-17.78125,2,2token,not_valid_noun
hammers,工具 …,-17.78125,2,2token,not_valid_noun
hammers,工具 Tools,-17.78125,2,2token,not_valid_noun
hammers,工具 _______,-17.78125,2,2token,not_valid_noun
hammers,word -,-17.78125,2,2token,not_valid_noun
hammers,word or,-17.78125,2,2token,not_valid_noun
hammers,word is,-17.78125,2,2token,not_valid_noun
hammers,workshop …,-17.78125,2,2token,not_valid_noun
hammers,------------ ------------,-17.78125,2,2token,not_valid_noun
hammers,part from,-17.8125,2,2token,incomplete_phrase
hammers,mechanic _______,-17.8125,2,2token,not_valid_noun
hammers,power engineering,-17.8125,2,2token,incomplete_phrase
hammers,simple _______,-17.8125,2,2token,not_valid_noun
hammers,Instrument In,-17.8125,2,2token,not_valid_noun
hammers,mechanic [,-17.8125,2,2token,not_valid_noun
hammers,h The,-17.8125,2,2token,not_valid_noun
hammers,Instrument with,-17.8125,2,2token,incomplete_phrase
hammers,weapons ______,-17.8125,2,2token,not_valid_noun
hammers,hammers is,-17.8125,2,2token,not_valid_noun
hammers,hammers in,-17.8125,2,2token,not_valid_noun
hammers,hammers for,-17.8125,2,2token,incomplete_phrase
hammers,woodworking mach,-17.8125,2,2token,incomplete_phrase
hammers,type ____,-17.8125,2,2token,not_valid_noun
hammers,type ....,-17.8125,2,2token,not_valid_noun
hammers,man ________,-17.8125,2,2token,not_valid_noun
hammers,Instrument the,-17.8125,2,2token,incomplete_phrase
hammers,objects like,-17.8125,2,2token,incomplete_phrase
hammers,carpentry too,-17.8125,2,2token,not_valid_noun
hammers,carpenter …,-17.8125,2,2token,not_valid_noun
hammers,vegetable -,-17.8125,2,2token,not_valid_noun
hammers,kind or,-17.8125,2,2token,not_valid_noun
hammers,carpentry workshop,-17.8125,2,2token,incomplete_phrase
hammers,kind _,-17.8125,2,2token,not_valid_noun
hammers,vegetable :,-17.8125,2,2token,not_valid_noun
hammers,carpenter ______,-17.8125,2,2token,not_valid_noun
hammers,carpenter _____,-17.8125,2,2token,not_valid_noun
hammers,things ____,-17.8125,2,2token,not_valid_noun
hammers,working _______,-17.8125,2,2token,not_valid_noun
hammers,working a,-17.8125,2,2token,not_valid_noun
hammers,flat (,-17.8125,2,2token,not_valid_noun
hammers,piece on,-17.8125,2,2token,not_valid_noun
hammers,woodworking _,-17.8125,2,2token,not_valid_noun
hammers,sharp wooden,-17.8125,2,2token,not_valid_noun
hammers,wrench ________,-17.8125,2,2token,not_valid_noun
hammers,woodworking ______,-17.8125,2,2token,not_valid_noun
hammers,type in,-17.8125,2,2token,not_valid_noun
hammers,"sharp ,",-17.8125,2,2token,not_valid_noun
hammers,type and,-17.8125,2,2token,incomplete_phrase
hammers,scissors _______,-17.8125,2,2token,not_valid_noun
hammers,scissors ....,-17.8125,2,2token,not_valid_noun
hammers,scissors ________,-17.8125,2,2token,not_valid_noun
hammers,i Complete,-17.8125,2,2token,not_valid_noun
hammers,i think,-17.8125,2,2token,not_valid_noun
hammers,toy incomplete,-17.8125,2,2token,not_valid_noun
hammers,toy is,-17.8125,2,2token,not_valid_noun
hammers,toy called,-17.8125,2,2token,incomplete_phrase
hammers,Instrument ?,-17.8125,2,2token,not_valid_noun
hammers,Instrument I,-17.8125,2,2token,not_valid_noun
hammers,Instrument /,-17.8125,2,2token,not_valid_noun
hammers,furniture is,-17.8125,2,2token,not_valid_noun
hammers,furniture Repair,-17.8125,2,2token,incomplete_phrase
hammers,carpentry [,-17.8125,2,2token,not_valid_noun
hammers,Instrument is,-17.8125,2,2token,not_valid_noun
hammers,chisel in,-17.8125,2,2token,not_valid_noun
hammers,made and,-17.84375,2,2token,not_valid_noun
hammers,me can,-17.84375,2,2token,not_valid_noun
hammers,b ___________,-17.84375,2,2token,not_valid_noun
hammers,game _______,-17.84375,2,2token,not_valid_noun
hammers,game of,-17.84375,2,2token,not_valid_noun
hammers,game in,-17.84375,2,2token,not_valid_noun
hammers,made -,-17.84375,2,2token,not_valid_noun
hammers,made at,-17.84375,2,2token,not_valid_noun
hammers,used the,-17.84375,2,2token,incomplete_phrase
hammers,used only,-17.84375,2,2token,not_valid_noun
hammers,used during,-17.84375,2,2token,not_valid_noun
hammers,used everyday,-17.84375,2,2token,not_valid_noun
hammers,used mostly,-17.84375,2,2token,not_valid_noun
hammers,made on,-17.84375,2,2token,not_valid_noun
hammers,money in,-17.84375,2,2token,not_valid_noun
hammers,me tool,-17.84375,2,2token,not_valid_noun
hammers,clock or,-17.84375,2,2token,not_valid_noun
hammers,clock Part,-17.84375,2,2token,incomplete_phrase
hammers,mach,-17.84375,2,2token,not_valid_noun
hammers,mach in,-17.84375,2,2token,not_valid_noun
hammers,o nt,-17.84375,2,2token,not_valid_noun
hammers,bl ....,-17.84375,2,2token,not_valid_noun
hammers,workshop and,-17.84375,2,2token,incomplete_phrase
hammers,workshop or,-17.84375,2,2token,not_valid_noun
hammers,< for,-17.875,2,2token,not_valid_noun
hammers,wea ….,-17.875,2,2token,not_valid_noun
hammers,bl ________,-17.875,2,2token,not_valid_noun
hammers,bl [...],-17.875,2,2token,not_valid_noun
hammers,< you,-17.875,2,2token,not_valid_noun
hammers,paint ….,-17.875,2,2token,not_valid_noun
hammers,axe ________,-17.875,2,2token,not_valid_noun
hammers,piece fo,-17.875,2,2token,not_valid_noun
hammers,piece that,-17.875,2,2token,incomplete_phrase
hammers,garden (,-17.875,2,2token,not_valid_noun
hammers,garden gardening,-17.875,2,2token,incomplete_phrase
hammers,TOOLS The,-17.875,2,2token,incomplete_phrase
hammers,pliers a,-17.875,2,2token,not_valid_noun
hammers,item /,-17.875,2,2token,not_valid_noun
hammers,item found,-17.875,2,2token,incomplete_phrase
hammers,gadget _______,-17.875,2,2token,not_valid_noun
hammers,__ fruit,-17.875,2,2token,not_valid_noun
hammers,__ Choose,-17.875,2,2token,not_valid_noun
hammers,__ Fill,-17.875,2,2token,not_valid_noun
hammers,apple Original,-17.875,2,2token,incomplete_phrase
hammers,power equip,-17.875,2,2token,incomplete_phrase
hammers,pliers _____,-17.875,2,2token,not_valid_noun
hammers,worker ______,-17.875,2,2token,not_valid_noun
hammers,gadget with,-17.875,2,2token,incomplete_phrase
hammers,gadget /,-17.875,2,2token,not_valid_noun
hammers,__,-17.875,2,2token,not_valid_noun
hammers,utensils ________,-17.875,2,2token,not_valid_noun
hammers,Werkzeug The,-17.875,2,2token,incomplete_phrase
hammers,exercise ____,-17.875,2,2token,not_valid_noun
hammers,article which,-17.875,2,2token,incomplete_phrase
hammers,i Instrument,-17.875,2,2token,not_valid_noun
hammers,gadget ________,-17.875,2,2token,not_valid_noun
hammers,i _.,-17.875,2,2token,not_valid_noun
hammers,i [,-17.875,2,2token,not_valid_noun
hammers,__ in,-17.875,2,2token,not_valid_noun
hammers,man used,-17.875,2,2token,incomplete_phrase
hammers,Werkzeug _______,-17.875,2,2token,not_valid_noun
hammers,vehicle Read,-17.875,2,2token,not_valid_noun
hammers,vehicle with,-17.875,2,2token,incomplete_phrase
hammers,noun /,-17.875,2,2token,not_valid_noun
hammers,noun to,-17.875,2,2token,not_valid_noun
hammers,h is,-17.875,2,2token,not_valid_noun
hammers,[ tools,-17.875,2,2token,not_valid_noun
hammers,[ -,-17.875,2,2token,not_valid_noun
hammers,h s,-17.875,2,2token,not_valid_noun
hammers,h Read,-17.875,2,2token,not_valid_noun
hammers,h ave,-17.875,2,2token,not_valid_noun
hammers,h ____,-17.875,2,2token,not_valid_noun
hammers,h _________,-17.875,2,2token,not_valid_noun
hammers,verb _______,-17.875,2,2token,not_valid_noun
hammers,verb that,-17.875,2,2token,incomplete_phrase
hammers,paint ___________,-17.875,2,2token,not_valid_noun
hammers,paint …,-17.875,2,2token,not_valid_noun
hammers,noun ____,-17.875,2,2token,not_valid_noun
hammers,article /,-17.875,2,2token,not_valid_noun
hammers,working _____,-17.875,2,2token,not_valid_noun
hammers,vehicle _____,-17.875,2,2token,not_valid_noun
hammers,is …,-17.90625,2,2token,not_valid_noun
hammers,…………,-17.90625,2,2token,not_valid_noun
hammers,b _____,-17.90625,2,2token,not_valid_noun
hammers,industry complete,-17.90625,2,2token,not_valid_noun
hammers,o d,-17.90625,2,2token,not_valid_noun
hammers,appliance ___________,-17.90625,2,2token,not_valid_noun
hammers,o _____,-17.90625,2,2token,not_valid_noun
hammers,o ut,-17.90625,2,2token,not_valid_noun
hammers,pen ____,-17.90625,2,2token,not_valid_noun
hammers,pen ...,-17.90625,2,2token,not_valid_noun
hammers,pen ______,-17.90625,2,2token,not_valid_noun
hammers,is needed,-17.90625,2,2token,not_valid_noun
hammers,o [,-17.90625,2,2token,not_valid_noun
hammers,me in,-17.90625,2,2token,not_valid_noun
hammers,me that,-17.90625,2,2token,not_valid_noun
hammers,appliance A,-17.90625,2,2token,not_valid_noun
hammers,------------ Find,-17.90625,2,2token,not_valid_noun
hammers,blunt pointy,-17.90625,2,2token,not_valid_noun
hammers,appliance The,-17.90625,2,2token,incomplete_phrase
hammers,appliance you,-17.90625,2,2token,incomplete_phrase
hammers,blunt pointed,-17.90625,2,2token,incomplete_phrase
hammers,blunt sharp,-17.90625,2,2token,incomplete_phrase
hammers,------------ In,-17.90625,2,2token,not_valid_noun
hammers,blunt iron,-17.90625,2,2token,incomplete_phrase
hammers,blunt -,-17.90625,2,2token,not_valid_noun
hammers,blunt piece,-17.90625,2,2token,incomplete_phrase
hammers,工具 :,-17.90625,2,2token,not_valid_noun
hammers,工具 or,-17.90625,2,2token,not_valid_noun
hammers,is machine,-17.90625,2,2token,not_valid_noun
hammers,domestic and,-17.90625,2,2token,not_valid_noun
hammers,o n,-17.90625,2,2token,not_valid_noun
hammers,flat pe,-17.9375,2,2token,not_valid_noun
hammers,flat …,-17.9375,2,2token,not_valid_noun
hammers,"flat ,",-17.9375,2,2token,not_valid_noun
hammers,simple mechanic,-17.9375,2,2token,incomplete_phrase
hammers,simple wooden,-17.9375,2,2token,incomplete_phrase
hammers,nut to,-17.9375,2,2token,not_valid_noun
hammers,nut ..,-17.9375,2,2token,not_valid_noun
hammers,chisel :,-17.9375,2,2token,not_valid_noun
hammers,simple utens,-17.9375,2,2token,incomplete_phrase
hammers,power http,-17.9375,2,2token,incomplete_phrase
hammers,nut [,-17.9375,2,2token,not_valid_noun
hammers,art ....,-17.9375,2,2token,not_valid_noun
hammers,art _______,-17.9375,2,2token,not_valid_noun
hammers,implements The,-17.9375,2,2token,incomplete_phrase
hammers,implements A,-17.9375,2,2token,not_valid_noun
hammers,part with,-17.9375,2,2token,incomplete_phrase
hammers,implements,-17.9375,2,2token,not_valid_noun
hammers,furniture …,-17.9375,2,2token,not_valid_noun
hammers,man (,-17.9375,2,2token,not_valid_noun
hammers,i will,-17.9375,2,2token,not_valid_noun
hammers,furniture ..,-17.9375,2,2token,not_valid_noun
hammers,man of,-17.9375,2,2token,not_valid_noun
hammers,kind _______,-17.9375,2,2token,not_valid_noun
hammers,kind and,-17.9375,2,2token,incomplete_phrase
hammers,vegetable ________,-17.9375,2,2token,not_valid_noun
hammers,furniture A,-17.9375,2,2token,not_valid_noun
hammers,kind complete,-17.9375,2,2token,not_valid_noun
hammers,implements COMPLETE,-17.9375,2,2token,not_valid_noun
hammers,part ....,-17.9375,2,2token,not_valid_noun
hammers,mechanic -,-17.9375,2,2token,not_valid_noun
hammers,writing …,-17.9375,2,2token,not_valid_noun
hammers,nails that,-17.9375,2,2token,incomplete_phrase
hammers,nails ________,-17.9375,2,2token,not_valid_noun
hammers,gardening hand,-17.9375,2,2token,incomplete_phrase
hammers,hammers with,-17.9375,2,2token,incomplete_phrase
hammers,gardening (,-17.9375,2,2token,not_valid_noun
hammers,h as,-17.9375,2,2token,not_valid_noun
hammers,type ________,-17.9375,2,2token,not_valid_noun
hammers,hammers ....,-17.9375,2,2token,not_valid_noun
hammers,chisel that,-17.9375,2,2token,incomplete_phrase
hammers,………… Tool,-17.9375,2,2token,not_valid_noun
hammers,weapons -,-17.9375,2,2token,not_valid_noun
hammers,weapons Fill,-17.9375,2,2token,not_valid_noun
hammers,weapons ____,-17.9375,2,2token,not_valid_noun
hammers,objects -,-17.9375,2,2token,not_valid_noun
hammers,repair …,-17.96875,2,2token,not_valid_noun
hammers,инструменты,-17.96875,2,2token,not_valid_noun
hammers,used like,-17.96875,2,2token,incomplete_phrase
hammers,repair _____,-17.96875,2,2token,not_valid_noun
hammers,o tools,-17.96875,2,2token,not_valid_noun
hammers,o t,-17.96875,2,2token,not_valid_noun
hammers,…………………… ….,-17.96875,2,2token,not_valid_noun
hammers,money making,-17.96875,2,2token,incomplete_phrase
hammers,factory -,-17.96875,2,2token,not_valid_noun
hammers,game room,-17.96875,2,2token,incomplete_phrase
hammers,made into,-17.96875,2,2token,not_valid_noun
hammers,rock ________,-17.96875,2,2token,not_valid_noun
hammers,used mainly,-17.96875,2,2token,not_valid_noun
hammers,animal or,-18.0,2,2token,not_valid_noun
hammers,paint in,-18.0,2,2token,not_valid_noun
hammers,axe ...,-18.0,2,2token,not_valid_noun
hammers,axe _______,-18.0,2,2token,not_valid_noun
hammers,paint ..........,-18.0,2,2token,not_valid_noun
hammers,power that,-18.0,2,2token,incomplete_phrase
hammers,animal COMPLETE,-18.0,2,2token,not_valid_noun
hammers,garden …,-18.0,2,2token,not_valid_noun
hammers,food ______,-18.0,2,2token,not_valid_noun
hammers,muscle ...,-18.0,2,2token,not_valid_noun
hammers,verb -,-18.0,2,2token,not_valid_noun
hammers,apple and,-18.0,2,2token,incomplete_phrase
hammers,power ____,-18.0,2,2token,not_valid_noun
hammers,verb to,-18.0,2,2token,not_valid_noun
hammers,item _______,-18.0,2,2token,not_valid_noun
hammers,TOOLS which,-18.0,2,2token,incomplete_phrase
hammers,flat p,-18.0,2,2token,not_valid_noun
hammers,__ sport,-18.0,2,2token,not_valid_noun
hammers,TOOLS,-18.0,2,2token,not_valid_noun
hammers,apple or,-18.0,2,2token,not_valid_noun
hammers,TOOLS /,-18.0,2,2token,not_valid_noun
hammers,food Read,-18.0,2,2token,not_valid_noun
hammers,h ……,-18.0,2,2token,not_valid_noun
hammers,woodworking equip,-18.0,2,2token,incomplete_phrase
hammers,woodworking,-18.0,2,2token,incomplete_phrase
hammers,knife -,-18.0,2,2token,not_valid_noun
hammers,knife is,-18.0,2,2token,not_valid_noun
hammers,Werkzeug ____,-18.0,2,2token,not_valid_noun
hammers,Werkzeug ______,-18.0,2,2token,not_valid_noun
hammers,article ________,-18.0,2,2token,not_valid_noun
hammers,noun :,-18.0,2,2token,not_valid_noun
hammers,vehicle COMPLETE,-18.0,2,2token,not_valid_noun
hammers,[,-18.0,2,2token,not_valid_noun
hammers,woodworking _______,-18.0,2,2token,not_valid_noun
hammers,axe is,-18.0,2,2token,not_valid_noun
hammers,knife _____,-18.0,2,2token,not_valid_noun
hammers,percussion ________,-18.0,2,2token,not_valid_noun
hammers,cutlery in,-18.0,2,2token,not_valid_noun
hammers,h __________,-18.0,2,2token,not_valid_noun
hammers,knife Fill,-18.0,2,2token,not_valid_noun
hammers,"Werkzeug ,",-18.0,2,2token,not_valid_noun
hammers,food Answer,-18.0,2,2token,not_valid_noun
hammers,pliers for,-18.0,2,2token,incomplete_phrase
hammers,food :,-18.0,2,2token,not_valid_noun
hammers,technology of,-18.0,2,2token,not_valid_noun
hammers,TOOLS …,-18.0,2,2token,not_valid_noun
hammers,TOOLS Use,-18.0,2,2token,incomplete_phrase
hammers,Werkzeug .....,-18.0,2,2token,not_valid_noun
hammers,TOOLS ..,-18.0,2,2token,not_valid_noun
hammers,noun called,-18.0,2,2token,incomplete_phrase
hammers,vehicle [,-18.0,2,2token,not_valid_noun
hammers,[ (,-18.0,2,2token,not_valid_noun
hammers,"[ ,",-18.0,2,2token,not_valid_noun
hammers,piece ....,-18.0,2,2token,not_valid_noun
hammers,food ____,-18.0,2,2token,not_valid_noun
hammers,Werkzeug ________,-18.0,2,2token,not_valid_noun
hammers,cutlery _______,-18.0,2,2token,not_valid_noun
hammers,工具 __,-18.03125,2,2token,not_valid_noun
hammers,bl Ad,-18.03125,2,2token,not_valid_noun
hammers,工具 that,-18.03125,2,2token,not_valid_noun
hammers,o x,-18.03125,2,2token,not_valid_noun
hammers,gun complete,-18.03125,2,2token,not_valid_noun
hammers,工具 -,-18.03125,2,2token,not_valid_noun
hammers,me and,-18.03125,2,2token,not_valid_noun
hammers,me to,-18.03125,2,2token,not_valid_noun
hammers,vegetables ...,-18.03125,2,2token,not_valid_noun
hammers,is object,-18.03125,2,2token,not_valid_noun
hammers,___,-18.03125,2,2token,not_valid_noun
hammers,me [,-18.03125,2,2token,not_valid_noun
hammers,job to,-18.03125,2,2token,not_valid_noun
hammers,appliance such,-18.03125,2,2token,incomplete_phrase
hammers,b ........,-18.03125,2,2token,not_valid_noun
hammers,"b ,",-18.03125,2,2token,not_valid_noun
hammers,b ____________,-18.03125,2,2token,not_valid_noun
hammers,b ...............,-18.03125,2,2token,not_valid_noun
hammers,b .....,-18.03125,2,2token,not_valid_noun
hammers,blunt ________,-18.03125,2,2token,not_valid_noun
hammers,blunt kitchen,-18.03125,2,2token,incomplete_phrase
hammers,b Tools,-18.03125,2,2token,not_valid_noun
hammers,clothes are,-18.03125,2,2token,incomplete_phrase
hammers,weapons ….,-18.0625,2,2token,not_valid_noun
hammers,things found,-18.0625,2,2token,incomplete_phrase
hammers,objects A,-18.0625,2,2token,not_valid_noun
hammers,type _,-18.0625,2,2token,not_valid_noun
hammers,art in,-18.0625,2,2token,not_valid_noun
hammers,objects,-18.0625,2,2token,not_valid_noun
hammers,weapons with,-18.0625,2,2token,incomplete_phrase
hammers,weapons :,-18.0625,2,2token,not_valid_noun
hammers,------------ and,-18.0625,2,2token,not_valid_noun
hammers,------------,-18.0625,2,2token,not_valid_noun
hammers,h ….,-18.0625,2,2token,not_valid_noun
hammers,nails to,-18.0625,2,2token,not_valid_noun
hammers,nails a,-18.0625,2,2token,not_valid_noun
hammers,h ----,-18.0625,2,2token,not_valid_noun
hammers,scissors is,-18.0625,2,2token,not_valid_noun
hammers,nails -,-18.0625,2,2token,not_valid_noun
hammers,nails _______,-18.0625,2,2token,not_valid_noun
hammers,------------ ..,-18.0625,2,2token,not_valid_noun
hammers,------------ TOOLS,-18.0625,2,2token,not_valid_noun
hammers,working -,-18.0625,2,2token,not_valid_noun
hammers,working ....,-18.0625,2,2token,not_valid_noun
hammers,gardening too,-18.0625,2,2token,not_valid_noun
hammers,h equipment,-18.0625,2,2token,not_valid_noun
hammers,working,-18.0625,2,2token,incomplete_phrase
hammers,vegetable to,-18.0625,2,2token,not_valid_noun
hammers,kind o,-18.0625,2,2token,not_valid_noun
hammers,working and,-18.0625,2,2token,not_valid_noun
hammers,kind that,-18.0625,2,2token,incomplete_phrase
hammers,ferramenta,-18.0625,2,2token,not_valid_noun
hammers,part ______,-18.0625,2,2token,not_valid_noun
hammers,rock _______,-18.0625,2,2token,not_valid_noun
hammers,man –,-18.0625,2,2token,not_valid_noun
hammers,man or,-18.0625,2,2token,not_valid_noun
hammers,i in,-18.0625,2,2token,not_valid_noun
hammers,i ..,-18.0625,2,2token,not_valid_noun
hammers,man ...,-18.0625,2,2token,not_valid_noun
hammers,i A,-18.0625,2,2token,not_valid_noun
hammers,rock n,-18.0625,2,2token,not_valid_noun
hammers,things A,-18.0625,2,2token,not_valid_noun
hammers,things ______,-18.0625,2,2token,not_valid_noun
hammers,power ....,-18.0625,2,2token,not_valid_noun
hammers,vegetable /,-18.0625,2,2token,not_valid_noun
hammers,furniture are,-18.0625,2,2token,incomplete_phrase
hammers,vegetable ____,-18.0625,2,2token,not_valid_noun
hammers,furniture ….,-18.0625,2,2token,not_valid_noun
hammers,furniture Find,-18.0625,2,2token,incomplete_phrase
hammers,furniture /,-18.0625,2,2token,not_valid_noun
hammers,__ ...,-18.0625,2,2token,not_valid_noun
hammers,things /,-18.0625,2,2token,not_valid_noun
hammers,chisel _____,-18.0625,2,2token,not_valid_noun
hammers,chisel ______,-18.0625,2,2token,not_valid_noun
hammers,chisel _,-18.0625,2,2token,not_valid_noun
hammers,chisel for,-18.0625,2,2token,not_valid_noun
hammers,objects ____,-18.0625,2,2token,not_valid_noun
hammers,objects such,-18.0625,2,2token,incomplete_phrase
hammers,blunt …,-18.09375,2,2token,not_valid_noun
hammers,game called,-18.09375,2,2token,incomplete_phrase
hammers,game -,-18.09375,2,2token,not_valid_noun
hammers,game _,-18.09375,2,2token,not_valid_noun
hammers,game and,-18.09375,2,2token,incomplete_phrase
hammers,factory for,-18.09375,2,2token,incomplete_phrase
hammers,clock Read,-18.09375,2,2token,not_valid_noun
hammers,me than,-18.09375,2,2token,not_valid_noun
hammers,​,-18.09375,2,2token,not_valid_noun
hammers,utens,-18.09375,2,2token,not_valid_noun
hammers,me ch,-18.09375,2,2token,not_valid_noun
hammers,money is,-18.09375,2,2token,not_valid_noun
hammers,factory piece,-18.09375,2,2token,incomplete_phrase
hammers,o k,-18.09375,2,2token,not_valid_noun
hammers,o u,-18.09375,2,2token,not_valid_noun
hammers,factory ______,-18.09375,2,2token,not_valid_noun
hammers,clock making,-18.09375,2,2token,incomplete_phrase
hammers,gadget a,-18.125,2,2token,not_valid_noun
hammers,i _____,-18.125,2,2token,not_valid_noun
hammers,power for,-18.125,2,2token,incomplete_phrase
hammers,muscle ______,-18.125,2,2token,not_valid_noun
hammers,i object,-18.125,2,2token,not_valid_noun
hammers,article _______,-18.125,2,2token,not_valid_noun
hammers,TOOLS Fill,-18.125,2,2token,not_valid_noun
hammers,i dont,-18.125,2,2token,not_valid_noun
hammers,muscle ________,-18.125,2,2token,not_valid_noun
hammers,muscle is,-18.125,2,2token,not_valid_noun
hammers,science ______,-18.125,2,2token,not_valid_noun
hammers,muscle of,-18.125,2,2token,not_valid_noun
hammers,science -,-18.125,2,2token,not_valid_noun
hammers,Werkzeug the,-18.125,2,2token,incomplete_phrase
hammers,technology complete,-18.125,2,2token,not_valid_noun
hammers,flat work,-18.125,2,2token,incomplete_phrase
hammers,wea -,-18.125,2,2token,not_valid_noun
hammers,simple piece,-18.125,2,2token,incomplete_phrase
hammers,nut _,-18.125,2,2token,not_valid_noun
hammers,garden ______,-18.125,2,2token,not_valid_noun
hammers,[ Choose,-18.125,2,2token,not_valid_noun
hammers,exercise gym,-18.125,2,2token,incomplete_phrase
hammers,gadget of,-18.125,2,2token,not_valid_noun
hammers,gadget [,-18.125,2,2token,not_valid_noun
hammers,vehicle A,-18.125,2,2token,not_valid_noun
hammers,exercise or,-18.125,2,2token,not_valid_noun
hammers,percussion ....,-18.125,2,2token,not_valid_noun
hammers,knife COMPLETE,-18.125,2,2token,not_valid_noun
hammers,noun Example,-18.125,2,2token,not_valid_noun
hammers,animal in,-18.125,2,2token,not_valid_noun
hammers,gardening equi,-18.125,2,2token,incomplete_phrase
hammers,knife :,-18.125,2,2token,not_valid_noun
hammers,percussion or,-18.125,2,2token,not_valid_noun
hammers,workshop ____,-18.125,2,2token,not_valid_noun
hammers,animal power,-18.125,2,2token,incomplete_phrase
hammers,gardening …,-18.125,2,2token,not_valid_noun
hammers,carpenter -,-18.125,2,2token,not_valid_noun
hammers,animal called,-18.125,2,2token,incomplete_phrase
hammers,screwdriver are,-18.125,2,2token,incomplete_phrase
hammers,vehicle ..,-18.125,2,2token,not_valid_noun
hammers,gadget :,-18.125,2,2token,not_valid_noun
hammers,vehicle The,-18.125,2,2token,incomplete_phrase
hammers,vehicle _,-18.125,2,2token,not_valid_noun
hammers,vehicle by,-18.125,2,2token,not_valid_noun
hammers,working man,-18.125,2,2token,incomplete_phrase
hammers,working in,-18.125,2,2token,not_valid_noun
hammers,item at,-18.125,2,2token,not_valid_noun
hammers,worker s,-18.125,2,2token,not_valid_noun
hammers,blacksmith is,-18.125,2,2token,not_valid_noun
hammers,pliers to,-18.125,2,2token,not_valid_noun
hammers,food ….,-18.125,2,2token,not_valid_noun
hammers,item ________,-18.125,2,2token,not_valid_noun
hammers,exercise Read,-18.125,2,2token,not_valid_noun
hammers,[ ),-18.125,2,2token,not_valid_noun
hammers,cutlery ________,-18.125,2,2token,not_valid_noun
hammers,cutlery for,-18.125,2,2token,incomplete_phrase
hammers,carpenter piece,-18.125,2,2token,incomplete_phrase
hammers,axe ....,-18.125,2,2token,not_valid_noun
hammers,axe COMPLETE,-18.125,2,2token,not_valid_noun
hammers,vehicle :,-18.125,2,2token,not_valid_noun
hammers,carpenter /,-18.125,2,2token,not_valid_noun
hammers,working mach,-18.125,2,2token,incomplete_phrase
hammers,item A,-18.125,2,2token,not_valid_noun
hammers,worker _____,-18.125,2,2token,not_valid_noun
hammers,pliers -,-18.125,2,2token,not_valid_noun
hammers,blacksmith and,-18.125,2,2token,incomplete_phrase
hammers,animal ______,-18.125,2,2token,not_valid_noun
hammers,worker ____,-18.125,2,2token,not_valid_noun
hammers,industry of,-18.15625,2,2token,not_valid_noun
hammers,industry that,-18.15625,2,2token,incomplete_phrase
hammers,vegetables ....,-18.15625,2,2token,not_valid_noun
hammers,b _,-18.15625,2,2token,not_valid_noun
hammers,is This,-18.15625,2,2token,not_valid_noun
hammers,b ……,-18.15625,2,2token,not_valid_noun
hammers,job that,-18.15625,2,2token,incomplete_phrase
hammers,工具 ____________,-18.15625,2,2token,not_valid_noun
hammers,o A,-18.15625,2,2token,not_valid_noun
hammers,工具 _,-18.15625,2,2token,not_valid_noun
hammers,is The,-18.15625,2,2token,not_valid_noun
hammers,industry and,-18.15625,2,2token,incomplete_phrase
hammers,mach .,-18.15625,2,2token,not_valid_noun
hammers,things the,-18.1875,2,2token,not_valid_noun
hammers,things complete,-18.1875,2,2token,not_valid_noun
hammers,science is,-18.1875,2,2token,not_valid_noun
hammers,furniture Part,-18.1875,2,2token,incomplete_phrase
hammers,type if,-18.1875,2,2token,not_valid_noun
hammers,chisel to,-18.1875,2,2token,not_valid_noun
hammers,type …,-18.1875,2,2token,not_valid_noun
hammers,type I,-18.1875,2,2token,not_valid_noun
hammers,__ ..,-18.1875,2,2token,not_valid_noun
hammers,chisel .....,-18.1875,2,2token,not_valid_noun
hammers,chisel -,-18.1875,2,2token,not_valid_noun
hammers,__ Answer,-18.1875,2,2token,not_valid_noun
hammers,chisel ____,-18.1875,2,2token,not_valid_noun
hammers,nut for,-18.1875,2,2token,incomplete_phrase
hammers,vegetable …,-18.1875,2,2token,not_valid_noun
hammers,part needed,-18.1875,2,2token,incomplete_phrase
hammers,writing ______,-18.1875,2,2token,not_valid_noun
hammers,writing _______,-18.1875,2,2token,not_valid_noun
hammers,part on,-18.1875,2,2token,not_valid_noun
hammers,wrench are,-18.1875,2,2token,incomplete_phrase
hammers,rock Tools,-18.1875,2,2token,incomplete_phrase
hammers,carpentry equipe,-18.1875,2,2token,incomplete_phrase
hammers,vegetable for,-18.1875,2,2token,incomplete_phrase
hammers,scissors to,-18.1875,2,2token,not_valid_noun
hammers,scissors in,-18.1875,2,2token,not_valid_noun
hammers,carpentry -,-18.1875,2,2token,not_valid_noun
hammers,game ______,-18.1875,2,2token,not_valid_noun
hammers,writing ....,-18.1875,2,2token,not_valid_noun
hammers,vegetable .......,-18.1875,2,2token,not_valid_noun
hammers,science or,-18.1875,2,2token,not_valid_noun
hammers,weapons .....,-18.1875,2,2token,not_valid_noun
hammers,kind ____,-18.1875,2,2token,not_valid_noun
hammers,kind ....,-18.1875,2,2token,not_valid_noun
hammers,kind the,-18.1875,2,2token,incomplete_phrase
hammers,------------ Work,-18.1875,2,2token,not_valid_noun
hammers,carpentry,-18.1875,2,2token,incomplete_phrase
hammers,carpentry ____,-18.1875,2,2token,not_valid_noun
hammers,h d,-18.1875,2,2token,not_valid_noun
hammers,h We,-18.1875,2,2token,not_valid_noun
hammers,------------ ....,-18.1875,2,2token,not_valid_noun
hammers,------------ -.,-18.1875,2,2token,not_valid_noun
hammers,used all,-18.1875,2,2token,not_valid_noun
hammers,used _______,-18.1875,2,2token,not_valid_noun
hammers,------------ ________,-18.1875,2,2token,not_valid_noun
hammers,[ [,-18.1875,2,2token,not_valid_noun
hammers,[ Tools,-18.1875,2,2token,not_valid_noun
hammers,[ TOOL,-18.1875,2,2token,not_valid_noun
hammers,[ I,-18.1875,2,2token,not_valid_noun
hammers,__ -.,-18.1875,2,2token,not_valid_noun
hammers,------------ Which,-18.1875,2,2token,not_valid_noun
hammers,percussion [,-18.1875,2,2token,not_valid_noun
hammers,………… To,-18.1875,2,2token,not_valid_noun
hammers,weapons _____,-18.1875,2,2token,not_valid_noun
hammers,me an,-18.1875,2,2token,not_valid_noun
hammers,weapons COMPLETE,-18.1875,2,2token,not_valid_noun
hammers,hammers used,-18.1875,2,2token,incomplete_phrase
hammers,flat rectangular,-18.1875,2,2token,not_valid_noun
hammers,nut ________,-18.1875,2,2token,not_valid_noun
hammers,type the,-18.1875,2,2token,incomplete_phrase
hammers,weapons Read,-18.1875,2,2token,not_valid_noun
hammers,weapons fruit,-18.1875,2,2token,incomplete_phrase
hammers,nut /,-18.1875,2,2token,not_valid_noun
hammers,nut .....,-18.1875,2,2token,not_valid_noun
hammers,weapons a,-18.1875,2,2token,not_valid_noun
hammers,weapons [,-18.1875,2,2token,not_valid_noun
hammers,weapons /,-18.1875,2,2token,not_valid_noun
hammers,furniture The,-18.1875,2,2token,incomplete_phrase
hammers,repair ....,-18.21875,2,2token,not_valid_noun
hammers,money ....,-18.21875,2,2token,not_valid_noun
hammers,repair or,-18.21875,2,2token,not_valid_noun
hammers,clock ________,-18.21875,2,2token,not_valid_noun
hammers,blunt _______,-18.21875,2,2token,not_valid_noun
hammers,money complete,-18.21875,2,2token,not_valid_noun
hammers,blunt cutting,-18.21875,2,2token,incomplete_phrase
hammers,money ...,-18.21875,2,2token,not_valid_noun
hammers,o ----,-18.21875,2,2token,not_valid_noun
hammers,bl tools,-18.21875,2,2token,not_valid_noun
hammers,bl l,-18.21875,2,2token,not_valid_noun
hammers,factory Read,-18.21875,2,2token,not_valid_noun
hammers,utens ...,-18.21875,2,2token,not_valid_noun
hammers,h t,-18.25,2,2token,not_valid_noun
hammers,h c,-18.25,2,2token,not_valid_noun
hammers,h ?,-18.25,2,2token,not_valid_noun
hammers,me han,-18.25,2,2token,not_valid_noun
hammers,vehicle Correct,-18.25,2,2token,not_valid_noun
hammers,knife _,-18.25,2,2token,not_valid_noun
hammers,percussion …,-18.25,2,2token,not_valid_noun
hammers,percussion _,-18.25,2,2token,not_valid_noun
hammers,piece,-18.25,2,2token,incomplete_phrase
hammers,piece and,-18.25,2,2token,incomplete_phrase
hammers,vehicle a,-18.25,2,2token,not_valid_noun
hammers,vehicle is,-18.25,2,2token,not_valid_noun
hammers,piece off,-18.25,2,2token,not_valid_noun
hammers,carpenter $,-18.25,2,2token,not_valid_noun
hammers,knife Comple,-18.25,2,2token,incomplete_phrase
hammers,me tal,-18.25,2,2token,not_valid_noun
hammers,workshop,-18.25,2,2token,incomplete_phrase
hammers,h _,-18.25,2,2token,not_valid_noun
hammers,h ome,-18.25,2,2token,not_valid_noun
hammers,h _____,-18.25,2,2token,not_valid_noun
hammers,food Fill,-18.25,2,2token,not_valid_noun
hammers,food ..,-18.25,2,2token,not_valid_noun
hammers,vehicle Answer,-18.25,2,2token,not_valid_noun
hammers,vehicle …,-18.25,2,2token,not_valid_noun
hammers,gadget you,-18.25,2,2token,incomplete_phrase
hammers,TOOLS ___________,-18.25,2,2token,not_valid_noun
hammers,TOOLS _________,-18.25,2,2token,not_valid_noun
hammers,food _____,-18.25,2,2token,not_valid_noun
hammers,blacksmith or,-18.25,2,2token,not_valid_noun
hammers,man _______,-18.25,2,2token,not_valid_noun
hammers,gadget …,-18.25,2,2token,not_valid_noun
hammers,gadget .....,-18.25,2,2token,not_valid_noun
hammers,worker and,-18.25,2,2token,incomplete_phrase
hammers,worker or,-18.25,2,2token,not_valid_noun
hammers,carpenter [,-18.25,2,2token,not_valid_noun
hammers,screwdriver with,-18.25,2,2token,incomplete_phrase
hammers,worker ...,-18.25,2,2token,not_valid_noun
hammers,worker Read,-18.25,2,2token,not_valid_noun
hammers,item and,-18.25,2,2token,incomplete_phrase
hammers,pliers :,-18.25,2,2token,not_valid_noun
hammers,pliers [,-18.25,2,2token,not_valid_noun
hammers,food with,-18.25,2,2token,incomplete_phrase
hammers,article and,-18.25,2,2token,incomplete_phrase
hammers,utensils /,-18.25,2,2token,not_valid_noun
hammers,technology which,-18.25,2,2token,incomplete_phrase
hammers,TOOLS Read,-18.25,2,2token,not_valid_noun
hammers,power __________,-18.25,2,2token,not_valid_noun
hammers,i of,-18.25,2,2token,not_valid_noun
hammers,i with,-18.25,2,2token,not_valid_noun
hammers,i use,-18.25,2,2token,not_valid_noun
hammers,worker _,-18.25,2,2token,not_valid_noun
hammers,animal with,-18.25,2,2token,incomplete_phrase
hammers,"i ,",-18.25,2,2token,not_valid_noun
hammers,i $\,-18.25,2,2token,not_valid_noun
hammers,apple are,-18.25,2,2token,incomplete_phrase
hammers,i What,-18.25,2,2token,not_valid_noun
hammers,workshop in,-18.25,2,2token,not_valid_noun
hammers,workshop ....,-18.25,2,2token,not_valid_noun
hammers,type is,-18.25,2,2token,not_valid_noun
hammers,i equipment,-18.25,2,2token,not_valid_noun
hammers,"bl ,",-18.25,2,2token,not_valid_noun
hammers,pliers .....,-18.25,2,2token,not_valid_noun
hammers,pliers ….,-18.25,2,2token,not_valid_noun
hammers,muscle A,-18.25,2,2token,not_valid_noun
hammers,muscle exer,-18.25,2,2token,incomplete_phrase
hammers,muscle …,-18.25,2,2token,not_valid_noun
hammers,muscle ....,-18.25,2,2token,not_valid_noun
hammers,type _______,-18.25,2,2token,not_valid_noun
hammers,muscle ….,-18.25,2,2token,not_valid_noun
hammers,muscle _____,-18.25,2,2token,not_valid_noun
hammers,workshop _____,-18.25,2,2token,not_valid_noun
hammers,verb is,-18.25,2,2token,not_valid_noun
hammers,workshop ____________,-18.25,2,2token,not_valid_noun
hammers,"Werkzeug """,-18.25,2,2token,not_valid_noun
hammers,Werkzeug from,-18.25,2,2token,incomplete_phrase
hammers,Werkzeug Continue,-18.25,2,2token,not_valid_noun
hammers,Werkzeug Artikel,-18.25,2,2token,not_valid_noun
hammers,Werkzeug _____,-18.25,2,2token,not_valid_noun
hammers,garden and,-18.25,2,2token,incomplete_phrase
hammers,garden too,-18.25,2,2token,not_valid_noun
hammers,noun Answer,-18.25,2,2token,not_valid_noun
hammers,noun _,-18.25,2,2token,not_valid_noun
hammers,"noun ,",-18.25,2,2token,not_valid_noun
hammers,noun are,-18.25,2,2token,incomplete_phrase
hammers,word ...,-18.28125,2,2token,not_valid_noun
hammers,word Find,-18.28125,2,2token,incomplete_phrase
hammers,word ________,-18.28125,2,2token,not_valid_noun
hammers,word ....,-18.28125,2,2token,not_valid_noun
hammers,инструмент,-18.28125,2,2token,not_valid_noun
hammers,word _______,-18.28125,2,2token,not_valid_noun
hammers,工具 hammer,-18.28125,2,2token,not_valid_noun
hammers,b ......,-18.28125,2,2token,not_valid_noun
hammers,clothes in,-18.28125,2,2token,not_valid_noun
hammers,gun ...,-18.28125,2,2token,not_valid_noun
hammers,gun or,-18.28125,2,2token,not_valid_noun
hammers,o nes,-18.28125,2,2token,not_valid_noun
hammers,workshop _,-18.3125,2,2token,not_valid_noun
hammers,things at,-18.3125,2,2token,not_valid_noun
hammers,working _,-18.3125,2,2token,not_valid_noun
hammers,nut _______,-18.3125,2,2token,not_valid_noun
hammers,me al,-18.3125,2,2token,not_valid_noun
hammers,working p,-18.3125,2,2token,not_valid_noun
hammers,working or,-18.3125,2,2token,not_valid_noun
hammers,objects ….,-18.3125,2,2token,not_valid_noun
hammers,things necessary,-18.3125,2,2token,incomplete_phrase
hammers,hammers ________,-18.3125,2,2token,not_valid_noun
hammers,vegetable _,-18.3125,2,2token,not_valid_noun
hammers,………… You,-18.3125,2,2token,not_valid_noun
hammers,[ ______,-18.3125,2,2token,not_valid_noun
hammers,………… complete,-18.3125,2,2token,not_valid_noun
hammers,………… There,-18.3125,2,2token,not_valid_noun
hammers,………… They,-18.3125,2,2token,not_valid_noun
hammers,h .....,-18.3125,2,2token,not_valid_noun
hammers,………… In,-18.3125,2,2token,not_valid_noun
hammers,scissors that,-18.3125,2,2token,incomplete_phrase
hammers,weapons ..,-18.3125,2,2token,not_valid_noun
hammers,weapons,-18.3125,2,2token,not_valid_noun
hammers,weapons …,-18.3125,2,2token,not_valid_noun
hammers,weapons Answer,-18.3125,2,2token,not_valid_noun
hammers,[ _______,-18.3125,2,2token,not_valid_noun
hammers,hammers _______,-18.3125,2,2token,not_valid_noun
hammers,art for,-18.3125,2,2token,incomplete_phrase
hammers,vegetable with,-18.3125,2,2token,incomplete_phrase
hammers,hammers to,-18.3125,2,2token,not_valid_noun
hammers,vegetable ______,-18.3125,2,2token,not_valid_noun
hammers,vegetable ..,-18.3125,2,2token,not_valid_noun
hammers,art or,-18.3125,2,2token,not_valid_noun
hammers,objects around,-18.3125,2,2token,incomplete_phrase
hammers,things useful,-18.3125,2,2token,incomplete_phrase
hammers,things Read,-18.3125,2,2token,not_valid_noun
hammers,used together,-18.3125,2,2token,not_valid_noun
hammers,wrench that,-18.3125,2,2token,incomplete_phrase
hammers,man ______,-18.3125,2,2token,not_valid_noun
hammers,chisel COMPLETE,-18.3125,2,2token,not_valid_noun
hammers,game ....,-18.3125,2,2token,not_valid_noun
hammers,game Read,-18.3125,2,2token,not_valid_noun
hammers,kind …,-18.3125,2,2token,not_valid_noun
hammers,kind in,-18.3125,2,2token,not_valid_noun
hammers,kind are,-18.3125,2,2token,incomplete_phrase
hammers,made used,-18.3125,2,2token,not_valid_noun
hammers,chisel ….,-18.3125,2,2token,not_valid_noun
hammers,simple home,-18.3125,2,2token,incomplete_phrase
hammers,type for,-18.3125,2,2token,incomplete_phrase
hammers,made In,-18.3125,2,2token,not_valid_noun
hammers,bl and,-18.3125,2,2token,not_valid_noun
hammers,rock used,-18.3125,2,2token,incomplete_phrase
hammers,part and,-18.3125,2,2token,incomplete_phrase
hammers,used inside,-18.3125,2,2token,incomplete_phrase
hammers,…………………… fruit,-18.3125,2,2token,not_valid_noun
hammers,rock drilling,-18.3125,2,2token,incomplete_phrase
hammers,garden We,-18.3125,2,2token,not_valid_noun
hammers,[ +,-18.3125,2,2token,not_valid_noun
hammers,__ material,-18.3125,2,2token,not_valid_noun
hammers,__ metal,-18.3125,2,2token,not_valid_noun
hammers,woodworking [,-18.3125,2,2token,not_valid_noun
hammers,woodworking ____,-18.3125,2,2token,not_valid_noun
hammers,"__ ,",-18.3125,2,2token,not_valid_noun
hammers,used around,-18.3125,2,2token,not_valid_noun
hammers,[ …,-18.3125,2,2token,not_valid_noun
hammers,workshop /,-18.3125,2,2token,not_valid_noun
hammers,kind :,-18.3125,2,2token,not_valid_noun
hammers,kind ________,-18.3125,2,2token,not_valid_noun
hammers,money to,-18.34375,2,2token,not_valid_noun
hammers,money and,-18.34375,2,2token,incomplete_phrase
hammers,b ),-18.34375,2,2token,not_valid_noun
hammers,……………………,-18.34375,2,2token,not_valid_noun
hammers,o Tools,-18.34375,2,2token,not_valid_noun
hammers,o ---,-18.34375,2,2token,not_valid_noun
hammers,writing ____,-18.375,2,2token,not_valid_noun
hammers,writing mater,-18.375,2,2token,incomplete_phrase
hammers,writing -,-18.375,2,2token,not_valid_noun
hammers,working of,-18.375,2,2token,not_valid_noun
hammers,technology Answer,-18.375,2,2token,not_valid_noun
hammers,TOOLS Write,-18.375,2,2token,incomplete_phrase
hammers,clothes or,-18.375,2,2token,not_valid_noun
hammers,TOOLS _.,-18.375,2,2token,not_valid_noun
hammers,technology _______,-18.375,2,2token,not_valid_noun
hammers,apple par,-18.375,2,2token,incomplete_phrase
hammers,noun Work,-18.375,2,2token,incomplete_phrase
hammers,noun …,-18.375,2,2token,not_valid_noun
hammers,noun .....,-18.375,2,2token,not_valid_noun
hammers,noun ___________,-18.375,2,2token,not_valid_noun
hammers,noun _____,-18.375,2,2token,not_valid_noun
hammers,animal Answer,-18.375,2,2token,not_valid_noun
hammers,technology -,-18.375,2,2token,not_valid_noun
hammers,animal and,-18.375,2,2token,incomplete_phrase
hammers,vegetables complete,-18.375,2,2token,not_valid_noun
hammers,h I,-18.375,2,2token,not_valid_noun
hammers,carpentry /,-18.375,2,2token,not_valid_noun
hammers,pliers _,-18.375,2,2token,not_valid_noun
hammers,TOOLS ____________,-18.375,2,2token,not_valid_noun
hammers,apple picking,-18.375,2,2token,incomplete_phrase
hammers,noun [,-18.375,2,2token,not_valid_noun
hammers,apple Correct,-18.375,2,2token,not_valid_noun
hammers,"TOOLS ,",-18.375,2,2token,not_valid_noun
hammers,carpenter =,-18.375,2,2token,not_valid_noun
hammers,gardening ....,-18.375,2,2token,not_valid_noun
hammers,gardening ______,-18.375,2,2token,not_valid_noun
hammers,TOOLS of,-18.375,2,2token,not_valid_noun
hammers,piece f,-18.375,2,2token,not_valid_noun
hammers,clock in,-18.375,2,2token,not_valid_noun
hammers,carpenter ‘,-18.375,2,2token,not_valid_noun
hammers,vehicle ?,-18.375,2,2token,not_valid_noun
hammers,article ____,-18.375,2,2token,not_valid_noun
hammers,knife .....,-18.375,2,2token,not_valid_noun
hammers,knife …,-18.375,2,2token,not_valid_noun
hammers,vehicle ….,-18.375,2,2token,not_valid_noun
hammers,article with,-18.375,2,2token,incomplete_phrase
hammers,man ',-18.375,2,2token,not_valid_noun
hammers,food is,-18.375,2,2token,not_valid_noun
hammers,screwdriver in,-18.375,2,2token,not_valid_noun
hammers,screwdriver that,-18.375,2,2token,incomplete_phrase
hammers,utensils ____,-18.375,2,2token,not_valid_noun
hammers,utensils .....,-18.375,2,2token,not_valid_noun
hammers,utensils with,-18.375,2,2token,incomplete_phrase
hammers,utensils ….,-18.375,2,2token,not_valid_noun
hammers,axe ____,-18.375,2,2token,not_valid_noun
hammers,gardening ____,-18.375,2,2token,not_valid_noun
hammers,screwdriver ________,-18.375,2,2token,not_valid_noun
hammers,food …,-18.375,2,2token,not_valid_noun
hammers,screwdriver -,-18.375,2,2token,not_valid_noun
hammers,item called,-18.375,2,2token,incomplete_phrase
hammers,utensils ______,-18.375,2,2token,not_valid_noun
hammers,pliers ___________,-18.375,2,2token,not_valid_noun
hammers,pliers _________,-18.375,2,2token,not_valid_noun
hammers,pliers COMPLETE,-18.375,2,2token,not_valid_noun
hammers,pliers …,-18.375,2,2token,not_valid_noun
hammers,bl =,-18.375,2,2token,not_valid_noun
hammers,pliers Correct,-18.375,2,2token,not_valid_noun
hammers,item Answer,-18.375,2,2token,not_valid_noun
hammers,bl I,-18.375,2,2token,not_valid_noun
hammers,gun _______,-18.375,2,2token,not_valid_noun
hammers,verb Fill,-18.375,2,2token,not_valid_noun
hammers,muscle [,-18.375,2,2token,not_valid_noun
hammers,Werkzeug used,-18.375,2,2token,incomplete_phrase
hammers,mach e,-18.375,2,2token,not_valid_noun
hammers,blacksmith Complete,-18.375,2,2token,not_valid_noun
hammers,mach …,-18.375,2,2token,not_valid_noun
hammers,mach n,-18.375,2,2token,not_valid_noun
hammers,worker who,-18.375,2,2token,incomplete_phrase
hammers,worker are,-18.375,2,2token,incomplete_phrase
hammers,worker with,-18.375,2,2token,incomplete_phrase
hammers,gadget Fill,-18.375,2,2token,not_valid_noun
hammers,gadget ____,-18.375,2,2token,not_valid_noun
hammers,gadget ….,-18.375,2,2token,not_valid_noun
hammers,pen ........,-18.375,2,2token,not_valid_noun
hammers,gadget ..,-18.375,2,2token,not_valid_noun
hammers,bl **,-18.375,2,2token,not_valid_noun
hammers,gun ____,-18.375,2,2token,not_valid_noun
hammers,garden or,-18.375,2,2token,not_valid_noun
hammers,cutlery fruit,-18.375,2,2token,incomplete_phrase
hammers,gadget made,-18.375,2,2token,incomplete_phrase
hammers,pen -,-18.375,2,2token,not_valid_noun
hammers,industry ....,-18.40625,2,2token,not_valid_noun
hammers,job Title,-18.40625,2,2token,incomplete_phrase
hammers,industry for,-18.40625,2,2token,incomplete_phrase
hammers,инструментов,-18.40625,2,2token,not_valid_noun
hammers,word with,-18.40625,2,2token,incomplete_phrase
hammers,o to,-18.40625,2,2token,not_valid_noun
hammers,o is,-18.40625,2,2token,not_valid_noun
hammers,b __________,-18.4375,2,2token,not_valid_noun
hammers,b Calculate,-18.4375,2,2token,not_valid_noun
hammers,[ insert,-18.4375,2,2token,not_valid_noun
hammers,[ verb,-18.4375,2,2token,not_valid_noun
hammers,used ______,-18.4375,2,2token,not_valid_noun
hammers,nails :,-18.4375,2,2token,not_valid_noun
hammers,nails is,-18.4375,2,2token,not_valid_noun
hammers,nails for,-18.4375,2,2token,incomplete_phrase
hammers,nails with,-18.4375,2,2token,incomplete_phrase
hammers,nails .....,-18.4375,2,2token,not_valid_noun
hammers,nails ….,-18.4375,2,2token,not_valid_noun
hammers,nails Continue,-18.4375,2,2token,not_valid_noun
hammers,vegetable Read,-18.4375,2,2token,not_valid_noun
hammers,h ard,-18.4375,2,2token,not_valid_noun
hammers,vegetable is,-18.4375,2,2token,not_valid_noun
hammers,工具 is,-18.4375,2,2token,not_valid_noun
hammers,hammers -,-18.4375,2,2token,not_valid_noun
hammers,hammers the,-18.4375,2,2token,incomplete_phrase
hammers,objects ..,-18.4375,2,2token,not_valid_noun
hammers,objects Answer,-18.4375,2,2token,not_valid_noun
hammers,objects .....,-18.4375,2,2token,not_valid_noun
hammers,objects ______,-18.4375,2,2token,not_valid_noun
hammers,vegetable _____,-18.4375,2,2token,not_valid_noun
hammers,objects called,-18.4375,2,2token,not_valid_noun
hammers,h object,-18.4375,2,2token,not_valid_noun
hammers,objects :,-18.4375,2,2token,not_valid_noun
hammers,objects /,-18.4375,2,2token,not_valid_noun
hammers,things _____,-18.4375,2,2token,not_valid_noun
hammers,objects on,-18.4375,2,2token,not_valid_noun
hammers,me for,-18.4375,2,2token,not_valid_noun
hammers,things Use,-18.4375,2,2token,incomplete_phrase
hammers,things under,-18.4375,2,2token,incomplete_phrase
hammers,b p,-18.4375,2,2token,not_valid_noun
hammers,[ appliance,-18.4375,2,2token,not_valid_noun
hammers,…………,-18.4375,2,2token,not_valid_noun
hammers,………… What,-18.4375,2,2token,not_valid_noun
hammers,………… Also,-18.4375,2,2token,not_valid_noun
hammers,………… Fill,-18.4375,2,2token,not_valid_noun
hammers,__ [,-18.4375,2,2token,not_valid_noun
hammers,used ____,-18.4375,2,2token,not_valid_noun
hammers,nails which,-18.4375,2,2token,incomplete_phrase
hammers,part /,-18.4375,2,2token,not_valid_noun
hammers,pen _____,-18.4375,2,2token,not_valid_noun
hammers,__ for,-18.4375,2,2token,not_valid_noun
hammers,type pf,-18.4375,2,2token,not_valid_noun
hammers,pen Read,-18.4375,2,2token,not_valid_noun
hammers,made me,-18.4375,2,2token,not_valid_noun
hammers,………… Work,-18.4375,2,2token,not_valid_noun
hammers,game or,-18.4375,2,2token,not_valid_noun
hammers,made made,-18.4375,2,2token,not_valid_noun
hammers,wrench ______,-18.4375,2,2token,not_valid_noun
hammers,wrench -,-18.4375,2,2token,not_valid_noun
hammers,wrench in,-18.4375,2,2token,not_valid_noun
hammers,chisel with,-18.4375,2,2token,not_valid_noun
hammers,chisel /,-18.4375,2,2token,not_valid_noun
hammers,chisel Correct,-18.4375,2,2token,not_valid_noun
hammers,percussion in,-18.4375,2,2token,not_valid_noun
hammers,game ..,-18.4375,2,2token,not_valid_noun
hammers,carpenter ____,-18.4375,2,2token,not_valid_noun
hammers,carpenter too,-18.4375,2,2token,not_valid_noun
hammers,carpenter a,-18.4375,2,2token,not_valid_noun
hammers,repair ------------,-18.4375,2,2token,not_valid_noun
hammers,apple in,-18.5,2,2token,not_valid_noun
hammers,apple for,-18.5,2,2token,incomplete_phrase
hammers,apple po,-18.5,2,2token,not_valid_noun
hammers,apple ....,-18.5,2,2token,not_valid_noun
hammers,animal _____,-18.5,2,2token,not_valid_noun
hammers,utensils a,-18.5,2,2token,not_valid_noun
hammers,b Answer,-18.5,2,2token,not_valid_noun
hammers,h or,-18.5,2,2token,not_valid_noun
hammers,utensils -,-18.5,2,2token,not_valid_noun
hammers,utensils [,-18.5,2,2token,not_valid_noun
hammers,utensils made,-18.5,2,2token,incomplete_phrase
hammers,me r,-18.5,2,2token,not_valid_noun
hammers,me tho,-18.5,2,2token,not_valid_noun
hammers,nut …,-18.5,2,2token,not_valid_noun
hammers,pliers by,-18.5,2,2token,not_valid_noun
hammers,type B,-18.5,2,2token,not_valid_noun
hammers,screwdriver :,-18.5,2,2token,not_valid_noun
hammers,type [,-18.5,2,2token,not_valid_noun
hammers,type Write,-18.5,2,2token,incomplete_phrase
hammers,gun is,-18.5,2,2token,not_valid_noun
hammers,noun because,-18.5,2,2token,incomplete_phrase
hammers,piece ot,-18.5,2,2token,not_valid_noun
hammers,piece ________,-18.5,2,2token,not_valid_noun
hammers,apple Pick,-18.5,2,2token,incomplete_phrase
hammers,vehicle Full,-18.5,2,2token,incomplete_phrase
hammers,food What,-18.5,2,2token,incomplete_phrase
hammers,screwdriver COMPLETE,-18.5,2,2token,not_valid_noun
hammers,blunt ______,-18.5,2,2token,not_valid_noun
hammers,TOOLS [,-18.5,2,2token,not_valid_noun
hammers,TOOLS _,-18.5,2,2token,not_valid_noun
hammers,TOOLS What,-18.5,2,2token,incomplete_phrase
hammers,TOOLS Answer,-18.5,2,2token,not_valid_noun
hammers,knife ….,-18.5,2,2token,not_valid_noun
hammers,article _.,-18.5,2,2token,not_valid_noun
hammers,writing or,-18.5,2,2token,not_valid_noun
hammers,writing _,-18.5,2,2token,not_valid_noun
hammers,gardening and,-18.5,2,2token,incomplete_phrase
hammers,b Figure,-18.5,2,2token,not_valid_noun
hammers,b ox,-18.5,2,2token,not_valid_noun
hammers,woodworking ....,-18.5,2,2token,not_valid_noun
hammers,type _____,-18.5,2,2token,not_valid_noun
hammers,TOOLS ......,-18.5,2,2token,not_valid_noun
hammers,vehicle which,-18.5,2,2token,incomplete_phrase
hammers,vehicle ____________,-18.5,2,2token,not_valid_noun
hammers,vehicle ___________,-18.5,2,2token,not_valid_noun
hammers,muscle on,-18.5,2,2token,not_valid_noun
hammers,muscle are,-18.5,2,2token,incomplete_phrase
hammers,muscle which,-18.5,2,2token,incomplete_phrase
hammers,blunt p,-18.5,2,2token,not_valid_noun
hammers,worker that,-18.5,2,2token,incomplete_phrase
hammers,worker -,-18.5,2,2token,not_valid_noun
hammers,worker ',-18.5,2,2token,not_valid_noun
hammers,worker __,-18.5,2,2token,not_valid_noun
hammers,worker complete,-18.5,2,2token,not_valid_noun
hammers,gardening equ,-18.5,2,2token,incomplete_phrase
hammers,gardening equipe,-18.5,2,2token,incomplete_phrase
hammers,gadget is,-18.5,2,2token,not_valid_noun
hammers,gadget by,-18.5,2,2token,not_valid_noun
hammers,gadget ______,-18.5,2,2token,not_valid_noun
hammers,knife [,-18.5,2,2token,not_valid_noun
hammers,knife which,-18.5,2,2token,incomplete_phrase
hammers,knife Answer,-18.5,2,2token,not_valid_noun
hammers,เครื่อง,-18.53125,2,2token,not_valid_noun
hammers,,-18.53125,2,2token,not_valid_noun
hammers,job ...,-18.5625,2,2token,not_valid_noun
hammers,job and,-18.5625,2,2token,incomplete_phrase
hammers,chisel [,-18.5625,2,2token,not_valid_noun
hammers,job ____,-18.5625,2,2token,not_valid_noun
hammers,chisel which,-18.5625,2,2token,incomplete_phrase
hammers,chisel …,-18.5625,2,2token,not_valid_noun
hammers,art ________,-18.5625,2,2token,not_valid_noun
hammers,percussion _______,-18.5625,2,2token,not_valid_noun
hammers,percussion Musical,-18.5625,2,2token,incomplete_phrase
hammers,job _______,-18.5625,2,2token,not_valid_noun
hammers,job Find,-18.5625,2,2token,incomplete_phrase
hammers,man …,-18.5625,2,2token,not_valid_noun
hammers,wrench ____,-18.5625,2,2token,not_valid_noun
hammers,wrench ….,-18.5625,2,2token,not_valid_noun
hammers,weapons Edit,-18.5625,2,2token,not_valid_noun
hammers,"weapons ,",-18.5625,2,2token,not_valid_noun
hammers,………… Choose,-18.5625,2,2token,not_valid_noun
hammers,wrench .....,-18.5625,2,2token,not_valid_noun
hammers,scissors ____,-18.5625,2,2token,not_valid_noun
hammers,scissors -,-18.5625,2,2token,not_valid_noun
hammers,scissors with,-18.5625,2,2token,incomplete_phrase
hammers,scissors ______,-18.5625,2,2token,not_valid_noun
hammers,art ______,-18.5625,2,2token,not_valid_noun
hammers,art to,-18.5625,2,2token,not_valid_noun
hammers,art ____,-18.5625,2,2token,not_valid_noun
hammers,rock breaking,-18.5625,2,2token,incomplete_phrase
hammers,part :,-18.5625,2,2token,not_valid_noun
hammers,part -,-18.5625,2,2token,not_valid_noun
hammers,pen to,-18.5625,2,2token,not_valid_noun
hammers,part _____,-18.5625,2,2token,not_valid_noun
hammers,wrench …,-18.5625,2,2token,not_valid_noun
hammers,job Description,-18.5625,2,2token,incomplete_phrase
hammers,weapons,-18.5625,2,2token,not_valid_noun
hammers,outil,-18.5625,2,2token,not_valid_noun
hammers,weapons A,-18.5625,2,2token,not_valid_noun
hammers,工具 noun,-18.5625,2,2token,not_valid_noun
hammers,工具 instrument,-18.5625,2,2token,not_valid_noun
hammers,chisel The,-18.5625,2,2token,incomplete_phrase
hammers,b or,-18.5625,2,2token,not_valid_noun
hammers,weapons Choose,-18.5625,2,2token,not_valid_noun
hammers,art Work,-18.5625,2,2token,incomplete_phrase
hammers,………… This,-18.5625,2,2token,not_valid_noun
hammers,nut is,-18.5625,2,2token,not_valid_noun
hammers,nut with,-18.5625,2,2token,incomplete_phrase
hammers,nut but,-18.5625,2,2token,incomplete_phrase
hammers,art that,-18.5625,2,2token,incomplete_phrase
hammers,used often,-18.5625,2,2token,not_valid_noun
hammers,used this,-18.5625,2,2token,incomplete_phrase
hammers,me too,-18.5625,2,2token,not_valid_noun
hammers,工具 are,-18.5625,2,2token,not_valid_noun
hammers,工具 outil,-18.5625,2,2token,not_valid_noun
hammers,………… tools,-18.5625,2,2token,not_valid_noun
hammers,kind Of,-18.5625,2,2token,not_valid_noun
hammers,nut ©,-18.5625,2,2token,not_valid_noun
hammers,工具 for,-18.5625,2,2token,not_valid_noun
hammers,工具 in,-18.5625,2,2token,not_valid_noun
hammers,part is,-18.5625,2,2token,not_valid_noun
hammers,[ the,-18.5625,2,2token,not_valid_noun
hammers,[ :,-18.5625,2,2token,not_valid_noun
hammers,game ____,-18.5625,2,2token,not_valid_noun
hammers,………… Make,-18.5625,2,2token,not_valid_noun
hammers,objects …,-18.5625,2,2token,not_valid_noun
hammers,blunt hard,-18.5625,2,2token,not_valid_noun
hammers,pen The,-18.5625,2,2token,incomplete_phrase
hammers,工具 to,-18.5625,2,2token,not_valid_noun
hammers,工具 and,-18.5625,2,2token,not_valid_noun
hammers,…………………… I,-18.5625,2,2token,not_valid_noun
hammers,…………………… Correct,-18.5625,2,2token,not_valid_noun
hammers,job ________,-18.5625,2,2token,not_valid_noun
hammers,carpenter ....,-18.5625,2,2token,not_valid_noun
hammers,job done,-18.5625,2,2token,incomplete_phrase
hammers,job site,-18.5625,2,2token,incomplete_phrase
hammers,wrench :,-18.5625,2,2token,not_valid_noun
hammers,chisel Edit,-18.5625,2,2token,incomplete_phrase
hammers,nails the,-18.5625,2,2token,incomplete_phrase
hammers,wrench a,-18.5625,2,2token,not_valid_noun
hammers,me at,-18.5625,2,2token,not_valid_noun
hammers,me I,-18.5625,2,2token,not_valid_noun
hammers,,-18.59375,2,2token,not_valid_noun
hammers,,-18.59375,2,2token,not_valid_noun
hammers,arbets,-18.59375,2,2token,not_valid_noun
hammers,item -,-18.625,2,2token,not_valid_noun
hammers,"pliers ,",-18.625,2,2token,not_valid_noun
hammers,gun and,-18.625,2,2token,incomplete_phrase
hammers,technology Tools,-18.625,2,2token,incomplete_phrase
hammers,me che,-18.625,2,2token,not_valid_noun
hammers,item ____,-18.625,2,2token,not_valid_noun
hammers,industry to,-18.625,2,2token,not_valid_noun
hammers,item Useful,-18.625,2,2token,incomplete_phrase
hammers,animal farm,-18.625,2,2token,incomplete_phrase
hammers,screwdriver for,-18.625,2,2token,incomplete_phrase
hammers,screwdriver _______,-18.625,2,2token,not_valid_noun
hammers,woodworking _____,-18.625,2,2token,not_valid_noun
hammers,screwdriver to,-18.625,2,2token,not_valid_noun
hammers,vehicle on,-18.625,2,2token,not_valid_noun
hammers,gadget _____,-18.625,2,2token,not_valid_noun
hammers,man Made,-18.625,2,2token,incomplete_phrase
hammers,food _,-18.625,2,2token,not_valid_noun
hammers,food ingredient,-18.625,2,2token,not_valid_noun
hammers,clock ....,-18.625,2,2token,not_valid_noun
hammers,axe that,-18.625,2,2token,incomplete_phrase
hammers,axe ______,-18.625,2,2token,not_valid_noun
hammers,clock -,-18.625,2,2token,not_valid_noun
hammers,man o,-18.625,2,2token,not_valid_noun
hammers,woodworking shop,-18.625,2,2token,incomplete_phrase
hammers,worker of,-18.625,2,2token,not_valid_noun
hammers,vehicle _.,-18.625,2,2token,not_valid_noun
hammers,vehicle _________,-18.625,2,2token,not_valid_noun
hammers,pliers A,-18.625,2,2token,not_valid_noun
hammers,pliers The,-18.625,2,2token,not_valid_noun
hammers,cutlery used,-18.625,2,2token,incomplete_phrase
hammers,cutlery ____,-18.625,2,2token,not_valid_noun
hammers,bl ],-18.625,2,2token,not_valid_noun
hammers,word and,-18.625,2,2token,incomplete_phrase
hammers,word pro,-18.625,2,2token,incomplete_phrase
hammers,utensils …,-18.625,2,2token,not_valid_noun
hammers,word are,-18.625,2,2token,incomplete_phrase
hammers,utensils,-18.625,2,2token,not_valid_noun
hammers,food A,-18.625,2,2token,not_valid_noun
hammers,writing,-18.625,2,2token,incomplete_phrase
hammers,me tel,-18.625,2,2token,not_valid_noun
hammers,article from,-18.625,2,2token,incomplete_phrase
hammers,knife ___________,-18.625,2,2token,not_valid_noun
hammers,knife _________,-18.625,2,2token,not_valid_noun
hammers,vegetables in,-18.625,2,2token,not_valid_noun
hammers,item is,-18.625,2,2token,not_valid_noun
hammers,type on,-18.625,2,2token,not_valid_noun
hammers,TOOLS I,-18.625,2,2token,not_valid_noun
hammers,verb for,-18.625,2,2token,not_valid_noun
hammers,物,-18.65625,2,2token,not_valid_noun
hammers,………… It,-18.6875,2,2token,not_valid_noun
hammers,vegetable ….,-18.6875,2,2token,not_valid_noun
hammers,vegetable ......,-18.6875,2,2token,not_valid_noun
hammers,vegetable [,-18.6875,2,2token,not_valid_noun
hammers,rock p,-18.6875,2,2token,not_valid_noun
hammers,repair _,-18.6875,2,2token,not_valid_noun
hammers,me Source,-18.6875,2,2token,not_valid_noun
hammers,gardening we,-18.6875,2,2token,not_valid_noun
hammers,pen .......,-18.6875,2,2token,not_valid_noun
hammers,pen ….,-18.6875,2,2token,not_valid_noun
hammers,pen ......,-18.6875,2,2token,not_valid_noun
hammers,art -,-18.6875,2,2token,not_valid_noun
hammers,scissors Correct,-18.6875,2,2token,not_valid_noun
hammers,art utens,-18.6875,2,2token,incomplete_phrase
hammers,scissors :,-18.6875,2,2token,not_valid_noun
hammers,scissors _____,-18.6875,2,2token,not_valid_noun
hammers,art is,-18.6875,2,2token,not_valid_noun
hammers,part [,-18.6875,2,2token,not_valid_noun
hammers,part the,-18.6875,2,2token,incomplete_phrase
hammers,scissors COMPLETE,-18.6875,2,2token,not_valid_noun
hammers,wrench for,-18.6875,2,2token,not_valid_noun
hammers,gardening _______,-18.6875,2,2token,not_valid_noun
hammers,………… Continue,-18.6875,2,2token,not_valid_noun
hammers,………… How,-18.6875,2,2token,not_valid_noun
hammers,nut :,-18.6875,2,2token,not_valid_noun
hammers,…………………… They,-18.6875,2,2token,not_valid_noun
hammers,rock _____,-18.6875,2,2token,not_valid_noun
hammers,rock :,-18.6875,2,2token,not_valid_noun
hammers,rock What,-18.6875,2,2token,incomplete_phrase
hammers,rock hard,-18.6875,2,2token,incomplete_phrase
hammers,rock Full,-18.6875,2,2token,incomplete_phrase
hammers,objects related,-18.6875,2,2token,incomplete_phrase
hammers,objects Use,-18.6875,2,2token,incomplete_phrase
hammers,objects Read,-18.6875,2,2token,not_valid_noun
hammers,objects found,-18.6875,2,2token,incomplete_phrase
hammers,game ().,-18.6875,2,2token,not_valid_noun
hammers,rock A,-18.6875,2,2token,not_valid_noun
hammers,game with,-18.6875,2,2token,incomplete_phrase
hammers,game /,-18.6875,2,2token,not_valid_noun
hammers,objects [,-18.6875,2,2token,not_valid_noun
hammers,wea [...,-18.6875,2,2token,not_valid_noun
hammers,wea on,-18.6875,2,2token,not_valid_noun
hammers,kind ______,-18.6875,2,2token,not_valid_noun
hammers,kind _____,-18.6875,2,2token,not_valid_noun
hammers,objects,-18.6875,2,2token,not_valid_noun
hammers,weapons The,-18.6875,2,2token,incomplete_phrase
hammers,game playing,-18.6875,2,2token,incomplete_phrase
hammers,weapons _.,-18.6875,2,2token,not_valid_noun
hammers,woodworking a,-18.6875,2,2token,not_valid_noun
hammers,objects they,-18.6875,2,2token,incomplete_phrase
hammers,repair -,-18.6875,2,2token,not_valid_noun
hammers,…………………… What,-18.6875,2,2token,not_valid_noun
hammers,rock [,-18.6875,2,2token,not_valid_noun
hammers,rock work,-18.6875,2,2token,incomplete_phrase
hammers,mach -,-18.6875,2,2token,not_valid_noun
hammers,pen that,-18.6875,2,2token,incomplete_phrase
hammers,…………………… “,-18.6875,2,2token,not_valid_noun
hammers,bl nd,-18.6875,2,2token,not_valid_noun
hammers,工具 ___________,-18.6875,2,2token,not_valid_noun
hammers,"工具 """,-18.6875,2,2token,not_valid_noun
hammers,nails used,-18.6875,2,2token,incomplete_phrase
hammers,nails …,-18.6875,2,2token,not_valid_noun
hammers,nails ____,-18.6875,2,2token,not_valid_noun
hammers,nails A,-18.6875,2,2token,not_valid_noun
hammers,nails ______,-18.6875,2,2token,not_valid_noun
hammers,chisel a,-18.6875,2,2token,not_valid_noun
hammers,………… …..,-18.6875,2,2token,not_valid_noun
hammers,………… Fruit,-18.6875,2,2token,not_valid_noun
hammers,utens .,-18.71875,2,2token,not_valid_noun
hammers,,-18.71875,2,2token,not_valid_noun
hammers,industry ...,-18.75,2,2token,not_valid_noun
hammers,food The,-18.75,2,2token,incomplete_phrase
hammers,industry is,-18.75,2,2token,not_valid_noun
hammers,man who,-18.75,2,2token,incomplete_phrase
hammers,utensils :,-18.75,2,2token,not_valid_noun
hammers,pliers Which,-18.75,2,2token,incomplete_phrase
hammers,cutlery -,-18.75,2,2token,not_valid_noun
hammers,animal Click,-18.75,2,2token,not_valid_noun
hammers,animal :,-18.75,2,2token,not_valid_noun
hammers,me tall,-18.75,2,2token,not_valid_noun
hammers,money or,-18.75,2,2token,not_valid_noun
hammers,cutlery that,-18.75,2,2token,incomplete_phrase
hammers,piece ____,-18.75,2,2token,not_valid_noun
hammers,pliers Read,-18.75,2,2token,not_valid_noun
hammers,me ans,-18.75,2,2token,not_valid_noun
hammers,clothes -,-18.75,2,2token,not_valid_noun
hammers,clothes ....,-18.75,2,2token,not_valid_noun
hammers,pliers of,-18.75,2,2token,not_valid_noun
hammers,cutlery .....,-18.75,2,2token,not_valid_noun
hammers,pliers ____________,-18.75,2,2token,not_valid_noun
hammers,pliers /,-18.75,2,2token,not_valid_noun
hammers,animal ___________,-18.75,2,2token,not_valid_noun
hammers,axe in,-18.75,2,2token,not_valid_noun
hammers,gun ....,-18.75,2,2token,not_valid_noun
hammers,gun in,-18.75,2,2token,not_valid_noun
hammers,clock Repair,-18.75,2,2token,incomplete_phrase
hammers,food which,-18.75,2,2token,incomplete_phrase
hammers,type that,-18.75,2,2token,incomplete_phrase
hammers,verb used,-18.75,2,2token,not_valid_noun
hammers,knife a,-18.75,2,2token,not_valid_noun
hammers,knife A,-18.75,2,2token,not_valid_noun
hammers,knife Fruit,-18.75,2,2token,incomplete_phrase
hammers,knife Use,-18.75,2,2token,incomplete_phrase
hammers,knife /,-18.75,2,2token,not_valid_noun
hammers,gadget Comple,-18.75,2,2token,incomplete_phrase
hammers,screwdriver /,-18.75,2,2token,not_valid_noun
hammers,wea pun,-18.75,2,2token,incomplete_phrase
hammers,verb of,-18.75,2,2token,not_valid_noun
hammers,mach ine,-18.75,2,2token,not_valid_noun
hammers,type one,-18.75,2,2token,incomplete_phrase
hammers,screwdriver .....,-18.75,2,2token,not_valid_noun
hammers,type -,-18.75,2,2token,not_valid_noun
hammers,knife Correct,-18.75,2,2token,not_valid_noun
hammers,axe -,-18.75,2,2token,not_valid_noun
hammers,knife are,-18.75,2,2token,incomplete_phrase
hammers,apple cutting,-18.75,2,2token,incomplete_phrase
hammers,article ______,-18.75,2,2token,not_valid_noun
hammers,verb ______,-18.75,2,2token,not_valid_noun
hammers,verb ________,-18.75,2,2token,not_valid_noun
hammers,nut Find,-18.75,2,2token,incomplete_phrase
hammers,nut a,-18.75,2,2token,not_valid_noun
hammers,apple that,-18.75,2,2token,incomplete_phrase
hammers,me –,-18.75,2,2token,not_valid_noun
hammers,worker _.,-18.75,2,2token,not_valid_noun
hammers,article complete,-18.75,2,2token,not_valid_noun
hammers,animal to,-18.75,2,2token,not_valid_noun
hammers,animal -,-18.75,2,2token,not_valid_noun
hammers,apple :,-18.75,2,2token,not_valid_noun
hammers,industry Answer,-18.75,2,2token,not_valid_noun
hammers,repair ….,-18.75,2,2token,not_valid_noun
hammers,,-18.78125,2,2token,not_valid_noun
hammers,nails _____,-18.8125,2,2token,not_valid_noun
hammers,hammers A,-18.8125,2,2token,not_valid_noun
hammers,weapons by,-18.8125,2,2token,not_valid_noun
hammers,me di,-18.8125,2,2token,not_valid_noun
hammers,me c,-18.8125,2,2token,not_valid_noun
hammers,weapons is,-18.8125,2,2token,not_valid_noun
hammers,wrench to,-18.8125,2,2token,not_valid_noun
hammers,nails COMPLETE,-18.8125,2,2token,not_valid_noun
hammers,vegetable scissors,-18.8125,2,2token,incomplete_phrase
hammers,hammers :,-18.8125,2,2token,not_valid_noun
hammers,chisel A,-18.8125,2,2token,not_valid_noun
hammers,………… Food,-18.8125,2,2token,not_valid_noun
hammers,wrench _____,-18.8125,2,2token,not_valid_noun
hammers,word called,-18.8125,2,2token,incomplete_phrase
hammers,percussion is,-18.8125,2,2token,not_valid_noun
hammers,pen [,-18.8125,2,2token,not_valid_noun
hammers,herramienta,-18.8125,2,2token,not_valid_noun
hammers,vegetable What,-18.8125,2,2token,incomplete_phrase
hammers,……………………,-18.8125,2,2token,not_valid_noun
hammers,scissors which,-18.8125,2,2token,incomplete_phrase
hammers,art Tools,-18.8125,2,2token,incomplete_phrase
hammers,"nut ,",-18.8125,2,2token,not_valid_noun
hammers,wea ep,-18.8125,2,2token,not_valid_noun
hammers,"chisel ,",-18.8125,2,2token,not_valid_noun
hammers,chisel the,-18.8125,2,2token,incomplete_phrase
hammers,chisel Read,-18.8125,2,2token,not_valid_noun
hammers,………… Change,-18.8125,2,2token,not_valid_noun
hammers,nails Full,-18.8125,2,2token,incomplete_phrase
hammers,nails ..,-18.8125,2,2token,not_valid_noun
hammers,word which,-18.8125,2,2token,incomplete_phrase
hammers,………… We,-18.8125,2,2token,not_valid_noun
hammers,job completed,-18.8125,2,2token,not_valid_noun
hammers,job Related,-18.8125,2,2token,incomplete_phrase
hammers,job -,-18.8125,2,2token,not_valid_noun
hammers,………… “,-18.8125,2,2token,not_valid_noun
hammers,rock to,-18.8125,2,2token,not_valid_noun
hammers,rock for,-18.8125,2,2token,incomplete_phrase
hammers,game :,-18.8125,2,2token,not_valid_noun
hammers,game played,-18.8125,2,2token,incomplete_phrase
hammers,game which,-18.8125,2,2token,incomplete_phrase
hammers,chisel _________,-18.8125,2,2token,not_valid_noun
hammers,me chat,-18.8125,2,2token,not_valid_noun
hammers,kind Article,-18.8125,2,2token,incomplete_phrase
hammers,kind __,-18.8125,2,2token,not_valid_noun
hammers,kind kind,-18.8125,2,2token,incomplete_phrase
hammers,game Download,-18.8125,2,2token,not_valid_noun
hammers,weapons _,-18.8125,2,2token,not_valid_noun
hammers,weapons from,-18.8125,2,2token,incomplete_phrase
hammers,pen …,-18.8125,2,2token,not_valid_noun
hammers,…………………… It,-18.8125,2,2token,not_valid_noun
hammers,kind A,-18.8125,2,2token,not_valid_noun
hammers,vegetable ?,-18.8125,2,2token,not_valid_noun
hammers,vegetable that,-18.8125,2,2token,incomplete_phrase
hammers,wea (,-18.8125,2,2token,not_valid_noun
hammers,part you,-18.8125,2,2token,incomplete_phrase
hammers,…………………… ……………………,-18.8125,2,2token,not_valid_noun
hammers,part Use,-18.8125,2,2token,incomplete_phrase
hammers,percussion ______,-18.8125,2,2token,not_valid_noun
hammers,piece [,-18.8125,2,2token,not_valid_noun
hammers,piece _,-18.8125,2,2token,not_valid_noun
hammers,percussion percussion,-18.8125,2,2token,incomplete_phrase
hammers,……,-18.84375,2,2token,not_valid_noun
hammers,technology _,-18.875,2,2token,not_valid_noun
hammers,utensils Answer,-18.875,2,2token,not_valid_noun
hammers,cutlery to,-18.875,2,2token,not_valid_noun
hammers,man with,-18.875,2,2token,incomplete_phrase
hammers,apple to,-18.875,2,2token,not_valid_noun
hammers,food you,-18.875,2,2token,incomplete_phrase
hammers,food are,-18.875,2,2token,incomplete_phrase
hammers,man ____________,-18.875,2,2token,not_valid_noun
hammers,item ______,-18.875,2,2token,not_valid_noun
hammers,cutlery Fill,-18.875,2,2token,not_valid_noun
hammers,technology ________,-18.875,2,2token,not_valid_noun
hammers,cutlery ______,-18.875,2,2token,not_valid_noun
hammers,bl ..,-18.875,2,2token,not_valid_noun
hammers,bl —,-18.875,2,2token,not_valid_noun
hammers,clothes to,-18.875,2,2token,not_valid_noun
hammers,pliers Fill,-18.875,2,2token,not_valid_noun
hammers,gun -,-18.875,2,2token,not_valid_noun
hammers,gun that,-18.875,2,2token,incomplete_phrase
hammers,piece de,-18.875,2,2token,not_valid_noun
hammers,clock ______,-18.875,2,2token,not_valid_noun
hammers,clock for,-18.875,2,2token,incomplete_phrase
hammers,clock that,-18.875,2,2token,incomplete_phrase
hammers,item like,-18.875,2,2token,incomplete_phrase
hammers,utensils,-18.875,2,2token,not_valid_noun
hammers,pliers ......,-18.875,2,2token,not_valid_noun
hammers,animal .....,-18.875,2,2token,not_valid_noun
hammers,animal for,-18.875,2,2token,incomplete_phrase
hammers,utensils Fill,-18.875,2,2token,not_valid_noun
hammers,food .......,-18.875,2,2token,not_valid_noun
hammers,food by,-18.875,2,2token,not_valid_noun
hammers,animal is,-18.875,2,2token,not_valid_noun
hammers,bl We,-18.875,2,2token,not_valid_noun
hammers,item _____,-18.875,2,2token,not_valid_noun
hammers,money -,-18.875,2,2token,not_valid_noun
hammers,worker for,-18.875,2,2token,incomplete_phrase
hammers,screwdriver Answer,-18.875,2,2token,not_valid_noun
hammers,knife Read,-18.875,2,2token,not_valid_noun
hammers,blacksmith -,-18.875,2,2token,not_valid_noun
hammers,knife by,-18.875,2,2token,not_valid_noun
hammers,item such,-18.875,2,2token,incomplete_phrase
hammers,item ….,-18.875,2,2token,not_valid_noun
hammers,blacksmith /,-18.875,2,2token,not_valid_noun
hammers,verb [,-18.875,2,2token,not_valid_noun
hammers,me as,-18.875,2,2token,not_valid_noun
hammers,knife The,-18.875,2,2token,incomplete_phrase
hammers,nut ____,-18.875,2,2token,not_valid_noun
hammers,me is,-18.875,2,2token,not_valid_noun
hammers,wea Weapons,-18.875,2,2token,incomplete_phrase
hammers,gadget _,-18.875,2,2token,not_valid_noun
hammers,gadget =,-18.875,2,2token,not_valid_noun
hammers,pen for,-18.875,2,2token,incomplete_phrase
hammers,article -,-18.875,2,2token,not_valid_noun
hammers,gadget A,-18.875,2,2token,not_valid_noun
hammers,verb A,-18.875,2,2token,not_valid_noun
hammers,piece the,-18.875,2,2token,incomplete_phrase
hammers,clock _______,-18.875,2,2token,not_valid_noun
hammers,utensils _____,-18.875,2,2token,not_valid_noun
hammers,item Use,-18.875,2,2token,incomplete_phrase
hammers,utens,-18.90625,2,2token,not_valid_noun
hammers,nails Correct,-18.9375,2,2token,not_valid_noun
hammers,job a,-18.9375,2,2token,not_valid_noun
hammers,nails The,-18.9375,2,2token,incomplete_phrase
hammers,nails,-18.9375,2,2token,not_valid_noun
hammers,………… Example,-18.9375,2,2token,not_valid_noun
hammers,bl e,-18.9375,2,2token,not_valid_noun
hammers,scissors by,-18.9375,2,2token,not_valid_noun
hammers,scissors a,-18.9375,2,2token,not_valid_noun
hammers,nails Tools,-18.9375,2,2token,not_valid_noun
hammers,nut All,-18.9375,2,2token,incomplete_phrase
hammers,nails What,-18.9375,2,2token,incomplete_phrase
hammers,………… –,-18.9375,2,2token,not_valid_noun
hammers,bl in,-18.9375,2,2token,not_valid_noun
hammers,nails Answer,-18.9375,2,2token,not_valid_noun
hammers,"nails ,",-18.9375,2,2token,not_valid_noun
hammers,hammers Edit,-18.9375,2,2token,incomplete_phrase
hammers,nails by,-18.9375,2,2token,not_valid_noun
hammers,hammers which,-18.9375,2,2token,incomplete_phrase
hammers,man _____,-18.9375,2,2token,not_valid_noun
hammers,man i,-18.9375,2,2token,not_valid_noun
hammers,wrench with,-18.9375,2,2token,not_valid_noun
hammers,…………………… ..,-18.9375,2,2token,not_valid_noun
hammers,…………………… food,-18.9375,2,2token,not_valid_noun
hammers,…………………… Tool,-18.9375,2,2token,not_valid_noun
hammers,art _,-18.9375,2,2token,not_valid_noun
hammers,…………………… In,-18.9375,2,2token,not_valid_noun
hammers,part _________,-18.9375,2,2token,not_valid_noun
hammers,woodworking ma,-18.9375,2,2token,not_valid_noun
hammers,wea [...],-18.9375,2,2token,not_valid_noun
hammers,kind Answer,-18.9375,2,2token,not_valid_noun
hammers,kind if,-18.9375,2,2token,not_valid_noun
hammers,kind -,-18.9375,2,2token,not_valid_noun
hammers,kind for,-18.9375,2,2token,incomplete_phrase
hammers,rock Choose,-18.9375,2,2token,not_valid_noun
hammers,rock Sample,-18.9375,2,2token,incomplete_phrase
hammers,gardening a,-18.9375,2,2token,not_valid_noun
hammers,………… Select,-18.9375,2,2token,not_valid_noun
hammers,,-18.96875,2,2token,not_valid_noun
hammers,,-18.96875,2,2token,not_valid_noun
hammers,__,-18.96875,2,2token,not_valid_noun
hammers,industry Tools,-19.0,2,2token,incomplete_phrase
hammers,me .....,-19.0,2,2token,not_valid_noun
hammers,piece with,-19.0,2,2token,incomplete_phrase
hammers,me This,-19.0,2,2token,not_valid_noun
hammers,me ns,-19.0,2,2token,not_valid_noun
hammers,worker utens,-19.0,2,2token,incomplete_phrase
hammers,mach (,-19.0,2,2token,not_valid_noun
hammers,screwdriver which,-19.0,2,2token,incomplete_phrase
hammers,worker at,-19.0,2,2token,not_valid_noun
hammers,worker a,-19.0,2,2token,not_valid_noun
hammers,me on,-19.0,2,2token,not_valid_noun
hammers,screwdriver …,-19.0,2,2token,not_valid_noun
hammers,worker …,-19.0,2,2token,not_valid_noun
hammers,industry -,-19.0,2,2token,not_valid_noun
hammers,verb a,-19.0,2,2token,not_valid_noun
hammers,screwdriver ….,-19.0,2,2token,not_valid_noun
hammers,technology A,-19.0,2,2token,not_valid_noun
hammers,verb Present,-19.0,2,2token,incomplete_phrase
hammers,axe with,-19.0,2,2token,not_valid_noun
hammers,axe /,-19.0,2,2token,not_valid_noun
hammers,utensils by,-19.0,2,2token,not_valid_noun
hammers,blacksmith _,-19.0,2,2token,not_valid_noun
hammers,blacksmith ing,-19.0,2,2token,incomplete_phrase
hammers,animal _,-19.0,2,2token,not_valid_noun
hammers,animal Tools,-19.0,2,2token,incomplete_phrase
hammers,animal …,-19.0,2,2token,not_valid_noun
hammers,blacksmith are,-19.0,2,2token,incomplete_phrase
hammers,wea pom,-19.0,2,2token,incomplete_phrase
hammers,verb .....,-19.0,2,2token,not_valid_noun
hammers,article [,-19.0,2,2token,not_valid_noun
hammers,gadget the,-19.0,2,2token,incomplete_phrase
hammers,gadget The,-19.0,2,2token,incomplete_phrase
hammers,gadget _.,-19.0,2,2token,not_valid_noun
hammers,gadget from,-19.0,2,2token,incomplete_phrase
hammers,piece /,-19.0,2,2token,not_valid_noun
hammers,clock are,-19.0,2,2token,incomplete_phrase
hammers,percussion Instr,-19.0,2,2token,incomplete_phrase
hammers,food from,-19.0,2,2token,incomplete_phrase
hammers,gun ______,-19.0,2,2token,not_valid_noun
hammers,food on,-19.0,2,2token,not_valid_noun
hammers,axe to,-19.0,2,2token,not_valid_noun
hammers,pen ____________,-19.0,2,2token,not_valid_noun
hammers,gun ________,-19.0,2,2token,not_valid_noun
hammers,pen are,-19.0,2,2token,incomplete_phrase
hammers,pen Write,-19.0,2,2token,not_valid_noun
hammers,woodworking /,-19.0,2,2token,not_valid_noun
hammers,animal a,-19.0,2,2token,not_valid_noun
hammers,bl instrument,-19.0,2,2token,not_valid_noun
hammers,nut of,-19.0,2,2token,not_valid_noun
hammers,cutlery which,-19.0,2,2token,incomplete_phrase
hammers,item related,-19.0,2,2token,incomplete_phrase
hammers,item around,-19.0,2,2token,incomplete_phrase
hammers,item useful,-19.0,2,2token,incomplete_phrase
hammers,cutlery Answer,-19.0,2,2token,not_valid_noun
hammers,nut _____,-19.0,2,2token,not_valid_noun
hammers,man /,-19.0,2,2token,not_valid_noun
hammers,cutlery /,-19.0,2,2token,not_valid_noun
hammers,food of,-19.0,2,2token,not_valid_noun
hammers,man s,-19.0,2,2token,not_valid_noun
hammers,pliers the,-19.0,2,2token,incomplete_phrase
hammers,item they,-19.0,2,2token,incomplete_phrase
hammers,item …,-19.0,2,2token,not_valid_noun
hammers,clock to,-19.0,2,2token,not_valid_noun
hammers,clothes that,-19.0,2,2token,incomplete_phrase
hammers,item belonging,-19.0,2,2token,incomplete_phrase
hammers,utens (,-19.03125,2,2token,not_valid_noun
hammers,ابزار,-19.03125,2,2token,not_valid_noun
hammers,kind Comple,-19.0625,2,2token,incomplete_phrase
hammers,hammers made,-19.0625,2,2token,incomplete_phrase
hammers,job ....,-19.0625,2,2token,not_valid_noun
hammers,nut .......,-19.0625,2,2token,not_valid_noun
hammers,percussion ….,-19.0625,2,2token,not_valid_noun
hammers,bl ______,-19.0625,2,2token,not_valid_noun
hammers,percussion ____________,-19.0625,2,2token,not_valid_noun
hammers,scissors Cut,-19.0625,2,2token,incomplete_phrase
hammers,scissors ….,-19.0625,2,2token,not_valid_noun
hammers,nails /,-19.0625,2,2token,not_valid_noun
hammers,nails _,-19.0625,2,2token,not_valid_noun
hammers,scissors Answer,-19.0625,2,2token,not_valid_noun
hammers,art complete,-19.0625,2,2token,not_valid_noun
hammers,art /,-19.0625,2,2token,not_valid_noun
hammers,chisel type,-19.0625,2,2token,incomplete_phrase
hammers,chisel .......,-19.0625,2,2token,not_valid_noun
hammers,part …,-19.0625,2,2token,not_valid_noun
hammers,part .....,-19.0625,2,2token,not_valid_noun
hammers,mach en,-19.0625,2,2token,not_valid_noun
hammers,………… and,-19.0625,2,2token,not_valid_noun
hammers,………… Each,-19.0625,2,2token,not_valid_noun
hammers,part o,-19.0625,2,2token,not_valid_noun
hammers,part _,-19.0625,2,2token,not_valid_noun
hammers,chisel by,-19.0625,2,2token,not_valid_noun
hammers,bl tool,-19.0625,2,2token,not_valid_noun
hammers,percussion /,-19.0625,2,2token,not_valid_noun
hammers,kind Read,-19.0625,2,2token,not_valid_noun
hammers,man sur,-19.0625,2,2token,incomplete_phrase
hammers,nails [,-19.0625,2,2token,not_valid_noun
hammers,nails of,-19.0625,2,2token,not_valid_noun
hammers,wrench The,-19.0625,2,2token,incomplete_phrase
hammers,kind ?,-19.0625,2,2token,not_valid_noun
hammers,wrench [,-19.0625,2,2token,not_valid_noun
hammers,me of,-19.0625,2,2token,not_valid_noun
hammers,percussion intr,-19.0625,2,2token,incomplete_phrase
hammers,…………………… This,-19.0625,2,2token,not_valid_noun
hammers,…………………… ……,-19.0625,2,2token,not_valid_noun
hammers,verb The,-19.125,2,2token,incomplete_phrase
hammers,article Read,-19.125,2,2token,not_valid_noun
hammers,axe for,-19.125,2,2token,not_valid_noun
hammers,verb Noun,-19.125,2,2token,incomplete_phrase
hammers,verb with,-19.125,2,2token,not_valid_noun
hammers,utensils Read,-19.125,2,2token,not_valid_noun
hammers,man are,-19.125,2,2token,incomplete_phrase
hammers,industry _______,-19.125,2,2token,not_valid_noun
hammers,utensils ..,-19.125,2,2token,not_valid_noun
hammers,clothes on,-19.125,2,2token,not_valid_noun
hammers,man __,-19.125,2,2token,not_valid_noun
hammers,strumento,-19.125,2,2token,not_valid_noun
hammers,man and,-19.125,2,2token,incomplete_phrase
hammers,screwdriver A,-19.125,2,2token,not_valid_noun
hammers,blacksmith …,-19.125,2,2token,not_valid_noun
hammers,animal like,-19.125,2,2token,incomplete_phrase
hammers,me s,-19.125,2,2token,not_valid_noun
hammers,me this,-19.125,2,2token,not_valid_noun
hammers,money ________,-19.125,2,2token,not_valid_noun
hammers,money _______,-19.125,2,2token,not_valid_noun
hammers,money are,-19.125,2,2token,incomplete_phrase
hammers,industry which,-19.125,2,2token,incomplete_phrase
hammers,blacksmith ?,-19.125,2,2token,not_valid_noun
hammers,vegetables or,-19.125,2,2token,not_valid_noun
hammers,blacksmith,-19.125,2,2token,incomplete_phrase
hammers,clock makers,-19.125,2,2token,incomplete_phrase
hammers,technology we,-19.125,2,2token,not_valid_noun
hammers,technology _.,-19.125,2,2token,not_valid_noun
hammers,clothes :,-19.125,2,2token,not_valid_noun
hammers,clock .....,-19.125,2,2token,not_valid_noun
hammers,gun _,-19.125,2,2token,not_valid_noun
hammers,pen with,-19.125,2,2token,incomplete_phrase
hammers,bl о,-19.125,2,2token,not_valid_noun
hammers,pen Click,-19.125,2,2token,not_valid_noun
hammers,gun for,-19.125,2,2token,incomplete_phrase
hammers,bl edge,-19.125,2,2token,not_valid_noun
hammers,clock with,-19.125,2,2token,incomplete_phrase
hammers,clock Find,-19.125,2,2token,incomplete_phrase
hammers,axe _____,-19.125,2,2token,not_valid_noun
hammers,worker ____________,-19.125,2,2token,not_valid_noun
hammers,worker ....,-19.125,2,2token,not_valid_noun
hammers,technology a,-19.125,2,2token,not_valid_noun
hammers,worker hand,-19.125,2,2token,incomplete_phrase
hammers,technology The,-19.125,2,2token,incomplete_phrase
hammers,screwdriver a,-19.125,2,2token,not_valid_noun
hammers,métallique,-19.15625,2,2token,not_valid_noun
hammers,hånd,-19.15625,2,2token,not_valid_noun
hammers,"kind ,",-19.1875,2,2token,not_valid_noun
hammers,kind The,-19.1875,2,2token,not_valid_noun
hammers,scissors …,-19.1875,2,2token,not_valid_noun
hammers,man _.,-19.1875,2,2token,not_valid_noun
hammers,scissors used,-19.1875,2,2token,incomplete_phrase
hammers,scissors .....,-19.1875,2,2token,not_valid_noun
hammers,hammers kind,-19.1875,2,2token,incomplete_phrase
hammers,bl edged,-19.1875,2,2token,not_valid_noun
hammers,bl The,-19.1875,2,2token,not_valid_noun
hammers,percussion e,-19.1875,2,2token,not_valid_noun
hammers,percussion mal,-19.1875,2,2token,incomplete_phrase
hammers,scissors A,-19.1875,2,2token,not_valid_noun
hammers,bl :,-19.1875,2,2token,not_valid_noun
hammers,kind to,-19.1875,2,2token,not_valid_noun
hammers,hammers ______,-19.1875,2,2token,not_valid_noun
hammers,piece used,-19.1875,2,2token,incomplete_phrase
hammers,job of,-19.1875,2,2token,not_valid_noun
hammers,…………………… There,-19.1875,2,2token,not_valid_noun
hammers,"part ,",-19.1875,2,2token,not_valid_noun
hammers,chisel Use,-19.1875,2,2token,incomplete_phrase
hammers,…………………… –,-19.1875,2,2token,not_valid_noun
hammers,man [,-19.1875,2,2token,not_valid_noun
hammers,wrench Read,-19.1875,2,2token,not_valid_noun
hammers,job related,-19.1875,2,2token,not_valid_noun
hammers,job /,-19.1875,2,2token,not_valid_noun
hammers,job iron,-19.1875,2,2token,incomplete_phrase
hammers,wrench A,-19.1875,2,2token,not_valid_noun
hammers,wrench _________,-19.1875,2,2token,not_valid_noun
hammers,nut ….,-19.1875,2,2token,not_valid_noun
hammers,bl A,-19.1875,2,2token,not_valid_noun
hammers,percussion,-19.1875,2,2token,incomplete_phrase
hammers,part Answer,-19.1875,2,2token,not_valid_noun
hammers,part __,-19.1875,2,2token,not_valid_noun
hammers,kind =,-19.1875,2,2token,not_valid_noun
hammers,wrench which,-19.1875,2,2token,incomplete_phrase
hammers,percussion -,-19.1875,2,2token,not_valid_noun
hammers,nut The,-19.1875,2,2token,incomplete_phrase
hammers,,-19.21875,2,2token,not_valid_noun
hammers,то,-19.21875,2,2token,not_valid_noun
hammers,screwdriver by,-19.25,2,2token,not_valid_noun
hammers,screwdriver The,-19.25,2,2token,incomplete_phrase
hammers,money that,-19.25,2,2token,incomplete_phrase
hammers,industry ________,-19.25,2,2token,not_valid_noun
hammers,verb :,-19.25,2,2token,not_valid_noun
hammers,axe are,-19.25,2,2token,incomplete_phrase
hammers,article on,-19.25,2,2token,not_valid_noun
hammers,article is,-19.25,2,2token,not_valid_noun
hammers,article a,-19.25,2,2token,not_valid_noun
hammers,pen /,-19.25,2,2token,not_valid_noun
hammers,pen utens,-19.25,2,2token,incomplete_phrase
hammers,verb COMPLETE,-19.25,2,2token,not_valid_noun
hammers,verb ….,-19.25,2,2token,not_valid_noun
hammers,worker on,-19.25,2,2token,not_valid_noun
hammers,screwdriver Read,-19.25,2,2token,not_valid_noun
hammers,blacksmith ’,-19.25,2,2token,not_valid_noun
hammers,axe Head,-19.25,2,2token,incomplete_phrase
hammers,axe used,-19.25,2,2token,incomplete_phrase
hammers,axe which,-19.25,2,2token,incomplete_phrase
hammers,verb which,-19.25,2,2token,incomplete_phrase
hammers,cutlery ….,-19.25,2,2token,not_valid_noun
hammers,cutlery Item,-19.25,2,2token,incomplete_phrase
hammers,bl –,-19.25,2,2token,not_valid_noun
hammers,technology ______,-19.25,2,2token,not_valid_noun
hammers,technology :,-19.25,2,2token,not_valid_noun
hammers,cutlery _____,-19.25,2,2token,not_valid_noun
hammers,clock ____,-19.25,2,2token,not_valid_noun
hammers,gun to,-19.25,2,2token,not_valid_noun
hammers,gun used,-19.25,2,2token,incomplete_phrase
hammers,pen,-19.25,2,2token,not_valid_noun
hammers,technology is,-19.25,2,2token,not_valid_noun
hammers,technology with,-19.25,2,2token,incomplete_phrase
hammers,percussion a,-19.25,2,2token,not_valid_noun
hammers,technology /,-19.25,2,2token,not_valid_noun
hammers,technology Read,-19.25,2,2token,not_valid_noun
hammers,bl w,-19.25,2,2token,not_valid_noun
hammers,utensils A,-19.25,2,2token,not_valid_noun
hammers,vegetables Fill,-19.25,2,2token,not_valid_noun
hammers,utensils The,-19.25,2,2token,incomplete_phrase
hammers,vegetables _______,-19.25,2,2token,not_valid_noun
hammers,clothes you,-19.25,2,2token,incomplete_phrase
hammers,cutlery :,-19.25,2,2token,not_valid_noun
hammers,vegetables Answer,-19.25,2,2token,not_valid_noun
hammers,article _____,-19.25,2,2token,not_valid_noun
hammers,nut And,-19.25,2,2token,incomplete_phrase
hammers,article ..,-19.25,2,2token,not_valid_noun
hammers,article .....,-19.25,2,2token,not_valid_noun
hammers,industry Read,-19.25,2,2token,not_valid_noun
hammers,lực,-19.28125,2,2token,not_valid_noun
hammers,قاعده,-19.28125,2,2token,not_valid_noun
hammers,,-19.28125,2,2token,not_valid_noun
hammers,scissors Comple,-19.3125,2,2token,incomplete_phrase
hammers,job ______,-19.3125,2,2token,not_valid_noun
hammers,job Tools,-19.3125,2,2token,incomplete_phrase
hammers,hammers ?,-19.3125,2,2token,not_valid_noun
hammers,hammers _____,-19.3125,2,2token,not_valid_noun
hammers,hammers _,-19.3125,2,2token,not_valid_noun
hammers,hammers ____,-19.3125,2,2token,not_valid_noun
hammers,…………………… Continue,-19.3125,2,2token,not_valid_noun
hammers,…………………… Work,-19.3125,2,2token,not_valid_noun
hammers,wea (...),-19.3125,2,2token,not_valid_noun
hammers,hammers The,-19.3125,2,2token,incomplete_phrase
hammers,…………………… How,-19.3125,2,2token,not_valid_noun
hammers,…………………… To,-19.3125,2,2token,not_valid_noun
hammers,…………………… You,-19.3125,2,2token,not_valid_noun
hammers,……………………,-19.3125,2,2token,not_valid_noun
hammers,part I,-19.3125,2,2token,not_valid_noun
hammers,scissors The,-19.3125,2,2token,incomplete_phrase
hammers,scissors Fill,-19.3125,2,2token,not_valid_noun
hammers,hammers Comple,-19.3125,2,2token,incomplete_phrase
hammers,wrench _,-19.3125,2,2token,not_valid_noun
hammers,alat,-19.3125,2,2token,not_valid_noun
hammers,piece -,-19.3125,2,2token,not_valid_noun
hammers,wrench /,-19.3125,2,2token,not_valid_noun
hammers,…………………… tools,-19.3125,2,2token,not_valid_noun
hammers,utilisez,-19.34375,2,2token,not_valid_noun
hammers,(...),-19.34375,2,2token,not_valid_noun
hammers,vật,-19.34375,2,2token,not_valid_noun
hammers,词,-19.34375,2,2token,not_valid_noun
hammers,bl ?,-19.375,2,2token,not_valid_noun
hammers,verb /,-19.375,2,2token,not_valid_noun
hammers,blacksmith utens,-19.375,2,2token,incomplete_phrase
hammers,blacksmith _______,-19.375,2,2token,not_valid_noun
hammers,bl .....,-19.375,2,2token,not_valid_noun
hammers,gun Part,-19.375,2,2token,incomplete_phrase
hammers,screwdriver _____,-19.375,2,2token,not_valid_noun
hammers,verb ____,-19.375,2,2token,not_valid_noun
hammers,verb Comple,-19.375,2,2token,incomplete_phrase
hammers,utensils fruit,-19.375,2,2token,incomplete_phrase
hammers,utensils _,-19.375,2,2token,not_valid_noun
hammers,utensils ___________,-19.375,2,2token,not_valid_noun
hammers,clothes ________,-19.375,2,2token,not_valid_noun
hammers,money Answer,-19.375,2,2token,not_valid_noun
hammers,clothes ..,-19.375,2,2token,not_valid_noun
hammers,cutlery [,-19.375,2,2token,not_valid_noun
hammers,cutlery is,-19.375,2,2token,not_valid_noun
hammers,cutlery with,-19.375,2,2token,incomplete_phrase
hammers,cutlery utens,-19.375,2,2token,incomplete_phrase
hammers,pen ..,-19.375,2,2token,not_valid_noun
hammers,pen …………,-19.375,2,2token,not_valid_noun
hammers,cutlery Full,-19.375,2,2token,incomplete_phrase
hammers,cutlery _,-19.375,2,2token,not_valid_noun
hammers,verb …,-19.375,2,2token,not_valid_noun
hammers,verb _,-19.375,2,2token,not_valid_noun
hammers,axe :,-19.375,2,2token,not_valid_noun
hammers,"utensils ,",-19.375,2,2token,not_valid_noun
hammers,utensils ......,-19.375,2,2token,not_valid_noun
hammers,utensils _.,-19.375,2,2token,not_valid_noun
hammers,utensils ____________,-19.375,2,2token,not_valid_noun
hammers,utensils from,-19.375,2,2token,incomplete_phrase
hammers,screwdriver ______,-19.375,2,2token,not_valid_noun
hammers,utensils you,-19.375,2,2token,incomplete_phrase
hammers,technology ____,-19.375,2,2token,not_valid_noun
hammers,technology Fill,-19.375,2,2token,not_valid_noun
hammers,technology Product,-19.375,2,2token,incomplete_phrase
hammers,vegetables -,-19.375,2,2token,not_valid_noun
hammers,vegetables :,-19.375,2,2token,not_valid_noun
hammers,vegetables are,-19.375,2,2token,incomplete_phrase
hammers,industry A,-19.375,2,2token,not_valid_noun
hammers,industry ….,-19.375,2,2token,not_valid_noun
hammers,industry a,-19.375,2,2token,not_valid_noun
hammers,article you,-19.375,2,2token,incomplete_phrase
hammers,article A,-19.375,2,2token,not_valid_noun
hammers,article ….,-19.375,2,2token,not_valid_noun
hammers,vegetables .....,-19.375,2,2token,not_valid_noun
hammers,piece ..,-19.375,2,2token,not_valid_noun
hammers,piece is,-19.375,2,2token,not_valid_noun
hammers,piece from,-19.375,2,2token,incomplete_phrase
hammers,piece ol,-19.375,2,2token,not_valid_noun
hammers,instrumento,-19.375,2,2token,not_valid_noun
hammers,axe Answer,-19.375,2,2token,not_valid_noun
hammers,axe A,-19.375,2,2token,not_valid_noun
hammers,axe .....,-19.375,2,2token,not_valid_noun
hammers,piece ….,-19.375,2,2token,not_valid_noun
hammers,technology Question,-19.375,2,2token,not_valid_noun
hammers,technology [,-19.375,2,2token,not_valid_noun
hammers,utens …,-19.40625,2,2token,not_valid_noun
hammers,,-19.40625,2,2token,not_valid_noun
hammers,pen which,-19.4375,2,2token,incomplete_phrase
hammers,hammers Tools,-19.4375,2,2token,not_valid_noun
hammers,wrench by,-19.4375,2,2token,not_valid_noun
hammers,handic ...,-19.4375,2,2token,not_valid_noun
hammers,wrench COMPLETE,-19.4375,2,2token,not_valid_noun
hammers,wrench used,-19.4375,2,2token,incomplete_phrase
hammers,piece .....,-19.4375,2,2token,not_valid_noun
hammers,wrench ___________,-19.4375,2,2token,not_valid_noun
hammers,"wrench ,",-19.4375,2,2token,not_valid_noun
hammers,wrench the,-19.4375,2,2token,incomplete_phrase
hammers,piece ______,-19.4375,2,2token,not_valid_noun
hammers,pen ……,-19.4375,2,2token,not_valid_noun
hammers,"hammers ,",-19.4375,2,2token,not_valid_noun
hammers,pen I,-19.4375,2,2token,not_valid_noun
hammers,hammers Answer,-19.4375,2,2token,not_valid_noun
hammers,job Completed,-19.4375,2,2token,not_valid_noun
hammers,job which,-19.4375,2,2token,incomplete_phrase
hammers,hammers Full,-19.4375,2,2token,incomplete_phrase
hammers,…………………… Are,-19.4375,2,2token,not_valid_noun
hammers,…………………… complete,-19.4375,2,2token,not_valid_noun
hammers,pen Is,-19.4375,2,2token,not_valid_noun
hammers,scissors _,-19.4375,2,2token,not_valid_noun
hammers,bl [,-19.4375,2,2token,not_valid_noun
hammers,…………………… and,-19.4375,2,2token,not_valid_noun
hammers,scissors Read,-19.4375,2,2token,not_valid_noun
hammers,job is,-19.4375,2,2token,not_valid_noun
hammers,scissors Full,-19.4375,2,2token,incomplete_phrase
hammers,blacksmith hand,-19.5,2,2token,incomplete_phrase
hammers,article by,-19.5,2,2token,not_valid_noun
hammers,article :,-19.5,2,2token,not_valid_noun
hammers,article _,-19.5,2,2token,not_valid_noun
hammers,article …,-19.5,2,2token,not_valid_noun
hammers,article ____________,-19.5,2,2token,not_valid_noun
hammers,industry Comple,-19.5,2,2token,incomplete_phrase
hammers,screwdriver _,-19.5,2,2token,not_valid_noun
hammers,screwdriver [,-19.5,2,2token,not_valid_noun
hammers,clock complete,-19.5,2,2token,not_valid_noun
hammers,axe a,-19.5,2,2token,not_valid_noun
hammers,clock _,-19.5,2,2token,not_valid_noun
hammers,clock /,-19.5,2,2token,not_valid_noun
hammers,vegetables Read,-19.5,2,2token,not_valid_noun
hammers,axe …,-19.5,2,2token,not_valid_noun
hammers,axe ….,-19.5,2,2token,not_valid_noun
hammers,screwdriver ..,-19.5,2,2token,not_valid_noun
hammers,screwdriver ?,-19.5,2,2token,not_valid_noun
hammers,wea ......,-19.5,2,2token,not_valid_noun
hammers,blacksmith a,-19.5,2,2token,not_valid_noun
hammers,gun _____,-19.5,2,2token,not_valid_noun
hammers,pen Compare,-19.5,2,2token,incomplete_phrase
hammers,blacksmith [,-19.5,2,2token,not_valid_noun
hammers,cutlery Correct,-19.5,2,2token,not_valid_noun
hammers,cutlery COMPLETE,-19.5,2,2token,not_valid_noun
hammers,money .....,-19.5,2,2token,not_valid_noun
hammers,bl ind,-19.5,2,2token,not_valid_noun
hammers,"screwdriver ,",-19.5,2,2token,not_valid_noun
hammers,screwdriver ____,-19.5,2,2token,not_valid_noun
hammers,фабри,-19.53125,2,2token,not_valid_noun
hammers,handic .,-19.5625,2,2token,not_valid_noun
hammers,mach hine,-19.5625,2,2token,not_valid_noun
hammers,wrench ..,-19.5625,2,2token,not_valid_noun
hammers,wea ..,-19.5625,2,2token,not_valid_noun
hammers,…………………… metal,-19.5625,2,2token,not_valid_noun
hammers,mach [...],-19.5625,2,2token,not_valid_noun
hammers,hammers you,-19.5625,2,2token,incomplete_phrase
hammers,hammers /,-19.5625,2,2token,not_valid_noun
hammers,wrench ......,-19.5625,2,2token,not_valid_noun
hammers,scissors /,-19.5625,2,2token,not_valid_noun
hammers,hammers by,-19.5625,2,2token,not_valid_noun
hammers,hammers can,-19.5625,2,2token,incomplete_phrase
hammers,job _.,-19.5625,2,2token,not_valid_noun
hammers,job :,-19.5625,2,2token,not_valid_noun
hammers,hammers etc,-19.5625,2,2token,not_valid_noun
hammers,hammers as,-19.5625,2,2token,not_valid_noun
hammers,hammers What,-19.5625,2,2token,incomplete_phrase
hammers,scissors [,-19.5625,2,2token,not_valid_noun
hammers,job A,-19.5625,2,2token,not_valid_noun
hammers,utens i,-19.59375,2,2token,not_valid_noun
hammers,Tools,-19.59375,2,2token,not_valid_noun
hammers,gun [,-19.625,2,2token,not_valid_noun
hammers,industry /,-19.625,2,2token,not_valid_noun
hammers,cutlery …,-19.625,2,2token,not_valid_noun
hammers,money with,-19.625,2,2token,incomplete_phrase
hammers,industry .....,-19.625,2,2token,not_valid_noun
hammers,cutlery are,-19.625,2,2token,incomplete_phrase
hammers,"article ,",-19.625,2,2token,not_valid_noun
hammers,article about,-19.625,2,2token,incomplete_phrase
hammers,industry ______,-19.625,2,2token,not_valid_noun
hammers,mach nes,-19.625,2,2token,not_valid_noun
hammers,screwdriver used,-19.625,2,2token,incomplete_phrase
hammers,screwdriver type,-19.625,2,2token,incomplete_phrase
hammers,screwdriver Correct,-19.625,2,2token,not_valid_noun
hammers,article ___________,-19.625,2,2token,not_valid_noun
hammers,vegetables ________,-19.625,2,2token,not_valid_noun
hammers,article Write,-19.625,2,2token,incomplete_phrase
hammers,article called,-19.625,2,2token,incomplete_phrase
hammers,إ,-19.65625,2,2token,not_valid_noun
hammers,,-19.65625,2,2token,not_valid_noun
hammers,---------------,-19.65625,2,2token,not_valid_noun
hammers,mach ....,-19.6875,2,2token,not_valid_noun
hammers,mach [,-19.6875,2,2token,not_valid_noun
hammers,wrench ?,-19.6875,2,2token,not_valid_noun
hammers,mach tools,-19.6875,2,2token,not_valid_noun
hammers,clock :,-19.6875,2,2token,not_valid_noun
hammers,Complete,-19.6875,2,2token,not_valid_noun
hammers,wea o,-19.6875,2,2token,not_valid_noun
hammers,…………………… …..,-19.6875,2,2token,not_valid_noun
hammers,…………………… …………,-19.6875,2,2token,not_valid_noun
hammers,wea pou,-19.6875,2,2token,incomplete_phrase
hammers,scissors ..,-19.6875,2,2token,not_valid_noun
hammers,"scissors ,",-19.6875,2,2token,not_valid_noun
hammers,article like,-19.75,2,2token,incomplete_phrase
hammers,"axe ,",-19.75,2,2token,not_valid_noun
hammers,money ______,-19.75,2,2token,not_valid_noun
hammers,gun :,-19.75,2,2token,not_valid_noun
hammers,gun …,-19.75,2,2token,not_valid_noun
hammers,wea ……,-19.75,2,2token,not_valid_noun
hammers,cutlery A,-19.75,2,2token,not_valid_noun
hammers,money Click,-19.75,2,2token,not_valid_noun
hammers,axe of,-19.75,2,2token,not_valid_noun
hammers,gun Read,-19.75,2,2token,not_valid_noun
hammers,axe Edit,-19.75,2,2token,incomplete_phrase
hammers,axe Correct,-19.75,2,2token,not_valid_noun
hammers,vegetables for,-19.75,2,2token,incomplete_phrase
hammers,screwdriver ......,-19.75,2,2token,not_valid_noun
hammers,axe _,-19.75,2,2token,not_valid_noun
hammers,axe the,-19.75,2,2token,incomplete_phrase
hammers,vegetables …,-19.75,2,2token,not_valid_noun
hammers,…………………… Do,-19.8125,2,2token,not_valid_noun
hammers,wea This,-19.8125,2,2token,incomplete_phrase
hammers,wea poll,-19.8125,2,2token,incomplete_phrase
hammers,wrench .......,-19.8125,2,2token,not_valid_noun
hammers,mach |,-19.8125,2,2token,not_valid_noun
hammers,mach ​,-19.8125,2,2token,not_valid_noun
hammers,herramientas,-19.8125,2,2token,not_valid_noun
hammers,…………………… Also,-19.8125,2,2token,not_valid_noun
hammers,…………………… Fill,-19.8125,2,2token,not_valid_noun
hammers,wea rp,-19.8125,2,2token,not_valid_noun
hammers,…………………… Fruit,-19.8125,2,2token,not_valid_noun
hammers,money ..,-19.875,2,2token,not_valid_noun
hammers,money used,-19.875,2,2token,incomplete_phrase
hammers,mach *,-19.875,2,2token,not_valid_noun
hammers,gun Related,-19.875,2,2token,incomplete_phrase
hammers,gun .....,-19.875,2,2token,not_valid_noun
hammers,gun which,-19.875,2,2token,incomplete_phrase
hammers,gun Full,-19.875,2,2token,incomplete_phrase
hammers,gun a,-19.875,2,2token,not_valid_noun
hammers,gun by,-19.875,2,2token,not_valid_noun
hammers,gun with,-19.875,2,2token,incomplete_phrase
hammers,wea and,-19.875,2,2token,incomplete_phrase
hammers,money [,-19.875,2,2token,not_valid_noun
hammers,axe ___________,-19.875,2,2token,not_valid_noun
hammers,axe _________,-19.875,2,2token,not_valid_noun
hammers,vegetables to,-19.875,2,2token,not_valid_noun
hammers,vegetables ______,-19.875,2,2token,not_valid_noun
hammers,vegetables [,-19.875,2,2token,not_valid_noun
hammers,vegetables with,-19.875,2,2token,incomplete_phrase
hammers,utens Il,-19.90625,2,2token,not_valid_noun
hammers,ferramenta,-19.9375,2,2token,not_valid_noun
hammers,…………………… Use,-19.9375,2,2token,not_valid_noun
hammers,…………………… Material,-19.9375,2,2token,not_valid_noun
hammers,…………………… Make,-19.9375,2,2token,not_valid_noun
hammers,…………………… Ex,-19.9375,2,2token,not_valid_noun
hammers,handic …,-19.9375,2,2token,not_valid_noun
hammers,gun /,-20.0,2,2token,not_valid_noun
hammers,gun COMPLETE,-20.0,2,2token,not_valid_noun
hammers,axe but,-20.0,2,2token,not_valid_noun
hammers,money …,-20.0,2,2token,not_valid_noun
hammers,axe The,-20.0,2,2token,not_valid_noun
hammers,vegetables Correct,-20.0,2,2token,not_valid_noun
hammers,money ____,-20.0,2,2token,not_valid_noun
hammers,vegetables ____,-20.0,2,2token,not_valid_noun
hammers,wea .......,-20.0,2,2token,not_valid_noun
hammers,vegetables ..,-20.0,2,2token,not_valid_noun
hammers,vegetables,-20.0,2,2token,not_valid_noun
hammers,vegetables _____,-20.0,2,2token,not_valid_noun
hammers,mach is,-20.0625,2,2token,not_valid_noun
hammers,…………………… An,-20.0625,2,2token,not_valid_noun
hammers,wea .....,-20.0625,2,2token,not_valid_noun
hammers,"wea ...,",-20.0625,2,2token,not_valid_noun
hammers,mach $\,-20.0625,2,2token,not_valid_noun
hammers,vegetables,-20.125,2,2token,not_valid_noun
hammers,vegetables Fruit,-20.125,2,2token,incomplete_phrase
hammers,wea po,-20.125,2,2token,not_valid_noun
hammers,vegetables ….,-20.125,2,2token,not_valid_noun
hammers,vegetables The,-20.125,2,2token,incomplete_phrase
hammers,gun Download,-20.125,2,2token,not_valid_noun
hammers,money ___________,-20.125,2,2token,not_valid_noun
hammers,money of,-20.125,2,2token,not_valid_noun
hammers,money :,-20.125,2,2token,not_valid_noun
hammers,mach machines,-20.1875,2,2token,not_valid_noun
hammers,gun are,-20.25,2,2token,incomplete_phrase
hammers,gun _.,-20.25,2,2token,not_valid_noun
hammers,vegetables .......,-20.25,2,2token,not_valid_noun
hammers,gun The,-20.25,2,2token,incomplete_phrase
hammers,vegetables COMPLETE,-20.25,2,2token,not_valid_noun
hammers,vegetables What,-20.25,2,2token,incomplete_phrase
hammers,vegetables /,-20.25,2,2token,not_valid_noun
hammers,vegetables that,-20.25,2,2token,incomplete_phrase
hammers,wea [,-20.25,2,2token,not_valid_noun
hammers,utensi,-20.25,2,2token,not_valid_noun
hammers,wea pp,-20.25,2,2token,not_valid_noun
hammers,utens ....,-20.28125,2,2token,not_valid_noun
hammers,mach or,-20.3125,2,2token,not_valid_noun
hammers,mach ice,-20.3125,2,2token,incomplete_phrase
hammers,mach (...),-20.3125,2,2token,not_valid_noun
hammers,wea [],-20.3125,2,2token,not_valid_noun
hammers,vegetables by,-20.375,2,2token,not_valid_noun
hammers,mach for,-20.375,2,2token,incomplete_phrase
hammers,vegetables A,-20.375,2,2token,not_valid_noun
hammers,gun Example,-20.375,2,2token,not_valid_noun
hammers,vegetables Edit,-20.375,2,2token,incomplete_phrase
hammers,________,-20.375,2,2token,not_valid_noun
hammers,wea pens,-20.375,2,2token,incomplete_phrase
hammers,wea are,-20.375,2,2token,incomplete_phrase
hammers,outils,-20.4375,2,2token,not_valid_noun
hammers,wea Von,-20.4375,2,2token,incomplete_phrase
hammers,wea Read,-20.4375,2,2token,not_valid_noun
hammers,wea _.,-20.5,2,2token,not_valid_noun
hammers,dụng,-20.5,2,2token,not_valid_noun
hammers,wea ________,-20.5,2,2token,not_valid_noun
hammers,wea –,-20.5,2,2token,not_valid_noun
hammers,.,-20.5,2,2token,not_valid_noun
hammers,vegetables ......,-20.5,2,2token,not_valid_noun
hammers,vegetables _,-20.5,2,2token,not_valid_noun
hammers,vegetables ?,-20.5,2,2token,not_valid_noun
hammers,mach ines,-20.5,2,2token,not_valid_noun
hammers,mach –,-20.5625,2,2token,not_valid_noun
hammers,handic,-20.5625,2,2token,incomplete_phrase
hammers,mach ein,-20.5625,2,2token,not_valid_noun
hammers,"mach ,",-20.625,2,2token,not_valid_noun
hammers,mach and,-20.6875,2,2token,incomplete_phrase
hammers,mach ..,-20.6875,2,2token,not_valid_noun
hammers,vegetables Write,-20.75,2,2token,incomplete_phrase
hammers,mach the,-20.75,2,2token,incomplete_phrase
hammers,utens in,-20.78125,2,2token,not_valid_noun
hammers,mach .....,-20.8125,2,2token,not_valid_noun
hammers,mach […],-20.8125,2,2token,not_valid_noun
hammers,mach dụng,-20.8125,2,2token,not_valid_noun
hammers,mach I,-20.8125,2,2token,not_valid_noun
hammers,mach _,-20.8125,2,2token,not_valid_noun
hammers,utens [,-20.84375,2,2token,not_valid_noun
hammers,vegetables =,-20.875,2,2token,not_valid_noun
hammers,vegetables is,-20.875,2,2token,not_valid_noun
hammers,utens items,-20.90625,2,2token,not_valid_noun
hammers,utens and,-20.90625,2,2token,incomplete_phrase
hammers,mach The,-20.9375,2,2token,incomplete_phrase
hammers,outil,-20.9375,2,2token,not_valid_noun
hammers,...,-20.9375,2,2token,not_valid_noun
hammers,Werkzeug,-20.9375,2,2token,not_valid_noun
hammers,mach In,-20.9375,2,2token,not_valid_noun
hammers,instrumentos,-20.9375,2,2token,not_valid_noun
hammers,utens I,-20.96875,2,2token,not_valid_noun
hammers,vegetables I,-21.0,2,2token,not_valid_noun
hammers,utens ….,-21.03125,2,2token,not_valid_noun
hammers,handic r,-21.1875,2,2token,not_valid_noun
hammers,utens IL,-21.21875,2,2token,not_valid_noun
hammers,nástro,-21.25,2,2token,not_valid_noun
hammers,_______,-21.3125,2,2token,not_valid_noun
hammers,____,-21.3125,2,2token,not_valid_noun
hammers,utens or,-21.34375,2,2token,not_valid_noun
hammers,strumento,-21.375,2,2token,not_valid_noun
hammers,أد,-21.375,2,2token,not_valid_noun
hammers,utens it,-21.40625,2,2token,not_valid_noun
hammers,TOOLS,-21.4375,2,2token,not_valid_noun
hammers,utens It,-21.46875,2,2token,not_valid_noun
hammers,instrumento,-21.5,2,2token,not_valid_noun
hammers,handic a,-21.5625,2,2token,not_valid_noun
hammers,utens ile,-21.59375,2,2token,not_valid_noun
hammers,aparatos,-21.625,2,2token,not_valid_noun
hammers,инструмента,-21.625,2,2token,not_valid_noun
hammers,utens for,-21.65625,2,2token,incomplete_phrase
hammers,utens,-21.75,2,2token,not_valid_noun
hammers,tools,-21.75,2,2token,not_valid_noun
hammers,"utens ,",-21.78125,2,2token,not_valid_noun
hammers,,-21.8125,2,2token,not_valid_noun
hammers,répondre,-21.8125,2,2token,not_valid_noun
hammers,gehören,-21.8125,2,2token,not_valid_noun
hammers,TOOLS,-21.8125,2,2token,not_valid_noun
hammers,alat,-21.8125,2,2token,not_valid_noun
hammers,utens to,-21.84375,2,2token,not_valid_noun
hammers,herramientas,-21.875,2,2token,not_valid_noun
hammers,utens that,-21.90625,2,2token,incomplete_phrase
hammers,utens tools,-21.90625,2,2token,not_valid_noun
hammers,ferramentas,-21.9375,2,2token,not_valid_noun
hammers,______,-21.9375,2,2token,not_valid_noun
hammers,handic at,-21.9375,2,2token,not_valid_noun
hammers,utens Item,-21.96875,2,2token,incomplete_phrase
hammers,,-22.0,2,2token,not_valid_noun
hammers,handic ....,-22.0,2,2token,not_valid_noun
hammers,handic (,-22.0,2,2token,not_valid_noun
hammers,utens […],-22.03125,2,2token,not_valid_noun
hammers,utens is,-22.03125,2,2token,not_valid_noun
hammers,Answer,-22.0625,2,2token,not_valid_noun
hammers,handic app,-22.0625,2,2token,incomplete_phrase
hammers,инструменты,-22.0625,2,2token,not_valid_noun
hammers,utens All,-22.09375,2,2token,not_valid_noun
hammers,utens utens,-22.09375,2,2token,not_valid_noun
hammers,utens which,-22.09375,2,2token,incomplete_phrase
hammers,ору,-22.125,2,2token,not_valid_noun
hammers,utens ..,-22.15625,2,2token,not_valid_noun
hammers,uitge,-22.1875,2,2token,not_valid_noun
hammers,инструментов,-22.1875,2,2token,not_valid_noun
hammers,utens ;,-22.21875,2,2token,not_valid_noun
hammers,utens -,-22.21875,2,2token,not_valid_noun
hammers,utens $,-22.28125,2,2token,not_valid_noun
hammers,utens [...],-22.28125,2,2token,not_valid_noun
hammers,handic of,-22.3125,2,2token,not_valid_noun
hammers,Complete,-22.3125,2,2token,not_valid_noun
hammers,nástro,-22.3125,2,2token,not_valid_noun
hammers,ابزار,-22.3125,2,2token,not_valid_noun
hammers,utens *,-22.34375,2,2token,not_valid_noun
hammers,ме,-22.375,2,2token,not_valid_noun
hammers,Tools,-22.375,2,2token,not_valid_noun
hammers,handic :,-22.4375,2,2token,not_valid_noun
hammers,Choose,-22.4375,2,2token,not_valid_noun
hammers,handic rafts,-22.4375,2,2token,incomplete_phrase
hammers,handic ..,-22.4375,2,2token,not_valid_noun
hammers,___________,-22.4375,2,2token,not_valid_noun
hammers,utens .....,-22.46875,2,2token,not_valid_noun
hammers,utens,-22.46875,2,2token,not_valid_noun
hammers,utens :,-22.46875,2,2token,not_valid_noun
hammers,utens ll,-22.46875,2,2token,not_valid_noun
hammers,ут,-22.5,2,2token,not_valid_noun
hammers,_____,-22.5,2,2token,not_valid_noun
hammers,outils,-22.5,2,2token,not_valid_noun
hammers,____________,-22.5625,2,2token,not_valid_noun
hammers,utens of,-22.59375,2,2token,not_valid_noun
hammers,utens /,-22.59375,2,2token,not_valid_noun
hammers,utens from,-22.59375,2,2token,incomplete_phrase
hammers,dụng,-22.625,2,2token,not_valid_noun
hammers,handic that,-22.625,2,2token,incomplete_phrase
hammers,máquinas,-22.625,2,2token,not_valid_noun
hammers,инструмента,-22.6875,2,2token,not_valid_noun
hammers,handic and,-22.6875,2,2token,not_valid_noun
hammers,utens you,-22.71875,2,2token,incomplete_phrase
hammers,handic ar,-22.75,2,2token,not_valid_noun
hammers,handic ra,-22.75,2,2token,not_valid_noun
hammers,handic -,-22.75,2,2token,not_valid_noun
hammers,handic in,-22.875,2,2token,not_valid_noun
hammers,handic Crafts,-22.875,2,2token,incomplete_phrase
hammers,handic [...],-22.875,2,2token,not_valid_noun
hammers,...,-22.9375,2,2token,not_valid_noun
hammers,utensi,-22.9375,2,2token,not_valid_noun
hammers,Answer,-22.9375,2,2token,not_valid_noun
hammers,handic ….,-23.0,2,2token,not_valid_noun
hammers,máquinas,-23.0625,2,2token,not_valid_noun
hammers,handic or,-23.125,2,2token,not_valid_noun
hammers,handic /,-23.125,2,2token,not_valid_noun
hammers,instrumentos,-23.1875,2,2token,not_valid_noun
hammers,handic to,-23.1875,2,2token,not_valid_noun
hammers,handic he,-23.25,2,2token,not_valid_noun
hammers,handic I,-23.25,2,2token,not_valid_noun
hammers,hammering,-23.25,2,2token,incomplete_phrase
hammers,Werkzeug,-23.25,2,2token,not_valid_noun
hammers,handic What,-23.3125,2,2token,incomplete_phrase
hammers,Tools,-23.3125,2,2token,not_valid_noun
hammers,handic on,-23.3125,2,2token,not_valid_noun
hammers,________,-23.375,2,2token,not_valid_noun
hammers,handic ;,-23.375,2,2token,not_valid_noun
hammers,handic,-23.375,2,2token,incomplete_phrase
hammers,أد,-23.375,2,2token,not_valid_noun
hammers,ANSWER,-23.4375,2,2token,not_valid_noun
hammers,utens,-23.4375,2,2token,not_valid_noun
hammers,ابزار,-23.4375,2,2token,not_valid_noun
hammers,ferramentas,-23.5,2,2token,not_valid_noun
hammers,tools,-23.5,2,2token,not_valid_noun
hammers,hammers,-23.5625,2,2token,not_valid_noun
hammers,инструменты,-23.5625,2,2token,not_valid_noun
hammers,ут,-23.5625,2,2token,not_valid_noun
hammers,ماشین,-23.5625,2,2token,not_valid_noun
hammers,маши,-23.5625,2,2token,not_valid_noun
hammers,carpenter,-23.5625,2,2token,incomplete_phrase
hammers,handic ......,-23.5625,2,2token,not_valid_noun
hammers,répondre,-23.625,2,2token,not_valid_noun
hammers,handic __,-23.6875,2,2token,not_valid_noun
hammers,ору,-23.75,2,2token,not_valid_noun
hammers,.,-23.75,2,2token,not_valid_noun
hammers,aparatos,-23.8125,2,2token,not_valid_noun
hammers,uitge,-23.8125,2,2token,not_valid_noun
hammers,инструментов,-23.875,2,2token,not_valid_noun
hammers,Lengkap,-23.875,2,2token,not_valid_noun
hammers,метал,-23.875,2,2token,not_valid_noun
hammers,工具,-24.0,2,2token,not_valid_noun
hammers,gehören,-24.125,2,2token,not_valid_noun
hammers,narzęd,-24.25,2,2token,not_valid_noun
hammers,लो,-24.3125,2,2token,not_valid_noun
