noun1,predicted_hypernym,log_prob,num_tokens,strategy,filter_reason
diapers,baby,-3.0,1,single_token,incomplete_phrase
diapers,.,-4.125,1,single_token,not_valid_noun
diapers,________,-4.5,1,single_token,not_valid_noun
diapers,______,-4.875,1,single_token,not_valid_noun
diapers,n,-4.875,1,single_token,not_valid_noun
diapers,,-4.875,1,single_token,not_valid_noun
diapers,. Complete,-5.09765625,2,2token,not_valid_noun
diapers,_______,-5.25,1,single_token,not_valid_noun
diapers,____,-5.375,1,single_token,not_valid_noun
diapers,_____,-5.5,1,single_token,not_valid_noun
diapers,...,-5.5,1,single_token,not_valid_noun
diapers,under,-5.625,1,single_token,not_valid_noun
diapers,article of,-5.64453125,2,2token,not_valid_noun
diapers,clothing Complete,-5.71875,2,2token,not_valid_noun
diapers,__,-5.75,1,single_token,not_valid_noun
diapers,clothe,-5.75,1,single_token,not_valid_noun
diapers,(,-5.875,1,single_token,not_valid_noun
diapers,a,-5.875,1,single_token,not_valid_noun
diapers,clothing .,-5.96875,2,2token,not_valid_noun
diapers,baby care,-6.171875,2,2token,incomplete_phrase
diapers,____________,-6.25,1,single_token,not_valid_noun
diapers,___________,-6.25,1,single_token,not_valid_noun
diapers,child,-6.375,1,single_token,incomplete_phrase
diapers,cloth .,-6.375,2,2token,not_valid_noun
diapers,…,-6.375,1,single_token,not_valid_noun
diapers,children,-6.375,1,single_token,incomplete_phrase
diapers,what,-6.375,1,single_token,not_valid_noun
diapers,clothing for,-6.59375,2,2token,incomplete_phrase
diapers,___,-6.625,1,single_token,not_valid_noun
diapers,....,-6.625,1,single_token,not_valid_noun
diapers,_________,-6.625,1,single_token,not_valid_noun
diapers,__________,-6.625,1,single_token,not_valid_noun
diapers,_,-7.0,1,single_token,not_valid_noun
diapers,_____ Complete,-7.0859375,2,2token,not_valid_noun
diapers,_____ .,-7.0859375,2,2token,not_valid_noun
diapers,.....,-7.125,1,single_token,not_valid_noun
diapers,piece,-7.125,1,single_token,incomplete_phrase
diapers,cloth for,-7.125,2,2token,incomplete_phrase
diapers,piece of,-7.142578125,2,2token,not_valid_noun
diapers,toilet,-7.25,1,single_token,incomplete_phrase
diapers,soft,-7.25,1,single_token,not_valid_noun
diapers,household,-7.25,1,single_token,incomplete_phrase
diapers,body,-7.25,1,single_token,incomplete_phrase
diapers,clothing (,-7.34375,2,2token,not_valid_noun
diapers,bathroom,-7.375,1,single_token,incomplete_phrase
diapers,sanitary,-7.375,1,single_token,not_valid_noun
diapers,……,-7.375,1,single_token,not_valid_noun
diapers,p,-7.375,1,single_token,not_valid_noun
diapers,clothes .,-7.46875,2,2token,not_valid_noun
diapers,. .,-7.46875,2,2token,not_valid_noun
diapers,_.,-7.5,1,single_token,not_valid_noun
diapers,baby .,-7.5625,2,2token,not_valid_noun
diapers,clothes Complete,-7.59375,2,2token,not_valid_noun
diapers,clothes for,-7.59375,2,2token,incomplete_phrase
diapers,cleaning,-7.625,1,single_token,incomplete_phrase
diapers,wet,-7.625,1,single_token,incomplete_phrase
diapers,... Complete,-7.625,2,2token,not_valid_noun
diapers,cloth Complete,-7.625,2,2token,not_valid_noun
diapers,dry,-7.75,1,single_token,incomplete_phrase
diapers,wash,-7.75,1,single_token,incomplete_phrase
diapers,cloth that,-7.75,2,2token,incomplete_phrase
diapers,:,-7.875,1,single_token,not_valid_noun
diapers,articles,-7.875,1,single_token,not_valid_noun
diapers,......,-7.875,1,single_token,not_valid_noun
diapers,clean,-7.875,1,single_token,incomplete_phrase
diapers,",",-7.875,1,single_token,not_valid_noun
diapers,garments,-8.0,1,single_token,not_valid_noun
diapers,..,-8.0,1,single_token,not_valid_noun
diapers,adult,-8.0,1,single_token,incomplete_phrase
diapers,babies,-8.0,1,single_token,not_valid_noun
diapers,type,-8.0,1,single_token,incomplete_phrase
diapers,of,-8.0,1,single_token,not_valid_noun
diapers,….,-8.0,1,single_token,not_valid_noun
diapers,_________ .,-8.015625,2,2token,not_valid_noun
diapers,________ .,-8.0625,2,2token,not_valid_noun
diapers,______ Complete,-8.09375,2,2token,not_valid_noun
diapers,.,-8.09375,2,2token,not_valid_noun
diapers,______ .,-8.09375,2,2token,not_valid_noun
diapers,cloth used,-8.125,2,2token,incomplete_phrase
diapers,a clothing,-8.125,2,2token,not_valid_noun
diapers,__________ .,-8.1328125,2,2token,not_valid_noun
diapers,dirty,-8.1875,1,single_token,not_valid_noun
diapers,protective,-8.1875,1,single_token,not_valid_noun
diapers,.... Complete,-8.1875,2,2token,not_valid_noun
diapers,used,-8.1875,1,single_token,not_valid_noun
diapers,type of,-8.205078125,2,2token,not_valid_noun
diapers,a cloth,-8.25,2,2token,not_valid_noun
diapers,cloth (,-8.25,2,2token,not_valid_noun
diapers,___ .,-8.28125,2,2token,not_valid_noun
diapers,___ Complete,-8.28125,2,2token,not_valid_noun
diapers,personal,-8.3125,1,single_token,incomplete_phrase
diapers,a baby,-8.375,2,2token,not_valid_noun
diapers,__________ Complete,-8.3828125,2,2token,not_valid_noun
diapers,t,-8.4375,1,single_token,not_valid_noun
diapers,........,-8.4375,1,single_token,not_valid_noun
diapers,?,-8.4375,1,single_token,not_valid_noun
diapers,utens,-8.4375,1,single_token,not_valid_noun
diapers,bath,-8.4375,1,single_token,incomplete_phrase
diapers,…………,-8.4375,1,single_token,not_valid_noun
diapers,part,-8.4375,1,single_token,incomplete_phrase
diapers,toy Complete,-8.46875,2,2token,not_valid_noun
diapers,garment Complete,-8.46875,2,2token,not_valid_noun
diapers,_______ .,-8.484375,2,2token,not_valid_noun
diapers,_______ Complete,-8.484375,2,2token,not_valid_noun
diapers,… Complete,-8.5,2,2token,not_valid_noun
diapers,..... Complete,-8.5078125,2,2token,not_valid_noun
diapers,to,-8.5625,1,single_token,not_valid_noun
diapers,.......,-8.5625,1,single_token,not_valid_noun
diapers,CLOTH,-8.5625,1,single_token,incomplete_phrase
diapers,washing,-8.5625,1,single_token,incomplete_phrase
diapers,infant,-8.5625,1,single_token,incomplete_phrase
diapers,kind,-8.5625,1,single_token,incomplete_phrase
diapers,clothing complete,-8.59375,2,2token,not_valid_noun
diapers,. a,-8.59375,2,2token,not_valid_noun
diapers,. A,-8.59375,2,2token,not_valid_noun
diapers,. Fill,-8.59375,2,2token,not_valid_noun
diapers,. What,-8.59375,2,2token,not_valid_noun
diapers,clothes (,-8.59375,2,2token,not_valid_noun
diapers,[,-8.625,1,single_token,not_valid_noun
diapers,medical,-8.625,1,single_token,incomplete_phrase
diapers,P,-8.625,1,single_token,not_valid_noun
diapers,_________ Complete,-8.640625,2,2token,not_valid_noun
diapers,part of,-8.671875,2,2token,not_valid_noun
diapers,clothing that,-8.71875,2,2token,incomplete_phrase
diapers,garment .,-8.71875,2,2token,not_valid_noun
diapers,clothing ...,-8.71875,2,2token,not_valid_noun
diapers,_. Complete,-8.7421875,2,2token,not_valid_noun
diapers,,-8.75,1,single_token,not_valid_noun
diapers,What,-8.75,1,single_token,not_valid_noun
diapers,cloth ...,-8.75,2,2token,not_valid_noun
diapers,-,-8.75,1,single_token,not_valid_noun
diapers,Baby,-8.75,1,single_token,incomplete_phrase
diapers,a garment,-8.75,2,2token,not_valid_noun
diapers,for,-8.75,1,single_token,not_valid_noun
diapers,A,-8.75,1,single_token,not_valid_noun
diapers,...........,-8.75,1,single_token,not_valid_noun
diapers,thing that,-8.765625,2,2token,incomplete_phrase
diapers,. clothes,-8.84375,2,2token,not_valid_noun
diapers,clothing or,-8.84375,2,2token,not_valid_noun
diapers,item of,-8.859375,2,2token,not_valid_noun
diapers,the,-8.875,1,single_token,not_valid_noun
diapers,kid,-8.875,1,single_token,not_valid_noun
diapers,an,-8.875,1,single_token,not_valid_noun
diapers,...............,-8.875,1,single_token,not_valid_noun
diapers,c,-8.875,1,single_token,not_valid_noun
diapers,a toy,-8.875,2,2token,not_valid_noun
diapers,kind of,-8.890625,2,2token,not_valid_noun
diapers,baby ...,-8.9375,2,2token,not_valid_noun
diapers,_ Complete,-8.9453125,2,2token,not_valid_noun
diapers,_ .,-8.9453125,2,2token,not_valid_noun
diapers,underwear Complete,-8.96875,2,2token,not_valid_noun
diapers,wear Complete,-8.984375,2,2token,not_valid_noun
diapers,accessories,-9.0,1,single_token,not_valid_noun
diapers,form,-9.0,1,single_token,incomplete_phrase
diapers,diapers,-9.0,1,single_token,not_valid_noun
diapers,cloth to,-9.0,2,2token,not_valid_noun
diapers,kids,-9.0,1,single_token,incomplete_phrase
diapers,clothing ....,-9.0625,2,2token,not_valid_noun
diapers,clothing and,-9.0625,2,2token,incomplete_phrase
diapers,. Choose,-9.09375,2,2token,not_valid_noun
diapers,. The,-9.09375,2,2token,not_valid_noun
diapers,cloth or,-9.125,2,2token,not_valid_noun
diapers,worn,-9.125,1,single_token,not_valid_noun
diapers,this,-9.125,1,single_token,not_valid_noun
diapers,bathing,-9.125,1,single_token,incomplete_phrase
diapers,of clothing,-9.1328125,2,2token,not_valid_noun
diapers,personal care,-9.14453125,2,2token,incomplete_phrase
diapers,…… Complete,-9.171875,2,2token,not_valid_noun
diapers,und,-9.1875,1,single_token,not_valid_noun
diapers,…..,-9.1875,1,single_token,not_valid_noun
diapers,..............,-9.1875,1,single_token,not_valid_noun
diapers,=,-9.1875,1,single_token,not_valid_noun
diapers,clothing to,-9.1875,2,2token,not_valid_noun
diapers,baby,-9.1875,2,2token,incomplete_phrase
diapers,essential,-9.1875,1,single_token,incomplete_phrase
diapers,useful,-9.1875,1,single_token,not_valid_noun
diapers,baby ________,-9.1875,2,2token,not_valid_noun
diapers,baby …,-9.1875,2,2token,not_valid_noun
diapers,_____ (,-9.203125,2,2token,not_valid_noun
diapers,fabric .,-9.21875,2,2token,not_valid_noun
diapers,garment for,-9.21875,2,2token,incomplete_phrase
diapers,form of,-9.2294921875,2,2token,not_valid_noun
diapers,... Read,-9.25,2,2token,not_valid_noun
diapers,.........,-9.25,1,single_token,not_valid_noun
diapers,article for,-9.28125,2,2token,incomplete_phrase
diapers,: Complete,-9.296875,2,2token,not_valid_noun
diapers,clothing ________,-9.3125,2,2token,not_valid_noun
diapers,baby ______,-9.3125,2,2token,not_valid_noun
diapers,_____,-9.328125,2,2token,not_valid_noun
diapers,__ .,-9.328125,2,2token,not_valid_noun
diapers,____________ .,-9.328125,2,2token,not_valid_noun
diapers,", Complete",-9.3359375,2,2token,not_valid_noun
diapers,fabric Complete,-9.34375,2,2token,not_valid_noun
diapers,.. Complete,-9.3671875,2,2token,not_valid_noun
diapers,..........,-9.375,1,single_token,not_valid_noun
diapers,you,-9.375,1,single_token,not_valid_noun
diapers,...,-9.375,2,2token,not_valid_noun
diapers,____ .,-9.375,2,2token,not_valid_noun
diapers,shoes,-9.375,1,single_token,not_valid_noun
diapers,means,-9.375,1,single_token,not_valid_noun
diapers,cloth ________,-9.375,2,2token,not_valid_noun
diapers,ones,-9.375,1,single_token,not_valid_noun
diapers,are,-9.375,1,single_token,not_valid_noun
diapers,waste Complete,-9.375,2,2token,not_valid_noun
diapers,thing to,-9.390625,2,2token,not_valid_noun
diapers,...... Complete,-9.390625,2,2token,not_valid_noun
diapers,baby (,-9.4375,2,2token,not_valid_noun
diapers,f,-9.4375,1,single_token,not_valid_noun
diapers,clothing _______,-9.4375,2,2token,not_valid_noun
diapers,…. Complete,-9.453125,2,2token,not_valid_noun
diapers,clothes that,-9.46875,2,2token,incomplete_phrase
diapers,. (,-9.46875,2,2token,not_valid_noun
diapers,. clothing,-9.46875,2,2token,not_valid_noun
diapers,. Write,-9.46875,2,2token,not_valid_noun
diapers,toy for,-9.46875,2,2token,incomplete_phrase
diapers,___________ .,-9.484375,2,2token,not_valid_noun
diapers,item for,-9.484375,2,2token,incomplete_phrase
diapers,articles of,-9.484375,2,2token,not_valid_noun
diapers,cloth _______,-9.5,2,2token,not_valid_noun
diapers,clothing ____,-9.5625,2,2token,not_valid_noun
diapers,packaging,-9.5625,1,single_token,not_valid_noun
diapers,nursery,-9.5625,1,single_token,incomplete_phrase
diapers,consumer,-9.5625,1,single_token,incomplete_phrase
diapers,clothing Item,-9.5625,2,2token,incomplete_phrase
diapers,toy .,-9.59375,2,2token,not_valid_noun
diapers,. Which,-9.59375,2,2token,not_valid_noun
diapers,_____ _____,-9.59375,2,2token,not_valid_noun
diapers,accessory for,-9.609375,2,2token,incomplete_phrase
diapers,___________ Complete,-9.609375,2,2token,not_valid_noun
diapers,human,-9.625,1,single_token,incomplete_phrase
diapers,small,-9.625,1,single_token,incomplete_phrase
diapers,d,-9.625,1,single_token,not_valid_noun
diapers,b,-9.625,1,single_token,not_valid_noun
diapers,which,-9.625,1,single_token,not_valid_noun
diapers,everyday,-9.625,1,single_token,incomplete_phrase
diapers,outer,-9.625,1,single_token,incomplete_phrase
diapers,... A,-9.625,2,2token,not_valid_noun
diapers,.............,-9.625,1,single_token,not_valid_noun
diapers,a product,-9.625,2,2token,not_valid_noun
diapers,cloth which,-9.625,2,2token,incomplete_phrase
diapers,? Complete,-9.6328125,2,2token,not_valid_noun
diapers,cover for,-9.65625,2,2token,not_valid_noun
diapers,clothing _____,-9.6875,2,2token,not_valid_noun
diapers,clothing ______,-9.6875,2,2token,not_valid_noun
diapers,textiles,-9.6875,1,single_token,not_valid_noun
diapers,day,-9.6875,1,single_token,incomplete_phrase
diapers,Under,-9.6875,1,single_token,not_valid_noun
diapers,washable,-9.6875,1,single_token,not_valid_noun
diapers,daily,-9.6875,1,single_token,incomplete_phrase
diapers,What is,-9.7109375,2,2token,not_valid_noun
diapers,garment (,-9.71875,2,2token,not_valid_noun
diapers,. Use,-9.71875,2,2token,not_valid_noun
diapers,. complete,-9.71875,2,2token,not_valid_noun
diapers,clothes to,-9.71875,2,2token,not_valid_noun
diapers,diaper Complete,-9.71875,2,2token,not_valid_noun
diapers,food for,-9.71875,2,2token,incomplete_phrase
diapers,food .,-9.71875,2,2token,not_valid_noun
diapers,for babies,-9.73046875,2,2token,not_valid_noun
diapers,…,-9.75,2,2token,not_valid_noun
diapers,... What,-9.75,2,2token,not_valid_noun
diapers,a thing,-9.75,2,2token,not_valid_noun
diapers,a clothes,-9.75,2,2token,not_valid_noun
diapers,dress Complete,-9.75,2,2token,not_valid_noun
diapers,… Read,-9.75,2,2token,not_valid_noun
diapers,personal hygiene,-9.765625,2,2token,incomplete_phrase
diapers,container for,-9.78125,2,2token,incomplete_phrase
diapers,............,-9.8125,1,single_token,not_valid_noun
diapers,baby _______,-9.8125,2,2token,not_valid_noun
diapers,baby _____,-9.8125,2,2token,not_valid_noun
diapers,T,-9.8125,1,single_token,not_valid_noun
diapers,school,-9.8125,1,single_token,incomplete_phrase
diapers,hand,-9.8125,1,single_token,incomplete_phrase
diapers,and,-9.8125,1,single_token,not_valid_noun
diapers,. ...,-9.84375,2,2token,not_valid_noun
diapers,. In,-9.84375,2,2token,not_valid_noun
diapers,underwear .,-9.84375,2,2token,not_valid_noun
diapers,clothes or,-9.84375,2,2token,not_valid_noun
diapers,accessory Complete,-9.875,2,2token,not_valid_noun
diapers,childrens,-9.875,1,single_token,not_valid_noun
diapers,... ...,-9.875,2,2token,not_valid_noun
diapers,... a,-9.875,2,2token,not_valid_noun
diapers,N,-9.875,1,single_token,not_valid_noun
diapers,dress .,-9.875,2,2token,not_valid_noun
diapers,\_,-9.875,1,single_token,not_valid_noun
diapers,napp,-9.875,1,single_token,not_valid_noun
diapers,/,-9.875,1,single_token,not_valid_noun
diapers,cloth ....,-9.875,2,2token,not_valid_noun
diapers,… A,-9.875,2,2token,not_valid_noun
diapers,cloth and,-9.875,2,2token,incomplete_phrase
diapers,baby ____,-9.9375,2,2token,not_valid_noun
diapers,clothing in,-9.9375,2,2token,not_valid_noun
diapers,clothes and,-9.96875,2,2token,incomplete_phrase
diapers,clothes ...,-9.96875,2,2token,not_valid_noun
diapers,fabric for,-9.96875,2,2token,incomplete_phrase
diapers,. fruit,-9.96875,2,2token,not_valid_noun
diapers,item that,-9.984375,2,2token,incomplete_phrase
diapers,protection for,-9.984375,2,2token,incomplete_phrase
diapers,....... Complete,-9.9921875,2,2token,not_valid_noun
diapers,... (,-10.0,2,2token,not_valid_noun
diapers,necessary,-10.0,1,single_token,incomplete_phrase
diapers,toile,-10.0,1,single_token,not_valid_noun
diapers,home,-10.0,1,single_token,incomplete_phrase
diapers,The,-10.0,1,single_token,not_valid_noun
diapers,product Complete,-10.0,2,2token,not_valid_noun
diapers,hygienic,-10.0,1,single_token,not_valid_noun
diapers,safety,-10.0,1,single_token,incomplete_phrase
diapers,socks,-10.0,1,single_token,not_valid_noun
diapers,uti,-10.0,1,single_token,not_valid_noun
diapers,non,-10.0,1,single_token,not_valid_noun
diapers,foot,-10.0,1,single_token,incomplete_phrase
diapers,fast,-10.0,1,single_token,incomplete_phrase
diapers,sleep,-10.0,1,single_token,incomplete_phrase
diapers,… What,-10.0,2,2token,not_valid_noun
diapers,cloth you,-10.0,2,2token,incomplete_phrase
diapers,cloth baby,-10.0,2,2token,incomplete_phrase
diapers,,-10.0,1,single_token,not_valid_noun
diapers,disposable baby,-10.015625,2,2token,incomplete_phrase
diapers,article .,-10.03125,2,2token,not_valid_noun
diapers,thing you,-10.03125,2,2token,incomplete_phrase
diapers,thing Complete,-10.03125,2,2token,not_valid_noun
diapers,<,-10.0625,1,single_token,not_valid_noun
diapers,$\,-10.0625,1,single_token,not_valid_noun
diapers,flat,-10.0625,1,single_token,incomplete_phrase
diapers,pac,-10.0625,1,single_token,incomplete_phrase
diapers,necessities,-10.0625,1,single_token,not_valid_noun
diapers,"...,",-10.0625,1,single_token,not_valid_noun
diapers,bags,-10.0625,1,single_token,not_valid_noun
diapers,fa,-10.0625,1,single_token,not_valid_noun
diapers,. I,-10.09375,2,2token,not_valid_noun
diapers,fabric used,-10.09375,2,2token,incomplete_phrase
diapers,pants Complete,-10.09375,2,2token,not_valid_noun
diapers,_____ ____,-10.09375,2,2token,not_valid_noun
diapers,wear .,-10.125,2,2token,not_valid_noun
diapers,a diaper,-10.125,2,2token,not_valid_noun
diapers,product for,-10.125,2,2token,incomplete_phrase
diapers,an article,-10.1484375,2,2token,not_valid_noun
diapers,textile Complete,-10.15625,2,2token,not_valid_noun
diapers,used to,-10.1640625,2,2token,not_valid_noun
diapers,used for,-10.1640625,2,2token,not_valid_noun
diapers,material for,-10.171875,2,2token,incomplete_phrase
diapers,baby related,-10.1875,2,2token,incomplete_phrase
diapers,female,-10.1875,1,single_token,incomplete_phrase
diapers,one,-10.1875,1,single_token,incomplete_phrase
diapers,that,-10.1875,1,single_token,not_valid_noun
diapers,we,-10.1875,1,single_token,not_valid_noun
diapers,?.,-10.1875,1,single_token,not_valid_noun
diapers,clothing a,-10.1875,2,2token,not_valid_noun
diapers,clothing Read,-10.1875,2,2token,not_valid_noun
diapers,_ _,-10.1875,2,2token,not_valid_noun
diapers,help for,-10.203125,2,2token,not_valid_noun
diapers,food Complete,-10.21875,2,2token,not_valid_noun
diapers,_____ Fill,-10.21875,2,2token,not_valid_noun
diapers,diaper .,-10.21875,2,2token,not_valid_noun
diapers,______ (,-10.21875,2,2token,not_valid_noun
diapers,. ________,-10.21875,2,2token,not_valid_noun
diapers,____ Complete,-10.25,2,2token,not_valid_noun
diapers,a .,-10.25,2,2token,not_valid_noun
diapers,s,-10.25,1,single_token,not_valid_noun
diapers,e,-10.25,1,single_token,not_valid_noun
diapers,cloth ______,-10.25,2,2token,not_valid_noun
diapers,I,-10.25,1,single_token,not_valid_noun
diapers,face,-10.25,1,single_token,incomplete_phrase
diapers,supplies,-10.25,1,single_token,not_valid_noun
diapers,tools,-10.25,1,single_token,not_valid_noun
diapers,cloth ____,-10.25,2,2token,not_valid_noun
diapers,(),-10.25,1,single_token,not_valid_noun
diapers,of clothes,-10.25,2,2token,not_valid_noun
diapers,... Fill,-10.25,2,2token,not_valid_noun
diapers,__________ (,-10.265625,2,2token,not_valid_noun
diapers,___,-10.28125,2,2token,not_valid_noun
diapers,........... Complete,-10.3046875,2,2token,not_valid_noun
diapers,fancy,-10.3125,1,single_token,incomplete_phrase
diapers,night,-10.3125,1,single_token,incomplete_phrase
diapers,______,-10.34375,2,2token,not_valid_noun
diapers,______ ______,-10.34375,2,2token,not_valid_noun
diapers,_____ ______,-10.34375,2,2token,not_valid_noun
diapers,. food,-10.34375,2,2token,not_valid_noun
diapers,things that,-10.359375,2,2token,incomplete_phrase
diapers,a ________,-10.375,2,2token,not_valid_noun
diapers,cloth are,-10.375,2,2token,incomplete_phrase
diapers,cloth _____,-10.375,2,2token,not_valid_noun
diapers,cloth Read,-10.375,2,2token,not_valid_noun
diapers,wear for,-10.375,2,2token,not_valid_noun
diapers,of cloth,-10.375,2,2token,not_valid_noun
diapers,... .,-10.375,2,2token,not_valid_noun
diapers,"_,",-10.375,1,single_token,not_valid_noun
diapers,kitchen,-10.375,1,single_token,incomplete_phrase
diapers,product .,-10.375,2,2token,not_valid_noun
diapers,_________,-10.390625,2,2token,not_valid_noun
diapers,__________,-10.390625,2,2token,not_valid_noun
diapers,disposable .,-10.390625,2,2token,not_valid_noun
diapers,_________ (,-10.390625,2,2token,not_valid_noun
diapers,paper .,-10.40625,2,2token,not_valid_noun
diapers,thing for,-10.40625,2,2token,incomplete_phrase
diapers,clothe .,-10.40625,2,2token,not_valid_noun
diapers,material used,-10.421875,2,2token,incomplete_phrase
diapers,play,-10.4375,1,single_token,incomplete_phrase
diapers,app,-10.4375,1,single_token,not_valid_noun
diapers,clothing :,-10.4375,2,2token,not_valid_noun
diapers,clothing .....,-10.4375,2,2token,not_valid_noun
diapers,portable,-10.4375,1,single_token,incomplete_phrase
diapers,waterproof,-10.4375,1,single_token,incomplete_phrase
diapers,w,-10.4375,1,single_token,not_valid_noun
diapers,item in,-10.46875,2,2token,not_valid_noun
diapers,. Match,-10.46875,2,2token,not_valid_noun
diapers,. This,-10.46875,2,2token,not_valid_noun
diapers,fabric (,-10.46875,2,2token,not_valid_noun
diapers,............... Complete,-10.4765625,2,2token,not_valid_noun
diapers,girl,-10.5,1,single_token,incomplete_phrase
diapers,job,-10.5,1,single_token,not_valid_noun
diapers,birth,-10.5,1,single_token,incomplete_phrase
diapers,cloth ___________,-10.5,2,2token,not_valid_noun
diapers,cloth of,-10.5,2,2token,not_valid_noun
diapers,cloth …,-10.5,2,2token,not_valid_noun
diapers,me,-10.5,1,single_token,not_valid_noun
diapers,how,-10.5,1,single_token,not_valid_noun
diapers,pair,-10.5,1,single_token,incomplete_phrase
diapers,hospital,-10.5,1,single_token,incomplete_phrase
diapers,$.,-10.5,1,single_token,not_valid_noun
diapers,cloth we,-10.5,2,2token,not_valid_noun
diapers,cloth made,-10.5,2,2token,incomplete_phrase
diapers,._,-10.5,1,single_token,not_valid_noun
diapers,。,-10.5,1,single_token,not_valid_noun
diapers,wipes,-10.5,1,single_token,not_valid_noun
diapers,cloth in,-10.5,2,2token,not_valid_noun
diapers,… Continue,-10.5,2,2token,not_valid_noun
diapers,… The,-10.5,2,2token,not_valid_noun
diapers,',-10.5,1,single_token,not_valid_noun
diapers,C,-10.5,1,single_token,not_valid_noun
diapers,is,-10.5,1,single_token,not_valid_noun
diapers,in,-10.5,1,single_token,not_valid_noun
diapers,"""",-10.5,1,single_token,not_valid_noun
diapers,To,-10.5,1,single_token,not_valid_noun
diapers,a piece,-10.5,2,2token,not_valid_noun
diapers,made,-10.5,1,single_token,not_valid_noun
diapers,;,-10.5,1,single_token,not_valid_noun
diapers,accessory .,-10.5,2,2token,not_valid_noun
diapers,a n,-10.5,2,2token,not_valid_noun
diapers,health,-10.5,1,single_token,incomplete_phrase
diapers,,-10.5,1,single_token,not_valid_noun
diapers,boy,-10.5,1,single_token,incomplete_phrase
diapers,h,-10.5,1,single_token,not_valid_noun
diapers,ut,-10.5,1,single_token,not_valid_noun
diapers,….. Complete,-10.5078125,2,2token,not_valid_noun
diapers,article Complete,-10.53125,2,2token,not_valid_noun
diapers,___ (,-10.53125,2,2token,not_valid_noun
diapers,plastic Complete,-10.5625,2,2token,not_valid_noun
diapers,clothing Fill,-10.5625,2,2token,not_valid_noun
diapers,vegetables,-10.5625,1,single_token,not_valid_noun
diapers,clothing -,-10.5625,2,2token,not_valid_noun
diapers,clothing you,-10.5625,2,2token,incomplete_phrase
diapers,clothes ....,-10.5625,2,2token,not_valid_noun
diapers,objects,-10.5625,1,single_token,not_valid_noun
diapers,aid,-10.5625,1,single_token,not_valid_noun
diapers,What are,-10.5859375,2,2token,not_valid_noun
diapers,item to,-10.59375,2,2token,not_valid_noun
diapers,apparel Complete,-10.59375,2,2token,not_valid_noun
diapers,_______ (,-10.59375,2,2token,not_valid_noun
diapers,. Answer,-10.59375,2,2token,not_valid_noun
diapers,toy (,-10.59375,2,2token,not_valid_noun
diapers,. Read,-10.59375,2,2token,not_valid_noun
diapers,. You,-10.59375,2,2token,not_valid_noun
diapers,_____ for,-10.59375,2,2token,not_valid_noun
diapers,pants .,-10.59375,2,2token,not_valid_noun
diapers,a child,-10.625,2,2token,not_valid_noun
diapers,a ______,-10.625,2,2token,not_valid_noun
diapers,bag for,-10.625,2,2token,incomplete_phrase
diapers,... -,-10.625,2,2token,not_valid_noun
diapers,cloth ____________,-10.625,2,2token,not_valid_noun
diapers,… a,-10.625,2,2token,not_valid_noun
diapers,tool for,-10.625,2,2token,incomplete_phrase
diapers,paper Complete,-10.65625,2,2token,not_valid_noun
diapers,,-10.6875,1,single_token,not_valid_noun
diapers,{,-10.6875,1,single_token,not_valid_noun
diapers,other,-10.6875,1,single_token,not_valid_noun
diapers,pot,-10.6875,1,single_token,not_valid_noun
diapers,women,-10.6875,1,single_token,not_valid_noun
diapers,........ Complete,-10.6875,2,2token,not_valid_noun
diapers,clothing which,-10.6875,2,2token,incomplete_phrase
diapers,grown,-10.6875,1,single_token,not_valid_noun
diapers,clothing is,-10.6875,2,2token,not_valid_noun
diapers,clothing are,-10.6875,2,2token,incomplete_phrase
diapers,clothing …,-10.6875,2,2token,not_valid_noun
diapers,clothing fruit,-10.6875,2,2token,incomplete_phrase
diapers,clothing of,-10.6875,2,2token,not_valid_noun
diapers,clothing Article,-10.6875,2,2token,incomplete_phrase
diapers,clothing Incomplete,-10.6875,2,2token,not_valid_noun
diapers,Und,-10.6875,1,single_token,not_valid_noun
diapers,unders,-10.6875,1,single_token,not_valid_noun
diapers,clothing _,-10.6875,2,2token,not_valid_noun
diapers,clothing used,-10.6875,2,2token,incomplete_phrase
diapers,it,-10.6875,1,single_token,not_valid_noun
diapers,F,-10.6875,1,single_token,not_valid_noun
diapers,clothes in,-10.6875,2,2token,not_valid_noun
diapers,o,-10.6875,1,single_token,not_valid_noun
diapers,_______,-10.71875,2,2token,not_valid_noun
diapers,item used,-10.71875,2,2token,incomplete_phrase
diapers,_____ _______,-10.71875,2,2token,not_valid_noun
diapers,. How,-10.71875,2,2token,not_valid_noun
diapers,garment that,-10.71875,2,2token,incomplete_phrase
diapers,fabric that,-10.71875,2,2token,incomplete_phrase
diapers,_______ _______,-10.71875,2,2token,not_valid_noun
diapers,_____ ________,-10.71875,2,2token,not_valid_noun
diapers,.............. Complete,-10.734375,2,2token,not_valid_noun
diapers,reusable,-10.75,1,single_token,not_valid_noun
diapers,... complete,-10.75,2,2token,not_valid_noun
diapers,ger,-10.75,1,single_token,incomplete_phrase
diapers,product that,-10.75,2,2token,incomplete_phrase
diapers,dia,-10.75,1,single_token,not_valid_noun
diapers,new,-10.75,1,single_token,not_valid_noun
diapers,-.,-10.75,1,single_token,not_valid_noun
diapers,a kind,-10.75,2,2token,not_valid_noun
diapers,cloth is,-10.75,2,2token,not_valid_noun
diapers,... More,-10.75,2,2token,not_valid_noun
diapers,cloth n,-10.75,2,2token,not_valid_noun
diapers,a waste,-10.75,2,2token,not_valid_noun
diapers,..... .,-10.765625,2,2token,not_valid_noun
diapers,article (,-10.78125,2,2token,not_valid_noun
diapers,material Complete,-10.78125,2,2token,not_valid_noun
diapers,Clothing Complete,-10.796875,2,2token,not_valid_noun
diapers,____________ Complete,-10.8125,2,2token,not_valid_noun
diapers,clothing The,-10.8125,2,2token,incomplete_phrase
diapers,or,-10.8125,1,single_token,not_valid_noun
diapers,building,-10.8125,1,single_token,incomplete_phrase
diapers,pajamas,-10.8125,1,single_token,not_valid_noun
diapers,girls,-10.8125,1,single_token,not_valid_noun
diapers,clothes ________,-10.8125,2,2token,not_valid_noun
diapers,....,-10.8125,2,2token,not_valid_noun
diapers,clothing Choose,-10.8125,2,2token,not_valid_noun
diapers,clothes are,-10.8125,2,2token,incomplete_phrase
diapers,clothes _______,-10.8125,2,2token,not_valid_noun
diapers,clothing worn,-10.8125,2,2token,incomplete_phrase
diapers,. __,-10.84375,2,2token,not_valid_noun
diapers,garment or,-10.84375,2,2token,not_valid_noun
diapers,", .",-10.84375,2,2token,not_valid_noun
diapers,. Clothing,-10.84375,2,2token,not_valid_noun
diapers,. toys,-10.84375,2,2token,not_valid_noun
diapers,. Correct,-10.84375,2,2token,not_valid_noun
diapers,. Select,-10.84375,2,2token,not_valid_noun
diapers,______ _______,-10.84375,2,2token,not_valid_noun
diapers,......... Complete,-10.859375,2,2token,not_valid_noun
diapers,things to,-10.859375,2,2token,not_valid_noun
diapers,feminine,-10.875,1,single_token,incomplete_phrase
diapers,a __,-10.875,2,2token,not_valid_noun
diapers,a food,-10.875,2,2token,not_valid_noun
diapers,a ____,-10.875,2,2token,not_valid_noun
diapers,----------,-10.875,1,single_token,not_valid_noun
diapers,… (,-10.875,2,2token,not_valid_noun
diapers,pull,-10.875,1,single_token,incomplete_phrase
diapers,am,-10.875,1,single_token,not_valid_noun
diapers,these,-10.875,1,single_token,not_valid_noun
diapers,*,-10.875,1,single_token,not_valid_noun
diapers,a fabric,-10.875,2,2token,not_valid_noun
diapers,a,-10.875,2,2token,not_valid_noun
diapers,textile .,-10.90625,2,2token,not_valid_noun
diapers,must,-10.9375,1,single_token,incomplete_phrase
diapers,method,-10.9375,1,single_token,incomplete_phrase
diapers,------------,-10.9375,1,single_token,not_valid_noun
diapers,large,-10.9375,1,single_token,incomplete_phrase
diapers,.... A,-10.9375,2,2token,not_valid_noun
diapers,containers,-10.9375,1,single_token,not_valid_noun
diapers,warm,-10.9375,1,single_token,not_valid_noun
diapers,on,-10.9375,1,single_token,not_valid_noun
diapers,basic,-10.9375,1,single_token,incomplete_phrase
diapers,sw,-10.9375,1,single_token,not_valid_noun
diapers,special,-10.9375,1,single_token,incomplete_phrase
diapers,ob,-10.9375,1,single_token,not_valid_noun
diapers,clothes complete,-10.9375,2,2token,not_valid_noun
diapers,–,-10.9375,1,single_token,not_valid_noun
diapers,clothes you,-10.9375,2,2token,incomplete_phrase
diapers,maternity,-10.9375,1,single_token,incomplete_phrase
diapers,out,-10.9375,1,single_token,incomplete_phrase
diapers,they,-10.9375,1,single_token,not_valid_noun
diapers,________ (,-10.9375,2,2token,not_valid_noun
diapers,way,-10.9375,1,single_token,not_valid_noun
diapers,unw,-10.9375,1,single_token,not_valid_noun
diapers,bread,-10.9375,1,single_token,not_valid_noun
diapers,​,-10.9375,1,single_token,not_valid_noun
diapers,nursing,-10.9375,1,single_token,incomplete_phrase
diapers,un,-10.9375,1,single_token,not_valid_noun
diapers,. diapers,-10.96875,2,2token,not_valid_noun
diapers,underwear (,-10.96875,2,2token,not_valid_noun
diapers,diaper (,-10.96875,2,2token,not_valid_noun
diapers,. _____,-10.96875,2,2token,not_valid_noun
diapers,_____ a,-10.96875,2,2token,not_valid_noun
diapers,_____ A,-10.96875,2,2token,not_valid_noun
diapers,. Find,-10.96875,2,2token,not_valid_noun
diapers,. We,-10.96875,2,2token,not_valid_noun
diapers,. If,-10.96875,2,2token,not_valid_noun
diapers,. There,-10.96875,2,2token,not_valid_noun
diapers,. Draw,-10.96875,2,2token,not_valid_noun
diapers,for baby,-10.984375,2,2token,not_valid_noun
diapers,for children,-10.984375,2,2token,not_valid_noun
diapers,my,-11.0,1,single_token,not_valid_noun
diapers,i,-11.0,1,single_token,not_valid_noun
diapers,garbage Complete,-11.0,2,2token,not_valid_noun
diapers,a _______,-11.0,2,2token,not_valid_noun
diapers,… .,-11.0,2,2token,not_valid_noun
diapers,synthetic,-11.0,1,single_token,incomplete_phrase
diapers,single,-11.0,1,single_token,incomplete_phrase
diapers,first,-11.0,1,single_token,incomplete_phrase
diapers,necessity for,-11.0,2,2token,incomplete_phrase
diapers,cleansing,-11.0,1,single_token,incomplete_phrase
diapers,electronic,-11.0,1,single_token,not_valid_noun
diapers,_________ Fill,-11.0,2,2token,not_valid_noun
diapers,newborn,-11.0,1,single_token,not_valid_noun
diapers,necessity Complete,-11.0,2,2token,not_valid_noun
diapers,PPE,-11.0,1,single_token,not_valid_noun
diapers,what you,-11.0,2,2token,not_valid_noun
diapers,… Fill,-11.0,2,2token,not_valid_noun
diapers,child .,-11.0,2,2token,not_valid_noun
diapers,cloth __,-11.0,2,2token,not_valid_noun
diapers,cloth the,-11.0,2,2token,not_valid_noun
diapers,cloth -,-11.0,2,2token,not_valid_noun
diapers,cloth a,-11.0,2,2token,not_valid_noun
diapers,cloth with,-11.0,2,2token,incomplete_phrase
diapers,cloth _,-11.0,2,2token,not_valid_noun
diapers,... The,-11.0,2,2token,not_valid_noun
diapers,... fruit,-11.0,2,2token,not_valid_noun
diapers,bag .,-11.0,2,2token,not_valid_noun
diapers,waste .,-11.0,2,2token,not_valid_noun
diapers,dress up,-11.0,2,2token,not_valid_noun
diapers,wear (,-11.0,2,2token,not_valid_noun
diapers,equipment for,-11.015625,2,2token,incomplete_phrase
diapers,article that,-11.03125,2,2token,incomplete_phrase
diapers,thing used,-11.03125,2,2token,incomplete_phrase
diapers,thing we,-11.03125,2,2token,not_valid_noun
diapers,Children,-11.0625,1,single_token,incomplete_phrase
diapers,.... .,-11.0625,2,2token,not_valid_noun
diapers,-----,-11.0625,1,single_token,not_valid_noun
diapers,kn,-11.0625,1,single_token,not_valid_noun
diapers,gar,-11.0625,1,single_token,incomplete_phrase
diapers,,-11.0625,1,single_token,not_valid_noun
diapers,_ _.,-11.0625,2,2token,not_valid_noun
diapers,dresses,-11.0625,1,single_token,not_valid_noun
diapers,babys,-11.0625,1,single_token,not_valid_noun
diapers,.... a,-11.0625,2,2token,not_valid_noun
diapers,_,-11.0625,2,2token,not_valid_noun
diapers,trash Complete,-11.078125,2,2token,not_valid_noun
diapers,_____ complete,-11.09375,2,2token,not_valid_noun
diapers,. Clothes,-11.09375,2,2token,not_valid_noun
diapers,. When,-11.09375,2,2token,not_valid_noun
diapers,. It,-11.09375,2,2token,not_valid_noun
diapers,. of,-11.09375,2,2token,not_valid_noun
diapers,. Give,-11.09375,2,2token,not_valid_noun
diapers,_____ ...,-11.09375,2,2token,not_valid_noun
diapers,underwear for,-11.09375,2,2token,incomplete_phrase
diapers,. ____,-11.09375,2,2token,not_valid_noun
diapers,.,-11.09375,2,2token,not_valid_noun
diapers,body .,-11.09375,2,2token,not_valid_noun
diapers,. Explain,-11.09375,2,2token,not_valid_noun
diapers,pare,-11.125,1,single_token,not_valid_noun
diapers,training,-11.125,1,single_token,incomplete_phrase
diapers,costume Complete,-11.125,2,2token,not_valid_noun
diapers,a necessity,-11.125,2,2token,not_valid_noun
diapers,a dress,-11.125,2,2token,not_valid_noun
diapers,.....,-11.125,2,2token,not_valid_noun
diapers,__________ Fill,-11.125,2,2token,not_valid_noun
diapers,to wear,-11.125,2,2token,not_valid_noun
diapers,a bag,-11.125,2,2token,not_valid_noun
diapers,a _____,-11.125,2,2token,not_valid_noun
diapers,a noun,-11.125,2,2token,not_valid_noun
diapers,clo,-11.125,1,single_token,not_valid_noun
diapers,packing,-11.125,1,single_token,not_valid_noun
diapers,____ ____,-11.125,2,2token,not_valid_noun
diapers,—,-11.125,1,single_token,not_valid_noun
diapers,… In,-11.125,2,2token,not_valid_noun
diapers,pa,-11.125,1,single_token,not_valid_noun
diapers,what we,-11.125,2,2token,not_valid_noun
diapers,accessory to,-11.125,2,2token,not_valid_noun
diapers,a (,-11.125,2,2token,not_valid_noun
diapers,used by,-11.15625,2,2token,not_valid_noun
diapers,laundry .,-11.15625,2,2token,not_valid_noun
diapers,thing .,-11.15625,2,2token,not_valid_noun
diapers,material that,-11.15625,2,2token,incomplete_phrase
diapers,: clothing,-11.171875,2,2token,not_valid_noun
diapers,= Complete,-11.1796875,2,2token,not_valid_noun
diapers,practical,-11.1875,1,single_token,not_valid_noun
diapers,sleeping,-11.1875,1,single_token,incomplete_phrase
diapers,important,-11.1875,1,single_token,not_valid_noun
diapers,old,-11.1875,1,single_token,incomplete_phrase
diapers,------,-11.1875,1,single_token,not_valid_noun
diapers,……………………,-11.1875,1,single_token,not_valid_noun
diapers,bad,-11.1875,1,single_token,incomplete_phrase
diapers,pieces,-11.1875,1,single_token,not_valid_noun
diapers,clean up,-11.1875,2,2token,not_valid_noun
diapers,pany,-11.1875,1,single_token,not_valid_noun
diapers,t shirt,-11.1875,2,2token,not_valid_noun
diapers,.... Fill,-11.1875,2,2token,not_valid_noun
diapers,. the,-11.21875,2,2token,not_valid_noun
diapers,_____ clothes,-11.21875,2,2token,not_valid_noun
diapers,", but",-11.21875,2,2token,not_valid_noun
diapers,_______ ________,-11.21875,2,2token,not_valid_noun
diapers,______ Fill,-11.21875,2,2token,not_valid_noun
diapers,______ ________,-11.21875,2,2token,not_valid_noun
diapers,toy complete,-11.21875,2,2token,not_valid_noun
diapers,fruit Complete,-11.21875,2,2token,not_valid_noun
diapers,( ),-11.21875,2,2token,not_valid_noun
diapers,. An,-11.21875,2,2token,not_valid_noun
diapers,A Complete,-11.234375,2,2token,not_valid_noun
diapers,dressing Complete,-11.234375,2,2token,not_valid_noun
diapers,_________ ________,-11.25,2,2token,not_valid_noun
diapers,dress for,-11.25,2,2token,not_valid_noun
diapers,… ...,-11.25,2,2token,not_valid_noun
diapers,what ?,-11.25,2,2token,not_valid_noun
diapers,bag of,-11.25,2,2token,not_valid_noun
diapers,what kind,-11.25,2,2token,not_valid_noun
diapers,object Complete,-11.25,2,2token,not_valid_noun
diapers,wet baby,-11.25,2,2token,incomplete_phrase
diapers,pen,-11.25,1,single_token,not_valid_noun
diapers,men,-11.25,1,single_token,incomplete_phrase
diapers,of .,-11.25,2,2token,not_valid_noun
diapers,... clothes,-11.25,2,2token,not_valid_noun
diapers,informal,-11.25,1,single_token,not_valid_noun
diapers,,-11.25,1,single_token,not_valid_noun
diapers,__________ ________,-11.25,2,2token,not_valid_noun
diapers,disposable hygiene,-11.25,2,2token,incomplete_phrase
diapers,thing (,-11.28125,2,2token,not_valid_noun
diapers,an item,-11.28125,2,2token,not_valid_noun
diapers,clothe ...,-11.28125,2,2token,not_valid_noun
diapers,: .,-11.296875,2,2token,not_valid_noun
diapers,……,-11.296875,2,2token,not_valid_noun
diapers,…… .,-11.296875,2,2token,not_valid_noun
diapers,: clothes,-11.296875,2,2token,not_valid_noun
diapers,: a,-11.296875,2,2token,not_valid_noun
diapers,clothes which,-11.3125,2,2token,incomplete_phrase
diapers,the baby,-11.3125,2,2token,not_valid_noun
diapers,clothes ____,-11.3125,2,2token,not_valid_noun
diapers,- .,-11.3125,2,2token,not_valid_noun
diapers,l,-11.3125,1,single_token,not_valid_noun
diapers,y,-11.3125,1,single_token,not_valid_noun
diapers,---,-11.3125,1,single_token,not_valid_noun
diapers,wra,-11.3125,1,single_token,not_valid_noun
diapers,clothes _____,-11.3125,2,2token,not_valid_noun
diapers,food (,-11.34375,2,2token,not_valid_noun
diapers,fabric to,-11.34375,2,2token,not_valid_noun
diapers,( clothing,-11.34375,2,2token,not_valid_noun
diapers,______ _____,-11.34375,2,2token,not_valid_noun
diapers,", too",-11.34375,2,2token,not_valid_noun
diapers,_____ What,-11.34375,2,2token,not_valid_noun
diapers,What kind,-11.34375,2,2token,not_valid_noun
diapers,item you,-11.34375,2,2token,incomplete_phrase
diapers,apparel .,-11.34375,2,2token,not_valid_noun
diapers,care for,-11.359375,2,2token,not_valid_noun
diapers,for a,-11.359375,2,2token,not_valid_noun
diapers,… fruit,-11.375,2,2token,not_valid_noun
diapers,… Fruit,-11.375,2,2token,not_valid_noun
diapers,… I,-11.375,2,2token,not_valid_noun
diapers,bag Complete,-11.375,2,2token,not_valid_noun
diapers,blank .,-11.375,2,2token,not_valid_noun
diapers,outdoor,-11.375,1,single_token,incomplete_phrase
diapers,excre,-11.375,1,single_token,not_valid_noun
diapers,rags,-11.375,1,single_token,not_valid_noun
diapers,product of,-11.375,2,2token,not_valid_noun
diapers,product used,-11.375,2,2token,incomplete_phrase
diapers,It,-11.375,1,single_token,not_valid_noun
diapers,lav,-11.375,1,single_token,not_valid_noun
diapers,..... a,-11.375,2,2token,not_valid_noun
diapers,furn,-11.375,1,single_token,not_valid_noun
diapers,u,-11.375,1,single_token,not_valid_noun
diapers,tissue Complete,-11.375,2,2token,not_valid_noun
diapers,common,-11.375,1,single_token,incomplete_phrase
diapers,___________ (,-11.375,2,2token,not_valid_noun
diapers,--,-11.375,1,single_token,not_valid_noun
diapers,stuffed,-11.375,1,single_token,not_valid_noun
diapers,fo,-11.375,1,single_token,not_valid_noun
diapers,a container,-11.375,2,2token,not_valid_noun
diapers,a ...,-11.375,2,2token,not_valid_noun
diapers,We,-11.375,1,single_token,not_valid_noun
diapers,eating,-11.375,1,single_token,incomplete_phrase
diapers,..... A,-11.375,2,2token,not_valid_noun
diapers,D,-11.375,1,single_token,not_valid_noun
diapers,a towel,-11.375,2,2token,not_valid_noun
diapers,many,-11.375,1,single_token,not_valid_noun
diapers,This,-11.375,1,single_token,not_valid_noun
diapers,er,-11.375,1,single_token,not_valid_noun
diapers,material .,-11.40625,2,2token,not_valid_noun
diapers,___ ____,-11.40625,2,2token,not_valid_noun
diapers,article to,-11.40625,2,2token,not_valid_noun
diapers,article or,-11.40625,2,2token,not_valid_noun
diapers,something that,-11.40625,2,2token,incomplete_phrase
diapers,clothe,-11.40625,2,2token,not_valid_noun
diapers,:,-11.421875,2,2token,not_valid_noun
diapers,Clothing .,-11.4375,2,2token,not_valid_noun
diapers,_ Fill,-11.4375,2,2token,not_valid_noun
diapers,_ clothing,-11.4375,2,2token,not_valid_noun
diapers,casual,-11.4375,1,single_token,not_valid_noun
diapers,ing,-11.4375,1,single_token,not_valid_noun
diapers,,-11.4375,1,single_token,not_valid_noun
diapers,.... What,-11.4375,2,2token,not_valid_noun
diapers,.... (,-11.4375,2,2token,not_valid_noun
diapers,_ (,-11.4375,2,2token,not_valid_noun
diapers,.(,-11.4375,1,single_token,not_valid_noun
diapers,".,",-11.4375,1,single_token,not_valid_noun
diapers,clothes :,-11.4375,2,2token,not_valid_noun
diapers,clothes ______,-11.4375,2,2token,not_valid_noun
diapers,........ .,-11.4375,2,2token,not_valid_noun
diapers,garment to,-11.46875,2,2token,not_valid_noun
diapers,garment ...,-11.46875,2,2token,not_valid_noun
diapers,towel Complete,-11.46875,2,2token,not_valid_noun
diapers,______ ____,-11.46875,2,2token,not_valid_noun
diapers,_______ Fill,-11.46875,2,2token,not_valid_noun
diapers,fabric or,-11.46875,2,2token,not_valid_noun
diapers,", a",-11.46875,2,2token,not_valid_noun
diapers,_____ clothing,-11.46875,2,2token,not_valid_noun
diapers,item Complete,-11.46875,2,2token,not_valid_noun
diapers,things for,-11.484375,2,2token,incomplete_phrase
diapers,round,-11.5,1,single_token,incomplete_phrase
diapers,tooth,-11.5,1,single_token,incomplete_phrase
diapers,BABY,-11.5,1,single_token,incomplete_phrase
diapers,... In,-11.5,2,2token,not_valid_noun
diapers,... You,-11.5,2,2token,not_valid_noun
diapers,canned,-11.5,1,single_token,not_valid_noun
diapers,consuma,-11.5,1,single_token,not_valid_noun
diapers,disposable n,-11.5,2,2token,not_valid_noun
diapers,what .,-11.5,2,2token,not_valid_noun
diapers,... of,-11.5,2,2token,not_valid_noun
diapers,___________,-11.5,2,2token,not_valid_noun
diapers,throw,-11.5,1,single_token,incomplete_phrase
diapers,solid,-11.5,1,single_token,incomplete_phrase
diapers,make,-11.5,1,single_token,incomplete_phrase
diapers,g,-11.5,1,single_token,not_valid_noun
diapers,,-11.5,1,single_token,not_valid_noun
diapers,..... Fill,-11.5,2,2token,not_valid_noun
diapers,but,-11.5,1,single_token,not_valid_noun
diapers,… Answer,-11.5,2,2token,not_valid_noun
diapers,!,-11.5,1,single_token,not_valid_noun
diapers,st,-11.5,1,single_token,not_valid_noun
diapers,dress (,-11.5,2,2token,not_valid_noun
diapers,They,-11.5,1,single_token,not_valid_noun
diapers,... Show,-11.5,2,2token,not_valid_noun
diapers,a blanket,-11.5,2,2token,not_valid_noun
diapers,social,-11.5,1,single_token,incomplete_phrase
diapers,[ ],-11.515625,2,2token,not_valid_noun
diapers,cover up,-11.53125,2,2token,not_valid_noun
diapers,___ ___,-11.53125,2,2token,not_valid_noun
diapers,clothe Complete,-11.53125,2,2token,not_valid_noun
diapers,........... .,-11.546875,2,2token,not_valid_noun
diapers,ropa,-11.5625,1,single_token,not_valid_noun
diapers,some,-11.5625,1,single_token,incomplete_phrase
diapers,B,-11.5625,1,single_token,not_valid_noun
diapers,clothes of,-11.5625,2,2token,not_valid_noun
diapers,__ _.,-11.5625,2,2token,not_valid_noun
diapers,__,-11.5625,2,2token,not_valid_noun
diapers,clothes worn,-11.5625,2,2token,incomplete_phrase
diapers,the clothing,-11.5625,2,2token,not_valid_noun
diapers,_ toy,-11.5625,2,2token,not_valid_noun
diapers,shirt Complete,-11.5625,2,2token,not_valid_noun
diapers,S,-11.5625,1,single_token,not_valid_noun
diapers,tex,-11.5625,1,single_token,not_valid_noun
diapers,swe,-11.5625,1,single_token,not_valid_noun
diapers,modern,-11.5625,1,single_token,incomplete_phrase
diapers,…… Fill,-11.5625,2,2token,not_valid_noun
diapers,after,-11.5625,1,single_token,not_valid_noun
diapers,condom,-11.5625,1,single_token,not_valid_noun
diapers,________,-11.5625,2,2token,not_valid_noun
diapers,Clean,-11.5625,1,single_token,incomplete_phrase
diapers,garment complete,-11.59375,2,2token,not_valid_noun
diapers,pants for,-11.59375,2,2token,incomplete_phrase
diapers,pants (,-11.59375,2,2token,not_valid_noun
diapers,fruit .,-11.59375,2,2token,not_valid_noun
diapers,", ,",-11.59375,2,2token,not_valid_noun
diapers,pant .,-11.59375,2,2token,not_valid_noun
diapers,_____ of,-11.59375,2,2token,not_valid_noun
diapers,", and",-11.59375,2,2token,not_valid_noun
diapers,", which",-11.59375,2,2token,not_valid_noun
diapers,_______ ______,-11.59375,2,2token,not_valid_noun
diapers,item .,-11.59375,2,2token,not_valid_noun
diapers,______ for,-11.59375,2,2token,not_valid_noun
diapers,............... .,-11.609375,2,2token,not_valid_noun
diapers,covering for,-11.609375,2,2token,not_valid_noun
diapers,things you,-11.609375,2,2token,incomplete_phrase
diapers,toddler,-11.625,1,single_token,incomplete_phrase
diapers,fabrics,-11.625,1,single_token,not_valid_noun
diapers,edible,-11.625,1,single_token,incomplete_phrase
diapers,cloths Complete,-11.625,2,2token,not_valid_noun
diapers,… You,-11.625,2,2token,not_valid_noun
diapers,wet .,-11.625,2,2token,not_valid_noun
diapers,what is,-11.625,2,2token,not_valid_noun
diapers,a sanitary,-11.625,2,2token,not_valid_noun
diapers,Kle,-11.625,1,single_token,not_valid_noun
diapers,... Answer,-11.625,2,2token,not_valid_noun
diapers,... more,-11.625,2,2token,not_valid_noun
diapers,… clothes,-11.625,2,2token,not_valid_noun
diapers,so,-11.625,1,single_token,not_valid_noun
diapers,____ (,-11.625,2,2token,not_valid_noun
diapers,..... (,-11.625,2,2token,not_valid_noun
diapers,equip,-11.625,1,single_token,not_valid_noun
diapers,fruits,-11.625,1,single_token,not_valid_noun
diapers,... food,-11.625,2,2token,not_valid_noun
diapers,pi,-11.625,1,single_token,not_valid_noun
diapers,answer,-11.625,1,single_token,not_valid_noun
diapers,at,-11.625,1,single_token,not_valid_noun
diapers,pp,-11.625,1,single_token,not_valid_noun
diapers,per,-11.625,1,single_token,not_valid_noun
diapers,pla,-11.625,1,single_token,not_valid_noun
diapers,of baby,-11.625,2,2token,not_valid_noun
diapers,childs,-11.625,1,single_token,incomplete_phrase
diapers,tool to,-11.625,2,2token,not_valid_noun
diapers,healthy,-11.625,1,single_token,not_valid_noun
diapers,lay,-11.625,1,single_token,incomplete_phrase
diapers,a textile,-11.625,2,2token,not_valid_noun
diapers,accessory (,-11.625,2,2token,not_valid_noun
diapers,adult hygiene,-11.640625,2,2token,incomplete_phrase
diapers,...... .,-11.640625,2,2token,not_valid_noun
diapers,article used,-11.65625,2,2token,incomplete_phrase
diapers,an accessory,-11.65625,2,2token,not_valid_noun
diapers,___ Fill,-11.65625,2,2token,not_valid_noun
diapers,container .,-11.65625,2,2token,not_valid_noun
diapers,____________,-11.6875,2,2token,not_valid_noun
diapers,____________ (,-11.6875,2,2token,not_valid_noun
diapers,,-11.6875,1,single_token,not_valid_noun
diapers,boys,-11.6875,1,single_token,not_valid_noun
diapers,the clothes,-11.6875,2,2token,not_valid_noun
diapers,convenient,-11.6875,1,single_token,not_valid_noun
diapers,adults,-11.6875,1,single_token,not_valid_noun
diapers,foo,-11.6875,1,single_token,incomplete_phrase
diapers,the word,-11.6875,2,2token,not_valid_noun
diapers,caring,-11.6875,1,single_token,not_valid_noun
diapers,suits,-11.6875,1,single_token,not_valid_noun
diapers,,-11.6875,1,single_token,not_valid_noun
diapers,monthly,-11.6875,1,single_token,incomplete_phrase
diapers,clothes used,-11.6875,2,2token,incomplete_phrase
diapers,he,-11.6875,1,single_token,not_valid_noun
diapers,clothes -,-11.6875,2,2token,not_valid_noun
diapers,__ __,-11.6875,2,2token,not_valid_noun
diapers,clean .,-11.6875,2,2token,not_valid_noun
diapers,________ ________,-11.6875,2,2token,not_valid_noun
diapers,them,-11.6875,1,single_token,not_valid_noun
diapers,she,-11.6875,1,single_token,not_valid_noun
diapers,[],-11.6875,1,single_token,not_valid_noun
diapers,public,-11.6875,1,single_token,incomplete_phrase
diapers,winter,-11.6875,1,single_token,incomplete_phrase
diapers,protect,-11.6875,1,single_token,not_valid_noun
diapers,blan,-11.6875,1,single_token,incomplete_phrase
diapers,materials,-11.6875,1,single_token,not_valid_noun
diapers,arti,-11.6875,1,single_token,not_valid_noun
diapers,…. A,-11.703125,2,2token,not_valid_noun
diapers,blanket Complete,-11.71875,2,2token,not_valid_noun
diapers,What do,-11.71875,2,2token,not_valid_noun
diapers,pant Complete,-11.71875,2,2token,not_valid_noun
diapers,garment ....,-11.71875,2,2token,not_valid_noun
diapers,( noun,-11.71875,2,2token,not_valid_noun
diapers,pants or,-11.71875,2,2token,not_valid_noun
diapers,toy ________,-11.71875,2,2token,not_valid_noun
diapers,this kind,-11.71875,2,2token,incomplete_phrase
diapers,soft and,-11.71875,2,2token,not_valid_noun
diapers,things we,-11.734375,2,2token,not_valid_noun
diapers,dressing for,-11.734375,2,2token,not_valid_noun
diapers,articles for,-11.734375,2,2token,incomplete_phrase
diapers,.. .,-11.734375,2,2token,not_valid_noun
diapers,pr,-11.75,1,single_token,not_valid_noun
diapers,… This,-11.75,2,2token,not_valid_noun
diapers,… complete,-11.75,2,2token,not_valid_noun
diapers,You,-11.75,1,single_token,not_valid_noun
diapers,tool Complete,-11.75,2,2token,not_valid_noun
diapers,tool used,-11.75,2,2token,incomplete_phrase
diapers,uns,-11.75,1,single_token,not_valid_noun
diapers,… More,-11.75,2,2token,not_valid_noun
diapers,… …,-11.75,2,2token,not_valid_noun
diapers,cloths .,-11.75,2,2token,not_valid_noun
diapers,____ Fill,-11.75,2,2token,not_valid_noun
diapers,household .,-11.75,2,2token,not_valid_noun
diapers,helping,-11.75,1,single_token,incomplete_phrase
diapers,Cover,-11.75,1,single_token,incomplete_phrase
diapers,).,-11.75,1,single_token,not_valid_noun
diapers,Dia,-11.75,1,single_token,not_valid_noun
diapers,/.,-11.75,1,single_token,not_valid_noun
diapers,... is,-11.75,2,2token,not_valid_noun
diapers,... I,-11.75,2,2token,not_valid_noun
diapers,*.,-11.75,1,single_token,not_valid_noun
diapers,a wet,-11.75,2,2token,not_valid_noun
diapers,a disposable,-11.75,2,2token,not_valid_noun
diapers,pe,-11.75,1,single_token,not_valid_noun
diapers,... clothing,-11.75,2,2token,not_valid_noun
diapers,... Use,-11.75,2,2token,not_valid_noun
diapers,,-11.75,1,single_token,not_valid_noun
diapers,pre,-11.75,1,single_token,not_valid_noun
diapers,a tool,-11.75,2,2token,not_valid_noun
diapers,a shirt,-11.75,2,2token,not_valid_noun
diapers,a type,-11.75,2,2token,not_valid_noun
diapers,restroom,-11.75,1,single_token,not_valid_noun
diapers,fasten,-11.75,1,single_token,not_valid_noun
diapers,○,-11.75,1,single_token,not_valid_noun
diapers,noun Complete,-11.75,2,2token,not_valid_noun
diapers,go,-11.75,1,single_token,not_valid_noun
diapers,your,-11.75,1,single_token,incomplete_phrase
diapers,po,-11.75,1,single_token,not_valid_noun
diapers,... what,-11.75,2,2token,not_valid_noun
diapers,product to,-11.75,2,2token,not_valid_noun
diapers,product (,-11.75,2,2token,not_valid_noun
diapers,essential baby,-11.75,2,2token,incomplete_phrase
diapers,? .,-11.765625,2,2token,not_valid_noun
diapers,......,-11.765625,2,2token,not_valid_noun
diapers,cover .,-11.78125,2,2token,not_valid_noun
diapers,material to,-11.78125,2,2token,not_valid_noun
diapers,an object,-11.78125,2,2token,not_valid_noun
diapers,very,-11.8125,1,single_token,not_valid_noun
diapers,device for,-11.8125,2,2token,incomplete_phrase
diapers,big,-11.8125,1,single_token,not_valid_noun
diapers,,-11.8125,1,single_token,not_valid_noun
diapers,young,-11.8125,1,single_token,incomplete_phrase
diapers,garment and,-11.8125,2,2token,incomplete_phrase
diapers,().,-11.8125,1,single_token,not_valid_noun
diapers,shoe Complete,-11.8125,2,2token,not_valid_noun
diapers,textil,-11.8125,1,single_token,not_valid_noun
diapers,----,-11.8125,1,single_token,not_valid_noun
diapers,member,-11.8125,1,single_token,incomplete_phrase
diapers,_ clothes,-11.8125,2,2token,not_valid_noun
diapers,clothes Read,-11.8125,2,2token,not_valid_noun
diapers,clothes …,-11.8125,2,2token,not_valid_noun
diapers,clothes Fill,-11.8125,2,2token,not_valid_noun
diapers,__ _,-11.8125,2,2token,not_valid_noun
diapers,wearable Complete,-11.84375,2,2token,not_valid_noun
diapers,fabric ...,-11.84375,2,2token,not_valid_noun
diapers,towel .,-11.84375,2,2token,not_valid_noun
diapers,worn on,-11.84375,2,2token,not_valid_noun
diapers,_____ that,-11.84375,2,2token,not_valid_noun
diapers,_____ food,-11.84375,2,2token,not_valid_noun
diapers,… clothing,-11.875,2,2token,not_valid_noun
diapers,inappropriate,-11.875,1,single_token,not_valid_noun
diapers,_(,-11.875,1,single_token,not_valid_noun
diapers,a material,-11.875,2,2token,not_valid_noun
diapers,--------,-11.875,1,single_token,not_valid_noun
diapers,… We,-11.875,2,2token,not_valid_noun
diapers,… There,-11.875,2,2token,not_valid_noun
diapers,（,-11.875,1,single_token,not_valid_noun
diapers,accessory that,-11.875,2,2token,incomplete_phrase
diapers,formal,-11.875,1,single_token,incomplete_phrase
diapers,tool .,-11.875,2,2token,not_valid_noun
diapers,put,-11.875,1,single_token,incomplete_phrase
diapers,??,-11.875,1,single_token,not_valid_noun
diapers,ready,-11.875,1,single_token,not_valid_noun
diapers,_. Fill,-11.875,2,2token,not_valid_noun
diapers,child ________,-11.875,2,2token,not_valid_noun
diapers,... Fruit,-11.875,2,2token,not_valid_noun
diapers,... Continue,-11.875,2,2token,not_valid_noun
diapers,when,-11.875,1,single_token,not_valid_noun
diapers,… Clothing,-11.875,2,2token,not_valid_noun
diapers,dry .,-11.875,2,2token,not_valid_noun
diapers,… When,-11.875,2,2token,not_valid_noun
diapers,not,-11.875,1,single_token,not_valid_noun
diapers,par,-11.875,1,single_token,incomplete_phrase
diapers,ingredient,-11.875,1,single_token,not_valid_noun
diapers,shirts,-11.875,1,single_token,not_valid_noun
diapers,useless,-11.875,1,single_token,not_valid_noun
diapers,hygiene .,-11.875,2,2token,not_valid_noun
diapers,object that,-11.875,2,2token,incomplete_phrase
diapers,... See,-11.875,2,2token,not_valid_noun
diapers,... How,-11.875,2,2token,not_valid_noun
diapers,disposable sanitary,-11.875,2,2token,not_valid_noun
diapers,a soft,-11.875,2,2token,not_valid_noun
diapers,... [,-11.875,2,2token,not_valid_noun
diapers,a wear,-11.875,2,2token,not_valid_noun
diapers,,-11.875,1,single_token,not_valid_noun
diapers,____ _.,-11.875,2,2token,not_valid_noun
diapers,... Write,-11.875,2,2token,not_valid_noun
diapers,x,-11.875,1,single_token,not_valid_noun
diapers,... Which,-11.875,2,2token,not_valid_noun
diapers,wear and,-11.875,2,2token,not_valid_noun
diapers,... Find,-11.875,2,2token,not_valid_noun
diapers,... ?,-11.875,2,2token,not_valid_noun
diapers,... are,-11.875,2,2token,not_valid_noun
diapers,__________ for,-11.875,2,2token,not_valid_noun
diapers,cannot,-11.875,1,single_token,not_valid_noun
diapers,adult under,-11.890625,2,2token,incomplete_phrase
diapers,container Complete,-11.90625,2,2token,not_valid_noun
diapers,clothe (,-11.90625,2,2token,not_valid_noun
diapers,used in,-11.90625,2,2token,not_valid_noun
diapers,sock Complete,-11.921875,2,2token,not_valid_noun
diapers,,-11.9375,1,single_token,not_valid_noun
diapers,do,-11.9375,1,single_token,not_valid_noun
diapers,,-11.9375,1,single_token,not_valid_noun
diapers,be,-11.9375,1,single_token,not_valid_noun
diapers,- Complete,-11.9375,2,2token,not_valid_noun
diapers,…… (,-11.9375,2,2token,not_valid_noun
diapers,clothes a,-11.9375,2,2token,not_valid_noun
diapers,her,-11.9375,1,single_token,not_valid_noun
diapers,natural,-11.9375,1,single_token,incomplete_phrase
diapers,where,-11.9375,1,single_token,not_valid_noun
diapers,like,-11.9375,1,single_token,incomplete_phrase
diapers,mother,-11.9375,1,single_token,incomplete_phrase
diapers,sports,-11.9375,1,single_token,incomplete_phrase
diapers,.... Read,-11.9375,2,2token,not_valid_noun
diapers,pj,-11.9375,1,single_token,not_valid_noun
diapers,appare,-11.9375,1,single_token,not_valid_noun
diapers,clothes with,-11.9375,2,2token,incomplete_phrase
diapers,clothes is,-11.9375,2,2token,not_valid_noun
diapers,clothes The,-11.9375,2,2token,incomplete_phrase
diapers,clothes .....,-11.9375,2,2token,not_valid_noun
diapers,….,-11.953125,2,2token,not_valid_noun
diapers,fabric and,-11.96875,2,2token,incomplete_phrase
diapers,wearable .,-11.96875,2,2token,not_valid_noun
diapers,______ clothes,-11.96875,2,2token,not_valid_noun
diapers,apparel for,-11.96875,2,2token,incomplete_phrase
diapers,_____ and,-11.96875,2,2token,not_valid_noun
diapers,______ a,-11.96875,2,2token,not_valid_noun
diapers,things used,-11.96875,2,2token,incomplete_phrase
diapers,fabric made,-11.96875,2,2token,incomplete_phrase
diapers,_____ or,-11.96875,2,2token,not_valid_noun
diapers,_____ The,-11.96875,2,2token,not_valid_noun
diapers,worn by,-11.96875,2,2token,not_valid_noun
diapers,What does,-11.96875,2,2token,not_valid_noun
diapers,dressing .,-11.984375,2,2token,not_valid_noun
diapers,..,-11.984375,2,2token,not_valid_noun
diapers,.............. .,-11.984375,2,2token,not_valid_noun
diapers,for infants,-11.984375,2,2token,not_valid_noun
diapers,......... .,-11.984375,2,2token,not_valid_noun
diapers,a wearable,-12.0,2,2token,not_valid_noun
diapers,our,-12.0,1,single_token,incomplete_phrase
diapers,_________ _________,-12.0,2,2token,not_valid_noun
diapers,of a,-12.0,2,2token,not_valid_noun
diapers,toiletries,-12.0,1,single_token,not_valid_noun
diapers,birthday,-12.0,1,single_token,incomplete_phrase
diapers,suit for,-12.0,2,2token,incomplete_phrase
diapers,inner,-12.0,1,single_token,not_valid_noun
diapers,,-12.0,1,single_token,not_valid_noun
diapers,what,-12.0,2,2token,not_valid_noun
diapers,,-12.0,1,single_token,not_valid_noun
diapers,dre,-12.0,1,single_token,not_valid_noun
diapers,comfortable,-12.0,1,single_token,not_valid_noun
diapers,... COMPLETE,-12.0,2,2token,not_valid_noun
diapers,thin,-12.0,1,single_token,not_valid_noun
diapers,In,-12.0,1,single_token,not_valid_noun
diapers,up,-12.0,1,single_token,not_valid_noun
diapers,ra,-12.0,1,single_token,not_valid_noun
diapers,man,-12.0,1,single_token,incomplete_phrase
diapers,Personal,-12.0,1,single_token,incomplete_phrase
diapers,artificial,-12.0,1,single_token,not_valid_noun
diapers,commercial,-12.0,1,single_token,incomplete_phrase
diapers,How,-12.0,1,single_token,not_valid_noun
diapers,),-12.0,1,single_token,not_valid_noun
diapers,,-12.0,1,single_token,not_valid_noun
diapers,… How,-12.0,2,2token,not_valid_noun
diapers,example,-12.0,1,single_token,not_valid_noun
diapers,… Find,-12.0,2,2token,not_valid_noun
diapers,hygiene Complete,-12.0,2,2token,not_valid_noun
diapers,healthcare,-12.0,1,single_token,incomplete_phrase
diapers,[…],-12.0,1,single_token,not_valid_noun
diapers,dispos,-12.0,1,single_token,not_valid_noun
diapers,_________ _______,-12.0,2,2token,not_valid_noun
diapers,disposable personal,-12.0,2,2token,incomplete_phrase
diapers,_________ for,-12.0,2,2token,not_valid_noun
diapers,poo,-12.0,1,single_token,not_valid_noun
diapers,-------,-12.0,1,single_token,not_valid_noun
diapers,kind Complete,-12.015625,2,2token,not_valid_noun
diapers,thing in,-12.03125,2,2token,not_valid_noun
diapers,thing people,-12.03125,2,2token,incomplete_phrase
diapers,textile (,-12.03125,2,2token,not_valid_noun
diapers,clothe for,-12.03125,2,2token,not_valid_noun
diapers,___ _____,-12.03125,2,2token,not_valid_noun
diapers,=,-12.046875,2,2token,not_valid_noun
diapers,__ (,-12.0625,2,2token,not_valid_noun
diapers,infants,-12.0625,1,single_token,not_valid_noun
diapers,____________ Fill,-12.0625,2,2token,not_valid_noun
diapers,all,-12.0625,1,single_token,not_valid_noun
diapers,carrying,-12.0625,1,single_token,not_valid_noun
diapers,fasteners,-12.0625,1,single_token,not_valid_noun
diapers,`,-12.0625,1,single_token,not_valid_noun
diapers,ex,-12.0625,1,single_token,not_valid_noun
diapers,\,-12.0625,1,single_token,not_valid_noun
diapers,clothes on,-12.0625,2,2token,not_valid_noun
diapers,garment used,-12.0625,2,2token,incomplete_phrase
diapers,- -,-12.0625,2,2token,not_valid_noun
diapers,.... The,-12.0625,2,2token,not_valid_noun
diapers,garment of,-12.0625,2,2token,not_valid_noun
diapers,clothes ..,-12.0625,2,2token,not_valid_noun
diapers,clothes fruit,-12.0625,2,2token,incomplete_phrase
diapers,clothes the,-12.0625,2,2token,incomplete_phrase
diapers,needed,-12.0625,1,single_token,not_valid_noun
diapers,swim,-12.0625,1,single_token,incomplete_phrase
diapers,band,-12.0625,1,single_token,incomplete_phrase
diapers,…. What,-12.09375,2,2token,not_valid_noun
diapers,wearable for,-12.09375,2,2token,not_valid_noun
diapers,_____ ....,-12.09375,2,2token,not_valid_noun
diapers,_______ _____,-12.09375,2,2token,not_valid_noun
diapers,_______ for,-12.09375,2,2token,not_valid_noun
diapers,_____ Choose,-12.09375,2,2token,not_valid_noun
diapers,food that,-12.09375,2,2token,incomplete_phrase
diapers,______ A,-12.09375,2,2token,not_valid_noun
diapers,_____ _.,-12.09375,2,2token,not_valid_noun
diapers,underwear or,-12.09375,2,2token,not_valid_noun
diapers,", complete",-12.09375,2,2token,not_valid_noun
diapers,underwear complete,-12.09375,2,2token,not_valid_noun
diapers,______ complete,-12.09375,2,2token,not_valid_noun
diapers,underwear and,-12.09375,2,2token,incomplete_phrase
diapers,_____ __,-12.09375,2,2token,not_valid_noun
diapers,toy ...,-12.09375,2,2token,not_valid_noun
diapers,apparel (,-12.09375,2,2token,not_valid_noun
diapers,two,-12.125,1,single_token,incomplete_phrase
diapers,dry baby,-12.125,2,2token,incomplete_phrase
diapers,__________ ...,-12.125,2,2token,not_valid_noun
diapers,__________ complete,-12.125,2,2token,not_valid_noun
diapers,disposable under,-12.125,2,2token,not_valid_noun
diapers,of food,-12.125,2,2token,not_valid_noun
diapers,gloves,-12.125,1,single_token,not_valid_noun
diapers,absorb,-12.125,1,single_token,not_valid_noun
diapers,....... .,-12.125,2,2token,not_valid_noun
diapers,a article,-12.125,2,2token,not_valid_noun
diapers,a ___________,-12.125,2,2token,not_valid_noun
diapers,a pants,-12.125,2,2token,not_valid_noun
diapers,measuring,-12.125,1,single_token,incomplete_phrase
diapers,bodysuit,-12.125,1,single_token,not_valid_noun
diapers,… They,-12.125,2,2token,not_valid_noun
diapers,_________ a,-12.125,2,2token,not_valid_noun
diapers,a bathroom,-12.125,2,2token,not_valid_noun
diapers,_________ ...,-12.125,2,2token,not_valid_noun
diapers,n .,-12.125,2,2token,not_valid_noun
diapers,_. What,-12.125,2,2token,not_valid_noun
diapers,bag (,-12.125,2,2token,not_valid_noun
diapers,object for,-12.125,2,2token,incomplete_phrase
diapers,_. A,-12.125,2,2token,not_valid_noun
diapers,object .,-12.125,2,2token,not_valid_noun
diapers,____,-12.125,2,2token,not_valid_noun
diapers,costume for,-12.125,2,2token,incomplete_phrase
diapers,... Choose,-12.125,2,2token,not_valid_noun
diapers,... We,-12.125,2,2token,not_valid_noun
diapers,get,-12.125,1,single_token,not_valid_noun
diapers,ud,-12.125,1,single_token,not_valid_noun
diapers,because,-12.125,1,single_token,not_valid_noun
diapers,… Use,-12.125,2,2token,not_valid_noun
diapers,… Choose,-12.125,2,2token,not_valid_noun
diapers,wear a,-12.125,2,2token,not_valid_noun
diapers,… Which,-12.125,2,2token,not_valid_noun
diapers,… Write,-12.125,2,2token,not_valid_noun
diapers,sou,-12.125,1,single_token,incomplete_phrase
diapers,bathroom .,-12.15625,2,2token,not_valid_noun
diapers,something to,-12.15625,2,2token,not_valid_noun
diapers,something you,-12.15625,2,2token,incomplete_phrase
diapers,___ complete,-12.15625,2,2token,not_valid_noun
diapers,___ a,-12.15625,2,2token,not_valid_noun
diapers,___ __,-12.15625,2,2token,not_valid_noun
diapers,an under,-12.15625,2,2token,not_valid_noun
diapers,paper for,-12.15625,2,2token,incomplete_phrase
diapers,article in,-12.15625,2,2token,not_valid_noun
diapers,paper (,-12.15625,2,2token,not_valid_noun
diapers,__ ____,-12.1875,2,2token,not_valid_noun
diapers,…… A,-12.1875,2,2token,not_valid_noun
diapers,garment ________,-12.1875,2,2token,not_valid_noun
diapers,.... complete,-12.1875,2,2token,not_valid_noun
diapers,.... ?,-12.1875,2,2token,not_valid_noun
diapers,clothes we,-12.1875,2,2token,not_valid_noun
diapers,clothes [,-12.1875,2,2token,not_valid_noun
diapers,clothes /,-12.1875,2,2token,not_valid_noun
diapers,clothes made,-12.1875,2,2token,incomplete_phrase
diapers,clothes ….,-12.1875,2,2token,not_valid_noun
diapers,shirt .,-12.1875,2,2token,not_valid_noun
diapers,the cloth,-12.1875,2,2token,not_valid_noun
diapers,_ a,-12.1875,2,2token,not_valid_noun
diapers,help to,-12.203125,2,2token,not_valid_noun
diapers,_____ _,-12.21875,2,2token,not_valid_noun
diapers,fabric in,-12.21875,2,2token,not_valid_noun
diapers,soft baby,-12.21875,2,2token,incomplete_phrase
diapers,_____ [,-12.21875,2,2token,not_valid_noun
diapers,food to,-12.21875,2,2token,not_valid_noun
diapers,_______ A,-12.21875,2,2token,not_valid_noun
diapers,( blank,-12.21875,2,2token,not_valid_noun
diapers,diaper for,-12.21875,2,2token,incomplete_phrase
diapers,diaper ...,-12.21875,2,2token,not_valid_noun
diapers,pants and,-12.21875,2,2token,incomplete_phrase
diapers,item we,-12.21875,2,2token,not_valid_noun
diapers,item (,-12.21875,2,2token,not_valid_noun
diapers,______ clothing,-12.21875,2,2token,not_valid_noun
diapers,…. Fill,-12.21875,2,2token,not_valid_noun
diapers,toy _______,-12.21875,2,2token,not_valid_noun
diapers,", clothes",-12.21875,2,2token,not_valid_noun
diapers,soft .,-12.21875,2,2token,not_valid_noun
diapers,_______ ____,-12.21875,2,2token,not_valid_noun
diapers,care .,-12.234375,2,2token,not_valid_noun
diapers,for adults,-12.234375,2,2token,not_valid_noun
diapers,garder,-12.25,1,single_token,not_valid_noun
diapers,___________ ________,-12.25,2,2token,not_valid_noun
diapers,what are,-12.25,2,2token,not_valid_noun
diapers,… [,-12.25,2,2token,not_valid_noun
diapers,????,-12.25,1,single_token,not_valid_noun
diapers,a children,-12.25,2,2token,not_valid_noun
diapers,a lot,-12.25,2,2token,not_valid_noun
diapers,... Select,-12.25,2,2token,not_valid_noun
diapers,… It,-12.25,2,2token,not_valid_noun
diapers,product or,-12.25,2,2token,not_valid_noun
diapers,… ?,-12.25,2,2token,not_valid_noun
diapers,product in,-12.25,2,2token,not_valid_noun
diapers,__________ clothes,-12.25,2,2token,not_valid_noun
diapers,__________ a,-12.25,2,2token,not_valid_noun
diapers,.......,-12.25,2,2token,not_valid_noun
diapers,__________ __________,-12.25,2,2token,not_valid_noun
diapers,... and,-12.25,2,2token,not_valid_noun
diapers,_________ A,-12.25,2,2token,not_valid_noun
diapers,... An,-12.25,2,2token,not_valid_noun
diapers,_.,-12.25,2,2token,not_valid_noun
diapers,… If,-12.25,2,2token,not_valid_noun
diapers,wear ...,-12.25,2,2token,not_valid_noun
diapers,suit of,-12.25,2,2token,not_valid_noun
diapers,disposable ________,-12.25,2,2token,not_valid_noun
diapers,_________ clothes,-12.25,2,2token,not_valid_noun
diapers,leg,-12.25,1,single_token,incomplete_phrase
diapers,ap,-12.25,1,single_token,not_valid_noun
diapers,cri,-12.25,1,single_token,not_valid_noun
diapers,as,-12.25,1,single_token,not_valid_noun
diapers,append,-12.25,1,single_token,not_valid_noun
diapers,,-12.25,1,single_token,not_valid_noun
diapers,,-12.25,1,single_token,not_valid_noun
diapers,"...""",-12.25,1,single_token,not_valid_noun
diapers,tissue .,-12.25,2,2token,not_valid_noun
diapers,..... What,-12.25,2,2token,not_valid_noun
diapers,suit .,-12.25,2,2token,not_valid_noun
diapers,bot,-12.25,1,single_token,incomplete_phrase
diapers,... the,-12.25,2,2token,not_valid_noun
diapers,Cloth .,-12.265625,2,2token,not_valid_noun
diapers,children .,-12.28125,2,2token,not_valid_noun
diapers,children s,-12.28125,2,2token,not_valid_noun
diapers,: complete,-12.28125,2,2token,not_valid_noun
diapers,thing which,-12.28125,2,2token,incomplete_phrase
diapers,: underwear,-12.28125,2,2token,not_valid_noun
diapers,: toy,-12.28125,2,2token,not_valid_noun
diapers,___ for,-12.28125,2,2token,not_valid_noun
diapers,: (,-12.28125,2,2token,not_valid_noun
diapers,article ...,-12.28125,2,2token,not_valid_noun
diapers,sanitary .,-12.28125,2,2token,not_valid_noun
diapers,___ ...,-12.28125,2,2token,not_valid_noun
diapers,Clothes Complete,-12.296875,2,2token,not_valid_noun
diapers,little,-12.3125,1,single_token,incomplete_phrase
diapers,ba,-12.3125,1,single_token,not_valid_noun
diapers,toy _____,-12.3125,2,2token,not_valid_noun
diapers,____________ _.,-12.3125,2,2token,not_valid_noun
diapers,teddy,-12.3125,1,single_token,incomplete_phrase
diapers,(...),-12.3125,1,single_token,not_valid_noun
diapers,any,-12.3125,1,single_token,incomplete_phrase
diapers,garment _______,-12.3125,2,2token,not_valid_noun
diapers,domestic,-12.3125,1,single_token,incomplete_phrase
diapers,mater,-12.3125,1,single_token,incomplete_phrase
diapers,ase,-12.3125,1,single_token,not_valid_noun
diapers,These,-12.3125,1,single_token,not_valid_noun
diapers,contain,-12.3125,1,single_token,not_valid_noun
diapers,thread,-12.3125,1,single_token,not_valid_noun
diapers,$,-12.3125,1,single_token,not_valid_noun
diapers,there,-12.3125,1,single_token,incomplete_phrase
diapers,ho,-12.3125,1,single_token,not_valid_noun
diapers,|,-12.3125,1,single_token,not_valid_noun
diapers,shoe .,-12.3125,2,2token,not_valid_noun
diapers,.... clothes,-12.3125,2,2token,not_valid_noun
diapers,garment in,-12.3125,2,2token,not_valid_noun
diapers,clothes by,-12.3125,2,2token,not_valid_noun
diapers,living,-12.3125,1,single_token,incomplete_phrase
diapers,with,-12.3125,1,single_token,not_valid_noun
diapers,........,-12.3125,2,2token,not_valid_noun
diapers,toy that,-12.3125,2,2token,incomplete_phrase
diapers,parenting,-12.3125,1,single_token,not_valid_noun
diapers,pamp,-12.3125,1,single_token,not_valid_noun
diapers,unisex,-12.3125,1,single_token,not_valid_noun
diapers,kinds,-12.3125,1,single_token,not_valid_noun
diapers,​​,-12.3125,1,single_token,not_valid_noun
diapers,[...],-12.3125,1,single_token,not_valid_noun
diapers,???,-12.3125,1,single_token,not_valid_noun
diapers,ordinary,-12.3125,1,single_token,incomplete_phrase
diapers,woman,-12.3125,1,single_token,incomplete_phrase
diapers,sun,-12.3125,1,single_token,incomplete_phrase
diapers,organic,-12.3125,1,single_token,incomplete_phrase
diapers,smart,-12.3125,1,single_token,incomplete_phrase
diapers,garment which,-12.3125,2,2token,incomplete_phrase
diapers,toy or,-12.3125,2,2token,not_valid_noun
diapers,…… a,-12.3125,2,2token,not_valid_noun
diapers,the body,-12.3125,2,2token,not_valid_noun
diapers,…… complete,-12.3125,2,2token,not_valid_noun
diapers,_ __,-12.3125,2,2token,not_valid_noun
diapers,help with,-12.328125,2,2token,not_valid_noun
diapers,outfit Complete,-12.34375,2,2token,not_valid_noun
diapers,_____ Clothes,-12.34375,2,2token,not_valid_noun
diapers,p .,-12.34375,2,2token,not_valid_noun
diapers,underwear ...,-12.34375,2,2token,not_valid_noun
diapers,_____ I,-12.34375,2,2token,not_valid_noun
diapers,______ food,-12.34375,2,2token,not_valid_noun
diapers,…. a,-12.34375,2,2token,not_valid_noun
diapers,…. The,-12.34375,2,2token,not_valid_noun
diapers,_______ clothes,-12.34375,2,2token,not_valid_noun
diapers,blanket .,-12.34375,2,2token,not_valid_noun
diapers,… what,-12.375,2,2token,not_valid_noun
diapers,… Show,-12.375,2,2token,not_valid_noun
diapers,□,-12.375,1,single_token,not_valid_noun
diapers,… -,-12.375,2,2token,not_valid_noun
diapers,...,-12.375,1,single_token,not_valid_noun
diapers,soiled,-12.375,1,single_token,not_valid_noun
diapers,bowel,-12.375,1,single_token,incomplete_phrase
diapers,etc,-12.375,1,single_token,not_valid_noun
diapers,necess,-12.375,1,single_token,not_valid_noun
diapers,ou,-12.375,1,single_token,not_valid_noun
diapers,blank Complete,-12.375,2,2token,not_valid_noun
diapers,expensive,-12.375,1,single_token,not_valid_noun
diapers,___________ Fill,-12.375,2,2token,not_valid_noun
diapers,types,-12.375,1,single_token,not_valid_noun
diapers,ur,-12.375,1,single_token,not_valid_noun
diapers,stores,-12.375,1,single_token,not_valid_noun
diapers,mouth,-12.375,1,single_token,incomplete_phrase
diapers,ny,-12.375,1,single_token,not_valid_noun
diapers,smo,-12.375,1,single_token,not_valid_noun
diapers,suitable,-12.375,1,single_token,not_valid_noun
diapers,... diapers,-12.375,2,2token,not_valid_noun
diapers,... well,-12.375,2,2token,not_valid_noun
diapers,.. a,-12.375,2,2token,not_valid_noun
diapers,pn,-12.375,1,single_token,not_valid_noun
diapers,recyclable,-12.375,1,single_token,not_valid_noun
diapers,,-12.375,1,single_token,not_valid_noun
diapers,,-12.375,1,single_token,not_valid_noun
diapers,L,-12.375,1,single_token,not_valid_noun
diapers,child,-12.375,2,2token,incomplete_phrase
diapers,summer,-12.375,1,single_token,incomplete_phrase
diapers,yes,-12.375,1,single_token,not_valid_noun
diapers,...... Fill,-12.375,2,2token,not_valid_noun
diapers,of garment,-12.375,2,2token,not_valid_noun
diapers,...... (,-12.375,2,2token,not_valid_noun
diapers,"... ,",-12.375,2,2token,not_valid_noun
diapers,:.,-12.375,1,single_token,not_valid_noun
diapers,tool that,-12.375,2,2token,incomplete_phrase
diapers,equipment Complete,-12.375,2,2token,not_valid_noun
diapers,_________ complete,-12.375,2,2token,not_valid_noun
diapers,washed,-12.375,1,single_token,not_valid_noun
diapers,backpack,-12.375,1,single_token,not_valid_noun
diapers,tee,-12.375,1,single_token,incomplete_phrase
diapers,hou,-12.375,1,single_token,not_valid_noun
diapers,loose,-12.375,1,single_token,not_valid_noun
diapers,__________ ___________,-12.375,2,2token,not_valid_noun
diapers,__________ _______,-12.375,2,2token,not_valid_noun
diapers,__________ of,-12.375,2,2token,not_valid_noun
diapers,...... a,-12.375,2,2token,not_valid_noun
diapers,...... A,-12.375,2,2token,not_valid_noun
diapers,wearing Complete,-12.375,2,2token,not_valid_noun
diapers,_. a,-12.375,2,2token,not_valid_noun
diapers,too,-12.375,1,single_token,not_valid_noun
diapers,leisure,-12.375,1,single_token,incomplete_phrase
diapers,unnecessary,-12.375,1,single_token,not_valid_noun
diapers,super,-12.375,1,single_token,incomplete_phrase
diapers,household ________,-12.375,2,2token,not_valid_noun
diapers,n,-12.375,2,2token,not_valid_noun
diapers,cloths for,-12.375,2,2token,incomplete_phrase
diapers,necessity .,-12.375,2,2token,not_valid_noun
diapers,disposable ...,-12.375,2,2token,not_valid_noun
diapers,wear or,-12.375,2,2token,not_valid_noun
diapers,popular,-12.375,1,single_token,not_valid_noun
diapers,E,-12.375,1,single_token,not_valid_noun
diapers,?,-12.390625,2,2token,not_valid_noun
diapers,appliance Complete,-12.40625,2,2token,not_valid_noun
diapers,article made,-12.40625,2,2token,incomplete_phrase
diapers,p _____,-12.40625,2,2token,not_valid_noun
diapers,___ ________,-12.40625,2,2token,not_valid_noun
diapers,material (,-12.40625,2,2token,not_valid_noun
diapers,___ A,-12.40625,2,2token,not_valid_noun
diapers,thing made,-12.40625,2,2token,incomplete_phrase
diapers,thing called,-12.40625,2,2token,incomplete_phrase
diapers,children ',-12.40625,2,2token,not_valid_noun
diapers,thing or,-12.40625,2,2token,not_valid_noun
diapers,___ ______,-12.40625,2,2token,not_valid_noun
diapers,used .,-12.40625,2,2token,not_valid_noun
diapers,...........,-12.421875,2,2token,not_valid_noun
diapers,need for,-12.421875,2,2token,not_valid_noun
diapers,need Complete,-12.421875,2,2token,not_valid_noun
diapers,toilet .,-12.4375,2,2token,not_valid_noun
diapers,indoor,-12.4375,1,single_token,not_valid_noun
diapers,the product,-12.4375,2,2token,not_valid_noun
diapers,footwear Complete,-12.4375,2,2token,not_valid_noun
diapers,plastic .,-12.4375,2,2token,not_valid_noun
diapers,wet,-12.4375,2,2token,incomplete_phrase
diapers,wrapper for,-12.4375,2,2token,incomplete_phrase
diapers,ni,-12.4375,1,single_token,not_valid_noun
diapers,fi,-12.4375,1,single_token,not_valid_noun
diapers,CI,-12.4375,1,single_token,not_valid_noun
diapers,manufactured,-12.4375,1,single_token,not_valid_noun
diapers,________ _.,-12.4375,2,2token,not_valid_noun
diapers,●,-12.4375,1,single_token,not_valid_noun
diapers,being,-12.4375,1,single_token,not_valid_noun
diapers,napkins,-12.4375,1,single_token,not_valid_noun
diapers,.... Choose,-12.4375,2,2token,not_valid_noun
diapers,utensils,-12.4375,1,single_token,not_valid_noun
diapers,long,-12.4375,1,single_token,not_valid_noun
diapers,simple,-12.4375,1,single_token,incomplete_phrase
diapers,toy ____,-12.4375,2,2token,not_valid_noun
diapers,p a,-12.46875,2,2token,not_valid_noun
diapers,_____ ?,-12.46875,2,2token,not_valid_noun
diapers,_____ in,-12.46875,2,2token,not_valid_noun
diapers,_____ toy,-12.46875,2,2token,not_valid_noun
diapers,food ...,-12.46875,2,2token,not_valid_noun
diapers,food or,-12.46875,2,2token,not_valid_noun
diapers,_____ ___________,-12.46875,2,2token,not_valid_noun
diapers,_______ a,-12.46875,2,2token,not_valid_noun
diapers,pant or,-12.46875,2,2token,not_valid_noun
diapers,_____ pants,-12.46875,2,2token,not_valid_noun
diapers,_____ fruit,-12.46875,2,2token,not_valid_noun
diapers,p ________,-12.46875,2,2token,not_valid_noun
diapers,food ....,-12.46875,2,2token,not_valid_noun
diapers,item needed,-12.46875,2,2token,incomplete_phrase
diapers,( cloth,-12.46875,2,2token,not_valid_noun
diapers,(,-12.46875,2,2token,not_valid_noun
diapers,( ).,-12.46875,2,2token,not_valid_noun
diapers,_____ _________,-12.46875,2,2token,not_valid_noun
diapers,protection against,-12.46875,2,2token,incomplete_phrase
diapers,diaper or,-12.46875,2,2token,not_valid_noun
diapers,_______ complete,-12.46875,2,2token,not_valid_noun
diapers,for kids,-12.484375,2,2token,not_valid_noun
diapers,for the,-12.484375,2,2token,not_valid_noun
diapers,...............,-12.484375,2,2token,not_valid_noun
diapers,O,-12.5,1,single_token,not_valid_noun
diapers,],-12.5,1,single_token,not_valid_noun
diapers,dr,-12.5,1,single_token,not_valid_noun
diapers,mass,-12.5,1,single_token,incomplete_phrase
diapers,four,-12.5,1,single_token,incomplete_phrase
diapers,free,-12.5,1,single_token,incomplete_phrase
diapers,household cleaning,-12.5,2,2token,incomplete_phrase
diapers,.,-12.5,1,single_token,not_valid_noun
diapers,tissu,-12.5,1,single_token,not_valid_noun
diapers,fabric of,-12.5,2,2token,not_valid_noun
diapers,fabric ....,-12.5,2,2token,not_valid_noun
diapers,fabric ________,-12.5,2,2token,not_valid_noun
diapers,object used,-12.5,2,2token,incomplete_phrase
diapers,..... The,-12.5,2,2token,not_valid_noun
diapers,different,-12.5,1,single_token,not_valid_noun
diapers,head,-12.5,1,single_token,incomplete_phrase
diapers,waste that,-12.5,2,2token,incomplete_phrase
diapers,n article,-12.5,2,2token,not_valid_noun
diapers,disposable adult,-12.5,2,2token,incomplete_phrase
diapers,disposable (,-12.5,2,2token,not_valid_noun
diapers,waste (,-12.5,2,2token,not_valid_noun
diapers,messy,-12.5,1,single_token,not_valid_noun
diapers,far,-12.5,1,single_token,incomplete_phrase
diapers,He,-12.5,1,single_token,not_valid_noun
diapers,pro,-12.5,1,single_token,incomplete_phrase
diapers,fabri,-12.5,1,single_token,not_valid_noun
diapers,manufacturing,-12.5,1,single_token,not_valid_noun
diapers,m,-12.5,1,single_token,not_valid_noun
diapers,ne,-12.5,1,single_token,not_valid_noun
diapers,_________ of,-12.5,2,2token,not_valid_noun
diapers,_________ ______,-12.5,2,2token,not_valid_noun
diapers,_________ ___________,-12.5,2,2token,not_valid_noun
diapers,_. complete,-12.5,2,2token,not_valid_noun
diapers,_. The,-12.5,2,2token,not_valid_noun
diapers,... This,-12.5,2,2token,not_valid_noun
diapers,equipment .,-12.5,2,2token,not_valid_noun
diapers,snack Complete,-12.5,2,2token,not_valid_noun
diapers,Gar,-12.5,1,single_token,incomplete_phrase
diapers,wet and,-12.5,2,2token,not_valid_noun
diapers,noun .,-12.5,2,2token,not_valid_noun
diapers,… An,-12.5,2,2token,not_valid_noun
diapers,product made,-12.5,2,2token,incomplete_phrase
diapers,__________ clothing,-12.5,2,2token,not_valid_noun
diapers,__________ A,-12.5,2,2token,not_valid_noun
diapers,wearing .,-12.5,2,2token,not_valid_noun
diapers,… Well,-12.5,2,2token,not_valid_noun
diapers,… To,-12.5,2,2token,not_valid_noun
diapers,… food,-12.5,2,2token,not_valid_noun
diapers,… See,-12.5,2,2token,not_valid_noun
diapers,,-12.5,1,single_token,not_valid_noun
diapers,child _______,-12.5,2,2token,not_valid_noun
diapers,.. A,-12.5,2,2token,not_valid_noun
diapers,.. Read,-12.5,2,2token,not_valid_noun
diapers,... in,-12.5,2,2token,not_valid_noun
diapers,clothe ....,-12.53125,2,2token,not_valid_noun
diapers,thing a,-12.53125,2,2token,not_valid_noun
diapers,___ _______,-12.53125,2,2token,not_valid_noun
diapers,used baby,-12.53125,2,2token,incomplete_phrase
diapers,___ _.,-12.53125,2,2token,not_valid_noun
diapers,uniform Complete,-12.53125,2,2token,not_valid_noun
diapers,: baby,-12.53125,2,2token,not_valid_noun
diapers,vegetable Complete,-12.53125,2,2token,not_valid_noun
diapers,paper Product,-12.53125,2,2token,incomplete_phrase
diapers,gift for,-12.546875,2,2token,incomplete_phrase
diapers,·,-12.5625,1,single_token,not_valid_noun
diapers,XXXX,-12.5625,1,single_token,not_valid_noun
diapers,_ ________,-12.5625,2,2token,not_valid_noun
diapers,toy Incomplete,-12.5625,2,2token,not_valid_noun
diapers,…… Continue,-12.5625,2,2token,not_valid_noun
diapers,sort,-12.5625,1,single_token,incomplete_phrase
diapers,writing,-12.5625,1,single_token,incomplete_phrase
diapers,.... ...,-12.5625,2,2token,not_valid_noun
diapers,clothed,-12.5625,1,single_token,not_valid_noun
diapers,moist,-12.5625,1,single_token,not_valid_noun
diapers,.... Write,-12.5625,2,2token,not_valid_noun
diapers,device to,-12.5625,2,2token,not_valid_noun
diapers,.... I,-12.5625,2,2token,not_valid_noun
diapers,the same,-12.5625,2,2token,not_valid_noun
diapers,________ a,-12.5625,2,2token,not_valid_noun
diapers,-,-12.5625,2,2token,not_valid_noun
diapers,thi,-12.5625,1,single_token,not_valid_noun
diapers,parts,-12.5625,1,single_token,not_valid_noun
diapers,bath .,-12.5625,2,2token,not_valid_noun
diapers,garment ____,-12.5625,2,2token,not_valid_noun
diapers,X,-12.5625,1,single_token,not_valid_noun
diapers,toilet,-12.5625,2,2token,incomplete_phrase
diapers,toy in,-12.5625,2,2token,not_valid_noun
diapers,__ Complete,-12.5625,2,2token,not_valid_noun
diapers,,-12.5625,1,single_token,not_valid_noun
diapers,U,-12.5625,1,single_token,not_valid_noun
diapers,durable,-12.5625,1,single_token,not_valid_noun
diapers,tp,-12.5625,1,single_token,not_valid_noun
diapers,protecting,-12.5625,1,single_token,not_valid_noun
diapers,sto,-12.5625,1,single_token,not_valid_noun
diapers,bedding Complete,-12.5625,2,2token,not_valid_noun
diapers,bath time,-12.5625,2,2token,incomplete_phrase
diapers,stuff for,-12.578125,2,2token,incomplete_phrase
diapers,candy Complete,-12.59375,2,2token,not_valid_noun
diapers,p,-12.59375,2,2token,not_valid_noun
diapers,", not",-12.59375,2,2token,not_valid_noun
diapers,_____ -,-12.59375,2,2token,not_valid_noun
diapers,", (",-12.59375,2,2token,not_valid_noun
diapers,", so",-12.59375,2,2token,not_valid_noun
diapers,_____ baby,-12.59375,2,2token,not_valid_noun
diapers,_____ COMPLETE,-12.59375,2,2token,not_valid_noun
diapers,_____ Select,-12.59375,2,2token,not_valid_noun
diapers,______ of,-12.59375,2,2token,not_valid_noun
diapers,rag .,-12.59375,2,2token,not_valid_noun
diapers,protection .,-12.59375,2,2token,not_valid_noun
diapers,______ ...,-12.59375,2,2token,not_valid_noun
diapers,protection from,-12.59375,2,2token,incomplete_phrase
diapers,food and,-12.59375,2,2token,incomplete_phrase
diapers,_____ In,-12.59375,2,2token,not_valid_noun
diapers,",",-12.59375,2,2token,not_valid_noun
diapers,", they",-12.59375,2,2token,not_valid_noun
diapers,", because",-12.59375,2,2token,not_valid_noun
diapers,", clothing",-12.59375,2,2token,not_valid_noun
diapers,_____ For,-12.59375,2,2token,not_valid_noun
diapers,outfit for,-12.59375,2,2token,incomplete_phrase
diapers,A kind,-12.609375,2,2token,not_valid_noun
diapers,wash for,-12.625,2,2token,not_valid_noun
diapers,+,-12.625,1,single_token,not_valid_noun
diapers,__________ ______,-12.625,2,2token,not_valid_noun
diapers,sewn,-12.625,1,single_token,not_valid_noun
diapers,su,-12.625,1,single_token,not_valid_noun
diapers,of of,-12.625,2,2token,not_valid_noun
diapers,---------------,-12.625,1,single_token,not_valid_noun
diapers,changing,-12.625,1,single_token,not_valid_noun
diapers,those,-12.625,1,single_token,not_valid_noun
diapers,t .,-12.625,2,2token,not_valid_noun
diapers,hard,-12.625,1,single_token,not_valid_noun
diapers,ind,-12.625,1,single_token,incomplete_phrase
diapers,There,-12.625,1,single_token,incomplete_phrase
diapers,dressed,-12.625,1,single_token,not_valid_noun
diapers,Articles,-12.625,1,single_token,not_valid_noun
diapers,dry Good,-12.625,2,2token,incomplete_phrase
diapers,dangerous,-12.625,1,single_token,not_valid_noun
diapers,ani,-12.625,1,single_token,incomplete_phrase
diapers,costume .,-12.625,2,2token,not_valid_noun
diapers,_. Write,-12.625,2,2token,not_valid_noun
diapers,Babies,-12.625,1,single_token,not_valid_noun
diapers,——,-12.625,1,single_token,not_valid_noun
diapers,fabric which,-12.625,2,2token,incomplete_phrase
diapers,accessories for,-12.625,2,2token,incomplete_phrase
diapers,cotton .,-12.625,2,2token,not_valid_noun
diapers,bul,-12.625,1,single_token,not_valid_noun
diapers,cr,-12.625,1,single_token,not_valid_noun
diapers,inside,-12.625,1,single_token,incomplete_phrase
diapers,such,-12.625,1,single_token,not_valid_noun
diapers,An,-12.625,1,single_token,not_valid_noun
diapers,..... ?,-12.625,2,2token,not_valid_noun
diapers,..... Read,-12.625,2,2token,not_valid_noun
diapers,accessory in,-12.625,2,2token,not_valid_noun
diapers,disposable medical,-12.625,2,2token,incomplete_phrase
diapers,Child,-12.625,1,single_token,incomplete_phrase
diapers,belong,-12.625,1,single_token,not_valid_noun
diapers,..... clothes,-12.625,2,2token,not_valid_noun
diapers,lose,-12.625,1,single_token,not_valid_noun
diapers,dress _______,-12.625,2,2token,not_valid_noun
diapers,exc,-12.625,1,single_token,not_valid_noun
diapers,suit Complete,-12.625,2,2token,not_valid_noun
diapers,disposable absorbent,-12.625,2,2token,incomplete_phrase
diapers,disposable ______,-12.625,2,2token,not_valid_noun
diapers,.. Fill,-12.625,2,2token,not_valid_noun
diapers,‘,-12.625,1,single_token,not_valid_noun
diapers,… Clothes,-12.625,2,2token,not_valid_noun
diapers,short,-12.625,1,single_token,incomplete_phrase
diapers,?...,-12.625,1,single_token,not_valid_noun
diapers,【,-12.625,1,single_token,not_valid_noun
diapers,swimwear,-12.625,1,single_token,not_valid_noun
diapers,UNDER,-12.625,1,single_token,not_valid_noun
diapers,py,-12.625,1,single_token,not_valid_noun
diapers,parents,-12.625,1,single_token,not_valid_noun
diapers,question,-12.625,1,single_token,not_valid_noun
diapers,an appliance,-12.65625,2,2token,not_valid_noun
diapers,skin .,-12.65625,2,2token,not_valid_noun
diapers,an infant,-12.65625,2,2token,not_valid_noun
diapers,an adult,-12.65625,2,2token,not_valid_noun
diapers,used up,-12.65625,2,2token,not_valid_noun
diapers,___ food,-12.65625,2,2token,not_valid_noun
diapers,personal .,-12.65625,2,2token,not_valid_noun
diapers,article ____,-12.65625,2,2token,not_valid_noun
diapers,article ________,-12.65625,2,2token,not_valid_noun
diapers,___ clothes,-12.65625,2,2token,not_valid_noun
diapers,[ blank,-12.65625,2,2token,not_valid_noun
diapers,bathroom cleaning,-12.65625,2,2token,incomplete_phrase
diapers,: Fill,-12.65625,2,2token,not_valid_noun
diapers,: pants,-12.65625,2,2token,not_valid_noun
diapers,something for,-12.65625,2,2token,incomplete_phrase
diapers,container that,-12.65625,2,2token,incomplete_phrase
diapers,laundry (,-12.65625,2,2token,not_valid_noun
diapers,body ...,-12.65625,2,2token,not_valid_noun
diapers,container of,-12.65625,2,2token,not_valid_noun
diapers,___ _,-12.65625,2,2token,not_valid_noun
diapers,= .,-12.671875,2,2token,not_valid_noun
diapers,underwear that,-12.6875,2,2token,incomplete_phrase
diapers,WHAT,-12.6875,1,single_token,not_valid_noun
diapers,device that,-12.6875,2,2token,incomplete_phrase
diapers,general,-12.6875,1,single_token,incomplete_phrase
diapers,xxx,-12.6875,1,single_token,not_valid_noun
diapers,PP,-12.6875,1,single_token,not_valid_noun
diapers,"-,",-12.6875,1,single_token,not_valid_noun
diapers,_ ...,-12.6875,2,2token,not_valid_noun
diapers,hot,-12.6875,1,single_token,not_valid_noun
diapers,toy to,-12.6875,2,2token,not_valid_noun
diapers,toy ______,-12.6875,2,2token,not_valid_noun
diapers,absor,-12.6875,1,single_token,not_valid_noun
diapers,__ food,-12.6875,2,2token,not_valid_noun
diapers,_ underwear,-12.6875,2,2token,not_valid_noun
diapers,by,-12.6875,1,single_token,not_valid_noun
diapers,preventive,-12.6875,1,single_token,incomplete_phrase
diapers,ad,-12.6875,1,single_token,not_valid_noun
diapers,.... Answer,-12.6875,2,2token,not_valid_noun
diapers,the noun,-12.6875,2,2token,not_valid_noun
diapers,rub,-12.6875,1,single_token,incomplete_phrase
diapers,appliances,-12.6875,1,single_token,not_valid_noun
diapers,towels,-12.6875,1,single_token,not_valid_noun
diapers,_ ____,-12.6875,2,2token,not_valid_noun
diapers,cheap,-12.6875,1,single_token,not_valid_noun
diapers,toy ....,-12.6875,2,2token,not_valid_noun
diapers,stage,-12.6875,1,single_token,incomplete_phrase
diapers,eat,-12.6875,1,single_token,not_valid_noun
diapers,fle,-12.6875,1,single_token,not_valid_noun
diapers,house hold,-12.703125,2,2token,incomplete_phrase
diapers,stuff that,-12.703125,2,2token,incomplete_phrase
diapers,stuff to,-12.703125,2,2token,not_valid_noun
diapers,_______ clothing,-12.71875,2,2token,not_valid_noun
diapers,_______ of,-12.71875,2,2token,not_valid_noun
diapers,…. (,-12.71875,2,2token,not_valid_noun
diapers,", such",-12.71875,2,2token,not_valid_noun
diapers,item a,-12.71875,2,2token,not_valid_noun
diapers,pant (,-12.71875,2,2token,not_valid_noun
diapers,_____ are,-12.71875,2,2token,not_valid_noun
diapers,P .,-12.71875,2,2token,not_valid_noun
diapers,doll Complete,-12.71875,2,2token,not_valid_noun
diapers,_____,-12.71875,2,2token,not_valid_noun
diapers,pant for,-12.71875,2,2token,not_valid_noun
diapers,outfit .,-12.71875,2,2token,not_valid_noun
diapers,..............,-12.734375,2,2token,not_valid_noun
diapers,.. clothes,-12.75,2,2token,not_valid_noun
diapers,wear that,-12.75,2,2token,incomplete_phrase
diapers,tool (,-12.75,2,2token,not_valid_noun
diapers,object to,-12.75,2,2token,not_valid_noun
diapers,child ______,-12.75,2,2token,not_valid_noun
diapers,than,-12.75,1,single_token,not_valid_noun
diapers,__________ ____,-12.75,2,2token,not_valid_noun
diapers,hy,-12.75,1,single_token,not_valid_noun
diapers,_________ clothing,-12.75,2,2token,not_valid_noun
diapers,… of,-12.75,2,2token,not_valid_noun
diapers,same,-12.75,1,single_token,incomplete_phrase
diapers,every,-12.75,1,single_token,incomplete_phrase
diapers,$-$,-12.75,1,single_token,not_valid_noun
diapers,She,-12.75,1,single_token,not_valid_noun
diapers,top,-12.75,1,single_token,not_valid_noun
diapers,using,-12.75,1,single_token,not_valid_noun
diapers,han,-12.75,1,single_token,incomplete_phrase
diapers,::,-12.75,1,single_token,not_valid_noun
diapers,bag or,-12.75,2,2token,not_valid_noun
diapers,_________ What,-12.75,2,2token,not_valid_noun
diapers,poll,-12.75,1,single_token,incomplete_phrase
diapers,laund,-12.75,1,single_token,not_valid_noun
diapers,harmful,-12.75,1,single_token,not_valid_noun
diapers,..... complete,-12.75,2,2token,not_valid_noun
diapers,belongs,-12.75,1,single_token,not_valid_noun
diapers,■,-12.75,1,single_token,not_valid_noun
diapers,yard,-12.75,1,single_token,incomplete_phrase
diapers,..... Choose,-12.75,2,2token,not_valid_noun
diapers,facial,-12.75,1,single_token,incomplete_phrase
diapers,___________ ___________,-12.75,2,2token,not_valid_noun
diapers,accessory of,-12.75,2,2token,not_valid_noun
diapers,dress ____,-12.75,2,2token,not_valid_noun
diapers,essential for,-12.75,2,2token,not_valid_noun
diapers,...... ?,-12.75,2,2token,not_valid_noun
diapers,blankets,-12.75,1,single_token,not_valid_noun
diapers,ch,-12.75,1,single_token,not_valid_noun
diapers,[].,-12.75,1,single_token,not_valid_noun
diapers,fabric _______,-12.75,2,2token,not_valid_noun
diapers,....... Fill,-12.75,2,2token,not_valid_noun
diapers,.:,-12.75,1,single_token,not_valid_noun
diapers,necessity in,-12.75,2,2token,not_valid_noun
diapers,equipment used,-12.75,2,2token,incomplete_phrase
diapers,usable,-12.75,1,single_token,not_valid_noun
diapers,: :,-12.78125,2,2token,not_valid_noun
diapers,laundry Complete,-12.78125,2,2token,not_valid_noun
diapers,paper and,-12.78125,2,2token,incomplete_phrase
diapers,trousers Complete,-12.78125,2,2token,not_valid_noun
diapers,textile for,-12.78125,2,2token,incomplete_phrase
diapers,paper or,-12.78125,2,2token,not_valid_noun
diapers,package of,-12.78125,2,2token,not_valid_noun
diapers,uniform for,-12.78125,2,2token,incomplete_phrase
diapers,used under,-12.78125,2,2token,not_valid_noun
diapers,body ________,-12.78125,2,2token,not_valid_noun
diapers,textile used,-12.78125,2,2token,incomplete_phrase
diapers,article which,-12.78125,2,2token,incomplete_phrase
diapers,bathroom,-12.78125,2,2token,incomplete_phrase
diapers,container (,-12.78125,2,2token,not_valid_noun
diapers,___ What,-12.78125,2,2token,not_valid_noun
diapers,the things,-12.8125,2,2token,not_valid_noun
diapers,bed for,-12.8125,2,2token,incomplete_phrase
diapers,fin,-12.8125,1,single_token,incomplete_phrase
diapers,rest,-12.8125,1,single_token,incomplete_phrase
diapers,........... Fill,-12.8125,2,2token,not_valid_noun
diapers,underwear ....,-12.8125,2,2token,not_valid_noun
diapers,-------------,-12.8125,1,single_token,not_valid_noun
diapers,uh,-12.8125,1,single_token,not_valid_noun
diapers,going,-12.8125,1,single_token,incomplete_phrase
diapers,n ________,-12.8125,2,2token,not_valid_noun
diapers,k,-12.8125,1,single_token,not_valid_noun
diapers,........ (,-12.8125,2,2token,not_valid_noun
diapers,cleaning .,-12.8125,2,2token,not_valid_noun
diapers,toy and,-12.8125,2,2token,incomplete_phrase
diapers,garment _____,-12.8125,2,2token,not_valid_noun
diapers,take,-12.8125,1,single_token,incomplete_phrase
diapers,device used,-12.8125,2,2token,incomplete_phrase
diapers,helps,-12.8125,1,single_token,not_valid_noun
diapers,_ _______,-12.8125,2,2token,not_valid_noun
diapers,________ _______,-12.8125,2,2token,not_valid_noun
diapers,", the",-12.84375,2,2token,not_valid_noun
diapers,item which,-12.84375,2,2token,incomplete_phrase
diapers,washing .,-12.84375,2,2token,not_valid_noun
diapers,pan .,-12.84375,2,2token,not_valid_noun
diapers,p __,-12.84375,2,2token,not_valid_noun
diapers,fruit (,-12.84375,2,2token,not_valid_noun
diapers,garments .,-12.84375,2,2token,not_valid_noun
diapers,"_____ ,",-12.84375,2,2token,not_valid_noun
diapers,_____ Read,-12.84375,2,2token,not_valid_noun
diapers,______ that,-12.84375,2,2token,not_valid_noun
diapers,_____ Use,-12.84375,2,2token,not_valid_noun
diapers,articles .,-12.84375,2,2token,not_valid_noun
diapers,diaper ________,-12.84375,2,2token,not_valid_noun
diapers,______ toy,-12.84375,2,2token,not_valid_noun
diapers,( baby,-12.84375,2,2token,not_valid_noun
diapers,P a,-12.84375,2,2token,not_valid_noun
diapers,( clothes,-12.84375,2,2token,not_valid_noun
diapers,for people,-12.84375,2,2token,not_valid_noun
diapers,worn under,-12.84375,2,2token,not_valid_noun
diapers,.........,-12.859375,2,2token,not_valid_noun
diapers,.. What,-12.875,2,2token,not_valid_noun
diapers,of the,-12.875,2,2token,not_valid_noun
diapers,furniture Complete,-12.875,2,2token,not_valid_noun
diapers,of paper,-12.875,2,2token,not_valid_noun
diapers,dress ______,-12.875,2,2token,not_valid_noun
diapers,A complete,-12.875,2,2token,not_valid_noun
diapers,dress ...,-12.875,2,2token,not_valid_noun
diapers,_________ and,-12.875,2,2token,not_valid_noun
diapers,__________ and,-12.875,2,2token,not_valid_noun
diapers,changes,-12.875,1,single_token,not_valid_noun
diapers,PR,-12.875,1,single_token,not_valid_noun
diapers,{},-12.875,1,single_token,not_valid_noun
diapers,plural,-12.875,1,single_token,incomplete_phrase
diapers,disposable wet,-12.875,2,2token,incomplete_phrase
diapers,dress ________,-12.875,2,2token,not_valid_noun
diapers,_________ The,-12.875,2,2token,not_valid_noun
diapers,uniforms,-12.875,1,single_token,not_valid_noun
diapers,suit (,-12.875,2,2token,not_valid_noun
diapers,… is,-12.875,2,2token,not_valid_noun
diapers,A baby,-12.875,2,2token,not_valid_noun
diapers,_________ ____,-12.875,2,2token,not_valid_noun
diapers,...],-12.875,1,single_token,not_valid_noun
diapers,…..,-12.875,2,2token,not_valid_noun
diapers,article _______,-12.875,2,2token,not_valid_noun
diapers,dry,-12.875,2,2token,incomplete_phrase
diapers,animals,-12.875,1,single_token,not_valid_noun
diapers,__________ What,-12.875,2,2token,not_valid_noun
diapers,adult .,-12.875,2,2token,not_valid_noun
diapers,heavy,-12.875,1,single_token,incomplete_phrase
diapers,fl,-12.875,1,single_token,not_valid_noun
diapers,~,-12.875,1,single_token,not_valid_noun
diapers,nur,-12.875,1,single_token,not_valid_noun
diapers,__________ ____________,-12.875,2,2token,not_valid_noun
diapers,_. (,-12.875,2,2token,not_valid_noun
diapers,dress or,-12.875,2,2token,not_valid_noun
diapers,disposable household,-12.875,2,2token,incomplete_phrase
diapers,disposable _______,-12.875,2,2token,not_valid_noun
diapers,Pamp,-12.875,1,single_token,not_valid_noun
diapers,en,-12.875,1,single_token,not_valid_noun
diapers,wet ...,-12.875,2,2token,not_valid_noun
diapers,fabric with,-12.875,2,2token,incomplete_phrase
diapers,nn,-12.875,1,single_token,not_valid_noun
diapers,_. In,-12.875,2,2token,not_valid_noun
diapers,â,-12.875,1,single_token,not_valid_noun
diapers,__________ that,-12.875,2,2token,not_valid_noun
diapers,_________ ?,-12.875,2,2token,not_valid_noun
diapers,dirty .,-12.875,2,2token,not_valid_noun
diapers,article ....,-12.875,2,2token,not_valid_noun
diapers,___ clothing,-12.90625,2,2token,not_valid_noun
diapers,: ________,-12.90625,2,2token,not_valid_noun
diapers,p ...,-12.90625,2,2token,not_valid_noun
diapers,container used,-12.90625,2,2token,incomplete_phrase
diapers,an .,-12.90625,2,2token,not_valid_noun
diapers,container to,-12.90625,2,2token,not_valid_noun
diapers,: cloth,-12.90625,2,2token,not_valid_noun
diapers,= clothing,-12.921875,2,2token,not_valid_noun
diapers,= =,-12.921875,2,2token,not_valid_noun
diapers,garment .....,-12.9375,2,2token,not_valid_noun
diapers,false,-12.9375,1,single_token,not_valid_noun
diapers,costumes,-12.9375,1,single_token,not_valid_noun
diapers,…… What,-12.9375,2,2token,not_valid_noun
diapers,sex,-12.9375,1,single_token,incomplete_phrase
diapers,Pan,-12.9375,1,single_token,incomplete_phrase
diapers,…… The,-12.9375,2,2token,not_valid_noun
diapers,- (,-12.9375,2,2token,not_valid_noun
diapers,pers,-12.9375,1,single_token,not_valid_noun
diapers,________ for,-12.9375,2,2token,not_valid_noun
diapers,________ Fill,-12.9375,2,2token,not_valid_noun
diapers,food in,-12.9375,2,2token,not_valid_noun
diapers,high,-12.9375,1,single_token,incomplete_phrase
diapers,kid things,-12.9375,2,2token,not_valid_noun
diapers,Cal,-12.9375,1,single_token,incomplete_phrase
diapers,food _______,-12.9375,2,2token,not_valid_noun
diapers,fashionable,-12.9375,1,single_token,not_valid_noun
diapers,--------------,-12.9375,1,single_token,not_valid_noun
diapers,beach,-12.9375,1,single_token,incomplete_phrase
diapers,garment Read,-12.9375,2,2token,not_valid_noun
diapers,n ...,-12.9375,2,2token,not_valid_noun
diapers,to the,-12.9375,2,2token,not_valid_noun
diapers,оде,-12.9375,1,single_token,not_valid_noun
diapers,garment /,-12.9375,2,2token,not_valid_noun
diapers,.... Select,-12.9375,2,2token,not_valid_noun
diapers,contin,-12.9375,1,single_token,not_valid_noun
diapers,soap Complete,-12.953125,2,2token,not_valid_noun
diapers,cleanliness Complete,-12.953125,2,2token,not_valid_noun
diapers,What type,-12.96875,2,2token,not_valid_noun
diapers,towel (,-12.96875,2,2token,not_valid_noun
diapers,blanket for,-12.96875,2,2token,incomplete_phrase
diapers,this is,-12.96875,2,2token,not_valid_noun
diapers,soft ________,-12.96875,2,2token,not_valid_noun
diapers,soft cotton,-12.96875,2,2token,incomplete_phrase
diapers,bottle .,-12.96875,2,2token,not_valid_noun
diapers,_______ ?,-12.96875,2,2token,not_valid_noun
diapers,things people,-12.96875,2,2token,incomplete_phrase
diapers,things .,-12.96875,2,2token,not_valid_noun
diapers,soft ______,-12.96875,2,2token,not_valid_noun
diapers,things Complete,-12.96875,2,2token,not_valid_noun
diapers,p _______,-12.96875,2,2token,not_valid_noun
diapers,garments Complete,-12.96875,2,2token,not_valid_noun
diapers,_______ What,-12.96875,2,2token,not_valid_noun
diapers,diaper and,-12.96875,2,2token,incomplete_phrase
diapers,toys Complete,-12.96875,2,2token,not_valid_noun
diapers,…. .,-12.96875,2,2token,not_valid_noun
diapers,…. Read,-12.96875,2,2token,not_valid_noun
diapers,item made,-12.96875,2,2token,incomplete_phrase
diapers,child rearing,-13.0,2,2token,incomplete_phrase
diapers,protective under,-13.0,2,2token,not_valid_noun
diapers,bag to,-13.0,2,2token,not_valid_noun
diapers,bag that,-13.0,2,2token,incomplete_phrase
diapers,__________ The,-13.0,2,2token,not_valid_noun
diapers,__________ _________,-13.0,2,2token,not_valid_noun
diapers,__________ _____,-13.0,2,2token,not_valid_noun
diapers,of article,-13.0,2,2token,not_valid_noun
diapers,of thing,-13.0,2,2token,not_valid_noun
diapers,of fabric,-13.0,2,2token,not_valid_noun
diapers,fashion .,-13.0,2,2token,not_valid_noun
diapers,what (,-13.0,2,2token,not_valid_noun
diapers,..... Write,-13.0,2,2token,not_valid_noun
diapers,_________,-13.0,2,2token,not_valid_noun
diapers,_________,-13.0,2,2token,not_valid_noun
diapers,_________ Choose,-13.0,2,2token,not_valid_noun
diapers,bodily,-13.0,1,single_token,incomplete_phrase
diapers,oble,-13.0,1,single_token,not_valid_noun
diapers,_________ _____,-13.0,2,2token,not_valid_noun
diapers,.. ?,-13.0,2,2token,not_valid_noun
diapers,of pants,-13.0,2,2token,not_valid_noun
diapers,Can,-13.0,1,single_token,incomplete_phrase
diapers,ci,-13.0,1,single_token,not_valid_noun
diapers,mens,-13.0,1,single_token,not_valid_noun
diapers,beauty,-13.0,1,single_token,incomplete_phrase
diapers,instant,-13.0,1,single_token,incomplete_phrase
diapers,dry clean,-13.0,2,2token,incomplete_phrase
diapers,accessory or,-13.0,2,2token,not_valid_noun
diapers,household,-13.0,2,2token,incomplete_phrase
diapers,stationary,-13.0,1,single_token,not_valid_noun
diapers,n _______,-13.0,2,2token,not_valid_noun
diapers,cloths (,-13.0,2,2token,not_valid_noun
diapers,_. Which,-13.0,2,2token,not_valid_noun
diapers,cal,-13.0,1,single_token,not_valid_noun
diapers,ve,-13.0,1,single_token,not_valid_noun
diapers,end,-13.0,1,single_token,incomplete_phrase
diapers,_________ __________,-13.0,2,2token,not_valid_noun
diapers,accessory used,-13.0,2,2token,incomplete_phrase
diapers,....... (,-13.0,2,2token,not_valid_noun
diapers,______ Choose,-13.0,2,2token,not_valid_noun
diapers,....... a,-13.0,2,2token,not_valid_noun
diapers,....... A,-13.0,2,2token,not_valid_noun
diapers,_________ ____________,-13.0,2,2token,not_valid_noun
diapers,need .,-13.03125,2,2token,not_valid_noun
diapers,: Choose,-13.03125,2,2token,not_valid_noun
diapers,thing I,-13.03125,2,2token,not_valid_noun
diapers,napkin Complete,-13.03125,2,2token,not_valid_noun
diapers,Clothes .,-13.03125,2,2token,not_valid_noun
diapers,body _____,-13.03125,2,2token,not_valid_noun
diapers,: A,-13.03125,2,2token,not_valid_noun
diapers,body,-13.03125,2,2token,incomplete_phrase
diapers,body ______,-13.03125,2,2token,not_valid_noun
diapers,body ____,-13.03125,2,2token,not_valid_noun
diapers,textile that,-13.03125,2,2token,incomplete_phrase
diapers,body of,-13.03125,2,2token,not_valid_noun
diapers,sanitation Complete,-13.046875,2,2token,not_valid_noun
diapers,_ ______,-13.0625,2,2token,not_valid_noun
diapers,footwear .,-13.0625,2,2token,not_valid_noun
diapers,wrapper Complete,-13.0625,2,2token,not_valid_noun
diapers,_ complete,-13.0625,2,2token,not_valid_noun
diapers,_ _____,-13.0625,2,2token,not_valid_noun
diapers,no,-13.0625,1,single_token,not_valid_noun
diapers,________ that,-13.0625,2,2token,not_valid_noun
diapers,________,-13.0625,2,2token,not_valid_noun
diapers,________,-13.0625,2,2token,not_valid_noun
diapers,us,-13.0625,1,single_token,not_valid_noun
diapers,food complete,-13.0625,2,2token,not_valid_noun
diapers,toy incomplete,-13.0625,2,2token,not_valid_noun
diapers,garment :,-13.0625,2,2token,not_valid_noun
diapers,blo,-13.0625,1,single_token,incomplete_phrase
diapers,to be,-13.0625,2,2token,not_valid_noun
diapers,skincare,-13.0625,1,single_token,not_valid_noun
diapers,garment worn,-13.0625,2,2token,incomplete_phrase
diapers,the thing,-13.0625,2,2token,not_valid_noun
diapers,wet disposable,-13.0625,2,2token,incomplete_phrase
diapers,past,-13.0625,1,single_token,incomplete_phrase
diapers,........... (,-13.0625,2,2token,not_valid_noun
diapers,.... In,-13.0625,2,2token,not_valid_noun
diapers,.... food,-13.0625,2,2token,not_valid_noun
diapers,.... fruit,-13.0625,2,2token,not_valid_noun
diapers,Clothing complete,-13.0625,2,2token,not_valid_noun
diapers,next,-13.0625,1,single_token,not_valid_noun
diapers,si,-13.0625,1,single_token,not_valid_noun
diapers,wet or,-13.0625,2,2token,not_valid_noun
diapers,garment made,-13.0625,2,2token,incomplete_phrase
diapers,garment ______,-13.0625,2,2token,not_valid_noun
diapers,woven,-13.0625,1,single_token,not_valid_noun
diapers,Sw,-13.0625,1,single_token,not_valid_noun
diapers,bur,-13.0625,1,single_token,incomplete_phrase
diapers,Many,-13.0625,1,single_token,not_valid_noun
diapers,dir,-13.0625,1,single_token,not_valid_noun
diapers,pyjamas,-13.0625,1,single_token,not_valid_noun
diapers,shops,-13.0625,1,single_token,not_valid_noun
diapers,rectangular,-13.0625,1,single_token,not_valid_noun
diapers,-----------,-13.0625,1,single_token,not_valid_noun
diapers,bedding for,-13.0625,2,2token,not_valid_noun
diapers,---------,-13.0625,1,single_token,not_valid_noun
diapers,babies .,-13.09375,2,2token,not_valid_noun
diapers,_______ food,-13.09375,2,2token,not_valid_noun
diapers,diaper changing,-13.09375,2,2token,incomplete_phrase
diapers,garments for,-13.09375,2,2token,incomplete_phrase
diapers,_______ _________,-13.09375,2,2token,not_valid_noun
diapers,_______ Choose,-13.09375,2,2token,not_valid_noun
diapers,_______ that,-13.09375,2,2token,not_valid_noun
diapers,_______ The,-13.09375,2,2token,not_valid_noun
diapers,wearable (,-13.09375,2,2token,not_valid_noun
diapers,p ___________,-13.09375,2,2token,not_valid_noun
diapers,medicine Complete,-13.09375,2,2token,not_valid_noun
diapers,", or",-13.09375,2,2token,not_valid_noun
diapers,diaper _____,-13.09375,2,2token,not_valid_noun
diapers,for women,-13.09375,2,2token,not_valid_noun
diapers,…. In,-13.09375,2,2token,not_valid_noun
diapers,for young,-13.09375,2,2token,not_valid_noun
diapers,…. clothes,-13.09375,2,2token,not_valid_noun
diapers,item from,-13.09375,2,2token,incomplete_phrase
diapers,pants that,-13.09375,2,2token,incomplete_phrase
diapers,bottoms,-13.125,1,single_token,not_valid_noun
diapers,nt,-13.125,1,single_token,not_valid_noun
diapers,ost,-13.125,1,single_token,not_valid_noun
diapers,nd,-13.125,1,single_token,not_valid_noun
diapers,tog,-13.125,1,single_token,not_valid_noun
diapers,inanimate,-13.125,1,single_token,not_valid_noun
diapers,wearing for,-13.125,2,2token,not_valid_noun
diapers,equipment that,-13.125,2,2token,incomplete_phrase
diapers,______ What,-13.125,2,2token,not_valid_noun
diapers,______ ....,-13.125,2,2token,not_valid_noun
diapers,recycle,-13.125,1,single_token,not_valid_noun
diapers,_. Choose,-13.125,2,2token,not_valid_noun
diapers,tool of,-13.125,2,2token,not_valid_noun
diapers,...... What,-13.125,2,2token,not_valid_noun
diapers,fabric complete,-13.125,2,2token,not_valid_noun
diapers,feet,-13.125,1,single_token,not_valid_noun
diapers,sind,-13.125,1,single_token,incomplete_phrase
diapers,...... clothes,-13.125,2,2token,not_valid_noun
diapers,..... I,-13.125,2,2token,not_valid_noun
diapers,? A,-13.125,2,2token,not_valid_noun
diapers,dress _____,-13.125,2,2token,not_valid_noun
diapers,_________ _.,-13.125,2,2token,not_valid_noun
diapers,best,-13.125,1,single_token,incomplete_phrase
diapers,article and,-13.125,2,2token,incomplete_phrase
diapers,dress ....,-13.125,2,2token,not_valid_noun
diapers,water .,-13.125,2,2token,not_valid_noun
diapers,of wear,-13.125,2,2token,not_valid_noun
diapers,v,-13.125,1,single_token,not_valid_noun
diapers,of things,-13.125,2,2token,not_valid_noun
diapers,furniture .,-13.125,2,2token,not_valid_noun
diapers,their,-13.125,1,single_token,incomplete_phrase
diapers,object of,-13.125,2,2token,not_valid_noun
diapers,article __,-13.125,2,2token,not_valid_noun
diapers,don,-13.125,1,single_token,incomplete_phrase
diapers,For,-13.125,1,single_token,not_valid_noun
diapers,__________ _,-13.125,2,2token,not_valid_noun
diapers,____ _____,-13.125,2,2token,not_valid_noun
diapers,pra,-13.125,1,single_token,not_valid_noun
diapers,When,-13.125,1,single_token,not_valid_noun
diapers,wash .,-13.125,2,2token,not_valid_noun
diapers,child (,-13.125,2,2token,not_valid_noun
diapers,object (,-13.125,2,2token,not_valid_noun
diapers,...... complete,-13.125,2,2token,not_valid_noun
diapers,child related,-13.125,2,2token,incomplete_phrase
diapers,stor,-13.125,1,single_token,not_valid_noun
diapers,______ and,-13.125,2,2token,not_valid_noun
diapers,? Fill,-13.125,2,2token,not_valid_noun
diapers,….. Fill,-13.125,2,2token,not_valid_noun
diapers,_________ food,-13.125,2,2token,not_valid_noun
diapers,of,-13.125,2,2token,not_valid_noun
diapers,of toy,-13.125,2,2token,not_valid_noun
diapers,_________ that,-13.125,2,2token,not_valid_noun
diapers,______ The,-13.125,2,2token,not_valid_noun
diapers,Wash,-13.125,1,single_token,incomplete_phrase
diapers,physical,-13.125,1,single_token,not_valid_noun
diapers,wea,-13.125,1,single_token,incomplete_phrase
diapers,article on,-13.125,2,2token,not_valid_noun
diapers,paper used,-13.15625,2,2token,incomplete_phrase
diapers,thing with,-13.15625,2,2token,incomplete_phrase
diapers,paper that,-13.15625,2,2token,incomplete_phrase
diapers,paper ...,-13.15625,2,2token,not_valid_noun
diapers,something we,-13.15625,2,2token,not_valid_noun
diapers,: food,-13.15625,2,2token,not_valid_noun
diapers,: diaper,-13.15625,2,2token,not_valid_noun
diapers,:,-13.15625,2,2token,not_valid_noun
diapers,cover (,-13.15625,2,2token,not_valid_noun
diapers,textile or,-13.15625,2,2token,not_valid_noun
diapers,: Clothing,-13.15625,2,2token,not_valid_noun
diapers,: ...,-13.15625,2,2token,not_valid_noun
diapers,___ The,-13.15625,2,2token,not_valid_noun
diapers,___ and,-13.15625,2,2token,not_valid_noun
diapers,___ Choose,-13.15625,2,2token,not_valid_noun
diapers,package for,-13.15625,2,2token,incomplete_phrase
diapers,material of,-13.15625,2,2token,not_valid_noun
diapers,= clothes,-13.171875,2,2token,not_valid_noun
diapers,= a,-13.171875,2,2token,not_valid_noun
diapers,ab,-13.1875,1,single_token,not_valid_noun
diapers,the article,-13.1875,2,2token,not_valid_noun
diapers,clean under,-13.1875,2,2token,not_valid_noun
diapers,garment with,-13.1875,2,2token,incomplete_phrase
diapers,clean ...,-13.1875,2,2token,not_valid_noun
diapers,juvenile,-13.1875,1,single_token,incomplete_phrase
diapers,shirt (,-13.1875,2,2token,not_valid_noun
diapers,menstrual,-13.1875,1,single_token,not_valid_noun
diapers,swimming,-13.1875,1,single_token,incomplete_phrase
diapers,__ blank,-13.1875,2,2token,not_valid_noun
diapers,__ toy,-13.1875,2,2token,not_valid_noun
diapers,garment -,-13.1875,2,2token,not_valid_noun
diapers,………… .,-13.1875,2,2token,not_valid_noun
diapers,TO,-13.1875,1,single_token,not_valid_noun
diapers,oral,-13.1875,1,single_token,incomplete_phrase
diapers,clean,-13.1875,2,2token,incomplete_phrase
diapers,food ________,-13.1875,2,2token,not_valid_noun
diapers,_ food,-13.1875,2,2token,not_valid_noun
diapers,toy Fill,-13.1875,2,2token,not_valid_noun
diapers,de,-13.1875,1,single_token,not_valid_noun
diapers,farm,-13.1875,1,single_token,incomplete_phrase
diapers,underwear in,-13.1875,2,2token,not_valid_noun
diapers,•,-13.1875,1,single_token,not_valid_noun
diapers,im,-13.1875,1,single_token,not_valid_noun
diapers,“,-13.1875,1,single_token,not_valid_noun
diapers,flexible,-13.1875,1,single_token,not_valid_noun
diapers,his,-13.1875,1,single_token,incomplete_phrase
diapers,ple,-13.1875,1,single_token,not_valid_noun
diapers,........ a,-13.1875,2,2token,not_valid_noun
diapers,Baby .,-13.1875,2,2token,not_valid_noun
diapers,Clothing (,-13.1875,2,2token,not_valid_noun
diapers,toilet (,-13.1875,2,2token,not_valid_noun
diapers,Clothing for,-13.1875,2,2token,incomplete_phrase
diapers,bath,-13.1875,2,2token,incomplete_phrase
diapers,garment a,-13.1875,2,2token,not_valid_noun
diapers,.... Correct,-13.1875,2,2token,not_valid_noun
diapers,.... Use,-13.1875,2,2token,not_valid_noun
diapers,garment [,-13.1875,2,2token,not_valid_noun
diapers,garment …,-13.1875,2,2token,not_valid_noun
diapers,.... clothing,-13.1875,2,2token,not_valid_noun
diapers,hab,-13.1875,1,single_token,not_valid_noun
diapers,p ____,-13.21875,2,2token,not_valid_noun
diapers,bottle for,-13.21875,2,2token,incomplete_phrase
diapers,protection Complete,-13.21875,2,2token,not_valid_noun
diapers,c .,-13.21875,2,2token,not_valid_noun
diapers,washing,-13.21875,2,2token,incomplete_phrase
diapers,…. Answer,-13.21875,2,2token,not_valid_noun
diapers,outfit (,-13.21875,2,2token,not_valid_noun
diapers,item or,-13.21875,2,2token,not_valid_noun
diapers,P,-13.21875,2,2token,not_valid_noun
diapers,_______ ...,-13.21875,2,2token,not_valid_noun
diapers,soft ...,-13.21875,2,2token,not_valid_noun
diapers,rag Complete,-13.21875,2,2token,not_valid_noun
diapers,glove Complete,-13.21875,2,2token,not_valid_noun
diapers,", ________",-13.21875,2,2token,not_valid_noun
diapers,_______ ___________,-13.21875,2,2token,not_valid_noun
diapers,soft ____,-13.21875,2,2token,not_valid_noun
diapers,", for",-13.21875,2,2token,not_valid_noun
diapers,item on,-13.21875,2,2token,not_valid_noun
diapers,worn out,-13.21875,2,2token,incomplete_phrase
diapers,…. I,-13.21875,2,2token,not_valid_noun
diapers,pants complete,-13.21875,2,2token,not_valid_noun
diapers,…. Choose,-13.21875,2,2token,not_valid_noun
diapers,............... Fill,-13.21875,2,2token,not_valid_noun
diapers,working,-13.25,1,single_token,incomplete_phrase
diapers,disposable piece,-13.25,2,2token,incomplete_phrase
diapers,easy,-13.25,1,single_token,not_valid_noun
diapers,tool or,-13.25,2,2token,not_valid_noun
diapers,_. I,-13.25,2,2token,not_valid_noun
diapers,______ _________,-13.25,2,2token,not_valid_noun
diapers,______ _.,-13.25,2,2token,not_valid_noun
diapers,______ cloth,-13.25,2,2token,not_valid_noun
diapers,______ or,-13.25,2,2token,not_valid_noun
diapers,of product,-13.25,2,2token,not_valid_noun
diapers,related,-13.25,1,single_token,not_valid_noun
diapers,tot,-13.25,1,single_token,incomplete_phrase
diapers,pes,-13.25,1,single_token,incomplete_phrase
diapers,.. clothing,-13.25,2,2token,not_valid_noun
diapers,of underwear,-13.25,2,2token,not_valid_noun
diapers,.. (,-13.25,2,2token,not_valid_noun
diapers,.. complete,-13.25,2,2token,not_valid_noun
diapers,Fab,-13.25,1,single_token,not_valid_noun
diapers,A clothing,-13.25,2,2token,not_valid_noun
diapers,household ______,-13.25,2,2token,not_valid_noun
diapers,od,-13.25,1,single_token,not_valid_noun
diapers,fu,-13.25,1,single_token,not_valid_noun
diapers,upper,-13.25,1,single_token,incomplete_phrase
diapers,fe,-13.25,1,single_token,not_valid_noun
diapers,Mary,-13.25,1,single_token,incomplete_phrase
diapers,..... ...,-13.25,2,2token,not_valid_noun
diapers,..... Select,-13.25,2,2token,not_valid_noun
diapers,what people,-13.25,2,2token,not_valid_noun
diapers,___________ for,-13.25,2,2token,not_valid_noun
diapers,___________ _______,-13.25,2,2token,not_valid_noun
diapers,___________ a,-13.25,2,2token,not_valid_noun
diapers,Ut,-13.25,1,single_token,not_valid_noun
diapers,waste ________,-13.25,2,2token,not_valid_noun
diapers,laundering,-13.25,1,single_token,not_valid_noun
diapers,dres,-13.25,1,single_token,not_valid_noun
diapers,….. .,-13.25,2,2token,not_valid_noun
diapers,product which,-13.25,2,2token,incomplete_phrase
diapers,dry ______,-13.25,2,2token,not_valid_noun
diapers,j,-13.25,1,single_token,not_valid_noun
diapers,certain,-13.25,1,single_token,not_valid_noun
diapers,product you,-13.25,2,2token,incomplete_phrase
diapers,object in,-13.25,2,2token,not_valid_noun
diapers,fabric ______,-13.25,2,2token,not_valid_noun
diapers,__________ pants,-13.25,2,2token,not_valid_noun
diapers,__________ ?,-13.25,2,2token,not_valid_noun
diapers,____ a,-13.25,2,2token,not_valid_noun
diapers,great,-13.25,1,single_token,incomplete_phrase
diapers,child ...,-13.25,2,2token,not_valid_noun
diapers,child caring,-13.25,2,2token,incomplete_phrase
diapers,article /,-13.25,2,2token,not_valid_noun
diapers,article you,-13.25,2,2token,incomplete_phrase
diapers,from,-13.25,1,single_token,not_valid_noun
diapers,di,-13.25,1,single_token,not_valid_noun
diapers,A B,-13.25,2,2token,not_valid_noun
diapers,invent,-13.25,1,single_token,not_valid_noun
diapers,.;,-13.25,1,single_token,not_valid_noun
diapers,wear complete,-13.25,2,2token,not_valid_noun
diapers,trousers .,-13.28125,2,2token,not_valid_noun
diapers,under,-13.28125,2,2token,not_valid_noun
diapers,gift Complete,-13.28125,2,2token,not_valid_noun
diapers,___ that,-13.28125,2,2token,not_valid_noun
diapers,___ of,-13.28125,2,2token,not_valid_noun
diapers,___ or,-13.28125,2,2token,not_valid_noun
diapers,an underwear,-13.28125,2,2token,not_valid_noun
diapers,p __________,-13.28125,2,2token,not_valid_noun
diapers,___ fruit,-13.28125,2,2token,not_valid_noun
diapers,___ are,-13.28125,2,2token,not_valid_noun
diapers,___ pants,-13.28125,2,2token,not_valid_noun
diapers,something .,-13.28125,2,2token,not_valid_noun
diapers,: _____,-13.28125,2,2token,not_valid_noun
diapers,: diapers,-13.28125,2,2token,not_valid_noun
diapers,thing of,-13.28125,2,2token,not_valid_noun
diapers,cover or,-13.28125,2,2token,not_valid_noun
diapers,paper to,-13.28125,2,2token,not_valid_noun
diapers,package .,-13.28125,2,2token,not_valid_noun
diapers,personal protective,-13.28125,2,2token,incomplete_phrase
diapers,material made,-13.28125,2,2token,incomplete_phrase
diapers,underwear ________,-13.3125,2,2token,not_valid_noun
diapers,_ baby,-13.3125,2,2token,not_valid_noun
diapers,_ shirt,-13.3125,2,2token,not_valid_noun
diapers,_ blank,-13.3125,2,2token,not_valid_noun
diapers,_ pants,-13.3125,2,2token,not_valid_noun
diapers,_ cloth,-13.3125,2,2token,not_valid_noun
diapers,_ shoe,-13.3125,2,2token,not_valid_noun
diapers,toy Read,-13.3125,2,2token,not_valid_noun
diapers,toy COMPLETE,-13.3125,2,2token,not_valid_noun
diapers,n a,-13.3125,2,2token,not_valid_noun
diapers,helpful,-13.3125,1,single_token,not_valid_noun
diapers,H,-13.3125,1,single_token,not_valid_noun
diapers,the garment,-13.3125,2,2token,not_valid_noun
diapers,wet (,-13.3125,2,2token,not_valid_noun
diapers,........ A,-13.3125,2,2token,not_valid_noun
diapers,n e,-13.3125,2,2token,not_valid_noun
diapers,_ What,-13.3125,2,2token,not_valid_noun
diapers,_ A,-13.3125,2,2token,not_valid_noun
diapers,________ ?,-13.3125,2,2token,not_valid_noun
diapers,ect,-13.3125,1,single_token,not_valid_noun
diapers,(?),-13.3125,1,single_token,not_valid_noun
diapers,*****,-13.3125,1,single_token,not_valid_noun
diapers,________ A,-13.3125,2,2token,not_valid_noun
diapers,.... -,-13.3125,2,2token,not_valid_noun
diapers,Fast,-13.3125,1,single_token,incomplete_phrase
diapers,male,-13.3125,1,single_token,incomplete_phrase
diapers,mo,-13.3125,1,single_token,not_valid_noun
diapers,indispensable,-13.3125,1,single_token,not_valid_noun
diapers,garment is,-13.3125,2,2token,not_valid_noun
diapers,﻿,-13.3125,1,single_token,not_valid_noun
diapers,bed .,-13.3125,2,2token,not_valid_noun
diapers,equi,-13.3125,1,single_token,not_valid_noun
diapers,ty,-13.3125,1,single_token,not_valid_noun
diapers,UT,-13.3125,1,single_token,not_valid_noun
diapers,Rag,-13.3125,1,single_token,incomplete_phrase
diapers,wasted,-13.3125,1,single_token,not_valid_noun
diapers,,-13.3125,1,single_token,not_valid_noun
diapers,the bathroom,-13.3125,2,2token,not_valid_noun
diapers,le,-13.3125,1,single_token,not_valid_noun
diapers,shoe (,-13.3125,2,2token,not_valid_noun
diapers,.... Which,-13.3125,2,2token,not_valid_noun
diapers,- a,-13.3125,2,2token,not_valid_noun
diapers,Am,-13.3125,1,single_token,not_valid_noun
diapers,........ The,-13.3125,2,2token,not_valid_noun
diapers,,-13.3125,1,single_token,not_valid_noun
diapers,：,-13.3125,1,single_token,not_valid_noun
diapers,wet w,-13.3125,2,2token,not_valid_noun
diapers,After,-13.3125,1,single_token,not_valid_noun
diapers,pu,-13.3125,1,single_token,not_valid_noun
diapers,strong,-13.3125,1,single_token,not_valid_noun
diapers,re,-13.3125,1,single_token,not_valid_noun
diapers,What can,-13.34375,2,2token,not_valid_noun
diapers,wearable baby,-13.34375,2,2token,incomplete_phrase
diapers,babies are,-13.34375,2,2token,incomplete_phrase
diapers,blanket (,-13.34375,2,2token,not_valid_noun
diapers,.............. Fill,-13.34375,2,2token,not_valid_noun
diapers,for newborns,-13.34375,2,2token,not_valid_noun
diapers,washing up,-13.34375,2,2token,not_valid_noun
diapers,infant .,-13.34375,2,2token,not_valid_noun
diapers,this .,-13.34375,2,2token,not_valid_noun
diapers,............... (,-13.34375,2,2token,not_valid_noun
diapers,invention Complete,-13.34375,2,2token,not_valid_noun
diapers,babies supplies,-13.34375,2,2token,not_valid_noun
diapers,", as",-13.34375,2,2token,not_valid_noun
diapers,( underwear,-13.34375,2,2token,not_valid_noun
diapers,mode,-13.375,1,single_token,incomplete_phrase
diapers,wrapped,-13.375,1,single_token,not_valid_noun
diapers,Soft,-13.375,1,single_token,not_valid_noun
diapers,condi,-13.375,1,single_token,not_valid_noun
diapers,disposable consumer,-13.375,2,2token,incomplete_phrase
diapers,disposable for,-13.375,2,2token,not_valid_noun
diapers,called,-13.375,1,single_token,not_valid_noun
diapers,multi,-13.375,1,single_token,not_valid_noun
diapers,accidents,-13.375,1,single_token,not_valid_noun
diapers,household _______,-13.375,2,2token,not_valid_noun
diapers,****,-13.375,1,single_token,not_valid_noun
diapers,acess,-13.375,1,single_token,not_valid_noun
diapers,fabric Fill,-13.375,2,2token,not_valid_noun
diapers,fabric ____,-13.375,2,2token,not_valid_noun
diapers,Dry,-13.375,1,single_token,incomplete_phrase
diapers,expend,-13.375,1,single_token,not_valid_noun
diapers,weekly,-13.375,1,single_token,incomplete_phrase
diapers,sh,-13.375,1,single_token,not_valid_noun
diapers,lo,-13.375,1,single_token,not_valid_noun
diapers,R,-13.375,1,single_token,not_valid_noun
diapers,fresh,-13.375,1,single_token,not_valid_noun
diapers,sau,-13.375,1,single_token,not_valid_noun
diapers,pl,-13.375,1,single_token,not_valid_noun
diapers,__________ food,-13.375,2,2token,not_valid_noun
diapers,fabric Read,-13.375,2,2token,not_valid_noun
diapers,fabric from,-13.375,2,2token,incomplete_phrase
diapers,__________ __,-13.375,2,2token,not_valid_noun
diapers,Han,-13.375,1,single_token,incomplete_phrase
diapers,__________,-13.375,2,2token,not_valid_noun
diapers,hygiene (,-13.375,2,2token,not_valid_noun
diapers,accessory complete,-13.375,2,2token,not_valid_noun
diapers,space,-13.375,1,single_token,incomplete_phrase
diapers,lower,-13.375,1,single_token,incomplete_phrase
diapers,reuse,-13.375,1,single_token,not_valid_noun
diapers,gro,-13.375,1,single_token,not_valid_noun
diapers,garbage .,-13.375,2,2token,not_valid_noun
diapers,anti,-13.375,1,single_token,incomplete_phrase
diapers,Ger,-13.375,1,single_token,incomplete_phrase
diapers,uses,-13.375,1,single_token,not_valid_noun
diapers,household ____,-13.375,2,2token,not_valid_noun
diapers,AD,-13.375,1,single_token,not_valid_noun
diapers,furnish,-13.375,1,single_token,not_valid_noun
diapers,sund,-13.375,1,single_token,not_valid_noun
diapers,musical,-13.375,1,single_token,incomplete_phrase
diapers,Pi,-13.375,1,single_token,not_valid_noun
diapers,neces,-13.375,1,single_token,not_valid_noun
diapers,teen,-13.375,1,single_token,incomplete_phrase
diapers,Ones,-13.375,1,single_token,not_valid_noun
diapers,growing,-13.375,1,single_token,incomplete_phrase
diapers,cleans,-13.375,1,single_token,incomplete_phrase
diapers,fitted,-13.375,1,single_token,not_valid_noun
diapers,Kids,-13.375,1,single_token,incomplete_phrase
diapers,necessity (,-13.375,2,2token,not_valid_noun
diapers,necessity to,-13.375,2,2token,not_valid_noun
diapers,bodys,-13.375,1,single_token,not_valid_noun
diapers,bag in,-13.375,2,2token,not_valid_noun
diapers,On,-13.375,1,single_token,not_valid_noun
diapers,gi,-13.375,1,single_token,not_valid_noun
diapers,fuit,-13.375,1,single_token,not_valid_noun
diapers,sth,-13.375,1,single_token,not_valid_noun
diapers,"(,",-13.375,1,single_token,not_valid_noun
diapers,between,-13.375,1,single_token,not_valid_noun
diapers,.-,-13.375,1,single_token,not_valid_noun
diapers,?????,-13.375,1,single_token,not_valid_noun
diapers,(...,-13.375,1,single_token,not_valid_noun
diapers,intimate,-13.375,1,single_token,incomplete_phrase
diapers,tissues,-13.375,1,single_token,not_valid_noun
diapers,article _.,-13.375,2,2token,not_valid_noun
diapers,______ ___________,-13.375,2,2token,not_valid_noun
diapers,equipment to,-13.375,2,2token,not_valid_noun
diapers,_. Use,-13.375,2,2token,not_valid_noun
diapers,______ ?,-13.375,2,2token,not_valid_noun
diapers,______ fruit,-13.375,2,2token,not_valid_noun
diapers,______ Clothes,-13.375,2,2token,not_valid_noun
diapers,neck,-13.375,1,single_token,incomplete_phrase
diapers,""".",-13.375,1,single_token,not_valid_noun
diapers,".""",-13.375,1,single_token,not_valid_noun
diapers,replaceable,-13.375,1,single_token,not_valid_noun
diapers,wc,-13.375,1,single_token,not_valid_noun
diapers,recycled,-13.375,1,single_token,not_valid_noun
diapers,لباس,-13.375,1,single_token,not_valid_noun
diapers,...),-13.375,1,single_token,not_valid_noun
diapers,Adult,-13.375,1,single_token,incomplete_phrase
diapers,sew,-13.375,1,single_token,not_valid_noun
diapers,? (,-13.375,2,2token,not_valid_noun
diapers,noun (,-13.375,2,2token,not_valid_noun
diapers,_______ and,-13.375,2,2token,not_valid_noun
diapers,hands,-13.375,1,single_token,not_valid_noun
diapers,Our,-13.375,1,single_token,incomplete_phrase
diapers,regular,-13.375,1,single_token,incomplete_phrase
diapers,? ?,-13.375,2,2token,not_valid_noun
diapers,product ...,-13.375,2,2token,not_valid_noun
diapers,_________ or,-13.375,2,2token,not_valid_noun
diapers,_________ [,-13.375,2,2token,not_valid_noun
diapers,dry ________,-13.375,2,2token,not_valid_noun
diapers,? complete,-13.375,2,2token,not_valid_noun
diapers,? What,-13.375,2,2token,not_valid_noun
diapers,….. A,-13.375,2,2token,not_valid_noun
diapers,_________ ....,-13.375,2,2token,not_valid_noun
diapers,_________ _,-13.375,2,2token,not_valid_noun
diapers,? a,-13.375,2,2token,not_valid_noun
diapers,fr,-13.375,1,single_token,not_valid_noun
diapers,___________ A,-13.375,2,2token,not_valid_noun
diapers,another,-13.375,1,single_token,incomplete_phrase
diapers,final,-13.375,1,single_token,incomplete_phrase
diapers,Un,-13.375,1,single_token,not_valid_noun
diapers,fri,-13.375,1,single_token,not_valid_noun
diapers,contra,-13.375,1,single_token,incomplete_phrase
diapers,____ A,-13.375,2,2token,not_valid_noun
diapers,what ...,-13.375,2,2token,not_valid_noun
diapers,of n,-13.375,2,2token,not_valid_noun
diapers,...... Read,-13.375,2,2token,not_valid_noun
diapers,accessories Complete,-13.375,2,2token,not_valid_noun
diapers,child _,-13.375,2,2token,not_valid_noun
diapers,of ...,-13.375,2,2token,not_valid_noun
diapers,of Clothing,-13.375,2,2token,not_valid_noun
diapers,child _____,-13.375,2,2token,not_valid_noun
diapers,wear Clothes,-13.375,2,2token,incomplete_phrase
diapers,appliance .,-13.40625,2,2token,not_valid_noun
diapers,clothe that,-13.40625,2,2token,incomplete_phrase
diapers,thing on,-13.40625,2,2token,not_valid_noun
diapers,thing they,-13.40625,2,2token,incomplete_phrase
diapers,laundry Item,-13.40625,2,2token,incomplete_phrase
diapers,used as,-13.40625,2,2token,not_valid_noun
diapers,gift .,-13.40625,2,2token,not_valid_noun
diapers,thing ...,-13.40625,2,2token,not_valid_noun
diapers,: noun,-13.40625,2,2token,not_valid_noun
diapers,: ____,-13.40625,2,2token,not_valid_noun
diapers,an essential,-13.40625,2,2token,not_valid_noun
diapers,___ ?,-13.40625,2,2token,not_valid_noun
diapers,paper ....,-13.40625,2,2token,not_valid_noun
diapers,attire Complete,-13.40625,2,2token,not_valid_noun
diapers,personal hy,-13.40625,2,2token,not_valid_noun
diapers,cover that,-13.40625,2,2token,incomplete_phrase
diapers,material in,-13.40625,2,2token,not_valid_noun
diapers,paper Read,-13.40625,2,2token,not_valid_noun
diapers,clothe …,-13.40625,2,2token,not_valid_noun
diapers,- clothes,-13.4375,2,2token,not_valid_noun
diapers,pants ...,-13.4375,2,2token,not_valid_noun
diapers,= underwear,-13.4375,2,2token,not_valid_noun
diapers,the .,-13.4375,2,2token,not_valid_noun
diapers,prevent,-13.4375,1,single_token,not_valid_noun
diapers,over,-13.4375,1,single_token,incomplete_phrase
diapers,____________ ____________,-13.4375,2,2token,not_valid_noun
diapers,toy .....,-13.4375,2,2token,not_valid_noun
diapers,- Fill,-13.4375,2,2token,not_valid_noun
diapers,........... a,-13.4375,2,2token,not_valid_noun
diapers,the child,-13.4375,2,2token,not_valid_noun
diapers,………… Complete,-13.4375,2,2token,not_valid_noun
diapers,wrapper .,-13.4375,2,2token,not_valid_noun
diapers,…… ..,-13.4375,2,2token,not_valid_noun
diapers,.... COMPLETE,-13.4375,2,2token,not_valid_noun
diapers,keep,-13.4375,1,single_token,incomplete_phrase
diapers,uni,-13.4375,1,single_token,not_valid_noun
diapers,SN,-13.4375,1,single_token,not_valid_noun
diapers,PI,-13.4375,1,single_token,not_valid_noun
diapers,***,-13.4375,1,single_token,not_valid_noun
diapers,breathable,-13.4375,1,single_token,not_valid_noun
diapers,.$,-13.4375,1,single_token,not_valid_noun
diapers,bedding .,-13.4375,2,2token,not_valid_noun
diapers,garment _,-13.4375,2,2token,not_valid_noun
diapers,garment on,-13.4375,2,2token,not_valid_noun
diapers,garment Incomplete,-13.4375,2,2token,not_valid_noun
diapers,garment ….,-13.4375,2,2token,not_valid_noun
diapers,TP,-13.4375,1,single_token,not_valid_noun
diapers,pads,-13.4375,1,single_token,not_valid_noun
diapers,.... You,-13.4375,2,2token,not_valid_noun
diapers,underline,-13.4375,1,single_token,incomplete_phrase
diapers,la,-13.4375,1,single_token,not_valid_noun
diapers,…… Read,-13.4375,2,2token,not_valid_noun
diapers,thick,-13.4375,1,single_token,incomplete_phrase
diapers,designer,-13.4375,1,single_token,incomplete_phrase
diapers,eye,-13.4375,1,single_token,incomplete_phrase
diapers,garment Fill,-13.4375,2,2token,not_valid_noun
diapers,__ clothing,-13.4375,2,2token,not_valid_noun
diapers,", __",-13.46875,2,2token,not_valid_noun
diapers,", ...",-13.46875,2,2token,not_valid_noun
diapers,articles that,-13.46875,2,2token,incomplete_phrase
diapers,bottle Complete,-13.46875,2,2token,not_valid_noun
diapers,…. Write,-13.46875,2,2token,not_valid_noun
diapers,type .,-13.46875,2,2token,not_valid_noun
diapers,…. ...,-13.46875,2,2token,not_valid_noun
diapers,soft piece,-13.46875,2,2token,incomplete_phrase
diapers,soft absorbent,-13.46875,2,2token,incomplete_phrase
diapers,body …,-13.46875,2,2token,not_valid_noun
diapers,soft,-13.46875,2,2token,not_valid_noun
diapers,body _______,-13.46875,2,2token,not_valid_noun
diapers,soft under,-13.46875,2,2token,not_valid_noun
diapers,…. Which,-13.46875,2,2token,not_valid_noun
diapers,( a,-13.46875,2,2token,not_valid_noun
diapers,for small,-13.46875,2,2token,not_valid_noun
diapers,p _,-13.46875,2,2token,not_valid_noun
diapers,things in,-13.46875,2,2token,not_valid_noun
diapers,things (,-13.46875,2,2token,not_valid_noun
diapers,for new,-13.46875,2,2token,not_valid_noun
diapers,waste of,-13.5,2,2token,not_valid_noun
diapers,article from,-13.5,2,2token,incomplete_phrase
diapers,______ COMPLETE,-13.5,2,2token,not_valid_noun
diapers,require,-13.5,1,single_token,not_valid_noun
diapers,_______,-13.5,2,2token,not_valid_noun
diapers,diaper _______,-13.5,2,2token,not_valid_noun
diapers,wet n,-13.5,2,2token,not_valid_noun
diapers,A child,-13.5,2,2token,not_valid_noun
diapers,A clothes,-13.5,2,2token,not_valid_noun
diapers,So,-13.5,1,single_token,not_valid_noun
diapers,App,-13.5,1,single_token,not_valid_noun
diapers,cool,-13.5,1,single_token,incomplete_phrase
diapers,______ [,-13.5,2,2token,not_valid_noun
diapers,______ __,-13.5,2,2token,not_valid_noun
diapers,article ______,-13.5,2,2token,not_valid_noun
diapers,______ _,-13.5,2,2token,not_valid_noun
diapers,having,-13.5,1,single_token,not_valid_noun
diapers,why,-13.5,1,single_token,not_valid_noun
diapers,wet cleaning,-13.5,2,2token,incomplete_phrase
diapers,..... fruit,-13.5,2,2token,not_valid_noun
diapers,..... Answer,-13.5,2,2token,not_valid_noun
diapers,..... clothing,-13.5,2,2token,not_valid_noun
diapers,fabric -,-13.5,2,2token,not_valid_noun
diapers,waste Product,-13.5,2,2token,incomplete_phrase
diapers,article _____,-13.5,2,2token,not_valid_noun
diapers,___________ complete,-13.5,2,2token,not_valid_noun
diapers,fabric is,-13.5,2,2token,not_valid_noun
diapers,..... In,-13.5,2,2token,not_valid_noun
diapers,___________ clothes,-13.5,2,2token,not_valid_noun
diapers,dress complete,-13.5,2,2token,not_valid_noun
diapers,blank (,-13.5,2,2token,not_valid_noun
diapers,product from,-13.5,2,2token,incomplete_phrase
diapers,adult baby,-13.5,2,2token,incomplete_phrase
diapers,kind .,-13.5,2,2token,not_valid_noun
diapers,___________ of,-13.5,2,2token,not_valid_noun
diapers,__________ _.,-13.5,2,2token,not_valid_noun
diapers,__________,-13.5,2,2token,not_valid_noun
diapers,__________ or,-13.5,2,2token,not_valid_noun
diapers,fabric baby,-13.5,2,2token,incomplete_phrase
diapers,fabric _____,-13.5,2,2token,not_valid_noun
diapers,"_________ ,",-13.5,2,2token,not_valid_noun
diapers,what ____,-13.5,2,2token,not_valid_noun
diapers,...... The,-13.5,2,2token,not_valid_noun
diapers,__________ are,-13.5,2,2token,not_valid_noun
diapers,"__________ ,",-13.5,2,2token,not_valid_noun
diapers,cloths that,-13.5,2,2token,incomplete_phrase
diapers,__________ Choose,-13.5,2,2token,not_valid_noun
diapers,_________ pants,-13.5,2,2token,not_valid_noun
diapers,of item,-13.5,2,2token,not_valid_noun
diapers,.. The,-13.5,2,2token,not_valid_noun
diapers,of (,-13.5,2,2token,not_valid_noun
diapers,child safety,-13.5,2,2token,incomplete_phrase
diapers,child ____,-13.5,2,2token,not_valid_noun
diapers,accessory ...,-13.5,2,2token,not_valid_noun
diapers,__________ fruit,-13.5,2,2token,not_valid_noun
diapers,possessions,-13.5,1,single_token,not_valid_noun
diapers,grooming,-13.5,1,single_token,not_valid_noun
diapers,packaged,-13.5,1,single_token,not_valid_noun
diapers,paj,-13.5,1,single_token,not_valid_noun
diapers,….. a,-13.5,2,2token,not_valid_noun
diapers,wear in,-13.5,2,2token,not_valid_noun
diapers,wear Full,-13.5,2,2token,incomplete_phrase
diapers,uk,-13.5,1,single_token,not_valid_noun
diapers,Gerber,-13.5,1,single_token,not_valid_noun
diapers,diaper with,-13.5,2,2token,not_valid_noun
diapers,filling,-13.5,1,single_token,not_valid_noun
diapers,makeup,-13.5,1,single_token,not_valid_noun
diapers,Clo,-13.5,1,single_token,not_valid_noun
diapers,kle,-13.5,1,single_token,not_valid_noun
diapers,outside,-13.5,1,single_token,incomplete_phrase
diapers,nons,-13.5,1,single_token,not_valid_noun
diapers,named,-13.5,1,single_token,not_valid_noun
diapers,((,-13.5,1,single_token,not_valid_noun
diapers,diaper ______,-13.5,2,2token,not_valid_noun
diapers,hang,-13.5,1,single_token,not_valid_noun
diapers,naughty,-13.5,1,single_token,not_valid_noun
diapers,And,-13.5,1,single_token,not_valid_noun
diapers,n clothing,-13.5,2,2token,not_valid_noun
diapers,,-13.5,1,single_token,not_valid_noun
diapers,waste in,-13.5,2,2token,not_valid_noun
diapers,______ -,-13.5,2,2token,not_valid_noun
diapers,sanitary hygiene,-13.53125,2,2token,incomplete_phrase
diapers,sanitary ...,-13.53125,2,2token,not_valid_noun
diapers,___ ..,-13.53125,2,2token,not_valid_noun
diapers,an outfit,-13.53125,2,2token,not_valid_noun
diapers,textile and,-13.53125,2,2token,incomplete_phrase
diapers,textile ...,-13.53125,2,2token,not_valid_noun
diapers,something (,-13.53125,2,2token,not_valid_noun
diapers,thing needed,-13.53125,2,2token,incomplete_phrase
diapers,napkin .,-13.53125,2,2token,not_valid_noun
diapers,laundry for,-13.53125,2,2token,incomplete_phrase
diapers,: toys,-13.53125,2,2token,not_valid_noun
diapers,bathroom ________,-13.53125,2,2token,not_valid_noun
diapers,___ underwear,-13.53125,2,2token,not_valid_noun
diapers,used of,-13.53125,2,2token,not_valid_noun
diapers,thing under,-13.53125,2,2token,incomplete_phrase
diapers,under the,-13.53125,2,2token,incomplete_phrase
diapers,___ Clothes,-13.53125,2,2token,not_valid_noun
diapers,___ I,-13.53125,2,2token,not_valid_noun
diapers,material which,-13.53125,2,2token,incomplete_phrase
diapers,paper ________,-13.53125,2,2token,not_valid_noun
diapers,personal use,-13.53125,2,2token,incomplete_phrase
diapers,sanitary,-13.53125,2,2token,not_valid_noun
diapers,animal Complete,-13.53125,2,2token,not_valid_noun
diapers,_ of,-13.5625,2,2token,not_valid_noun
diapers,toy -,-13.5625,2,2token,not_valid_noun
diapers,_ ?,-13.5625,2,2token,not_valid_noun
diapers,_ fruit,-13.5625,2,2token,not_valid_noun
diapers,the following,-13.5625,2,2token,not_valid_noun
diapers,the name,-13.5625,2,2token,not_valid_noun
diapers,toy ____________,-13.5625,2,2token,not_valid_noun
diapers,pants are,-13.5625,2,2token,incomplete_phrase
diapers,garment by,-13.5625,2,2token,not_valid_noun
diapers,........... A,-13.5625,2,2token,not_valid_noun
diapers,_ Clothes,-13.5625,2,2token,not_valid_noun
diapers,= _____,-13.5625,2,2token,not_valid_noun
diapers,sof,-13.5625,1,single_token,not_valid_noun
diapers,holding,-13.5625,1,single_token,incomplete_phrase
diapers,pretty,-13.5625,1,single_token,not_valid_noun
diapers,part in,-13.5625,2,2token,not_valid_noun
diapers,please,-13.5625,1,single_token,not_valid_noun
diapers,som,-13.5625,1,single_token,not_valid_noun
diapers,um,-13.5625,1,single_token,not_valid_noun
diapers,apart,-13.5625,1,single_token,not_valid_noun
diapers,breast,-13.5625,1,single_token,incomplete_phrase
diapers,hoo,-13.5625,1,single_token,not_valid_noun
diapers,- _,-13.5625,2,2token,not_valid_noun
diapers,…… food,-13.5625,2,2token,not_valid_noun
diapers,____________ a,-13.5625,2,2token,not_valid_noun
diapers,bar,-13.5625,1,single_token,incomplete_phrase
diapers,underwear to,-13.5625,2,2token,not_valid_noun
diapers,____________ ________,-13.5625,2,2token,not_valid_noun
diapers,Consumer,-13.5625,1,single_token,incomplete_phrase
diapers,GI,-13.5625,1,single_token,not_valid_noun
diapers,________ ______,-13.5625,2,2token,not_valid_noun
diapers,nb,-13.5625,1,single_token,not_valid_noun
diapers,________ What,-13.5625,2,2token,not_valid_noun
diapers,Paj,-13.5625,1,single_token,not_valid_noun
diapers,________ ____,-13.5625,2,2token,not_valid_noun
diapers,food ____,-13.5625,2,2token,not_valid_noun
diapers,toy with,-13.5625,2,2token,incomplete_phrase
diapers,food ______,-13.5625,2,2token,not_valid_noun
diapers,hygien,-13.5625,1,single_token,not_valid_noun
diapers,underwear _______,-13.5625,2,2token,not_valid_noun
diapers,fac,-13.5625,1,single_token,not_valid_noun
diapers,off,-13.5625,1,single_token,not_valid_noun
diapers,also,-13.5625,1,single_token,not_valid_noun
diapers,= diapers,-13.5625,2,2token,not_valid_noun
diapers,= ________,-13.5625,2,2token,not_valid_noun
diapers,__ a,-13.5625,2,2token,not_valid_noun
diapers,= (,-13.5625,2,2token,not_valid_noun
diapers,dental,-13.5625,1,single_token,incomplete_phrase
diapers,singular,-13.5625,1,single_token,incomplete_phrase
diapers,wet absorbent,-13.5625,2,2token,incomplete_phrase
diapers,wet to,-13.5625,2,2token,not_valid_noun
diapers,wet weather,-13.5625,2,2token,incomplete_phrase
diapers,keeping,-13.5625,1,single_token,incomplete_phrase
diapers,bottle of,-13.59375,2,2token,not_valid_noun
diapers,item worn,-13.59375,2,2token,incomplete_phrase
diapers,", toy",-13.59375,2,2token,not_valid_noun
diapers,", ____",-13.59375,2,2token,not_valid_noun
diapers,P P,-13.59375,2,2token,not_valid_noun
diapers,", Fill",-13.59375,2,2token,not_valid_noun
diapers,…. complete,-13.59375,2,2token,not_valid_noun
diapers,soft _____,-13.59375,2,2token,not_valid_noun
diapers,wearable that,-13.59375,2,2token,not_valid_noun
diapers,body (,-13.59375,2,2token,not_valid_noun
diapers,help in,-13.59375,2,2token,not_valid_noun
diapers,help .,-13.59375,2,2token,not_valid_noun
diapers,............... a,-13.59375,2,2token,not_valid_noun
diapers,fruit and,-13.59375,2,2token,incomplete_phrase
diapers,protection (,-13.59375,2,2token,not_valid_noun
diapers,for clothes,-13.59375,2,2token,not_valid_noun
diapers,fruit or,-13.59375,2,2token,not_valid_noun
diapers,toys for,-13.59375,2,2token,incomplete_phrase
diapers,.............. (,-13.59375,2,2token,not_valid_noun
diapers,things made,-13.59375,2,2token,incomplete_phrase
diapers,apparel or,-13.59375,2,2token,not_valid_noun
diapers,worn .,-13.59375,2,2token,not_valid_noun
diapers,child __,-13.625,2,2token,not_valid_noun
diapers,linen Complete,-13.625,2,2token,not_valid_noun
diapers,child play,-13.625,2,2token,incomplete_phrase
diapers,dressing up,-13.625,2,2token,not_valid_noun
diapers,dried,-13.625,1,single_token,not_valid_noun
diapers,valuable,-13.625,1,single_token,incomplete_phrase
diapers,child _________,-13.625,2,2token,not_valid_noun
diapers,child bearing,-13.625,2,2token,incomplete_phrase
diapers,wear ....,-13.625,2,2token,not_valid_noun
diapers,wear ________,-13.625,2,2token,not_valid_noun
diapers,t shirts,-13.625,2,2token,not_valid_noun
diapers,t ...,-13.625,2,2token,not_valid_noun
diapers,….. (,-13.625,2,2token,not_valid_noun
diapers,noun that,-13.625,2,2token,incomplete_phrase
diapers,several,-13.625,1,single_token,not_valid_noun
diapers,chang,-13.625,1,single_token,incomplete_phrase
diapers,wash,-13.625,2,2token,incomplete_phrase
diapers,dis,-13.625,1,single_token,incomplete_phrase
diapers,bag with,-13.625,2,2token,not_valid_noun
diapers,______ shirt,-13.625,2,2token,not_valid_noun
diapers,..... Use,-13.625,2,2token,not_valid_noun
diapers,A,-13.625,2,2token,not_valid_noun
diapers,A toy,-13.625,2,2token,not_valid_noun
diapers,A .,-13.625,2,2token,not_valid_noun
diapers,______ noun,-13.625,2,2token,not_valid_noun
diapers,______ pants,-13.625,2,2token,not_valid_noun
diapers,"______ ,",-13.625,2,2token,not_valid_noun
diapers,______ in,-13.625,2,2token,not_valid_noun
diapers,diaper …,-13.625,2,2token,not_valid_noun
diapers,diaper that,-13.625,2,2token,incomplete_phrase
diapers,diaper is,-13.625,2,2token,not_valid_noun
diapers,diaper a,-13.625,2,2token,not_valid_noun
diapers,unhealthy,-13.625,1,single_token,not_valid_noun
diapers,removable,-13.625,1,single_token,not_valid_noun
diapers,"?,",-13.625,1,single_token,not_valid_noun
diapers,article Read,-13.625,2,2token,not_valid_noun
diapers,..... ________,-13.625,2,2token,not_valid_noun
diapers,article a,-13.625,2,2token,not_valid_noun
diapers,wearing a,-13.625,2,2token,not_valid_noun
diapers,necessity of,-13.625,2,2token,not_valid_noun
diapers,..... Correct,-13.625,2,2token,not_valid_noun
diapers,waste Full,-13.625,2,2token,incomplete_phrase
diapers,_______ or,-13.625,2,2token,not_valid_noun
diapers,product we,-13.625,2,2token,not_valid_noun
diapers,_______,-13.625,2,2token,not_valid_noun
diapers,Ap,-13.625,1,single_token,not_valid_noun
diapers,inj,-13.625,1,single_token,not_valid_noun
diapers,Are,-13.625,1,single_token,not_valid_noun
diapers,blow,-13.625,1,single_token,incomplete_phrase
diapers,___________ clothing,-13.625,2,2token,not_valid_noun
diapers,fabric /,-13.625,2,2token,not_valid_noun
diapers,..... food,-13.625,2,2token,not_valid_noun
diapers,__________ -,-13.625,2,2token,not_valid_noun
diapers,_________ toy,-13.625,2,2token,not_valid_noun
diapers,_________ -,-13.625,2,2token,not_valid_noun
diapers,_________ are,-13.625,2,2token,not_valid_noun
diapers,_________ I,-13.625,2,2token,not_valid_noun
diapers,wastes,-13.625,1,single_token,not_valid_noun
diapers,folded,-13.625,1,single_token,not_valid_noun
diapers,beautiful,-13.625,1,single_token,not_valid_noun
diapers,ti,-13.625,1,single_token,not_valid_noun
diapers,ru,-13.625,1,single_token,not_valid_noun
diapers,was,-13.625,1,single_token,not_valid_noun
diapers,product ....,-13.625,2,2token,not_valid_noun
diapers,fabric a,-13.625,2,2token,not_valid_noun
diapers,fabric A,-13.625,2,2token,not_valid_noun
diapers,fabric you,-13.625,2,2token,incomplete_phrase
diapers,object or,-13.625,2,2token,not_valid_noun
diapers,to .,-13.625,2,2token,not_valid_noun
diapers,___________ ____________,-13.625,2,2token,not_valid_noun
diapers,CHILDREN,-13.625,1,single_token,incomplete_phrase
diapers,”.,-13.625,1,single_token,not_valid_noun
diapers,___________ ______,-13.625,2,2token,not_valid_noun
diapers,fashion for,-13.625,2,2token,incomplete_phrase
diapers,____ for,-13.625,2,2token,not_valid_noun
diapers,what for,-13.625,2,2token,not_valid_noun
diapers,what do,-13.625,2,2token,not_valid_noun
diapers,what thing,-13.625,2,2token,not_valid_noun
diapers,what ________,-13.625,2,2token,not_valid_noun
diapers,what ?.,-13.625,2,2token,not_valid_noun
diapers,what in,-13.625,2,2token,not_valid_noun
diapers,cloths and,-13.625,2,2token,incomplete_phrase
diapers,cloths or,-13.625,2,2token,not_valid_noun
diapers,to go,-13.625,2,2token,not_valid_noun
diapers,of children,-13.625,2,2token,not_valid_noun
diapers,.. Choose,-13.625,2,2token,not_valid_noun
diapers,.. food,-13.625,2,2token,not_valid_noun
diapers,of dress,-13.625,2,2token,not_valid_noun
diapers,child development,-13.625,2,2token,incomplete_phrase
diapers,_________ underwear,-13.625,2,2token,not_valid_noun
diapers,__________ shoes,-13.625,2,2token,not_valid_noun
diapers,brit,-13.625,1,single_token,incomplete_phrase
diapers,:-,-13.625,1,single_token,not_valid_noun
diapers,OB,-13.625,1,single_token,not_valid_noun
diapers,of clothe,-13.625,2,2token,not_valid_noun
diapers,cotton Complete,-13.625,2,2token,not_valid_noun
diapers,____ food,-13.625,2,2token,not_valid_noun
diapers,__________ [,-13.625,2,2token,not_valid_noun
diapers,appliance for,-13.65625,2,2token,incomplete_phrase
diapers,personal ________,-13.65625,2,2token,not_valid_noun
diapers,an animal,-13.65625,2,2token,not_valid_noun
diapers,: The,-13.65625,2,2token,not_valid_noun
diapers,: _______,-13.65625,2,2token,not_valid_noun
diapers,bathroom ...,-13.65625,2,2token,not_valid_noun
diapers,bathroom hygiene,-13.65625,2,2token,incomplete_phrase
diapers,vegetable .,-13.65625,2,2token,not_valid_noun
diapers,thing around,-13.65625,2,2token,incomplete_phrase
diapers,thing the,-13.65625,2,2token,incomplete_phrase
diapers,___ Select,-13.65625,2,2token,not_valid_noun
diapers,___ shoes,-13.65625,2,2token,not_valid_noun
diapers,body p,-13.65625,2,2token,not_valid_noun
diapers,___ ....,-13.65625,2,2token,not_valid_noun
diapers,uniform .,-13.65625,2,2token,not_valid_noun
diapers,___,-13.65625,2,2token,not_valid_noun
diapers,___ Use,-13.65625,2,2token,not_valid_noun
diapers,___ [,-13.65625,2,2token,not_valid_noun
diapers,interior,-13.6875,1,single_token,incomplete_phrase
diapers,Py,-13.6875,1,single_token,not_valid_noun
diapers,none,-13.6875,1,single_token,incomplete_phrase
diapers,[',-13.6875,1,single_token,not_valid_noun
diapers,department,-13.6875,1,single_token,incomplete_phrase
diapers,= ____,-13.6875,2,2token,not_valid_noun
diapers,_ for,-13.6875,2,2token,not_valid_noun
diapers,_ Answer,-13.6875,2,2token,not_valid_noun
diapers,_ Choose,-13.6875,2,2token,not_valid_noun
diapers,_ Blank,-13.6875,2,2token,not_valid_noun
diapers,__ of,-13.6875,2,2token,not_valid_noun
diapers,peri,-13.6875,1,single_token,incomplete_phrase
diapers,discarded,-13.6875,1,single_token,not_valid_noun
diapers,jumpsuit,-13.6875,1,single_token,not_valid_noun
diapers,Good,-13.6875,1,single_token,incomplete_phrase
diapers,bath ...,-13.6875,2,2token,not_valid_noun
diapers,prat,-13.6875,1,single_token,incomplete_phrase
diapers,reus,-13.6875,1,single_token,not_valid_noun
diapers,,-13.6875,1,single_token,not_valid_noun
diapers,clean for,-13.6875,2,2token,not_valid_noun
diapers,________ Complete,-13.6875,2,2token,not_valid_noun
diapers,toy is,-13.6875,2,2token,not_valid_noun
diapers,____________ for,-13.6875,2,2token,not_valid_noun
diapers,________ and,-13.6875,2,2token,not_valid_noun
diapers,toy :,-13.6875,2,2token,not_valid_noun
diapers,My,-13.6875,1,single_token,not_valid_noun
diapers,dry or,-13.6875,2,2token,not_valid_noun
diapers,garment ___________,-13.6875,2,2token,not_valid_noun
diapers,dry _____,-13.6875,2,2token,not_valid_noun
diapers,dry ...,-13.6875,2,2token,not_valid_noun
diapers,garment The,-13.6875,2,2token,incomplete_phrase
diapers,.... ________,-13.6875,2,2token,not_valid_noun
diapers,garment ..,-13.6875,2,2token,not_valid_noun
diapers,stuff .,-13.6875,2,2token,not_valid_noun
diapers,wet ________,-13.6875,2,2token,not_valid_noun
diapers,wet p,-13.6875,2,2token,not_valid_noun
diapers,making,-13.6875,1,single_token,incomplete_phrase
diapers,complete,-13.6875,1,single_token,not_valid_noun
diapers,........ What,-13.6875,2,2token,not_valid_noun
diapers,food Item,-13.6875,2,2token,incomplete_phrase
diapers,getting,-13.6875,1,single_token,incomplete_phrase
diapers,the food,-13.6875,2,2token,not_valid_noun
diapers,forms,-13.6875,1,single_token,not_valid_noun
diapers,ped,-13.6875,1,single_token,incomplete_phrase
diapers,ways,-13.6875,1,single_token,incomplete_phrase
diapers,(-,-13.6875,1,single_token,not_valid_noun
diapers,indirect,-13.6875,1,single_token,not_valid_noun
diapers,Dre,-13.6875,1,single_token,not_valid_noun
diapers,sticky,-13.6875,1,single_token,not_valid_noun
diapers,teenager,-13.6875,1,single_token,not_valid_noun
diapers,vesti,-13.6875,1,single_token,not_valid_noun
diapers,pairs,-13.6875,1,single_token,not_valid_noun
diapers,quick,-13.6875,1,single_token,incomplete_phrase
diapers,office,-13.6875,1,single_token,incomplete_phrase
diapers,J,-13.6875,1,single_token,not_valid_noun
diapers,if,-13.6875,1,single_token,not_valid_noun
diapers,who,-13.6875,1,single_token,not_valid_noun
diapers,te,-13.6875,1,single_token,not_valid_noun
diapers,PA,-13.6875,1,single_token,not_valid_noun
diapers,fruit too,-13.71875,2,2token,not_valid_noun
diapers,fruit ...,-13.71875,2,2token,not_valid_noun
diapers,fruit for,-13.71875,2,2token,incomplete_phrase
diapers,p ....,-13.71875,2,2token,not_valid_noun
diapers,p …,-13.71875,2,2token,not_valid_noun
diapers,grocery .,-13.71875,2,2token,not_valid_noun
diapers,......... Fill,-13.71875,2,2token,not_valid_noun
diapers,for your,-13.71875,2,2token,not_valid_noun
diapers,…. You,-13.71875,2,2token,not_valid_noun
diapers,…. This,-13.71875,2,2token,not_valid_noun
diapers,protection of,-13.71875,2,2token,not_valid_noun
diapers,wearable under,-13.71875,2,2token,not_valid_noun
diapers,soft (,-13.71875,2,2token,not_valid_noun
diapers,......... (,-13.71875,2,2token,not_valid_noun
diapers,soft wet,-13.71875,2,2token,incomplete_phrase
diapers,( n,-13.71875,2,2token,not_valid_noun
diapers,............... A,-13.71875,2,2token,not_valid_noun
diapers,( item,-13.71875,2,2token,not_valid_noun
diapers,( _,-13.71875,2,2token,not_valid_noun
diapers,( thing,-13.71875,2,2token,not_valid_noun
diapers,", cloth",-13.71875,2,2token,not_valid_noun
diapers,", pants",-13.71875,2,2token,not_valid_noun
diapers,item sold,-13.71875,2,2token,incomplete_phrase
diapers,What did,-13.71875,2,2token,not_valid_noun
diapers,What Is,-13.71875,2,2token,not_valid_noun
diapers,What would,-13.71875,2,2token,not_valid_noun
diapers,wear on,-13.75,2,2token,not_valid_noun
diapers,Yes,-13.75,1,single_token,not_valid_noun
diapers,fab,-13.75,1,single_token,not_valid_noun
diapers,hygiene for,-13.75,2,2token,not_valid_noun
diapers,hygiene and,-13.75,2,2token,incomplete_phrase
diapers,dirty under,-13.75,2,2token,not_valid_noun
diapers,product on,-13.75,2,2token,not_valid_noun
diapers,product complete,-13.75,2,2token,not_valid_noun
diapers,product ________,-13.75,2,2token,not_valid_noun
diapers,product _______,-13.75,2,2token,not_valid_noun
diapers,_______,-13.75,2,2token,not_valid_noun
diapers,_______ toy,-13.75,2,2token,not_valid_noun
diapers,wh,-13.75,1,single_token,not_valid_noun
diapers,_______ _.,-13.75,2,2token,not_valid_noun
diapers,____ ______,-13.75,2,2token,not_valid_noun
diapers,na,-13.75,1,single_token,not_valid_noun
diapers,sc,-13.75,1,single_token,not_valid_noun
diapers,fabric are,-13.75,2,2token,incomplete_phrase
diapers,fabric on,-13.75,2,2token,not_valid_noun
diapers,fabric :,-13.75,2,2token,not_valid_noun
diapers,___________ What,-13.75,2,2token,not_valid_noun
diapers,what type,-13.75,2,2token,not_valid_noun
diapers,wear to,-13.75,2,2token,not_valid_noun
diapers,t,-13.75,2,2token,not_valid_noun
diapers,shit,-13.75,1,single_token,not_valid_noun
diapers,Cloth for,-13.75,2,2token,incomplete_phrase
diapers,______ I,-13.75,2,2token,not_valid_noun
diapers,unclean,-13.75,1,single_token,not_valid_noun
diapers,,-13.75,1,single_token,not_valid_noun
diapers,toilets,-13.75,1,single_token,not_valid_noun
diapers,of waste,-13.75,2,2token,not_valid_noun
diapers,equipment (,-13.75,2,2token,not_valid_noun
diapers,______,-13.75,2,2token,not_valid_noun
diapers,______ are,-13.75,2,2token,not_valid_noun
diapers,______ :,-13.75,2,2token,not_valid_noun
diapers,______ Select,-13.75,2,2token,not_valid_noun
diapers,______ thing,-13.75,2,2token,not_valid_noun
diapers,.*,-13.75,1,single_token,not_valid_noun
diapers,_:,-13.75,1,single_token,not_valid_noun
diapers,"—,",-13.75,1,single_token,not_valid_noun
diapers,dryer,-13.75,1,single_token,not_valid_noun
diapers,dolls,-13.75,1,single_token,not_valid_noun
diapers,to a,-13.75,2,2token,not_valid_noun
diapers,All,-13.75,1,single_token,not_valid_noun
diapers,une,-13.75,1,single_token,not_valid_noun
diapers,_________ shoes,-13.75,2,2token,not_valid_noun
diapers,pou,-13.75,1,single_token,not_valid_noun
diapers,tool in,-13.75,2,2token,not_valid_noun
diapers,_________ In,-13.75,2,2token,not_valid_noun
diapers,_________ fruit,-13.75,2,2token,not_valid_noun
diapers,_________ Use,-13.75,2,2token,not_valid_noun
diapers,diaper The,-13.75,2,2token,incomplete_phrase
diapers,_________ Clothes,-13.75,2,2token,not_valid_noun
diapers,neat,-13.75,1,single_token,not_valid_noun
diapers,depends,-13.75,1,single_token,not_valid_noun
diapers,diaper -,-13.75,2,2token,not_valid_noun
diapers,wat,-13.75,1,single_token,not_valid_noun
diapers,Type,-13.75,1,single_token,incomplete_phrase
diapers,playing,-13.75,1,single_token,not_valid_noun
diapers,loo,-13.75,1,single_token,incomplete_phrase
diapers,garb for,-13.75,2,2token,incomplete_phrase
diapers,tiny,-13.75,1,single_token,not_valid_noun
diapers,equipment in,-13.75,2,2token,not_valid_noun
diapers,tid,-13.75,1,single_token,incomplete_phrase
diapers,__________ in,-13.75,2,2token,not_valid_noun
diapers,aids,-13.75,1,single_token,not_valid_noun
diapers,$$,-13.75,1,single_token,not_valid_noun
diapers,nes,-13.75,1,single_token,not_valid_noun
diapers,Useful,-13.75,1,single_token,not_valid_noun
diapers,household utens,-13.75,2,2token,incomplete_phrase
diapers,__________ Use,-13.75,2,2token,not_valid_noun
diapers,__________ ....,-13.75,2,2token,not_valid_noun
diapers,__________ cloth,-13.75,2,2token,not_valid_noun
diapers,__________ noun,-13.75,2,2token,not_valid_noun
diapers,of ________,-13.75,2,2token,not_valid_noun
diapers,daytime,-13.75,1,single_token,incomplete_phrase
diapers,_________ in,-13.75,2,2token,not_valid_noun
diapers,wore,-13.75,1,single_token,not_valid_noun
diapers,of disposable,-13.75,2,2token,not_valid_noun
diapers,diaper Changing,-13.75,2,2token,incomplete_phrase
diapers,noun or,-13.75,2,2token,not_valid_noun
diapers,..... -,-13.75,2,2token,not_valid_noun
diapers,bum,-13.75,1,single_token,incomplete_phrase
diapers,wet …,-13.75,2,2token,not_valid_noun
diapers,diaper ____,-13.75,2,2token,not_valid_noun
diapers,costume (,-13.75,2,2token,not_valid_noun
diapers,waste _______,-13.75,2,2token,not_valid_noun
diapers,waste ...,-13.75,2,2token,not_valid_noun
diapers,waste to,-13.75,2,2token,not_valid_noun
diapers,wear Clothing,-13.75,2,2token,incomplete_phrase
diapers,wear Item,-13.75,2,2token,incomplete_phrase
diapers,wear …,-13.75,2,2token,not_valid_noun
diapers,accessory ....,-13.75,2,2token,not_valid_noun
diapers,accessory which,-13.75,2,2token,incomplete_phrase
diapers,what fruit,-13.75,2,2token,not_valid_noun
diapers,_. Correct,-13.75,2,2token,not_valid_noun
diapers,_. Explain,-13.75,2,2token,not_valid_noun
diapers,_. ...,-13.75,2,2token,not_valid_noun
diapers,article under,-13.75,2,2token,incomplete_phrase
diapers,article about,-13.75,2,2token,incomplete_phrase
diapers,article with,-13.75,2,2token,incomplete_phrase
diapers,sanitary absorbent,-13.78125,2,2token,incomplete_phrase
diapers,an,-13.78125,2,2token,not_valid_noun
diapers,an ________,-13.78125,2,2token,not_valid_noun
diapers,skin for,-13.78125,2,2token,incomplete_phrase
diapers,paper ____,-13.78125,2,2token,not_valid_noun
diapers,paper _____,-13.78125,2,2token,not_valid_noun
diapers,package Complete,-13.78125,2,2token,not_valid_noun
diapers,an instrument,-13.78125,2,2token,not_valid_noun
diapers,___ ___________,-13.78125,2,2token,not_valid_noun
diapers,sheet of,-13.78125,2,2token,not_valid_noun
diapers,something people,-13.78125,2,2token,incomplete_phrase
diapers,___ in,-13.78125,2,2token,not_valid_noun
diapers,skin protect,-13.78125,2,2token,incomplete_phrase
diapers,material or,-13.78125,2,2token,not_valid_noun
diapers,[ ].,-13.78125,2,2token,not_valid_noun
diapers,cover your,-13.78125,2,2token,incomplete_phrase
diapers,something Complete,-13.78125,2,2token,not_valid_noun
diapers,used with,-13.78125,2,2token,not_valid_noun
diapers,bathroom (,-13.78125,2,2token,not_valid_noun
diapers,textile ________,-13.78125,2,2token,not_valid_noun
diapers,cover on,-13.78125,2,2token,not_valid_noun
diapers,container in,-13.78125,2,2token,not_valid_noun
diapers,: __,-13.78125,2,2token,not_valid_noun
diapers,: ______,-13.78125,2,2token,not_valid_noun
diapers,children,-13.78125,2,2token,incomplete_phrase
diapers,thing _______,-13.78125,2,2token,not_valid_noun
diapers,thing complete,-13.78125,2,2token,not_valid_noun
diapers,bathroom ______,-13.78125,2,2token,not_valid_noun
diapers,used after,-13.78125,2,2token,not_valid_noun
diapers,personal,-13.78125,2,2token,incomplete_phrase
diapers,gir,-13.8125,1,single_token,not_valid_noun
diapers,toilet ...,-13.8125,2,2token,not_valid_noun
diapers,jewellery,-13.8125,1,single_token,not_valid_noun
diapers,.... ....,-13.8125,2,2token,not_valid_noun
diapers,.... diapers,-13.8125,2,2token,not_valid_noun
diapers,Important,-13.8125,1,single_token,not_valid_noun
diapers,а,-13.8125,1,single_token,not_valid_noun
diapers,sustainable,-13.8125,1,single_token,not_valid_noun
diapers,nouns,-13.8125,1,single_token,not_valid_noun
diapers,humans,-13.8125,1,single_token,not_valid_noun
diapers,cleanliness .,-13.8125,2,2token,not_valid_noun
diapers,hip,-13.8125,1,single_token,incomplete_phrase
diapers,preschool,-13.8125,1,single_token,incomplete_phrase
diapers,underwear -,-13.8125,2,2token,not_valid_noun
diapers,pullover,-13.8125,1,single_token,not_valid_noun
diapers,toilet for,-13.8125,2,2token,incomplete_phrase
diapers,cleaning up,-13.8125,2,2token,not_valid_noun
diapers,changed,-13.8125,1,single_token,not_valid_noun
diapers,- clothing,-13.8125,2,2token,not_valid_noun
diapers,____________ _,-13.8125,2,2token,not_valid_noun
diapers,clean (,-13.8125,2,2token,not_valid_noun
diapers,clean and,-13.8125,2,2token,not_valid_noun
diapers,bun,-13.8125,1,single_token,not_valid_noun
diapers,tra,-13.8125,1,single_token,incomplete_phrase
diapers,.... Please,-13.8125,2,2token,not_valid_noun
diapers,garment you,-13.8125,2,2token,incomplete_phrase
diapers,the,-13.8125,2,2token,not_valid_noun
diapers,the item,-13.8125,2,2token,not_valid_noun
diapers,exp,-13.8125,1,single_token,not_valid_noun
diapers,food _____,-13.8125,2,2token,not_valid_noun
diapers,toy ___________,-13.8125,2,2token,not_valid_noun
diapers,........ Fill,-13.8125,2,2token,not_valid_noun
diapers,stories,-13.8125,1,single_token,not_valid_noun
diapers,acces,-13.8125,1,single_token,not_valid_noun
diapers,were,-13.8125,1,single_token,not_valid_noun
diapers,____________ food,-13.8125,2,2token,not_valid_noun
diapers,dry (,-13.8125,2,2token,not_valid_noun
diapers,.... ____,-13.8125,2,2token,not_valid_noun
diapers,stuff you,-13.8125,2,2token,incomplete_phrase
diapers,appropriate,-13.8125,1,single_token,not_valid_noun
diapers,fixed,-13.8125,1,single_token,not_valid_noun
diapers,stuff Complete,-13.8125,2,2token,not_valid_noun
diapers,doing,-13.8125,1,single_token,not_valid_noun
diapers,Some,-13.8125,1,single_token,incomplete_phrase
diapers,urinary,-13.8125,1,single_token,not_valid_noun
diapers,handi,-13.8125,1,single_token,not_valid_noun
diapers,cleaning,-13.8125,2,2token,incomplete_phrase
diapers,womens,-13.8125,1,single_token,not_valid_noun
diapers,__ ?,-13.8125,2,2token,not_valid_noun
diapers,abc,-13.8125,1,single_token,not_valid_noun
diapers,.... Find,-13.8125,2,2token,not_valid_noun
diapers,…… clothes,-13.8125,2,2token,not_valid_noun
diapers,…… Choose,-13.8125,2,2token,not_valid_noun
diapers,sock .,-13.8125,2,2token,not_valid_noun
diapers,pants to,-13.8125,2,2token,not_valid_noun
diapers,_ shoes,-13.8125,2,2token,not_valid_noun
diapers,= cloth,-13.8125,2,2token,not_valid_noun
diapers,pants ....,-13.8125,2,2token,not_valid_noun
diapers,part .,-13.8125,2,2token,not_valid_noun
diapers,toy …,-13.8125,2,2token,not_valid_noun
diapers,toy a,-13.8125,2,2token,not_valid_noun
diapers,clean ________,-13.8125,2,2token,not_valid_noun
diapers,__,-13.8125,2,2token,not_valid_noun
diapers,_ The,-13.8125,2,2token,not_valid_noun
diapers,_ toys,-13.8125,2,2token,not_valid_noun
diapers,", _______",-13.84375,2,2token,not_valid_noun
diapers,house cleaning,-13.84375,2,2token,incomplete_phrase
diapers,", an",-13.84375,2,2token,not_valid_noun
diapers,diapers Complete,-13.84375,2,2token,not_valid_noun
diapers,", food",-13.84375,2,2token,not_valid_noun
diapers,articles,-13.84375,2,2token,not_valid_noun
diapers,P A,-13.84375,2,2token,not_valid_noun
diapers,articles to,-13.84375,2,2token,not_valid_noun
diapers,articles Complete,-13.84375,2,2token,not_valid_noun
diapers,articles (,-13.84375,2,2token,not_valid_noun
diapers,covering Complete,-13.84375,2,2token,not_valid_noun
diapers,covering .,-13.84375,2,2token,not_valid_noun
diapers,protection to,-13.84375,2,2token,not_valid_noun
diapers,pant and,-13.84375,2,2token,incomplete_phrase
diapers,apparel that,-13.84375,2,2token,incomplete_phrase
diapers,…. Use,-13.84375,2,2token,not_valid_noun
diapers,…. fruit,-13.84375,2,2token,not_valid_noun
diapers,body __,-13.84375,2,2token,not_valid_noun
diapers,", you",-13.84375,2,2token,not_valid_noun
diapers,", I",-13.84375,2,2token,not_valid_noun
diapers,house .,-13.84375,2,2token,not_valid_noun
diapers,", toys",-13.84375,2,2token,not_valid_noun
diapers,towel for,-13.84375,2,2token,incomplete_phrase
diapers,towel or,-13.84375,2,2token,not_valid_noun
diapers,", like",-13.84375,2,2token,not_valid_noun
diapers,article …,-13.875,2,2token,not_valid_noun
diapers,mer,-13.875,1,single_token,incomplete_phrase
diapers,Answer,-13.875,1,single_token,not_valid_noun
diapers,cle,-13.875,1,single_token,not_valid_noun
diapers,As,-13.875,1,single_token,not_valid_noun
diapers,diaper in,-13.875,2,2token,not_valid_noun
diapers,diaper are,-13.875,2,2token,incomplete_phrase
diapers,of diaper,-13.875,2,2token,not_valid_noun
diapers,of apparel,-13.875,2,2token,not_valid_noun
diapers,mu,-13.875,1,single_token,not_valid_noun
diapers,tissue (,-13.875,2,2token,not_valid_noun
diapers,sa,-13.875,1,single_token,not_valid_noun
diapers,tissue for,-13.875,2,2token,incomplete_phrase
diapers,places,-13.875,1,single_token,not_valid_noun
diapers,Mas,-13.875,1,single_token,incomplete_phrase
diapers,similar,-13.875,1,single_token,not_valid_noun
diapers,Er,-13.875,1,single_token,not_valid_noun
diapers,wet under,-13.875,2,2token,not_valid_noun
diapers,article needed,-13.875,2,2token,incomplete_phrase
diapers,article is,-13.875,2,2token,not_valid_noun
diapers,_. If,-13.875,2,2token,not_valid_noun
diapers,_. fruit,-13.875,2,2token,not_valid_noun
diapers,accessory and,-13.875,2,2token,incomplete_phrase
diapers,wear the,-13.875,2,2token,incomplete_phrase
diapers,_. How,-13.875,2,2token,not_valid_noun
diapers,clothe ____,-13.875,2,2token,not_valid_noun
diapers,clothe ________,-13.875,2,2token,not_valid_noun
diapers,afe,-13.875,1,single_token,not_valid_noun
diapers,__________ I,-13.875,2,2token,not_valid_noun
diapers,..... ____,-13.875,2,2token,not_valid_noun
diapers,....... The,-13.875,2,2token,not_valid_noun
diapers,....... What,-13.875,2,2token,not_valid_noun
diapers,adult ...,-13.875,2,2token,not_valid_noun
diapers,dirty,-13.875,2,2token,not_valid_noun
diapers,___________ ____,-13.875,2,2token,not_valid_noun
diapers,dressing (,-13.875,2,2token,not_valid_noun
diapers,"_______ ,",-13.875,2,2token,not_valid_noun
diapers,_______ _,-13.875,2,2token,not_valid_noun
diapers,_______ pants,-13.875,2,2token,not_valid_noun
diapers,_______ ....,-13.875,2,2token,not_valid_noun
diapers,_______ :,-13.875,2,2token,not_valid_noun
diapers,protective outer,-13.875,2,2token,incomplete_phrase
diapers,_________ :,-13.875,2,2token,not_valid_noun
diapers,__________ is,-13.875,2,2token,not_valid_noun
diapers,sterile,-13.875,1,single_token,not_valid_noun
diapers,mustn,-13.875,1,single_token,not_valid_noun
diapers,A ________,-13.875,2,2token,not_valid_noun
diapers,A piece,-13.875,2,2token,not_valid_noun
diapers,n __________,-13.875,2,2token,not_valid_noun
diapers,n ___________,-13.875,2,2token,not_valid_noun
diapers,${\,-13.875,1,single_token,not_valid_noun
diapers,n the,-13.875,2,2token,not_valid_noun
diapers,__________ :,-13.875,2,2token,not_valid_noun
diapers,diaper Cover,-13.875,2,2token,incomplete_phrase
diapers,….. What,-13.875,2,2token,not_valid_noun
diapers,diaper complete,-13.875,2,2token,not_valid_noun
diapers,Pac,-13.875,1,single_token,incomplete_phrase
diapers,western,-13.875,1,single_token,incomplete_phrase
diapers,diaper ....,-13.875,2,2token,not_valid_noun
diapers,garb .,-13.875,2,2token,not_valid_noun
diapers,，,-13.875,1,single_token,not_valid_noun
diapers,functional,-13.875,1,single_token,not_valid_noun
diapers,'.,-13.875,1,single_token,not_valid_noun
diapers,___________ Choose,-13.875,2,2token,not_valid_noun
diapers,...... ...,-13.875,2,2token,not_valid_noun
diapers,...... Choose,-13.875,2,2token,not_valid_noun
diapers,_______ Clothes,-13.875,2,2token,not_valid_noun
diapers,_______ COMPLETE,-13.875,2,2token,not_valid_noun
diapers,_______ in,-13.875,2,2token,not_valid_noun
diapers,..... _______,-13.875,2,2token,not_valid_noun
diapers,____ and,-13.875,2,2token,not_valid_noun
diapers,product a,-13.875,2,2token,not_valid_noun
diapers,accessories .,-13.875,2,2token,not_valid_noun
diapers,what I,-13.875,2,2token,not_valid_noun
diapers,wearing (,-13.875,2,2token,not_valid_noun
diapers,_______ I,-13.875,2,2token,not_valid_noun
diapers,___________ ...,-13.875,2,2token,not_valid_noun
diapers,___________,-13.875,2,2token,not_valid_noun
diapers,what _____,-13.875,2,2token,not_valid_noun
diapers,what item,-13.875,2,2token,not_valid_noun
diapers,? clothes,-13.875,2,2token,not_valid_noun
diapers,? The,-13.875,2,2token,not_valid_noun
diapers,accessory ________,-13.875,2,2token,not_valid_noun
diapers,dress and,-13.875,2,2token,incomplete_phrase
diapers,thing ________,-13.875,2,2token,not_valid_noun
diapers,thing Read,-13.875,2,2token,not_valid_noun
diapers,thing like,-13.875,2,2token,incomplete_phrase
diapers,linen .,-13.875,2,2token,not_valid_noun
diapers,clothe or,-13.875,2,2token,not_valid_noun
diapers,wear is,-13.875,2,2token,not_valid_noun
diapers,wear ____,-13.875,2,2token,not_valid_noun
diapers,wear clothe,-13.875,2,2token,not_valid_noun
diapers,bathing .,-13.90625,2,2token,not_valid_noun
diapers,P J,-13.90625,2,2token,not_valid_noun
diapers,: paper,-13.90625,2,2token,not_valid_noun
diapers,: _,-13.90625,2,2token,not_valid_noun
diapers,an __,-13.90625,2,2token,not_valid_noun
diapers,___ For,-13.90625,2,2token,not_valid_noun
diapers,___ shirt,-13.90625,2,2token,not_valid_noun
diapers,textile _______,-13.90625,2,2token,not_valid_noun
diapers,textile ....,-13.90625,2,2token,not_valid_noun
diapers,___ -,-13.90625,2,2token,not_valid_noun
diapers,___ is,-13.90625,2,2token,not_valid_noun
diapers,___,-13.90625,2,2token,not_valid_noun
diapers,: Blank,-13.90625,2,2token,not_valid_noun
diapers,need of,-13.90625,2,2token,not_valid_noun
diapers,need to,-13.90625,2,2token,not_valid_noun
diapers,an invention,-13.90625,2,2token,not_valid_noun
diapers,sheet for,-13.90625,2,2token,incomplete_phrase
diapers,sheet .,-13.90625,2,2token,not_valid_noun
diapers,something used,-13.90625,2,2token,incomplete_phrase
diapers,textile made,-13.90625,2,2token,incomplete_phrase
diapers,children are,-13.90625,2,2token,incomplete_phrase
diapers,material we,-13.90625,2,2token,not_valid_noun
diapers,used disposable,-13.90625,2,2token,incomplete_phrase
diapers,p o,-13.90625,2,2token,not_valid_noun
diapers,p p,-13.90625,2,2token,not_valid_noun
diapers,children accessories,-13.90625,2,2token,not_valid_noun
diapers,children ________,-13.90625,2,2token,not_valid_noun
diapers,linens,-13.9375,1,single_token,not_valid_noun
diapers,oh,-13.9375,1,single_token,not_valid_noun
diapers,**,-13.9375,1,single_token,not_valid_noun
diapers,names,-13.9375,1,single_token,not_valid_noun
diapers,©,-13.9375,1,single_token,not_valid_noun
diapers,the ____,-13.9375,2,2token,not_valid_noun
diapers,____________ Choose,-13.9375,2,2token,not_valid_noun
diapers,........... What,-13.9375,2,2token,not_valid_noun
diapers,indi,-13.9375,1,single_token,not_valid_noun
diapers,.... of,-13.9375,2,2token,not_valid_noun
diapers,- underwear,-13.9375,2,2token,not_valid_noun
diapers,dry n,-13.9375,2,2token,not_valid_noun
diapers,____________ ___________,-13.9375,2,2token,not_valid_noun
diapers,At,-13.9375,1,single_token,not_valid_noun
diapers,des,-13.9375,1,single_token,not_valid_noun
diapers,sho,-13.9375,1,single_token,not_valid_noun
diapers,vital,-13.9375,1,single_token,not_valid_noun
diapers,drinking,-13.9375,1,single_token,incomplete_phrase
diapers,Band,-13.9375,1,single_token,incomplete_phrase
diapers,.... This,-13.9375,2,2token,not_valid_noun
diapers,obst,-13.9375,1,single_token,not_valid_noun
diapers,shirt or,-13.9375,2,2token,not_valid_noun
diapers,shirt for,-13.9375,2,2token,incomplete_phrase
diapers,( something,-13.9375,2,2token,not_valid_noun
diapers,the toilet,-13.9375,2,2token,not_valid_noun
diapers,inexpensive,-13.9375,1,single_token,not_valid_noun
diapers,sb,-13.9375,1,single_token,not_valid_noun
diapers,temporary,-13.9375,1,single_token,incomplete_phrase
diapers,FI,-13.9375,1,single_token,not_valid_noun
diapers,CD,-13.9375,1,single_token,not_valid_noun
diapers,pants pants,-13.9375,2,2token,incomplete_phrase
diapers,pants _____,-13.9375,2,2token,not_valid_noun
diapers,pants _______,-13.9375,2,2token,not_valid_noun
diapers,_ -,-13.9375,2,2token,not_valid_noun
diapers,clean to,-13.9375,2,2token,not_valid_noun
diapers,clean …,-13.9375,2,2token,not_valid_noun
diapers,twenty,-13.9375,1,single_token,incomplete_phrase
diapers,to make,-13.9375,2,2token,not_valid_noun
diapers,n =,-13.9375,2,2token,not_valid_noun
diapers,r,-13.9375,1,single_token,not_valid_noun
diapers,.... and,-13.9375,2,2token,not_valid_noun
diapers,__ ___,-13.9375,2,2token,not_valid_noun
diapers,= diaper,-13.9375,2,2token,not_valid_noun
diapers,= ______,-13.9375,2,2token,not_valid_noun
diapers,toy _________,-13.9375,2,2token,not_valid_noun
diapers,toy __________,-13.9375,2,2token,not_valid_noun
diapers,toy /,-13.9375,2,2token,not_valid_noun
diapers,toy of,-13.9375,2,2token,not_valid_noun
diapers,bedtime,-13.9375,1,single_token,incomplete_phrase
diapers,__ and,-13.9375,2,2token,not_valid_noun
diapers,________ of,-13.9375,2,2token,not_valid_noun
diapers,________ The,-13.9375,2,2token,not_valid_noun
diapers,__ Fill,-13.9375,2,2token,not_valid_noun
diapers,.... Match,-13.9375,2,2token,not_valid_noun
diapers,.... How,-13.9375,2,2token,not_valid_noun
diapers,toilet cleaning,-13.9375,2,2token,incomplete_phrase
diapers,.... is,-13.9375,2,2token,not_valid_noun
diapers,One,-13.9375,1,single_token,incomplete_phrase
diapers,__ ________,-13.9375,2,2token,not_valid_noun
diapers,__ _______,-13.9375,2,2token,not_valid_noun
diapers,dry piece,-13.9375,2,2token,incomplete_phrase
diapers,bebe,-13.9375,1,single_token,not_valid_noun
diapers,garment are,-13.9375,2,2token,incomplete_phrase
diapers,garment A,-13.9375,2,2token,not_valid_noun
diapers,garment Full,-13.9375,2,2token,incomplete_phrase
diapers,food you,-13.9375,2,2token,incomplete_phrase
diapers,food -,-13.9375,2,2token,not_valid_noun
diapers,to,-13.9375,2,2token,not_valid_noun
diapers,pret,-13.9375,1,single_token,not_valid_noun
diapers,- ________,-13.9375,2,2token,not_valid_noun
diapers,.... More,-13.9375,2,2token,not_valid_noun
diapers,kid .,-13.9375,2,2token,not_valid_noun
diapers,inf,-13.9375,1,single_token,incomplete_phrase
diapers,underwear COMPLETE,-13.9375,2,2token,not_valid_noun
diapers,underwear ____,-13.9375,2,2token,not_valid_noun
diapers,underwear _____,-13.9375,2,2token,not_valid_noun
diapers,food .....,-13.9375,2,2token,not_valid_noun
diapers,garments (,-13.96875,2,2token,not_valid_noun
diapers,item ...,-13.96875,2,2token,not_valid_noun
diapers,garments,-13.96875,2,2token,not_valid_noun
diapers,useful .,-13.96875,2,2token,not_valid_noun
diapers,doll .,-13.96875,2,2token,not_valid_noun
diapers,…. ?,-13.96875,2,2token,not_valid_noun
diapers,for clothing,-13.96875,2,2token,not_valid_noun
diapers,toys .,-13.96875,2,2token,not_valid_noun
diapers,things a,-13.96875,2,2token,not_valid_noun
diapers,things which,-13.96875,2,2token,incomplete_phrase
diapers,things needed,-13.96875,2,2token,incomplete_phrase
diapers,.............. a,-13.96875,2,2token,not_valid_noun
diapers,What you,-13.96875,2,2token,not_valid_noun
diapers,What word,-13.96875,2,2token,not_valid_noun
diapers,…. How,-13.96875,2,2token,not_valid_noun
diapers,", etc",-13.96875,2,2token,not_valid_noun
diapers,", ______",-13.96875,2,2token,not_valid_noun
diapers,", baby",-13.96875,2,2token,not_valid_noun
diapers,", that",-13.96875,2,2token,not_valid_noun
diapers,recreational,-14.0,1,single_token,not_valid_noun
diapers,thing children,-14.0,2,2token,incomplete_phrase
diapers,clothe and,-14.0,2,2token,not_valid_noun
diapers,waste or,-14.0,2,2token,not_valid_noun
diapers,waste and,-14.0,2,2token,incomplete_phrase
diapers,proper,-14.0,1,single_token,not_valid_noun
diapers,cl,-14.0,1,single_token,not_valid_noun
diapers,val,-14.0,1,single_token,incomplete_phrase
diapers,qu,-14.0,1,single_token,not_valid_noun
diapers,tshirt,-14.0,1,single_token,not_valid_noun
diapers,crock,-14.0,1,single_token,incomplete_phrase
diapers,UND,-14.0,1,single_token,not_valid_noun
diapers,پوش,-14.0,1,single_token,not_valid_noun
diapers,_______ Correct,-14.0,2,2token,not_valid_noun
diapers,Cleaning,-14.0,1,single_token,incomplete_phrase
diapers,WC,-14.0,1,single_token,not_valid_noun
diapers,_______ ____________,-14.0,2,2token,not_valid_noun
diapers,_______ fruit,-14.0,2,2token,not_valid_noun
diapers,_______ cloth,-14.0,2,2token,not_valid_noun
diapers,renewable,-14.0,1,single_token,not_valid_noun
diapers,fom,-14.0,1,single_token,not_valid_noun
diapers,soo,-14.0,1,single_token,not_valid_noun
diapers,ig,-14.0,1,single_token,not_valid_noun
diapers,containing,-14.0,1,single_token,not_valid_noun
diapers,ung,-14.0,1,single_token,not_valid_noun
diapers,..... of,-14.0,2,2token,not_valid_noun
diapers,_______ __,-14.0,2,2token,not_valid_noun
diapers,_______ [,-14.0,2,2token,not_valid_noun
diapers,raw,-14.0,1,single_token,incomplete_phrase
diapers,dress .....,-14.0,2,2token,not_valid_noun
diapers,_______ -,-14.0,2,2token,not_valid_noun
diapers,https,-14.0,1,single_token,not_valid_noun
diapers,____ What,-14.0,2,2token,not_valid_noun
diapers,cloths to,-14.0,2,2token,not_valid_noun
diapers,dress -,-14.0,2,2token,not_valid_noun
diapers,..... Which,-14.0,2,2token,not_valid_noun
diapers,_______ are,-14.0,2,2token,not_valid_noun
diapers,dress in,-14.0,2,2token,not_valid_noun
diapers,Circle,-14.0,1,single_token,incomplete_phrase
diapers,Kleid,-14.0,1,single_token,not_valid_noun
diapers,tired,-14.0,1,single_token,not_valid_noun
diapers,Cloth that,-14.0,2,2token,incomplete_phrase
diapers,wash (,-14.0,2,2token,not_valid_noun
diapers,diaper /,-14.0,2,2token,not_valid_noun
diapers,dry …,-14.0,2,2token,not_valid_noun
diapers,dispens,-14.0,1,single_token,not_valid_noun
diapers,First,-14.0,1,single_token,incomplete_phrase
diapers,cute,-14.0,1,single_token,not_valid_noun
diapers,dry and,-14.0,2,2token,not_valid_noun
diapers,cos,-14.0,1,single_token,incomplete_phrase
diapers,Mus,-14.0,1,single_token,incomplete_phrase
diapers,five,-14.0,1,single_token,incomplete_phrase
diapers,....... ?,-14.0,2,2token,not_valid_noun
diapers,....... clothes,-14.0,2,2token,not_valid_noun
diapers,.. I,-14.0,2,2token,not_valid_noun
diapers,suit or,-14.0,2,2token,not_valid_noun
diapers,of material,-14.0,2,2token,not_valid_noun
diapers,of ______,-14.0,2,2token,not_valid_noun
diapers,...... clothing,-14.0,2,2token,not_valid_noun
diapers,bag and,-14.0,2,2token,incomplete_phrase
diapers,….. clothes,-14.0,2,2token,not_valid_noun
diapers,to use,-14.0,2,2token,not_valid_noun
diapers,.. ...,-14.0,2,2token,not_valid_noun
diapers,adult ________,-14.0,2,2token,not_valid_noun
diapers,snack .,-14.0,2,2token,not_valid_noun
diapers,.. Answer,-14.0,2,2token,not_valid_noun
diapers,protective .,-14.0,2,2token,not_valid_noun
diapers,essential .,-14.0,2,2token,not_valid_noun
diapers,___________,-14.0,2,2token,not_valid_noun
diapers,___________ food,-14.0,2,2token,not_valid_noun
diapers,___________ _________,-14.0,2,2token,not_valid_noun
diapers,dirty baby,-14.0,2,2token,incomplete_phrase
diapers,under we,-14.0,2,2token,not_valid_noun
diapers,A product,-14.0,2,2token,not_valid_noun
diapers,A garment,-14.0,2,2token,not_valid_noun
diapers,A _____,-14.0,2,2token,not_valid_noun
diapers,waste from,-14.0,2,2token,incomplete_phrase
diapers,product and,-14.0,2,2token,incomplete_phrase
diapers,what to,-14.0,2,2token,not_valid_noun
diapers,product ____,-14.0,2,2token,not_valid_noun
diapers,what Complete,-14.0,2,2token,not_valid_noun
diapers,_. Answer,-14.0,2,2token,not_valid_noun
diapers,_. Give,-14.0,2,2token,not_valid_noun
diapers,wear are,-14.0,2,2token,incomplete_phrase
diapers,p ______,-14.03125,2,2token,not_valid_noun
diapers,used ________,-14.03125,2,2token,not_valid_noun
diapers,used on,-14.03125,2,2token,not_valid_noun
diapers,bathroom _______,-14.03125,2,2token,not_valid_noun
diapers,bathroom _____,-14.03125,2,2token,not_valid_noun
diapers,an ______,-14.03125,2,2token,not_valid_noun
diapers,cover of,-14.03125,2,2token,not_valid_noun
diapers,: blank,-14.03125,2,2token,not_valid_noun
diapers,: What,-14.03125,2,2token,not_valid_noun
diapers,: Clothes,-14.03125,2,2token,not_valid_noun
diapers,: shoes,-14.03125,2,2token,not_valid_noun
diapers,: Select,-14.03125,2,2token,not_valid_noun
diapers,laundry ...,-14.03125,2,2token,not_valid_noun
diapers,container or,-14.03125,2,2token,not_valid_noun
diapers,textile Finish,-14.03125,2,2token,incomplete_phrase
diapers,skin (,-14.03125,2,2token,not_valid_noun
diapers,favorite,-14.0625,1,single_token,incomplete_phrase
diapers,People,-14.0625,1,single_token,incomplete_phrase
diapers,classi,-14.0625,1,single_token,not_valid_noun
diapers,primary,-14.0625,1,single_token,incomplete_phrase
diapers,wast,-14.0625,1,single_token,not_valid_noun
diapers,impermeable,-14.0625,1,single_token,not_valid_noun
diapers,…… ……,-14.0625,2,2token,not_valid_noun
diapers,__ for,-14.0625,2,2token,not_valid_noun
diapers,- Blank,-14.0625,2,2token,not_valid_noun
diapers,t -,-14.0625,2,2token,not_valid_noun
diapers,plants,-14.0625,1,single_token,not_valid_noun
diapers,= pants,-14.0625,2,2token,not_valid_noun
diapers,�,-14.0625,1,single_token,not_valid_noun
diapers,envelop,-14.0625,1,single_token,not_valid_noun
diapers,= toy,-14.0625,2,2token,not_valid_noun
diapers,ub,-14.0625,1,single_token,not_valid_noun
diapers,the ______,-14.0625,2,2token,not_valid_noun
diapers,the human,-14.0625,2,2token,not_valid_noun
diapers,the children,-14.0625,2,2token,not_valid_noun
diapers,........... ?,-14.0625,2,2token,not_valid_noun
diapers,tal,-14.0625,1,single_token,incomplete_phrase
diapers,_ Clothing,-14.0625,2,2token,not_valid_noun
diapers,bac,-14.0625,1,single_token,incomplete_phrase
diapers,"_ ,",-14.0625,2,2token,not_valid_noun
diapers,Which,-14.0625,1,single_token,not_valid_noun
diapers,rom,-14.0625,1,single_token,not_valid_noun
diapers,buying,-14.0625,1,single_token,not_valid_noun
diapers,hung,-14.0625,1,single_token,not_valid_noun
diapers,shaped,-14.0625,1,single_token,not_valid_noun
diapers,lifestyle,-14.0625,1,single_token,not_valid_noun
diapers,holy,-14.0625,1,single_token,incomplete_phrase
diapers,handmade,-14.0625,1,single_token,not_valid_noun
diapers,ca,-14.0625,1,single_token,not_valid_noun
diapers,private,-14.0625,1,single_token,incomplete_phrase
diapers,taking,-14.0625,1,single_token,incomplete_phrase
diapers,fol,-14.0625,1,single_token,not_valid_noun
diapers,Me,-14.0625,1,single_token,not_valid_noun
diapers,________ or,-14.0625,2,2token,not_valid_noun
diapers,________ in,-14.0625,2,2token,not_valid_noun
diapers,__ ______,-14.0625,2,2token,not_valid_noun
diapers,whe,-14.0625,1,single_token,incomplete_phrase
diapers,</,-14.0625,1,single_token,not_valid_noun
diapers,________ toy,-14.0625,2,2token,not_valid_noun
diapers,pants in,-14.0625,2,2token,not_valid_noun
diapers,whether,-14.0625,1,single_token,not_valid_noun
diapers,stay,-14.0625,1,single_token,incomplete_phrase
diapers,three,-14.0625,1,single_token,incomplete_phrase
diapers,ins,-14.0625,1,single_token,not_valid_noun
diapers,underwear which,-14.0625,2,2token,incomplete_phrase
diapers,underwear Fill,-14.0625,2,2token,not_valid_noun
diapers,.... An,-14.0625,2,2token,not_valid_noun
diapers,the material,-14.0625,2,2token,not_valid_noun
diapers,the kind,-14.0625,2,2token,not_valid_noun
diapers,cra,-14.0625,1,single_token,not_valid_noun
diapers,........... The,-14.0625,2,2token,not_valid_noun
diapers,pal,-14.0625,1,single_token,incomplete_phrase
diapers,food we,-14.0625,2,2token,not_valid_noun
diapers,clean __,-14.0625,2,2token,not_valid_noun
diapers,toy [,-14.0625,2,2token,not_valid_noun
diapers,footwear (,-14.0625,2,2token,not_valid_noun
diapers,toy Set,-14.0625,2,2token,incomplete_phrase
diapers,toy completed,-14.0625,2,2token,not_valid_noun
diapers,M,-14.0625,1,single_token,not_valid_noun
diapers,bo,-14.0625,1,single_token,not_valid_noun
diapers,medical .,-14.0625,2,2token,not_valid_noun
diapers,.... Clothes,-14.0625,2,2token,not_valid_noun
diapers,underwear with,-14.0625,2,2token,incomplete_phrase
diapers,.... We,-14.0625,2,2token,not_valid_noun
diapers,( ________,-14.0625,2,2token,not_valid_noun
diapers,the most,-14.0625,2,2token,not_valid_noun
diapers,( toy,-14.0625,2,2token,not_valid_noun
diapers,sanitation .,-14.0625,2,2token,not_valid_noun
diapers,tow,-14.0625,1,single_token,incomplete_phrase
diapers,- blank,-14.0625,2,2token,not_valid_noun
diapers,to ...,-14.0625,2,2token,not_valid_noun
diapers,ga,-14.0625,1,single_token,not_valid_noun
diapers,........ ...,-14.0625,2,2token,not_valid_noun
diapers,gadgets,-14.0625,1,single_token,not_valid_noun
diapers,…………,-14.0625,2,2token,not_valid_noun
diapers,________ food,-14.0625,2,2token,not_valid_noun
diapers,hats,-14.0625,1,single_token,not_valid_noun
diapers,________ I,-14.0625,2,2token,not_valid_noun
diapers,most,-14.0625,1,single_token,not_valid_noun
diapers,for an,-14.09375,2,2token,not_valid_noun
diapers,item with,-14.09375,2,2token,incomplete_phrase
diapers,What should,-14.09375,2,2token,not_valid_noun
diapers,item people,-14.09375,2,2token,incomplete_phrase
diapers,item necessary,-14.09375,2,2token,incomplete_phrase
diapers,P (,-14.09375,2,2token,not_valid_noun
diapers,help the,-14.09375,2,2token,incomplete_phrase
diapers,babies Complete,-14.09375,2,2token,not_valid_noun
diapers,c,-14.09375,2,2token,not_valid_noun
diapers,things children,-14.09375,2,2token,incomplete_phrase
diapers,candy .,-14.09375,2,2token,not_valid_noun
diapers,What else,-14.09375,2,2token,not_valid_noun
diapers,What other,-14.09375,2,2token,not_valid_noun
diapers,infant hygiene,-14.09375,2,2token,incomplete_phrase
diapers,articles used,-14.09375,2,2token,incomplete_phrase
diapers,babies (,-14.09375,2,2token,not_valid_noun
diapers,type,-14.09375,2,2token,incomplete_phrase
diapers,apparel complete,-14.09375,2,2token,not_valid_noun
diapers,apparel ...,-14.09375,2,2token,not_valid_noun
diapers,......... A,-14.09375,2,2token,not_valid_noun
diapers,.............. A,-14.09375,2,2token,not_valid_noun
diapers,…. Correct,-14.09375,2,2token,not_valid_noun
diapers,......... a,-14.09375,2,2token,not_valid_noun
diapers,protection that,-14.09375,2,2token,incomplete_phrase
diapers,…. We,-14.09375,2,2token,not_valid_noun
diapers,trash .,-14.09375,2,2token,not_valid_noun
diapers,…. clothing,-14.09375,2,2token,not_valid_noun
diapers,apparel and,-14.09375,2,2token,incomplete_phrase
diapers,fruit ....,-14.09375,2,2token,not_valid_noun
diapers,clothe of,-14.125,2,2token,not_valid_noun
diapers,clothe Read,-14.125,2,2token,not_valid_noun
diapers,clothe .....,-14.125,2,2token,not_valid_noun
diapers,tw,-14.125,1,single_token,not_valid_noun
diapers,product manufactured,-14.125,2,2token,incomplete_phrase
diapers,accessory _______,-14.125,2,2token,not_valid_noun
diapers,Infant,-14.125,1,single_token,incomplete_phrase
diapers,atti,-14.125,1,single_token,not_valid_noun
diapers,ans,-14.125,1,single_token,not_valid_noun
diapers,http,-14.125,1,single_token,not_valid_noun
diapers,makes,-14.125,1,single_token,not_valid_noun
diapers,online,-14.125,1,single_token,not_valid_noun
diapers,wear _______,-14.125,2,2token,not_valid_noun
diapers,wear ….,-14.125,2,2token,not_valid_noun
diapers,article [,-14.125,2,2token,not_valid_noun
diapers,poly,-14.125,1,single_token,incomplete_phrase
diapers,doo,-14.125,1,single_token,not_valid_noun
diapers,athletic,-14.125,1,single_token,not_valid_noun
diapers,fibre,-14.125,1,single_token,not_valid_noun
diapers,consume,-14.125,1,single_token,not_valid_noun
diapers,what _______,-14.125,2,2token,not_valid_noun
diapers,___________ and,-14.125,2,2token,not_valid_noun
diapers,___________ _____,-14.125,2,2token,not_valid_noun
diapers,___________ The,-14.125,2,2token,not_valid_noun
diapers,_. This,-14.125,2,2token,not_valid_noun
diapers,flan,-14.125,1,single_token,incomplete_phrase
diapers,ic,-14.125,1,single_token,not_valid_noun
diapers,appli,-14.125,1,single_token,not_valid_noun
diapers,article ___________,-14.125,2,2token,not_valid_noun
diapers,_. .,-14.125,2,2token,not_valid_noun
diapers,article worn,-14.125,2,2token,incomplete_phrase
diapers,product Read,-14.125,2,2token,not_valid_noun
diapers,necessity that,-14.125,2,2token,incomplete_phrase
diapers,n i,-14.125,2,2token,not_valid_noun
diapers,household _____,-14.125,2,2token,not_valid_noun
diapers,….. The,-14.125,2,2token,not_valid_noun
diapers,equipment of,-14.125,2,2token,not_valid_noun
diapers,A diaper,-14.125,2,2token,not_valid_noun
diapers,A pants,-14.125,2,2token,not_valid_noun
diapers,_. Find,-14.125,2,2token,not_valid_noun
diapers,essential household,-14.125,2,2token,incomplete_phrase
diapers,_. You,-14.125,2,2token,not_valid_noun
diapers,_. Read,-14.125,2,2token,not_valid_noun
diapers,waste ______,-14.125,2,2token,not_valid_noun
diapers,waste for,-14.125,2,2token,not_valid_noun
diapers,___________ __________,-14.125,2,2token,not_valid_noun
diapers,what ______,-14.125,2,2token,not_valid_noun
diapers,what a,-14.125,2,2token,not_valid_noun
diapers,da,-14.125,1,single_token,not_valid_noun
diapers,wearing on,-14.125,2,2token,not_valid_noun
diapers,? ________,-14.125,2,2token,not_valid_noun
diapers,? ...,-14.125,2,2token,not_valid_noun
diapers,adult sanitary,-14.125,2,2token,incomplete_phrase
diapers,....... complete,-14.125,2,2token,not_valid_noun
diapers,cookie,-14.125,1,single_token,not_valid_noun
diapers,household Good,-14.125,2,2token,incomplete_phrase
diapers,of child,-14.125,2,2token,not_valid_noun
diapers,of ____,-14.125,2,2token,not_valid_noun
diapers,cloths ...,-14.125,2,2token,not_valid_noun
diapers,ling,-14.125,1,single_token,incomplete_phrase
diapers,keeps,-14.125,1,single_token,not_valid_noun
diapers,...... Write,-14.125,2,2token,not_valid_noun
diapers,...... I,-14.125,2,2token,not_valid_noun
diapers,Cloth Complete,-14.125,2,2token,not_valid_noun
diapers,thing ____,-14.125,2,2token,not_valid_noun
diapers,inse,-14.125,1,single_token,not_valid_noun
diapers,famous,-14.125,1,single_token,not_valid_noun
diapers,ves,-14.125,1,single_token,not_valid_noun
diapers,dry up,-14.125,2,2token,not_valid_noun
diapers,____ _______,-14.125,2,2token,not_valid_noun
diapers,____ Select,-14.125,2,2token,not_valid_noun
diapers,____ _,-14.125,2,2token,not_valid_noun
diapers,household (,-14.125,2,2token,not_valid_noun
diapers,circum,-14.125,1,single_token,not_valid_noun
diapers,thing ....,-14.125,2,2token,not_valid_noun
diapers,thing i,-14.125,2,2token,not_valid_noun
diapers,diaper ..,-14.125,2,2token,not_valid_noun
diapers,diaper Read,-14.125,2,2token,not_valid_noun
diapers,diaper __,-14.125,2,2token,not_valid_noun
diapers,diaper you,-14.125,2,2token,incomplete_phrase
diapers,...',-14.125,1,single_token,not_valid_noun
diapers,hygiene ...,-14.125,2,2token,not_valid_noun
diapers,diaper to,-14.125,2,2token,not_valid_noun
diapers,..... _____,-14.125,2,2token,not_valid_noun
diapers,_______ is,-14.125,2,2token,not_valid_noun
diapers,polluting,-14.125,1,single_token,not_valid_noun
diapers,!.,-14.125,1,single_token,not_valid_noun
diapers,dress …,-14.125,2,2token,not_valid_noun
diapers,extra,-14.125,1,single_token,incomplete_phrase
diapers,Get,-14.125,1,single_token,not_valid_noun
diapers,dress _,-14.125,2,2token,not_valid_noun
diapers,its,-14.125,1,single_token,not_valid_noun
diapers,plast,-14.125,1,single_token,not_valid_noun
diapers,handker,-14.125,1,single_token,not_valid_noun
diapers,wear used,-14.125,2,2token,not_valid_noun
diapers,wear which,-14.125,2,2token,incomplete_phrase
diapers,trousers (,-14.15625,2,2token,not_valid_noun
diapers,cover to,-14.15625,2,2token,not_valid_noun
diapers,cover ...,-14.15625,2,2token,not_valid_noun
diapers,children ____,-14.15625,2,2token,not_valid_noun
diapers,p [,-14.15625,2,2token,not_valid_noun
diapers,p (,-14.15625,2,2token,not_valid_noun
diapers,gift to,-14.15625,2,2token,not_valid_noun
diapers,: Read,-14.15625,2,2token,not_valid_noun
diapers,: blanket,-14.15625,2,2token,not_valid_noun
diapers,used,-14.15625,2,2token,not_valid_noun
diapers,material ...,-14.15625,2,2token,not_valid_noun
diapers,pan (,-14.15625,2,2token,not_valid_noun
diapers,body under,-14.15625,2,2token,incomplete_phrase
diapers,children items,-14.15625,2,2token,not_valid_noun
diapers,children _,-14.15625,2,2token,not_valid_noun
diapers,bathing ...,-14.15625,2,2token,not_valid_noun
diapers,c ________,-14.15625,2,2token,not_valid_noun
diapers,textile ______,-14.15625,2,2token,not_valid_noun
diapers,nutritious,-14.1875,1,single_token,not_valid_noun
diapers,__ fruit,-14.1875,2,2token,not_valid_noun
diapers,= __,-14.1875,2,2token,not_valid_noun
diapers,to help,-14.1875,2,2token,not_valid_noun
diapers,device .,-14.1875,2,2token,not_valid_noun
diapers,under w,-14.1875,2,2token,not_valid_noun
diapers,mon,-14.1875,1,single_token,incomplete_phrase
diapers,_ BLANK,-14.1875,2,2token,not_valid_noun
diapers,___________,-14.1875,2,2token,not_valid_noun
diapers,.... __,-14.1875,2,2token,not_valid_noun
diapers,= food,-14.1875,2,2token,not_valid_noun
diapers,= ...,-14.1875,2,2token,not_valid_noun
diapers,wiping,-14.1875,1,single_token,not_valid_noun
diapers,CLEAN,-14.1875,1,single_token,incomplete_phrase
diapers,ri,-14.1875,1,single_token,not_valid_noun
diapers,cre,-14.1875,1,single_token,not_valid_noun
diapers,before,-14.1875,1,single_token,not_valid_noun
diapers,´,-14.1875,1,single_token,not_valid_noun
diapers,$?,-14.1875,1,single_token,not_valid_noun
diapers,_,-14.1875,2,2token,not_valid_noun
diapers,stuff used,-14.1875,2,2token,incomplete_phrase
diapers,paper in,-14.1875,2,2token,not_valid_noun
diapers,paper ______,-14.1875,2,2token,not_valid_noun
diapers,= of,-14.1875,2,2token,not_valid_noun
diapers,= A,-14.1875,2,2token,not_valid_noun
diapers,= _,-14.1875,2,2token,not_valid_noun
diapers,plastic (,-14.1875,2,2token,not_valid_noun
diapers,W,-14.1875,1,single_token,not_valid_noun
diapers,________ -,-14.1875,2,2token,not_valid_noun
diapers,.... There,-14.1875,2,2token,not_valid_noun
diapers,.... are,-14.1875,2,2token,not_valid_noun
diapers,food which,-14.1875,2,2token,incomplete_phrase
diapers,food :,-14.1875,2,2token,not_valid_noun
diapers,food with,-14.1875,2,2token,incomplete_phrase
diapers,_,-14.1875,2,2token,not_valid_noun
diapers,specific,-14.1875,1,single_token,incomplete_phrase
diapers,required,-14.1875,1,single_token,not_valid_noun
diapers,pur,-14.1875,1,single_token,incomplete_phrase
diapers,around,-14.1875,1,single_token,not_valid_noun
diapers,Is,-14.1875,1,single_token,not_valid_noun
diapers,____________ A,-14.1875,2,2token,not_valid_noun
diapers,____________ of,-14.1875,2,2token,not_valid_noun
diapers,_ ..,-14.1875,2,2token,not_valid_noun
diapers,_ Read,-14.1875,2,2token,not_valid_noun
diapers,_ item,-14.1875,2,2token,not_valid_noun
diapers,_ I,-14.1875,2,2token,not_valid_noun
diapers,.... Explain,-14.1875,2,2token,not_valid_noun
diapers,....,-14.1875,2,2token,not_valid_noun
diapers,paper _______,-14.1875,2,2token,not_valid_noun
diapers,clean the,-14.1875,2,2token,incomplete_phrase
diapers,food used,-14.1875,2,2token,incomplete_phrase
diapers,food Read,-14.1875,2,2token,not_valid_noun
diapers,underwear of,-14.1875,2,2token,not_valid_noun
diapers,underwear :,-14.1875,2,2token,not_valid_noun
diapers,underwear /,-14.1875,2,2token,not_valid_noun
diapers,stretch,-14.1875,1,single_token,incomplete_phrase
diapers,gifts,-14.1875,1,single_token,not_valid_noun
diapers,swear,-14.1875,1,single_token,not_valid_noun
diapers,classified,-14.1875,1,single_token,incomplete_phrase
diapers,clean baby,-14.1875,2,2token,incomplete_phrase
diapers,the underwear,-14.1875,2,2token,not_valid_noun
diapers,the ________,-14.1875,2,2token,not_valid_noun
diapers,the fruit,-14.1875,2,2token,not_valid_noun
diapers,the first,-14.1875,2,2token,not_valid_noun
diapers,boxes,-14.1875,1,single_token,not_valid_noun
diapers,food is,-14.1875,2,2token,not_valid_noun
diapers,clean ____,-14.1875,2,2token,not_valid_noun
diapers,nit,-14.1875,1,single_token,incomplete_phrase
diapers,Rub,-14.1875,1,single_token,incomplete_phrase
diapers,Thi,-14.1875,1,single_token,not_valid_noun
diapers,........... complete,-14.1875,2,2token,not_valid_noun
diapers,maternal,-14.1875,1,single_token,not_valid_noun
diapers,parental,-14.1875,1,single_token,not_valid_noun
diapers,underwear ______,-14.1875,2,2token,not_valid_noun
diapers,mammals,-14.1875,1,single_token,not_valid_noun
diapers,underwear .....,-14.1875,2,2token,not_valid_noun
diapers,underwear fruit,-14.1875,2,2token,incomplete_phrase
diapers,underwear …,-14.1875,2,2token,not_valid_noun
diapers,…… I,-14.1875,2,2token,not_valid_noun
diapers,……,-14.1875,2,2token,not_valid_noun
diapers,__ _____,-14.1875,2,2token,not_valid_noun
diapers,= _______,-14.1875,2,2token,not_valid_noun
diapers,= Fill,-14.1875,2,2token,not_valid_noun
diapers,articles or,-14.21875,2,2token,not_valid_noun
diapers,for newborn,-14.21875,2,2token,not_valid_noun
diapers,for little,-14.21875,2,2token,not_valid_noun
diapers,worn in,-14.21875,2,2token,not_valid_noun
diapers,towel ...,-14.21875,2,2token,not_valid_noun
diapers,washing for,-14.21875,2,2token,not_valid_noun
diapers,item at,-14.21875,2,2token,not_valid_noun
diapers,", i",-14.21875,2,2token,not_valid_noun
diapers,", wear",-14.21875,2,2token,not_valid_noun
diapers,", fruit",-14.21875,2,2token,not_valid_noun
diapers,item _______,-14.21875,2,2token,not_valid_noun
diapers,worn for,-14.21875,2,2token,not_valid_noun
diapers,help when,-14.21875,2,2token,not_valid_noun
diapers,", it",-14.21875,2,2token,not_valid_noun
diapers,fruit in,-14.21875,2,2token,not_valid_noun
diapers,fruit complete,-14.21875,2,2token,not_valid_noun
diapers,", _____",-14.21875,2,2token,not_valid_noun
diapers,bottle (,-14.21875,2,2token,not_valid_noun
diapers,diapers .,-14.21875,2,2token,not_valid_noun
diapers,babies accessories,-14.21875,2,2token,not_valid_noun
diapers,…. Find,-14.21875,2,2token,not_valid_noun
diapers,medicine .,-14.21875,2,2token,not_valid_noun
diapers,babies,-14.21875,2,2token,not_valid_noun
diapers,wearable fashion,-14.21875,2,2token,incomplete_phrase
diapers,wearable ...,-14.21875,2,2token,not_valid_noun
diapers,", Clean",-14.21875,2,2token,not_valid_noun
diapers,What was,-14.21875,2,2token,not_valid_noun
diapers,help me,-14.21875,2,2token,not_valid_noun
diapers,............... clothes,-14.21875,2,2token,not_valid_noun
diapers,............... The,-14.21875,2,2token,not_valid_noun
diapers,pant that,-14.21875,2,2token,incomplete_phrase
diapers,pant ...,-14.21875,2,2token,not_valid_noun
diapers,", in",-14.21875,2,2token,not_valid_noun
diapers,¿,-14.25,1,single_token,not_valid_noun
diapers,mac,-14.25,1,single_token,incomplete_phrase
diapers,wear [,-14.25,2,2token,not_valid_noun
diapers,CHILD,-14.25,1,single_token,incomplete_phrase
diapers,Anna,-14.25,1,single_token,incomplete_phrase
diapers,Need,-14.25,1,single_token,incomplete_phrase
diapers,arte,-14.25,1,single_token,not_valid_noun
diapers,gard,-14.25,1,single_token,not_valid_noun
diapers,pis,-14.25,1,single_token,not_valid_noun
diapers,opposite,-14.25,1,single_token,incomplete_phrase
diapers,[.,-14.25,1,single_token,not_valid_noun
diapers,...... Select,-14.25,2,2token,not_valid_noun
diapers,Swe,-14.25,1,single_token,not_valid_noun
diapers,clothe ….,-14.25,2,2token,not_valid_noun
diapers,professional,-14.25,1,single_token,incomplete_phrase
diapers,consumables,-14.25,1,single_token,not_valid_noun
diapers,smelly,-14.25,1,single_token,not_valid_noun
diapers,of cloths,-14.25,2,2token,not_valid_noun
diapers,of _______,-14.25,2,2token,not_valid_noun
diapers,adult n,-14.25,2,2token,not_valid_noun
diapers,adult personal,-14.25,2,2token,incomplete_phrase
diapers,adult _______,-14.25,2,2token,not_valid_noun
diapers,....... ...,-14.25,2,2token,not_valid_noun
diapers,____ fill,-14.25,2,2token,not_valid_noun
diapers,____ clothing,-14.25,2,2token,not_valid_noun
diapers,sur,-14.25,1,single_token,incomplete_phrase
diapers,→,-14.25,1,single_token,not_valid_noun
diapers,dress /,-14.25,2,2token,not_valid_noun
diapers,clothe _______,-14.25,2,2token,not_valid_noun
diapers,sweets,-14.25,1,single_token,not_valid_noun
diapers,clothe s,-14.25,2,2token,not_valid_noun
diapers,____ that,-14.25,2,2token,not_valid_noun
diapers,thing ______,-14.25,2,2token,not_valid_noun
diapers,ki,-14.25,1,single_token,not_valid_noun
diapers,____ or,-14.25,2,2token,not_valid_noun
diapers,self,-14.25,1,single_token,incomplete_phrase
diapers,early,-14.25,1,single_token,not_valid_noun
diapers,____ The,-14.25,2,2token,not_valid_noun
diapers,cotton (,-14.25,2,2token,not_valid_noun
diapers,problems,-14.25,1,single_token,not_valid_noun
diapers,section,-14.25,1,single_token,incomplete_phrase
diapers,Cloth (,-14.25,2,2token,not_valid_noun
diapers,____ complete,-14.25,2,2token,not_valid_noun
diapers,Uns,-14.25,1,single_token,not_valid_noun
diapers,thrown,-14.25,1,single_token,not_valid_noun
diapers,colored,-14.25,1,single_token,incomplete_phrase
diapers,hypo,-14.25,1,single_token,incomplete_phrase
diapers,sna,-14.25,1,single_token,not_valid_noun
diapers,of object,-14.25,2,2token,not_valid_noun
diapers,of something,-14.25,2,2token,not_valid_noun
diapers,Pull,-14.25,1,single_token,incomplete_phrase
diapers,Gir,-14.25,1,single_token,not_valid_noun
diapers,nurses,-14.25,1,single_token,not_valid_noun
diapers,drying,-14.25,1,single_token,not_valid_noun
diapers,cleaned,-14.25,1,single_token,not_valid_noun
diapers,product _____,-14.25,2,2token,not_valid_noun
diapers,lazy,-14.25,1,single_token,not_valid_noun
diapers,accessory Read,-14.25,2,2token,not_valid_noun
diapers,product ______,-14.25,2,2token,not_valid_noun
diapers,real,-14.25,1,single_token,incomplete_phrase
diapers,product /,-14.25,2,2token,not_valid_noun
diapers,New,-14.25,1,single_token,not_valid_noun
diapers,should,-14.25,1,single_token,not_valid_noun
diapers,adult,-14.25,2,2token,incomplete_phrase
diapers,him,-14.25,1,single_token,not_valid_noun
diapers,thing _____,-14.25,2,2token,not_valid_noun
diapers,..... diapers,-14.25,2,2token,not_valid_noun
diapers,____ I,-14.25,2,2token,not_valid_noun
diapers,..... ______,-14.25,2,2token,not_valid_noun
diapers,Each,-14.25,1,single_token,incomplete_phrase
diapers,industrial,-14.25,1,single_token,not_valid_noun
diapers,aden,-14.25,1,single_token,not_valid_noun
diapers,absorbing,-14.25,1,single_token,not_valid_noun
diapers,Toilet,-14.25,1,single_token,incomplete_phrase
diapers,prot,-14.25,1,single_token,not_valid_noun
diapers,n ______,-14.25,2,2token,not_valid_noun
diapers,n _________,-14.25,2,2token,not_valid_noun
diapers,Hanna,-14.25,1,single_token,incomplete_phrase
diapers,Outer,-14.25,1,single_token,incomplete_phrase
diapers,cro,-14.25,1,single_token,incomplete_phrase
diapers,active,-14.25,1,single_token,incomplete_phrase
diapers,Play,-14.25,1,single_token,incomplete_phrase
diapers,bi,-14.25,1,single_token,not_valid_noun
diapers,,-14.25,1,single_token,not_valid_noun
diapers,goes,-14.25,1,single_token,incomplete_phrase
diapers,,-14.25,1,single_token,not_valid_noun
diapers,Other,-14.25,1,single_token,not_valid_noun
diapers,dress :,-14.25,2,2token,not_valid_noun
diapers,hygiene or,-14.25,2,2token,not_valid_noun
diapers,diaper of,-14.25,2,2token,not_valid_noun
diapers,wash and,-14.25,2,2token,not_valid_noun
diapers,..... You,-14.25,2,2token,not_valid_noun
diapers,..... ....,-14.25,2,2token,not_valid_noun
diapers,..... Clothes,-14.25,2,2token,not_valid_noun
diapers,con,-14.25,1,single_token,incomplete_phrase
diapers,dress ….,-14.25,2,2token,not_valid_noun
diapers,thing worn,-14.25,2,2token,incomplete_phrase
diapers,hygiene related,-14.25,2,2token,incomplete_phrase
diapers,al,-14.25,1,single_token,not_valid_noun
diapers,ver,-14.25,1,single_token,not_valid_noun
diapers,pid,-14.25,1,single_token,not_valid_noun
diapers,garb Complete,-14.25,2,2token,not_valid_noun
diapers,has,-14.25,1,single_token,not_valid_noun
diapers,garbage (,-14.25,2,2token,not_valid_noun
diapers,cont,-14.25,1,single_token,not_valid_noun
diapers,to do,-14.25,2,2token,not_valid_noun
diapers,_. Please,-14.25,2,2token,not_valid_noun
diapers,article necessary,-14.25,2,2token,incomplete_phrase
diapers,tangible,-14.25,1,single_token,not_valid_noun
diapers,household ...,-14.25,2,2token,not_valid_noun
diapers,.. fruit,-14.25,2,2token,not_valid_noun
diapers,equipment needed,-14.25,2,2token,incomplete_phrase
diapers,equipment or,-14.25,2,2token,not_valid_noun
diapers,A A,-14.25,2,2token,not_valid_noun
diapers,waste ____,-14.25,2,2token,not_valid_noun
diapers,%{,-14.25,1,single_token,not_valid_noun
diapers,article called,-14.25,2,2token,incomplete_phrase
diapers,giant,-14.25,1,single_token,incomplete_phrase
diapers,lucky,-14.25,1,single_token,not_valid_noun
diapers,product with,-14.25,2,2token,incomplete_phrase
diapers,pros,-14.25,1,single_token,not_valid_noun
diapers,developing,-14.25,1,single_token,not_valid_noun
diapers,solve,-14.25,1,single_token,not_valid_noun
diapers,lady,-14.25,1,single_token,incomplete_phrase
diapers,xx,-14.25,1,single_token,not_valid_noun
diapers,article ____________,-14.25,2,2token,not_valid_noun
diapers,toal,-14.25,1,single_token,not_valid_noun
diapers,gre,-14.25,1,single_token,not_valid_noun
diapers,ent,-14.25,1,single_token,not_valid_noun
diapers,bag Read,-14.25,2,2token,not_valid_noun
diapers,bag Full,-14.25,2,2token,incomplete_phrase
diapers,bag _______,-14.25,2,2token,not_valid_noun
diapers,bag Fill,-14.25,2,2token,not_valid_noun
diapers,essential piece,-14.25,2,2token,incomplete_phrase
diapers,___________ that,-14.25,2,2token,not_valid_noun
diapers,automatic,-14.25,1,single_token,incomplete_phrase
diapers,available,-14.25,1,single_token,not_valid_noun
diapers,sure,-14.25,1,single_token,not_valid_noun
diapers,later,-14.25,1,single_token,not_valid_noun
diapers,become,-14.25,1,single_token,not_valid_noun
diapers,q,-14.25,1,single_token,not_valid_noun
diapers,care (,-14.25,2,2token,not_valid_noun
diapers,product is,-14.25,2,2token,not_valid_noun
diapers,blank BLANK,-14.25,2,2token,incomplete_phrase
diapers,.),-14.25,1,single_token,not_valid_noun
diapers,bandages,-14.25,1,single_token,not_valid_noun
diapers,unif,-14.25,1,single_token,not_valid_noun
diapers,eg,-14.25,1,single_token,not_valid_noun
diapers,carriers,-14.25,1,single_token,not_valid_noun
diapers,Apr,-14.25,1,single_token,incomplete_phrase
diapers,☐,-14.25,1,single_token,not_valid_noun
diapers,reproductive,-14.25,1,single_token,incomplete_phrase
diapers,col,-14.25,1,single_token,incomplete_phrase
diapers,af,-14.25,1,single_token,not_valid_noun
diapers,che,-14.25,1,single_token,incomplete_phrase
diapers,hous,-14.25,1,single_token,incomplete_phrase
diapers,lan,-14.25,1,single_token,incomplete_phrase
diapers,unusable,-14.25,1,single_token,not_valid_noun
diapers,under ...,-14.25,2,2token,not_valid_noun
diapers,environmental,-14.25,1,single_token,not_valid_noun
diapers,damp,-14.25,1,single_token,incomplete_phrase
diapers,pru,-14.25,1,single_token,not_valid_noun
diapers,filler,-14.25,1,single_token,not_valid_noun
diapers,miscellaneous,-14.25,1,single_token,not_valid_noun
diapers,belongings,-14.25,1,single_token,not_valid_noun
diapers,assis,-14.25,1,single_token,incomplete_phrase
diapers,+.,-14.25,1,single_token,not_valid_noun
diapers,Sanitary,-14.25,1,single_token,not_valid_noun
diapers,,-14.25,1,single_token,not_valid_noun
diapers,wasteful,-14.25,1,single_token,not_valid_noun
diapers,wear of,-14.25,2,2token,not_valid_noun
diapers,garde,-14.25,1,single_token,not_valid_noun
diapers,Essential,-14.25,1,single_token,incomplete_phrase
diapers,unused,-14.25,1,single_token,not_valid_noun
diapers,underneath,-14.25,1,single_token,not_valid_noun
diapers,children ______,-14.28125,2,2token,not_valid_noun
diapers,children _______,-14.28125,2,2token,not_valid_noun
diapers,cover the,-14.28125,2,2token,incomplete_phrase
diapers,sanitary (,-14.28125,2,2token,not_valid_noun
diapers,used ______,-14.28125,2,2token,not_valid_noun
diapers,uniform (,-14.28125,2,2token,not_valid_noun
diapers,cover Complete,-14.28125,2,2token,not_valid_noun
diapers,used when,-14.28125,2,2token,not_valid_noun
diapers,: Clean,-14.28125,2,2token,not_valid_noun
diapers,an important,-14.28125,2,2token,not_valid_noun
diapers,bathroom ____,-14.28125,2,2token,not_valid_noun
diapers,an _______,-14.28125,2,2token,not_valid_noun
diapers,something called,-14.28125,2,2token,incomplete_phrase
diapers,an ____,-14.28125,2,2token,not_valid_noun
diapers,an clothing,-14.28125,2,2token,not_valid_noun
diapers,something I,-14.28125,2,2token,not_valid_noun
diapers,attire .,-14.28125,2,2token,not_valid_noun
diapers,material from,-14.28125,2,2token,incomplete_phrase
diapers,material you,-14.28125,2,2token,incomplete_phrase
diapers,material and,-14.28125,2,2token,incomplete_phrase
diapers,: the,-14.28125,2,2token,not_valid_noun
diapers,": ,",-14.28125,2,2token,not_valid_noun
diapers,laundry ________,-14.28125,2,2token,not_valid_noun
diapers,skin and,-14.28125,2,2token,incomplete_phrase
diapers,_{,-14.3125,1,single_token,not_valid_noun
diapers,sometimes,-14.3125,1,single_token,not_valid_noun
diapers,traditional,-14.3125,1,single_token,not_valid_noun
diapers,ages,-14.3125,1,single_token,not_valid_noun
diapers,........ food,-14.3125,2,2token,not_valid_noun
diapers,........ Write,-14.3125,2,2token,not_valid_noun
diapers,part that,-14.3125,2,2token,incomplete_phrase
diapers,fruit that,-14.3125,2,2token,incomplete_phrase
diapers,written,-14.3125,1,single_token,not_valid_noun
diapers,........ complete,-14.3125,2,2token,not_valid_noun
diapers,reading,-14.3125,1,single_token,not_valid_noun
diapers,kil,-14.3125,1,single_token,not_valid_noun
diapers,Kid,-14.3125,1,single_token,not_valid_noun
diapers,- noun,-14.3125,2,2token,not_valid_noun
diapers,underwear a,-14.3125,2,2token,not_valid_noun
diapers,toilet Articles,-14.3125,2,2token,incomplete_phrase
diapers,underwear is,-14.3125,2,2token,not_valid_noun
diapers,underwear are,-14.3125,2,2token,incomplete_phrase
diapers,cleaning ...,-14.3125,2,2token,not_valid_noun
diapers,stuff (,-14.3125,2,2token,not_valid_noun
diapers,generic,-14.3125,1,single_token,incomplete_phrase
diapers,Aid,-14.3125,1,single_token,not_valid_noun
diapers,Ost,-14.3125,1,single_token,not_valid_noun
diapers,hat Complete,-14.3125,2,2token,not_valid_noun
diapers,device Complete,-14.3125,2,2token,not_valid_noun
diapers,mun,-14.3125,1,single_token,incomplete_phrase
diapers,precious,-14.3125,1,single_token,not_valid_noun
diapers,wrapper around,-14.3125,2,2token,incomplete_phrase
diapers,( Blank,-14.3125,2,2token,not_valid_noun
diapers,shirt and,-14.3125,2,2token,incomplete_phrase
diapers,=[,-14.3125,1,single_token,not_valid_noun
diapers,nurturing,-14.3125,1,single_token,not_valid_noun
diapers,].,-14.3125,1,single_token,not_valid_noun
diapers,the house,-14.3125,2,2token,not_valid_noun
diapers,the answer,-14.3125,2,2token,not_valid_noun
diapers,( diaper,-14.3125,2,2token,not_valid_noun
diapers,ang,-14.3125,1,single_token,not_valid_noun
diapers,bir,-14.3125,1,single_token,not_valid_noun
diapers,looking,-14.3125,1,single_token,incomplete_phrase
diapers,particular,-14.3125,1,single_token,incomplete_phrase
diapers,usually,-14.3125,1,single_token,not_valid_noun
diapers,........... clothes,-14.3125,2,2token,not_valid_noun
diapers,th,-14.3125,1,single_token,not_valid_noun
diapers,Ind,-14.3125,1,single_token,incomplete_phrase
diapers,pants ____,-14.3125,2,2token,not_valid_noun
diapers,pants ________,-14.3125,2,2token,not_valid_noun
diapers,= baby,-14.3125,2,2token,not_valid_noun
diapers,food Fill,-14.3125,2,2token,not_valid_noun
diapers,________ are,-14.3125,2,2token,not_valid_noun
diapers,________ fruit,-14.3125,2,2token,not_valid_noun
diapers,clean a,-14.3125,2,2token,not_valid_noun
diapers,textile ____,-14.3125,2,2token,not_valid_noun
diapers,pants with,-14.3125,2,2token,incomplete_phrase
diapers,pants a,-14.3125,2,2token,not_valid_noun
diapers,________ Choose,-14.3125,2,2token,not_valid_noun
diapers,…… …,-14.3125,2,2token,not_valid_noun
diapers,…… Write,-14.3125,2,2token,not_valid_noun
diapers,__ that,-14.3125,2,2token,not_valid_noun
diapers,__ wear,-14.3125,2,2token,not_valid_noun
diapers,sock (,-14.3125,2,2token,not_valid_noun
diapers,", is",-14.34375,2,2token,not_valid_noun
diapers,", are",-14.34375,2,2token,not_valid_noun
diapers,form .,-14.34375,2,2token,not_valid_noun
diapers,…. …,-14.34375,2,2token,not_valid_noun
diapers,…. If,-14.34375,2,2token,not_valid_noun
diapers,this Complete,-14.34375,2,2token,not_valid_noun
diapers,…. Match,-14.34375,2,2token,not_valid_noun
diapers,…. Select,-14.34375,2,2token,not_valid_noun
diapers,rag (,-14.34375,2,2token,not_valid_noun
diapers,............... ?,-14.34375,2,2token,not_valid_noun
diapers,blanket or,-14.34375,2,2token,not_valid_noun
diapers,............... What,-14.34375,2,2token,not_valid_noun
diapers,for humans,-14.34375,2,2token,not_valid_noun
diapers,…. There,-14.34375,2,2token,not_valid_noun
diapers,…. When,-14.34375,2,2token,not_valid_noun
diapers,What part,-14.34375,2,2token,not_valid_noun
diapers,invention .,-14.34375,2,2token,not_valid_noun
diapers,What fruit,-14.34375,2,2token,not_valid_noun
diapers,apparel to,-14.34375,2,2token,not_valid_noun
diapers,item ________,-14.34375,2,2token,not_valid_noun
diapers,help a,-14.34375,2,2token,not_valid_noun
diapers,What a,-14.34375,2,2token,not_valid_noun
diapers,infant ...,-14.34375,2,2token,not_valid_noun
diapers,washing ...,-14.34375,2,2token,not_valid_noun
diapers,What color,-14.34375,2,2token,not_valid_noun
diapers,What we,-14.34375,2,2token,not_valid_noun
diapers,accessory a,-14.375,2,2token,not_valid_noun
diapers,Class,-14.375,1,single_token,incomplete_phrase
diapers,trou,-14.375,1,single_token,not_valid_noun
diapers,_. Select,-14.375,2,2token,not_valid_noun
diapers,hygiene prod,-14.375,2,2token,incomplete_phrase
diapers,cloths used,-14.375,2,2token,incomplete_phrase
diapers,Cloth or,-14.375,2,2token,not_valid_noun
diapers,_. When,-14.375,2,2token,not_valid_noun
diapers,accessory ____,-14.375,2,2token,not_valid_noun
diapers,product produced,-14.375,2,2token,incomplete_phrase
diapers,product designed,-14.375,2,2token,incomplete_phrase
diapers,...... Answer,-14.375,2,2token,not_valid_noun
diapers,_. Draw,-14.375,2,2token,not_valid_noun
diapers,what they,-14.375,2,2token,not_valid_noun
diapers,accessory ______,-14.375,2,2token,not_valid_noun
diapers,sart,-14.375,1,single_token,not_valid_noun
diapers,hank,-14.375,1,single_token,incomplete_phrase
diapers,contri,-14.375,1,single_token,not_valid_noun
diapers,={,-14.375,1,single_token,not_valid_noun
diapers,,-14.375,1,single_token,not_valid_noun
diapers,…”,-14.375,1,single_token,not_valid_noun
diapers,cuddly,-14.375,1,single_token,not_valid_noun
diapers,nat,-14.375,1,single_token,incomplete_phrase
diapers,.. Use,-14.375,2,2token,not_valid_noun
diapers,.. Write,-14.375,2,2token,not_valid_noun
diapers,.. In,-14.375,2,2token,not_valid_noun
diapers,_. We,-14.375,2,2token,not_valid_noun
diapers,_. _,-14.375,2,2token,not_valid_noun
diapers,socc,-14.375,1,single_token,not_valid_noun
diapers,waste _____,-14.375,2,2token,not_valid_noun
diapers,waste produced,-14.375,2,2token,incomplete_phrase
diapers,....... Choose,-14.375,2,2token,not_valid_noun
diapers,____ __,-14.375,2,2token,not_valid_noun
diapers,object which,-14.375,2,2token,incomplete_phrase
diapers,water Complete,-14.375,2,2token,not_valid_noun
diapers,snacks,-14.375,1,single_token,not_valid_noun
diapers,xi,-14.375,1,single_token,not_valid_noun
diapers,of protection,-14.375,2,2token,not_valid_noun
diapers,essentials,-14.375,1,single_token,not_valid_noun
diapers,of ....,-14.375,2,2token,not_valid_noun
diapers,object you,-14.375,2,2token,incomplete_phrase
diapers,of fruit,-14.375,2,2token,not_valid_noun
diapers,of articles,-14.375,2,2token,not_valid_noun
diapers,Bath,-14.375,1,single_token,incomplete_phrase
diapers,what word,-14.375,2,2token,not_valid_noun
diapers,,-14.375,1,single_token,not_valid_noun
diapers,_. ________,-14.375,2,2token,not_valid_noun
diapers,product related,-14.375,2,2token,incomplete_phrase
diapers,what else,-14.375,2,2token,not_valid_noun
diapers,_. __,-14.375,2,2token,not_valid_noun
diapers,_. There,-14.375,2,2token,not_valid_noun
diapers,...... food,-14.375,2,2token,not_valid_noun
diapers,mus,-14.375,1,single_token,incomplete_phrase
diapers,fashion (,-14.375,2,2token,not_valid_noun
diapers,wear /,-14.375,2,2token,not_valid_noun
diapers,adult use,-14.375,2,2token,incomplete_phrase
diapers,adult toile,-14.375,2,2token,incomplete_phrase
diapers,thing and,-14.375,2,2token,incomplete_phrase
diapers,..... is,-14.375,2,2token,not_valid_noun
diapers,shapes,-14.375,1,single_token,not_valid_noun
diapers,unusual,-14.375,1,single_token,not_valid_noun
diapers,dress is,-14.375,2,2token,not_valid_noun
diapers,machines,-14.375,1,single_token,not_valid_noun
diapers,putting,-14.375,1,single_token,not_valid_noun
diapers,coll,-14.375,1,single_token,incomplete_phrase
diapers,cla,-14.375,1,single_token,not_valid_noun
diapers,atta,-14.375,1,single_token,incomplete_phrase
diapers,tes,-14.375,1,single_token,not_valid_noun
diapers,tight,-14.375,1,single_token,not_valid_noun
diapers,cling,-14.375,1,single_token,incomplete_phrase
diapers,wear ______,-14.375,2,2token,not_valid_noun
diapers,bag made,-14.375,2,2token,incomplete_phrase
diapers,bag which,-14.375,2,2token,incomplete_phrase
diapers,clothe Continue,-14.375,2,2token,not_valid_noun
diapers,red,-14.375,1,single_token,not_valid_noun
diapers,pages,-14.375,1,single_token,not_valid_noun
diapers,? Correct,-14.375,2,2token,not_valid_noun
diapers,A ____,-14.375,2,2token,not_valid_noun
diapers,bag you,-14.375,2,2token,incomplete_phrase
diapers,article o,-14.375,2,2token,not_valid_noun
diapers,..... COMPLETE,-14.375,2,2token,not_valid_noun
diapers,..... Match,-14.375,2,2token,not_valid_noun
diapers,snack for,-14.375,2,2token,incomplete_phrase
diapers,article Of,-14.375,2,2token,not_valid_noun
diapers,....... Read,-14.375,2,2token,not_valid_noun
diapers,ns,-14.375,1,single_token,not_valid_noun
diapers,elementary,-14.375,1,single_token,incomplete_phrase
diapers,personal health,-14.40625,2,2token,incomplete_phrase
diapers,sanitary …,-14.40625,2,2token,not_valid_noun
diapers,cover all,-14.40625,2,2token,incomplete_phrase
diapers,[ Blank,-14.40625,2,2token,not_valid_noun
diapers,p _________,-14.40625,2,2token,not_valid_noun
diapers,need (,-14.40625,2,2token,not_valid_noun
diapers,an ...,-14.40625,2,2token,not_valid_noun
diapers,personal grooming,-14.40625,2,2token,incomplete_phrase
diapers,: -,-14.40625,2,2token,not_valid_noun
diapers,:,-14.40625,2,2token,not_valid_noun
diapers,animal .,-14.40625,2,2token,not_valid_noun
diapers,bathing,-14.40625,2,2token,incomplete_phrase
diapers,material ________,-14.40625,2,2token,not_valid_noun
diapers,attire for,-14.40625,2,2token,incomplete_phrase
diapers,personal ...,-14.40625,2,2token,not_valid_noun
diapers,used toilet,-14.40625,2,2token,incomplete_phrase
diapers,clean -,-14.4375,2,2token,not_valid_noun
diapers,........ Read,-14.4375,2,2token,not_valid_noun
diapers,__ underwear,-14.4375,2,2token,not_valid_noun
diapers,food ….,-14.4375,2,2token,not_valid_noun
diapers,underwear Correct,-14.4375,2,2token,not_valid_noun
diapers,food Answer,-14.4375,2,2token,not_valid_noun
diapers,wash ...,-14.4375,2,2token,not_valid_noun
diapers,underwear Read,-14.4375,2,2token,not_valid_noun
diapers,____________ and,-14.4375,2,2token,not_valid_noun
diapers,____________ that,-14.4375,2,2token,not_valid_noun
diapers,____________ ____,-14.4375,2,2token,not_valid_noun
diapers,________ _,-14.4375,2,2token,not_valid_noun
diapers,G,-14.4375,1,single_token,not_valid_noun
diapers,________ is,-14.4375,2,2token,not_valid_noun
diapers,…… Clothes,-14.4375,2,2token,not_valid_noun
diapers,…… How,-14.4375,2,2token,not_valid_noun
diapers,footwear for,-14.4375,2,2token,incomplete_phrase
diapers,( article,-14.4375,2,2token,not_valid_noun
diapers,( ____,-14.4375,2,2token,not_valid_noun
diapers,measures,-14.4375,1,single_token,not_valid_noun
diapers,to me,-14.4375,2,2token,not_valid_noun
diapers,n (,-14.4375,2,2token,not_valid_noun
diapers,- _____,-14.4375,2,2token,not_valid_noun
diapers,………… (,-14.4375,2,2token,not_valid_noun
diapers,hold,-14.4375,1,single_token,incomplete_phrase
diapers,ir,-14.4375,1,single_token,not_valid_noun
diapers,low,-14.4375,1,single_token,incomplete_phrase
diapers,mom,-14.4375,1,single_token,not_valid_noun
diapers,contains,-14.4375,1,single_token,not_valid_noun
diapers,san,-14.4375,1,single_token,incomplete_phrase
diapers,underwear The,-14.4375,2,2token,incomplete_phrase
diapers,textile Product,-14.4375,2,2token,incomplete_phrase
diapers,n ____,-14.4375,2,2token,not_valid_noun
diapers,textile in,-14.4375,2,2token,not_valid_noun
diapers,sold,-14.4375,1,single_token,not_valid_noun
diapers,food …,-14.4375,2,2token,not_valid_noun
diapers,Kind,-14.4375,1,single_token,incomplete_phrase
diapers,food on,-14.4375,2,2token,not_valid_noun
diapers,food of,-14.4375,2,2token,not_valid_noun
diapers,homes,-14.4375,1,single_token,not_valid_noun
diapers,lack,-14.4375,1,single_token,incomplete_phrase
diapers,broken,-14.4375,1,single_token,not_valid_noun
diapers,hos,-14.4375,1,single_token,not_valid_noun
diapers,- ____,-14.4375,2,2token,not_valid_noun
diapers,- of,-14.4375,2,2token,not_valid_noun
diapers,- toy,-14.4375,2,2token,not_valid_noun
diapers,station,-14.4375,1,single_token,incomplete_phrase
diapers,под,-14.4375,1,single_token,not_valid_noun
diapers,textile which,-14.4375,2,2token,incomplete_phrase
diapers,unter,-14.4375,1,single_token,not_valid_noun
diapers,pants ______,-14.4375,2,2token,not_valid_noun
diapers,pants -,-14.4375,2,2token,not_valid_noun
diapers,se,-14.4375,1,single_token,not_valid_noun
diapers,para,-14.4375,1,single_token,incomplete_phrase
diapers,second,-14.4375,1,single_token,incomplete_phrase
diapers,the diaper,-14.4375,2,2token,not_valid_noun
diapers,trink,-14.4375,1,single_token,not_valid_noun
diapers,the _______,-14.4375,2,2token,not_valid_noun
diapers,digestive,-14.4375,1,single_token,incomplete_phrase
diapers,knitted,-14.4375,1,single_token,not_valid_noun
diapers,:],-14.4375,1,single_token,not_valid_noun
diapers,cassette,-14.4375,1,single_token,not_valid_noun
diapers,Clothing ...,-14.4375,2,2token,not_valid_noun
diapers,______,-14.4375,2,2token,not_valid_noun
diapers,"=""",-14.4375,1,single_token,not_valid_noun
diapers,sized,-14.4375,1,single_token,not_valid_noun
diapers,Ex,-14.4375,1,single_token,not_valid_noun
diapers,Ad,-14.4375,1,single_token,not_valid_noun
diapers,inv,-14.4375,1,single_token,not_valid_noun
diapers,full,-14.4375,1,single_token,incomplete_phrase
diapers,the verb,-14.4375,2,2token,not_valid_noun
diapers,__ material,-14.4375,2,2token,not_valid_noun
diapers,__ -,-14.4375,2,2token,not_valid_noun
diapers,the paper,-14.4375,2,2token,not_valid_noun
diapers,the world,-14.4375,2,2token,not_valid_noun
diapers,giy,-14.4375,1,single_token,not_valid_noun
diapers,…… Answer,-14.4375,2,2token,not_valid_noun
diapers,…… Select,-14.4375,2,2token,not_valid_noun
diapers,…… noun,-14.4375,2,2token,not_valid_noun
diapers,shoe for,-14.4375,2,2token,not_valid_noun
diapers,rag ________,-14.46875,2,2token,not_valid_noun
diapers,............... Write,-14.46875,2,2token,not_valid_noun
diapers,c _______,-14.46875,2,2token,not_valid_noun
diapers,p e,-14.46875,2,2token,not_valid_noun
diapers,glove .,-14.46875,2,2token,not_valid_noun
diapers,p clothes,-14.46875,2,2token,not_valid_noun
diapers,What about,-14.46875,2,2token,not_valid_noun
diapers,What am,-14.46875,2,2token,not_valid_noun
diapers,worn,-14.46875,2,2token,not_valid_noun
diapers,…. It,-14.46875,2,2token,not_valid_noun
diapers,…. Clothes,-14.46875,2,2token,not_valid_noun
diapers,towel and,-14.46875,2,2token,incomplete_phrase
diapers,help you,-14.46875,2,2token,incomplete_phrase
diapers,help (,-14.46875,2,2token,not_valid_noun
diapers,things around,-14.46875,2,2token,incomplete_phrase
diapers,P R,-14.46875,2,2token,not_valid_noun
diapers,rag for,-14.46875,2,2token,incomplete_phrase
diapers,outfit to,-14.46875,2,2token,not_valid_noun
diapers,for animals,-14.46875,2,2token,not_valid_noun
diapers,for toddlers,-14.46875,2,2token,not_valid_noun
diapers,What item,-14.46875,2,2token,not_valid_noun
diapers,What Are,-14.46875,2,2token,not_valid_noun
diapers,............... complete,-14.46875,2,2token,not_valid_noun
diapers,What happens,-14.46875,2,2token,not_valid_noun
diapers,thing is,-14.5,2,2token,not_valid_noun
diapers,article by,-14.5,2,2token,not_valid_noun
diapers,article we,-14.5,2,2token,not_valid_noun
diapers,suit ...,-14.5,2,2token,not_valid_noun
diapers,___________ or,-14.5,2,2token,not_valid_noun
diapers,? I,-14.5,2,2token,not_valid_noun
diapers,? Choose,-14.5,2,2token,not_valid_noun
diapers,..... Explain,-14.5,2,2token,not_valid_noun
diapers,tool _______,-14.5,2,2token,not_valid_noun
diapers,tool ________,-14.5,2,2token,not_valid_noun
diapers,%,-14.5,1,single_token,not_valid_noun
diapers,ma,-14.5,1,single_token,not_valid_noun
diapers,[?],-14.5,1,single_token,not_valid_noun
diapers,nighttime,-14.5,1,single_token,incomplete_phrase
diapers,suit and,-14.5,2,2token,incomplete_phrase
diapers,sp,-14.5,1,single_token,not_valid_noun
diapers,care gi,-14.5,2,2token,not_valid_noun
diapers,care of,-14.5,2,2token,not_valid_noun
diapers,K,-14.5,1,single_token,not_valid_noun
diapers,handheld,-14.5,1,single_token,not_valid_noun
diapers,sk,-14.5,1,single_token,not_valid_noun
diapers,A word,-14.5,2,2token,not_valid_noun
diapers,thing -,-14.5,2,2token,not_valid_noun
diapers,!...,-14.5,1,single_token,not_valid_noun
diapers,A noun,-14.5,2,2token,not_valid_noun
diapers,phan,-14.5,1,single_token,not_valid_noun
diapers,wetting,-14.5,1,single_token,incomplete_phrase
diapers,ined,-14.5,1,single_token,not_valid_noun
diapers,bag ________,-14.5,2,2token,not_valid_noun
diapers,article the,-14.5,2,2token,incomplete_phrase
diapers,noun verb,-14.5,2,2token,incomplete_phrase
diapers,.....,-14.5,2,2token,not_valid_noun
diapers,..... and,-14.5,2,2token,not_valid_noun
diapers,A ______,-14.5,2,2token,not_valid_noun
diapers,bag is,-14.5,2,2token,not_valid_noun
diapers,item under,-14.5,2,2token,incomplete_phrase
diapers,..... _,-14.5,2,2token,not_valid_noun
diapers,"..... ,",-14.5,2,2token,not_valid_noun
diapers,..... This,-14.5,2,2token,not_valid_noun
diapers,..... An,-14.5,2,2token,not_valid_noun
diapers,of _____,-14.5,2,2token,not_valid_noun
diapers,of diapers,-14.5,2,2token,not_valid_noun
diapers,of what,-14.5,2,2token,not_valid_noun
diapers,of …,-14.5,2,2token,not_valid_noun
diapers,PERSONAL,-14.5,1,single_token,incomplete_phrase
diapers,Dirty,-14.5,1,single_token,not_valid_noun
diapers,,-14.5,1,single_token,not_valid_noun
diapers,bottled,-14.5,1,single_token,not_valid_noun
diapers,what things,-14.5,2,2token,not_valid_noun
diapers,chil,-14.5,1,single_token,not_valid_noun
diapers,dress __,-14.5,2,2token,not_valid_noun
diapers,dress [,-14.5,2,2token,not_valid_noun
diapers,toilet ________,-14.5,2,2token,not_valid_noun
diapers,toilet …,-14.5,2,2token,not_valid_noun
diapers,A fruit,-14.5,2,2token,not_valid_noun
diapers,..... Please,-14.5,2,2token,not_valid_noun
diapers,_. Why,-14.5,2,2token,not_valid_noun
diapers,_. Do,-14.5,2,2token,not_valid_noun
diapers,_. For,-14.5,2,2token,not_valid_noun
diapers,both,-14.5,1,single_token,not_valid_noun
diapers,item found,-14.5,2,2token,incomplete_phrase
diapers,item related,-14.5,2,2token,incomplete_phrase
diapers,item ____,-14.5,2,2token,not_valid_noun
diapers,item _____,-14.5,2,2token,not_valid_noun
diapers,to us,-14.5,2,2token,not_valid_noun
diapers,what the,-14.5,2,2token,not_valid_noun
diapers,product sold,-14.5,2,2token,incomplete_phrase
diapers,product A,-14.5,2,2token,not_valid_noun
diapers,what clothes,-14.5,2,2token,not_valid_noun
diapers,what …,-14.5,2,2token,not_valid_noun
diapers,water ________,-14.5,2,2token,not_valid_noun
diapers,weak,-14.5,1,single_token,not_valid_noun
diapers,piece or,-14.5,2,2token,not_valid_noun
diapers,object made,-14.5,2,2token,incomplete_phrase
diapers,${,-14.5,1,single_token,not_valid_noun
diapers,….. Choose,-14.5,2,2token,not_valid_noun
diapers,.. COMPLETE,-14.5,2,2token,not_valid_noun
diapers,...... fruit,-14.5,2,2token,not_valid_noun
diapers,.. ..,-14.5,2,2token,not_valid_noun
diapers,fn,-14.5,1,single_token,not_valid_noun
diapers,shel,-14.5,1,single_token,incomplete_phrase
diapers,camb,-14.5,1,single_token,incomplete_phrase
diapers,sharp,-14.5,1,single_token,incomplete_phrase
diapers,semi,-14.5,1,single_token,incomplete_phrase
diapers,jun,-14.5,1,single_token,incomplete_phrase
diapers,sud,-14.5,1,single_token,not_valid_noun
diapers,wonderful,-14.5,1,single_token,not_valid_noun
diapers,"[""",-14.5,1,single_token,not_valid_noun
diapers,ding,-14.5,1,single_token,incomplete_phrase
diapers,...... ________,-14.5,2,2token,not_valid_noun
diapers,missing,-14.5,1,single_token,not_valid_noun
diapers,rob,-14.5,1,single_token,not_valid_noun
diapers,versatile,-14.5,1,single_token,not_valid_noun
diapers,hygiene Personal,-14.5,2,2token,incomplete_phrase
diapers,cosmetics,-14.5,1,single_token,not_valid_noun
diapers,wearing the,-14.5,2,2token,incomplete_phrase
diapers,materia,-14.5,1,single_token,not_valid_noun
diapers,−,-14.5,1,single_token,not_valid_noun
diapers,_. Match,-14.5,2,2token,not_valid_noun
diapers,____,-14.5,2,2token,not_valid_noun
diapers,to keep,-14.5,2,2token,not_valid_noun
diapers,under .,-14.5,2,2token,not_valid_noun
diapers,under (,-14.5,2,2token,not_valid_noun
diapers,sod,-14.5,1,single_token,incomplete_phrase
diapers,___________ Write,-14.5,2,2token,not_valid_noun
diapers,___________ Use,-14.5,2,2token,not_valid_noun
diapers,___________ _,-14.5,2,2token,not_valid_noun
diapers,___________ ?,-14.5,2,2token,not_valid_noun
diapers,___________ fruit,-14.5,2,2token,not_valid_noun
diapers,OR,-14.5,1,single_token,not_valid_noun
diapers,San,-14.5,1,single_token,incomplete_phrase
diapers,accessory you,-14.5,2,2token,incomplete_phrase
diapers,accessory on,-14.5,2,2token,not_valid_noun
diapers,accessory is,-14.5,2,2token,not_valid_noun
diapers,prenatal,-14.5,1,single_token,not_valid_noun
diapers,dress that,-14.5,2,2token,incomplete_phrase
diapers,dress =,-14.5,2,2token,not_valid_noun
diapers,dress to,-14.5,2,2token,not_valid_noun
diapers,dress a,-14.5,2,2token,not_valid_noun
diapers,wear able,-14.5,2,2token,not_valid_noun
diapers,wear -,-14.5,2,2token,not_valid_noun
diapers,clothe ..,-14.5,2,2token,not_valid_noun
diapers,clothe to,-14.5,2,2token,not_valid_noun
diapers,clothe in,-14.5,2,2token,not_valid_noun
diapers,personal ____,-14.53125,2,2token,not_valid_noun
diapers,appliance (,-14.53125,2,2token,not_valid_noun
diapers,container which,-14.53125,2,2token,incomplete_phrase
diapers,an everyday,-14.53125,2,2token,not_valid_noun
diapers,personal cleaning,-14.53125,2,2token,incomplete_phrase
diapers,p Read,-14.53125,2,2token,not_valid_noun
diapers,laundry to,-14.53125,2,2token,not_valid_noun
diapers,laundry and,-14.53125,2,2token,incomplete_phrase
diapers,sheet Complete,-14.53125,2,2token,not_valid_noun
diapers,an equipment,-14.53125,2,2token,not_valid_noun
diapers,Clothes for,-14.53125,2,2token,incomplete_phrase
diapers,used ____,-14.53125,2,2token,not_valid_noun
diapers,need in,-14.53125,2,2token,not_valid_noun
diapers,an app,-14.53125,2,2token,not_valid_noun
diapers,Clothes (,-14.53125,2,2token,not_valid_noun
diapers,package (,-14.53125,2,2token,not_valid_noun
diapers,used (,-14.53125,2,2token,not_valid_noun
diapers,: of,-14.53125,2,2token,not_valid_noun
diapers,: item,-14.53125,2,2token,not_valid_noun
diapers,: shirt,-14.53125,2,2token,not_valid_noun
diapers,sanitary ________,-14.53125,2,2token,not_valid_noun
diapers,sanitary or,-14.53125,2,2token,not_valid_noun
diapers,see,-14.5625,1,single_token,incomplete_phrase
diapers,( __,-14.5625,2,2token,not_valid_noun
diapers,Accessories,-14.5625,1,single_token,not_valid_noun
diapers,Where,-14.5625,1,single_token,not_valid_noun
diapers,ice,-14.5625,1,single_token,incomplete_phrase
diapers,covered,-14.5625,1,single_token,not_valid_noun
diapers,Par,-14.5625,1,single_token,incomplete_phrase
diapers,____________ clothes,-14.5625,2,2token,not_valid_noun
diapers,____________ noun,-14.5625,2,2token,not_valid_noun
diapers,material _______,-14.5625,2,2token,not_valid_noun
diapers,material needed,-14.5625,2,2token,incomplete_phrase
diapers,、,-14.5625,1,single_token,not_valid_noun
diapers,textile to,-14.5625,2,2token,not_valid_noun
diapers,then,-14.5625,1,single_token,not_valid_noun
diapers,textile Read,-14.5625,2,2token,not_valid_noun
diapers,,-14.5625,1,single_token,not_valid_noun
diapers,```,-14.5625,1,single_token,not_valid_noun
diapers,........ I,-14.5625,2,2token,not_valid_noun
diapers,XXX,-14.5625,1,single_token,not_valid_noun
diapers,Wet,-14.5625,1,single_token,incomplete_phrase
diapers,clean ______,-14.5625,2,2token,not_valid_noun
diapers,........... Choose,-14.5625,2,2token,not_valid_noun
diapers,t ________,-14.5625,2,2token,not_valid_noun
diapers,ned,-14.5625,1,single_token,incomplete_phrase
diapers,biological,-14.5625,1,single_token,not_valid_noun
diapers,bud,-14.5625,1,single_token,incomplete_phrase
diapers,Read,-14.5625,1,single_token,not_valid_noun
diapers,sea,-14.5625,1,single_token,incomplete_phrase
diapers,the pants,-14.5625,2,2token,not_valid_noun
diapers,the skin,-14.5625,2,2token,not_valid_noun
diapers,food What,-14.5625,2,2token,incomplete_phrase
diapers,underwear Full,-14.5625,2,2token,incomplete_phrase
diapers,food are,-14.5625,2,2token,incomplete_phrase
diapers,adorn,-14.5625,1,single_token,not_valid_noun
diapers,needing,-14.5625,1,single_token,not_valid_noun
diapers,wash ________,-14.5625,2,2token,not_valid_noun
diapers,plastic Wrap,-14.5625,2,2token,incomplete_phrase
diapers,dum,-14.5625,1,single_token,not_valid_noun
diapers,sad,-14.5625,1,single_token,not_valid_noun
diapers,ah,-14.5625,1,single_token,not_valid_noun
diapers,n -,-14.5625,2,2token,not_valid_noun
diapers,the (,-14.5625,2,2token,not_valid_noun
diapers,- ______,-14.5625,2,2token,not_valid_noun
diapers,- _.,-14.5625,2,2token,not_valid_noun
diapers,[/,-14.5625,1,single_token,not_valid_noun
diapers,anna,-14.5625,1,single_token,incomplete_phrase
diapers,the family,-14.5625,2,2token,not_valid_noun
diapers,hazardous,-14.5625,1,single_token,not_valid_noun
diapers,shells,-14.5625,1,single_token,not_valid_noun
diapers,unt,-14.5625,1,single_token,not_valid_noun
diapers,mis,-14.5625,1,single_token,not_valid_noun
diapers,________ _________,-14.5625,2,2token,not_valid_noun
diapers,wrapper (,-14.5625,2,2token,not_valid_noun
diapers,____________ The,-14.5625,2,2token,not_valid_noun
diapers,____________ What,-14.5625,2,2token,not_valid_noun
diapers,¬,-14.5625,1,single_token,not_valid_noun
diapers,____________,-14.5625,2,2token,not_valid_noun
diapers,bath (,-14.5625,2,2token,not_valid_noun
diapers,bath and,-14.5625,2,2token,incomplete_phrase
diapers,= blank,-14.5625,2,2token,not_valid_noun
diapers,Fancy,-14.5625,1,single_token,incomplete_phrase
diapers,,-14.5625,1,single_token,not_valid_noun
diapers,Protective,-14.5625,1,single_token,incomplete_phrase
diapers,PJ,-14.5625,1,single_token,not_valid_noun
diapers,pantry,-14.5625,1,single_token,incomplete_phrase
diapers,emoji,-14.5625,1,single_token,not_valid_noun
diapers,pants :,-14.5625,2,2token,not_valid_noun
diapers,fake,-14.5625,1,single_token,incomplete_phrase
diapers,________ [,-14.5625,2,2token,not_valid_noun
diapers,________ clothing,-14.5625,2,2token,not_valid_noun
diapers,____________,-14.5625,2,2token,not_valid_noun
diapers,________,-14.5625,2,2token,not_valid_noun
diapers,bath ________,-14.5625,2,2token,not_valid_noun
diapers,arr,-14.5625,1,single_token,not_valid_noun
diapers,White,-14.5625,1,single_token,incomplete_phrase
diapers,wom,-14.5625,1,single_token,not_valid_noun
diapers,part,-14.5625,2,2token,incomplete_phrase
diapers,the n,-14.5625,2,2token,not_valid_noun
diapers,cleaning utens,-14.5625,2,2token,incomplete_phrase
diapers,fru,-14.5625,1,single_token,not_valid_noun
diapers,paper Related,-14.5625,2,2token,incomplete_phrase
diapers,........... Write,-14.5625,2,2token,not_valid_noun
diapers,........... ...,-14.5625,2,2token,not_valid_noun
diapers,ske,-14.5625,1,single_token,not_valid_noun
diapers,squ,-14.5625,1,single_token,not_valid_noun
diapers,…… Correct,-14.5625,2,2token,not_valid_noun
diapers,…… baby,-14.5625,2,2token,not_valid_noun
diapers,…… ?,-14.5625,2,2token,not_valid_noun
diapers,…… ….,-14.5625,2,2token,not_valid_noun
diapers,rag that,-14.59375,2,2token,incomplete_phrase
diapers,washing (,-14.59375,2,2token,not_valid_noun
diapers,washing …,-14.59375,2,2token,not_valid_noun
diapers,…. ________,-14.59375,2,2token,not_valid_noun
diapers,......... ?,-14.59375,2,2token,not_valid_noun
diapers,......... The,-14.59375,2,2token,not_valid_noun
diapers,............... ...,-14.59375,2,2token,not_valid_noun
diapers,p -,-14.59375,2,2token,not_valid_noun
diapers,house for,-14.59375,2,2token,incomplete_phrase
diapers,for cleaning,-14.59375,2,2token,not_valid_noun
diapers,p clothing,-14.59375,2,2token,not_valid_noun
diapers,…. Clothing,-14.59375,2,2token,not_valid_noun
diapers,…. Fruit,-14.59375,2,2token,not_valid_noun
diapers,this (,-14.59375,2,2token,not_valid_noun
diapers,…. -,-14.59375,2,2token,not_valid_noun
diapers,.............. The,-14.59375,2,2token,not_valid_noun
diapers,.............. What,-14.59375,2,2token,not_valid_noun
diapers,…. food,-14.59375,2,2token,not_valid_noun
diapers,wearable Personal,-14.59375,2,2token,incomplete_phrase
diapers,What makes,-14.59375,2,2token,not_valid_noun
diapers,diapers are,-14.59375,2,2token,incomplete_phrase
diapers,this type,-14.59375,2,2token,incomplete_phrase
diapers,covering (,-14.59375,2,2token,not_valid_noun
diapers,tool which,-14.625,2,2token,incomplete_phrase
diapers,t _____,-14.625,2,2token,not_valid_noun
diapers,accessory -,-14.625,2,2token,not_valid_noun
diapers,tool ...,-14.625,2,2token,not_valid_noun
diapers,product Fill,-14.625,2,2token,not_valid_noun
diapers,accessory _____,-14.625,2,2token,not_valid_noun
diapers,wearing under,-14.625,2,2token,not_valid_noun
diapers,what food,-14.625,2,2token,not_valid_noun
diapers,.. -,-14.625,2,2token,not_valid_noun
diapers,blank A,-14.625,2,2token,not_valid_noun
diapers,what animal,-14.625,2,2token,not_valid_noun
diapers,what A,-14.625,2,2token,not_valid_noun
diapers,garb (,-14.625,2,2token,not_valid_noun
diapers,_. _____,-14.625,2,2token,not_valid_noun
diapers,_. ____,-14.625,2,2token,not_valid_noun
diapers,_. Circle,-14.625,2,2token,not_valid_noun
diapers,____ of,-14.625,2,2token,not_valid_noun
diapers,blank Blank,-14.625,2,2token,incomplete_phrase
diapers,protective baby,-14.625,2,2token,incomplete_phrase
diapers,...... In,-14.625,2,2token,not_valid_noun
diapers,garbage that,-14.625,2,2token,incomplete_phrase
diapers,_. the,-14.625,2,2token,not_valid_noun
diapers,apparel ....,-14.625,2,2token,not_valid_noun
diapers,apparel ________,-14.625,2,2token,not_valid_noun
diapers,apparel _______,-14.625,2,2token,not_valid_noun
diapers,.. Clothing,-14.625,2,2token,not_valid_noun
diapers,.. Clothes,-14.625,2,2token,not_valid_noun
diapers,cloths ....,-14.625,2,2token,not_valid_noun
diapers,dress Read,-14.625,2,2token,not_valid_noun
diapers,dress |,-14.625,2,2token,not_valid_noun
diapers,….. complete,-14.625,2,2token,not_valid_noun
diapers,wash a,-14.625,2,2token,not_valid_noun
diapers,A cloth,-14.625,2,2token,not_valid_noun
diapers,A _______,-14.625,2,2token,not_valid_noun
diapers,A is,-14.625,2,2token,not_valid_noun
diapers,toilet t,-14.625,2,2token,not_valid_noun
diapers,dress ..,-14.625,2,2token,not_valid_noun
diapers,dress Continue,-14.625,2,2token,not_valid_noun
diapers,dress Clothes,-14.625,2,2token,incomplete_phrase
diapers,dress _________,-14.625,2,2token,not_valid_noun
diapers,..... are,-14.625,2,2token,not_valid_noun
diapers,..... We,-14.625,2,2token,not_valid_noun
diapers,thing necessary,-14.625,2,2token,incomplete_phrase
diapers,essential hygiene,-14.625,2,2token,incomplete_phrase
diapers,bag ...,-14.625,2,2token,not_valid_noun
diapers,suit to,-14.625,2,2token,not_valid_noun
diapers,wash -,-14.625,2,2token,not_valid_noun
diapers,item ....,-14.625,2,2token,not_valid_noun
diapers,dirty (,-14.625,2,2token,not_valid_noun
diapers,children (,-14.625,2,2token,not_valid_noun
diapers,bag used,-14.625,2,2token,incomplete_phrase
diapers,hygiene Article,-14.625,2,2token,incomplete_phrase
diapers,waste ___________,-14.625,2,2token,not_valid_noun
diapers,noun and,-14.625,2,2token,incomplete_phrase
diapers,item I,-14.625,2,2token,not_valid_noun
diapers,item the,-14.625,2,2token,incomplete_phrase
diapers,item children,-14.625,2,2token,incomplete_phrase
diapers,water proof,-14.625,2,2token,incomplete_phrase
diapers,clothe ......,-14.625,2,2token,not_valid_noun
diapers,clothe _____,-14.625,2,2token,not_valid_noun
diapers,sanitary pro,-14.65625,2,2token,incomplete_phrase
diapers,laundry or,-14.65625,2,2token,not_valid_noun
diapers,pan for,-14.65625,2,2token,incomplete_phrase
diapers,cover used,-14.65625,2,2token,not_valid_noun
diapers,bathing acc,-14.65625,2,2token,incomplete_phrase
diapers,sheet that,-14.65625,2,2token,incomplete_phrase
diapers,trousers for,-14.65625,2,2token,incomplete_phrase
diapers,an _____,-14.65625,2,2token,not_valid_noun
diapers,something in,-14.65625,2,2token,not_valid_noun
diapers,used sanitary,-14.65625,2,2token,not_valid_noun
diapers,used _______,-14.65625,2,2token,not_valid_noun
diapers,used _____,-14.65625,2,2token,not_valid_noun
diapers,something a,-14.65625,2,2token,not_valid_noun
diapers,skin ...,-14.65625,2,2token,not_valid_noun
diapers,cover a,-14.65625,2,2token,not_valid_noun
diapers,used ...,-14.65625,2,2token,not_valid_noun
diapers,used a,-14.65625,2,2token,not_valid_noun
diapers,personal _______,-14.65625,2,2token,not_valid_noun
diapers,personal ______,-14.65625,2,2token,not_valid_noun
diapers,cover over,-14.65625,2,2token,incomplete_phrase
diapers,skin protective,-14.65625,2,2token,not_valid_noun
diapers,cover you,-14.65625,2,2token,incomplete_phrase
diapers,sanitary ....,-14.65625,2,2token,not_valid_noun
diapers,container with,-14.65625,2,2token,incomplete_phrase
diapers,container Read,-14.65625,2,2token,not_valid_noun
diapers,appliance that,-14.65625,2,2token,incomplete_phrase
diapers,sanitary ______,-14.65625,2,2token,not_valid_noun
diapers,__ or,-14.6875,2,2token,not_valid_noun
diapers,__ are,-14.6875,2,2token,not_valid_noun
diapers,________ noun,-14.6875,2,2token,not_valid_noun
diapers,,-14.6875,1,single_token,not_valid_noun
diapers,bedding (,-14.6875,2,2token,not_valid_noun
diapers,accessoire,-14.6875,1,single_token,not_valid_noun
diapers,…… fill,-14.6875,2,2token,not_valid_noun
diapers,…… In,-14.6875,2,2token,not_valid_noun
diapers,sha,-14.6875,1,single_token,incomplete_phrase
diapers,pos,-14.6875,1,single_token,not_valid_noun
diapers,about,-14.6875,1,single_token,not_valid_noun
diapers,prou,-14.6875,1,single_token,not_valid_noun
diapers,mody,-14.6875,1,single_token,not_valid_noun
diapers,emp,-14.6875,1,single_token,not_valid_noun
diapers,flo,-14.6875,1,single_token,incomplete_phrase
diapers,cho,-14.6875,1,single_token,incomplete_phrase
diapers,leak,-14.6875,1,single_token,incomplete_phrase
diapers,camping,-14.6875,1,single_token,not_valid_noun
diapers,Present,-14.6875,1,single_token,incomplete_phrase
diapers,part (,-14.6875,2,2token,not_valid_noun
diapers,part for,-14.6875,2,2token,incomplete_phrase
diapers,Baby ...,-14.6875,2,2token,not_valid_noun
diapers,________ :,-14.6875,2,2token,not_valid_noun
diapers,________ used,-14.6875,2,2token,not_valid_noun
diapers,bodies,-14.6875,1,single_token,not_valid_noun
diapers,sentence,-14.6875,1,single_token,not_valid_noun
diapers,producing,-14.6875,1,single_token,not_valid_noun
diapers,PE,-14.6875,1,single_token,not_valid_noun
diapers,optional,-14.6875,1,single_token,not_valid_noun
diapers,= The,-14.6875,2,2token,not_valid_noun
diapers,part on,-14.6875,2,2token,not_valid_noun
diapers,onder,-14.6875,1,single_token,not_valid_noun
diapers,fruit ____,-14.6875,2,2token,not_valid_noun
diapers,hat .,-14.6875,2,2token,not_valid_noun
diapers,ADULT,-14.6875,1,single_token,incomplete_phrase
diapers,________ thing,-14.6875,2,2token,not_valid_noun
diapers,________ ___________,-14.6875,2,2token,not_valid_noun
diapers,prepare,-14.6875,1,single_token,not_valid_noun
diapers,…… Make,-14.6875,2,2token,not_valid_noun
diapers,…… There,-14.6875,2,2token,not_valid_noun
diapers,material Read,-14.6875,2,2token,not_valid_noun
diapers,textile /,-14.6875,2,2token,not_valid_noun
diapers,n _____,-14.6875,2,2token,not_valid_noun
diapers,underwear by,-14.6875,2,2token,not_valid_noun
diapers,n thing,-14.6875,2,2token,not_valid_noun
diapers,n item,-14.6875,2,2token,not_valid_noun
diapers,____________ _______,-14.6875,2,2token,not_valid_noun
diapers,favour,-14.6875,1,single_token,not_valid_noun
diapers,food _,-14.6875,2,2token,not_valid_noun
diapers,shirt ...,-14.6875,2,2token,not_valid_noun
diapers,____________ clothing,-14.6875,2,2token,not_valid_noun
diapers,masks,-14.6875,1,single_token,not_valid_noun
diapers,- pants,-14.6875,2,2token,not_valid_noun
diapers,apr,-14.6875,1,single_token,not_valid_noun
diapers,APR,-14.6875,1,single_token,not_valid_noun
diapers,ln,-14.6875,1,single_token,not_valid_noun
diapers,sup,-14.6875,1,single_token,incomplete_phrase
diapers,len,-14.6875,1,single_token,incomplete_phrase
diapers,fem,-14.6875,1,single_token,not_valid_noun
diapers,students,-14.6875,1,single_token,not_valid_noun
diapers,Far,-14.6875,1,single_token,incomplete_phrase
diapers,aux,-14.6875,1,single_token,not_valid_noun
diapers,thank,-14.6875,1,single_token,not_valid_noun
diapers,:),-14.6875,1,single_token,not_valid_noun
diapers,paper made,-14.6875,2,2token,incomplete_phrase
diapers,cleaning and,-14.6875,2,2token,incomplete_phrase
diapers,- _______,-14.6875,2,2token,not_valid_noun
diapers,towel ________,-14.6875,2,2token,not_valid_noun
diapers,( what,-14.6875,2,2token,not_valid_noun
diapers,( object,-14.6875,2,2token,not_valid_noun
diapers,( _____,-14.6875,2,2token,not_valid_noun
diapers,material ....,-14.6875,2,2token,not_valid_noun
diapers,to protect,-14.6875,2,2token,not_valid_noun
diapers,to get,-14.6875,2,2token,not_valid_noun
diapers,- Choose,-14.6875,2,2token,not_valid_noun
diapers,Clothing or,-14.6875,2,2token,not_valid_noun
diapers,towel ....,-14.6875,2,2token,not_valid_noun
diapers,families,-14.6875,1,single_token,not_valid_noun
diapers,to (,-14.6875,2,2token,not_valid_noun
diapers,food from,-14.6875,2,2token,incomplete_phrase
diapers,the toy,-14.6875,2,2token,not_valid_noun
diapers,the fabric,-14.6875,2,2token,not_valid_noun
diapers,pants Fill,-14.6875,2,2token,not_valid_noun
diapers,- A,-14.6875,2,2token,not_valid_noun
diapers,the term,-14.6875,2,2token,not_valid_noun
diapers,the waste,-14.6875,2,2token,not_valid_noun
diapers,- baby,-14.6875,2,2token,not_valid_noun
diapers,the object,-14.6875,2,2token,not_valid_noun
diapers,underwear ….,-14.6875,2,2token,not_valid_noun
diapers,underwear on,-14.6875,2,2token,not_valid_noun
diapers,plastic for,-14.6875,2,2token,incomplete_phrase
diapers,____________ Select,-14.6875,2,2token,not_valid_noun
diapers,pants which,-14.6875,2,2token,incomplete_phrase
diapers,food a,-14.6875,2,2token,not_valid_noun
diapers,__ A,-14.6875,2,2token,not_valid_noun
diapers,terry,-14.6875,1,single_token,incomplete_phrase
diapers,padded,-14.6875,1,single_token,not_valid_noun
diapers,faulty,-14.6875,1,single_token,not_valid_noun
diapers,shoe ....,-14.6875,2,2token,not_valid_noun
diapers,shoe ...,-14.6875,2,2token,not_valid_noun
diapers,clean ....,-14.6875,2,2token,not_valid_noun
diapers,Wearing,-14.6875,1,single_token,incomplete_phrase
diapers,unsuitable,-14.6875,1,single_token,not_valid_noun
diapers,…… COMPLETE,-14.6875,2,2token,not_valid_noun
diapers,useful household,-14.71875,2,2token,incomplete_phrase
diapers,covering that,-14.71875,2,2token,incomplete_phrase
diapers,What to,-14.71875,2,2token,not_valid_noun
diapers,.............. ?,-14.71875,2,2token,not_valid_noun
diapers,protection in,-14.71875,2,2token,not_valid_noun
diapers,What I,-14.71875,2,2token,not_valid_noun
diapers,bottle or,-14.71875,2,2token,not_valid_noun
diapers,outfit or,-14.71875,2,2token,not_valid_noun
diapers,wearable ________,-14.71875,2,2token,not_valid_noun
diapers,for me,-14.71875,2,2token,not_valid_noun
diapers,............... Choose,-14.71875,2,2token,not_valid_noun
diapers,c ____,-14.71875,2,2token,not_valid_noun
diapers,infant,-14.71875,2,2token,incomplete_phrase
diapers,babies items,-14.71875,2,2token,not_valid_noun
diapers,infant (,-14.71875,2,2token,not_valid_noun
diapers,.............. clothes,-14.71875,2,2token,not_valid_noun
diapers,…. of,-14.71875,2,2token,not_valid_noun
diapers,…. An,-14.71875,2,2token,not_valid_noun
diapers,…. Please,-14.71875,2,2token,not_valid_noun
diapers,…. They,-14.71875,2,2token,not_valid_noun
diapers,…. For,-14.71875,2,2token,not_valid_noun
diapers,.............. complete,-14.71875,2,2token,not_valid_noun
diapers,…. _____,-14.71875,2,2token,not_valid_noun
diapers,…. ____,-14.71875,2,2token,not_valid_noun
diapers,wearable or,-14.71875,2,2token,not_valid_noun
diapers,…. COMPLETE,-14.71875,2,2token,not_valid_noun
diapers,P pants,-14.71875,2,2token,not_valid_noun
diapers,P __,-14.71875,2,2token,not_valid_noun
diapers,P _,-14.71875,2,2token,not_valid_noun
diapers,soap .,-14.71875,2,2token,not_valid_noun
diapers,wearable personal,-14.71875,2,2token,incomplete_phrase
diapers,infant ________,-14.71875,2,2token,not_valid_noun
diapers,......... clothes,-14.71875,2,2token,not_valid_noun
diapers,articles in,-14.71875,2,2token,not_valid_noun
diapers,type (,-14.71875,2,2token,not_valid_noun
diapers,help your,-14.71875,2,2token,incomplete_phrase
diapers,help people,-14.71875,2,2token,incomplete_phrase
diapers,help around,-14.71875,2,2token,not_valid_noun
diapers,......... What,-14.71875,2,2token,not_valid_noun
diapers,blanket ...,-14.71875,2,2token,not_valid_noun
diapers,blanket and,-14.71875,2,2token,incomplete_phrase
diapers,What the,-14.71875,2,2token,not_valid_noun
diapers,cha,-14.75,1,single_token,incomplete_phrase
diapers,ele,-14.75,1,single_token,not_valid_noun
diapers,write,-14.75,1,single_token,not_valid_noun
diapers,___________ I,-14.75,2,2token,not_valid_noun
diapers,mas,-14.75,1,single_token,incomplete_phrase
diapers,clothe __,-14.75,2,2token,not_valid_noun
diapers,___________ Select,-14.75,2,2token,not_valid_noun
diapers,bring,-14.75,1,single_token,not_valid_noun
diapers,necessity complete,-14.75,2,2token,not_valid_noun
diapers,"$,",-14.75,1,single_token,not_valid_noun
diapers,lax,-14.75,1,single_token,not_valid_noun
diapers,replen,-14.75,1,single_token,not_valid_noun
diapers,=(,-14.75,1,single_token,not_valid_noun
diapers,item is,-14.75,2,2token,not_valid_noun
diapers,….. Read,-14.75,2,2token,not_valid_noun
diapers,nesting,-14.75,1,single_token,not_valid_noun
diapers,____ noun,-14.75,2,2token,not_valid_noun
diapers,____ ________,-14.75,2,2token,not_valid_noun
diapers,____ Answer,-14.75,2,2token,not_valid_noun
diapers,EX,-14.75,1,single_token,not_valid_noun
diapers,ot,-14.75,1,single_token,not_valid_noun
diapers,nutri,-14.75,1,single_token,not_valid_noun
diapers,tiss,-14.75,1,single_token,not_valid_noun
diapers,website,-14.75,1,single_token,not_valid_noun
diapers,hygiene ________,-14.75,2,2token,not_valid_noun
diapers,contaminated,-14.75,1,single_token,not_valid_noun
diapers,duct,-14.75,1,single_token,incomplete_phrase
diapers,civilian,-14.75,1,single_token,incomplete_phrase
diapers,nasty,-14.75,1,single_token,not_valid_noun
diapers,hinder,-14.75,1,single_token,not_valid_noun
diapers,unwanted,-14.75,1,single_token,not_valid_noun
diapers,GAR,-14.75,1,single_token,incomplete_phrase
diapers,bag complete,-14.75,2,2token,not_valid_noun
diapers,thing from,-14.75,2,2token,incomplete_phrase
diapers,thing not,-14.75,2,2token,incomplete_phrase
diapers,nam,-14.75,1,single_token,incomplete_phrase
diapers,thing your,-14.75,2,2token,incomplete_phrase
diapers,foldable,-14.75,1,single_token,not_valid_noun
diapers,dress of,-14.75,2,2token,not_valid_noun
diapers,thing /,-14.75,2,2token,not_valid_noun
diapers,nike,-14.75,1,single_token,not_valid_noun
diapers,clas,-14.75,1,single_token,not_valid_noun
diapers,kind (,-14.75,2,2token,not_valid_noun
diapers,infantile,-14.75,1,single_token,not_valid_noun
diapers,,-14.75,1,single_token,not_valid_noun
diapers,prenda,-14.75,1,single_token,not_valid_noun
diapers,odd,-14.75,1,single_token,not_valid_noun
diapers,bom,-14.75,1,single_token,incomplete_phrase
diapers,A paper,-14.75,2,2token,not_valid_noun
diapers,Help,-14.75,1,single_token,incomplete_phrase
diapers,educational,-14.75,1,single_token,not_valid_noun
diapers,____ clothes,-14.75,2,2token,not_valid_noun
diapers,apparel ____,-14.75,2,2token,not_valid_noun
diapers,$_{,-14.75,1,single_token,not_valid_noun
diapers,essential,-14.75,2,2token,incomplete_phrase
diapers,A pair,-14.75,2,2token,not_valid_noun
diapers,major,-14.75,1,single_token,incomplete_phrase
diapers,happy,-14.75,1,single_token,not_valid_noun
diapers,va,-14.75,1,single_token,not_valid_noun
diapers,...... COMPLETE,-14.75,2,2token,not_valid_noun
diapers,what does,-14.75,2,2token,not_valid_noun
diapers,what clothing,-14.75,2,2token,not_valid_noun
diapers,accessories to,-14.75,2,2token,not_valid_noun
diapers,cloths in,-14.75,2,2token,not_valid_noun
diapers,cloths are,-14.75,2,2token,incomplete_phrase
diapers,costume complete,-14.75,2,2token,not_valid_noun
diapers,tissue ________,-14.75,2,2token,not_valid_noun
diapers,resting,-14.75,1,single_token,not_valid_noun
diapers,cans,-14.75,1,single_token,not_valid_noun
diapers,fec,-14.75,1,single_token,not_valid_noun
diapers,greeting,-14.75,1,single_token,incomplete_phrase
diapers,contraceptives,-14.75,1,single_token,not_valid_noun
diapers,...... -,-14.75,2,2token,not_valid_noun
diapers,...... Use,-14.75,2,2token,not_valid_noun
diapers,...... Correct,-14.75,2,2token,not_valid_noun
diapers,____ in,-14.75,2,2token,not_valid_noun
diapers,protects,-14.75,1,single_token,not_valid_noun
diapers,utilities,-14.75,1,single_token,not_valid_noun
diapers,.. what,-14.75,2,2token,not_valid_noun
diapers,_. COMPLETE,-14.75,2,2token,not_valid_noun
diapers,_. It,-14.75,2,2token,not_valid_noun
diapers,____ shirt,-14.75,2,2token,not_valid_noun
diapers,Household,-14.75,1,single_token,incomplete_phrase
diapers,bag full,-14.75,2,2token,incomplete_phrase
diapers,ery,-14.75,1,single_token,not_valid_noun
diapers,...... of,-14.75,2,2token,not_valid_noun
diapers,furniture (,-14.75,2,2token,not_valid_noun
diapers,? In,-14.75,2,2token,not_valid_noun
diapers,foreign,-14.75,1,single_token,not_valid_noun
diapers,kept,-14.75,1,single_token,not_valid_noun
diapers,Hy,-14.75,1,single_token,not_valid_noun
diapers,,-14.75,1,single_token,not_valid_noun
diapers,blank for,-14.75,2,2token,not_valid_noun
diapers,Ch,-14.75,1,single_token,not_valid_noun
diapers,li,-14.75,1,single_token,not_valid_noun
diapers,,-14.75,1,single_token,not_valid_noun
diapers,product -,-14.75,2,2token,not_valid_noun
diapers,children under,-14.75,2,2token,incomplete_phrase
diapers,noun in,-14.75,2,2token,not_valid_noun
diapers,waste which,-14.75,2,2token,incomplete_phrase
diapers,…),-14.75,1,single_token,not_valid_noun
diapers,changeable,-14.75,1,single_token,not_valid_noun
diapers,children _____,-14.75,2,2token,not_valid_noun
diapers,children garments,-14.75,2,2token,not_valid_noun
diapers,polite,-14.75,1,single_token,not_valid_noun
diapers,....... I,-14.75,2,2token,not_valid_noun
diapers,....... Answer,-14.75,2,2token,not_valid_noun
diapers,bath or,-14.75,2,2token,not_valid_noun
diapers,....... Write,-14.75,2,2token,not_valid_noun
diapers,seasonal,-14.75,1,single_token,incomplete_phrase
diapers,naked,-14.75,1,single_token,not_valid_noun
diapers,―,-14.75,1,single_token,not_valid_noun
diapers,packages,-14.75,1,single_token,not_valid_noun
diapers,carp,-14.75,1,single_token,incomplete_phrase
diapers,puri,-14.75,1,single_token,not_valid_noun
diapers,item /,-14.75,2,2token,not_valid_noun
diapers,Why,-14.75,1,single_token,not_valid_noun
diapers,requirements,-14.75,1,single_token,not_valid_noun
diapers,cop,-14.75,1,single_token,incomplete_phrase
diapers,closed,-14.75,1,single_token,not_valid_noun
diapers,fashion Complete,-14.75,2,2token,not_valid_noun
diapers,du,-14.75,1,single_token,not_valid_noun
diapers,into,-14.75,1,single_token,not_valid_noun
diapers,had,-14.75,1,single_token,not_valid_noun
diapers,colorful,-14.75,1,single_token,not_valid_noun
diapers,tool needed,-14.75,2,2token,incomplete_phrase
diapers,tool you,-14.75,2,2token,incomplete_phrase
diapers,CLOTH .,-14.75,2,2token,not_valid_noun
diapers,facilities,-14.75,1,single_token,not_valid_noun
diapers,!!,-14.75,1,single_token,not_valid_noun
diapers,colo,-14.75,1,single_token,not_valid_noun
diapers,south,-14.75,1,single_token,incomplete_phrase
diapers,Cloth used,-14.75,2,2token,incomplete_phrase
diapers,cotton and,-14.75,2,2token,incomplete_phrase
diapers,external,-14.75,1,single_token,incomplete_phrase
diapers,Although,-14.75,1,single_token,not_valid_noun
diapers,water (,-14.75,2,2token,not_valid_noun
diapers,object ...,-14.75,2,2token,not_valid_noun
diapers,object complete,-14.75,2,2token,not_valid_noun
diapers,slo,-14.75,1,single_token,not_valid_noun
diapers,aper,-14.75,1,single_token,incomplete_phrase
diapers,Draw,-14.75,1,single_token,incomplete_phrase
diapers,item Read,-14.75,2,2token,not_valid_noun
diapers,piece o,-14.75,2,2token,not_valid_noun
diapers,Body,-14.75,1,single_token,incomplete_phrase
diapers,Sud,-14.75,1,single_token,incomplete_phrase
diapers,har,-14.75,1,single_token,not_valid_noun
diapers,grow,-14.75,1,single_token,not_valid_noun
diapers,pat,-14.75,1,single_token,incomplete_phrase
diapers,Per,-14.75,1,single_token,not_valid_noun
diapers,But,-14.75,1,single_token,not_valid_noun
diapers,clothe ……,-14.75,2,2token,not_valid_noun
diapers,an emergency,-14.78125,2,2token,not_valid_noun
diapers,p i,-14.78125,2,2token,not_valid_noun
diapers,personal …,-14.78125,2,2token,not_valid_noun
diapers,something made,-14.78125,2,2token,incomplete_phrase
diapers,skin under,-14.78125,2,2token,incomplete_phrase
diapers,napkin (,-14.78125,2,2token,not_valid_noun
diapers,container made,-14.78125,2,2token,incomplete_phrase
diapers,laundry -,-14.78125,2,2token,not_valid_noun
diapers,laundry =,-14.78125,2,2token,not_valid_noun
diapers,gift (,-14.78125,2,2token,not_valid_noun
diapers,used household,-14.78125,2,2token,incomplete_phrase
diapers,kids .,-14.78125,2,2token,not_valid_noun
diapers,c ...,-14.78125,2,2token,not_valid_noun
diapers,under ________,-14.8125,2,2token,not_valid_noun
diapers,fruit to,-14.8125,2,2token,not_valid_noun
diapers,plastic that,-14.8125,2,2token,incomplete_phrase
diapers,under -,-14.8125,2,2token,not_valid_noun
diapers,fruit as,-14.8125,2,2token,not_valid_noun
diapers,- I,-14.8125,2,2token,not_valid_noun
diapers,bed time,-14.8125,2,2token,incomplete_phrase
diapers,bed (,-14.8125,2,2token,not_valid_noun
diapers,textile _____,-14.8125,2,2token,not_valid_noun
diapers,textile of,-14.8125,2,2token,not_valid_noun
diapers,underwear What,-14.8125,2,2token,incomplete_phrase
diapers,plastic ________,-14.8125,2,2token,not_valid_noun
diapers,underwear ..,-14.8125,2,2token,not_valid_noun
diapers,toilet Essential,-14.8125,2,2token,incomplete_phrase
diapers,towel complete,-14.8125,2,2token,not_valid_noun
diapers,launder,-14.8125,1,single_token,not_valid_noun
diapers,apper,-14.8125,1,single_token,not_valid_noun
diapers,$/$,-14.8125,1,single_token,not_valid_noun
diapers,tri,-14.8125,1,single_token,not_valid_noun
diapers,pres,-14.8125,1,single_token,not_valid_noun
diapers,mou,-14.8125,1,single_token,incomplete_phrase
diapers,habits,-14.8125,1,single_token,not_valid_noun
diapers,manufactures,-14.8125,1,single_token,not_valid_noun
diapers,\[,-14.8125,1,single_token,not_valid_noun
diapers,__ is,-14.8125,2,2token,not_valid_noun
diapers,__ I,-14.8125,2,2token,not_valid_noun
diapers,Popular,-14.8125,1,single_token,not_valid_noun
diapers,__ clothes,-14.8125,2,2token,not_valid_noun
diapers,SOC,-14.8125,1,single_token,incomplete_phrase
diapers,disgusting,-14.8125,1,single_token,not_valid_noun
diapers,(/,-14.8125,1,single_token,not_valid_noun
diapers,filthy,-14.8125,1,single_token,not_valid_noun
diapers,__(,-14.8125,1,single_token,not_valid_noun
diapers,AID,-14.8125,1,single_token,not_valid_noun
diapers,rectangles,-14.8125,1,single_token,not_valid_noun
diapers,boo,-14.8125,1,single_token,incomplete_phrase
diapers,Used,-14.8125,1,single_token,not_valid_noun
diapers,hearing,-14.8125,1,single_token,incomplete_phrase
diapers,strange,-14.8125,1,single_token,not_valid_noun
diapers,tej,-14.8125,1,single_token,not_valid_noun
diapers,interesting,-14.8125,1,single_token,not_valid_noun
diapers,pom,-14.8125,1,single_token,incomplete_phrase
diapers,either,-14.8125,1,single_token,not_valid_noun
diapers,om,-14.8125,1,single_token,not_valid_noun
diapers,clean or,-14.8125,2,2token,not_valid_noun
diapers,depend,-14.8125,1,single_token,not_valid_noun
diapers,resistant,-14.8125,1,single_token,not_valid_noun
diapers,Chang,-14.8125,1,single_token,incomplete_phrase
diapers,hiding,-14.8125,1,single_token,not_valid_noun
diapers,decorative,-14.8125,1,single_token,not_valid_noun
diapers,):,-14.8125,1,single_token,not_valid_noun
diapers,sturdy,-14.8125,1,single_token,not_valid_noun
diapers,(=,-14.8125,1,single_token,not_valid_noun
diapers,Pp,-14.8125,1,single_token,not_valid_noun
diapers,____________ I,-14.8125,2,2token,not_valid_noun
diapers,____________ Write,-14.8125,2,2token,not_valid_noun
diapers,preferred,-14.8125,1,single_token,not_valid_noun
diapers,fitness,-14.8125,1,single_token,incomplete_phrase
diapers,left,-14.8125,1,single_token,incomplete_phrase
diapers,cons,-14.8125,1,single_token,not_valid_noun
diapers,clean in,-14.8125,2,2token,not_valid_noun
diapers,= What,-14.8125,2,2token,not_valid_noun
diapers,Clothing ________,-14.8125,2,2token,not_valid_noun
diapers,paper is,-14.8125,2,2token,not_valid_noun
diapers,Clothing and,-14.8125,2,2token,incomplete_phrase
diapers,pants The,-14.8125,2,2token,incomplete_phrase
diapers,pants /,-14.8125,2,2token,not_valid_noun
diapers,cleaning …,-14.8125,2,2token,not_valid_noun
diapers,paper .....,-14.8125,2,2token,not_valid_noun
diapers,…… _,-14.8125,2,2token,not_valid_noun
diapers,usa,-14.8125,1,single_token,not_valid_noun
diapers,let,-14.8125,1,single_token,incomplete_phrase
diapers,ref,-14.8125,1,single_token,incomplete_phrase
diapers,bas,-14.8125,1,single_token,incomplete_phrase
diapers,dan,-14.8125,1,single_token,incomplete_phrase
diapers,Trous,-14.8125,1,single_token,not_valid_noun
diapers,washing and,-14.84375,2,2token,incomplete_phrase
diapers,babies and,-14.84375,2,2token,incomplete_phrase
diapers,for example,-14.84375,2,2token,not_valid_noun
diapers,garments or,-14.84375,2,2token,not_valid_noun
diapers,this,-14.84375,2,2token,not_valid_noun
diapers,articles made,-14.84375,2,2token,incomplete_phrase
diapers,outfit that,-14.84375,2,2token,incomplete_phrase
diapers,P O,-14.84375,2,2token,not_valid_noun
diapers,medicine for,-14.84375,2,2token,incomplete_phrase
diapers,piece ...,-14.84375,2,2token,not_valid_noun
diapers,What kinds,-14.84375,2,2token,not_valid_noun
diapers,wearable hygiene,-14.84375,2,2token,incomplete_phrase
diapers,for .,-14.84375,2,2token,not_valid_noun
diapers,washing ________,-14.84375,2,2token,not_valid_noun
diapers,garments that,-14.84375,2,2token,incomplete_phrase
diapers,covering on,-14.84375,2,2token,not_valid_noun
diapers,essential part,-14.875,2,2token,incomplete_phrase
diapers,waste -,-14.875,2,2token,not_valid_noun
diapers,tissue or,-14.875,2,2token,not_valid_noun
diapers,….. ?,-14.875,2,2token,not_valid_noun
diapers,to buy,-14.875,2,2token,not_valid_noun
diapers,noun for,-14.875,2,2token,incomplete_phrase
diapers,waste you,-14.875,2,2token,incomplete_phrase
diapers,waste are,-14.875,2,2token,incomplete_phrase
diapers,waste ....,-14.875,2,2token,not_valid_noun
diapers,waste ____________,-14.875,2,2token,not_valid_noun
diapers,_. An,-14.875,2,2token,not_valid_noun
diapers,.. Find,-14.875,2,2token,not_valid_noun
diapers,____ fruit,-14.875,2,2token,not_valid_noun
diapers,____ ?,-14.875,2,2token,not_valid_noun
diapers,thing related,-14.875,2,2token,incomplete_phrase
diapers,pant to,-14.875,2,2token,not_valid_noun
diapers,_. Your,-14.875,2,2token,not_valid_noun
diapers,_. These,-14.875,2,2token,not_valid_noun
diapers,clothe ______,-14.875,2,2token,not_valid_noun
diapers,accessory /,-14.875,2,2token,not_valid_noun
diapers,product they,-14.875,2,2token,incomplete_phrase
diapers,accessory Incomplete,-14.875,2,2token,not_valid_noun
diapers,product are,-14.875,2,2token,incomplete_phrase
diapers,under ____,-14.875,2,2token,not_valid_noun
diapers,noun is,-14.875,2,2token,not_valid_noun
diapers,essential personal,-14.875,2,2token,incomplete_phrase
diapers,_____,-14.875,2,2token,not_valid_noun
diapers,to ________,-14.875,2,2token,not_valid_noun
diapers,____ -,-14.875,2,2token,not_valid_noun
diapers,pant a,-14.875,2,2token,not_valid_noun
diapers,.. baby,-14.875,2,2token,not_valid_noun
diapers,____ Choose,-14.875,2,2token,not_valid_noun
diapers,A (,-14.875,2,2token,not_valid_noun
diapers,A :,-14.875,2,2token,not_valid_noun
diapers,care Item,-14.875,2,2token,incomplete_phrase
diapers,A food,-14.875,2,2token,not_valid_noun
diapers,bag filled,-14.875,2,2token,not_valid_noun
diapers,bag ____,-14.875,2,2token,not_valid_noun
diapers,suit that,-14.875,2,2token,incomplete_phrase
diapers,? _______,-14.875,2,2token,not_valid_noun
diapers,? fruit,-14.875,2,2token,not_valid_noun
diapers,? _,-14.875,2,2token,not_valid_noun
diapers,children __,-14.875,2,2token,not_valid_noun
diapers,n *,-14.875,2,2token,not_valid_noun
diapers,dirty ...,-14.875,2,2token,not_valid_noun
diapers,hygiene ______,-14.875,2,2token,not_valid_noun
diapers,travel,-14.875,1,single_token,incomplete_phrase
diapers,hear,-14.875,1,single_token,not_valid_noun
diapers,Use,-14.875,1,single_token,incomplete_phrase
diapers,CL,-14.875,1,single_token,not_valid_noun
diapers,fashion ...,-14.875,2,2token,not_valid_noun
diapers,item A,-14.875,2,2token,not_valid_noun
diapers,oo,-14.875,1,single_token,not_valid_noun
diapers,nim,-14.875,1,single_token,incomplete_phrase
diapers,protective ...,-14.875,2,2token,not_valid_noun
diapers,protective piece,-14.875,2,2token,incomplete_phrase
diapers,Of,-14.875,1,single_token,not_valid_noun
diapers,tu,-14.875,1,single_token,not_valid_noun
diapers,....... clothing,-14.875,2,2token,not_valid_noun
diapers,___________ :,-14.875,2,2token,not_valid_noun
diapers,___________ noun,-14.875,2,2token,not_valid_noun
diapers,___________ _.,-14.875,2,2token,not_valid_noun
diapers,classifying,-14.875,1,single_token,not_valid_noun
diapers,item ______,-14.875,2,2token,not_valid_noun
diapers,item they,-14.875,2,2token,incomplete_phrase
diapers,....... Select,-14.875,2,2token,not_valid_noun
diapers,___________ in,-14.875,2,2token,not_valid_noun
diapers,}_{,-14.875,1,single_token,not_valid_noun
diapers,symbols,-14.875,1,single_token,not_valid_noun
diapers,hanging,-14.875,1,single_token,incomplete_phrase
diapers,bod,-14.875,1,single_token,incomplete_phrase
diapers,envi,-14.875,1,single_token,not_valid_noun
diapers,multipurpose,-14.875,1,single_token,not_valid_noun
diapers,protective,-14.875,2,2token,not_valid_noun
diapers,...... Clothes,-14.875,2,2token,not_valid_noun
diapers,tool Read,-14.875,2,2token,not_valid_noun
diapers,Be,-14.875,1,single_token,not_valid_noun
diapers,Su,-14.875,1,single_token,not_valid_noun
diapers,Cloth ...,-14.875,2,2token,not_valid_noun
diapers,underwater,-14.875,1,single_token,not_valid_noun
diapers,tool and,-14.875,2,2token,incomplete_phrase
diapers,mit,-14.875,1,single_token,not_valid_noun
diapers,restraining,-14.875,1,single_token,not_valid_noun
diapers,giz,-14.875,1,single_token,not_valid_noun
diapers,Circum,-14.875,1,single_token,not_valid_noun
diapers,bulky,-14.875,1,single_token,not_valid_noun
diapers,masking,-14.875,1,single_token,not_valid_noun
diapers,ñ,-14.875,1,single_token,not_valid_noun
diapers,saniti,-14.875,1,single_token,not_valid_noun
diapers,medicinal,-14.875,1,single_token,not_valid_noun
diapers,>,-14.875,1,single_token,not_valid_noun
diapers,ke,-14.875,1,single_token,not_valid_noun
diapers,fis,-14.875,1,single_token,not_valid_noun
diapers,Dra,-14.875,1,single_token,not_valid_noun
diapers,ana,-14.875,1,single_token,incomplete_phrase
diapers,tool ______,-14.875,2,2token,not_valid_noun
diapers,apro,-14.875,1,single_token,not_valid_noun
diapers,permanent,-14.875,1,single_token,incomplete_phrase
diapers,...... You,-14.875,2,2token,not_valid_noun
diapers,...... baby,-14.875,2,2token,not_valid_noun
diapers,...... ____,-14.875,2,2token,not_valid_noun
diapers,cotton or,-14.875,2,2token,not_valid_noun
diapers,although,-14.875,1,single_token,not_valid_noun
diapers,Thank,-14.875,1,single_token,incomplete_phrase
diapers,cars,-14.875,1,single_token,not_valid_noun
diapers,teaching,-14.875,1,single_token,incomplete_phrase
diapers,an a,-14.90625,2,2token,not_valid_noun
diapers,attire (,-14.90625,2,2token,not_valid_noun
diapers,skin ________,-14.90625,2,2token,not_valid_noun
diapers,bathing ________,-14.90625,2,2token,not_valid_noun
diapers,personal _____,-14.90625,2,2token,not_valid_noun
diapers,skin of,-14.90625,2,2token,not_valid_noun
diapers,used every,-14.90625,2,2token,incomplete_phrase
diapers,[,-14.90625,2,2token,not_valid_noun
diapers,something or,-14.90625,2,2token,not_valid_noun
diapers,sheet or,-14.90625,2,2token,not_valid_noun
diapers,Clothes complete,-14.90625,2,2token,not_valid_noun
diapers,t o,-14.9375,2,2token,not_valid_noun
diapers,………… A,-14.9375,2,2token,not_valid_noun
diapers,………… food,-14.9375,2,2token,not_valid_noun
diapers,medical,-14.9375,2,2token,incomplete_phrase
diapers,medical ...,-14.9375,2,2token,not_valid_noun
diapers,t _______,-14.9375,2,2token,not_valid_noun
diapers,material with,-14.9375,2,2token,incomplete_phrase
diapers,n …,-14.9375,2,2token,not_valid_noun
diapers,textile Item,-14.9375,2,2token,incomplete_phrase
diapers,( _______,-14.9375,2,2token,not_valid_noun
diapers,"( ),",-14.9375,2,2token,not_valid_noun
diapers,( type,-14.9375,2,2token,not_valid_noun
diapers,believe,-14.9375,1,single_token,not_valid_noun
diapers,once,-14.9375,1,single_token,not_valid_noun
diapers,Cons,-14.9375,1,single_token,incomplete_phrase
diapers,able,-14.9375,1,single_token,not_valid_noun
diapers,less,-14.9375,1,single_token,not_valid_noun
diapers,Tra,-14.9375,1,single_token,incomplete_phrase
diapers,( .,-14.9375,2,2token,not_valid_noun
diapers,textile complete,-14.9375,2,2token,not_valid_noun
diapers,underwear _,-14.9375,2,2token,not_valid_noun
diapers,"underwear ,",-14.9375,2,2token,not_valid_noun
diapers,t (,-14.9375,2,2token,not_valid_noun
diapers,pants COMPLETE,-14.9375,2,2token,not_valid_noun
diapers,material complete,-14.9375,2,2token,not_valid_noun
diapers,material Used,-14.9375,2,2token,incomplete_phrase
diapers,while,-14.9375,1,single_token,incomplete_phrase
diapers,following,-14.9375,1,single_token,incomplete_phrase
diapers,ed,-14.9375,1,single_token,not_valid_noun
diapers,device (,-14.9375,2,2token,not_valid_noun
diapers,device or,-14.9375,2,2token,not_valid_noun
diapers,____________ -,-14.9375,2,2token,not_valid_noun
diapers,material a,-14.9375,2,2token,not_valid_noun
diapers,n ....,-14.9375,2,2token,not_valid_noun
diapers,underwear [,-14.9375,2,2token,not_valid_noun
diapers,= complete,-14.9375,2,2token,not_valid_noun
diapers,plastic or,-14.9375,2,2token,not_valid_noun
diapers,pants ….,-14.9375,2,2token,not_valid_noun
diapers,pants fruit,-14.9375,2,2token,incomplete_phrase
diapers,pants …,-14.9375,2,2token,not_valid_noun
diapers,pants is,-14.9375,2,2token,not_valid_noun
diapers,pants of,-14.9375,2,2token,not_valid_noun
diapers,Clothing ____,-14.9375,2,2token,not_valid_noun
diapers,Clothing ....,-14.9375,2,2token,not_valid_noun
diapers,Clothing that,-14.9375,2,2token,incomplete_phrase
diapers,........... Use,-14.9375,2,2token,not_valid_noun
diapers,becoming,-14.9375,1,single_token,not_valid_noun
diapers,Unter,-14.9375,1,single_token,not_valid_noun
diapers,to clean,-14.9375,2,2token,not_valid_noun
diapers,towel used,-14.9375,2,2token,incomplete_phrase
diapers,towel in,-14.9375,2,2token,not_valid_noun
diapers,cleaning for,-14.9375,2,2token,not_valid_noun
diapers,cleaning (,-14.9375,2,2token,not_valid_noun
diapers,…… clothing,-14.9375,2,2token,not_valid_noun
diapers,underwear made,-14.9375,2,2token,incomplete_phrase
diapers,…… ...,-14.9375,2,2token,not_valid_noun
diapers,…… If,-14.9375,2,2token,not_valid_noun
diapers,…… To,-14.9375,2,2token,not_valid_noun
diapers,under a,-14.9375,2,2token,not_valid_noun
diapers,= are,-14.9375,2,2token,not_valid_noun
diapers,= I,-14.9375,2,2token,not_valid_noun
diapers,…… diapers,-14.9375,2,2token,not_valid_noun
diapers,survival,-14.9375,1,single_token,incomplete_phrase
diapers,Baby,-14.9375,2,2token,incomplete_phrase
diapers,________ _____,-14.9375,2,2token,not_valid_noun
diapers,________ Explain,-14.9375,2,2token,not_valid_noun
diapers,________ because,-14.9375,2,2token,not_valid_noun
diapers,Baby (,-14.9375,2,2token,not_valid_noun
diapers,accidental,-14.9375,1,single_token,incomplete_phrase
diapers,"[,",-14.9375,1,single_token,not_valid_noun
diapers,stuffs,-14.9375,1,single_token,not_valid_noun
diapers,undeveloped,-14.9375,1,single_token,not_valid_noun
diapers,negative,-14.9375,1,single_token,incomplete_phrase
diapers,Ann,-14.9375,1,single_token,incomplete_phrase
diapers,multiple,-14.9375,1,single_token,incomplete_phrase
diapers,methods,-14.9375,1,single_token,not_valid_noun
diapers,xxxx,-14.9375,1,single_token,not_valid_noun
diapers,preventative,-14.9375,1,single_token,incomplete_phrase
diapers,Absor,-14.9375,1,single_token,not_valid_noun
diapers,viagra,-14.9375,1,single_token,not_valid_noun
diapers,neut,-14.9375,1,single_token,not_valid_noun
diapers,Ã,-14.9375,1,single_token,not_valid_noun
diapers,chew,-14.9375,1,single_token,incomplete_phrase
diapers,OO,-14.9375,1,single_token,not_valid_noun
diapers,yo,-14.9375,1,single_token,not_valid_noun
diapers,tun,-14.9375,1,single_token,incomplete_phrase
diapers,pure,-14.9375,1,single_token,not_valid_noun
diapers,container ________,-14.9375,2,2token,not_valid_noun
diapers,container and,-14.9375,2,2token,incomplete_phrase
diapers,ar,-14.9375,1,single_token,not_valid_noun
diapers,tr,-14.9375,1,single_token,not_valid_noun
diapers,laundry _______,-14.9375,2,2token,not_valid_noun
diapers,ABC,-14.9375,1,single_token,not_valid_noun
diapers,ward,-14.9375,1,single_token,incomplete_phrase
diapers,Parent,-14.9375,1,single_token,incomplete_phrase
diapers,compan,-14.9375,1,single_token,not_valid_noun
diapers,commer,-14.9375,1,single_token,not_valid_noun
diapers,activities,-14.9375,1,single_token,not_valid_noun
diapers,storing,-14.9375,1,single_token,not_valid_noun
diapers,pockets,-14.9375,1,single_token,not_valid_noun
diapers,baw,-14.9375,1,single_token,not_valid_noun
diapers,........ ....,-14.9375,2,2token,not_valid_noun
diapers,........ Answer,-14.9375,2,2token,not_valid_noun
diapers,females,-14.9375,1,single_token,not_valid_noun
diapers,APP,-14.9375,1,single_token,not_valid_noun
diapers,pam,-14.9375,1,single_token,incomplete_phrase
diapers,folds,-14.9375,1,single_token,not_valid_noun
diapers,sub,-14.9375,1,single_token,incomplete_phrase
diapers,pri,-14.9375,1,single_token,not_valid_noun
diapers,},-14.9375,1,single_token,not_valid_noun
diapers,…… You,-14.9375,2,2token,not_valid_noun
diapers,__ Blank,-14.9375,2,2token,not_valid_noun
diapers,__ The,-14.9375,2,2token,not_valid_noun
diapers,__ in,-14.9375,2,2token,not_valid_noun
diapers,__,-14.9375,2,2token,not_valid_noun
diapers,wrapper of,-14.9375,2,2token,not_valid_noun
diapers,paper which,-14.9375,2,2token,incomplete_phrase
diapers,paper -,-14.9375,2,2token,not_valid_noun
diapers,- Select,-14.9375,2,2token,not_valid_noun
diapers,for you,-14.96875,2,2token,not_valid_noun
diapers,infant _______,-14.96875,2,2token,not_valid_noun
diapers,infant …,-14.96875,2,2token,not_valid_noun
diapers,diapers (,-14.96875,2,2token,not_valid_noun
diapers,......... complete,-14.96875,2,2token,not_valid_noun
diapers,infant baby,-14.96875,2,2token,incomplete_phrase
diapers,infant or,-14.96875,2,2token,not_valid_noun
diapers,wearable protective,-14.96875,2,2token,incomplete_phrase
diapers,wearable piece,-14.96875,2,2token,incomplete_phrase
diapers,things they,-14.96875,2,2token,incomplete_phrase
diapers,useful for,-14.96875,2,2token,not_valid_noun
diapers,things or,-14.96875,2,2token,not_valid_noun
diapers,help that,-14.96875,2,2token,incomplete_phrase
diapers,.............. Write,-14.96875,2,2token,not_valid_noun
diapers,.............. Choose,-14.96875,2,2token,not_valid_noun
diapers,blanket to,-14.96875,2,2token,not_valid_noun
diapers,blanket complete,-14.96875,2,2token,not_valid_noun
diapers,protection or,-14.96875,2,2token,not_valid_noun
diapers,c Complete,-14.96875,2,2token,not_valid_noun
diapers,covering of,-14.96875,2,2token,not_valid_noun
diapers,What will,-14.96875,2,2token,not_valid_noun
diapers,c ______,-14.96875,2,2token,not_valid_noun
diapers,[-,-15.0,1,single_token,not_valid_noun
diapers,pantal,-15.0,1,single_token,not_valid_noun
diapers,sporting,-15.0,1,single_token,not_valid_noun
diapers,half,-15.0,1,single_token,incomplete_phrase
diapers,six,-15.0,1,single_token,incomplete_phrase
diapers,gr,-15.0,1,single_token,not_valid_noun
diapers,give,-15.0,1,single_token,incomplete_phrase
diapers,inst,-15.0,1,single_token,not_valid_noun
diapers,what -,-15.0,2,2token,not_valid_noun
diapers,UN,-15.0,1,single_token,not_valid_noun
diapers,item around,-15.0,2,2token,incomplete_phrase
diapers,&,-15.0,1,single_token,not_valid_noun
diapers,more,-15.0,1,single_token,incomplete_phrase
diapers,oder,-15.0,1,single_token,not_valid_noun
diapers,teenage,-15.0,1,single_token,incomplete_phrase
diapers,Blan,-15.0,1,single_token,incomplete_phrase
diapers,clothe the,-15.0,2,2token,incomplete_phrase
diapers,item required,-15.0,2,2token,incomplete_phrase
diapers,accessory …,-15.0,2,2token,not_valid_noun
diapers,clothe .......,-15.0,2,2token,not_valid_noun
diapers,clothe -,-15.0,2,2token,not_valid_noun
diapers,care ________,-15.0,2,2token,not_valid_noun
diapers,care and,-15.0,2,2token,not_valid_noun
diapers,A __,-15.0,2,2token,not_valid_noun
diapers,what :,-15.0,2,2token,not_valid_noun
diapers,clothe [,-15.0,2,2token,not_valid_noun
diapers,bag on,-15.0,2,2token,not_valid_noun
diapers,kel,-15.0,1,single_token,not_valid_noun
diapers,thing …,-15.0,2,2token,not_valid_noun
diapers,thing Use,-15.0,2,2token,incomplete_phrase
diapers,rein,-15.0,1,single_token,incomplete_phrase
diapers,apparel in,-15.0,2,2token,not_valid_noun
diapers,? ____,-15.0,2,2token,not_valid_noun
diapers,? Clothes,-15.0,2,2token,not_valid_noun
diapers,? _____,-15.0,2,2token,not_valid_noun
diapers,blank Fill,-15.0,2,2token,not_valid_noun
diapers,oc,-15.0,1,single_token,not_valid_noun
diapers,Fa,-15.0,1,single_token,not_valid_noun
diapers,___________ ....,-15.0,2,2token,not_valid_noun
diapers,___________ In,-15.0,2,2token,not_valid_noun
diapers,"___________ ,",-15.0,2,2token,not_valid_noun
diapers,Lin,-15.0,1,single_token,incomplete_phrase
diapers,^,-15.0,1,single_token,not_valid_noun
diapers,product …,-15.0,2,2token,not_valid_noun
diapers,product needed,-15.0,2,2token,incomplete_phrase
diapers,product called,-15.0,2,2token,incomplete_phrase
diapers,product by,-15.0,2,2token,not_valid_noun
diapers,product :,-15.0,2,2token,not_valid_noun
diapers,accessory with,-15.0,2,2token,incomplete_phrase
diapers,nf,-15.0,1,single_token,not_valid_noun
diapers,wearing ...,-15.0,2,2token,not_valid_noun
diapers,only,-15.0,1,single_token,not_valid_noun
diapers,___________ are,-15.0,2,2token,not_valid_noun
diapers,DIR,-15.0,1,single_token,not_valid_noun
diapers,cas,-15.0,1,single_token,not_valid_noun
diapers,....... In,-15.0,2,2token,not_valid_noun
diapers,item bought,-15.0,2,2token,incomplete_phrase
diapers,___________ -,-15.0,2,2token,not_valid_noun
diapers,vas,-15.0,1,single_token,incomplete_phrase
diapers,tool ....,-15.0,2,2token,not_valid_noun
diapers,teenagers,-15.0,1,single_token,not_valid_noun
diapers,....... fruit,-15.0,2,2token,not_valid_noun
diapers,___________ Clothes,-15.0,2,2token,not_valid_noun
diapers,? clothing,-15.0,2,2token,not_valid_noun
diapers,children ?,-15.0,2,2token,not_valid_noun
diapers,bag -,-15.0,2,2token,not_valid_noun
diapers,waste Paper,-15.0,2,2token,incomplete_phrase
diapers,(:,-15.0,1,single_token,not_valid_noun
diapers,wash or,-15.0,2,2token,not_valid_noun
diapers,...... _____,-15.0,2,2token,not_valid_noun
diapers,Cloth ________,-15.0,2,2token,not_valid_noun
diapers,object ________,-15.0,2,2token,not_valid_noun
diapers,object ____,-15.0,2,2token,not_valid_noun
diapers,"? ,",-15.0,2,2token,not_valid_noun
diapers,tool _____,-15.0,2,2token,not_valid_noun
diapers,poisonous,-15.0,1,single_token,not_valid_noun
diapers,fart,-15.0,1,single_token,not_valid_noun
diapers,THINGS,-15.0,1,single_token,not_valid_noun
diapers,$(,-15.0,1,single_token,not_valid_noun
diapers,SI,-15.0,1,single_token,not_valid_noun
diapers,circular,-15.0,1,single_token,incomplete_phrase
diapers,baked,-15.0,1,single_token,not_valid_noun
diapers,cloths which,-15.0,2,2token,incomplete_phrase
diapers,((),-15.0,1,single_token,not_valid_noun
diapers,unimportant,-15.0,1,single_token,not_valid_noun
diapers,lif,-15.0,1,single_token,incomplete_phrase
diapers,？,-15.0,1,single_token,not_valid_noun
diapers,(?,-15.0,1,single_token,not_valid_noun
diapers,unique,-15.0,1,single_token,not_valid_noun
diapers,cotton thread,-15.0,2,2token,not_valid_noun
diapers,cotton ...,-15.0,2,2token,not_valid_noun
diapers,...... diapers,-15.0,2,2token,not_valid_noun
diapers,hygiene Related,-15.0,2,2token,incomplete_phrase
diapers,hygiene ____,-15.0,2,2token,not_valid_noun
diapers,essential to,-15.0,2,2token,not_valid_noun
diapers,….. In,-15.0,2,2token,not_valid_noun
diapers,essential ...,-15.0,2,2token,not_valid_noun
diapers,object _______,-15.0,2,2token,not_valid_noun
diapers,n app,-15.0,2,2token,not_valid_noun
diapers,pant ________,-15.0,2,2token,not_valid_noun
diapers,n ...............,-15.0,2,2token,not_valid_noun
diapers,pant _____,-15.0,2,2token,not_valid_noun
diapers,pant _______,-15.0,2,2token,not_valid_noun
diapers,what children,-15.0,2,2token,not_valid_noun
diapers,n The,-15.0,2,2token,not_valid_noun
diapers,what or,-15.0,2,2token,not_valid_noun
diapers,cotton baby,-15.0,2,2token,incomplete_phrase
diapers,...... Which,-15.0,2,2token,not_valid_noun
diapers,object ....,-15.0,2,2token,not_valid_noun
diapers,sheet (,-15.03125,2,2token,not_valid_noun
diapers,an electronic,-15.03125,2,2token,not_valid_noun
diapers,an apple,-15.03125,2,2token,not_valid_noun
diapers,an (,-15.03125,2,2token,not_valid_noun
diapers,c _____,-15.03125,2,2token,not_valid_noun
diapers,[ BLANK,-15.03125,2,2token,not_valid_noun
diapers,cover in,-15.03125,2,2token,not_valid_noun
diapers,cover -,-15.03125,2,2token,not_valid_noun
diapers,vegetable (,-15.03125,2,2token,not_valid_noun
diapers,cover made,-15.03125,2,2token,not_valid_noun
diapers,package that,-15.03125,2,2token,incomplete_phrase
diapers,an apparel,-15.03125,2,2token,not_valid_noun
diapers,........ Choose,-15.0625,2,2token,not_valid_noun
diapers,laundry ____,-15.0625,2,2token,not_valid_noun
diapers,util,-15.0625,1,single_token,not_valid_noun
diapers,Part,-15.0625,1,single_token,incomplete_phrase
diapers,Please,-15.0625,1,single_token,not_valid_noun
diapers,Mac,-15.0625,1,single_token,incomplete_phrase
diapers,intensive,-15.0625,1,single_token,incomplete_phrase
diapers,(,-15.0625,1,single_token,not_valid_noun
diapers,Clothing Fill,-15.0625,2,2token,not_valid_noun
diapers,Clothing _____,-15.0625,2,2token,not_valid_noun
diapers,to clothing,-15.0625,2,2token,not_valid_noun
diapers,towel to,-15.0625,2,2token,not_valid_noun
diapers,cleaning mater,-15.0625,2,2token,incomplete_phrase
diapers,cleaning equip,-15.0625,2,2token,incomplete_phrase
diapers,________ to,-15.0625,2,2token,not_valid_noun
diapers,……,-15.0625,2,2token,not_valid_noun
diapers,…… [,-15.0625,2,2token,not_valid_noun
diapers,…… We,-15.0625,2,2token,not_valid_noun
diapers,dig,-15.0625,1,single_token,incomplete_phrase
diapers,med,-15.0625,1,single_token,not_valid_noun
diapers,main,-15.0625,1,single_token,incomplete_phrase
diapers,________ with,-15.0625,2,2token,not_valid_noun
diapers,reg,-15.0625,1,single_token,incomplete_phrase
diapers,vo,-15.0625,1,single_token,not_valid_noun
diapers,........ ?,-15.0625,2,2token,not_valid_noun
diapers,- Clothes,-15.0625,2,2token,not_valid_noun
diapers,shoe ________,-15.0625,2,2token,not_valid_noun
diapers,shirt that,-15.0625,2,2token,incomplete_phrase
diapers,__ What,-15.0625,2,2token,not_valid_noun
diapers,__ BLANK,-15.0625,2,2token,not_valid_noun
diapers,laundry that,-15.0625,2,2token,incomplete_phrase
diapers,smaller,-15.0625,1,single_token,not_valid_noun
diapers,carried,-15.0625,1,single_token,not_valid_noun
diapers,consum,-15.0625,1,single_token,not_valid_noun
diapers,device which,-15.0625,2,2token,incomplete_phrase
diapers,container _______,-15.0625,2,2token,not_valid_noun
diapers,produc,-15.0625,1,single_token,not_valid_noun
diapers,container ...,-15.0625,2,2token,not_valid_noun
diapers,________ you,-15.0625,2,2token,not_valid_noun
diapers,Human,-15.0625,1,single_token,incomplete_phrase
diapers,________ which,-15.0625,2,2token,not_valid_noun
diapers,________ You,-15.0625,2,2token,not_valid_noun
diapers,material ______,-15.0625,2,2token,not_valid_noun
diapers,material is,-15.0625,2,2token,not_valid_noun
diapers,____________ fruit,-15.0625,2,2token,not_valid_noun
diapers,____________ or,-15.0625,2,2token,not_valid_noun
diapers,____________,-15.0625,2,2token,not_valid_noun
diapers,"________ ,",-15.0625,2,2token,not_valid_noun
diapers,…… Food,-15.0625,2,2token,not_valid_noun
diapers,…… Explain,-15.0625,2,2token,not_valid_noun
diapers,TYPE,-15.0625,1,single_token,incomplete_phrase
diapers,frozen,-15.0625,1,single_token,not_valid_noun
diapers,retain,-15.0625,1,single_token,not_valid_noun
diapers,farming,-15.0625,1,single_token,incomplete_phrase
diapers,= Clothing,-15.0625,2,2token,not_valid_noun
diapers,sustainability,-15.0625,1,single_token,not_valid_noun
diapers,Her,-15.0625,1,single_token,not_valid_noun
diapers,= ?,-15.0625,2,2token,not_valid_noun
diapers,often,-15.0625,1,single_token,not_valid_noun
diapers,whole,-15.0625,1,single_token,incomplete_phrase
diapers,cy,-15.0625,1,single_token,not_valid_noun
diapers,among,-15.0625,1,single_token,not_valid_noun
diapers,normal,-15.0625,1,single_token,incomplete_phrase
diapers,games,-15.0625,1,single_token,not_valid_noun
diapers,footwear complete,-15.0625,2,2token,not_valid_noun
diapers,________ by,-15.0625,2,2token,not_valid_noun
diapers,gets,-15.0625,1,single_token,not_valid_noun
diapers,ai,-15.0625,1,single_token,not_valid_noun
diapers,consumers,-15.0625,1,single_token,not_valid_noun
diapers,pulled,-15.0625,1,single_token,not_valid_noun
diapers,blanket that,-15.0625,2,2token,incomplete_phrase
diapers,towel that,-15.0625,2,2token,incomplete_phrase
diapers,-),-15.0625,1,single_token,not_valid_noun
diapers,smal,-15.0625,1,single_token,not_valid_noun
diapers,carri,-15.0625,1,single_token,not_valid_noun
diapers,pants A,-15.0625,2,2token,not_valid_noun
diapers,( CLOTH,-15.0625,2,2token,not_valid_noun
diapers,wash to,-15.0625,2,2token,not_valid_noun
diapers,pann,-15.0625,1,single_token,not_valid_noun
diapers,Change,-15.0625,1,single_token,incomplete_phrase
diapers,fas,-15.0625,1,single_token,not_valid_noun
diapers,plays,-15.0625,1,single_token,not_valid_noun
diapers,fruit of,-15.0625,2,2token,not_valid_noun
diapers,Clothing _______,-15.0625,2,2token,not_valid_noun
diapers,forbidden,-15.0625,1,single_token,not_valid_noun
diapers,Clothing ______,-15.0625,2,2token,not_valid_noun
diapers,Annie,-15.0625,1,single_token,incomplete_phrase
diapers,fruit ________,-15.0625,2,2token,not_valid_noun
diapers,sous,-15.0625,1,single_token,not_valid_noun
diapers,fruit is,-15.0625,2,2token,not_valid_noun
diapers,agricultural,-15.0625,1,single_token,not_valid_noun
diapers,bed wet,-15.0625,2,2token,incomplete_phrase
diapers,developmental,-15.0625,1,single_token,not_valid_noun
diapers,Kimberly,-15.0625,1,single_token,incomplete_phrase
diapers,fruity,-15.0625,1,single_token,not_valid_noun
diapers,youngster,-15.0625,1,single_token,incomplete_phrase
diapers,～,-15.0625,1,single_token,not_valid_noun
diapers,…… underwear,-15.0625,2,2token,not_valid_noun
diapers,p Clothing,-15.09375,2,2token,not_valid_noun
diapers,babies ',-15.09375,2,2token,not_valid_noun
diapers,p What,-15.09375,2,2token,not_valid_noun
diapers,washing -,-15.09375,2,2token,not_valid_noun
diapers,washing a,-15.09375,2,2token,not_valid_noun
diapers,things called,-15.09375,2,2token,incomplete_phrase
diapers,p The,-15.09375,2,2token,not_valid_noun
diapers,............... Read,-15.09375,2,2token,not_valid_noun
diapers,articles and,-15.09375,2,2token,incomplete_phrase
diapers,for girls,-15.09375,2,2token,not_valid_noun
diapers,for ...,-15.09375,2,2token,not_valid_noun
diapers,for child,-15.09375,2,2token,not_valid_noun
diapers,rag _,-15.09375,2,2token,not_valid_noun
diapers,for Babies,-15.09375,2,2token,not_valid_noun
diapers,p at,-15.09375,2,2token,not_valid_noun
diapers,rag _______,-15.09375,2,2token,not_valid_noun
diapers,protection and,-15.09375,2,2token,incomplete_phrase
diapers,candy (,-15.09375,2,2token,not_valid_noun
diapers,diapers for,-15.09375,2,2token,incomplete_phrase
diapers,.............. ...,-15.09375,2,2token,not_valid_noun
diapers,doll (,-15.09375,2,2token,not_valid_noun
diapers,P E,-15.09375,2,2token,not_valid_noun
diapers,useful,-15.09375,2,2token,not_valid_noun
diapers,P ...,-15.09375,2,2token,not_valid_noun
diapers,P in,-15.09375,2,2token,not_valid_noun
diapers,things on,-15.09375,2,2token,not_valid_noun
diapers,things I,-15.09375,2,2token,not_valid_noun
diapers,things of,-15.09375,2,2token,not_valid_noun
diapers,trash (,-15.09375,2,2token,not_valid_noun
diapers,toys (,-15.09375,2,2token,not_valid_noun
diapers,things with,-15.09375,2,2token,incomplete_phrase
diapers,things like,-15.09375,2,2token,incomplete_phrase
diapers,help at,-15.09375,2,2token,not_valid_noun
diapers,relax,-15.125,1,single_token,not_valid_noun
diapers,一,-15.125,1,single_token,not_valid_noun
diapers,Bot,-15.125,1,single_token,incomplete_phrase
diapers,sar,-15.125,1,single_token,incomplete_phrase
diapers,PN,-15.125,1,single_token,not_valid_noun
diapers,”,-15.125,1,single_token,not_valid_noun
diapers,helpers,-15.125,1,single_token,not_valid_noun
diapers,בג,-15.125,1,single_token,not_valid_noun
diapers,restrain,-15.125,1,single_token,not_valid_noun
diapers,Nursery,-15.125,1,single_token,incomplete_phrase
diapers,landfill,-15.125,1,single_token,not_valid_noun
diapers,soaking,-15.125,1,single_token,incomplete_phrase
diapers,ng,-15.125,1,single_token,not_valid_noun
diapers,equipments,-15.125,1,single_token,not_valid_noun
diapers,possible,-15.125,1,single_token,incomplete_phrase
diapers,provide,-15.125,1,single_token,not_valid_noun
diapers,.. Select,-15.125,2,2token,not_valid_noun
diapers,apparel ______,-15.125,2,2token,not_valid_noun
diapers,n o,-15.125,2,2token,not_valid_noun
diapers,n I,-15.125,2,2token,not_valid_noun
diapers,clothe |,-15.125,2,2token,not_valid_noun
diapers,accessory Fill,-15.125,2,2token,not_valid_noun
diapers,accessory A,-15.125,2,2token,not_valid_noun
diapers,.. __,-15.125,2,2token,not_valid_noun
diapers,.. shirt,-15.125,2,2token,not_valid_noun
diapers,.. _,-15.125,2,2token,not_valid_noun
diapers,t …,-15.125,2,2token,not_valid_noun
diapers,dressing used,-15.125,2,2token,not_valid_noun
diapers,wearing an,-15.125,2,2token,not_valid_noun
diapers,bath Item,-15.125,2,2token,incomplete_phrase
diapers,bab,-15.125,1,single_token,incomplete_phrase
diapers,Lau,-15.125,1,single_token,not_valid_noun
diapers,Form,-15.125,1,single_token,incomplete_phrase
diapers,sn,-15.125,1,single_token,not_valid_noun
diapers,bought,-15.125,1,single_token,not_valid_noun
diapers,evening,-15.125,1,single_token,incomplete_phrase
diapers,noun a,-15.125,2,2token,not_valid_noun
diapers,noun ...,-15.125,2,2token,not_valid_noun
diapers,tissue ...,-15.125,2,2token,not_valid_noun
diapers,tissue _______,-15.125,2,2token,not_valid_noun
diapers,lightweight,-15.125,1,single_token,incomplete_phrase
diapers,sweats,-15.125,1,single_token,not_valid_noun
diapers,pasta,-15.125,1,single_token,not_valid_noun
diapers,tissue ______,-15.125,2,2token,not_valid_noun
diapers,invented,-15.125,1,single_token,not_valid_noun
diapers,homemade,-15.125,1,single_token,not_valid_noun
diapers,synthe,-15.125,1,single_token,not_valid_noun
diapers,tissue that,-15.125,2,2token,incomplete_phrase
diapers,happ,-15.125,1,single_token,not_valid_noun
diapers,Do,-15.125,1,single_token,not_valid_noun
diapers,____ is,-15.125,2,2token,not_valid_noun
diapers,….. I,-15.125,2,2token,not_valid_noun
diapers,flats,-15.125,1,single_token,not_valid_noun
diapers,equ,-15.125,1,single_token,not_valid_noun
diapers,acc,-15.125,1,single_token,not_valid_noun
diapers,may,-15.125,1,single_token,incomplete_phrase
diapers,costume or,-15.125,2,2token,not_valid_noun
diapers,noun _______,-15.125,2,2token,not_valid_noun
diapers,typical,-15.125,1,single_token,not_valid_noun
diapers,n fruit,-15.125,2,2token,not_valid_noun
diapers,object a,-15.125,2,2token,not_valid_noun
diapers,ladies,-15.125,1,single_token,incomplete_phrase
diapers,bath …,-15.125,2,2token,not_valid_noun
diapers,object we,-15.125,2,2token,not_valid_noun
diapers,____ toy,-15.125,2,2token,not_valid_noun
diapers,____ blank,-15.125,2,2token,not_valid_noun
diapers,blank _____,-15.125,2,2token,not_valid_noun
diapers,to clothes,-15.125,2,2token,not_valid_noun
diapers,….. Write,-15.125,2,2token,not_valid_noun
diapers,apparel _____,-15.125,2,2token,not_valid_noun
diapers,____ How,-15.125,2,2token,not_valid_noun
diapers,.. of,-15.125,2,2token,not_valid_noun
diapers,children supplies,-15.125,2,2token,not_valid_noun
diapers,.. You,-15.125,2,2token,not_valid_noun
diapers,____ [,-15.125,2,2token,not_valid_noun
diapers,){,-15.125,1,single_token,not_valid_noun
diapers,.. underwear,-15.125,2,2token,not_valid_noun
diapers,item useful,-15.125,2,2token,incomplete_phrase
diapers,cloths of,-15.125,2,2token,not_valid_noun
diapers,cloths ________,-15.125,2,2token,not_valid_noun
diapers,___________ toy,-15.125,2,2token,not_valid_noun
diapers,bag ....,-15.125,2,2token,not_valid_noun
diapers,___________ [,-15.125,2,2token,not_valid_noun
diapers,....... ________,-15.125,2,2token,not_valid_noun
diapers,....... -,-15.125,2,2token,not_valid_noun
diapers,....... Use,-15.125,2,2token,not_valid_noun
diapers,? Select,-15.125,2,2token,not_valid_noun
diapers,? __,-15.125,2,2token,not_valid_noun
diapers,insi,-15.125,1,single_token,not_valid_noun
diapers,item and,-15.125,2,2token,incomplete_phrase
diapers,product the,-15.125,2,2token,incomplete_phrase
diapers,product Comple,-15.125,2,2token,incomplete_phrase
diapers,kind,-15.125,2,2token,incomplete_phrase
diapers,? food,-15.125,2,2token,not_valid_noun
diapers,linen (,-15.125,2,2token,not_valid_noun
diapers,____ material,-15.125,2,2token,not_valid_noun
diapers,...... is,-15.125,2,2token,not_valid_noun
diapers,"...... ,",-15.125,2,2token,not_valid_noun
diapers,:::,-15.125,1,single_token,not_valid_noun
diapers,shes,-15.125,1,single_token,not_valid_noun
diapers,¢,-15.125,1,single_token,not_valid_noun
diapers,possessive,-15.125,1,single_token,incomplete_phrase
diapers,preventable,-15.125,1,single_token,not_valid_noun
diapers,suit ________,-15.125,2,2token,not_valid_noun
diapers,what ___________,-15.125,2,2token,not_valid_noun
diapers,what ....,-15.125,2,2token,not_valid_noun
diapers,suit ....,-15.125,2,2token,not_valid_noun
diapers,A COMPLETE,-15.125,2,2token,not_valid_noun
diapers,A shirt,-15.125,2,2token,not_valid_noun
diapers,A ),-15.125,2,2token,not_valid_noun
diapers,A good,-15.125,2,2token,not_valid_noun
diapers,furniture for,-15.125,2,2token,incomplete_phrase
diapers,...... pants,-15.125,2,2token,not_valid_noun
diapers,...... ______,-15.125,2,2token,not_valid_noun
diapers,accessories,-15.125,2,2token,not_valid_noun
diapers,what We,-15.125,2,2token,not_valid_noun
diapers,what __,-15.125,2,2token,not_valid_noun
diapers,what kinds,-15.125,2,2token,not_valid_noun
diapers,...... ....,-15.125,2,2token,not_valid_noun
diapers,accessories (,-15.125,2,2token,not_valid_noun
diapers,care ____,-15.125,2,2token,not_valid_noun
diapers,A and,-15.125,2,2token,not_valid_noun
diapers,...... _______,-15.125,2,2token,not_valid_noun
diapers,clothe What,-15.125,2,2token,not_valid_noun
diapers,clothe ____________,-15.125,2,2token,not_valid_noun
diapers,what can,-15.125,2,2token,not_valid_noun
diapers,accessory :,-15.125,2,2token,not_valid_noun
diapers,accessory needed,-15.125,2,2token,incomplete_phrase
diapers,trousers or,-15.15625,2,2token,not_valid_noun
diapers,uniform in,-15.15625,2,2token,not_valid_noun
diapers,an example,-15.15625,2,2token,not_valid_noun
diapers,pan of,-15.15625,2,2token,not_valid_noun
diapers,skin related,-15.15625,2,2token,incomplete_phrase
diapers,skin or,-15.15625,2,2token,not_valid_noun
diapers,skin on,-15.15625,2,2token,not_valid_noun
diapers,an absorbent,-15.15625,2,2token,not_valid_noun
diapers,kids under,-15.15625,2,2token,incomplete_phrase
diapers,need a,-15.15625,2,2token,not_valid_noun
diapers,- [,-15.1875,2,2token,not_valid_noun
diapers,fantastic,-15.1875,1,single_token,not_valid_noun
diapers,__ ...,-15.1875,2,2token,not_valid_noun
diapers,__ cloth,-15.1875,2,2token,not_valid_noun
diapers,- for,-15.1875,2,2token,not_valid_noun
diapers,- ...,-15.1875,2,2token,not_valid_noun
diapers,shoe complete,-15.1875,2,2token,not_valid_noun
diapers,…… An,-15.1875,2,2token,not_valid_noun
diapers,…… This,-15.1875,2,2token,not_valid_noun
diapers,__ ;,-15.1875,2,2token,not_valid_noun
diapers,medical equip,-15.1875,2,2token,incomplete_phrase
diapers,n of,-15.1875,2,2token,not_valid_noun
diapers,towel _______,-15.1875,2,2token,not_valid_noun
diapers,kid supplies,-15.1875,2,2token,not_valid_noun
diapers,fundamental,-15.1875,1,single_token,incomplete_phrase
diapers,Cot,-15.1875,1,single_token,incomplete_phrase
diapers,labels,-15.1875,1,single_token,not_valid_noun
diapers,- __,-15.1875,2,2token,not_valid_noun
diapers,gram,-15.1875,1,single_token,incomplete_phrase
diapers,tou,-15.1875,1,single_token,not_valid_noun
diapers,een,-15.1875,1,single_token,not_valid_noun
diapers,unpleasant,-15.1875,1,single_token,not_valid_noun
diapers,Kel,-15.1875,1,single_token,not_valid_noun
diapers,trendy,-15.1875,1,single_token,not_valid_noun
diapers,fifty,-15.1875,1,single_token,incomplete_phrase
diapers,material ____,-15.1875,2,2token,not_valid_noun
diapers,=',-15.1875,1,single_token,not_valid_noun
diapers,loos,-15.1875,1,single_token,not_valid_noun
diapers,olds,-15.1875,1,single_token,not_valid_noun
diapers,nigh,-15.1875,1,single_token,not_valid_noun
diapers,fecal,-15.1875,1,single_token,incomplete_phrase
diapers,ren,-15.1875,1,single_token,not_valid_noun
diapers,XX,-15.1875,1,single_token,not_valid_noun
diapers,abstract,-15.1875,1,single_token,incomplete_phrase
diapers,urban,-15.1875,1,single_token,not_valid_noun
diapers,None,-15.1875,1,single_token,incomplete_phrase
diapers,mal,-15.1875,1,single_token,incomplete_phrase
diapers,sel,-15.1875,1,single_token,not_valid_noun
diapers,fetal,-15.1875,1,single_token,incomplete_phrase
diapers,ornamental,-15.1875,1,single_token,incomplete_phrase
diapers,wrink,-15.1875,1,single_token,incomplete_phrase
diapers,flee,-15.1875,1,single_token,not_valid_noun
diapers,ander,-15.1875,1,single_token,not_valid_noun
diapers,affordable,-15.1875,1,single_token,not_valid_noun
diapers,cleaning a,-15.1875,2,2token,not_valid_noun
diapers,obj,-15.1875,1,single_token,not_valid_noun
diapers,Tex,-15.1875,1,single_token,incomplete_phrase
diapers,quanti,-15.1875,1,single_token,not_valid_noun
diapers,cleaning prod,-15.1875,2,2token,incomplete_phrase
diapers,pants _,-15.1875,2,2token,not_valid_noun
diapers,pants Full,-15.1875,2,2token,incomplete_phrase
diapers,una,-15.1875,1,single_token,incomplete_phrase
diapers,If,-15.1875,1,single_token,not_valid_noun
diapers,taken,-15.1875,1,single_token,not_valid_noun
diapers,ro,-15.1875,1,single_token,not_valid_noun
diapers,happen,-15.1875,1,single_token,not_valid_noun
diapers,,-15.1875,1,single_token,not_valid_noun
diapers,=>,-15.1875,1,single_token,not_valid_noun
diapers,ag,-15.1875,1,single_token,not_valid_noun
diapers,ge,-15.1875,1,single_token,not_valid_noun
diapers,sta,-15.1875,1,single_token,not_valid_noun
diapers,pants [,-15.1875,2,2token,not_valid_noun
diapers,( insert,-15.1875,2,2token,not_valid_noun
diapers,even,-15.1875,1,single_token,incomplete_phrase
diapers,pants on,-15.1875,2,2token,not_valid_noun
diapers,( Clothing,-15.1875,2,2token,not_valid_noun
diapers,( ropa,-15.1875,2,2token,not_valid_noun
diapers,infer,-15.1875,1,single_token,not_valid_noun
diapers,z,-15.1875,1,single_token,not_valid_noun
diapers,caps,-15.1875,1,single_token,not_valid_noun
diapers,Time,-15.1875,1,single_token,incomplete_phrase
diapers,national,-15.1875,1,single_token,incomplete_phrase
diapers,material on,-15.1875,2,2token,not_valid_noun
diapers,t __________,-15.1875,2,2token,not_valid_noun
diapers,__ [,-15.1875,2,2token,not_valid_noun
diapers,Baby Shower,-15.1875,2,2token,incomplete_phrase
diapers,Baby ________,-15.1875,2,2token,not_valid_noun
diapers,sanitation and,-15.1875,2,2token,incomplete_phrase
diapers,sanitation (,-15.1875,2,2token,not_valid_noun
diapers,wash your,-15.1875,2,2token,incomplete_phrase
diapers,fruit _______,-15.1875,2,2token,not_valid_noun
diapers,= product,-15.1875,2,2token,not_valid_noun
diapers,plastic baby,-15.1875,2,2token,incomplete_phrase
diapers,____________ Name,-15.1875,2,2token,not_valid_noun
diapers,____________ fill,-15.1875,2,2token,not_valid_noun
diapers,____________ in,-15.1875,2,2token,not_valid_noun
diapers,= noun,-15.1875,2,2token,not_valid_noun
diapers,piece .,-15.1875,2,2token,not_valid_noun
diapers,medical ____,-15.1875,2,2token,not_valid_noun
diapers,under …,-15.1875,2,2token,not_valid_noun
diapers,........ In,-15.1875,2,2token,not_valid_noun
diapers,shirt complete,-15.1875,2,2token,not_valid_noun
diapers,........... I,-15.1875,2,2token,not_valid_noun
diapers,........ fruit,-15.1875,2,2token,not_valid_noun
diapers,plastic and,-15.1875,2,2token,incomplete_phrase
diapers,____________ toy,-15.1875,2,2token,not_valid_noun
diapers,shirt ....,-15.1875,2,2token,not_valid_noun
diapers,container filled,-15.1875,2,2token,not_valid_noun
diapers,container Fill,-15.1875,2,2token,not_valid_noun
diapers,........ clothes,-15.1875,2,2token,not_valid_noun
diapers,fruit are,-15.1875,2,2token,incomplete_phrase
diapers,........... Read,-15.1875,2,2token,not_valid_noun
diapers,........... In,-15.1875,2,2token,not_valid_noun
diapers,for parents,-15.21875,2,2token,not_valid_noun
diapers,rag or,-15.21875,2,2token,not_valid_noun
diapers,medicine (,-15.21875,2,2token,not_valid_noun
diapers,for infant,-15.21875,2,2token,not_valid_noun
diapers,help during,-15.21875,2,2token,incomplete_phrase
diapers,outfit of,-15.21875,2,2token,not_valid_noun
diapers,What food,-15.21875,2,2token,not_valid_noun
diapers,What Do,-15.21875,2,2token,not_valid_noun
diapers,What ?,-15.21875,2,2token,not_valid_noun
diapers,What,-15.21875,2,2token,not_valid_noun
diapers,things worn,-15.21875,2,2token,incomplete_phrase
diapers,P j,-15.21875,2,2token,not_valid_noun
diapers,outfit ...,-15.21875,2,2token,not_valid_noun
diapers,What were,-15.21875,2,2token,not_valid_noun
diapers,form for,-15.21875,2,2token,incomplete_phrase
diapers,diapers,-15.21875,2,2token,not_valid_noun
diapers,............... In,-15.21875,2,2token,not_valid_noun
diapers,............... clothing,-15.21875,2,2token,not_valid_noun
diapers,type Complete,-15.21875,2,2token,not_valid_noun
diapers,invention that,-15.21875,2,2token,incomplete_phrase
diapers,invention for,-15.21875,2,2token,incomplete_phrase
diapers,worn or,-15.21875,2,2token,not_valid_noun
diapers,worn (,-15.21875,2,2token,not_valid_noun
diapers,type or,-15.21875,2,2token,not_valid_noun
diapers,form,-15.21875,2,2token,incomplete_phrase
diapers,articles which,-15.21875,2,2token,incomplete_phrase
diapers,this baby,-15.21875,2,2token,incomplete_phrase
diapers,covering or,-15.21875,2,2token,not_valid_noun
diapers,invention (,-15.21875,2,2token,not_valid_noun
diapers,invention of,-15.21875,2,2token,not_valid_noun
diapers,p ___,-15.21875,2,2token,not_valid_noun
diapers,......... ...,-15.21875,2,2token,not_valid_noun
diapers,......... Read,-15.21875,2,2token,not_valid_noun
diapers,......... Choose,-15.21875,2,2token,not_valid_noun
diapers,accessory .....,-15.25,2,2token,not_valid_noun
diapers,mommy,-15.25,1,single_token,incomplete_phrase
diapers,cleanse,-15.25,1,single_token,not_valid_noun
diapers,clothe you,-15.25,2,2token,incomplete_phrase
diapers,clothe The,-15.25,2,2token,incomplete_phrase
diapers,pij,-15.25,1,single_token,not_valid_noun
diapers,messi,-15.25,1,single_token,not_valid_noun
diapers,accessory are,-15.25,2,2token,incomplete_phrase
diapers,nutr,-15.25,1,single_token,not_valid_noun
diapers,NECESS,-15.25,1,single_token,not_valid_noun
diapers,Hygien,-15.25,1,single_token,not_valid_noun
diapers,wash that,-15.25,2,2token,incomplete_phrase
diapers,apparel which,-15.25,2,2token,incomplete_phrase
diapers,to baby,-15.25,2,2token,not_valid_noun
diapers,essential (,-15.25,2,2token,not_valid_noun
diapers,essential medical,-15.25,2,2token,incomplete_phrase
diapers,essential daily,-15.25,2,2token,incomplete_phrase
diapers,essential ________,-15.25,2,2token,not_valid_noun
diapers,….. fruit,-15.25,2,2token,not_valid_noun
diapers,….. Answer,-15.25,2,2token,not_valid_noun
diapers,….. clothing,-15.25,2,2token,not_valid_noun
diapers,children ...,-15.25,2,2token,not_valid_noun
diapers,wash Continue,-15.25,2,2token,not_valid_noun
diapers,pant is,-15.25,2,2token,not_valid_noun
diapers,pant with,-15.25,2,2token,not_valid_noun
diapers,pant ____,-15.25,2,2token,not_valid_noun
diapers,Crot,-15.25,1,single_token,incomplete_phrase
diapers,shiny,-15.25,1,single_token,not_valid_noun
diapers,ప,-15.25,1,single_token,not_valid_noun
diapers,pretend,-15.25,1,single_token,incomplete_phrase
diapers,christ,-15.25,1,single_token,incomplete_phrase
diapers,improper,-15.25,1,single_token,not_valid_noun
diapers,%.,-15.25,1,single_token,not_valid_noun
diapers,defective,-15.25,1,single_token,not_valid_noun
diapers,separable,-15.25,1,single_token,not_valid_noun
diapers,noun ________,-15.25,2,2token,not_valid_noun
diapers,costume ...,-15.25,2,2token,not_valid_noun
diapers,.. This,-15.25,2,2token,not_valid_noun
diapers,.. How,-15.25,2,2token,not_valid_noun
diapers,.. Which,-15.25,2,2token,not_valid_noun
diapers,.. Draw,-15.25,2,2token,not_valid_noun
diapers,hyg,-15.25,1,single_token,not_valid_noun
diapers,teething,-15.25,1,single_token,incomplete_phrase
diapers,nether,-15.25,1,single_token,incomplete_phrase
diapers,",.",-15.25,1,single_token,not_valid_noun
diapers,◦,-15.25,1,single_token,not_valid_noun
diapers,,-15.25,1,single_token,not_valid_noun
diapers,____ you,-15.25,2,2token,not_valid_noun
diapers,____ are,-15.25,2,2token,not_valid_noun
diapers,snack (,-15.25,2,2token,not_valid_noun
diapers,water for,-15.25,2,2token,incomplete_phrase
diapers,water _______,-15.25,2,2token,not_valid_noun
diapers,suit in,-15.25,2,2token,not_valid_noun
diapers,suit _______,-15.25,2,2token,not_valid_noun
diapers,dressing to,-15.25,2,2token,not_valid_noun
diapers,dressing or,-15.25,2,2token,not_valid_noun
diapers,open,-15.25,1,single_token,incomplete_phrase
diapers,Or,-15.25,1,single_token,not_valid_noun
diapers,os,-15.25,1,single_token,not_valid_noun
diapers,//,-15.25,1,single_token,not_valid_noun
diapers,? and,-15.25,2,2token,not_valid_noun
diapers,? Answer,-15.25,2,2token,not_valid_noun
diapers,fragile,-15.25,1,single_token,not_valid_noun
diapers,:/,-15.25,1,single_token,not_valid_noun
diapers,slack,-15.25,1,single_token,incomplete_phrase
diapers,____ :,-15.25,2,2token,not_valid_noun
diapers,____ For,-15.25,2,2token,not_valid_noun
diapers,____ thing,-15.25,2,2token,not_valid_noun
diapers,____ wear,-15.25,2,2token,not_valid_noun
diapers,? ______,-15.25,2,2token,not_valid_noun
diapers,Go,-15.25,1,single_token,not_valid_noun
diapers,Pre,-15.25,1,single_token,incomplete_phrase
diapers,sus,-15.25,1,single_token,incomplete_phrase
diapers,Basic,-15.25,1,single_token,incomplete_phrase
diapers,ff,-15.25,1,single_token,not_valid_noun
diapers,electrical,-15.25,1,single_token,not_valid_noun
diapers,favourite,-15.25,1,single_token,not_valid_noun
diapers,categor,-15.25,1,single_token,not_valid_noun
diapers,applic,-15.25,1,single_token,not_valid_noun
diapers,:(,-15.25,1,single_token,not_valid_noun
diapers,bian,-15.25,1,single_token,not_valid_noun
diapers,periodic,-15.25,1,single_token,not_valid_noun
diapers,delicate,-15.25,1,single_token,not_valid_noun
diapers,overnight,-15.25,1,single_token,not_valid_noun
diapers,necessity or,-15.25,2,2token,not_valid_noun
diapers,por,-15.25,1,single_token,not_valid_noun
diapers,ph,-15.25,1,single_token,not_valid_noun
diapers,A D,-15.25,2,2token,not_valid_noun
diapers,A -,-15.25,2,2token,not_valid_noun
diapers,A type,-15.25,2,2token,not_valid_noun
diapers,WE,-15.25,1,single_token,not_valid_noun
diapers,jobs,-15.25,1,single_token,not_valid_noun
diapers,Ans,-15.25,1,single_token,not_valid_noun
diapers,cad,-15.25,1,single_token,incomplete_phrase
diapers,ham,-15.25,1,single_token,not_valid_noun
diapers,fel,-15.25,1,single_token,not_valid_noun
diapers,helpless,-15.25,1,single_token,not_valid_noun
diapers,faces,-15.25,1,single_token,not_valid_noun
diapers,provisions,-15.25,1,single_token,not_valid_noun
diapers,’,-15.25,1,single_token,not_valid_noun
diapers,mend,-15.25,1,single_token,incomplete_phrase
diapers,forn,-15.25,1,single_token,not_valid_noun
diapers,fashioned,-15.25,1,single_token,not_valid_noun
diapers,objet,-15.25,1,single_token,not_valid_noun
diapers,Fabri,-15.25,1,single_token,not_valid_noun
diapers,tumble,-15.25,1,single_token,incomplete_phrase
diapers,Im,-15.25,1,single_token,not_valid_noun
diapers,replace,-15.25,1,single_token,not_valid_noun
diapers,alla,-15.25,1,single_token,not_valid_noun
diapers,Description,-15.25,1,single_token,incomplete_phrase
diapers,mature,-15.25,1,single_token,not_valid_noun
diapers,DIY,-15.25,1,single_token,not_valid_noun
diapers,squares,-15.25,1,single_token,not_valid_noun
diapers,Bod,-15.25,1,single_token,incomplete_phrase
diapers,pud,-15.25,1,single_token,incomplete_phrase
diapers,§,-15.25,1,single_token,not_valid_noun
diapers,A bag,-15.25,2,2token,not_valid_noun
diapers,A _________,-15.25,2,2token,not_valid_noun
diapers,equipment and,-15.25,2,2token,incomplete_phrase
diapers,"""""",-15.25,1,single_token,not_valid_noun
diapers,egy,-15.25,1,single_token,not_valid_noun
diapers,receiving,-15.25,1,single_token,not_valid_noun
diapers,papers,-15.25,1,single_token,not_valid_noun
diapers,Som,-15.25,1,single_token,not_valid_noun
diapers,pak,-15.25,1,single_token,not_valid_noun
diapers,middle,-15.25,1,single_token,incomplete_phrase
diapers,ker,-15.25,1,single_token,incomplete_phrase
diapers,Figure,-15.25,1,single_token,incomplete_phrase
diapers,tele,-15.25,1,single_token,incomplete_phrase
diapers,Day,-15.25,1,single_token,incomplete_phrase
diapers,slow,-15.25,1,single_token,not_valid_noun
diapers,medic,-15.25,1,single_token,incomplete_phrase
diapers,Two,-15.25,1,single_token,incomplete_phrase
diapers,Y,-15.25,1,single_token,not_valid_noun
diapers,bag a,-15.25,2,2token,not_valid_noun
diapers,bag [,-15.25,2,2token,not_valid_noun
diapers,bag Example,-15.25,2,2token,not_valid_noun
diapers,bag _____,-15.25,2,2token,not_valid_noun
diapers,bag ______,-15.25,2,2token,not_valid_noun
diapers,.. Correct,-15.25,2,2token,not_valid_noun
diapers,.. ____,-15.25,2,2token,not_valid_noun
diapers,.. diapers,-15.25,2,2token,not_valid_noun
diapers,....... of,-15.25,2,2token,not_valid_noun
diapers,....... ....,-15.25,2,2token,not_valid_noun
diapers,....... Correct,-15.25,2,2token,not_valid_noun
diapers,...... Continue,-15.25,2,2token,not_valid_noun
diapers,dic,-15.25,1,single_token,not_valid_noun
diapers,prepared,-15.25,1,single_token,not_valid_noun
diapers,bright,-15.25,1,single_token,not_valid_noun
diapers,uit,-15.25,1,single_token,not_valid_noun
diapers,providing,-15.25,1,single_token,not_valid_noun
diapers,devices,-15.25,1,single_token,not_valid_noun
diapers,fro,-15.25,1,single_token,not_valid_noun
diapers,sorry,-15.25,1,single_token,not_valid_noun
diapers,Because,-15.25,1,single_token,not_valid_noun
diapers,Dis,-15.25,1,single_token,incomplete_phrase
diapers,American,-15.25,1,single_token,incomplete_phrase
diapers,known,-15.25,1,single_token,not_valid_noun
diapers,CON,-15.25,1,single_token,incomplete_phrase
diapers,spo,-15.25,1,single_token,not_valid_noun
diapers,almost,-15.25,1,single_token,not_valid_noun
diapers,running,-15.25,1,single_token,incomplete_phrase
diapers,takes,-15.25,1,single_token,not_valid_noun
diapers,numbers,-15.25,1,single_token,not_valid_noun
diapers,represent,-15.25,1,single_token,not_valid_noun
diapers,():,-15.25,1,single_token,not_valid_noun
diapers,biodegradable,-15.25,1,single_token,not_valid_noun
diapers,neonatal,-15.25,1,single_token,not_valid_noun
diapers,blank Check,-15.25,2,2token,incomplete_phrase
diapers,blank ____,-15.25,2,2token,not_valid_noun
diapers,cloths complete,-15.25,2,2token,not_valid_noun
diapers,tool ____,-15.25,2,2token,not_valid_noun
diapers,tool complete,-15.25,2,2token,not_valid_noun
diapers,fashion Item,-15.25,2,2token,incomplete_phrase
diapers,fashion Acces,-15.25,2,2token,incomplete_phrase
diapers,appliance to,-15.28125,2,2token,not_valid_noun
diapers,cover All,-15.28125,2,2token,incomplete_phrase
diapers,P clothes,-15.28125,2,2token,not_valid_noun
diapers,an ____________,-15.28125,2,2token,not_valid_noun
diapers,need that,-15.28125,2,2token,incomplete_phrase
diapers,an n,-15.28125,2,2token,not_valid_noun
diapers,trousers and,-15.28125,2,2token,incomplete_phrase
diapers,an old,-15.28125,2,2token,not_valid_noun
diapers,napkin for,-15.28125,2,2token,incomplete_phrase
diapers,cover ____,-15.28125,2,2token,not_valid_noun
diapers,cover _____,-15.28125,2,2token,not_valid_noun
diapers,cover ....,-15.28125,2,2token,not_valid_noun
diapers,cover ________,-15.28125,2,2token,not_valid_noun
diapers,something which,-15.28125,2,2token,incomplete_phrase
diapers,something ...,-15.28125,2,2token,not_valid_noun
diapers,p pe,-15.28125,2,2token,not_valid_noun
diapers,an outer,-15.28125,2,2token,not_valid_noun
diapers,to dress,-15.3125,2,2token,not_valid_noun
diapers,blanket ________,-15.3125,2,2token,not_valid_noun
diapers,pg,-15.3125,1,single_token,not_valid_noun
diapers,Classification,-15.3125,1,single_token,incomplete_phrase
diapers,subscribe,-15.3125,1,single_token,not_valid_noun
diapers,Non,-15.3125,1,single_token,incomplete_phrase
diapers,becomes,-15.3125,1,single_token,not_valid_noun
diapers,internal,-15.3125,1,single_token,not_valid_noun
diapers,........... Answer,-15.3125,2,2token,not_valid_noun
diapers,kid toys,-15.3125,2,2token,not_valid_noun
diapers,hi,-15.3125,1,single_token,not_valid_noun
diapers,priv,-15.3125,1,single_token,not_valid_noun
diapers,cosa,-15.3125,1,single_token,not_valid_noun
diapers,beds,-15.3125,1,single_token,not_valid_noun
diapers,stuff we,-15.3125,2,2token,not_valid_noun
diapers,to wash,-15.3125,2,2token,not_valid_noun
diapers,Ling,-15.3125,1,single_token,incomplete_phrase
diapers,primitive,-15.3125,1,single_token,incomplete_phrase
diapers,........... Select,-15.3125,2,2token,not_valid_noun
diapers,........... food,-15.3125,2,2token,not_valid_noun
diapers,allowed,-15.3125,1,single_token,not_valid_noun
diapers,ol,-15.3125,1,single_token,not_valid_noun
diapers,Every,-15.3125,1,single_token,incomplete_phrase
diapers,ist,-15.3125,1,single_token,not_valid_noun
diapers,against,-15.3125,1,single_token,not_valid_noun
diapers,blanket ....,-15.3125,2,2token,not_valid_noun
diapers,prefer,-15.3125,1,single_token,not_valid_noun
diapers,download,-15.3125,1,single_token,not_valid_noun
diapers,muni,-15.3125,1,single_token,not_valid_noun
diapers,ABSTRACT,-15.3125,1,single_token,incomplete_phrase
diapers,stuff in,-15.3125,2,2token,not_valid_noun
diapers,planning,-15.3125,1,single_token,not_valid_noun
diapers,produced,-15.3125,1,single_token,not_valid_noun
diapers,wild,-15.3125,1,single_token,incomplete_phrase
diapers,Best,-15.3125,1,single_token,incomplete_phrase
diapers,tela,-15.3125,1,single_token,not_valid_noun
diapers,mistakes,-15.3125,1,single_token,not_valid_noun
diapers,processed,-15.3125,1,single_token,not_valid_noun
diapers,cb,-15.3125,1,single_token,not_valid_noun
diapers,american,-15.3125,1,single_token,incomplete_phrase
diapers,tropical,-15.3125,1,single_token,not_valid_noun
diapers,crucial,-15.3125,1,single_token,not_valid_noun
diapers,sanitation for,-15.3125,2,2token,incomplete_phrase
diapers,packed,-15.3125,1,single_token,not_valid_noun
diapers,= -,-15.3125,2,2token,not_valid_noun
diapers,= Answer,-15.3125,2,2token,not_valid_noun
diapers,………… The,-15.3125,2,2token,not_valid_noun
diapers,= Choose,-15.3125,2,2token,not_valid_noun
diapers,= Blank,-15.3125,2,2token,not_valid_noun
diapers,= ____________,-15.3125,2,2token,not_valid_noun
diapers,plastic ...,-15.3125,2,2token,not_valid_noun
diapers,widget,-15.3125,1,single_token,not_valid_noun
diapers,definite,-15.3125,1,single_token,not_valid_noun
diapers,ugly,-15.3125,1,single_token,not_valid_noun
diapers,wrist,-15.3125,1,single_token,incomplete_phrase
diapers,- ?,-15.3125,2,2token,not_valid_noun
diapers,presents,-15.3125,1,single_token,not_valid_noun
diapers,Asian,-15.3125,1,single_token,incomplete_phrase
diapers,piece (,-15.3125,2,2token,not_valid_noun
diapers,gym,-15.3125,1,single_token,incomplete_phrase
diapers,ee,-15.3125,1,single_token,not_valid_noun
diapers,prost,-15.3125,1,single_token,not_valid_noun
diapers,uncomfortable,-15.3125,1,single_token,not_valid_noun
diapers,magaz,-15.3125,1,single_token,not_valid_noun
diapers,Ci,-15.3125,1,single_token,not_valid_noun
diapers,pants by,-15.3125,2,2token,not_valid_noun
diapers,pants .....,-15.3125,2,2token,not_valid_noun
diapers,Then,-15.3125,1,single_token,not_valid_noun
diapers,wo,-15.3125,1,single_token,not_valid_noun
diapers,Name,-15.3125,1,single_token,incomplete_phrase
diapers,cand,-15.3125,1,single_token,not_valid_noun
diapers,stored,-15.3125,1,single_token,not_valid_noun
diapers,OUT,-15.3125,1,single_token,incomplete_phrase
diapers,Piece,-15.3125,1,single_token,incomplete_phrase
diapers,elas,-15.3125,1,single_token,not_valid_noun
diapers,numbered,-15.3125,1,single_token,not_valid_noun
diapers,- Answer,-15.3125,2,2token,not_valid_noun
diapers,spun,-15.3125,1,single_token,not_valid_noun
diapers,quần,-15.3125,1,single_token,not_valid_noun
diapers,adolescent,-15.3125,1,single_token,incomplete_phrase
diapers,spoiled,-15.3125,1,single_token,not_valid_noun
diapers,Q,-15.3125,1,single_token,not_valid_noun
diapers,read,-15.3125,1,single_token,not_valid_noun
diapers,plastic _____,-15.3125,2,2token,not_valid_noun
diapers,material they,-15.3125,2,2token,incomplete_phrase
diapers,( garment,-15.3125,2,2token,not_valid_noun
diapers,( BLANK,-15.3125,2,2token,not_valid_noun
diapers,je,-15.3125,1,single_token,not_valid_noun
diapers,develop,-15.3125,1,single_token,not_valid_noun
diapers,dri,-15.3125,1,single_token,not_valid_noun
diapers,prote,-15.3125,1,single_token,not_valid_noun
diapers,artikel,-15.3125,1,single_token,not_valid_noun
diapers,Tag,-15.3125,1,single_token,incomplete_phrase
diapers,お,-15.3125,1,single_token,not_valid_noun
diapers,circles,-15.3125,1,single_token,not_valid_noun
diapers,beneficial,-15.3125,1,single_token,not_valid_noun
diapers,nus,-15.3125,1,single_token,not_valid_noun
diapers,bav,-15.3125,1,single_token,not_valid_noun
diapers,sterili,-15.3125,1,single_token,not_valid_noun
diapers,conv,-15.3125,1,single_token,not_valid_noun
diapers,finished,-15.3125,1,single_token,not_valid_noun
diapers,n things,-15.3125,2,2token,not_valid_noun
diapers,lab,-15.3125,1,single_token,incomplete_phrase
diapers,Jun,-15.3125,1,single_token,incomplete_phrase
diapers,spin,-15.3125,1,single_token,incomplete_phrase
diapers,creative,-15.3125,1,single_token,not_valid_noun
diapers,include,-15.3125,1,single_token,not_valid_noun
diapers,usual,-15.3125,1,single_token,not_valid_noun
diapers,part _______,-15.3125,2,2token,not_valid_noun
diapers,........ is,-15.3125,2,2token,not_valid_noun
diapers,........ are,-15.3125,2,2token,not_valid_noun
diapers,………… a,-15.3125,2,2token,not_valid_noun
diapers,____________ is,-15.3125,2,2token,not_valid_noun
diapers,____________ In,-15.3125,2,2token,not_valid_noun
diapers,____________ How,-15.3125,2,2token,not_valid_noun
diapers,____________ Make,-15.3125,2,2token,not_valid_noun
diapers,____________ ______,-15.3125,2,2token,not_valid_noun
diapers,n .............,-15.3125,2,2token,not_valid_noun
diapers,noo,-15.3125,1,single_token,not_valid_noun
diapers,Fris,-15.3125,1,single_token,not_valid_noun
diapers,ﬁ,-15.3125,1,single_token,not_valid_noun
diapers,\(,-15.3125,1,single_token,not_valid_noun
diapers,part a,-15.3125,2,2token,not_valid_noun
diapers,pary,-15.3125,1,single_token,not_valid_noun
diapers,Worn,-15.3125,1,single_token,not_valid_noun
diapers,vesel,-15.3125,1,single_token,not_valid_noun
diapers,-:,-15.3125,1,single_token,not_valid_noun
diapers,endanger,-15.3125,1,single_token,not_valid_noun
diapers,Neces,-15.3125,1,single_token,incomplete_phrase
diapers,ragged,-15.3125,1,single_token,not_valid_noun
diapers,nood,-15.3125,1,single_token,not_valid_noun
diapers,bath _______,-15.3125,2,2token,not_valid_noun
diapers,would,-15.3125,1,single_token,not_valid_noun
diapers,tiring,-15.3125,1,single_token,not_valid_noun
diapers,shoe Size,-15.3125,2,2token,incomplete_phrase
diapers,shoe ______,-15.3125,2,2token,not_valid_noun
diapers,shoe _______,-15.3125,2,2token,not_valid_noun
diapers,bath ______,-15.3125,2,2token,not_valid_noun
diapers,res,-15.3125,1,single_token,not_valid_noun
diapers,@,-15.3125,1,single_token,not_valid_noun
diapers,fruit _____,-15.3125,2,2token,not_valid_noun
diapers,fruit Fill,-15.3125,2,2token,not_valid_noun
diapers,fruit baby,-15.3125,2,2token,incomplete_phrase
diapers,fruit -,-15.3125,2,2token,not_valid_noun
diapers,Infants,-15.3125,1,single_token,not_valid_noun
diapers,,-15.3125,1,single_token,not_valid_noun
diapers,fruit ______,-15.3125,2,2token,not_valid_noun
diapers,bath ....,-15.3125,2,2token,not_valid_noun
diapers,ON,-15.3125,1,single_token,not_valid_noun
diapers,positive,-15.3125,1,single_token,incomplete_phrase
diapers,whose,-15.3125,1,single_token,not_valid_noun
diapers,lives,-15.3125,1,single_token,not_valid_noun
diapers,Baby …,-15.3125,2,2token,not_valid_noun
diapers,AND,-15.3125,1,single_token,not_valid_noun
diapers,nu,-15.3125,1,single_token,not_valid_noun
diapers,dra,-15.3125,1,single_token,not_valid_noun
diapers,......... food,-15.34375,2,2token,not_valid_noun
diapers,......... Write,-15.34375,2,2token,not_valid_noun
diapers,P …,-15.34375,2,2token,not_valid_noun
diapers,bottle that,-15.34375,2,2token,incomplete_phrase
diapers,What clothing,-15.34375,2,2token,not_valid_noun
diapers,house (,-15.34375,2,2token,not_valid_noun
diapers,What has,-15.34375,2,2token,not_valid_noun
diapers,What clothes,-15.34375,2,2token,not_valid_noun
diapers,babies under,-15.34375,2,2token,incomplete_phrase
diapers,infant ______,-15.34375,2,2token,not_valid_noun
diapers,washing mater,-15.34375,2,2token,incomplete_phrase
diapers,............... I,-15.34375,2,2token,not_valid_noun
diapers,babies ...,-15.34375,2,2token,not_valid_noun
diapers,p ….,-15.34375,2,2token,not_valid_noun
diapers,............... Answer,-15.34375,2,2token,not_valid_noun
diapers,............... fruit,-15.34375,2,2token,not_valid_noun
diapers,things under,-15.34375,2,2token,incomplete_phrase
diapers,things necessary,-15.34375,2,2token,incomplete_phrase
diapers,grocery (,-15.34375,2,2token,not_valid_noun
diapers,rag __,-15.34375,2,2token,not_valid_noun
diapers,rag ...,-15.34375,2,2token,not_valid_noun
diapers,glove (,-15.34375,2,2token,not_valid_noun
diapers,for sale,-15.34375,2,2token,not_valid_noun
diapers,bottle is,-15.34375,2,2token,not_valid_noun
diapers,help us,-15.34375,2,2token,not_valid_noun
diapers,worn around,-15.34375,2,2token,not_valid_noun
diapers,protection used,-15.34375,2,2token,incomplete_phrase
diapers,worn to,-15.34375,2,2token,not_valid_noun
diapers,form (,-15.34375,2,2token,not_valid_noun
diapers,blank _______,-15.375,2,2token,not_valid_noun
diapers,SW,-15.375,1,single_token,not_valid_noun
diapers,difficult,-15.375,1,single_token,not_valid_noun
diapers,AP,-15.375,1,single_token,not_valid_noun
diapers,blank ______,-15.375,2,2token,not_valid_noun
diapers,blank _.,-15.375,2,2token,not_valid_noun
diapers,blank The,-15.375,2,2token,incomplete_phrase
diapers,cloths _______,-15.375,2,2token,not_valid_noun
diapers,....... are,-15.375,2,2token,not_valid_noun
diapers,"....... ,",-15.375,2,2token,not_valid_noun
diapers,cotton t,-15.375,2,2token,not_valid_noun
diapers,tissue ____,-15.375,2,2token,not_valid_noun
diapers,wearing or,-15.375,2,2token,not_valid_noun
diapers,p ____________,-15.375,2,2token,not_valid_noun
diapers,users,-15.375,1,single_token,not_valid_noun
diapers,cutting,-15.375,1,single_token,incomplete_phrase
diapers,depending,-15.375,1,single_token,not_valid_noun
diapers,....... is,-15.375,2,2token,not_valid_noun
diapers,....... food,-15.375,2,2token,not_valid_noun
diapers,dirty wet,-15.375,2,2token,incomplete_phrase
diapers,dirty napp,-15.375,2,2token,incomplete_phrase
diapers,.. Match,-15.375,2,2token,not_valid_noun
diapers,!!!,-15.375,1,single_token,not_valid_noun
diapers,outstanding,-15.375,1,single_token,not_valid_noun
diapers,drinks,-15.375,1,single_token,not_valid_noun
diapers,brands,-15.375,1,single_token,not_valid_noun
diapers,commonly,-15.375,1,single_token,not_valid_noun
diapers,CH,-15.375,1,single_token,not_valid_noun
diapers,vi,-15.375,1,single_token,not_valid_noun
diapers,($,-15.375,1,single_token,not_valid_noun
diapers,wearing and,-15.375,2,2token,not_valid_noun
diapers,p article,-15.375,2,2token,not_valid_noun
diapers,late,-15.375,1,single_token,not_valid_noun
diapers,num,-15.375,1,single_token,not_valid_noun
diapers,dressing ______,-15.375,2,2token,not_valid_noun
diapers,exter,-15.375,1,single_token,incomplete_phrase
diapers,remote,-15.375,1,single_token,incomplete_phrase
diapers,scientific,-15.375,1,single_token,not_valid_noun
diapers,attached,-15.375,1,single_token,not_valid_noun
diapers,aren,-15.375,1,single_token,not_valid_noun
diapers,cus,-15.375,1,single_token,not_valid_noun
diapers,incomplete,-15.375,1,single_token,not_valid_noun
diapers,TI,-15.375,1,single_token,not_valid_noun
diapers,costs,-15.375,1,single_token,not_valid_noun
diapers,bass,-15.375,1,single_token,incomplete_phrase
diapers,noun of,-15.375,2,2token,not_valid_noun
diapers,wa,-15.375,1,single_token,not_valid_noun
diapers,obvious,-15.375,1,single_token,not_valid_noun
diapers,dressing ________,-15.375,2,2token,not_valid_noun
diapers,minor,-15.375,1,single_token,incomplete_phrase
diapers,fill,-15.375,1,single_token,not_valid_noun
diapers,protective for,-15.375,2,2token,not_valid_noun
diapers,soaked,-15.375,1,single_token,not_valid_noun
diapers,pulling,-15.375,1,single_token,not_valid_noun
diapers,cp,-15.375,1,single_token,not_valid_noun
diapers,******,-15.375,1,single_token,not_valid_noun
diapers,defec,-15.375,1,single_token,not_valid_noun
diapers,spandex,-15.375,1,single_token,not_valid_noun
diapers,municipal,-15.375,1,single_token,not_valid_noun
diapers,~~,-15.375,1,single_token,not_valid_noun
diapers,WASH,-15.375,1,single_token,incomplete_phrase
diapers,unnatural,-15.375,1,single_token,not_valid_noun
diapers,laun,-15.375,1,single_token,incomplete_phrase
diapers,sunt,-15.375,1,single_token,incomplete_phrase
diapers,Another,-15.375,1,single_token,incomplete_phrase
diapers,wich,-15.375,1,single_token,not_valid_noun
diapers,,-15.375,1,single_token,not_valid_noun
diapers,youre,-15.375,1,single_token,not_valid_noun
diapers,pant ______,-15.375,2,2token,not_valid_noun
diapers,Har,-15.375,1,single_token,not_valid_noun
diapers,n .....,-15.375,2,2token,not_valid_noun
diapers,gu,-15.375,1,single_token,not_valid_noun
diapers,imp,-15.375,1,single_token,incomplete_phrase
diapers,co,-15.375,1,single_token,not_valid_noun
diapers,sy,-15.375,1,single_token,not_valid_noun
diapers,throwing,-15.375,1,single_token,not_valid_noun
diapers,technological,-15.375,1,single_token,not_valid_noun
diapers,{.,-15.375,1,single_token,not_valid_noun
diapers,🙂,-15.375,1,single_token,not_valid_noun
diapers,Halloween,-15.375,1,single_token,incomplete_phrase
diapers,dont,-15.375,1,single_token,not_valid_noun
diapers,forma,-15.375,1,single_token,not_valid_noun
diapers,serious,-15.375,1,single_token,not_valid_noun
diapers,pant ....,-15.375,2,2token,not_valid_noun
diapers,suit a,-15.375,2,2token,not_valid_noun
diapers,? COMPLETE,-15.375,2,2token,not_valid_noun
diapers,dressing of,-15.375,2,2token,not_valid_noun
diapers,? shoes,-15.375,2,2token,not_valid_noun
diapers,dressing ...,-15.375,2,2token,not_valid_noun
diapers,? Which,-15.375,2,2token,not_valid_noun
diapers,? ....,-15.375,2,2token,not_valid_noun
diapers,children of,-15.375,2,2token,not_valid_noun
diapers,children and,-15.375,2,2token,incomplete_phrase
diapers,",,",-15.375,1,single_token,not_valid_noun
diapers,wearing Article,-15.375,2,2token,incomplete_phrase
diapers,….. food,-15.375,2,2token,not_valid_noun
diapers,[(,-15.375,1,single_token,not_valid_noun
diapers,….. ________,-15.375,2,2token,not_valid_noun
diapers,pant …,-15.375,2,2token,not_valid_noun
diapers,A diapers,-15.375,2,2token,not_valid_noun
diapers,A person,-15.375,2,2token,not_valid_noun
diapers,wearable …,-15.375,2,2token,not_valid_noun
diapers,wearable Article,-15.375,2,2token,incomplete_phrase
diapers,equipment which,-15.375,2,2token,incomplete_phrase
diapers,A a,-15.375,2,2token,not_valid_noun
diapers,bag are,-15.375,2,2token,incomplete_phrase
diapers,wearable and,-15.375,2,2token,not_valid_noun
diapers,skirts,-15.375,1,single_token,not_valid_noun
diapers,buys,-15.375,1,single_token,not_valid_noun
diapers,nurt,-15.375,1,single_token,not_valid_noun
diapers,fou,-15.375,1,single_token,not_valid_noun
diapers,Conclusion,-15.375,1,single_token,incomplete_phrase
diapers,softer,-15.375,1,single_token,not_valid_noun
diapers,care ______,-15.375,2,2token,not_valid_noun
diapers,….. Select,-15.375,2,2token,not_valid_noun
diapers,object around,-15.375,2,2token,not_valid_noun
diapers,essential in,-15.375,2,2token,not_valid_noun
diapers,nutritive,-15.375,1,single_token,not_valid_noun
diapers,alat,-15.375,1,single_token,not_valid_noun
diapers,gardening,-15.375,1,single_token,incomplete_phrase
diapers,….. Correct,-15.375,2,2token,not_valid_noun
diapers,wash ____,-15.375,2,2token,not_valid_noun
diapers,object with,-15.375,2,2token,not_valid_noun
diapers,.. pants,-15.375,2,2token,not_valid_noun
diapers,...... and,-15.375,2,2token,not_valid_noun
diapers,.. More,-15.375,2,2token,not_valid_noun
diapers,.. There,-15.375,2,2token,not_valid_noun
diapers,equipment ...,-15.375,2,2token,not_valid_noun
diapers,.. An,-15.375,2,2token,not_valid_noun
diapers,wash __________,-15.375,2,2token,not_valid_noun
diapers,object and,-15.375,2,2token,incomplete_phrase
diapers,...... An,-15.375,2,2token,not_valid_noun
diapers,clothe …………,-15.375,2,2token,not_valid_noun
diapers,...... are,-15.375,2,2token,not_valid_noun
diapers,kind a,-15.375,2,2token,not_valid_noun
diapers,apparel of,-15.375,2,2token,not_valid_noun
diapers,….. ...,-15.375,2,2token,not_valid_noun
diapers,to wipe,-15.375,2,2token,not_valid_noun
diapers,to …,-15.375,2,2token,not_valid_noun
diapers,clothe :,-15.375,2,2token,not_valid_noun
diapers,clothe which,-15.375,2,2token,incomplete_phrase
diapers,Cloth _______,-15.375,2,2token,not_valid_noun
diapers,tool /,-15.375,2,2token,not_valid_noun
diapers,clothe,-15.375,2,2token,not_valid_noun
diapers,clothe /,-15.375,2,2token,not_valid_noun
diapers,accessory worn,-15.375,2,2token,incomplete_phrase
diapers,clothe _,-15.375,2,2token,not_valid_noun
diapers,gift from,-15.40625,2,2token,incomplete_phrase
diapers,uniform that,-15.40625,2,2token,incomplete_phrase
diapers,an Article,-15.40625,2,2token,not_valid_noun
diapers,something Read,-15.40625,2,2token,not_valid_noun
diapers,an garment,-15.40625,2,2token,not_valid_noun
diapers,uniform of,-15.40625,2,2token,not_valid_noun
diapers,cover _______,-15.40625,2,2token,not_valid_noun
diapers,personal __,-15.40625,2,2token,not_valid_noun
diapers,c _________,-15.40625,2,2token,not_valid_noun
diapers,personal p,-15.40625,2,2token,not_valid_noun
diapers,personal (,-15.40625,2,2token,not_valid_noun
diapers,P Pants,-15.40625,2,2token,not_valid_noun
diapers,need or,-15.40625,2,2token,not_valid_noun
diapers,package in,-15.40625,2,2token,not_valid_noun
diapers,bathing …,-15.40625,2,2token,not_valid_noun
diapers,sheet used,-15.40625,2,2token,incomplete_phrase
diapers,uniform or,-15.40625,2,2token,not_valid_noun
diapers,appliance or,-15.40625,2,2token,not_valid_noun
diapers,appliance in,-15.40625,2,2token,not_valid_noun
diapers,cover /,-15.40625,2,2token,not_valid_noun
diapers,cover ______,-15.40625,2,2token,not_valid_noun
diapers,cover …,-15.40625,2,2token,not_valid_noun
diapers,cover and,-15.40625,2,2token,not_valid_noun
diapers,cover with,-15.40625,2,2token,not_valid_noun
diapers,= ___,-15.4375,2,2token,not_valid_noun
diapers,"........... ,",-15.4375,2,2token,not_valid_noun
diapers,........... ________,-15.4375,2,2token,not_valid_noun
diapers,........... of,-15.4375,2,2token,not_valid_noun
diapers,= BLANK,-15.4375,2,2token,not_valid_noun
diapers,to to,-15.4375,2,2token,not_valid_noun
diapers,........... clothing,-15.4375,2,2token,not_valid_noun
diapers,........... fruit,-15.4375,2,2token,not_valid_noun
diapers,blanket in,-15.4375,2,2token,not_valid_noun
diapers,= shoes,-15.4375,2,2token,not_valid_noun
diapers,= fruit,-15.4375,2,2token,not_valid_noun
diapers,........ Explain,-15.4375,2,2token,not_valid_noun
diapers,____________ [,-15.4375,2,2token,not_valid_noun
diapers,wrapper or,-15.4375,2,2token,not_valid_noun
diapers,........ noun,-15.4375,2,2token,not_valid_noun
diapers,= kind,-15.4375,2,2token,not_valid_noun
diapers,= item,-15.4375,2,2token,not_valid_noun
diapers,cleanliness (,-15.4375,2,2token,not_valid_noun
diapers,........ How,-15.4375,2,2token,not_valid_noun
diapers,........ ..,-15.4375,2,2token,not_valid_noun
diapers,........ Use,-15.4375,2,2token,not_valid_noun
diapers,........ ........,-15.4375,2,2token,not_valid_noun
diapers,= shirt,-15.4375,2,2token,not_valid_noun
diapers,plastic _______,-15.4375,2,2token,not_valid_noun
diapers,"= ,",-15.4375,2,2token,not_valid_noun
diapers,- -.,-15.4375,2,2token,not_valid_noun
diapers,n ......,-15.4375,2,2token,not_valid_noun
diapers,n ........,-15.4375,2,2token,not_valid_noun
diapers,n articles,-15.4375,2,2token,not_valid_noun
diapers,n in,-15.4375,2,2token,not_valid_noun
diapers,fruit with,-15.4375,2,2token,incomplete_phrase
diapers,____________ nouns,-15.4375,2,2token,not_valid_noun
diapers,____________ Answer,-15.4375,2,2token,not_valid_noun
diapers,bedding and,-15.4375,2,2token,incomplete_phrase
diapers,bath _____,-15.4375,2,2token,not_valid_noun
diapers,____________ ?,-15.4375,2,2token,not_valid_noun
diapers,____________ ...,-15.4375,2,2token,not_valid_noun
diapers,towel :,-15.4375,2,2token,not_valid_noun
diapers,- diapers,-15.4375,2,2token,not_valid_noun
diapers,Clothing is,-15.4375,2,2token,not_valid_noun
diapers,- Clothing,-15.4375,2,2token,not_valid_noun
diapers,p r,-15.4375,2,2token,not_valid_noun
diapers,"pants ,",-15.4375,2,2token,not_valid_noun
diapers,pants Read,-15.4375,2,2token,not_valid_noun
diapers,pants What,-15.4375,2,2token,incomplete_phrase
diapers,kid items,-15.4375,2,2token,not_valid_noun
diapers,- food,-15.4375,2,2token,not_valid_noun
diapers,( prenda,-15.4375,2,2token,not_valid_noun
diapers,( ______,-15.4375,2,2token,not_valid_noun
diapers,p =,-15.4375,2,2token,not_valid_noun
diapers,p garment,-15.4375,2,2token,not_valid_noun
diapers,__ item,-15.4375,2,2token,not_valid_noun
diapers,__ baby,-15.4375,2,2token,not_valid_noun
diapers,__ shirt,-15.4375,2,2token,not_valid_noun
diapers,__ Material,-15.4375,2,2token,not_valid_noun
diapers,sock or,-15.4375,2,2token,not_valid_noun
diapers,sock ...,-15.4375,2,2token,not_valid_noun
diapers,rag ____,-15.46875,2,2token,not_valid_noun
diapers,rag used,-15.46875,2,2token,incomplete_phrase
diapers,......... clothing,-15.46875,2,2token,not_valid_noun
diapers,What have,-15.46875,2,2token,not_valid_noun
diapers,.............. food,-15.46875,2,2token,not_valid_noun
diapers,.............. Read,-15.46875,2,2token,not_valid_noun
diapers,What product,-15.46875,2,2token,not_valid_noun
diapers,things ...,-15.46875,2,2token,not_valid_noun
diapers,things the,-15.46875,2,2token,not_valid_noun
diapers,babies wet,-15.46875,2,2token,incomplete_phrase
diapers,babies n,-15.46875,2,2token,not_valid_noun
diapers,garments and,-15.46875,2,2token,incomplete_phrase
diapers,infant disposable,-15.46875,2,2token,incomplete_phrase
diapers,infant _____,-15.46875,2,2token,not_valid_noun
diapers,babies garments,-15.46875,2,2token,not_valid_noun
diapers,babies _______,-15.46875,2,2token,not_valid_noun
diapers,P _____,-15.46875,2,2token,not_valid_noun
diapers,babies ________,-15.46875,2,2token,not_valid_noun
diapers,P is,-15.46875,2,2token,not_valid_noun
diapers,this ________,-15.46875,2,2token,not_valid_noun
diapers,for,-15.46875,2,2token,not_valid_noun
diapers,for men,-15.46875,2,2token,not_valid_noun
diapers,type ...,-15.46875,2,2token,not_valid_noun
diapers,type A,-15.46875,2,2token,not_valid_noun
diapers,type a,-15.46875,2,2token,not_valid_noun
diapers,outfit complete,-15.46875,2,2token,not_valid_noun
diapers,this sentence,-15.46875,2,2token,not_valid_noun
diapers,pan ...,-15.46875,2,2token,not_valid_noun
diapers,articles on,-15.46875,2,2token,not_valid_noun
diapers,articles ...,-15.46875,2,2token,not_valid_noun
diapers,trash Fill,-15.46875,2,2token,not_valid_noun
diapers,............... ________,-15.46875,2,2token,not_valid_noun
diapers,............... Use,-15.46875,2,2token,not_valid_noun
diapers,wash _____,-15.5,2,2token,not_valid_noun
diapers,bn,-15.5,1,single_token,not_valid_noun
diapers,blanks,-15.5,1,single_token,not_valid_noun
diapers,wash ______,-15.5,2,2token,not_valid_noun
diapers,garb ...,-15.5,2,2token,not_valid_noun
diapers,wash away,-15.5,2,2token,not_valid_noun
diapers,blank a,-15.5,2,2token,not_valid_noun
diapers,clothe Fill,-15.5,2,2token,not_valid_noun
diapers,clothe ........,-15.5,2,2token,not_valid_noun
diapers,clothe by,-15.5,2,2token,not_valid_noun
diapers,accessory such,-15.5,2,2token,incomplete_phrase
diapers,accessory [,-15.5,2,2token,not_valid_noun
diapers,clothe is,-15.5,2,2token,not_valid_noun
diapers,Kim,-15.5,1,single_token,incomplete_phrase
diapers,scar,-15.5,1,single_token,incomplete_phrase
diapers,Fl,-15.5,1,single_token,not_valid_noun
diapers,apparel Item,-15.5,2,2token,incomplete_phrase
diapers,garbage in,-15.5,2,2token,not_valid_noun
diapers,garbage for,-15.5,2,2token,incomplete_phrase
diapers,garbage Full,-15.5,2,2token,incomplete_phrase
diapers,to of,-15.5,2,2token,not_valid_noun
diapers,to put,-15.5,2,2token,not_valid_noun
diapers,to children,-15.5,2,2token,not_valid_noun
diapers,push,-15.5,1,single_token,incomplete_phrase
diapers,Special,-15.5,1,single_token,incomplete_phrase
diapers,ms,-15.5,1,single_token,not_valid_noun
diapers,older,-15.5,1,single_token,not_valid_noun
diapers,Rom,-15.5,1,single_token,not_valid_noun
diapers,kind ...,-15.5,2,2token,not_valid_noun
diapers,….. Use,-15.5,2,2token,not_valid_noun
diapers,….. …,-15.5,2,2token,not_valid_noun
diapers,….. Clothes,-15.5,2,2token,not_valid_noun
diapers,cloths Read,-15.5,2,2token,not_valid_noun
diapers,pant /,-15.5,2,2token,not_valid_noun
diapers,pant -,-15.5,2,2token,not_valid_noun
diapers,foe,-15.5,1,single_token,not_valid_noun
diapers,FAB,-15.5,1,single_token,not_valid_noun
diapers,excellent,-15.5,1,single_token,not_valid_noun
diapers,pant _,-15.5,2,2token,not_valid_noun
diapers,los,-15.5,1,single_token,not_valid_noun
diapers,inter,-15.5,1,single_token,incomplete_phrase
diapers,object ______,-15.5,2,2token,not_valid_noun
diapers,ss,-15.5,1,single_token,not_valid_noun
diapers,object _____,-15.5,2,2token,not_valid_noun
diapers,add,-15.5,1,single_token,incomplete_phrase
diapers,}.,-15.5,1,single_token,not_valid_noun
diapers,accomod,-15.5,1,single_token,not_valid_noun
diapers,doesn,-15.5,1,single_token,not_valid_noun
diapers,circ,-15.5,1,single_token,not_valid_noun
diapers,Aust,-15.5,1,single_token,not_valid_noun
diapers,poss,-15.5,1,single_token,incomplete_phrase
diapers,electric,-15.5,1,single_token,incomplete_phrase
diapers,fond,-15.5,1,single_token,not_valid_noun
diapers,resources,-15.5,1,single_token,not_valid_noun
diapers,'',-15.5,1,single_token,not_valid_noun
diapers,supporting,-15.5,1,single_token,incomplete_phrase
diapers,eco,-15.5,1,single_token,not_valid_noun
diapers,mang,-15.5,1,single_token,incomplete_phrase
diapers,piece a,-15.5,2,2token,not_valid_noun
diapers,mexican,-15.5,1,single_token,incomplete_phrase
diapers,Sie,-15.5,1,single_token,incomplete_phrase
diapers,Unger,-15.5,1,single_token,not_valid_noun
diapers,fashion in,-15.5,2,2token,not_valid_noun
diapers,boutique,-15.5,1,single_token,not_valid_noun
diapers,bacterial,-15.5,1,single_token,not_valid_noun
diapers,baju,-15.5,1,single_token,not_valid_noun
diapers,yogurt,-15.5,1,single_token,not_valid_noun
diapers,ank,-15.5,1,single_token,not_valid_noun
diapers,Medical,-15.5,1,single_token,incomplete_phrase
diapers,accessories that,-15.5,2,2token,incomplete_phrase
diapers,衣服,-15.5,1,single_token,not_valid_noun
diapers,IN,-15.5,1,single_token,not_valid_noun
diapers,cn,-15.5,1,single_token,not_valid_noun
diapers,p .....,-15.5,2,2token,not_valid_noun
diapers,Pers,-15.5,1,single_token,not_valid_noun
diapers,sing,-15.5,1,single_token,not_valid_noun
diapers,anal,-15.5,1,single_token,not_valid_noun
diapers,tool made,-15.5,2,2token,incomplete_phrase
diapers,costume to,-15.5,2,2token,not_valid_noun
diapers,noun ______,-15.5,2,2token,not_valid_noun
diapers,costume and,-15.5,2,2token,incomplete_phrase
diapers,nece,-15.5,1,single_token,not_valid_noun
diapers,dressings,-15.5,1,single_token,not_valid_noun
diapers,water ...,-15.5,2,2token,not_valid_noun
diapers,water in,-15.5,2,2token,not_valid_noun
diapers,tissue _____,-15.5,2,2token,not_valid_noun
diapers,tissue ....,-15.5,2,2token,not_valid_noun
diapers,tissue used,-15.5,2,2token,incomplete_phrase
diapers,dressing and,-15.5,2,2token,incomplete_phrase
diapers,dressing _______,-15.5,2,2token,not_valid_noun
diapers,dressing _____,-15.5,2,2token,not_valid_noun
diapers,tissue to,-15.5,2,2token,not_valid_noun
diapers,costume ________,-15.5,2,2token,not_valid_noun
diapers,p j,-15.5,2,2token,not_valid_noun
diapers,A shoe,-15.5,2,2token,not_valid_noun
diapers,? pants,-15.5,2,2token,not_valid_noun
diapers,? diapers,-15.5,2,2token,not_valid_noun
diapers,Cloth to,-15.5,2,2token,not_valid_noun
diapers,p Articles,-15.5,2,2token,not_valid_noun
diapers,p $,-15.5,2,2token,not_valid_noun
diapers,tool a,-15.5,2,2token,not_valid_noun
diapers,? When,-15.5,2,2token,not_valid_noun
diapers,? Read,-15.5,2,2token,not_valid_noun
diapers,? toy,-15.5,2,2token,not_valid_noun
diapers,? You,-15.5,2,2token,not_valid_noun
diapers,n …………,-15.5,2,2token,not_valid_noun
diapers,n ____________,-15.5,2,2token,not_valid_noun
diapers,dressing ____,-15.5,2,2token,not_valid_noun
diapers,n n,-15.5,2,2token,not_valid_noun
diapers,"n ,",-15.5,2,2token,not_valid_noun
diapers,n noun,-15.5,2,2token,not_valid_noun
diapers,A lot,-15.5,2,2token,not_valid_noun
diapers,....... ____,-15.5,2,2token,not_valid_noun
diapers,bag /,-15.5,2,2token,not_valid_noun
diapers,bag by,-15.5,2,2token,not_valid_noun
diapers,....... and,-15.5,2,2token,not_valid_noun
diapers,? of,-15.5,2,2token,not_valid_noun
diapers,...... Match,-15.5,2,2token,not_valid_noun
diapers,...... __,-15.5,2,2token,not_valid_noun
diapers,suit ____,-15.5,2,2token,not_valid_noun
diapers,equipment necessary,-15.5,2,2token,incomplete_phrase
diapers,bag __,-15.5,2,2token,not_valid_noun
diapers,equipment you,-15.5,2,2token,incomplete_phrase
diapers,n is,-15.5,2,2token,not_valid_noun
diapers,bag the,-15.5,2,2token,incomplete_phrase
diapers,कप,-15.5,1,single_token,not_valid_noun
diapers,care ...,-15.5,2,2token,not_valid_noun
diapers,...... This,-15.5,2,2token,not_valid_noun
diapers,...... [,-15.5,2,2token,not_valid_noun
diapers,accompany,-15.5,1,single_token,not_valid_noun
diapers,ner,-15.5,1,single_token,not_valid_noun
diapers,servi,-15.5,1,single_token,not_valid_noun
diapers,collecting,-15.5,1,single_token,incomplete_phrase
diapers,torn,-15.5,1,single_token,not_valid_noun
diapers,mois,-15.5,1,single_token,not_valid_noun
diapers,preventing,-15.5,1,single_token,not_valid_noun
diapers,blank __,-15.5,2,2token,not_valid_noun
diapers,accessory from,-15.5,2,2token,incomplete_phrase
diapers,accessory The,-15.5,2,2token,incomplete_phrase
diapers,wip,-15.5,1,single_token,not_valid_noun
diapers,necessity at,-15.5,2,2token,not_valid_noun
diapers,gift that,-15.53125,2,2token,incomplete_phrase
diapers,appliance used,-15.53125,2,2token,incomplete_phrase
diapers,something children,-15.53125,2,2token,incomplete_phrase
diapers,[ _,-15.53125,2,2token,not_valid_noun
diapers,P U,-15.53125,2,2token,not_valid_noun
diapers,an un,-15.53125,2,2token,not_valid_noun
diapers,an ___,-15.53125,2,2token,not_valid_noun
diapers,an artificial,-15.53125,2,2token,not_valid_noun
diapers,an insect,-15.53125,2,2token,not_valid_noun
diapers,an .....,-15.53125,2,2token,not_valid_noun
diapers,washing p,-15.53125,2,2token,not_valid_noun
diapers,an element,-15.53125,2,2token,not_valid_noun
diapers,package or,-15.53125,2,2token,not_valid_noun
diapers,package to,-15.53125,2,2token,not_valid_noun
diapers,an end,-15.53125,2,2token,not_valid_noun
diapers,Pen,-15.5625,1,single_token,not_valid_noun
diapers,avoid,-15.5625,1,single_token,not_valid_noun
diapers,sales,-15.5625,1,single_token,not_valid_noun
diapers,material called,-15.5625,2,2token,incomplete_phrase
diapers,material _____,-15.5625,2,2token,not_valid_noun
diapers,wal,-15.5625,1,single_token,not_valid_noun
diapers,surgical,-15.5625,1,single_token,not_valid_noun
diapers,various,-15.5625,1,single_token,not_valid_noun
diapers,ann,-15.5625,1,single_token,incomplete_phrase
diapers,dro,-15.5625,1,single_token,not_valid_noun
diapers,House,-15.5625,1,single_token,incomplete_phrase
diapers,could,-15.5625,1,single_token,not_valid_noun
diapers,ret,-15.5625,1,single_token,incomplete_phrase
diapers,footwear ...,-15.5625,2,2token,not_valid_noun
diapers,shirt with,-15.5625,2,2token,incomplete_phrase
diapers,pants you,-15.5625,2,2token,incomplete_phrase
diapers,stuff made,-15.5625,2,2token,incomplete_phrase
diapers,bed ...,-15.5625,2,2token,not_valid_noun
diapers,bed Complete,-15.5625,2,2token,not_valid_noun
diapers,کال,-15.5625,1,single_token,not_valid_noun
diapers,p in,-15.5625,2,2token,not_valid_noun
diapers,without,-15.5625,1,single_token,not_valid_noun
diapers,pants the,-15.5625,2,2token,incomplete_phrase
diapers,p articles,-15.5625,2,2token,not_valid_noun
diapers,p what,-15.5625,2,2token,not_valid_noun
diapers,DI,-15.5625,1,single_token,not_valid_noun
diapers,under _____,-15.5625,2,2token,not_valid_noun
diapers,pans,-15.5625,1,single_token,not_valid_noun
diapers,German,-15.5625,1,single_token,incomplete_phrase
diapers,material /,-15.5625,2,2token,not_valid_noun
diapers,applied,-15.5625,1,single_token,not_valid_noun
diapers,Fla,-15.5625,1,single_token,not_valid_noun
diapers,.\,-15.5625,1,single_token,not_valid_noun
diapers,Put,-15.5625,1,single_token,incomplete_phrase
diapers,secondary,-15.5625,1,single_token,incomplete_phrase
diapers,bed and,-15.5625,2,2token,incomplete_phrase
diapers,apar,-15.5625,1,single_token,incomplete_phrase
diapers,.',-15.5625,1,single_token,not_valid_noun
diapers,extr,-15.5625,1,single_token,not_valid_noun
diapers,........ ________,-15.5625,2,2token,not_valid_noun
diapers,........ clothing,-15.5625,2,2token,not_valid_noun
diapers,amuse,-15.5625,1,single_token,not_valid_noun
diapers,toddlers,-15.5625,1,single_token,not_valid_noun
diapers,dood,-15.5625,1,single_token,not_valid_noun
diapers,hond,-15.5625,1,single_token,not_valid_noun
diapers,Bathroom,-15.5625,1,single_token,incomplete_phrase
diapers,outgoing,-15.5625,1,single_token,not_valid_noun
diapers,sexual,-15.5625,1,single_token,not_valid_noun
diapers,=),-15.5625,1,single_token,not_valid_noun
diapers,to dry,-15.5625,2,2token,not_valid_noun
diapers,to We,-15.5625,2,2token,not_valid_noun
diapers,____________ complete,-15.5625,2,2token,not_valid_noun
diapers,medical ______,-15.5625,2,2token,not_valid_noun
diapers,container where,-15.5625,2,2token,incomplete_phrase
diapers,container ____,-15.5625,2,2token,not_valid_noun
diapers,to ....,-15.5625,2,2token,not_valid_noun
diapers,device designed,-15.5625,2,2token,incomplete_phrase
diapers,kid s,-15.5625,2,2token,not_valid_noun
diapers,p lay,-15.5625,2,2token,not_valid_noun
diapers,........... shoes,-15.5625,2,2token,not_valid_noun
diapers,to your,-15.5625,2,2token,not_valid_noun
diapers,shoe and,-15.5625,2,2token,incomplete_phrase
diapers,shoe or,-15.5625,2,2token,not_valid_noun
diapers,____________ are,-15.5625,2,2token,not_valid_noun
diapers,____________ the,-15.5625,2,2token,not_valid_noun
diapers,CR,-15.5625,1,single_token,not_valid_noun
diapers,Pot,-15.5625,1,single_token,not_valid_noun
diapers,part to,-15.5625,2,2token,not_valid_noun
diapers,part or,-15.5625,2,2token,not_valid_noun
diapers,part ________,-15.5625,2,2token,not_valid_noun
diapers,umbilical,-15.5625,1,single_token,incomplete_phrase
diapers,maten,-15.5625,1,single_token,not_valid_noun
diapers,prosthetic,-15.5625,1,single_token,not_valid_noun
diapers,comesti,-15.5625,1,single_token,not_valid_noun
diapers,n diaper,-15.5625,2,2token,not_valid_noun
diapers,n ..............,-15.5625,2,2token,not_valid_noun
diapers,( ͡°,-15.5625,2,2token,not_valid_noun
diapers,Clothing in,-15.5625,2,2token,not_valid_noun
diapers,Clothing to,-15.5625,2,2token,not_valid_noun
diapers,annual,-15.5625,1,single_token,incomplete_phrase
diapers,Cand,-15.5625,1,single_token,incomplete_phrase
diapers,spinning,-15.5625,1,single_token,incomplete_phrase
diapers,separate,-15.5625,1,single_token,incomplete_phrase
diapers,Hug,-15.5625,1,single_token,incomplete_phrase
diapers,outward,-15.5625,1,single_token,not_valid_noun
diapers,yu,-15.5625,1,single_token,not_valid_noun
diapers,plastic ______,-15.5625,2,2token,not_valid_noun
diapers,plastic ____,-15.5625,2,2token,not_valid_noun
diapers,Pam,-15.5625,1,single_token,incomplete_phrase
diapers,enclosed,-15.5625,1,single_token,not_valid_noun
diapers,pijama,-15.5625,1,single_token,not_valid_noun
diapers,cann,-15.5625,1,single_token,not_valid_noun
diapers,??????,-15.5625,1,single_token,not_valid_noun
diapers,Langer,-15.5625,1,single_token,not_valid_noun
diapers,ﬂ,-15.5625,1,single_token,not_valid_noun
diapers,Future,-15.5625,1,single_token,incomplete_phrase
diapers,ei,-15.5625,1,single_token,not_valid_noun
diapers,gio,-15.5625,1,single_token,incomplete_phrase
diapers,Label,-15.5625,1,single_token,incomplete_phrase
diapers,produces,-15.5625,1,single_token,not_valid_noun
diapers,lets,-15.5625,1,single_token,not_valid_noun
diapers,ines,-15.5625,1,single_token,not_valid_noun
diapers,rst,-15.5625,1,single_token,not_valid_noun
diapers,......... fruit,-15.59375,2,2token,not_valid_noun
diapers,for boys,-15.59375,2,2token,not_valid_noun
diapers,for adult,-15.59375,2,2token,not_valid_noun
diapers,for babys,-15.59375,2,2token,not_valid_noun
diapers,protection ________,-15.59375,2,2token,not_valid_noun
diapers,protection you,-15.59375,2,2token,incomplete_phrase
diapers,for my,-15.59375,2,2token,not_valid_noun
diapers,garments of,-15.59375,2,2token,not_valid_noun
diapers,useful (,-15.59375,2,2token,not_valid_noun
diapers,useful ...,-15.59375,2,2token,not_valid_noun
diapers,useful baby,-15.59375,2,2token,incomplete_phrase
diapers,What two,-15.59375,2,2token,not_valid_noun
diapers,.............. In,-15.59375,2,2token,not_valid_noun
diapers,.............. I,-15.59375,2,2token,not_valid_noun
diapers,infant ____,-15.59375,2,2token,not_valid_noun
diapers,grocery Complete,-15.59375,2,2token,not_valid_noun
diapers,"............... ,",-15.59375,2,2token,not_valid_noun
diapers,............... of,-15.59375,2,2token,not_valid_noun
diapers,............... food,-15.59375,2,2token,not_valid_noun
diapers,pan or,-15.59375,2,2token,not_valid_noun
diapers,.............. Select,-15.59375,2,2token,not_valid_noun
diapers,things _______,-15.59375,2,2token,not_valid_noun
diapers,garments ...,-15.59375,2,2token,not_valid_noun
diapers,things kids,-15.59375,2,2token,incomplete_phrase
diapers,.............. clothing,-15.59375,2,2token,not_valid_noun
diapers,covering to,-15.59375,2,2token,not_valid_noun
diapers,worn after,-15.59375,2,2token,not_valid_noun
diapers,worn and,-15.59375,2,2token,not_valid_noun
diapers,this :,-15.59375,2,2token,not_valid_noun
diapers,P I,-15.59375,2,2token,not_valid_noun
diapers,P [,-15.59375,2,2token,not_valid_noun
diapers,P clothing,-15.59375,2,2token,not_valid_noun
diapers,............... shoes,-15.59375,2,2token,not_valid_noun
diapers,bottle and,-15.59375,2,2token,incomplete_phrase
diapers,What comes,-15.59375,2,2token,not_valid_noun
diapers,What animal,-15.59375,2,2token,not_valid_noun
diapers,things babies,-15.59375,2,2token,incomplete_phrase
diapers,P ________,-15.59375,2,2token,not_valid_noun
diapers,............... Clothes,-15.59375,2,2token,not_valid_noun
diapers,............... Correct,-15.59375,2,2token,not_valid_noun
diapers,....... COMPLETE,-15.625,2,2token,not_valid_noun
diapers,away,-15.625,1,single_token,not_valid_noun
diapers,perf,-15.625,1,single_token,not_valid_noun
diapers,gran,-15.625,1,single_token,not_valid_noun
diapers,n ...........,-15.625,2,2token,not_valid_noun
diapers,wearing to,-15.625,2,2token,not_valid_noun
diapers,t _,-15.625,2,2token,not_valid_noun
diapers,t is,-15.625,2,2token,not_valid_noun
diapers,t ____,-15.625,2,2token,not_valid_noun
diapers,A C,-15.625,2,2token,not_valid_noun
diapers,A item,-15.625,2,2token,not_valid_noun
diapers,care or,-15.625,2,2token,not_valid_noun
diapers,writ,-15.625,1,single_token,incomplete_phrase
diapers,Bur,-15.625,1,single_token,incomplete_phrase
diapers,limited,-15.625,1,single_token,incomplete_phrase
diapers,Merri,-15.625,1,single_token,not_valid_noun
diapers,cotton is,-15.625,2,2token,not_valid_noun
diapers,noun -,-15.625,2,2token,not_valid_noun
diapers,ber,-15.625,1,single_token,incomplete_phrase
diapers,terrible,-15.625,1,single_token,not_valid_noun
diapers,costume that,-15.625,2,2token,incomplete_phrase
diapers,costume in,-15.625,2,2token,not_valid_noun
diapers,dressing that,-15.625,2,2token,incomplete_phrase
diapers,tissue of,-15.625,2,2token,not_valid_noun
diapers,printed,-15.625,1,single_token,not_valid_noun
diapers,Joseph,-15.625,1,single_token,incomplete_phrase
diapers,rect,-15.625,1,single_token,not_valid_noun
diapers,lies,-15.625,1,single_token,not_valid_noun
diapers,p ...............,-15.625,2,2token,not_valid_noun
diapers,? If,-15.625,2,2token,not_valid_noun
diapers,? Use,-15.625,2,2token,not_valid_noun
diapers,? Write,-15.625,2,2token,not_valid_noun
diapers,fer,-15.625,1,single_token,not_valid_noun
diapers,However,-15.625,1,single_token,not_valid_noun
diapers,lat,-15.625,1,single_token,incomplete_phrase
diapers,->,-15.625,1,single_token,not_valid_noun
diapers,tool we,-15.625,2,2token,not_valid_noun
diapers,tool Use,-15.625,2,2token,incomplete_phrase
diapers,baths,-15.625,1,single_token,not_valid_noun
diapers,Ob,-15.625,1,single_token,not_valid_noun
diapers,water ______,-15.625,2,2token,not_valid_noun
diapers,NI,-15.625,1,single_token,not_valid_noun
diapers,apparel Comple,-15.625,2,2token,incomplete_phrase
diapers,apparel Read,-15.625,2,2token,not_valid_noun
diapers,leftovers,-15.625,1,single_token,not_valid_noun
diapers,nite,-15.625,1,single_token,not_valid_noun
diapers,spong,-15.625,1,single_token,incomplete_phrase
diapers,Carri,-15.625,1,single_token,not_valid_noun
diapers,conveniences,-15.625,1,single_token,not_valid_noun
diapers,garbage Can,-15.625,2,2token,incomplete_phrase
diapers,garbage ________,-15.625,2,2token,not_valid_noun
diapers,to have,-15.625,2,2token,not_valid_noun
diapers,to which,-15.625,2,2token,not_valid_noun
diapers,rolled,-15.625,1,single_token,not_valid_noun
diapers,apparel /,-15.625,2,2token,not_valid_noun
diapers,apparel :,-15.625,2,2token,not_valid_noun
diapers,apparel used,-15.625,2,2token,incomplete_phrase
diapers,mechanical,-15.625,1,single_token,not_valid_noun
diapers,losing,-15.625,1,single_token,not_valid_noun
diapers,Mother,-15.625,1,single_token,incomplete_phrase
diapers,‎,-15.625,1,single_token,not_valid_noun
diapers,childish,-15.625,1,single_token,not_valid_noun
diapers,Cle,-15.625,1,single_token,not_valid_noun
diapers,....... You,-15.625,2,2token,not_valid_noun
diapers,....... Which,-15.625,2,2token,not_valid_noun
diapers,bag …,-15.625,2,2token,not_valid_noun
diapers,_________,-15.625,2,2token,not_valid_noun
diapers,unfinished,-15.625,1,single_token,not_valid_noun
diapers,cotton that,-15.625,2,2token,incomplete_phrase
diapers,cotton ________,-15.625,2,2token,not_valid_noun
diapers,"(),",-15.625,1,single_token,not_valid_noun
diapers,US,-15.625,1,single_token,not_valid_noun
diapers,「,-15.625,1,single_token,not_valid_noun
diapers,Sh,-15.625,1,single_token,not_valid_noun
diapers,Qu,-15.625,1,single_token,not_valid_noun
diapers,logical,-15.625,1,single_token,not_valid_noun
diapers,Thanks,-15.625,1,single_token,incomplete_phrase
diapers,Family,-15.625,1,single_token,incomplete_phrase
diapers,necessity and,-15.625,2,2token,incomplete_phrase
diapers,p of,-15.625,2,2token,not_valid_noun
diapers,linen for,-15.625,2,2token,incomplete_phrase
diapers,blank ________,-15.625,2,2token,not_valid_noun
diapers,blank ...,-15.625,2,2token,not_valid_noun
diapers,under and,-15.625,2,2token,not_valid_noun
diapers,specialized,-15.625,1,single_token,not_valid_noun
diapers,contamin,-15.625,1,single_token,not_valid_noun
diapers,loin,-15.625,1,single_token,incomplete_phrase
diapers,$=$,-15.625,1,single_token,not_valid_noun
diapers,parti,-15.625,1,single_token,not_valid_noun
diapers,….. _______,-15.625,2,2token,not_valid_noun
diapers,bag _,-15.625,2,2token,not_valid_noun
diapers,bag under,-15.625,2,2token,not_valid_noun
diapers,manufacturers,-15.625,1,single_token,not_valid_noun
diapers,Tok,-15.625,1,single_token,not_valid_noun
diapers,lig,-15.625,1,single_token,not_valid_noun
diapers,pant of,-15.625,2,2token,not_valid_noun
diapers,pant which,-15.625,2,2token,incomplete_phrase
diapers,Uni,-15.625,1,single_token,incomplete_phrase
diapers,cer,-15.625,1,single_token,not_valid_noun
diapers,refers,-15.625,1,single_token,not_valid_noun
diapers,undone,-15.625,1,single_token,not_valid_noun
diapers,NS,-15.625,1,single_token,not_valid_noun
diapers,Unisex,-15.625,1,single_token,not_valid_noun
diapers,nee,-15.625,1,single_token,not_valid_noun
diapers,linen or,-15.625,2,2token,not_valid_noun
diapers,clothe,-15.625,2,2token,not_valid_noun
diapers,necessity when,-15.625,2,2token,incomplete_phrase
diapers,"clothe ,",-15.625,2,2token,not_valid_noun
diapers,kids ',-15.65625,2,2token,not_valid_noun
diapers,kids ____,-15.65625,2,2token,not_valid_noun
diapers,package Read,-15.65625,2,2token,not_valid_noun
diapers,trousers ...,-15.65625,2,2token,not_valid_noun
diapers,an …,-15.65625,2,2token,not_valid_noun
diapers,kids wearing,-15.65625,2,2token,incomplete_phrase
diapers,pan in,-15.65625,2,2token,not_valid_noun
diapers,animal (,-15.65625,2,2token,not_valid_noun
diapers,uter,-15.6875,1,single_token,not_valid_noun
diapers,………… …………,-15.6875,2,2token,not_valid_noun
diapers,plastic complete,-15.6875,2,2token,not_valid_noun
diapers,material the,-15.6875,2,2token,incomplete_phrase
diapers,material like,-15.6875,2,2token,incomplete_phrase
diapers,material Use,-15.6875,2,2token,incomplete_phrase
diapers,material worn,-15.6875,2,2token,incomplete_phrase
diapers,material Fill,-15.6875,2,2token,not_valid_noun
diapers,………… …,-15.6875,2,2token,not_valid_noun
diapers,........ Select,-15.6875,2,2token,not_valid_noun
diapers,container ....,-15.6875,2,2token,not_valid_noun
diapers,container Full,-15.6875,2,2token,incomplete_phrase
diapers,container complete,-15.6875,2,2token,not_valid_noun
diapers,........... ....,-15.6875,2,2token,not_valid_noun
diapers,........... -,-15.6875,2,2token,not_valid_noun
diapers,........... is,-15.6875,2,2token,not_valid_noun
diapers,........ -,-15.6875,2,2token,not_valid_noun
diapers,........ You,-15.6875,2,2token,not_valid_noun
diapers,........ Are,-15.6875,2,2token,not_valid_noun
diapers,medical ________,-15.6875,2,2token,not_valid_noun
diapers,medical …,-15.6875,2,2token,not_valid_noun
diapers,container you,-15.6875,2,2token,incomplete_phrase
diapers,under ___,-15.6875,2,2token,not_valid_noun
diapers,........ .....,-15.6875,2,2token,not_valid_noun
diapers,wrapper that,-15.6875,2,2token,incomplete_phrase
diapers,-,-15.6875,2,2token,not_valid_noun
diapers,fruit :,-15.6875,2,2token,not_valid_noun
diapers,wash _______,-15.6875,2,2token,not_valid_noun
diapers,- complete,-15.6875,2,2token,not_valid_noun
diapers,towel _____,-15.6875,2,2token,not_valid_noun
diapers,outfit in,-15.6875,2,2token,not_valid_noun
diapers,p an,-15.6875,2,2token,not_valid_noun
diapers,towel -,-15.6875,2,2token,not_valid_noun
diapers,Con,-15.6875,1,single_token,incomplete_phrase
diapers,part ____,-15.6875,2,2token,not_valid_noun
diapers,( adjective,-15.6875,2,2token,not_valid_noun
diapers,bare,-15.6875,1,single_token,not_valid_noun
diapers,-,-15.6875,2,2token,not_valid_noun
diapers,n on,-15.6875,2,2token,not_valid_noun
diapers,CLOTH,-15.6875,2,2token,incomplete_phrase
diapers,pulls,-15.6875,1,single_token,not_valid_noun
diapers,( things,-15.6875,2,2token,not_valid_noun
diapers,( choose,-15.6875,2,2token,not_valid_noun
diapers,precautions,-15.6875,1,single_token,not_valid_noun
diapers,==,-15.6875,1,single_token,not_valid_noun
diapers,denti,-15.6875,1,single_token,not_valid_noun
diapers,SOFT,-15.6875,1,single_token,not_valid_noun
diapers,during,-15.6875,1,single_token,not_valid_noun
diapers,JUN,-15.6875,1,single_token,incomplete_phrase
diapers,........... and,-15.6875,2,2token,not_valid_noun
diapers,shoe ____,-15.6875,2,2token,not_valid_noun
diapers,to you,-15.6875,2,2token,not_valid_noun
diapers,to her,-15.6875,2,2token,not_valid_noun
diapers,to eat,-15.6875,2,2token,not_valid_noun
diapers,to cloth,-15.6875,2,2token,not_valid_noun
diapers,Clothing The,-15.6875,2,2token,incomplete_phrase
diapers,Buy,-15.6875,1,single_token,incomplete_phrase
diapers,Clothing a,-15.6875,2,2token,not_valid_noun
diapers,equipe,-15.6875,1,single_token,not_valid_noun
diapers,""".""",-15.6875,1,single_token,not_valid_noun
diapers,fictional,-15.6875,1,single_token,not_valid_noun
diapers,oot,-15.6875,1,single_token,not_valid_noun
diapers,CONSUMER,-15.6875,1,single_token,incomplete_phrase
diapers,¨,-15.6875,1,single_token,not_valid_noun
diapers,benefic,-15.6875,1,single_token,not_valid_noun
diapers,incon,-15.6875,1,single_token,not_valid_noun
diapers,reliable,-15.6875,1,single_token,not_valid_noun
diapers,surrounding,-15.6875,1,single_token,not_valid_noun
diapers,kid ____,-15.6875,2,2token,not_valid_noun
diapers,tur,-15.6875,1,single_token,not_valid_noun
diapers,ther,-15.6875,1,single_token,incomplete_phrase
diapers,official,-15.6875,1,single_token,incomplete_phrase
diapers,ef,-15.6875,1,single_token,not_valid_noun
diapers,shirt to,-15.6875,2,2token,not_valid_noun
diapers,Activity,-15.6875,1,single_token,incomplete_phrase
diapers,bulk,-15.6875,1,single_token,incomplete_phrase
diapers,incorrect,-15.6875,1,single_token,not_valid_noun
diapers,Laura,-15.6875,1,single_token,incomplete_phrase
diapers,cleanliness Product,-15.6875,2,2token,incomplete_phrase
diapers,wash in,-15.6875,2,2token,not_valid_noun
diapers,wash up,-15.6875,2,2token,not_valid_noun
diapers,fash,-15.6875,1,single_token,incomplete_phrase
diapers,eup,-15.6875,1,single_token,not_valid_noun
diapers,postnatal,-15.6875,1,single_token,incomplete_phrase
diapers,threads,-15.6875,1,single_token,not_valid_noun
diapers,enc,-15.6875,1,single_token,not_valid_noun
diapers,tob,-15.6875,1,single_token,not_valid_noun
diapers,attract,-15.6875,1,single_token,not_valid_noun
diapers,mandatory,-15.6875,1,single_token,incomplete_phrase
diapers,PAN,-15.6875,1,single_token,incomplete_phrase
diapers,sum,-15.6875,1,single_token,incomplete_phrase
diapers,const,-15.6875,1,single_token,not_valid_noun
diapers,enter,-15.6875,1,single_token,not_valid_noun
diapers,NO,-15.6875,1,single_token,not_valid_noun
diapers,Cas,-15.6875,1,single_token,not_valid_noun
diapers,Social,-15.6875,1,single_token,incomplete_phrase
diapers,compared,-15.6875,1,single_token,not_valid_noun
diapers,cel,-15.6875,1,single_token,not_valid_noun
diapers,tam,-15.6875,1,single_token,incomplete_phrase
diapers,According,-15.6875,1,single_token,not_valid_noun
diapers,nourishing,-15.6875,1,single_token,not_valid_noun
diapers,inder,-15.6875,1,single_token,not_valid_noun
diapers,detr,-15.6875,1,single_token,not_valid_noun
diapers,footwear ....,-15.6875,2,2token,not_valid_noun
diapers,sock for,-15.6875,2,2token,incomplete_phrase
diapers,articles ....,-15.71875,2,2token,not_valid_noun
diapers,.............. Use,-15.71875,2,2token,not_valid_noun
diapers,What could,-15.71875,2,2token,not_valid_noun
diapers,personal and,-15.71875,2,2token,not_valid_noun
diapers,......... Select,-15.71875,2,2token,not_valid_noun
diapers,......... I,-15.71875,2,2token,not_valid_noun
diapers,......... of,-15.71875,2,2token,not_valid_noun
diapers,for us,-15.71875,2,2token,not_valid_noun
diapers,bathing (,-15.71875,2,2token,not_valid_noun
diapers,bathing equip,-15.71875,2,2token,incomplete_phrase
diapers,worn with,-15.71875,2,2token,not_valid_noun
diapers,worn when,-15.71875,2,2token,not_valid_noun
diapers,What category,-15.71875,2,2token,not_valid_noun
diapers,What Does,-15.71875,2,2token,not_valid_noun
diapers,bottle ...,-15.71875,2,2token,not_valid_noun
diapers,What Kind,-15.71875,2,2token,not_valid_noun
diapers,help parents,-15.71875,2,2token,incomplete_phrase
diapers,for mothers,-15.71875,2,2token,not_valid_noun
diapers,for pets,-15.71875,2,2token,not_valid_noun
diapers,for human,-15.71875,2,2token,not_valid_noun
diapers,for ____,-15.71875,2,2token,not_valid_noun
diapers,worn at,-15.71875,2,2token,not_valid_noun
diapers,this ...,-15.71875,2,2token,not_valid_noun
diapers,this ____,-15.71875,2,2token,not_valid_noun
diapers,garments to,-15.71875,2,2token,not_valid_noun
diapers,help on,-15.71875,2,2token,not_valid_noun
diapers,help needed,-15.71875,2,2token,incomplete_phrase
diapers,help from,-15.71875,2,2token,incomplete_phrase
diapers,......... ________,-15.71875,2,2token,not_valid_noun
diapers,worn ________,-15.71875,2,2token,not_valid_noun
diapers,worn worn,-15.71875,2,2token,not_valid_noun
diapers,worn used,-15.71875,2,2token,not_valid_noun
diapers,for for,-15.71875,2,2token,not_valid_noun
diapers,............... Select,-15.71875,2,2token,not_valid_noun
diapers,diapers and,-15.71875,2,2token,incomplete_phrase
diapers,things ________,-15.71875,2,2token,not_valid_noun
diapers,............... ....,-15.71875,2,2token,not_valid_noun
diapers,cotton for,-15.75,2,2token,incomplete_phrase
diapers,cotton T,-15.75,2,2token,not_valid_noun
diapers,Cloth ______,-15.75,2,2token,not_valid_noun
diapers,blank in,-15.75,2,2token,not_valid_noun
diapers,....... Match,-15.75,2,2token,not_valid_noun
diapers,blank Choose,-15.75,2,2token,not_valid_noun
diapers,fashion and,-15.75,2,2token,incomplete_phrase
diapers,Cloth is,-15.75,2,2token,not_valid_noun
diapers,Cloth ____,-15.75,2,2token,not_valid_noun
diapers,....... _______,-15.75,2,2token,not_valid_noun
diapers,....... Clothes,-15.75,2,2token,not_valid_noun
diapers,cotton used,-15.75,2,2token,incomplete_phrase
diapers,suit ______,-15.75,2,2token,not_valid_noun
diapers,bag The,-15.75,2,2token,not_valid_noun
diapers,protection on,-15.75,2,2token,not_valid_noun
diapers,||,-15.75,1,single_token,not_valid_noun
diapers,mes,-15.75,1,single_token,incomplete_phrase
diapers,care _______,-15.75,2,2token,not_valid_noun
diapers,….. Which,-15.75,2,2token,not_valid_noun
diapers,See,-15.75,1,single_token,incomplete_phrase
diapers,sit,-15.75,1,single_token,not_valid_noun
diapers,persons,-15.75,1,single_token,not_valid_noun
diapers,trang,-15.75,1,single_token,not_valid_noun
diapers,Four,-15.75,1,single_token,incomplete_phrase
diapers,continuous,-15.75,1,single_token,not_valid_noun
diapers,Let,-15.75,1,single_token,incomplete_phrase
diapers,pick,-15.75,1,single_token,incomplete_phrase
diapers,ers,-15.75,1,single_token,incomplete_phrase
diapers,"),",-15.75,1,single_token,not_valid_noun
diapers,bag A,-15.75,2,2token,not_valid_noun
diapers,ali,-15.75,1,single_token,not_valid_noun
diapers,falt,-15.75,1,single_token,not_valid_noun
diapers,Fe,-15.75,1,single_token,not_valid_noun
diapers,to sleep,-15.75,2,2token,not_valid_noun
diapers,to take,-15.75,2,2token,not_valid_noun
diapers,convient,-15.75,1,single_token,not_valid_noun
diapers,Aden,-15.75,1,single_token,not_valid_noun
diapers,undesirable,-15.75,1,single_token,incomplete_phrase
diapers,genital,-15.75,1,single_token,not_valid_noun
diapers,munic,-15.75,1,single_token,not_valid_noun
diapers,tom,-15.75,1,single_token,incomplete_phrase
diapers,pul,-15.75,1,single_token,incomplete_phrase
diapers,designed,-15.75,1,single_token,not_valid_noun
diapers,sani,-15.75,1,single_token,not_valid_noun
diapers,tissue in,-15.75,2,2token,not_valid_noun
diapers,? underwear,-15.75,2,2token,not_valid_noun
diapers,? Clothing,-15.75,2,2token,not_valid_noun
diapers,object related,-15.75,2,2token,not_valid_noun
diapers,? For,-15.75,2,2token,not_valid_noun
diapers,? -,-15.75,2,2token,not_valid_noun
diapers,sl,-15.75,1,single_token,not_valid_noun
diapers,theme,-15.75,1,single_token,incomplete_phrase
diapers,opp,-15.75,1,single_token,not_valid_noun
diapers,conse,-15.75,1,single_token,not_valid_noun
diapers,Ir,-15.75,1,single_token,not_valid_noun
diapers,giving,-15.75,1,single_token,incomplete_phrase
diapers,ont,-15.75,1,single_token,not_valid_noun
diapers,stockings,-15.75,1,single_token,not_valid_noun
diapers,?!,-15.75,1,single_token,not_valid_noun
diapers,loosen,-15.75,1,single_token,not_valid_noun
diapers,n :,-15.75,2,2token,not_valid_noun
diapers,Ab,-15.75,1,single_token,not_valid_noun
diapers,las,-15.75,1,single_token,incomplete_phrase
diapers,int,-15.75,1,single_token,incomplete_phrase
diapers,der,-15.75,1,single_token,not_valid_noun
diapers,comp,-15.75,1,single_token,not_valid_noun
diapers,whi,-15.75,1,single_token,incomplete_phrase
diapers,IC,-15.75,1,single_token,not_valid_noun
diapers,producto,-15.75,1,single_token,not_valid_noun
diapers,garbage ____,-15.75,2,2token,not_valid_noun
diapers,protection around,-15.75,2,2token,incomplete_phrase
diapers,"bag ,",-15.75,2,2token,not_valid_noun
diapers,apparel .....,-15.75,2,2token,not_valid_noun
diapers,sung,-15.75,1,single_token,incomplete_phrase
diapers,excer,-15.75,1,single_token,not_valid_noun
diapers,noun ____,-15.75,2,2token,not_valid_noun
diapers,noun pants,-15.75,2,2token,incomplete_phrase
diapers,polluted,-15.75,1,single_token,not_valid_noun
diapers,Covering,-15.75,1,single_token,incomplete_phrase
diapers,poto,-15.75,1,single_token,not_valid_noun
diapers,costume ______,-15.75,2,2token,not_valid_noun
diapers,costume _______,-15.75,2,2token,not_valid_noun
diapers,noun ....,-15.75,2,2token,not_valid_noun
diapers,dressing -,-15.75,2,2token,not_valid_noun
diapers,vulnerable,-15.75,1,single_token,not_valid_noun
diapers,teh,-15.75,1,single_token,not_valid_noun
diapers,衣,-15.75,1,single_token,not_valid_noun
diapers,costume of,-15.75,2,2token,not_valid_noun
diapers,costume ____,-15.75,2,2token,not_valid_noun
diapers,costume _____,-15.75,2,2token,not_valid_noun
diapers,snack Food,-15.75,2,2token,incomplete_phrase
diapers,apparel [,-15.75,2,2token,not_valid_noun
diapers,apparel -,-15.75,2,2token,not_valid_noun
diapers,ui,-15.75,1,single_token,not_valid_noun
diapers,poi,-15.75,1,single_token,incomplete_phrase
diapers,Furthermore,-15.75,1,single_token,not_valid_noun
diapers,noun which,-15.75,2,2token,incomplete_phrase
diapers,noun to,-15.75,2,2token,not_valid_noun
diapers,accessories in,-15.75,2,2token,not_valid_noun
diapers,furniture in,-15.75,2,2token,not_valid_noun
diapers,furniture ...,-15.75,2,2token,not_valid_noun
diapers,piece,-15.75,2,2token,incomplete_phrase
diapers,piece for,-15.75,2,2token,incomplete_phrase
diapers,noun complete,-15.75,2,2token,not_valid_noun
diapers,necessity COMPLETE,-15.75,2,2token,not_valid_noun
diapers,under or,-15.75,2,2token,not_valid_noun
diapers,necessity ...,-15.75,2,2token,not_valid_noun
diapers,something like,-15.78125,2,2token,incomplete_phrase
diapers,something babies,-15.78125,2,2token,incomplete_phrase
diapers,c lo,-15.78125,2,2token,not_valid_noun
diapers,package ________,-15.78125,2,2token,not_valid_noun
diapers,sheet to,-15.78125,2,2token,not_valid_noun
diapers,something with,-15.78125,2,2token,incomplete_phrase
diapers,pan ________,-15.78125,2,2token,not_valid_noun
diapers,hat (,-15.8125,2,2token,not_valid_noun
diapers,........ diapers,-15.8125,2,2token,not_valid_noun
diapers,wrapper to,-15.8125,2,2token,not_valid_noun
diapers,( blanket,-15.8125,2,2token,not_valid_noun
diapers,( disposable,-15.8125,2,2token,not_valid_noun
diapers,material -,-15.8125,2,2token,not_valid_noun
diapers,material …,-15.8125,2,2token,not_valid_noun
diapers,........ and,-15.8125,2,2token,not_valid_noun
diapers,........ Clothes,-15.8125,2,2token,not_valid_noun
diapers,( ],-15.8125,2,2token,not_valid_noun
diapers,( fill,-15.8125,2,2token,not_valid_noun
diapers,( Choose,-15.8125,2,2token,not_valid_noun
diapers,hig,-15.8125,1,single_token,not_valid_noun
diapers,gri,-15.8125,1,single_token,not_valid_noun
diapers,centre,-15.8125,1,single_token,not_valid_noun
diapers,Sund,-15.8125,1,single_token,not_valid_noun
diapers,lasting,-15.8125,1,single_token,not_valid_noun
diapers,sunny,-15.8125,1,single_token,not_valid_noun
diapers,urgent,-15.8125,1,single_token,not_valid_noun
diapers,Objects,-15.8125,1,single_token,not_valid_noun
diapers,device of,-15.8125,2,2token,not_valid_noun
diapers,to people,-15.8125,2,2token,not_valid_noun
diapers,to child,-15.8125,2,2token,not_valid_noun
diapers,shirt Read,-15.8125,2,2token,not_valid_noun
diapers,kid,-15.8125,2,2token,not_valid_noun
diapers,__________,-15.8125,2,2token,not_valid_noun
diapers,stuff or,-15.8125,2,2token,not_valid_noun
diapers,Clothing A,-15.8125,2,2token,not_valid_noun
diapers,Clothing -,-15.8125,2,2token,not_valid_noun
diapers,Clothing Comple,-15.8125,2,2token,incomplete_phrase
diapers,cover which,-15.8125,2,2token,incomplete_phrase
diapers,Clothing :,-15.8125,2,2token,not_valid_noun
diapers,kid (,-15.8125,2,2token,not_valid_noun
diapers,kid related,-15.8125,2,2token,incomplete_phrase
diapers,shoe _____,-15.8125,2,2token,not_valid_noun
diapers,- cloth,-15.8125,2,2token,not_valid_noun
diapers,- diaper,-15.8125,2,2token,not_valid_noun
diapers,p are,-15.8125,2,2token,not_valid_noun
diapers,( ...,-15.8125,2,2token,not_valid_noun
diapers,( food,-15.8125,2,2token,not_valid_noun
diapers,( dress,-15.8125,2,2token,not_valid_noun
diapers,benef,-15.8125,1,single_token,not_valid_noun
diapers,Ho,-15.8125,1,single_token,not_valid_noun
diapers,SWE,-15.8125,1,single_token,not_valid_noun
diapers,closets,-15.8125,1,single_token,not_valid_noun
diapers,responsible,-15.8125,1,single_token,not_valid_noun
diapers,technical,-15.8125,1,single_token,incomplete_phrase
diapers,April,-15.8125,1,single_token,incomplete_phrase
diapers,ih,-15.8125,1,single_token,not_valid_noun
diapers,Mase,-15.8125,1,single_token,not_valid_noun
diapers,prs,-15.8125,1,single_token,not_valid_noun
diapers,outermost,-15.8125,1,single_token,not_valid_noun
diapers,$\{$,-15.8125,1,single_token,not_valid_noun
diapers,contaminate,-15.8125,1,single_token,not_valid_noun
diapers,(((,-15.8125,1,single_token,not_valid_noun
diapers,Common,-15.8125,1,single_token,incomplete_phrase
diapers,Cri,-15.8125,1,single_token,not_valid_noun
diapers,hong,-15.8125,1,single_token,incomplete_phrase
diapers,<>,-15.8125,1,single_token,not_valid_noun
diapers,yards,-15.8125,1,single_token,not_valid_noun
diapers,ath,-15.8125,1,single_token,incomplete_phrase
diapers,das,-15.8125,1,single_token,incomplete_phrase
diapers,since,-15.8125,1,single_token,not_valid_noun
diapers,bedding or,-15.8125,2,2token,not_valid_noun
diapers,ante,-15.8125,1,single_token,incomplete_phrase
diapers,- The,-15.8125,2,2token,not_valid_noun
diapers,Christmas,-15.8125,1,single_token,incomplete_phrase
diapers,op,-15.8125,1,single_token,not_valid_noun
diapers,sm,-15.8125,1,single_token,not_valid_noun
diapers,digital,-15.8125,1,single_token,incomplete_phrase
diapers,tend,-15.8125,1,single_token,not_valid_noun
diapers,canning,-15.8125,1,single_token,not_valid_noun
diapers,tkan,-15.8125,1,single_token,not_valid_noun
diapers,😀,-15.8125,1,single_token,not_valid_noun
diapers,except,-15.8125,1,single_token,not_valid_noun
diapers,€.,-15.8125,1,single_token,not_valid_noun
diapers,inconvenient,-15.8125,1,single_token,not_valid_noun
diapers,compulsory,-15.8125,1,single_token,not_valid_noun
diapers,aro,-15.8125,1,single_token,not_valid_noun
diapers,(…),-15.8125,1,single_token,not_valid_noun
diapers,part used,-15.8125,2,2token,incomplete_phrase
diapers,Hank,-15.8125,1,single_token,incomplete_phrase
diapers,(){,-15.8125,1,single_token,not_valid_noun
diapers,towel Read,-15.8125,2,2token,not_valid_noun
diapers,towel ______,-15.8125,2,2token,not_valid_noun
diapers,Past,-15.8125,1,single_token,incomplete_phrase
diapers,thirty,-15.8125,1,single_token,incomplete_phrase
diapers,supplementary,-15.8125,1,single_token,not_valid_noun
diapers,prohibit,-15.8125,1,single_token,not_valid_noun
diapers,CB,-15.8125,1,single_token,not_valid_noun
diapers,knee,-15.8125,1,single_token,incomplete_phrase
diapers,inven,-15.8125,1,single_token,not_valid_noun
diapers,Noth,-15.8125,1,single_token,incomplete_phrase
diapers,fruit by,-15.8125,2,2token,not_valid_noun
diapers,fruit which,-15.8125,2,2token,incomplete_phrase
diapers,lin,-15.8125,1,single_token,incomplete_phrase
diapers,ER,-15.8125,1,single_token,not_valid_noun
diapers,fruit .....,-15.8125,2,2token,not_valid_noun
diapers,fruit Answer,-15.8125,2,2token,not_valid_noun
diapers,........... Match,-15.8125,2,2token,not_valid_noun
diapers,........... are,-15.8125,2,2token,not_valid_noun
diapers,cleanliness for,-15.8125,2,2token,incomplete_phrase
diapers,under _,-15.8125,2,2token,not_valid_noun
diapers,blanket with,-15.8125,2,2token,incomplete_phrase
diapers,plastic Read,-15.8125,2,2token,not_valid_noun
diapers,for grown,-15.84375,2,2token,not_valid_noun
diapers,for our,-15.84375,2,2token,not_valid_noun
diapers,rag Read,-15.84375,2,2token,not_valid_noun
diapers,rag ....,-15.84375,2,2token,not_valid_noun
diapers,rag Use,-15.84375,2,2token,incomplete_phrase
diapers,.............. Answer,-15.84375,2,2token,not_valid_noun
diapers,.............. ________,-15.84375,2,2token,not_valid_noun
diapers,for washing,-15.84375,2,2token,not_valid_noun
diapers,articles you,-15.84375,2,2token,incomplete_phrase
diapers,trash that,-15.84375,2,2token,incomplete_phrase
diapers,articles ________,-15.84375,2,2token,not_valid_noun
diapers,useful piece,-15.84375,2,2token,incomplete_phrase
diapers,useful ________,-15.84375,2,2token,not_valid_noun
diapers,useful ____,-15.84375,2,2token,not_valid_noun
diapers,doll for,-15.84375,2,2token,incomplete_phrase
diapers,......... Use,-15.84375,2,2token,not_valid_noun
diapers,P p,-15.84375,2,2token,not_valid_noun
diapers,............... ..,-15.84375,2,2token,not_valid_noun
diapers,............... -,-15.84375,2,2token,not_valid_noun
diapers,glove for,-15.84375,2,2token,incomplete_phrase
diapers,P -,-15.84375,2,2token,not_valid_noun
diapers,.............. fruit,-15.84375,2,2token,not_valid_noun
diapers,personal pr,-15.84375,2,2token,not_valid_noun
diapers,What if,-15.84375,2,2token,not_valid_noun
diapers,......... In,-15.84375,2,2token,not_valid_noun
diapers,type ____,-15.84375,2,2token,not_valid_noun
diapers,toys complete,-15.84375,2,2token,not_valid_noun
diapers,garments ....,-15.84375,2,2token,not_valid_noun
diapers,necessity ....,-15.875,2,2token,not_valid_noun
diapers,….. _____,-15.875,2,2token,not_valid_noun
diapers,….. ______,-15.875,2,2token,not_valid_noun
diapers,….. ____,-15.875,2,2token,not_valid_noun
diapers,apparel is,-15.875,2,2token,not_valid_noun
diapers,vis,-15.875,1,single_token,incomplete_phrase
diapers,Po,-15.875,1,single_token,not_valid_noun
diapers,acti,-15.875,1,single_token,incomplete_phrase
diapers,really,-15.875,1,single_token,not_valid_noun
diapers,snack complete,-15.875,2,2token,not_valid_noun
diapers,tissue …,-15.875,2,2token,not_valid_noun
diapers,cloths :,-15.875,2,2token,not_valid_noun
diapers,under age,-15.875,2,2token,incomplete_phrase
diapers,cloths Fill,-15.875,2,2token,not_valid_noun
diapers,cloths ____,-15.875,2,2token,not_valid_noun
diapers,fashion or,-15.875,2,2token,not_valid_noun
diapers,under _________,-15.875,2,2token,not_valid_noun
diapers,necessity Fill,-15.875,2,2token,not_valid_noun
diapers,tool ___________,-15.875,2,2token,not_valid_noun
diapers,tool Used,-15.875,2,2token,incomplete_phrase
diapers,cloths you,-15.875,2,2token,incomplete_phrase
diapers,object called,-15.875,2,2token,incomplete_phrase
diapers,Tee,-15.875,1,single_token,incomplete_phrase
diapers,things are,-15.875,2,2token,incomplete_phrase
diapers,linen and,-15.875,2,2token,incomplete_phrase
diapers,apparel worn,-15.875,2,2token,incomplete_phrase
diapers,things ____,-15.875,2,2token,not_valid_noun
diapers,tissue and,-15.875,2,2token,incomplete_phrase
diapers,Washable,-15.875,1,single_token,not_valid_noun
diapers,marine,-15.875,1,single_token,incomplete_phrase
diapers,unwra,-15.875,1,single_token,not_valid_noun
diapers,apparel Fill,-15.875,2,2token,not_valid_noun
diapers,coloured,-15.875,1,single_token,not_valid_noun
diapers,ANN,-15.875,1,single_token,incomplete_phrase
diapers,tissue is,-15.875,2,2token,not_valid_noun
diapers,apparel a,-15.875,2,2token,not_valid_noun
diapers,shi,-15.875,1,single_token,incomplete_phrase
diapers,av,-15.875,1,single_token,not_valid_noun
diapers,au,-15.875,1,single_token,not_valid_noun
diapers,Re,-15.875,1,single_token,not_valid_noun
diapers,protection _______,-15.875,2,2token,not_valid_noun
diapers,unsafe,-15.875,1,single_token,not_valid_noun
diapers,consuming,-15.875,1,single_token,not_valid_noun
diapers,GER,-15.875,1,single_token,incomplete_phrase
diapers,😊,-15.875,1,single_token,not_valid_noun
diapers,garbage or,-15.875,2,2token,not_valid_noun
diapers,ly,-15.875,1,single_token,not_valid_noun
diapers,png,-15.875,1,single_token,not_valid_noun
diapers,pictures,-15.875,1,single_token,not_valid_noun
diapers,cells,-15.875,1,single_token,not_valid_noun
diapers,weeks,-15.875,1,single_token,not_valid_noun
diapers,TV,-15.875,1,single_token,not_valid_noun
diapers,plu,-15.875,1,single_token,not_valid_noun
diapers,Tools,-15.875,1,single_token,not_valid_noun
diapers,Sometimes,-15.875,1,single_token,not_valid_noun
diapers,Complete,-15.875,1,single_token,not_valid_noun
diapers,protection ...,-15.875,2,2token,not_valid_noun
diapers,suit _____,-15.875,2,2token,not_valid_noun
diapers,apparel with,-15.875,2,2token,incomplete_phrase
diapers,woo,-15.875,1,single_token,not_valid_noun
diapers,respiratory,-15.875,1,single_token,incomplete_phrase
diapers,kits,-15.875,1,single_token,not_valid_noun
diapers,carries,-15.875,1,single_token,not_valid_noun
diapers,pets,-15.875,1,single_token,not_valid_noun
diapers,cuc,-15.875,1,single_token,not_valid_noun
diapers,members,-15.875,1,single_token,not_valid_noun
diapers,piece if,-15.875,2,2token,not_valid_noun
diapers,dressing on,-15.875,2,2token,not_valid_noun
diapers,wedding,-15.875,1,single_token,incomplete_phrase
diapers,helped,-15.875,1,single_token,not_valid_noun
diapers,Convenient,-15.875,1,single_token,not_valid_noun
diapers,▪,-15.875,1,single_token,not_valid_noun
diapers,[`,-15.875,1,single_token,not_valid_noun
diapers,caregiver,-15.875,1,single_token,not_valid_noun
diapers,daycare,-15.875,1,single_token,not_valid_noun
diapers,magazin,-15.875,1,single_token,not_valid_noun
diapers,dummies,-15.875,1,single_token,not_valid_noun
diapers,garbage complete,-15.875,2,2token,not_valid_noun
diapers,manu,-15.875,1,single_token,not_valid_noun
diapers,costume ....,-15.875,2,2token,not_valid_noun
diapers,noun used,-15.875,2,2token,incomplete_phrase
diapers,noun with,-15.875,2,2token,incomplete_phrase
diapers,accessories of,-15.875,2,2token,not_valid_noun
diapers,noun _____,-15.875,2,2token,not_valid_noun
diapers,equipment complete,-15.875,2,2token,not_valid_noun
diapers,equipment ....,-15.875,2,2token,not_valid_noun
diapers,care that,-15.875,2,2token,not_valid_noun
diapers,care _____,-15.875,2,2token,not_valid_noun
diapers,kind is,-15.875,2,2token,not_valid_noun
diapers,to food,-15.875,2,2token,not_valid_noun
diapers,to let,-15.875,2,2token,not_valid_noun
diapers,…..,-15.875,2,2token,not_valid_noun
diapers,materialistic,-15.875,1,single_token,not_valid_noun
diapers,Interview,-15.875,1,single_token,incomplete_phrase
diapers,preparing,-15.875,1,single_token,not_valid_noun
diapers,PT,-15.875,1,single_token,not_valid_noun
diapers,retic,-15.875,1,single_token,not_valid_noun
diapers,(%),-15.875,1,single_token,not_valid_noun
diapers,noun called,-15.875,2,2token,incomplete_phrase
diapers,lol,-15.875,1,single_token,not_valid_noun
diapers,jan,-15.875,1,single_token,incomplete_phrase
diapers,kas,-15.875,1,single_token,not_valid_noun
diapers,Nam,-15.875,1,single_token,incomplete_phrase
diapers,Cl,-15.875,1,single_token,not_valid_noun
diapers,processing,-15.875,1,single_token,not_valid_noun
diapers,cotton ____,-15.875,2,2token,not_valid_noun
diapers,Western,-15.875,1,single_token,incomplete_phrase
diapers,ancient,-15.875,1,single_token,incomplete_phrase
diapers,blank and,-15.875,2,2token,not_valid_noun
diapers,cotton Product,-15.875,2,2token,incomplete_phrase
diapers,....... diapers,-15.875,2,2token,not_valid_noun
diapers,Cloth _____,-15.875,2,2token,not_valid_noun
diapers,blank -,-15.875,2,2token,not_valid_noun
diapers,furniture complete,-15.875,2,2token,not_valid_noun
diapers,lines,-15.875,1,single_token,not_valid_noun
diapers,features,-15.875,1,single_token,not_valid_noun
diapers,nos,-15.875,1,single_token,not_valid_noun
diapers,प,-15.875,1,single_token,not_valid_noun
diapers,pol,-15.875,1,single_token,incomplete_phrase
diapers,South,-15.875,1,single_token,incomplete_phrase
diapers,Don,-15.875,1,single_token,incomplete_phrase
diapers,words,-15.875,1,single_token,not_valid_noun
diapers,....... _____,-15.875,2,2token,not_valid_noun
diapers,....... .....,-15.875,2,2token,not_valid_noun
diapers,....... pants,-15.875,2,2token,not_valid_noun
diapers,....... __,-15.875,2,2token,not_valid_noun
diapers,....... This,-15.875,2,2token,not_valid_noun
diapers,….. You,-15.875,2,2token,not_valid_noun
diapers,pant The,-15.875,2,2token,incomplete_phrase
diapers,pant in,-15.875,2,2token,not_valid_noun
diapers,garb or,-15.875,2,2token,not_valid_noun
diapers,garb that,-15.875,2,2token,incomplete_phrase
diapers,package used,-15.90625,2,2token,incomplete_phrase
diapers,package on,-15.90625,2,2token,not_valid_noun
diapers,appliance ...,-15.90625,2,2token,not_valid_noun
diapers,appliance complete,-15.90625,2,2token,not_valid_noun
diapers,kids _______,-15.90625,2,2token,not_valid_noun
diapers,uniform ...,-15.90625,2,2token,not_valid_noun
diapers,something needed,-15.90625,2,2token,incomplete_phrase
diapers,something under,-15.90625,2,2token,incomplete_phrase
diapers,uniform to,-15.90625,2,2token,not_valid_noun
diapers,something ________,-15.90625,2,2token,not_valid_noun
diapers,napkin or,-15.90625,2,2token,not_valid_noun
diapers,uniform complete,-15.90625,2,2token,not_valid_noun
diapers,P __________,-15.90625,2,2token,not_valid_noun
diapers,gift Wrap,-15.90625,2,2token,incomplete_phrase
diapers,gift ________,-15.90625,2,2token,not_valid_noun
diapers,gift ____,-15.90625,2,2token,not_valid_noun
diapers,Clothes or,-15.90625,2,2token,not_valid_noun
diapers,P of,-15.90625,2,2token,not_valid_noun
diapers,Clothes that,-15.90625,2,2token,incomplete_phrase
diapers,glad,-15.9375,1,single_token,incomplete_phrase
diapers,correct,-15.9375,1,single_token,not_valid_noun
diapers,significant,-15.9375,1,single_token,not_valid_noun
diapers,nie,-15.9375,1,single_token,not_valid_noun
diapers,Ke,-15.9375,1,single_token,not_valid_noun
diapers,ey,-15.9375,1,single_token,not_valid_noun
diapers,holes,-15.9375,1,single_token,not_valid_noun
diapers,Very,-15.9375,1,single_token,not_valid_noun
diapers,nar,-15.9375,1,single_token,incomplete_phrase
diapers,breat,-15.9375,1,single_token,incomplete_phrase
diapers,Yu,-15.9375,1,single_token,not_valid_noun
diapers,cleanliness and,-15.9375,2,2token,incomplete_phrase
diapers,sam,-15.9375,1,single_token,incomplete_phrase
diapers,General,-15.9375,1,single_token,incomplete_phrase
diapers,Health,-15.9375,1,single_token,incomplete_phrase
diapers,Fall,-15.9375,1,single_token,incomplete_phrase
diapers,gau,-15.9375,1,single_token,incomplete_phrase
diapers,esse,-15.9375,1,single_token,not_valid_noun
diapers,besides,-15.9375,1,single_token,not_valid_noun
diapers,aust,-15.9375,1,single_token,not_valid_noun
diapers,outfit ....,-15.9375,2,2token,not_valid_noun
diapers,cover Read,-15.9375,2,2token,not_valid_noun
diapers,outfit and,-15.9375,2,2token,incomplete_phrase
diapers,Young,-15.9375,1,single_token,incomplete_phrase
diapers,cover from,-15.9375,2,2token,not_valid_noun
diapers,stret,-15.9375,1,single_token,incomplete_phrase
diapers,internet,-15.9375,1,single_token,not_valid_noun
diapers,CAL,-15.9375,1,single_token,incomplete_phrase
diapers,answers,-15.9375,1,single_token,not_valid_noun
diapers,sustain,-15.9375,1,single_token,not_valid_noun
diapers,Sou,-15.9375,1,single_token,incomplete_phrase
diapers,sock is,-15.9375,2,2token,not_valid_noun
diapers,chan,-15.9375,1,single_token,not_valid_noun
diapers,twee,-15.9375,1,single_token,not_valid_noun
diapers,indis,-15.9375,1,single_token,not_valid_noun
diapers,plastic used,-15.9375,2,2token,incomplete_phrase
diapers,plastic in,-15.9375,2,2token,not_valid_noun
diapers,device made,-15.9375,2,2token,incomplete_phrase
diapers,device you,-15.9375,2,2token,not_valid_noun
diapers,pots,-15.9375,1,single_token,not_valid_noun
diapers,Mexican,-15.9375,1,single_token,incomplete_phrase
diapers,Kaw,-15.9375,1,single_token,incomplete_phrase
diapers,hungry,-15.9375,1,single_token,not_valid_noun
diapers,adi,-15.9375,1,single_token,not_valid_noun
diapers,./,-15.9375,1,single_token,not_valid_noun
diapers,Ø,-15.9375,1,single_token,not_valid_noun
diapers,breathe,-15.9375,1,single_token,not_valid_noun
diapers,Birth,-15.9375,1,single_token,incomplete_phrase
diapers,fris,-15.9375,1,single_token,not_valid_noun
diapers,........... Clothes,-15.9375,2,2token,not_valid_noun
diapers,container [,-15.9375,2,2token,not_valid_noun
diapers,container _____,-15.9375,2,2token,not_valid_noun
diapers,........... COMPLETE,-15.9375,2,2token,not_valid_noun
diapers,shirt in,-15.9375,2,2token,not_valid_noun
diapers,shirt :,-15.9375,2,2token,not_valid_noun
diapers,shirt ________,-15.9375,2,2token,not_valid_noun
diapers,towel with,-15.9375,2,2token,incomplete_phrase
diapers,towel [,-15.9375,2,2token,not_valid_noun
diapers,towel Fill,-15.9375,2,2token,not_valid_noun
diapers,towel ____,-15.9375,2,2token,not_valid_noun
diapers,shoe is,-15.9375,2,2token,not_valid_noun
diapers,shoe that,-15.9375,2,2token,incomplete_phrase
diapers,shoe Fill,-15.9375,2,2token,not_valid_noun
diapers,conditional,-15.9375,1,single_token,not_valid_noun
diapers,lasts,-15.9375,1,single_token,not_valid_noun
diapers,rainy,-15.9375,1,single_token,not_valid_noun
diapers,advertisements,-15.9375,1,single_token,not_valid_noun
diapers,stains,-15.9375,1,single_token,not_valid_noun
diapers,stretchy,-15.9375,1,single_token,not_valid_noun
diapers,labeling,-15.9375,1,single_token,not_valid_noun
diapers,artigo,-15.9375,1,single_token,not_valid_noun
diapers,classify,-15.9375,1,single_token,not_valid_noun
diapers,yummy,-15.9375,1,single_token,not_valid_noun
diapers,- BLANK,-15.9375,2,2token,not_valid_noun
diapers,- the,-15.9375,2,2token,not_valid_noun
diapers,"- ,",-15.9375,2,2token,not_valid_noun
diapers,- What,-15.9375,2,2token,not_valid_noun
diapers,...........,-15.9375,2,2token,not_valid_noun
diapers,clad,-15.9375,1,single_token,not_valid_noun
diapers,........... Which,-15.9375,2,2token,not_valid_noun
diapers,........... Correct,-15.9375,2,2token,not_valid_noun
diapers,fruit …,-15.9375,2,2token,not_valid_noun
diapers,fruit The,-15.9375,2,2token,incomplete_phrase
diapers,fruit a,-15.9375,2,2token,not_valid_noun
diapers,fruit ___________,-15.9375,2,2token,not_valid_noun
diapers,material A,-15.9375,2,2token,not_valid_noun
diapers,antis,-15.9375,1,single_token,incomplete_phrase
diapers,careless,-15.9375,1,single_token,not_valid_noun
diapers,mexico,-15.9375,1,single_token,not_valid_noun
diapers,under gar,-15.9375,2,2token,incomplete_phrase
diapers,under Gar,-15.9375,2,2token,incomplete_phrase
diapers,,-15.9375,1,single_token,not_valid_noun
diapers,asexual,-15.9375,1,single_token,not_valid_noun
diapers,stic,-15.9375,1,single_token,not_valid_noun
diapers,cose,-15.9375,1,single_token,not_valid_noun
diapers,Textiles,-15.9375,1,single_token,not_valid_noun
diapers,gari,-15.9375,1,single_token,not_valid_noun
diapers,thirsty,-15.9375,1,single_token,not_valid_noun
diapers,kid _______,-15.9375,2,2token,not_valid_noun
diapers,kid wearing,-15.9375,2,2token,incomplete_phrase
diapers,kid _,-15.9375,2,2token,not_valid_noun
diapers,kid ',-15.9375,2,2token,not_valid_noun
diapers,stuff they,-15.9375,2,2token,incomplete_phrase
diapers,sucking,-15.9375,1,single_token,incomplete_phrase
diapers,lege,-15.9375,1,single_token,not_valid_noun
diapers,voca,-15.9375,1,single_token,not_valid_noun
diapers,.”,-15.9375,1,single_token,not_valid_noun
diapers,sate,-15.9375,1,single_token,incomplete_phrase
diapers,ith,-15.9375,1,single_token,not_valid_noun
diapers,👏,-15.9375,1,single_token,not_valid_noun
diapers,parto,-15.9375,1,single_token,not_valid_noun
diapers,carbo,-15.9375,1,single_token,incomplete_phrase
diapers,under $,-15.9375,2,2token,not_valid_noun
diapers,Reject,-15.9375,1,single_token,incomplete_phrase
diapers,“.,-15.9375,1,single_token,not_valid_noun
diapers,........ of,-15.9375,2,2token,not_valid_noun
diapers,........ We,-15.9375,2,2token,not_valid_noun
diapers,........ _,-15.9375,2,2token,not_valid_noun
diapers,........ They,-15.9375,2,2token,not_valid_noun
diapers,........ Food,-15.9375,2,2token,not_valid_noun
diapers,sanitation Item,-15.9375,2,2token,incomplete_phrase
diapers,ser,-15.9375,1,single_token,incomplete_phrase
diapers,fil,-15.9375,1,single_token,not_valid_noun
diapers,Tr,-15.9375,1,single_token,not_valid_noun
diapers,always,-15.9375,1,single_token,not_valid_noun
diapers,Lo,-15.9375,1,single_token,not_valid_noun
diapers,original,-15.9375,1,single_token,incomplete_phrase
diapers,based,-15.9375,1,single_token,not_valid_noun
diapers,sil,-15.9375,1,single_token,incomplete_phrase
diapers,questions,-15.9375,1,single_token,not_valid_noun
diapers,friends,-15.9375,1,single_token,not_valid_noun
diapers,dise,-15.9375,1,single_token,not_valid_noun
diapers,„,-15.9375,1,single_token,not_valid_noun
diapers,consist,-15.9375,1,single_token,not_valid_noun
diapers,fail,-15.9375,1,single_token,not_valid_noun
diapers,adv,-15.9375,1,single_token,not_valid_noun
diapers,Hand,-15.9375,1,single_token,incomplete_phrase
diapers,bla,-15.9375,1,single_token,not_valid_noun
diapers,developed,-15.9375,1,single_token,not_valid_noun
diapers,Ham,-15.9375,1,single_token,not_valid_noun
diapers,north,-15.9375,1,single_token,incomplete_phrase
diapers,clin,-15.9375,1,single_token,not_valid_noun
diapers,examples,-15.9375,1,single_token,not_valid_noun
diapers,Old,-15.9375,1,single_token,incomplete_phrase
diapers,/*,-15.9375,1,single_token,not_valid_noun
diapers,worn away,-15.96875,2,2token,not_valid_noun
diapers,..............,-15.96875,2,2token,not_valid_noun
diapers,.............. of,-15.96875,2,2token,not_valid_noun
diapers,useful and,-15.96875,2,2token,not_valid_noun
diapers,useful ______,-15.96875,2,2token,not_valid_noun
diapers,worn as,-15.96875,2,2token,not_valid_noun
diapers,soap (,-15.96875,2,2token,not_valid_noun
diapers,covering the,-15.96875,2,2token,incomplete_phrase
diapers,covering used,-15.96875,2,2token,not_valid_noun
diapers,P L,-15.96875,2,2token,not_valid_noun
diapers,P The,-15.96875,2,2token,not_valid_noun
diapers,diapers or,-15.96875,2,2token,not_valid_noun
diapers,toys and,-15.96875,2,2token,incomplete_phrase
diapers,bathing to,-15.96875,2,2token,not_valid_noun
diapers,bathing and,-15.96875,2,2token,not_valid_noun
diapers,rag ______,-15.96875,2,2token,not_valid_noun
diapers,...............,-15.96875,2,2token,not_valid_noun
diapers,......... Answer,-15.96875,2,2token,not_valid_noun
diapers,pus,-16.0,1,single_token,incomplete_phrase
diapers,managing,-16.0,1,single_token,not_valid_noun
diapers,Practical,-16.0,1,single_token,not_valid_noun
diapers,coats,-16.0,1,single_token,not_valid_noun
diapers,Eri,-16.0,1,single_token,not_valid_noun
diapers,pere,-16.0,1,single_token,not_valid_noun
diapers,pf,-16.0,1,single_token,not_valid_noun
diapers,(__,-16.0,1,single_token,not_valid_noun
diapers,produkt,-16.0,1,single_token,not_valid_noun
diapers,tis,-16.0,1,single_token,not_valid_noun
diapers,withdraw,-16.0,1,single_token,not_valid_noun
diapers,*_,-16.0,1,single_token,not_valid_noun
diapers,Carry,-16.0,1,single_token,incomplete_phrase
diapers,fing,-16.0,1,single_token,not_valid_noun
diapers,Cannot,-16.0,1,single_token,not_valid_noun
diapers,wors,-16.0,1,single_token,not_valid_noun
diapers,handic,-16.0,1,single_token,incomplete_phrase
diapers,peas,-16.0,1,single_token,not_valid_noun
diapers,prevents,-16.0,1,single_token,not_valid_noun
diapers,(.,-16.0,1,single_token,not_valid_noun
diapers,sko,-16.0,1,single_token,not_valid_noun
diapers,worksheet,-16.0,1,single_token,not_valid_noun
diapers,materi,-16.0,1,single_token,not_valid_noun
diapers,isnt,-16.0,1,single_token,not_valid_noun
diapers,mund,-16.0,1,single_token,not_valid_noun
diapers,swallowed,-16.0,1,single_token,not_valid_noun
diapers,retaining,-16.0,1,single_token,not_valid_noun
diapers,Susan,-16.0,1,single_token,incomplete_phrase
diapers,erg,-16.0,1,single_token,incomplete_phrase
diapers,Universal,-16.0,1,single_token,incomplete_phrase
diapers,extraordinary,-16.0,1,single_token,not_valid_noun
diapers,hr,-16.0,1,single_token,not_valid_noun
diapers,dispose,-16.0,1,single_token,not_valid_noun
diapers,CN,-16.0,1,single_token,not_valid_noun
diapers,``,-16.0,1,single_token,not_valid_noun
diapers,Made,-16.0,1,single_token,not_valid_noun
diapers,(',-16.0,1,single_token,not_valid_noun
diapers,categories,-16.0,1,single_token,not_valid_noun
diapers,measurements,-16.0,1,single_token,not_valid_noun
diapers,banda,-16.0,1,single_token,not_valid_noun
diapers,東,-16.0,1,single_token,not_valid_noun
diapers,junior,-16.0,1,single_token,incomplete_phrase
diapers,imb,-16.0,1,single_token,not_valid_noun
diapers,coarse,-16.0,1,single_token,not_valid_noun
diapers,diy,-16.0,1,single_token,not_valid_noun
diapers,mono,-16.0,1,single_token,incomplete_phrase
diapers,cari,-16.0,1,single_token,not_valid_noun
diapers,accompanying,-16.0,1,single_token,not_valid_noun
diapers,bie,-16.0,1,single_token,not_valid_noun
diapers,cloths a,-16.0,2,2token,not_valid_noun
diapers,cotton under,-16.0,2,2token,incomplete_phrase
diapers,preparations,-16.0,1,single_token,not_valid_noun
diapers,Healthy,-16.0,1,single_token,not_valid_noun
diapers,NON,-16.0,1,single_token,incomplete_phrase
diapers,skins,-16.0,1,single_token,not_valid_noun
diapers,pleasant,-16.0,1,single_token,not_valid_noun
diapers,adj,-16.0,1,single_token,not_valid_noun
diapers,begin,-16.0,1,single_token,incomplete_phrase
diapers,direct,-16.0,1,single_token,not_valid_noun
diapers,abs,-16.0,1,single_token,not_valid_noun
diapers,Mr,-16.0,1,single_token,not_valid_noun
diapers,sem,-16.0,1,single_token,not_valid_noun
diapers,Pr,-16.0,1,single_token,not_valid_noun
diapers,cases,-16.0,1,single_token,not_valid_noun
diapers,mate,-16.0,1,single_token,incomplete_phrase
diapers,dressing in,-16.0,2,2token,not_valid_noun
diapers,sav,-16.0,1,single_token,not_valid_noun
diapers,famili,-16.0,1,single_token,not_valid_noun
diapers,dressing are,-16.0,2,2token,incomplete_phrase
diapers,through,-16.0,1,single_token,not_valid_noun
diapers,environmentally,-16.0,1,single_token,not_valid_noun
diapers,kna,-16.0,1,single_token,not_valid_noun
diapers,laz,-16.0,1,single_token,incomplete_phrase
diapers,His,-16.0,1,single_token,incomplete_phrase
diapers,articles are,-16.0,2,2token,incomplete_phrase
diapers,pant complete,-16.0,2,2token,not_valid_noun
diapers,pant [,-16.0,2,2token,not_valid_noun
diapers,pant :,-16.0,2,2token,not_valid_noun
diapers,Undo,-16.0,1,single_token,not_valid_noun
diapers,girly,-16.0,1,single_token,not_valid_noun
diapers,sponges,-16.0,1,single_token,not_valid_noun
diapers,cm,-16.0,1,single_token,not_valid_noun
diapers,❓,-16.0,1,single_token,not_valid_noun
diapers,theyre,-16.0,1,single_token,incomplete_phrase
diapers,indes,-16.0,1,single_token,not_valid_noun
diapers,itchy,-16.0,1,single_token,not_valid_noun
diapers,wrinkled,-16.0,1,single_token,not_valid_noun
diapers,accessor,-16.0,1,single_token,not_valid_noun
diapers,....... How,-16.0,2,2token,not_valid_noun
diapers,....... _,-16.0,2,2token,not_valid_noun
diapers,xer,-16.0,1,single_token,not_valid_noun
diapers,comfy,-16.0,1,single_token,not_valid_noun
diapers,creme,-16.0,1,single_token,not_valid_noun
diapers,ong,-16.0,1,single_token,not_valid_noun
diapers,cylindrical,-16.0,1,single_token,not_valid_noun
diapers,meh,-16.0,1,single_token,not_valid_noun
diapers,noun /,-16.0,2,2token,not_valid_noun
diapers,noun A,-16.0,2,2token,not_valid_noun
diapers,misc,-16.0,1,single_token,not_valid_noun
diapers,suit used,-16.0,2,2token,incomplete_phrase
diapers,noun ___________,-16.0,2,2token,not_valid_noun
diapers,noun because,-16.0,2,2token,incomplete_phrase
diapers,leggings,-16.0,1,single_token,not_valid_noun
diapers,linger,-16.0,1,single_token,not_valid_noun
diapers,aquatic,-16.0,1,single_token,incomplete_phrase
diapers,questionnaire,-16.0,1,single_token,not_valid_noun
diapers,Jeremy,-16.0,1,single_token,incomplete_phrase
diapers,========,-16.0,1,single_token,not_valid_noun
diapers,'?,-16.0,1,single_token,not_valid_noun
diapers,unfit,-16.0,1,single_token,not_valid_noun
diapers,auxili,-16.0,1,single_token,not_valid_noun
diapers,pant ….,-16.0,2,2token,not_valid_noun
diapers,Cloth and,-16.0,2,2token,incomplete_phrase
diapers,Cloth of,-16.0,2,2token,not_valid_noun
diapers,....... Please,-16.0,2,2token,not_valid_noun
diapers,cartoons,-16.0,1,single_token,not_valid_noun
diapers,gowns,-16.0,1,single_token,not_valid_noun
diapers,XY,-16.0,1,single_token,not_valid_noun
diapers,sout,-16.0,1,single_token,not_valid_noun
diapers,$/,-16.0,1,single_token,not_valid_noun
diapers,pab,-16.0,1,single_token,not_valid_noun
diapers,maint,-16.0,1,single_token,not_valid_noun
diapers,":,",-16.0,1,single_token,not_valid_noun
diapers,oi,-16.0,1,single_token,not_valid_noun
diapers,DRY,-16.0,1,single_token,incomplete_phrase
diapers,water that,-16.0,2,2token,incomplete_phrase
diapers,water _____,-16.0,2,2token,not_valid_noun
diapers,Ber,-16.0,1,single_token,incomplete_phrase
diapers,det,-16.0,1,single_token,not_valid_noun
diapers,Dr,-16.0,1,single_token,not_valid_noun
diapers,fre,-16.0,1,single_token,not_valid_noun
diapers,Gre,-16.0,1,single_token,not_valid_noun
diapers,dou,-16.0,1,single_token,not_valid_noun
diapers,especially,-16.0,1,single_token,not_valid_noun
diapers,kan,-16.0,1,single_token,incomplete_phrase
diapers,Super,-16.0,1,single_token,incomplete_phrase
diapers,π,-16.0,1,single_token,not_valid_noun
diapers,isn,-16.0,1,single_token,not_valid_noun
diapers,EN,-16.0,1,single_token,not_valid_noun
diapers,vel,-16.0,1,single_token,not_valid_noun
diapers,apparel …,-16.0,2,2token,not_valid_noun
diapers,abd,-16.0,1,single_token,not_valid_noun
diapers,fabrik,-16.0,1,single_token,not_valid_noun
diapers,mish,-16.0,1,single_token,not_valid_noun
diapers,garbage Fill,-16.0,2,2token,not_valid_noun
diapers,suit -,-16.0,2,2token,not_valid_noun
diapers,suit is,-16.0,2,2token,not_valid_noun
diapers,t _________,-16.0,2,2token,not_valid_noun
diapers,instead,-16.0,1,single_token,not_valid_noun
diapers,cloths .....,-16.0,2,2token,not_valid_noun
diapers,cloths with,-16.0,2,2token,not_valid_noun
diapers,paid,-16.0,1,single_token,not_valid_noun
diapers,necessity during,-16.0,2,2token,incomplete_phrase
diapers,necessity which,-16.0,2,2token,incomplete_phrase
diapers,necessity is,-16.0,2,2token,not_valid_noun
diapers,equipment Read,-16.0,2,2token,not_valid_noun
diapers,cru,-16.0,1,single_token,not_valid_noun
diapers,t a,-16.0,2,2token,not_valid_noun
diapers,care to,-16.0,2,2token,not_valid_noun
diapers,object completed,-16.0,2,2token,not_valid_noun
diapers,object on,-16.0,2,2token,not_valid_noun
diapers,protection during,-16.0,2,2token,incomplete_phrase
diapers,lit,-16.0,1,single_token,incomplete_phrase
diapers,bre,-16.0,1,single_token,not_valid_noun
diapers,done,-16.0,1,single_token,not_valid_noun
diapers,blank of,-16.0,2,2token,not_valid_noun
diapers,to o,-16.0,2,2token,not_valid_noun
diapers,to all,-16.0,2,2token,not_valid_noun
diapers,held,-16.0,1,single_token,not_valid_noun
diapers,eyes,-16.0,1,single_token,not_valid_noun
diapers,nor,-16.0,1,single_token,not_valid_noun
diapers,refer,-16.0,1,single_token,not_valid_noun
diapers,ord,-16.0,1,single_token,not_valid_noun
diapers,cor,-16.0,1,single_token,incomplete_phrase
diapers,No,-16.0,1,single_token,not_valid_noun
diapers,bu,-16.0,1,single_token,not_valid_noun
diapers,et,-16.0,1,single_token,not_valid_noun
diapers,com,-16.0,1,single_token,not_valid_noun
diapers,Wal,-16.0,1,single_token,not_valid_noun
diapers,Men,-16.0,1,single_token,incomplete_phrase
diapers,IT,-16.0,1,single_token,not_valid_noun
diapers,wi,-16.0,1,single_token,not_valid_noun
diapers,built,-16.0,1,single_token,not_valid_noun
diapers,books,-16.0,1,single_token,not_valid_noun
diapers,equipment made,-16.0,2,2token,incomplete_phrase
diapers,equipment a,-16.0,2,2token,not_valid_noun
diapers,protection Read,-16.0,2,2token,not_valid_noun
diapers,tool with,-16.0,2,2token,incomplete_phrase
diapers,Out,-16.0,1,single_token,incomplete_phrase
diapers,….. Match,-16.0,2,2token,not_valid_noun
diapers,resist,-16.0,1,single_token,not_valid_noun
diapers,pt,-16.0,1,single_token,not_valid_noun
diapers,....... :,-16.0,2,2token,not_valid_noun
diapers,fashion Read,-16.0,2,2token,not_valid_noun
diapers,fashion acces,-16.0,2,2token,incomplete_phrase
diapers,Inti,-16.0,1,single_token,not_valid_noun
diapers,pettico,-16.0,1,single_token,not_valid_noun
diapers,cellphone,-16.0,1,single_token,not_valid_noun
diapers,liners,-16.0,1,single_token,not_valid_noun
diapers,cae,-16.0,1,single_token,not_valid_noun
diapers,needless,-16.0,1,single_token,not_valid_noun
diapers,unborn,-16.0,1,single_token,not_valid_noun
diapers,intestines,-16.0,1,single_token,not_valid_noun
diapers,asy,-16.0,1,single_token,not_valid_noun
diapers,moll,-16.0,1,single_token,incomplete_phrase
diapers,woolen,-16.0,1,single_token,incomplete_phrase
diapers,〜,-16.0,1,single_token,not_valid_noun
diapers,×,-16.0,1,single_token,not_valid_noun
diapers,organized,-16.0,1,single_token,not_valid_noun
diapers,flying,-16.0,1,single_token,incomplete_phrase
diapers,Hab,-16.0,1,single_token,not_valid_noun
diapers,nic,-16.0,1,single_token,not_valid_noun
diapers,°,-16.0,1,single_token,not_valid_noun
diapers,contained,-16.0,1,single_token,not_valid_noun
diapers,anex,-16.0,1,single_token,not_valid_noun
diapers,Spanish,-16.0,1,single_token,incomplete_phrase
diapers,utili,-16.0,1,single_token,not_valid_noun
diapers,Lay,-16.0,1,single_token,incomplete_phrase
diapers,fib,-16.0,1,single_token,incomplete_phrase
diapers,Story,-16.0,1,single_token,incomplete_phrase
diapers,facil,-16.0,1,single_token,not_valid_noun
diapers,rolls,-16.0,1,single_token,not_valid_noun
diapers,corpo,-16.0,1,single_token,not_valid_noun
diapers,IND,-16.0,1,single_token,incomplete_phrase
diapers,io,-16.0,1,single_token,not_valid_noun
diapers,aj,-16.0,1,single_token,not_valid_noun
diapers,applications,-16.0,1,single_token,not_valid_noun
diapers,spread,-16.0,1,single_token,not_valid_noun
diapers,moving,-16.0,1,single_token,not_valid_noun
diapers,ii,-16.0,1,single_token,not_valid_noun
diapers,Who,-16.0,1,single_token,not_valid_noun
diapers,Kn,-16.0,1,single_token,not_valid_noun
diapers,glo,-16.0,1,single_token,not_valid_noun
diapers,ao,-16.0,1,single_token,not_valid_noun
diapers,things ______,-16.0,2,2token,not_valid_noun
diapers,things and,-16.0,2,2token,incomplete_phrase
diapers,garbage and,-16.0,2,2token,incomplete_phrase
diapers,gis,-16.0,1,single_token,not_valid_noun
diapers,abject,-16.0,1,single_token,not_valid_noun
diapers,Pash,-16.0,1,single_token,incomplete_phrase
diapers,dit,-16.0,1,single_token,incomplete_phrase
diapers,matching,-16.0,1,single_token,not_valid_noun
diapers,nick,-16.0,1,single_token,incomplete_phrase
diapers,Daily,-16.0,1,single_token,incomplete_phrase
diapers,indicate,-16.0,1,single_token,not_valid_noun
diapers,Sau,-16.0,1,single_token,not_valid_noun
diapers,fic,-16.0,1,single_token,not_valid_noun
diapers,sv,-16.0,1,single_token,not_valid_noun
diapers,fal,-16.0,1,single_token,not_valid_noun
diapers,dy,-16.0,1,single_token,not_valid_noun
diapers,tras,-16.0,1,single_token,not_valid_noun
diapers,Cloth which,-16.0,2,2token,incomplete_phrase
diapers,blocks,-16.0,1,single_token,not_valid_noun
diapers,filled,-16.0,1,single_token,not_valid_noun
diapers,vy,-16.0,1,single_token,not_valid_noun
diapers,onto,-16.0,1,single_token,not_valid_noun
diapers,Anti,-16.0,1,single_token,incomplete_phrase
diapers,FL,-16.0,1,single_token,not_valid_noun
diapers,napkin ...,-16.03125,2,2token,not_valid_noun
diapers,c a,-16.03125,2,2token,not_valid_noun
diapers,[ clothing,-16.03125,2,2token,not_valid_noun
diapers,[ .,-16.03125,2,2token,not_valid_noun
diapers,pan is,-16.03125,2,2token,not_valid_noun
diapers,P e,-16.03125,2,2token,not_valid_noun
diapers,Clothes and,-16.03125,2,2token,incomplete_phrase
diapers,Clothes ...,-16.03125,2,2token,not_valid_noun
diapers,kids ______,-16.03125,2,2token,not_valid_noun
diapers,kids,-16.03125,2,2token,incomplete_phrase
diapers,animal ____,-16.03125,2,2token,not_valid_noun
diapers,something other,-16.03125,2,2token,incomplete_phrase
diapers,something baby,-16.03125,2,2token,incomplete_phrase
diapers,........... ..,-16.0625,2,2token,not_valid_noun
diapers,........... How,-16.0625,2,2token,not_valid_noun
diapers,........... You,-16.0625,2,2token,not_valid_noun
diapers,........... :,-16.0625,2,2token,not_valid_noun
diapers,........... _,-16.0625,2,2token,not_valid_noun
diapers,........ To,-16.0625,2,2token,not_valid_noun
diapers,towel by,-16.0625,2,2token,not_valid_noun
diapers,towel of,-16.0625,2,2token,not_valid_noun
diapers,towel The,-16.0625,2,2token,incomplete_phrase
diapers,towel which,-16.0625,2,2token,incomplete_phrase
diapers,garments in,-16.0625,2,2token,not_valid_noun
diapers,........ This,-16.0625,2,2token,not_valid_noun
diapers,towel /,-16.0625,2,2token,not_valid_noun
diapers,device worn,-16.0625,2,2token,incomplete_phrase
diapers,………… ….,-16.0625,2,2token,not_valid_noun
diapers,bed Wet,-16.0625,2,2token,incomplete_phrase
diapers,towel …,-16.0625,2,2token,not_valid_noun
diapers,........ An,-16.0625,2,2token,not_valid_noun
diapers,........,-16.0625,2,2token,not_valid_noun
diapers,t i,-16.0625,2,2token,not_valid_noun
diapers,- is,-16.0625,2,2token,not_valid_noun
diapers,........... pants,-16.0625,2,2token,not_valid_noun
diapers,footwear or,-16.0625,2,2token,not_valid_noun
diapers,stuff a,-16.0625,2,2token,not_valid_noun
diapers,piece Of,-16.0625,2,2token,not_valid_noun
diapers,blanket of,-16.0625,2,2token,not_valid_noun
diapers,blanket _______,-16.0625,2,2token,not_valid_noun
diapers,blanket -,-16.0625,2,2token,not_valid_noun
diapers,container -,-16.0625,2,2token,not_valid_noun
diapers,container ______,-16.0625,2,2token,not_valid_noun
diapers,container /,-16.0625,2,2token,not_valid_noun
diapers,cover is,-16.0625,2,2token,not_valid_noun
diapers,cover _.,-16.0625,2,2token,not_valid_noun
diapers,shirt _______,-16.0625,2,2token,not_valid_noun
diapers,container is,-16.0625,2,2token,not_valid_noun
diapers,cover are,-16.0625,2,2token,incomplete_phrase
diapers,cover __,-16.0625,2,2token,not_valid_noun
diapers,t Shirt,-16.0625,2,2token,not_valid_noun
diapers,stuff like,-16.0625,2,2token,incomplete_phrase
diapers,kid ...,-16.0625,2,2token,not_valid_noun
diapers,container a,-16.0625,2,2token,not_valid_noun
diapers,____,-16.0625,2,2token,not_valid_noun
diapers,........,-16.0625,2,2token,not_valid_noun
diapers,t ______,-16.0625,2,2token,not_valid_noun
diapers,towel .....,-16.0625,2,2token,not_valid_noun
diapers,garments which,-16.0625,2,2token,incomplete_phrase
diapers,towel is,-16.0625,2,2token,not_valid_noun
diapers,fruit diapers,-16.0625,2,2token,incomplete_phrase
diapers,c (,-16.09375,2,2token,not_valid_noun
diapers,............... Which,-16.09375,2,2token,not_valid_noun
diapers,c h,-16.09375,2,2token,not_valid_noun
diapers,c __,-16.09375,2,2token,not_valid_noun
diapers,............... Match,-16.09375,2,2token,not_valid_noun
diapers,bathing ....,-16.09375,2,2token,not_valid_noun
diapers,worn during,-16.09375,2,2token,not_valid_noun
diapers,worn ...,-16.09375,2,2token,not_valid_noun
diapers,invention or,-16.09375,2,2token,not_valid_noun
diapers,this part,-16.09375,2,2token,incomplete_phrase
diapers,this are,-16.09375,2,2token,incomplete_phrase
diapers,this in,-16.09375,2,2token,not_valid_noun
diapers,this a,-16.09375,2,2token,not_valid_noun
diapers,this _______,-16.09375,2,2token,not_valid_noun
diapers,soap and,-16.09375,2,2token,incomplete_phrase
diapers,rag _____,-16.09375,2,2token,not_valid_noun
diapers,............... We,-16.09375,2,2token,not_valid_noun
diapers,bottle to,-16.09375,2,2token,not_valid_noun
diapers,............... COMPLETE,-16.09375,2,2token,not_valid_noun
diapers,trash complete,-16.09375,2,2token,not_valid_noun
diapers,......... are,-16.09375,2,2token,not_valid_noun
diapers,pan [,-16.09375,2,2token,not_valid_noun
diapers,help of,-16.09375,2,2token,not_valid_noun
diapers,useful to,-16.09375,2,2token,not_valid_noun
diapers,house Complete,-16.09375,2,2token,not_valid_noun
diapers,doll or,-16.09375,2,2token,not_valid_noun
diapers,P H,-16.09375,2,2token,not_valid_noun
diapers,P _______,-16.09375,2,2token,not_valid_noun
diapers,.............. shoes,-16.09375,2,2token,not_valid_noun
diapers,candy complete,-16.09375,2,2token,not_valid_noun
diapers,help and,-16.09375,2,2token,incomplete_phrase
diapers,help ...,-16.09375,2,2token,not_valid_noun
diapers,help or,-16.09375,2,2token,not_valid_noun
diapers,............... are,-16.09375,2,2token,not_valid_noun
diapers,......... _______,-16.09375,2,2token,not_valid_noun
diapers,......... ....,-16.09375,2,2token,not_valid_noun
diapers,......... -,-16.09375,2,2token,not_valid_noun
diapers,according,-16.125,1,single_token,not_valid_noun
diapers,North,-16.125,1,single_token,incomplete_phrase
diapers,rather,-16.125,1,single_token,not_valid_noun
diapers,mod,-16.125,1,single_token,incomplete_phrase
diapers,bel,-16.125,1,single_token,incomplete_phrase
diapers,….. When,-16.125,2,2token,not_valid_noun
diapers,….. diapers,-16.125,2,2token,not_valid_noun
diapers,….. There,-16.125,2,2token,not_valid_noun
diapers,….. How,-16.125,2,2token,not_valid_noun
diapers,….. We,-16.125,2,2token,not_valid_noun
diapers,….. This,-16.125,2,2token,not_valid_noun
diapers,kind ____,-16.125,2,2token,not_valid_noun
diapers,SE,-16.125,1,single_token,not_valid_noun
diapers,Mer,-16.125,1,single_token,incomplete_phrase
diapers,kind for,-16.125,2,2token,incomplete_phrase
diapers,kind _____,-16.125,2,2token,not_valid_noun
diapers,below,-16.125,1,single_token,not_valid_noun
diapers,That,-16.125,1,single_token,not_valid_noun
diapers,jo,-16.125,1,single_token,not_valid_noun
diapers,blank that,-16.125,2,2token,not_valid_noun
diapers,search,-16.125,1,single_token,incomplete_phrase
diapers,wir,-16.125,1,single_token,incomplete_phrase
diapers,garbage to,-16.125,2,2token,not_valid_noun
diapers,garbage _______,-16.125,2,2token,not_valid_noun
diapers,nach,-16.125,1,single_token,not_valid_noun
diapers,Mat,-16.125,1,single_token,incomplete_phrase
diapers,global,-16.125,1,single_token,not_valid_noun
diapers,fla,-16.125,1,single_token,not_valid_noun
diapers,Bri,-16.125,1,single_token,incomplete_phrase
diapers,care are,-16.125,2,2token,incomplete_phrase
diapers,blank You,-16.125,2,2token,incomplete_phrase
diapers,Si,-16.125,1,single_token,not_valid_noun
diapers,AN,-16.125,1,single_token,not_valid_noun
diapers,pag,-16.125,1,single_token,not_valid_noun
diapers,bon,-16.125,1,single_token,not_valid_noun
diapers,customers,-16.125,1,single_token,not_valid_noun
diapers,Ba,-16.125,1,single_token,not_valid_noun
diapers,blank [,-16.125,2,2token,not_valid_noun
diapers,plas,-16.125,1,single_token,not_valid_noun
diapers,recent,-16.125,1,single_token,incomplete_phrase
diapers,additional,-16.125,1,single_token,not_valid_noun
diapers,blank you,-16.125,2,2token,incomplete_phrase
diapers,t ___________,-16.125,2,2token,not_valid_noun
diapers,necessity Incomplete,-16.125,2,2token,not_valid_noun
diapers,Cloth n,-16.125,2,2token,not_valid_noun
diapers,furniture ....,-16.125,2,2token,not_valid_noun
diapers,water ___________,-16.125,2,2token,not_valid_noun
diapers,Cloth __,-16.125,2,2token,not_valid_noun
diapers,Cloth baby,-16.125,2,2token,incomplete_phrase
diapers,Cloth ....,-16.125,2,2token,not_valid_noun
diapers,necessity around,-16.125,2,2token,incomplete_phrase
diapers,protection when,-16.125,2,2token,incomplete_phrase
diapers,protection which,-16.125,2,2token,incomplete_phrase
diapers,dressing is,-16.125,2,2token,not_valid_noun
diapers,protection is,-16.125,2,2token,not_valid_noun
diapers,tool …,-16.125,2,2token,not_valid_noun
diapers,things i,-16.125,2,2token,not_valid_noun
diapers,apparel made,-16.125,2,2token,incomplete_phrase
diapers,things your,-16.125,2,2token,incomplete_phrase
diapers,things clothes,-16.125,2,2token,incomplete_phrase
diapers,apparel such,-16.125,2,2token,incomplete_phrase
diapers,apparel The,-16.125,2,2token,incomplete_phrase
diapers,things _____,-16.125,2,2token,not_valid_noun
diapers,apparel _,-16.125,2,2token,not_valid_noun
diapers,noun are,-16.125,2,2token,incomplete_phrase
diapers,cotton ....,-16.125,2,2token,not_valid_noun
diapers,cotton made,-16.125,2,2token,incomplete_phrase
diapers,articles _______,-16.125,2,2token,not_valid_noun
diapers,articles ____,-16.125,2,2token,not_valid_noun
diapers,….. An,-16.125,2,2token,not_valid_noun
diapers,protection under,-16.125,2,2token,incomplete_phrase
diapers,….. and,-16.125,2,2token,not_valid_noun
diapers,tool designed,-16.125,2,2token,incomplete_phrase
diapers,tool necessary,-16.125,2,2token,incomplete_phrase
diapers,tool -,-16.125,2,2token,not_valid_noun
diapers,cloths _____,-16.125,2,2token,not_valid_noun
diapers,cloths ______,-16.125,2,2token,not_valid_noun
diapers,apparel ….,-16.125,2,2token,not_valid_noun
diapers,been,-16.125,1,single_token,not_valid_noun
diapers,#,-16.125,1,single_token,not_valid_noun
diapers,apparel Incomplete,-16.125,2,2token,not_valid_noun
diapers,apparel ___________,-16.125,2,2token,not_valid_noun
diapers,uniform and,-16.15625,2,2token,incomplete_phrase
diapers,gift of,-16.15625,2,2token,not_valid_noun
diapers,need ...,-16.15625,2,2token,not_valid_noun
diapers,Clothes are,-16.15625,2,2token,incomplete_phrase
diapers,napkin ________,-16.15625,2,2token,not_valid_noun
diapers,P o,-16.15625,2,2token,not_valid_noun
diapers,vegetable ...,-16.15625,2,2token,not_valid_noun
diapers,vegetable complete,-16.15625,2,2token,not_valid_noun
diapers,trousers trousers,-16.15625,2,2token,incomplete_phrase
diapers,package _______,-16.15625,2,2token,not_valid_noun
diapers,P pe,-16.15625,2,2token,not_valid_noun
diapers,P What,-16.15625,2,2token,not_valid_noun
diapers,blanket used,-16.1875,2,2token,incomplete_phrase
diapers,sock ________,-16.1875,2,2token,not_valid_noun
diapers,blanket _____,-16.1875,2,2token,not_valid_noun
diapers,blanket Full,-16.1875,2,2token,incomplete_phrase
diapers,sock and,-16.1875,2,2token,incomplete_phrase
diapers,something your,-16.1875,2,2token,incomplete_phrase
diapers,something on,-16.1875,2,2token,not_valid_noun
diapers,bedding complete,-16.1875,2,2token,not_valid_noun
diapers,blanket Fill,-16.1875,2,2token,not_valid_noun
diapers,blanket :,-16.1875,2,2token,not_valid_noun
diapers,piece od,-16.1875,2,2token,not_valid_noun
diapers,stuff the,-16.1875,2,2token,incomplete_phrase
diapers,something very,-16.1875,2,2token,incomplete_phrase
diapers,........... This,-16.1875,2,2token,not_valid_noun
diapers,........... For,-16.1875,2,2token,not_valid_noun
diapers,part A,-16.1875,2,2token,not_valid_noun
diapers,........... Explain,-16.1875,2,2token,not_valid_noun
diapers,shirt _____,-16.1875,2,2token,not_valid_noun
diapers,........... There,-16.1875,2,2token,not_valid_noun
diapers,........... _______,-16.1875,2,2token,not_valid_noun
diapers,shirt of,-16.1875,2,2token,not_valid_noun
diapers,container full,-16.1875,2,2token,incomplete_phrase
diapers,shirt is,-16.1875,2,2token,not_valid_noun
diapers,shirt -,-16.1875,2,2token,not_valid_noun
diapers,towel Use,-16.1875,2,2token,incomplete_phrase
diapers,shoe .....,-16.1875,2,2token,not_valid_noun
diapers,Clothing of,-16.1875,2,2token,not_valid_noun
diapers,Clothing Choose,-16.1875,2,2token,not_valid_noun
diapers,Clothing What,-16.1875,2,2token,incomplete_phrase
diapers,Clothing Incomplete,-16.1875,2,2token,not_valid_noun
diapers,outfit ________,-16.1875,2,2token,not_valid_noun
diapers,shoe with,-16.1875,2,2token,not_valid_noun
diapers,container A,-16.1875,2,2token,not_valid_noun
diapers,wrapper in,-16.1875,2,2token,not_valid_noun
diapers,type for,-16.1875,2,2token,incomplete_phrase
diapers,type in,-16.1875,2,2token,not_valid_noun
diapers,bed or,-16.1875,2,2token,not_valid_noun
diapers,shoe to,-16.1875,2,2token,not_valid_noun
diapers,fruit from,-16.1875,2,2token,incomplete_phrase
diapers,shoe a,-16.1875,2,2token,not_valid_noun
diapers,fruit the,-16.1875,2,2token,incomplete_phrase
diapers,t ....,-16.1875,2,2token,not_valid_noun
diapers,garments used,-16.1875,2,2token,incomplete_phrase
diapers,fruit but,-16.1875,2,2token,incomplete_phrase
diapers,t for,-16.1875,2,2token,not_valid_noun
diapers,wrapper used,-16.1875,2,2token,incomplete_phrase
diapers,wrapper and,-16.1875,2,2token,incomplete_phrase
diapers,wrapper ________,-16.1875,2,2token,not_valid_noun
diapers,………… ……,-16.1875,2,2token,not_valid_noun
diapers,something ....,-16.1875,2,2token,not_valid_noun
diapers,device in,-16.1875,2,2token,not_valid_noun
diapers,sock that,-16.1875,2,2token,incomplete_phrase
diapers,"......... ,",-16.21875,2,2token,not_valid_noun
diapers,............... .....,-16.21875,2,2token,not_valid_noun
diapers,............... Explain,-16.21875,2,2token,not_valid_noun
diapers,.............. ....,-16.21875,2,2token,not_valid_noun
diapers,............... _,-16.21875,2,2token,not_valid_noun
diapers,.............. Clothes,-16.21875,2,2token,not_valid_noun
diapers,......... is,-16.21875,2,2token,not_valid_noun
diapers,............... You,-16.21875,2,2token,not_valid_noun
diapers,............... :,-16.21875,2,2token,not_valid_noun
diapers,............... and,-16.21875,2,2token,not_valid_noun
diapers,rag to,-16.21875,2,2token,not_valid_noun
diapers,trash to,-16.21875,2,2token,not_valid_noun
diapers,...............,-16.21875,2,2token,not_valid_noun
diapers,form or,-16.21875,2,2token,not_valid_noun
diapers,invention by,-16.21875,2,2token,not_valid_noun
diapers,house Read,-16.21875,2,2token,not_valid_noun
diapers,diapers ...,-16.21875,2,2token,not_valid_noun
diapers,this for,-16.21875,2,2token,incomplete_phrase
diapers,".............. ,",-16.21875,2,2token,not_valid_noun
diapers,.............. Which,-16.21875,2,2token,not_valid_noun
diapers,pan that,-16.21875,2,2token,incomplete_phrase
diapers,............... is,-16.21875,2,2token,not_valid_noun
diapers,pan ....,-16.21875,2,2token,not_valid_noun
diapers,help them,-16.21875,2,2token,incomplete_phrase
diapers,............... For,-16.21875,2,2token,not_valid_noun
diapers,.............. are,-16.21875,2,2token,not_valid_noun
diapers,.............. is,-16.21875,2,2token,not_valid_noun
diapers,.............. and,-16.21875,2,2token,not_valid_noun
diapers,.............. -,-16.21875,2,2token,not_valid_noun
diapers,toys or,-16.21875,2,2token,not_valid_noun
diapers,soap for,-16.21875,2,2token,incomplete_phrase
diapers,worn piece,-16.21875,2,2token,incomplete_phrase
diapers,P and,-16.21875,2,2token,not_valid_noun
diapers,blank Answer,-16.25,2,2token,not_valid_noun
diapers,blank Present,-16.25,2,2token,incomplete_phrase
diapers,object -,-16.25,2,2token,not_valid_noun
diapers,piece …,-16.25,2,2token,not_valid_noun
diapers,….. Continue,-16.25,2,2token,not_valid_noun
diapers,blank ?,-16.25,2,2token,not_valid_noun
diapers,blank _,-16.25,2,2token,not_valid_noun
diapers,….. Fruit,-16.25,2,2token,not_valid_noun
diapers,….. shoes,-16.25,2,2token,not_valid_noun
diapers,dressing [,-16.25,2,2token,not_valid_noun
diapers,bottle with,-16.25,2,2token,not_valid_noun
diapers,trousers ....,-16.25,2,2token,not_valid_noun
diapers,….. Please,-16.25,2,2token,not_valid_noun
diapers,….. If,-16.25,2,2token,not_valid_noun
diapers,dressing …,-16.25,2,2token,not_valid_noun
diapers,tissue ___________,-16.25,2,2token,not_valid_noun
diapers,dressing /,-16.25,2,2token,not_valid_noun
diapers,kind _______,-16.25,2,2token,not_valid_noun
diapers,kind ________,-16.25,2,2token,not_valid_noun
diapers,object A,-16.25,2,2token,not_valid_noun
diapers,object /,-16.25,2,2token,not_valid_noun
diapers,object Read,-16.25,2,2token,not_valid_noun
diapers,object needed,-16.25,2,2token,incomplete_phrase
diapers,object Incomplete,-16.25,2,2token,not_valid_noun
diapers,garbage Final,-16.25,2,2token,incomplete_phrase
diapers,garbage _____,-16.25,2,2token,not_valid_noun
diapers,under _______,-16.25,2,2token,not_valid_noun
diapers,"pant ,",-16.25,2,2token,not_valid_noun
diapers,cloths ..,-16.25,2,2token,not_valid_noun
diapers,things ....,-16.25,2,2token,not_valid_noun
diapers,suit …,-16.25,2,2token,not_valid_noun
diapers,suit made,-16.25,2,2token,incomplete_phrase
diapers,cloths [,-16.25,2,2token,not_valid_noun
diapers,cloths -,-16.25,2,2token,not_valid_noun
diapers,cloths on,-16.25,2,2token,not_valid_noun
diapers,cloths /,-16.25,2,2token,not_valid_noun
diapers,suit up,-16.25,2,2token,not_valid_noun
diapers,cloths …,-16.25,2,2token,not_valid_noun
diapers,suit on,-16.25,2,2token,not_valid_noun
diapers,apparel are,-16.25,2,2token,incomplete_phrase
diapers,water and,-16.25,2,2token,incomplete_phrase
diapers,equipment _______,-16.25,2,2token,not_valid_noun
diapers,equipment we,-16.25,2,2token,not_valid_noun
diapers,Cloth The,-16.25,2,2token,incomplete_phrase
diapers,vegetable and,-16.25,2,2token,incomplete_phrase
diapers,necessity because,-16.25,2,2token,incomplete_phrase
diapers,vegetable ....,-16.25,2,2token,not_valid_noun
diapers,tool ….,-16.25,2,2token,not_valid_noun
diapers,costume Read,-16.25,2,2token,not_valid_noun
diapers,tool ____________,-16.25,2,2token,not_valid_noun
diapers,tool _________,-16.25,2,2token,not_valid_noun
diapers,costume Accessories,-16.25,2,2token,incomplete_phrase
diapers,dressing a,-16.25,2,2token,not_valid_noun
diapers,costume worn,-16.25,2,2token,incomplete_phrase
diapers,articles about,-16.25,2,2token,incomplete_phrase
diapers,….. baby,-16.25,2,2token,not_valid_noun
diapers,attire or,-16.28125,2,2token,not_valid_noun
diapers,kids _____,-16.28125,2,2token,not_valid_noun
diapers,package with,-16.28125,2,2token,not_valid_noun
diapers,napkin ....,-16.28125,2,2token,not_valid_noun
diapers,need ....,-16.28125,2,2token,not_valid_noun
diapers,P &,-16.28125,2,2token,not_valid_noun
diapers,Clothes ________,-16.28125,2,2token,not_valid_noun
diapers,Clothes to,-16.28125,2,2token,not_valid_noun
diapers,animal _______,-16.28125,2,2token,not_valid_noun
diapers,animal ______,-16.28125,2,2token,not_valid_noun
diapers,animal ________,-16.28125,2,2token,not_valid_noun
diapers,[ __,-16.28125,2,2token,not_valid_noun
diapers,kids ________,-16.28125,2,2token,not_valid_noun
diapers,P ____,-16.28125,2,2token,not_valid_noun
diapers,P or,-16.28125,2,2token,not_valid_noun
diapers,container on,-16.3125,2,2token,not_valid_noun
diapers,Clothing .....,-16.3125,2,2token,not_valid_noun
diapers,sock _______,-16.3125,2,2token,not_valid_noun
diapers,sanitation or,-16.3125,2,2token,not_valid_noun
diapers,part ______,-16.3125,2,2token,not_valid_noun
diapers,part Complete,-16.3125,2,2token,not_valid_noun
diapers,type ________,-16.3125,2,2token,not_valid_noun
diapers,garments complete,-16.3125,2,2token,not_valid_noun
diapers,type o,-16.3125,2,2token,not_valid_noun
diapers,type _____,-16.3125,2,2token,not_valid_noun
diapers,part the,-16.3125,2,2token,incomplete_phrase
diapers,part time,-16.3125,2,2token,incomplete_phrase
diapers,part __,-16.3125,2,2token,not_valid_noun
diapers,t =,-16.3125,2,2token,not_valid_noun
diapers,bedding Material,-16.3125,2,2token,incomplete_phrase
diapers,rag and,-16.3125,2,2token,incomplete_phrase
diapers,Clothing _,-16.3125,2,2token,not_valid_noun
diapers,und .,-16.3125,2,2token,not_valid_noun
diapers,container baby,-16.3125,2,2token,incomplete_phrase
diapers,bed in,-16.3125,2,2token,not_valid_noun
diapers,shirt /,-16.3125,2,2token,not_valid_noun
diapers,something is,-16.3125,2,2token,not_valid_noun
diapers,something i,-16.3125,2,2token,not_valid_noun
diapers,rag in,-16.3125,2,2token,not_valid_noun
diapers,footwear and,-16.3125,2,2token,incomplete_phrase
diapers,t h,-16.3125,2,2token,not_valid_noun
diapers,blanket Incomplete,-16.3125,2,2token,not_valid_noun
diapers,under your,-16.3125,2,2token,incomplete_phrase
diapers,kid ______,-16.3125,2,2token,not_valid_noun
diapers,something someone,-16.3125,2,2token,incomplete_phrase
diapers,uniform worn,-16.3125,2,2token,incomplete_phrase
diapers,bedding ...,-16.3125,2,2token,not_valid_noun
diapers,bedding Set,-16.3125,2,2token,incomplete_phrase
diapers,something the,-16.3125,2,2token,incomplete_phrase
diapers,shirt a,-16.3125,2,2token,not_valid_noun
diapers,rag by,-16.3125,2,2token,not_valid_noun
diapers,rag because,-16.3125,2,2token,incomplete_phrase
diapers,something ____,-16.3125,2,2token,not_valid_noun
diapers,something related,-16.3125,2,2token,incomplete_phrase
diapers,this _____,-16.34375,2,2token,not_valid_noun
diapers,this and,-16.34375,2,2token,incomplete_phrase
diapers,worn a,-16.34375,2,2token,not_valid_noun
diapers,doll ________,-16.34375,2,2token,not_valid_noun
diapers,doll Clothes,-16.34375,2,2token,incomplete_phrase
diapers,doll _______,-16.34375,2,2token,not_valid_noun
diapers,useful _____,-16.34375,2,2token,not_valid_noun
diapers,trash ____,-16.34375,2,2token,not_valid_noun
diapers,invention in,-16.34375,2,2token,not_valid_noun
diapers,worn ____,-16.34375,2,2token,not_valid_noun
diapers,............... This,-16.34375,2,2token,not_valid_noun
diapers,............... the,-16.34375,2,2token,not_valid_noun
diapers,covering over,-16.34375,2,2token,incomplete_phrase
diapers,covering around,-16.34375,2,2token,not_valid_noun
diapers,help my,-16.34375,2,2token,not_valid_noun
diapers,.............. Match,-16.34375,2,2token,not_valid_noun
diapers,.............. ..,-16.34375,2,2token,not_valid_noun
diapers,.............. _,-16.34375,2,2token,not_valid_noun
diapers,.............. Explain,-16.34375,2,2token,not_valid_noun
diapers,P when,-16.34375,2,2token,not_valid_noun
diapers,form that,-16.34375,2,2token,incomplete_phrase
diapers,form to,-16.34375,2,2token,not_valid_noun
diapers,pan and,-16.34375,2,2token,incomplete_phrase
diapers,......... Correct,-16.34375,2,2token,not_valid_noun
diapers,......... Clothes,-16.34375,2,2token,not_valid_noun
diapers,......... COMPLETE,-16.34375,2,2token,not_valid_noun
diapers,trash in,-16.34375,2,2token,not_valid_noun
diapers,trash for,-16.34375,2,2token,not_valid_noun
diapers,trash or,-16.34375,2,2token,not_valid_noun
diapers,trash ________,-16.34375,2,2token,not_valid_noun
diapers,dressing ....,-16.375,2,2token,not_valid_noun
diapers,trousers in,-16.375,2,2token,not_valid_noun
diapers,garb ____,-16.375,2,2token,not_valid_noun
diapers,blank What,-16.375,2,2token,incomplete_phrase
diapers,articles with,-16.375,2,2token,incomplete_phrase
diapers,dressing complete,-16.375,2,2token,not_valid_noun
diapers,dressing __,-16.375,2,2token,not_valid_noun
diapers,tissue .....,-16.375,2,2token,not_valid_noun
diapers,cloths The,-16.375,2,2token,incomplete_phrase
diapers,cloths the,-16.375,2,2token,incomplete_phrase
diapers,pant .....,-16.375,2,2token,not_valid_noun
diapers,pant Read,-16.375,2,2token,not_valid_noun
diapers,pant are,-16.375,2,2token,incomplete_phrase
diapers,cloths we,-16.375,2,2token,not_valid_noun
diapers,cloths is,-16.375,2,2token,not_valid_noun
diapers,t –,-16.375,2,2token,not_valid_noun
diapers,cloths made,-16.375,2,2token,incomplete_phrase
diapers,pant A,-16.375,2,2token,not_valid_noun
diapers,object from,-16.375,2,2token,incomplete_phrase
diapers,necessity you,-16.375,2,2token,incomplete_phrase
diapers,cloths Answer,-16.375,2,2token,not_valid_noun
diapers,garbage ______,-16.375,2,2token,not_valid_noun
diapers,things from,-16.375,2,2token,incomplete_phrase
diapers,things one,-16.375,2,2token,incomplete_phrase
diapers,suit with,-16.375,2,2token,incomplete_phrase
diapers,suit [,-16.375,2,2token,not_valid_noun
diapers,noun :,-16.375,2,2token,not_valid_noun
diapers,suit /,-16.375,2,2token,not_valid_noun
diapers,garbage Read,-16.375,2,2token,not_valid_noun
diapers,suit complete,-16.375,2,2token,not_valid_noun
diapers,suit Case,-16.375,2,2token,incomplete_phrase
diapers,suit Read,-16.375,2,2token,not_valid_noun
diapers,suit .....,-16.375,2,2token,not_valid_noun
diapers,garbage ...,-16.375,2,2token,not_valid_noun
diapers,equipment /,-16.375,2,2token,not_valid_noun
diapers,water Read,-16.375,2,2token,not_valid_noun
diapers,water to,-16.375,2,2token,not_valid_noun
diapers,protection ....,-16.375,2,2token,not_valid_noun
diapers,protection _____,-16.375,2,2token,not_valid_noun
diapers,tool is,-16.375,2,2token,not_valid_noun
diapers,necessity -,-16.375,2,2token,not_valid_noun
diapers,linen ...,-16.375,2,2token,not_valid_noun
diapers,water ____,-16.375,2,2token,not_valid_noun
diapers,equipment with,-16.375,2,2token,incomplete_phrase
diapers,costume Incomplete,-16.375,2,2token,not_valid_noun
diapers,protection between,-16.375,2,2token,incomplete_phrase
diapers,tool :,-16.375,2,2token,not_valid_noun
diapers,P =,-16.40625,2,2token,not_valid_noun
diapers,napkin and,-16.40625,2,2token,incomplete_phrase
diapers,package and,-16.40625,2,2token,incomplete_phrase
diapers,P ___________,-16.40625,2,2token,not_valid_noun
diapers,gift or,-16.40625,2,2token,not_valid_noun
diapers,need complete,-16.40625,2,2token,not_valid_noun
diapers,[ ?,-16.40625,2,2token,not_valid_noun
diapers,need the,-16.40625,2,2token,incomplete_phrase
diapers,gift _____,-16.40625,2,2token,not_valid_noun
diapers,sheet ...,-16.40625,2,2token,not_valid_noun
diapers,Clothes _______,-16.40625,2,2token,not_valid_noun
diapers,kids (,-16.40625,2,2token,not_valid_noun
diapers,c l,-16.40625,2,2token,not_valid_noun
diapers,c on,-16.40625,2,2token,not_valid_noun
diapers,package a,-16.40625,2,2token,not_valid_noun
diapers,c ____________,-16.40625,2,2token,not_valid_noun
diapers,kids are,-16.40625,2,2token,incomplete_phrase
diapers,c ....,-16.40625,2,2token,not_valid_noun
diapers,container are,-16.4375,2,2token,incomplete_phrase
diapers,part _____,-16.4375,2,2token,not_valid_noun
diapers,stuff needed,-16.4375,2,2token,incomplete_phrase
diapers,stuff which,-16.4375,2,2token,incomplete_phrase
diapers,blanket is,-16.4375,2,2token,not_valid_noun
diapers,kid wears,-16.4375,2,2token,not_valid_noun
diapers,cleanliness in,-16.4375,2,2token,not_valid_noun
diapers,blanket which,-16.4375,2,2token,incomplete_phrase
diapers,outfit _______,-16.4375,2,2token,not_valid_noun
diapers,………… Fill,-16.4375,2,2token,not_valid_noun
diapers,rag which,-16.4375,2,2token,incomplete_phrase
diapers,rag are,-16.4375,2,2token,incomplete_phrase
diapers,rag __________,-16.4375,2,2token,not_valid_noun
diapers,rag ?.,-16.4375,2,2token,not_valid_noun
diapers,container the,-16.4375,2,2token,incomplete_phrase
diapers,wrapper _______,-16.4375,2,2token,not_valid_noun
diapers,Clothing the,-16.4375,2,2token,incomplete_phrase
diapers,sock ____,-16.4375,2,2token,not_valid_noun
diapers,part ...,-16.4375,2,2token,not_valid_noun
diapers,shirt Fill,-16.4375,2,2token,not_valid_noun
diapers,rag is,-16.4375,2,2token,not_valid_noun
diapers,wrapper ...,-16.4375,2,2token,not_valid_noun
diapers,container :,-16.4375,2,2token,not_valid_noun
diapers,bed to,-16.4375,2,2token,not_valid_noun
diapers,footwear ________,-16.4375,2,2token,not_valid_noun
diapers,shoe ….,-16.4375,2,2token,not_valid_noun
diapers,footwear that,-16.4375,2,2token,incomplete_phrase
diapers,stuff of,-16.4375,2,2token,not_valid_noun
diapers,stuff ...,-16.4375,2,2token,not_valid_noun
diapers,blanket ____,-16.4375,2,2token,not_valid_noun
diapers,blanket ______,-16.4375,2,2token,not_valid_noun
diapers,blanket …,-16.4375,2,2token,not_valid_noun
diapers,blanket /,-16.4375,2,2token,not_valid_noun
diapers,kid ________,-16.4375,2,2token,not_valid_noun
diapers,bed of,-16.4375,2,2token,not_valid_noun
diapers,shoe -,-16.4375,2,2token,not_valid_noun
diapers,shoe :,-16.4375,2,2token,not_valid_noun
diapers,uniform used,-16.4375,2,2token,incomplete_phrase
diapers,Clothing Read,-16.4375,2,2token,not_valid_noun
diapers,Clothing …,-16.4375,2,2token,not_valid_noun
diapers,covering a,-16.46875,2,2token,not_valid_noun
diapers,invention complete,-16.46875,2,2token,not_valid_noun
diapers,this or,-16.46875,2,2token,not_valid_noun
diapers,covering your,-16.46875,2,2token,incomplete_phrase
diapers,grocery ...,-16.46875,2,2token,not_valid_noun
diapers,......... Match,-16.46875,2,2token,not_valid_noun
diapers,......... Explain,-16.46875,2,2token,not_valid_noun
diapers,trash and,-16.46875,2,2token,incomplete_phrase
diapers,worn -,-16.46875,2,2token,not_valid_noun
diapers,form a,-16.46875,2,2token,not_valid_noun
diapers,P :,-16.46875,2,2token,not_valid_noun
diapers,pan to,-16.46875,2,2token,not_valid_noun
diapers,house clean,-16.46875,2,2token,incomplete_phrase
diapers,......... and,-16.46875,2,2token,not_valid_noun
diapers,......... _,-16.46875,2,2token,not_valid_noun
diapers,......... Which,-16.46875,2,2token,not_valid_noun
diapers,candy for,-16.46875,2,2token,incomplete_phrase
diapers,......... pants,-16.46875,2,2token,not_valid_noun
diapers,trash Read,-16.46875,2,2token,not_valid_noun
diapers,toys ...,-16.46875,2,2token,not_valid_noun
diapers,form fitting,-16.46875,2,2token,incomplete_phrase
diapers,help other,-16.46875,2,2token,not_valid_noun
diapers,.............. COMPLETE,-16.46875,2,2token,not_valid_noun
diapers,help keep,-16.46875,2,2token,incomplete_phrase
diapers,help ________,-16.46875,2,2token,not_valid_noun
diapers,form ...,-16.46875,2,2token,not_valid_noun
diapers,covering ...,-16.46875,2,2token,not_valid_noun
diapers,P per,-16.46875,2,2token,not_valid_noun
diapers,.............. For,-16.46875,2,2token,not_valid_noun
diapers,.............. Correct,-16.46875,2,2token,not_valid_noun
diapers,.............. _______,-16.46875,2,2token,not_valid_noun
diapers,.............. You,-16.46875,2,2token,not_valid_noun
diapers,diapers that,-16.46875,2,2token,incomplete_phrase
diapers,__,-16.5,2,2token,not_valid_noun
diapers,blank I,-16.5,2,2token,not_valid_noun
diapers,articles needed,-16.5,2,2token,incomplete_phrase
diapers,tissue -,-16.5,2,2token,not_valid_noun
diapers,cloths shoes,-16.5,2,2token,incomplete_phrase
diapers,"cloths ,",-16.5,2,2token,not_valid_noun
diapers,cloths ….,-16.5,2,2token,not_valid_noun
diapers,cloths ......,-16.5,2,2token,not_valid_noun
diapers,tissue are,-16.5,2,2token,incomplete_phrase
diapers,trousers are,-16.5,2,2token,incomplete_phrase
diapers,object necessary,-16.5,2,2token,incomplete_phrase
diapers,object under,-16.5,2,2token,not_valid_noun
diapers,object worn,-16.5,2,2token,incomplete_phrase
diapers,object Fill,-16.5,2,2token,not_valid_noun
diapers,t e,-16.5,2,2token,not_valid_noun
diapers,pant food,-16.5,2,2token,incomplete_phrase
diapers,pant ..,-16.5,2,2token,not_valid_noun
diapers,pant ____________,-16.5,2,2token,not_valid_noun
diapers,bottle used,-16.5,2,2token,incomplete_phrase
diapers,suit by,-16.5,2,2token,not_valid_noun
diapers,kind or,-16.5,2,2token,not_valid_noun
diapers,Cloth ___________,-16.5,2,2token,not_valid_noun
diapers,Cloth Article,-16.5,2,2token,incomplete_phrase
diapers,Cloth ____________,-16.5,2,2token,not_valid_noun
diapers,things Read,-16.5,2,2token,not_valid_noun
diapers,accessories used,-16.5,2,2token,incomplete_phrase
diapers,accessories or,-16.5,2,2token,not_valid_noun
diapers,suit Clothes,-16.5,2,2token,incomplete_phrase
diapers,things parents,-16.5,2,2token,incomplete_phrase
diapers,garbage dispos,-16.5,2,2token,incomplete_phrase
diapers,things related,-16.5,2,2token,incomplete_phrase
diapers,bottle are,-16.5,2,2token,incomplete_phrase
diapers,suit you,-16.5,2,2token,incomplete_phrase
diapers,suit ….,-16.5,2,2token,not_valid_noun
diapers,suit worn,-16.5,2,2token,incomplete_phrase
diapers,Cloth you,-16.5,2,2token,incomplete_phrase
diapers,Cloth are,-16.5,2,2token,incomplete_phrase
diapers,Cloth the,-16.5,2,2token,incomplete_phrase
diapers,CLOTH (,-16.5,2,2token,not_valid_noun
diapers,P at,-16.5,2,2token,not_valid_noun
diapers,equipment ________,-16.5,2,2token,not_valid_noun
diapers,vegetable or,-16.5,2,2token,not_valid_noun
diapers,furniture or,-16.5,2,2token,not_valid_noun
diapers,furniture and,-16.5,2,2token,incomplete_phrase
diapers,necessity Comple,-16.5,2,2token,incomplete_phrase
diapers,necessity Full,-16.5,2,2token,incomplete_phrase
diapers,Cloth A,-16.5,2,2token,not_valid_noun
diapers,tool [,-16.5,2,2token,not_valid_noun
diapers,water __________,-16.5,2,2token,not_valid_noun
diapers,tool called,-16.5,2,2token,incomplete_phrase
diapers,tool .....,-16.5,2,2token,not_valid_noun
diapers,tool worn,-16.5,2,2token,incomplete_phrase
diapers,tool Answer,-16.5,2,2token,not_valid_noun
diapers,tool on,-16.5,2,2token,not_valid_noun
diapers,protection worn,-16.5,2,2token,incomplete_phrase
diapers,protection are,-16.5,2,2token,incomplete_phrase
diapers,gift wrapped,-16.53125,2,2token,incomplete_phrase
diapers,gift ______,-16.53125,2,2token,not_valid_noun
diapers,need and,-16.53125,2,2token,not_valid_noun
diapers,need Full,-16.53125,2,2token,incomplete_phrase
diapers,gift _______,-16.53125,2,2token,not_valid_noun
diapers,Clothes ____,-16.53125,2,2token,not_valid_noun
diapers,kids _,-16.53125,2,2token,not_valid_noun
diapers,Clothes Fill,-16.53125,2,2token,not_valid_noun
diapers,sheet which,-16.53125,2,2token,incomplete_phrase
diapers,sheet and,-16.53125,2,2token,incomplete_phrase
diapers,Clothes ....,-16.53125,2,2token,not_valid_noun
diapers,Clothes in,-16.53125,2,2token,not_valid_noun
diapers,package ...,-16.53125,2,2token,not_valid_noun
diapers,attire that,-16.53125,2,2token,incomplete_phrase
diapers,rag ____________,-16.5625,2,2token,not_valid_noun
diapers,rag Choose,-16.5625,2,2token,not_valid_noun
diapers,rag -,-16.5625,2,2token,not_valid_noun
diapers,rag ..,-16.5625,2,2token,not_valid_noun
diapers,shirt on,-16.5625,2,2token,not_valid_noun
diapers,shirt Full,-16.5625,2,2token,incomplete_phrase
diapers,appliance ....,-16.5625,2,2token,not_valid_noun
diapers,P the,-16.5625,2,2token,not_valid_noun
diapers,hat for,-16.5625,2,2token,incomplete_phrase
diapers,appliance and,-16.5625,2,2token,incomplete_phrase
diapers,t underwear,-16.5625,2,2token,not_valid_noun
diapers,rag of,-16.5625,2,2token,not_valid_noun
diapers,blanket by,-16.5625,2,2token,not_valid_noun
diapers,blanket The,-16.5625,2,2token,incomplete_phrase
diapers,rag ___________,-16.5625,2,2token,not_valid_noun
diapers,appliance of,-16.5625,2,2token,not_valid_noun
diapers,container Answer,-16.5625,2,2token,not_valid_noun
diapers,container The,-16.5625,2,2token,incomplete_phrase
diapers,container __,-16.5625,2,2token,not_valid_noun
diapers,container Use,-16.5625,2,2token,incomplete_phrase
diapers,wrapper on,-16.5625,2,2token,not_valid_noun
diapers,und ...,-16.5625,2,2token,not_valid_noun
diapers,…………,-16.5625,2,2token,not_valid_noun
diapers,P are,-16.5625,2,2token,not_valid_noun
diapers,t :,-16.5625,2,2token,not_valid_noun
diapers,shoe Read,-16.5625,2,2token,not_valid_noun
diapers,shirt ____,-16.5625,2,2token,not_valid_noun
diapers,towel a,-16.5625,2,2token,not_valid_noun
diapers,part o,-16.5625,2,2token,not_valid_noun
diapers,footwear ____,-16.5625,2,2token,not_valid_noun
diapers,towel because,-16.5625,2,2token,incomplete_phrase
diapers,towel ___________,-16.5625,2,2token,not_valid_noun
diapers,sanitation related,-16.5625,2,2token,incomplete_phrase
diapers,sanitation ________,-16.5625,2,2token,not_valid_noun
diapers,Clothing [,-16.5625,2,2token,not_valid_noun
diapers,Clothing Answer,-16.5625,2,2token,not_valid_noun
diapers,bedding that,-16.5625,2,2token,incomplete_phrase
diapers,Clothing For,-16.5625,2,2token,incomplete_phrase
diapers,………… ..,-16.5625,2,2token,not_valid_noun
diapers,………… Food,-16.5625,2,2token,not_valid_noun
diapers,stuff Read,-16.5625,2,2token,not_valid_noun
diapers,piece to,-16.5625,2,2token,not_valid_noun
diapers,garments are,-16.5625,2,2token,incomplete_phrase
diapers,type _______,-16.5625,2,2token,not_valid_noun
diapers,bed that,-16.5625,2,2token,incomplete_phrase
diapers,Clothing are,-16.5625,2,2token,incomplete_phrase
diapers,footwear _______,-16.5625,2,2token,not_valid_noun
diapers,shoe in,-16.5625,2,2token,not_valid_noun
diapers,outfit [,-16.5625,2,2token,not_valid_noun
diapers,outfit with,-16.5625,2,2token,incomplete_phrase
diapers,......... ..,-16.59375,2,2token,not_valid_noun
diapers,..............,-16.59375,2,2token,not_valid_noun
diapers,.............. There,-16.59375,2,2token,not_valid_noun
diapers,.............. How,-16.59375,2,2token,not_valid_noun
diapers,.............. :,-16.59375,2,2token,not_valid_noun
diapers,.............. Are,-16.59375,2,2token,not_valid_noun
diapers,c o,-16.59375,2,2token,not_valid_noun
diapers,c =,-16.59375,2,2token,not_valid_noun
diapers,pan _______,-16.59375,2,2token,not_valid_noun
diapers,pan ______,-16.59375,2,2token,not_valid_noun
diapers,house Clean,-16.59375,2,2token,incomplete_phrase
diapers,house or,-16.59375,2,2token,not_valid_noun
diapers,house and,-16.59375,2,2token,incomplete_phrase
diapers,house in,-16.59375,2,2token,not_valid_noun
diapers,house Hold,-16.59375,2,2token,incomplete_phrase
diapers,doll is,-16.59375,2,2token,not_valid_noun
diapers,grocery _,-16.59375,2,2token,not_valid_noun
diapers,grocery ____,-16.59375,2,2token,not_valid_noun
diapers,covering up,-16.59375,2,2token,not_valid_noun
diapers,medicine to,-16.59375,2,2token,not_valid_noun
diapers,medicine that,-16.59375,2,2token,incomplete_phrase
diapers,medicine complete,-16.59375,2,2token,not_valid_noun
diapers,toys to,-16.59375,2,2token,not_valid_noun
diapers,covering you,-16.59375,2,2token,incomplete_phrase
diapers,covering and,-16.59375,2,2token,incomplete_phrase
diapers,toys in,-16.59375,2,2token,not_valid_noun
diapers,toys that,-16.59375,2,2token,incomplete_phrase
diapers,invention made,-16.59375,2,2token,incomplete_phrase
diapers,trash Full,-16.59375,2,2token,incomplete_phrase
diapers,......... You,-16.59375,2,2token,not_valid_noun
diapers,cloths fruit,-16.625,2,2token,incomplete_phrase
diapers,articles from,-16.625,2,2token,incomplete_phrase
diapers,articles under,-16.625,2,2token,incomplete_phrase
diapers,articles such,-16.625,2,2token,incomplete_phrase
diapers,object .....,-16.625,2,2token,not_valid_noun
diapers,object like,-16.625,2,2token,incomplete_phrase
diapers,object …,-16.625,2,2token,not_valid_noun
diapers,t are,-16.625,2,2token,not_valid_noun
diapers,object they,-16.625,2,2token,incomplete_phrase
diapers,object is,-16.625,2,2token,not_valid_noun
diapers,object d,-16.625,2,2token,not_valid_noun
diapers,kind that,-16.625,2,2token,incomplete_phrase
diapers,pant by,-16.625,2,2token,not_valid_noun
diapers,suit :,-16.625,2,2token,not_valid_noun
diapers,bottle in,-16.625,2,2token,not_valid_noun
diapers,things at,-16.625,2,2token,not_valid_noun
diapers,garbage Clean,-16.625,2,2token,incomplete_phrase
diapers,accessories and,-16.625,2,2token,incomplete_phrase
diapers,garb of,-16.625,2,2token,not_valid_noun
diapers,t .....,-16.625,2,2token,not_valid_noun
diapers,t ……,-16.625,2,2token,not_valid_noun
diapers,trousers complete,-16.625,2,2token,not_valid_noun
diapers,equipment required,-16.625,2,2token,incomplete_phrase
diapers,napkin complete,-16.625,2,2token,not_valid_noun
diapers,napkin that,-16.625,2,2token,incomplete_phrase
diapers,noun Pre,-16.625,2,2token,incomplete_phrase
diapers,tissue ____________,-16.625,2,2token,not_valid_noun
diapers,water you,-16.625,2,2token,incomplete_phrase
diapers,[ item,-16.625,2,2token,not_valid_noun
diapers,tissue __________,-16.625,2,2token,not_valid_noun
diapers,articles /,-16.625,2,2token,not_valid_noun
diapers,articles like,-16.625,2,2token,incomplete_phrase
diapers,costume /,-16.625,2,2token,not_valid_noun
diapers,bed -,-16.625,2,2token,not_valid_noun
diapers,suit ____________,-16.625,2,2token,not_valid_noun
diapers,bed .....,-16.625,2,2token,not_valid_noun
diapers,suit Full,-16.625,2,2token,incomplete_phrase
diapers,suit Comple,-16.625,2,2token,incomplete_phrase
diapers,animal that,-16.65625,2,2token,incomplete_phrase
diapers,gift ...,-16.65625,2,2token,not_valid_noun
diapers,gift in,-16.65625,2,2token,not_valid_noun
diapers,Clothes ______,-16.65625,2,2token,not_valid_noun
diapers,Clothes _____,-16.65625,2,2token,not_valid_noun
diapers,c __________,-16.65625,2,2token,not_valid_noun
diapers,towel are,-16.6875,2,2token,incomplete_phrase
diapers,towel ..,-16.6875,2,2token,not_valid_noun
diapers,shirt [,-16.6875,2,2token,not_valid_noun
diapers,shirt you,-16.6875,2,2token,incomplete_phrase
diapers,………… fruit,-16.6875,2,2token,not_valid_noun
diapers,………… I,-16.6875,2,2token,not_valid_noun
diapers,t ?,-16.6875,2,2token,not_valid_noun
diapers,shirt ______,-16.6875,2,2token,not_valid_noun
diapers,shirt .....,-16.6875,2,2token,not_valid_noun
diapers,shirt …,-16.6875,2,2token,not_valid_noun
diapers,toys ....,-16.6875,2,2token,not_valid_noun
diapers,part which,-16.6875,2,2token,incomplete_phrase
diapers,towel ….,-16.6875,2,2token,not_valid_noun
diapers,garments ________,-16.6875,2,2token,not_valid_noun
diapers,garments /,-16.6875,2,2token,not_valid_noun
diapers,garments ____,-16.6875,2,2token,not_valid_noun
diapers,uniform ....,-16.6875,2,2token,not_valid_noun
diapers,shoe shoes,-16.6875,2,2token,incomplete_phrase
diapers,shoe COMPLETE,-16.6875,2,2token,not_valid_noun
diapers,shoe ___________,-16.6875,2,2token,not_valid_noun
diapers,type and,-16.6875,2,2token,incomplete_phrase
diapers,uniform ________,-16.6875,2,2token,not_valid_noun
diapers,towel ____________,-16.6875,2,2token,not_valid_noun
diapers,sanitation in,-16.6875,2,2token,not_valid_noun
diapers,sanitation Article,-16.6875,2,2token,incomplete_phrase
diapers,t and,-16.6875,2,2token,not_valid_noun
diapers,outfit which,-16.6875,2,2token,incomplete_phrase
diapers,outfit ____,-16.6875,2,2token,not_valid_noun
diapers,Clothing /,-16.6875,2,2token,not_valid_noun
diapers,wrapper complete,-16.6875,2,2token,not_valid_noun
diapers,outfit you,-16.6875,2,2token,incomplete_phrase
diapers,outfit a,-16.6875,2,2token,not_valid_noun
diapers,___,-16.6875,2,2token,not_valid_noun
diapers,stuff people,-16.6875,2,2token,incomplete_phrase
diapers,package ____,-16.6875,2,2token,not_valid_noun
diapers,blanket a,-16.6875,2,2token,not_valid_noun
diapers,trash _______,-16.6875,2,2token,not_valid_noun
diapers,blanket because,-16.6875,2,2token,incomplete_phrase
diapers,blanket [,-16.6875,2,2token,not_valid_noun
diapers,blanket A,-16.6875,2,2token,not_valid_noun
diapers,blanket Read,-16.6875,2,2token,not_valid_noun
diapers,appliance which,-16.6875,2,2token,incomplete_phrase
diapers,rag .....,-16.6875,2,2token,not_valid_noun
diapers,blanket COMPLETE,-16.6875,2,2token,not_valid_noun
diapers,sock complete,-16.6875,2,2token,not_valid_noun
diapers,......... _____,-16.71875,2,2token,not_valid_noun
diapers,house Article,-16.71875,2,2token,incomplete_phrase
diapers,house building,-16.71875,2,2token,incomplete_phrase
diapers,house keeping,-16.71875,2,2token,incomplete_phrase
diapers,glove ...,-16.71875,2,2token,not_valid_noun
diapers,......... This,-16.71875,2,2token,not_valid_noun
diapers,covering worn,-16.71875,2,2token,not_valid_noun
diapers,covering in,-16.71875,2,2token,not_valid_noun
diapers,covering made,-16.71875,2,2token,not_valid_noun
diapers,candy ____,-16.71875,2,2token,not_valid_noun
diapers,......... shoes,-16.71875,2,2token,not_valid_noun
diapers,c …,-16.71875,2,2token,not_valid_noun
diapers,c -,-16.71875,2,2token,not_valid_noun
diapers,pan Read,-16.71875,2,2token,not_valid_noun
diapers,pan with,-16.71875,2,2token,not_valid_noun
diapers,form in,-16.71875,2,2token,not_valid_noun
diapers,diapers is,-16.71875,2,2token,not_valid_noun
diapers,doll complete,-16.71875,2,2token,not_valid_noun
diapers,necessity ______,-16.75,2,2token,not_valid_noun
diapers,necessity _______,-16.75,2,2token,not_valid_noun
diapers,necessity Read,-16.75,2,2token,not_valid_noun
diapers,CLOTH ...,-16.75,2,2token,not_valid_noun
diapers,accessories complete,-16.75,2,2token,not_valid_noun
diapers,Cloth _,-16.75,2,2token,not_valid_noun
diapers,kind complete,-16.75,2,2token,not_valid_noun
diapers,bottle ....,-16.75,2,2token,not_valid_noun
diapers,bed is,-16.75,2,2token,not_valid_noun
diapers,kind and,-16.75,2,2token,incomplete_phrase
diapers,bottle ________,-16.75,2,2token,not_valid_noun
diapers,necessity /,-16.75,2,2token,not_valid_noun
diapers,cloths A,-16.75,2,2token,not_valid_noun
diapers,t clothing,-16.75,2,2token,not_valid_noun
diapers,trousers that,-16.75,2,2token,incomplete_phrase
diapers,trousers of,-16.75,2,2token,not_valid_noun
diapers,garbage you,-16.75,2,2token,incomplete_phrase
diapers,garbage ____________,-16.75,2,2token,not_valid_noun
diapers,garbage -,-16.75,2,2token,not_valid_noun
diapers,kind ______,-16.75,2,2token,not_valid_noun
diapers,kind are,-16.75,2,2token,incomplete_phrase
diapers,suit which,-16.75,2,2token,incomplete_phrase
diapers,tissue ….,-16.75,2,2token,not_valid_noun
diapers,noun the,-16.75,2,2token,incomplete_phrase
diapers,tissue Clean,-16.75,2,2token,incomplete_phrase
diapers,tissue /,-16.75,2,2token,not_valid_noun
diapers,tissue which,-16.75,2,2token,incomplete_phrase
diapers,[ a,-16.75,2,2token,not_valid_noun
diapers,[,-16.75,2,2token,not_valid_noun
diapers,snack ________,-16.75,2,2token,not_valid_noun
diapers,linen ....,-16.75,2,2token,not_valid_noun
diapers,napkin _____,-16.75,2,2token,not_valid_noun
diapers,napkin _______,-16.75,2,2token,not_valid_noun
diapers,equipment at,-16.75,2,2token,not_valid_noun
diapers,t ….,-16.75,2,2token,not_valid_noun
diapers,articles Read,-16.75,2,2token,not_valid_noun
diapers,articles necessary,-16.75,2,2token,incomplete_phrase
diapers,articles _____,-16.75,2,2token,not_valid_noun
diapers,articles we,-16.75,2,2token,not_valid_noun
diapers,articles _.,-16.75,2,2token,not_valid_noun
diapers,costume …,-16.75,2,2token,not_valid_noun
diapers,snack or,-16.75,2,2token,not_valid_noun
diapers,linen used,-16.75,2,2token,incomplete_phrase
diapers,t issue,-16.75,2,2token,not_valid_noun
diapers,snack to,-16.75,2,2token,not_valid_noun
diapers,c ___________,-16.78125,2,2token,not_valid_noun
diapers,c are,-16.78125,2,2token,not_valid_noun
diapers,sheet Read,-16.78125,2,2token,not_valid_noun
diapers,und,-16.78125,2,2token,not_valid_noun
diapers,part made,-16.8125,2,2token,incomplete_phrase
diapers,………… ?,-16.8125,2,2token,not_valid_noun
diapers,part you,-16.8125,2,2token,incomplete_phrase
diapers,t I,-16.8125,2,2token,not_valid_noun
diapers,kid …,-16.8125,2,2token,not_valid_noun
diapers,kid __,-16.8125,2,2token,not_valid_noun
diapers,cleanliness complete,-16.8125,2,2token,not_valid_noun
diapers,sock of,-16.8125,2,2token,not_valid_noun
diapers,device meant,-16.8125,2,2token,incomplete_phrase
diapers,sock ....,-16.8125,2,2token,not_valid_noun
diapers,appliance _______,-16.8125,2,2token,not_valid_noun
diapers,stuff _______,-16.8125,2,2token,not_valid_noun
diapers,stuff ________,-16.8125,2,2token,not_valid_noun
diapers,package A,-16.8125,2,2token,not_valid_noun
diapers,stuff I,-16.8125,2,2token,not_valid_noun
diapers,stuff called,-16.8125,2,2token,incomplete_phrase
diapers,stuff and,-16.8125,2,2token,incomplete_phrase
diapers,package made,-16.8125,2,2token,incomplete_phrase
diapers,trash ...,-16.8125,2,2token,not_valid_noun
diapers,blanket _,-16.8125,2,2token,not_valid_noun
diapers,device we,-16.8125,2,2token,not_valid_noun
diapers,blanket on,-16.8125,2,2token,not_valid_noun
diapers,shirt are,-16.8125,2,2token,incomplete_phrase
diapers,need Product,-16.8125,2,2token,incomplete_phrase
diapers,towel A,-16.8125,2,2token,not_valid_noun
diapers,t ..............,-16.8125,2,2token,not_valid_noun
diapers,towel on,-16.8125,2,2token,not_valid_noun
diapers,shirt by,-16.8125,2,2token,not_valid_noun
diapers,shoe _.,-16.8125,2,2token,not_valid_noun
diapers,piece pf,-16.8125,2,2token,not_valid_noun
diapers,type ....,-16.8125,2,2token,not_valid_noun
diapers,type the,-16.8125,2,2token,incomplete_phrase
diapers,type that,-16.8125,2,2token,incomplete_phrase
diapers,footwear in,-16.8125,2,2token,not_valid_noun
diapers,shoe [,-16.8125,2,2token,not_valid_noun
diapers,kid under,-16.8125,2,2token,incomplete_phrase
diapers,towel you,-16.8125,2,2token,incomplete_phrase
diapers,outfit on,-16.8125,2,2token,not_valid_noun
diapers,uniform _______,-16.8125,2,2token,not_valid_noun
diapers,outfit _____,-16.8125,2,2token,not_valid_noun
diapers,outfit -,-16.8125,2,2token,not_valid_noun
diapers,piece in,-16.8125,2,2token,not_valid_noun
diapers,shoe ......,-16.8125,2,2token,not_valid_noun
diapers,......... :,-16.84375,2,2token,not_valid_noun
diapers,diapers of,-16.84375,2,2token,not_valid_noun
diapers,......... There,-16.84375,2,2token,not_valid_noun
diapers,medicine ...,-16.84375,2,2token,not_valid_noun
diapers,medicine or,-16.84375,2,2token,not_valid_noun
diapers,......... __,-16.84375,2,2token,not_valid_noun
diapers,grocery in,-16.84375,2,2token,not_valid_noun
diapers,pan -,-16.84375,2,2token,not_valid_noun
diapers,form and,-16.84375,2,2token,incomplete_phrase
diapers,doll _____,-16.84375,2,2token,not_valid_noun
diapers,doll ______,-16.84375,2,2token,not_valid_noun
diapers,c is,-16.84375,2,2token,not_valid_noun
diapers,c omp,-16.84375,2,2token,not_valid_noun
diapers,invention invented,-16.84375,2,2token,incomplete_phrase
diapers,pan /.,-16.84375,2,2token,not_valid_noun
diapers,covering which,-16.84375,2,2token,incomplete_phrase
diapers,......... Please,-16.84375,2,2token,not_valid_noun
diapers,invention used,-16.84375,2,2token,incomplete_phrase
diapers,diapers a,-16.84375,2,2token,not_valid_noun
diapers,soap ...,-16.84375,2,2token,not_valid_noun
diapers,invention to,-16.84375,2,2token,not_valid_noun
diapers,tissue [,-16.875,2,2token,not_valid_noun
diapers,tissue Continue,-16.875,2,2token,not_valid_noun
diapers,vegetable _______,-16.875,2,2token,not_valid_noun
diapers,tissue p,-16.875,2,2token,not_valid_noun
diapers,necessity …,-16.875,2,2token,not_valid_noun
diapers,kind …,-16.875,2,2token,not_valid_noun
diapers,necessity a,-16.875,2,2token,not_valid_noun
diapers,necessity we,-16.875,2,2token,not_valid_noun
diapers,tissue you,-16.875,2,2token,incomplete_phrase
diapers,tissue The,-16.875,2,2token,incomplete_phrase
diapers,[,-16.875,2,2token,not_valid_noun
diapers,bed ....,-16.875,2,2token,not_valid_noun
diapers,bottle which,-16.875,2,2token,incomplete_phrase
diapers,kind :,-16.875,2,2token,not_valid_noun
diapers,vegetable in,-16.875,2,2token,not_valid_noun
diapers,furniture ____,-16.875,2,2token,not_valid_noun
diapers,furniture ________,-16.875,2,2token,not_valid_noun
diapers,furniture to,-16.875,2,2token,not_valid_noun
diapers,trousers -,-16.875,2,2token,not_valid_noun
diapers,costume .....,-16.875,2,2token,not_valid_noun
diapers,costume Continue,-16.875,2,2token,not_valid_noun
diapers,garbage which,-16.875,2,2token,incomplete_phrase
diapers,Cloth Dia,-16.875,2,2token,incomplete_phrase
diapers,Cloth …,-16.875,2,2token,not_valid_noun
diapers,Cloth What,-16.875,2,2token,incomplete_phrase
diapers,accessories ...,-16.875,2,2token,not_valid_noun
diapers,Cloth /,-16.875,2,2token,not_valid_noun
diapers,piece __,-16.875,2,2token,not_valid_noun
diapers,Cloth a,-16.875,2,2token,not_valid_noun
diapers,bottle -,-16.875,2,2token,not_valid_noun
diapers,bottle _______,-16.875,2,2token,not_valid_noun
diapers,kind Read,-16.875,2,2token,not_valid_noun
diapers,articles ______,-16.875,2,2token,not_valid_noun
diapers,articles worn,-16.875,2,2token,incomplete_phrase
diapers,linen that,-16.875,2,2token,incomplete_phrase
diapers,linen ________,-16.875,2,2token,not_valid_noun
diapers,t n,-16.875,2,2token,not_valid_noun
diapers,t in,-16.875,2,2token,not_valid_noun
diapers,c :,-16.875,2,2token,not_valid_noun
diapers,c r,-16.875,2,2token,not_valid_noun
diapers,equipment ______,-16.875,2,2token,not_valid_noun
diapers,equipment ____,-16.875,2,2token,not_valid_noun
diapers,napkin in,-16.875,2,2token,not_valid_noun
diapers,equipment related,-16.875,2,2token,incomplete_phrase
diapers,costume Full,-16.875,2,2token,incomplete_phrase
diapers,costume -,-16.875,2,2token,not_valid_noun
diapers,candy ...,-16.875,2,2token,not_valid_noun
diapers,candy ________,-16.875,2,2token,not_valid_noun
diapers,tissue _________,-16.875,2,2token,not_valid_noun
diapers,snack _______,-16.875,2,2token,not_valid_noun
diapers,sheet in,-16.90625,2,2token,not_valid_noun
diapers,animal _____,-16.90625,2,2token,not_valid_noun
diapers,outfit /,-16.9375,2,2token,not_valid_noun
diapers,outfit worn,-16.9375,2,2token,incomplete_phrase
diapers,outfit …,-16.9375,2,2token,not_valid_noun
diapers,outfit is,-16.9375,2,2token,not_valid_noun
diapers,outfit ______,-16.9375,2,2token,not_valid_noun
diapers,uniform is,-16.9375,2,2token,not_valid_noun
diapers,outfit Comple,-16.9375,2,2token,incomplete_phrase
diapers,wrapper Read,-16.9375,2,2token,not_valid_noun
diapers,wrapper ....,-16.9375,2,2token,not_valid_noun
diapers,wrapper _____,-16.9375,2,2token,not_valid_noun
diapers,Clothes The,-16.9375,2,2token,incomplete_phrase
diapers,sock ______,-16.9375,2,2token,not_valid_noun
diapers,glove complete,-16.9375,2,2token,not_valid_noun
diapers,………… Change,-16.9375,2,2token,not_valid_noun
diapers,glove ________,-16.9375,2,2token,not_valid_noun
diapers,blanket ….,-16.9375,2,2token,not_valid_noun
diapers,footwear ______,-16.9375,2,2token,not_valid_noun
diapers,footwear _____,-16.9375,2,2token,not_valid_noun
diapers,sanitation ...,-16.9375,2,2token,not_valid_noun
diapers,sanitation ______,-16.9375,2,2token,not_valid_noun
diapers,part ofthe,-16.9375,2,2token,incomplete_phrase
diapers,t of,-16.9375,2,2token,not_valid_noun
diapers,rag with,-16.9375,2,2token,not_valid_noun
diapers,hat ...,-16.9375,2,2token,not_valid_noun
diapers,sanitation _______,-16.9375,2,2token,not_valid_noun
diapers,shirt which,-16.9375,2,2token,incomplete_phrase
diapers,type …,-16.9375,2,2token,not_valid_noun
diapers,piece on,-16.9375,2,2token,not_valid_noun
diapers,piece fo,-16.9375,2,2token,not_valid_noun
diapers,pan …………,-16.9375,2,2token,not_valid_noun
diapers,shoe _,-16.9375,2,2token,not_valid_noun
diapers,shoe are,-16.9375,2,2token,incomplete_phrase
diapers,type is,-16.9375,2,2token,not_valid_noun
diapers,type on,-16.9375,2,2token,not_valid_noun
diapers,gift you,-16.9375,2,2token,incomplete_phrase
diapers,garments _______,-16.9375,2,2token,not_valid_noun
diapers,device ...,-16.9375,2,2token,not_valid_noun
diapers,device ________,-16.9375,2,2token,not_valid_noun
diapers,appliance ________,-16.9375,2,2token,not_valid_noun
diapers,bedding in,-16.9375,2,2token,not_valid_noun
diapers,package _____,-16.9375,2,2token,not_valid_noun
diapers,package ______,-16.9375,2,2token,not_valid_noun
diapers,stuff ____,-16.9375,2,2token,not_valid_noun
diapers,package ....,-16.9375,2,2token,not_valid_noun
diapers,sock are,-16.9375,2,2token,incomplete_phrase
diapers,rag _________,-16.9375,2,2token,not_valid_noun
diapers,cleanliness of,-16.9375,2,2token,not_valid_noun
diapers,shirt because,-16.9375,2,2token,incomplete_phrase
diapers,blanket are,-16.9375,2,2token,incomplete_phrase
diapers,shirt Clothes,-16.9375,2,2token,incomplete_phrase
diapers,c ar,-16.9375,2,2token,not_valid_noun
diapers,part from,-16.9375,2,2token,incomplete_phrase
diapers,sock _____,-16.9375,2,2token,not_valid_noun
diapers,sock with,-16.9375,2,2token,incomplete_phrase
diapers,cleanliness or,-16.9375,2,2token,not_valid_noun
diapers,blanket made,-16.9375,2,2token,incomplete_phrase
diapers,shirt The,-16.9375,2,2token,incomplete_phrase
diapers,blanket .....,-16.9375,2,2token,not_valid_noun
diapers,CLOTH that,-16.9375,2,2token,incomplete_phrase
diapers,CLOTH for,-16.9375,2,2token,incomplete_phrase
diapers,und …,-16.96875,2,2token,not_valid_noun
diapers,grocery ________,-16.96875,2,2token,not_valid_noun
diapers,diapers to,-16.96875,2,2token,not_valid_noun
diapers,diapers complete,-16.96875,2,2token,not_valid_noun
diapers,grocery for,-16.96875,2,2token,incomplete_phrase
diapers,doll ...,-16.96875,2,2token,not_valid_noun
diapers,candy in,-17.0,2,2token,not_valid_noun
diapers,,-17.0,2,2token,not_valid_noun
diapers,snack ...,-17.0,2,2token,not_valid_noun
diapers,snack and,-17.0,2,2token,incomplete_phrase
diapers,napkin ______,-17.0,2,2token,not_valid_noun
diapers,kind __,-17.0,2,2token,not_valid_noun
diapers,kind in,-17.0,2,2token,not_valid_noun
diapers,snack that,-17.0,2,2token,incomplete_phrase
diapers,garbage on,-17.0,2,2token,not_valid_noun
diapers,garbage ....,-17.0,2,2token,not_valid_noun
diapers,furniture that,-17.0,2,2token,incomplete_phrase
diapers,necessity Completed,-17.0,2,2token,not_valid_noun
diapers,necessity _____,-17.0,2,2token,not_valid_noun
diapers,equipment _____,-17.0,2,2token,not_valid_noun
diapers,equipment worn,-17.0,2,2token,incomplete_phrase
diapers,necessity .....,-17.0,2,2token,not_valid_noun
diapers,necessity ________,-17.0,2,2token,not_valid_noun
diapers,necessity ….,-17.0,2,2token,not_valid_noun
diapers,candy _______,-17.0,2,2token,not_valid_noun
diapers,equipment A,-17.0,2,2token,not_valid_noun
diapers,equipment is,-17.0,2,2token,not_valid_noun
diapers,equipment on,-17.0,2,2token,not_valid_noun
diapers,equipment -,-17.0,2,2token,not_valid_noun
diapers,equipment designed,-17.0,2,2token,incomplete_phrase
diapers,equipment Answer,-17.0,2,2token,not_valid_noun
diapers,equipment Used,-17.0,2,2token,incomplete_phrase
diapers,Cloth _________,-17.0,2,2token,not_valid_noun
diapers,Cloth __________,-17.0,2,2token,not_valid_noun
diapers,Cloth Which,-17.0,2,2token,incomplete_phrase
diapers,Cloth -,-17.0,2,2token,not_valid_noun
diapers,vegetable ________,-17.0,2,2token,not_valid_noun
diapers,bed made,-17.0,2,2token,incomplete_phrase
diapers,bed Cover,-17.0,2,2token,incomplete_phrase
diapers,pan ........,-17.0,2,2token,not_valid_noun
diapers,bed under,-17.0,2,2token,incomplete_phrase
diapers,bed are,-17.0,2,2token,incomplete_phrase
diapers,furniture _______,-17.0,2,2token,not_valid_noun
diapers,articles a,-17.0,2,2token,not_valid_noun
diapers,costume you,-17.0,2,2token,incomplete_phrase
diapers,t [,-17.0,2,2token,not_valid_noun
diapers,costume Comple,-17.0,2,2token,incomplete_phrase
diapers,garb Read,-17.0,2,2token,not_valid_noun
diapers,animal ___________,-17.03125,2,2token,not_valid_noun
diapers,animal complete,-17.03125,2,2token,not_valid_noun
diapers,animal or,-17.03125,2,2token,not_valid_noun
diapers,sheet ....,-17.03125,2,2token,not_valid_noun
diapers,cleanliness ...,-17.0625,2,2token,not_valid_noun
diapers,trash are,-17.0625,2,2token,incomplete_phrase
diapers,trash ______,-17.0625,2,2token,not_valid_noun
diapers,outfit Clothes,-17.0625,2,2token,incomplete_phrase
diapers,outfit Incomplete,-17.0625,2,2token,not_valid_noun
diapers,uniform ______,-17.0625,2,2token,not_valid_noun
diapers,c _,-17.0625,2,2token,not_valid_noun
diapers,gift and,-17.0625,2,2token,incomplete_phrase
diapers,toys ________,-17.0625,2,2token,not_valid_noun
diapers,part -,-17.0625,2,2token,not_valid_noun
diapers,shirt Comple,-17.0625,2,2token,incomplete_phrase
diapers,t __,-17.0625,2,2token,not_valid_noun
diapers,package which,-17.0625,2,2token,incomplete_phrase
diapers,package -,-17.0625,2,2token,not_valid_noun
diapers,shirt A,-17.0625,2,2token,not_valid_noun
diapers,garments …,-17.0625,2,2token,not_valid_noun
diapers,t to,-17.0625,2,2token,not_valid_noun
diapers,garments worn,-17.0625,2,2token,incomplete_phrase
diapers,shirt ….,-17.0625,2,2token,not_valid_noun
diapers,need Answer,-17.0625,2,2token,not_valid_noun
diapers,diapers in,-17.0625,2,2token,not_valid_noun
diapers,shirt the,-17.0625,2,2token,incomplete_phrase
diapers,wrapper ______,-17.0625,2,2token,not_valid_noun
diapers,appliance Read,-17.0625,2,2token,not_valid_noun
diapers,appliance ____,-17.0625,2,2token,not_valid_noun
diapers,medicine in,-17.0625,2,2token,not_valid_noun
diapers,wrapper ____,-17.0625,2,2token,not_valid_noun
diapers,need .....,-17.0625,2,2token,not_valid_noun
diapers,need by,-17.0625,2,2token,not_valid_noun
diapers,bedding Read,-17.0625,2,2token,not_valid_noun
diapers,bedding ....,-17.0625,2,2token,not_valid_noun
diapers,bedding ________,-17.0625,2,2token,not_valid_noun
diapers,package /,-17.0625,2,2token,not_valid_noun
diapers,package containing,-17.0625,2,2token,incomplete_phrase
diapers,package Item,-17.0625,2,2token,incomplete_phrase
diapers,pan …,-17.0625,2,2token,not_valid_noun
diapers,………… Correct,-17.0625,2,2token,not_valid_noun
diapers,type to,-17.0625,2,2token,not_valid_noun
diapers,glove ____,-17.0625,2,2token,not_valid_noun
diapers,type ______,-17.0625,2,2token,not_valid_noun
diapers,type I,-17.0625,2,2token,not_valid_noun
diapers,sock Full,-17.0625,2,2token,incomplete_phrase
diapers,glove ....,-17.0625,2,2token,not_valid_noun
diapers,outfit :,-17.0625,2,2token,not_valid_noun
diapers,outfit .....,-17.0625,2,2token,not_valid_noun
diapers,stuff on,-17.0625,2,2token,not_valid_noun
diapers,toys are,-17.0625,2,2token,incomplete_phrase
diapers,stuff your,-17.0625,2,2token,incomplete_phrase
diapers,stuff baby,-17.0625,2,2token,incomplete_phrase
diapers,piece ____,-17.0625,2,2token,not_valid_noun
diapers,garb …,-17.0625,2,2token,not_valid_noun
diapers,pan ____,-17.0625,2,2token,not_valid_noun
diapers,pan which,-17.0625,2,2token,incomplete_phrase
diapers,pan on,-17.0625,2,2token,not_valid_noun
diapers,pan a,-17.0625,2,2token,not_valid_noun
diapers,pan t,-17.0625,2,2token,not_valid_noun
diapers,bed Read,-17.0625,2,2token,not_valid_noun
diapers,glove and,-17.0625,2,2token,incomplete_phrase
diapers,glove or,-17.0625,2,2token,not_valid_noun
diapers,pan ..........,-17.0625,2,2token,not_valid_noun
diapers,garments [,-17.0625,2,2token,not_valid_noun
diapers,t ...............,-17.0625,2,2token,not_valid_noun
diapers,part b,-17.0625,2,2token,not_valid_noun
diapers,footwear to,-17.0625,2,2token,not_valid_noun
diapers,pan _____,-17.0625,2,2token,not_valid_noun
diapers,t ____________,-17.0625,2,2token,not_valid_noun
diapers,need you,-17.0625,2,2token,incomplete_phrase
diapers,pan __________,-17.0625,2,2token,not_valid_noun
diapers,grocery ....,-17.09375,2,2token,not_valid_noun
diapers,doll that,-17.09375,2,2token,incomplete_phrase
diapers,equipment …,-17.125,2,2token,not_valid_noun
diapers,necessity Item,-17.125,2,2token,incomplete_phrase
diapers,equipment [,-17.125,2,2token,not_valid_noun
diapers,pan ___________,-17.125,2,2token,not_valid_noun
diapers,vegetable ____,-17.125,2,2token,not_valid_noun
diapers,t r,-17.125,2,2token,not_valid_noun
diapers,CLOTH ________,-17.125,2,2token,not_valid_noun
diapers,equipment they,-17.125,2,2token,incomplete_phrase
diapers,[ ...,-17.125,2,2token,not_valid_noun
diapers,equipment :,-17.125,2,2token,not_valid_noun
diapers,bottle ______,-17.125,2,2token,not_valid_noun
diapers,trousers to,-17.125,2,2token,not_valid_noun
diapers,garbage are,-17.125,2,2token,incomplete_phrase
diapers,necessity ____,-17.125,2,2token,not_valid_noun
diapers,trousers :,-17.125,2,2token,not_valid_noun
diapers,trousers /,-17.125,2,2token,not_valid_noun
diapers,necessity Edit,-17.125,2,2token,incomplete_phrase
diapers,trousers …,-17.125,2,2token,not_valid_noun
diapers,trousers with,-17.125,2,2token,incomplete_phrase
diapers,kind _,-17.125,2,2token,not_valid_noun
diapers,accessories ....,-17.125,2,2token,not_valid_noun
diapers,form ________,-17.125,2,2token,not_valid_noun
diapers,accessories which,-17.125,2,2token,incomplete_phrase
diapers,Cloth in,-17.125,2,2token,not_valid_noun
diapers,articles [,-17.125,2,2token,not_valid_noun
diapers,linen _______,-17.125,2,2token,not_valid_noun
diapers,piece ....,-17.125,2,2token,not_valid_noun
diapers,kind the,-17.125,2,2token,incomplete_phrase
diapers,kind to,-17.125,2,2token,not_valid_noun
diapers,equipment Fill,-17.125,2,2token,not_valid_noun
diapers,napkin ____,-17.125,2,2token,not_valid_noun
diapers,pan (...),-17.125,2,2token,not_valid_noun
diapers,t cloth,-17.125,2,2token,not_valid_noun
diapers,c lot,-17.125,2,2token,not_valid_noun
diapers,c .....,-17.125,2,2token,not_valid_noun
diapers,c ___,-17.125,2,2token,not_valid_noun
diapers,und er,-17.125,2,2token,not_valid_noun
diapers,candy and,-17.125,2,2token,incomplete_phrase
diapers,pan ____________,-17.125,2,2token,not_valid_noun
diapers,articles …,-17.125,2,2token,not_valid_noun
diapers,attire complete,-17.15625,2,2token,not_valid_noun
diapers,sheet you,-17.15625,2,2token,incomplete_phrase
diapers,attire to,-17.15625,2,2token,not_valid_noun
diapers,attire ...,-17.15625,2,2token,not_valid_noun
diapers,package are,-17.1875,2,2token,incomplete_phrase
diapers,need _______,-17.1875,2,2token,not_valid_noun
diapers,outfit Answer,-17.1875,2,2token,not_valid_noun
diapers,uniform _____,-17.1875,2,2token,not_valid_noun
diapers,gift -,-17.1875,2,2token,not_valid_noun
diapers,doll and,-17.1875,2,2token,incomplete_phrase
diapers,bedding to,-17.1875,2,2token,not_valid_noun
diapers,bedding _.,-17.1875,2,2token,not_valid_noun
diapers,bedding used,-17.1875,2,2token,incomplete_phrase
diapers,package is,-17.1875,2,2token,not_valid_noun
diapers,package you,-17.1875,2,2token,incomplete_phrase
diapers,trash _____,-17.1875,2,2token,not_valid_noun
diapers,garments a,-17.1875,2,2token,not_valid_noun
diapers,diapers ________,-17.1875,2,2token,not_valid_noun
diapers,garments made,-17.1875,2,2token,incomplete_phrase
diapers,need not,-17.1875,2,2token,not_valid_noun
diapers,diapers ....,-17.1875,2,2token,not_valid_noun
diapers,rag [,-17.1875,2,2token,not_valid_noun
diapers,rag ___,-17.1875,2,2token,not_valid_noun
diapers,rag ?,-17.1875,2,2token,not_valid_noun
diapers,rag /,-17.1875,2,2token,not_valid_noun
diapers,device _______,-17.1875,2,2token,not_valid_noun
diapers,garments .....,-17.1875,2,2token,not_valid_noun
diapers,garments _____,-17.1875,2,2token,not_valid_noun
diapers,device with,-17.1875,2,2token,incomplete_phrase
diapers,part _________,-17.1875,2,2token,not_valid_noun
diapers,"shirt ,",-17.1875,2,2token,not_valid_noun
diapers,medicine and,-17.1875,2,2token,incomplete_phrase
diapers,diapers,-17.1875,2,2token,not_valid_noun
diapers,c ….,-17.1875,2,2token,not_valid_noun
diapers,,-17.1875,2,2token,not_valid_noun
diapers,c Lo,-17.1875,2,2token,not_valid_noun
diapers,c thing,-17.1875,2,2token,not_valid_noun
diapers,glove _______,-17.1875,2,2token,not_valid_noun
diapers,footwear .....,-17.1875,2,2token,not_valid_noun
diapers,footwear Fill,-17.1875,2,2token,not_valid_noun
diapers,………… Write,-17.1875,2,2token,not_valid_noun
diapers,blanket ___________,-17.1875,2,2token,not_valid_noun
diapers,………… To,-17.1875,2,2token,not_valid_noun
diapers,Clothes of,-17.1875,2,2token,not_valid_noun
diapers,glove is,-17.1875,2,2token,not_valid_noun
diapers,Clothes -,-17.1875,2,2token,not_valid_noun
diapers,Clothes :,-17.1875,2,2token,not_valid_noun
diapers,rag Continue,-17.1875,2,2token,not_valid_noun
diapers,sock Read,-17.1875,2,2token,not_valid_noun
diapers,sock in,-17.1875,2,2token,not_valid_noun
diapers,garb ________,-17.1875,2,2token,not_valid_noun
diapers,garb __,-17.1875,2,2token,not_valid_noun
diapers,garb which,-17.1875,2,2token,incomplete_phrase
diapers,snack in,-17.25,2,2token,not_valid_noun
diapers,vegetable for,-17.25,2,2token,incomplete_phrase
diapers,grocery are,-17.25,2,2token,incomplete_phrase
diapers,grocery or,-17.25,2,2token,not_valid_noun
diapers,form Complete,-17.25,2,2token,not_valid_noun
diapers,invention ...,-17.25,2,2token,not_valid_noun
diapers,invention and,-17.25,2,2token,incomplete_phrase
diapers,vegetable Fill,-17.25,2,2token,not_valid_noun
diapers,grocery …,-17.25,2,2token,not_valid_noun
diapers,vegetable ______,-17.25,2,2token,not_valid_noun
diapers,grocery ______,-17.25,2,2token,not_valid_noun
diapers,grocery _____,-17.25,2,2token,not_valid_noun
diapers,kind ....,-17.25,2,2token,not_valid_noun
diapers,necessity on,-17.25,2,2token,not_valid_noun
diapers,"articles ,",-17.25,2,2token,not_valid_noun
diapers,articles Of,-17.25,2,2token,not_valid_noun
diapers,articles __,-17.25,2,2token,not_valid_noun
diapers,trousers ________,-17.25,2,2token,not_valid_noun
diapers,form -,-17.25,2,2token,not_valid_noun
diapers,snack ....,-17.25,2,2token,not_valid_noun
diapers,snack ____,-17.25,2,2token,not_valid_noun
diapers,covering _.,-17.25,2,2token,not_valid_noun
diapers,vêtements,-17.25,2,2token,not_valid_noun
diapers,furniture ______,-17.25,2,2token,not_valid_noun
diapers,furniture _____,-17.25,2,2token,not_valid_noun
diapers,equipment ..,-17.25,2,2token,not_valid_noun
diapers,napkin to,-17.25,2,2token,not_valid_noun
diapers,c and,-17.25,2,2token,not_valid_noun
diapers,articles related,-17.25,2,2token,incomplete_phrase
diapers,articles ..,-17.25,2,2token,not_valid_noun
diapers,articles sold,-17.25,2,2token,incomplete_phrase
diapers,articles by,-17.25,2,2token,not_valid_noun
diapers,package =,-17.3125,2,2token,not_valid_noun
diapers,sock =,-17.3125,2,2token,not_valid_noun
diapers,sock to,-17.3125,2,2token,not_valid_noun
diapers,garb _______,-17.3125,2,2token,not_valid_noun
diapers,garb in,-17.3125,2,2token,not_valid_noun
diapers,………… In,-17.3125,2,2token,not_valid_noun
diapers,type __,-17.3125,2,2token,not_valid_noun
diapers,garments ….,-17.3125,2,2token,not_valid_noun
diapers,footwear a,-17.3125,2,2token,not_valid_noun
diapers,footwear -,-17.3125,2,2token,not_valid_noun
diapers,footwear …,-17.3125,2,2token,not_valid_noun
diapers,footwear ….,-17.3125,2,2token,not_valid_noun
diapers,type :,-17.3125,2,2token,not_valid_noun
diapers,stuff worn,-17.3125,2,2token,incomplete_phrase
diapers,stuff around,-17.3125,2,2token,not_valid_noun
diapers,doll are,-17.3125,2,2token,incomplete_phrase
diapers,doll ____,-17.3125,2,2token,not_valid_noun
diapers,rag …,-17.3125,2,2token,not_valid_noun
diapers,rag on,-17.3125,2,2token,not_valid_noun
diapers,device needed,-17.3125,2,2token,incomplete_phrase
diapers,device Read,-17.3125,2,2token,not_valid_noun
diapers,package ___________,-17.3125,2,2token,not_valid_noun
diapers,package complete,-17.3125,2,2token,not_valid_noun
diapers,stuff from,-17.3125,2,2token,incomplete_phrase
diapers,stuff with,-17.3125,2,2token,incomplete_phrase
diapers,piece ________,-17.3125,2,2token,not_valid_noun
diapers,animal ...,-17.3125,2,2token,not_valid_noun
diapers,gift Present,-17.3125,2,2token,incomplete_phrase
diapers,………… clothes,-17.3125,2,2token,not_valid_noun
diapers,soap complete,-17.3125,2,2token,not_valid_noun
diapers,soap or,-17.3125,2,2token,not_valid_noun
diapers,Clothes What,-17.3125,2,2token,incomplete_phrase
diapers,Clothes A,-17.3125,2,2token,not_valid_noun
diapers,Clothes a,-17.3125,2,2token,not_valid_noun
diapers,glove that,-17.3125,2,2token,incomplete_phrase
diapers,………… Continue,-17.3125,2,2token,not_valid_noun
diapers,blanket ____________,-17.3125,2,2token,not_valid_noun
diapers,part worn,-17.3125,2,2token,incomplete_phrase
diapers,part ....,-17.3125,2,2token,not_valid_noun
diapers,part where,-17.3125,2,2token,incomplete_phrase
diapers,part under,-17.3125,2,2token,incomplete_phrase
diapers,part :,-17.3125,2,2token,not_valid_noun
diapers,part and,-17.3125,2,2token,incomplete_phrase
diapers,hat complete,-17.3125,2,2token,not_valid_noun
diapers,hat or,-17.3125,2,2token,not_valid_noun
diapers,garments Read,-17.3125,2,2token,not_valid_noun
diapers,garments :,-17.3125,2,2token,not_valid_noun
diapers,garments with,-17.3125,2,2token,incomplete_phrase
diapers,device /,-17.3125,2,2token,not_valid_noun
diapers,device and,-17.3125,2,2token,incomplete_phrase
diapers,medicine ....,-17.3125,2,2token,not_valid_noun
diapers,gift ....,-17.3125,2,2token,not_valid_noun
diapers,appliance ______,-17.3125,2,2token,not_valid_noun
diapers,outfit Read,-17.3125,2,2token,not_valid_noun
diapers,outfit used,-17.3125,2,2token,incomplete_phrase
diapers,outfit by,-17.3125,2,2token,not_valid_noun
diapers,outfit =,-17.3125,2,2token,not_valid_noun
diapers,c om,-17.3125,2,2token,not_valid_noun
diapers,piece that,-17.3125,2,2token,incomplete_phrase
diapers,uniform which,-17.3125,2,2token,incomplete_phrase
diapers,need when,-17.3125,2,2token,not_valid_noun
diapers,bedding Item,-17.3125,2,2token,incomplete_phrase
diapers,part ___________,-17.3125,2,2token,not_valid_noun
diapers,part __________,-17.3125,2,2token,not_valid_noun
diapers,toys _______,-17.3125,2,2token,not_valid_noun
diapers,sock Continue,-17.3125,2,2token,not_valid_noun
diapers,doll in,-17.3125,2,2token,not_valid_noun
diapers,sock …,-17.3125,2,2token,not_valid_noun
diapers,cleanliness Item,-17.3125,2,2token,incomplete_phrase
diapers,sheet with,-17.375,2,2token,incomplete_phrase
diapers,sheet made,-17.375,2,2token,incomplete_phrase
diapers,sheet ________,-17.375,2,2token,not_valid_noun
diapers,pan .....,-17.375,2,2token,not_valid_noun
diapers,linen in,-17.375,2,2token,not_valid_noun
diapers,[ underwear,-17.375,2,2token,not_valid_noun
diapers,[ ]:,-17.375,2,2token,not_valid_noun
diapers,grocery you,-17.375,2,2token,incomplete_phrase
diapers,pan _________,-17.375,2,2token,not_valid_noun
diapers,und (,-17.375,2,2token,not_valid_noun
diapers,pan ….,-17.375,2,2token,not_valid_noun
diapers,"[ ],",-17.375,2,2token,not_valid_noun
diapers,invention completed,-17.375,2,2token,not_valid_noun
diapers,c The,-17.375,2,2token,not_valid_noun
diapers,c or,-17.375,2,2token,not_valid_noun
diapers,c ut,-17.375,2,2token,not_valid_noun
diapers,accessories are,-17.375,2,2token,incomplete_phrase
diapers,kind ___,-17.375,2,2token,not_valid_noun
diapers,kind _________,-17.375,2,2token,not_valid_noun
diapers,c Children,-17.375,2,2token,not_valid_noun
diapers,covering ....,-17.375,2,2token,not_valid_noun
diapers,bottle _____,-17.375,2,2token,not_valid_noun
diapers,equipment the,-17.375,2,2token,incomplete_phrase
diapers,vegetable _____,-17.375,2,2token,not_valid_noun
diapers,candy _____,-17.375,2,2token,not_valid_noun
diapers,attire and,-17.375,2,2token,incomplete_phrase
diapers,attire in,-17.375,2,2token,not_valid_noun
diapers,bottle /,-17.375,2,2token,not_valid_noun
diapers,bottle The,-17.375,2,2token,incomplete_phrase
diapers,snack ______,-17.375,2,2token,not_valid_noun
diapers,form A,-17.375,2,2token,not_valid_noun
diapers,sheet _____,-17.375,2,2token,not_valid_noun
diapers,trousers which,-17.375,2,2token,incomplete_phrase
diapers,uniform ____,-17.4375,2,2token,not_valid_noun
diapers,device intended,-17.4375,2,2token,incomplete_phrase
diapers,uniform Read,-17.4375,2,2token,not_valid_noun
diapers,pan ().,-17.4375,2,2token,not_valid_noun
diapers,pan I,-17.4375,2,2token,not_valid_noun
diapers,pan ……,-17.4375,2,2token,not_valid_noun
diapers,type -,-17.4375,2,2token,not_valid_noun
diapers,type C,-17.4375,2,2token,not_valid_noun
diapers,device a,-17.4375,2,2token,not_valid_noun
diapers,garments -,-17.4375,2,2token,not_valid_noun
diapers,Clothes the,-17.4375,2,2token,incomplete_phrase
diapers,appliance _____,-17.4375,2,2token,not_valid_noun
diapers,stuff ....,-17.4375,2,2token,not_valid_noun
diapers,wrapper with,-17.4375,2,2token,incomplete_phrase
diapers,package Full,-17.4375,2,2token,incomplete_phrase
diapers,medicine Fill,-17.4375,2,2token,not_valid_noun
diapers,medicine used,-17.4375,2,2token,incomplete_phrase
diapers,stuff -,-17.4375,2,2token,not_valid_noun
diapers,uniform /,-17.4375,2,2token,not_valid_noun
diapers,blanket the,-17.4375,2,2token,incomplete_phrase
diapers,uniform on,-17.4375,2,2token,not_valid_noun
diapers,c the,-17.4375,2,2token,not_valid_noun
diapers,diapers :,-17.4375,2,2token,not_valid_noun
diapers,need at,-17.4375,2,2token,not_valid_noun
diapers,need we,-17.4375,2,2token,not_valid_noun
diapers,need -,-17.4375,2,2token,not_valid_noun
diapers,footwear [,-17.4375,2,2token,not_valid_noun
diapers,footwear COMPLETE,-17.4375,2,2token,not_valid_noun
diapers,soap in,-17.4375,2,2token,not_valid_noun
diapers,garb _____,-17.4375,2,2token,not_valid_noun
diapers,outfit made,-17.4375,2,2token,incomplete_phrase
diapers,outfit I,-17.4375,2,2token,not_valid_noun
diapers,hat and,-17.4375,2,2token,incomplete_phrase
diapers,soap soap,-17.4375,2,2token,incomplete_phrase
diapers,footwear is,-17.4375,2,2token,not_valid_noun
diapers,outfit the,-17.4375,2,2token,incomplete_phrase
diapers,garb and,-17.4375,2,2token,incomplete_phrase
diapers,diapers _____,-17.4375,2,2token,not_valid_noun
diapers,animal in,-17.4375,2,2token,not_valid_noun
diapers,sock What,-17.4375,2,2token,incomplete_phrase
diapers,sock -,-17.4375,2,2token,not_valid_noun
diapers,sock by,-17.4375,2,2token,not_valid_noun
diapers,uniform with,-17.4375,2,2token,incomplete_phrase
diapers,uniform at,-17.4375,2,2token,not_valid_noun
diapers,doll play,-17.4375,2,2token,incomplete_phrase
diapers,candy Fill,-17.5,2,2token,not_valid_noun
diapers,pan made,-17.5,2,2token,incomplete_phrase
diapers,furniture -,-17.5,2,2token,not_valid_noun
diapers,garb ....,-17.5,2,2token,not_valid_noun
diapers,kind Of,-17.5,2,2token,not_valid_noun
diapers,c in,-17.5,2,2token,not_valid_noun
diapers,invention from,-17.5,2,2token,incomplete_phrase
diapers,invention _______,-17.5,2,2token,not_valid_noun
diapers,pan The,-17.5,2,2token,incomplete_phrase
diapers,pan under,-17.5,2,2token,not_valid_noun
diapers,bottle full,-17.5,2,2token,incomplete_phrase
diapers,form _______,-17.5,2,2token,not_valid_noun
diapers,bottle [,-17.5,2,2token,not_valid_noun
diapers,snack _____,-17.5,2,2token,not_valid_noun
diapers,snack Answer,-17.5,2,2token,not_valid_noun
diapers,sheet on,-17.5,2,2token,not_valid_noun
diapers,sheet /,-17.5,2,2token,not_valid_noun
diapers,bottle filler,-17.5,2,2token,not_valid_noun
diapers,bottle Fill,-17.5,2,2token,not_valid_noun
diapers,trousers [,-17.5,2,2token,not_valid_noun
diapers,form ____,-17.5,2,2token,not_valid_noun
diapers,bottle filled,-17.5,2,2token,not_valid_noun
diapers,bottle Full,-17.5,2,2token,incomplete_phrase
diapers,sheet _______,-17.5,2,2token,not_valid_noun
diapers,bottle …,-17.5,2,2token,not_valid_noun
diapers,sheet is,-17.5,2,2token,not_valid_noun
diapers,kind Personal,-17.5,2,2token,incomplete_phrase
diapers,trousers ….,-17.5,2,2token,not_valid_noun
diapers,trousers _______,-17.5,2,2token,not_valid_noun
diapers,bottle =,-17.5,2,2token,not_valid_noun
diapers,napkin is,-17.5,2,2token,not_valid_noun
diapers,covering with,-17.5,2,2token,not_valid_noun
diapers,c clothes,-17.5,2,2token,not_valid_noun
diapers,covering ________,-17.5,2,2token,not_valid_noun
diapers,c .............,-17.5,2,2token,not_valid_noun
diapers,garb a,-17.5,2,2token,not_valid_noun
diapers,napkin :,-17.5,2,2token,not_valid_noun
diapers,piece and,-17.5,2,2token,incomplete_phrase
diapers,vegetable Answer,-17.5,2,2token,not_valid_noun
diapers,grocery to,-17.5,2,2token,not_valid_noun
diapers,grocery =,-17.5,2,2token,not_valid_noun
diapers,grocery that,-17.5,2,2token,incomplete_phrase
diapers,attire of,-17.5,2,2token,not_valid_noun
diapers,grocery _______,-17.5,2,2token,not_valid_noun
diapers,attire ....,-17.5,2,2token,not_valid_noun
diapers,kind =,-17.5,2,2token,not_valid_noun
diapers,form ....,-17.5,2,2token,not_valid_noun
diapers,garb Continue,-17.5,2,2token,not_valid_noun
diapers,trousers ____,-17.5,2,2token,not_valid_noun
diapers,snack Incomplete,-17.5,2,2token,not_valid_noun
diapers,c for,-17.5,2,2token,not_valid_noun
diapers,stuff ______,-17.5625,2,2token,not_valid_noun
diapers,cleanliness to,-17.5625,2,2token,not_valid_noun
diapers,stuff _____,-17.5625,2,2token,not_valid_noun
diapers,doll _,-17.5625,2,2token,not_valid_noun
diapers,sock which,-17.5625,2,2token,incomplete_phrase
diapers,sock Answer,-17.5625,2,2token,not_valid_noun
diapers,sock ___________,-17.5625,2,2token,not_valid_noun
diapers,cleanliness maintenance,-17.5625,2,2token,incomplete_phrase
diapers,cleanliness related,-17.5625,2,2token,incomplete_phrase
diapers,sock a,-17.5625,2,2token,not_valid_noun
diapers,bedding _______,-17.5625,2,2token,not_valid_noun
diapers,stuff babies,-17.5625,2,2token,incomplete_phrase
diapers,wrapper which,-17.5625,2,2token,incomplete_phrase
diapers,doll Continue,-17.5625,2,2token,not_valid_noun
diapers,bedding is,-17.5625,2,2token,not_valid_noun
diapers,bedding -,-17.5625,2,2token,not_valid_noun
diapers,bedding ______,-17.5625,2,2token,not_valid_noun
diapers,bedding Choose,-17.5625,2,2token,not_valid_noun
diapers,footwear Read,-17.5625,2,2token,not_valid_noun
diapers,appliance Fill,-17.5625,2,2token,not_valid_noun
diapers,wrapper -,-17.5625,2,2token,not_valid_noun
diapers,pan ......,-17.5625,2,2token,not_valid_noun
diapers,appliance .....,-17.5625,2,2token,not_valid_noun
diapers,doll /,-17.5625,2,2token,not_valid_noun
diapers,uniform …,-17.5625,2,2token,not_valid_noun
diapers,uniform -,-17.5625,2,2token,not_valid_noun
diapers,need …,-17.5625,2,2token,not_valid_noun
diapers,part _,-17.5625,2,2token,not_valid_noun
diapers,toys toys,-17.5625,2,2token,incomplete_phrase
diapers,diapers with,-17.5625,2,2token,incomplete_phrase
diapers,garments ..,-17.5625,2,2token,not_valid_noun
diapers,part people,-17.5625,2,2token,incomplete_phrase
diapers,need I,-17.5625,2,2token,not_valid_noun
diapers,need which,-17.5625,2,2token,incomplete_phrase
diapers,c an,-17.5625,2,2token,not_valid_noun
diapers,Clothes Clothes,-17.5625,2,2token,incomplete_phrase
diapers,,-17.5625,2,2token,not_valid_noun
diapers,pakaian,-17.5625,2,2token,not_valid_noun
diapers,footwear :,-17.5625,2,2token,not_valid_noun
diapers,appliance :,-17.5625,2,2token,not_valid_noun
diapers,appliance with,-17.5625,2,2token,incomplete_phrase
diapers,uniform a,-17.5625,2,2token,not_valid_noun
diapers,need ____,-17.5625,2,2token,not_valid_noun
diapers,need ….,-17.5625,2,2token,not_valid_noun
diapers,footwear of,-17.5625,2,2token,not_valid_noun
diapers,………… What,-17.5625,2,2token,not_valid_noun
diapers,hat ....,-17.5625,2,2token,not_valid_noun
diapers,need Item,-17.5625,2,2token,incomplete_phrase
diapers,need ______,-17.5625,2,2token,not_valid_noun
diapers,gift __________,-17.5625,2,2token,not_valid_noun
diapers,outfit Choose,-17.5625,2,2token,not_valid_noun
diapers,garments ______,-17.5625,2,2token,not_valid_noun
diapers,garments,-17.5625,2,2token,not_valid_noun
diapers,diapers _______,-17.5625,2,2token,not_valid_noun
diapers,garments on,-17.5625,2,2token,not_valid_noun
diapers,garments,-17.5625,2,2token,not_valid_noun
diapers,candy ______,-17.625,2,2token,not_valid_noun
diapers,form the,-17.625,2,2token,incomplete_phrase
diapers,candy to,-17.625,2,2token,not_valid_noun
diapers,candy or,-17.625,2,2token,not_valid_noun
diapers,invention ________,-17.625,2,2token,not_valid_noun
diapers,invention ....,-17.625,2,2token,not_valid_noun
diapers,linen Product,-17.625,2,2token,incomplete_phrase
diapers,candy ....,-17.625,2,2token,not_valid_noun
diapers,[,-17.625,2,2token,not_valid_noun
diapers,[ clothes,-17.625,2,2token,not_valid_noun
diapers,furniture Fill,-17.625,2,2token,not_valid_noun
diapers,furniture .....,-17.625,2,2token,not_valid_noun
diapers,[ ____,-17.625,2,2token,not_valid_noun
diapers,attire ____,-17.625,2,2token,not_valid_noun
diapers,trousers shoes,-17.625,2,2token,incomplete_phrase
diapers,covering _______,-17.625,2,2token,not_valid_noun
diapers,trousers Full,-17.625,2,2token,incomplete_phrase
diapers,piece off,-17.625,2,2token,not_valid_noun
diapers,covering /,-17.625,2,2token,not_valid_noun
diapers,covering under,-17.625,2,2token,not_valid_noun
diapers,napkin Read,-17.625,2,2token,not_valid_noun
diapers,garb on,-17.625,2,2token,not_valid_noun
diapers,trousers Read,-17.625,2,2token,not_valid_noun
diapers,garb ______,-17.625,2,2token,not_valid_noun
diapers,kind The,-17.625,2,2token,not_valid_noun
diapers,trousers is,-17.625,2,2token,not_valid_noun
diapers,accessories you,-17.625,2,2token,incomplete_phrase
diapers,accessories on,-17.625,2,2token,not_valid_noun
diapers,trousers _____,-17.625,2,2token,not_valid_noun
diapers,trousers .....,-17.625,2,2token,not_valid_noun
diapers,bottle .....,-17.625,2,2token,not_valid_noun
diapers,bottle Read,-17.625,2,2token,not_valid_noun
diapers,bottle by,-17.625,2,2token,not_valid_noun
diapers,snack Fill,-17.625,2,2token,not_valid_noun
diapers,trash COMPLETE,-17.6875,2,2token,not_valid_noun
diapers,sock :,-17.6875,2,2token,not_valid_noun
diapers,toys _____,-17.6875,2,2token,not_valid_noun
diapers,sock [,-17.6875,2,2token,not_valid_noun
diapers,sock /,-17.6875,2,2token,not_valid_noun
diapers,sock Choose,-17.6875,2,2token,not_valid_noun
diapers,sock on,-17.6875,2,2token,not_valid_noun
diapers,toys ____,-17.6875,2,2token,not_valid_noun
diapers,bedding ____,-17.6875,2,2token,not_valid_noun
diapers,pan _.,-17.6875,2,2token,not_valid_noun
diapers,need The,-17.6875,2,2token,incomplete_phrase
diapers,appliance -,-17.6875,2,2token,not_valid_noun
diapers,appliance a,-17.6875,2,2token,not_valid_noun
diapers,part …,-17.6875,2,2token,not_valid_noun
diapers,appliance you,-17.6875,2,2token,incomplete_phrase
diapers,device ______,-17.6875,2,2token,not_valid_noun
diapers,animal __________,-17.6875,2,2token,not_valid_noun
diapers,animal is,-17.6875,2,2token,not_valid_noun
diapers,wrapper made,-17.6875,2,2token,incomplete_phrase
diapers,glove in,-17.6875,2,2token,not_valid_noun
diapers,…………,-17.6875,2,2token,not_valid_noun
diapers,glove _____,-17.6875,2,2token,not_valid_noun
diapers,………… There,-17.6875,2,2token,not_valid_noun
diapers,………… You,-17.6875,2,2token,not_valid_noun
diapers,trash -,-17.6875,2,2token,not_valid_noun
diapers,………… complete,-17.6875,2,2token,not_valid_noun
diapers,cleanliness ________,-17.6875,2,2token,not_valid_noun
diapers,cleanliness ....,-17.6875,2,2token,not_valid_noun
diapers,bedding _____,-17.6875,2,2token,not_valid_noun
diapers,"garments ,",-17.6875,2,2token,not_valid_noun
diapers,part ____________,-17.6875,2,2token,not_valid_noun
diapers,diapers -,-17.6875,2,2token,not_valid_noun
diapers,piece,-17.6875,2,2token,incomplete_phrase
diapers,part with,-17.6875,2,2token,incomplete_phrase
diapers,need n,-17.6875,2,2token,not_valid_noun
diapers,need A,-17.6875,2,2token,not_valid_noun
diapers,need on,-17.6875,2,2token,not_valid_noun
diapers,need around,-17.6875,2,2token,not_valid_noun
diapers,garments The,-17.6875,2,2token,incomplete_phrase
diapers,uniform :,-17.6875,2,2token,not_valid_noun
diapers,uniform ….,-17.6875,2,2token,not_valid_noun
diapers,uniform Incomplete,-17.6875,2,2token,not_valid_noun
diapers,uniform you,-17.6875,2,2token,incomplete_phrase
diapers,wrapper wrappers,-17.6875,2,2token,incomplete_phrase
diapers,garments Full,-17.6875,2,2token,incomplete_phrase
diapers,garments Fill,-17.6875,2,2token,not_valid_noun
diapers,stuff children,-17.6875,2,2token,incomplete_phrase
diapers,stuff …,-17.6875,2,2token,not_valid_noun
diapers,stuff necessary,-17.6875,2,2token,incomplete_phrase
diapers,bedding Article,-17.6875,2,2token,incomplete_phrase
diapers,wrapper is,-17.6875,2,2token,not_valid_noun
diapers,wrapper /,-17.6875,2,2token,not_valid_noun
diapers,wrapper a,-17.6875,2,2token,not_valid_noun
diapers,cleanliness is,-17.6875,2,2token,not_valid_noun
diapers,sock __________,-17.6875,2,2token,not_valid_noun
diapers,sock ____________,-17.6875,2,2token,not_valid_noun
diapers,soap ....,-17.6875,2,2token,not_valid_noun
diapers,trash you,-17.6875,2,2token,incomplete_phrase
diapers,cleanliness that,-17.6875,2,2token,incomplete_phrase
diapers,sheet ______,-17.75,2,2token,not_valid_noun
diapers,snack __________,-17.75,2,2token,not_valid_noun
diapers,napkin of,-17.75,2,2token,not_valid_noun
diapers,form filling,-17.75,2,2token,not_valid_noun
diapers,[ insert,-17.75,2,2token,not_valid_noun
diapers,[ Select,-17.75,2,2token,not_valid_noun
diapers,sheet under,-17.75,2,2token,incomplete_phrase
diapers,napkin used,-17.75,2,2token,incomplete_phrase
diapers,covering people,-17.75,2,2token,incomplete_phrase
diapers,napkin with,-17.75,2,2token,incomplete_phrase
diapers,grocery s,-17.75,2,2token,not_valid_noun
diapers,bottle complete,-17.75,2,2token,not_valid_noun
diapers,kind o,-17.75,2,2token,not_valid_noun
diapers,bottle Open,-17.75,2,2token,incomplete_phrase
diapers,sheet -,-17.75,2,2token,not_valid_noun
diapers,trousers a,-17.75,2,2token,not_valid_noun
diapers,garb [,-17.75,2,2token,not_valid_noun
diapers,garb :,-17.75,2,2token,not_valid_noun
diapers,trousers ..,-17.75,2,2token,not_valid_noun
diapers,attire worn,-17.75,2,2token,incomplete_phrase
diapers,grocery is,-17.75,2,2token,not_valid_noun
diapers,grocery and,-17.75,2,2token,incomplete_phrase
diapers,bottle :,-17.75,2,2token,not_valid_noun
diapers,attire _______,-17.75,2,2token,not_valid_noun
diapers,vegetable that,-17.75,2,2token,incomplete_phrase
diapers,vegetable .....,-17.75,2,2token,not_valid_noun
diapers,invention /,-17.75,2,2token,not_valid_noun
diapers,invention which,-17.75,2,2token,incomplete_phrase
diapers,snack with,-17.75,2,2token,incomplete_phrase
diapers,form is,-17.75,2,2token,not_valid_noun
diapers,napkin Fill,-17.75,2,2token,not_valid_noun
diapers,linen ____,-17.75,2,2token,not_valid_noun
diapers,linen ______,-17.75,2,2token,not_valid_noun
diapers,vegetable -,-17.75,2,2token,not_valid_noun
diapers,vegetable COMPLETE,-17.75,2,2token,not_valid_noun
diapers,attire ________,-17.75,2,2token,not_valid_noun
diapers,trash on,-17.8125,2,2token,not_valid_noun
diapers,trash pick,-17.8125,2,2token,incomplete_phrase
diapers,trash fill,-17.8125,2,2token,not_valid_noun
diapers,toys a,-17.8125,2,2token,not_valid_noun
diapers,trash ____________,-17.8125,2,2token,not_valid_noun
diapers,device Used,-17.8125,2,2token,incomplete_phrase
diapers,device ....,-17.8125,2,2token,not_valid_noun
diapers,Clothes Read,-17.8125,2,2token,not_valid_noun
diapers,Clothes you,-17.8125,2,2token,incomplete_phrase
diapers,toys Fill,-17.8125,2,2token,not_valid_noun
diapers,footwear with,-17.8125,2,2token,not_valid_noun
diapers,appliance is,-17.8125,2,2token,not_valid_noun
diapers,appliance COMPLETE,-17.8125,2,2token,not_valid_noun
diapers,footwear by,-17.8125,2,2token,not_valid_noun
diapers,Clothes is,-17.8125,2,2token,not_valid_noun
diapers,Clothes For,-17.8125,2,2token,incomplete_phrase
diapers,gift complete,-17.8125,2,2token,not_valid_noun
diapers,gift with,-17.8125,2,2token,incomplete_phrase
diapers,animal d,-17.8125,2,2token,not_valid_noun
diapers,need something,-17.8125,2,2token,incomplete_phrase
diapers,need /,-17.8125,2,2token,not_valid_noun
diapers,need as,-17.8125,2,2token,not_valid_noun
diapers,need Fill,-17.8125,2,2token,not_valid_noun
diapers,need is,-17.8125,2,2token,not_valid_noun
diapers,CLOTH __,-17.8125,2,2token,not_valid_noun
diapers,CLOTH ____,-17.8125,2,2token,not_valid_noun
diapers,gift a,-17.8125,2,2token,not_valid_noun
diapers,footwear which,-17.8125,2,2token,incomplete_phrase
diapers,footwear ..,-17.8125,2,2token,not_valid_noun
diapers,footwear Answer,-17.8125,2,2token,not_valid_noun
diapers,appliance /,-17.8125,2,2token,not_valid_noun
diapers,sock The,-17.8125,2,2token,incomplete_phrase
diapers,doll -,-17.8125,2,2token,not_valid_noun
diapers,doll ___________,-17.8125,2,2token,not_valid_noun
diapers,wrapper Fill,-17.8125,2,2token,not_valid_noun
diapers,uniform .....,-17.8125,2,2token,not_valid_noun
diapers,uniform the,-17.8125,2,2token,incomplete_phrase
diapers,medicine ________,-17.8125,2,2token,not_valid_noun
diapers,doll with,-17.8125,2,2token,incomplete_phrase
diapers,garments you,-17.8125,2,2token,incomplete_phrase
diapers,garments by,-17.8125,2,2token,not_valid_noun
diapers,garments such,-17.8125,2,2token,incomplete_phrase
diapers,………… This,-17.8125,2,2token,not_valid_noun
diapers,uniform Comple,-17.8125,2,2token,incomplete_phrase
diapers,………… How,-17.8125,2,2token,not_valid_noun
diapers,………… of,-17.8125,2,2token,not_valid_noun
diapers,uniform [,-17.8125,2,2token,not_valid_noun
diapers,glove ______,-17.8125,2,2token,not_valid_noun
diapers,uniform are,-17.8125,2,2token,incomplete_phrase
diapers,………… Fit,-17.8125,2,2token,not_valid_noun
diapers,………… Also,-17.8125,2,2token,not_valid_noun
diapers,snack on,-17.875,2,2token,not_valid_noun
diapers,furniture Item,-17.875,2,2token,incomplete_phrase
diapers,furniture COMPLETE,-17.875,2,2token,not_valid_noun
diapers,sheet .....,-17.875,2,2token,not_valid_noun
diapers,sheet by,-17.875,2,2token,not_valid_noun
diapers,sheet the,-17.875,2,2token,incomplete_phrase
diapers,vegetable to,-17.875,2,2token,not_valid_noun
diapers,sheet a,-17.875,2,2token,not_valid_noun
diapers,furniture Incomplete,-17.875,2,2token,not_valid_noun
diapers,furniture :,-17.875,2,2token,not_valid_noun
diapers,furniture is,-17.875,2,2token,not_valid_noun
diapers,furniture …,-17.875,2,2token,not_valid_noun
diapers,furniture Read,-17.875,2,2token,not_valid_noun
diapers,vegetable /,-17.875,2,2token,not_valid_noun
diapers,vegetable :,-17.875,2,2token,not_valid_noun
diapers,accessories such,-17.875,2,2token,incomplete_phrase
diapers,accessories ________,-17.875,2,2token,not_valid_noun
diapers,accessories Read,-17.875,2,2token,not_valid_noun
diapers,napkin -,-17.875,2,2token,not_valid_noun
diapers,napkin which,-17.875,2,2token,incomplete_phrase
diapers,napkin /,-17.875,2,2token,not_valid_noun
diapers,form …,-17.875,2,2token,not_valid_noun
diapers,form used,-17.875,2,2token,incomplete_phrase
diapers,[ blan,-17.875,2,2token,not_valid_noun
diapers,form _____,-17.875,2,2token,not_valid_noun
diapers,[ type,-17.875,2,2token,not_valid_noun
diapers,linen .....,-17.875,2,2token,not_valid_noun
diapers,linen _____,-17.875,2,2token,not_valid_noun
diapers,invention Fill,-17.875,2,2token,not_valid_noun
diapers,invention Answer,-17.875,2,2token,not_valid_noun
diapers,CLOTH E,-17.875,2,2token,not_valid_noun
diapers,trousers The,-17.875,2,2token,incomplete_phrase
diapers,trousers by,-17.875,2,2token,not_valid_noun
diapers,trousers Comple,-17.875,2,2token,incomplete_phrase
diapers,trousers Fill,-17.875,2,2token,not_valid_noun
diapers,trousers ______,-17.875,2,2token,not_valid_noun
diapers,candy that,-17.875,2,2token,incomplete_phrase
diapers,candy with,-17.875,2,2token,incomplete_phrase
diapers,candy -,-17.875,2,2token,not_valid_noun
diapers,glove with,-17.9375,2,2token,incomplete_phrase
diapers,………… Choose,-17.9375,2,2token,not_valid_noun
diapers,………… “,-17.9375,2,2token,not_valid_noun
diapers,………… Fruit,-17.9375,2,2token,not_valid_noun
diapers,………… …..,-17.9375,2,2token,not_valid_noun
diapers,………… It,-17.9375,2,2token,not_valid_noun
diapers,medicine ______,-17.9375,2,2token,not_valid_noun
diapers,medicine _______,-17.9375,2,2token,not_valid_noun
diapers,toys .....,-17.9375,2,2token,not_valid_noun
diapers,toys Read,-17.9375,2,2token,not_valid_noun
diapers,glove to,-17.9375,2,2token,not_valid_noun
diapers,doll __________,-17.9375,2,2token,not_valid_noun
diapers,toys with,-17.9375,2,2token,incomplete_phrase
diapers,doll _________,-17.9375,2,2token,not_valid_noun
diapers,soap is,-17.9375,2,2token,not_valid_noun
diapers,doll =,-17.9375,2,2token,not_valid_noun
diapers,soap to,-17.9375,2,2token,not_valid_noun
diapers,soap Fill,-17.9375,2,2token,not_valid_noun
diapers,soap that,-17.9375,2,2token,incomplete_phrase
diapers,garments is,-17.9375,2,2token,not_valid_noun
diapers,doll ....,-17.9375,2,2token,not_valid_noun
diapers,sock called,-17.9375,2,2token,incomplete_phrase
diapers,garments A,-17.9375,2,2token,not_valid_noun
diapers,garments the,-17.9375,2,2token,not_valid_noun
diapers,trash Clean,-17.9375,2,2token,incomplete_phrase
diapers,trash which,-17.9375,2,2token,incomplete_phrase
diapers,trash is,-17.9375,2,2token,not_valid_noun
diapers,piece the,-17.9375,2,2token,incomplete_phrase
diapers,Clothes …,-17.9375,2,2token,not_valid_noun
diapers,CLOTH ....,-17.9375,2,2token,not_valid_noun
diapers,Clothes Which,-17.9375,2,2token,incomplete_phrase
diapers,Clothes .....,-17.9375,2,2token,not_valid_noun
diapers,Clothes which,-17.9375,2,2token,incomplete_phrase
diapers,piece _____,-17.9375,2,2token,not_valid_noun
diapers,wrapper ___________,-17.9375,2,2token,not_valid_noun
diapers,diapers ______,-17.9375,2,2token,not_valid_noun
diapers,toys ______,-17.9375,2,2token,not_valid_noun
diapers,toys :,-17.9375,2,2token,not_valid_noun
diapers,diapers used,-17.9375,2,2token,incomplete_phrase
diapers,diapers ____,-17.9375,2,2token,not_valid_noun
diapers,wrapper from,-17.9375,2,2token,incomplete_phrase
diapers,wrapper A,-17.9375,2,2token,not_valid_noun
diapers,Clothes _,-17.9375,2,2token,not_valid_noun
diapers,Clothes /,-17.9375,2,2token,not_valid_noun
diapers,Clothes ..,-17.9375,2,2token,not_valid_noun
diapers,device _____,-17.9375,2,2token,not_valid_noun
diapers,device [,-17.9375,2,2token,not_valid_noun
diapers,footwear Incomplete,-17.9375,2,2token,not_valid_noun
diapers,wrapper [,-17.9375,2,2token,not_valid_noun
diapers,wrapper :,-17.9375,2,2token,not_valid_noun
diapers,medicine ____,-17.9375,2,2token,not_valid_noun
diapers,medicine _____,-17.9375,2,2token,not_valid_noun
diapers,wrapper round,-17.9375,2,2token,incomplete_phrase
diapers,wrapper Continue,-17.9375,2,2token,not_valid_noun
diapers,device by,-17.9375,2,2token,not_valid_noun
diapers,device the,-17.9375,2,2token,incomplete_phrase
diapers,wrapper Around,-17.9375,2,2token,incomplete_phrase
diapers,footwear ___________,-17.9375,2,2token,not_valid_noun
diapers,footwear /,-17.9375,2,2token,not_valid_noun
diapers,appliance [,-17.9375,2,2token,not_valid_noun
diapers,invention ______,-18.0,2,2token,not_valid_noun
diapers,napkin The,-18.0,2,2token,incomplete_phrase
diapers,vegetable _,-18.0,2,2token,not_valid_noun
diapers,sheet Full,-18.0,2,2token,incomplete_phrase
diapers,napkin .....,-18.0,2,2token,not_valid_noun
diapers,napkin …,-18.0,2,2token,not_valid_noun
diapers,napkin Correct,-18.0,2,2token,not_valid_noun
diapers,napkin by,-18.0,2,2token,not_valid_noun
diapers,snack of,-18.0,2,2token,not_valid_noun
diapers,[ _____,-18.0,2,2token,not_valid_noun
diapers,sheet …,-18.0,2,2token,not_valid_noun
diapers,invention -,-18.0,2,2token,not_valid_noun
diapers,linen to,-18.0,2,2token,not_valid_noun
diapers,vegetable Read,-18.0,2,2token,not_valid_noun
diapers,vegetable Correct,-18.0,2,2token,not_valid_noun
diapers,linen Read,-18.0,2,2token,not_valid_noun
diapers,linen /,-18.0,2,2token,not_valid_noun
diapers,CLOTH ______,-18.0,2,2token,not_valid_noun
diapers,garb to,-18.0,2,2token,not_valid_noun
diapers,garb Wear,-18.0,2,2token,incomplete_phrase
diapers,trousers Incomplete,-18.0,2,2token,not_valid_noun
diapers,"trousers ,",-18.0,2,2token,not_valid_noun
diapers,trousers A,-18.0,2,2token,not_valid_noun
diapers,candy __________,-18.0,2,2token,not_valid_noun
diapers,[ noun,-18.0,2,2token,not_valid_noun
diapers,[ something,-18.0,2,2token,not_valid_noun
diapers,[ (,-18.0,2,2token,not_valid_noun
diapers,snack Read,-18.0,2,2token,not_valid_noun
diapers,device people,-18.0625,2,2token,incomplete_phrase
diapers,"Clothes ,",-18.0625,2,2token,not_valid_noun
diapers,appliance Answer,-18.0625,2,2token,not_valid_noun
diapers,footwear are,-18.0625,2,2token,incomplete_phrase
diapers,hat ________,-18.0625,2,2token,not_valid_noun
diapers,garb is,-18.0625,2,2token,not_valid_noun
diapers,garb -,-18.0625,2,2token,not_valid_noun
diapers,garb used,-18.0625,2,2token,incomplete_phrase
diapers,garb Full,-18.0625,2,2token,incomplete_phrase
diapers,Clothes __,-18.0625,2,2token,not_valid_noun
diapers,Clothes Answer,-18.0625,2,2token,not_valid_noun
diapers,appliance Comple,-18.0625,2,2token,incomplete_phrase
diapers,footwear ......,-18.0625,2,2token,not_valid_noun
diapers,footwear The,-18.0625,2,2token,incomplete_phrase
diapers,footwear ?,-18.0625,2,2token,not_valid_noun
diapers,footwear completed,-18.0625,2,2token,not_valid_noun
diapers,footwear Choose,-18.0625,2,2token,not_valid_noun
diapers,toys COMPLETE,-18.0625,2,2token,not_valid_noun
diapers,toys Incomplete,-18.0625,2,2token,not_valid_noun
diapers,diapers /,-18.0625,2,2token,not_valid_noun
diapers,………… Example,-18.0625,2,2token,not_valid_noun
diapers,………… medicine,-18.0625,2,2token,not_valid_noun
diapers,doll [,-18.0625,2,2token,not_valid_noun
diapers,………… Clothes,-18.0625,2,2token,not_valid_noun
diapers,diapers …,-18.0625,2,2token,not_valid_noun
diapers,Clothes on,-18.0625,2,2token,not_valid_noun
diapers,device -,-18.0625,2,2token,not_valid_noun
diapers,wrapper the,-18.0625,2,2token,incomplete_phrase
diapers,wrapper you,-18.0625,2,2token,incomplete_phrase
diapers,Clothes [,-18.0625,2,2token,not_valid_noun
diapers,Clothes In,-18.0625,2,2token,not_valid_noun
diapers,………… They,-18.0625,2,2token,not_valid_noun
diapers,toys of,-18.0625,2,2token,not_valid_noun
diapers,toys -,-18.0625,2,2token,not_valid_noun
diapers,Clothes _________,-18.0625,2,2token,not_valid_noun
diapers,device on,-18.0625,2,2token,not_valid_noun
diapers,wrapper …,-18.0625,2,2token,not_valid_noun
diapers,diapers you,-18.0625,2,2token,incomplete_phrase
diapers,medicine [,-18.0625,2,2token,not_valid_noun
diapers,device ____,-18.0625,2,2token,not_valid_noun
diapers,snack ___________,-18.125,2,2token,not_valid_noun
diapers,form [,-18.125,2,2token,not_valid_noun
diapers,form which,-18.125,2,2token,incomplete_phrase
diapers,form __,-18.125,2,2token,not_valid_noun
diapers,form _,-18.125,2,2token,not_valid_noun
diapers,form Fill,-18.125,2,2token,not_valid_noun
diapers,form ______,-18.125,2,2token,not_valid_noun
diapers,snack _________,-18.125,2,2token,not_valid_noun
diapers,candy is,-18.125,2,2token,not_valid_noun
diapers,sheet The,-18.125,2,2token,incomplete_phrase
diapers,furniture ..,-18.125,2,2token,not_valid_noun
diapers,,-18.125,2,2token,not_valid_noun
diapers,candy ____________,-18.125,2,2token,not_valid_noun
diapers,[ ________,-18.125,2,2token,not_valid_noun
diapers,candy _,-18.125,2,2token,not_valid_noun
diapers,form o,-18.125,2,2token,not_valid_noun
diapers,candy :,-18.125,2,2token,not_valid_noun
diapers,accessories with,-18.125,2,2token,incomplete_phrase
diapers,accessories like,-18.125,2,2token,incomplete_phrase
diapers,accessories _______,-18.125,2,2token,not_valid_noun
diapers,vegetable …,-18.125,2,2token,not_valid_noun
diapers,linen …,-18.125,2,2token,not_valid_noun
diapers,linen under,-18.125,2,2token,incomplete_phrase
diapers,candy Incomplete,-18.125,2,2token,not_valid_noun
diapers,furniture The,-18.125,2,2token,incomplete_phrase
diapers,und [,-18.125,2,2token,not_valid_noun
diapers,piece ______,-18.125,2,2token,not_valid_noun
diapers,attire ______,-18.125,2,2token,not_valid_noun
diapers,piece f,-18.125,2,2token,not_valid_noun
diapers,furniture ….,-18.125,2,2token,not_valid_noun
diapers,,-18.125,2,2token,not_valid_noun
diapers,garb _,-18.125,2,2token,not_valid_noun
diapers,CLOTH or,-18.125,2,2token,not_valid_noun
diapers,trousers fruit,-18.125,2,2token,incomplete_phrase
diapers,linen of,-18.125,2,2token,not_valid_noun
diapers,trousers =,-18.125,2,2token,not_valid_noun
diapers,linen Item,-18.125,2,2token,incomplete_phrase
diapers,vegetable with,-18.125,2,2token,incomplete_phrase
diapers,candy COMPLETE,-18.125,2,2token,not_valid_noun
diapers,garb worn,-18.125,2,2token,incomplete_phrase
diapers,garb _.,-18.125,2,2token,not_valid_noun
diapers,sheet [,-18.125,2,2token,not_valid_noun
diapers,furniture of,-18.125,2,2token,not_valid_noun
diapers,napkin ___________,-18.125,2,2token,not_valid_noun
diapers,sheet like,-18.125,2,2token,incomplete_phrase
diapers,napkin [,-18.125,2,2token,not_valid_noun
diapers,diapers made,-18.1875,2,2token,incomplete_phrase
diapers,glove Fill,-18.1875,2,2token,not_valid_noun
diapers,glove …,-18.1875,2,2token,not_valid_noun
diapers,glove of,-18.1875,2,2token,not_valid_noun
diapers,diapers Read,-18.1875,2,2token,not_valid_noun
diapers,………… clothing,-18.1875,2,2token,not_valid_noun
diapers,………… –,-18.1875,2,2token,not_valid_noun
diapers,………… ……………………,-18.1875,2,2token,not_valid_noun
diapers,device is,-18.1875,2,2token,not_valid_noun
diapers,medicine Read,-18.1875,2,2token,not_valid_noun
diapers,medicine COMPLETE,-18.1875,2,2token,not_valid_noun
diapers,hat _______,-18.1875,2,2token,not_valid_noun
diapers,hat ____,-18.1875,2,2token,not_valid_noun
diapers,appliance Incomplete,-18.1875,2,2token,not_valid_noun
diapers,………… Make,-18.1875,2,2token,not_valid_noun
diapers,………… :,-18.1875,2,2token,not_valid_noun
diapers,soap :,-18.1875,2,2token,not_valid_noun
diapers,glove on,-18.1875,2,2token,not_valid_noun
diapers,toys Answer,-18.1875,2,2token,not_valid_noun
diapers,glove -,-18.1875,2,2token,not_valid_noun
diapers,piece .....,-18.1875,2,2token,not_valid_noun
diapers,device Answer,-18.1875,2,2token,not_valid_noun
diapers,device they,-18.1875,2,2token,incomplete_phrase
diapers,medicine -,-18.1875,2,2token,not_valid_noun
diapers,diapers the,-18.1875,2,2token,incomplete_phrase
diapers,glove are,-18.1875,2,2token,incomplete_phrase
diapers,piece de,-18.1875,2,2token,not_valid_noun
diapers,soap are,-18.1875,2,2token,incomplete_phrase
diapers,soap ________,-18.1875,2,2token,not_valid_noun
diapers,garb ….,-18.25,2,2token,not_valid_noun
diapers,snack -,-18.25,2,2token,not_valid_noun
diapers,snack _,-18.25,2,2token,not_valid_noun
diapers,napkin ____________,-18.25,2,2token,not_valid_noun
diapers,candy ___________,-18.25,2,2token,not_valid_noun
diapers,napkin Use,-18.25,2,2token,incomplete_phrase
diapers,garb e,-18.25,2,2token,not_valid_noun
diapers,linen which,-18.25,2,2token,incomplete_phrase
diapers,napkin ….,-18.25,2,2token,not_valid_noun
diapers,napkin Continue,-18.25,2,2token,not_valid_noun
diapers,napkin COMPLETE,-18.25,2,2token,not_valid_noun
diapers,,-18.25,2,2token,not_valid_noun
diapers,snack Comple,-18.25,2,2token,incomplete_phrase
diapers,CLOTH I,-18.25,2,2token,not_valid_noun
diapers,vegetable is,-18.25,2,2token,not_valid_noun
diapers,accessories a,-18.25,2,2token,not_valid_noun
diapers,napkin __________,-18.25,2,2token,not_valid_noun
diapers,attire _____,-18.25,2,2token,not_valid_noun
diapers,attire which,-18.25,2,2token,incomplete_phrase
diapers,invention COMPLETE,-18.25,2,2token,not_valid_noun
diapers,invention ____,-18.25,2,2token,not_valid_noun
diapers,accessories -,-18.25,2,2token,not_valid_noun
diapers,candy ..,-18.25,2,2token,not_valid_noun
diapers,candy Answer,-18.25,2,2token,not_valid_noun
diapers,napkin A,-18.25,2,2token,not_valid_noun
diapers,furniture a,-18.25,2,2token,not_valid_noun
diapers,furniture A,-18.25,2,2token,not_valid_noun
diapers,candy [,-18.25,2,2token,not_valid_noun
diapers,sheet Cover,-18.25,2,2token,incomplete_phrase
diapers,furniture used,-18.25,2,2token,incomplete_phrase
diapers,soap ____,-18.3125,2,2token,not_valid_noun
diapers,soap Answer,-18.3125,2,2token,not_valid_noun
diapers,device Use,-18.3125,2,2token,incomplete_phrase
diapers,device …,-18.3125,2,2token,not_valid_noun
diapers,soap _____,-18.3125,2,2token,not_valid_noun
diapers,soap _______,-18.3125,2,2token,not_valid_noun
diapers,[ Clothing,-18.3125,2,2token,not_valid_noun
diapers,glove Full,-18.3125,2,2token,incomplete_phrase
diapers,toys …,-18.3125,2,2token,not_valid_noun
diapers,device A,-18.3125,2,2token,not_valid_noun
diapers,toys which,-18.3125,2,2token,incomplete_phrase
diapers,toys [,-18.3125,2,2token,not_valid_noun
diapers,device invented,-18.3125,2,2token,incomplete_phrase
diapers,toys A,-18.3125,2,2token,not_valid_noun
diapers,toys /,-18.3125,2,2token,not_valid_noun
diapers,garb the,-18.3125,2,2token,incomplete_phrase
diapers,form Of,-18.3125,2,2token,not_valid_noun
diapers,CLOTH of,-18.3125,2,2token,not_valid_noun
diapers,medicine which,-18.3125,2,2token,incomplete_phrase
diapers,utens il,-18.3125,2,2token,not_valid_noun
diapers,footwear A,-18.3125,2,2token,not_valid_noun
diapers,appliance on,-18.3125,2,2token,not_valid_noun
diapers,appliance …,-18.3125,2,2token,not_valid_noun
diapers,appliance ..,-18.3125,2,2token,not_valid_noun
diapers,appliance ….,-18.3125,2,2token,not_valid_noun
diapers,appliance ___________,-18.3125,2,2token,not_valid_noun
diapers,appliance A,-18.3125,2,2token,not_valid_noun
diapers,hat that,-18.3125,2,2token,incomplete_phrase
diapers,hat [,-18.3125,2,2token,not_valid_noun
diapers,diapers =,-18.3125,2,2token,not_valid_noun
diapers,diapers on,-18.3125,2,2token,not_valid_noun
diapers,"diapers ,",-18.3125,2,2token,not_valid_noun
diapers,diapers Fill,-18.3125,2,2token,not_valid_noun
diapers,und and,-18.3125,2,2token,not_valid_noun
diapers,piece _______,-18.3125,2,2token,not_valid_noun
diapers,furniture you,-18.375,2,2token,incomplete_phrase
diapers,furniture _,-18.375,2,2token,not_valid_noun
diapers,vegetable Original,-18.375,2,2token,incomplete_phrase
diapers,furniture with,-18.375,2,2token,incomplete_phrase
diapers,snack is,-18.375,2,2token,not_valid_noun
diapers,accessories ______,-18.375,2,2token,not_valid_noun
diapers,furniture What,-18.375,2,2token,incomplete_phrase
diapers,vegetable __,-18.375,2,2token,not_valid_noun
diapers,accessories ____,-18.375,2,2token,not_valid_noun
diapers,accessories …,-18.375,2,2token,not_valid_noun
diapers,accessories :,-18.375,2,2token,not_valid_noun
diapers,CLOTH _______,-18.375,2,2token,not_valid_noun
diapers,sheet A,-18.375,2,2token,not_valid_noun
diapers,invention Completed,-18.375,2,2token,not_valid_noun
diapers,sheet are,-18.375,2,2token,incomplete_phrase
diapers,napkin are,-18.375,2,2token,incomplete_phrase
diapers,invention _____,-18.375,2,2token,not_valid_noun
diapers,vegetable [,-18.375,2,2token,not_valid_noun
diapers,CLOTH [,-18.375,2,2token,not_valid_noun
diapers,​,-18.375,2,2token,not_valid_noun
diapers,,-18.375,2,2token,not_valid_noun
diapers,piece [,-18.375,2,2token,not_valid_noun
diapers,device called,-18.4375,2,2token,incomplete_phrase
diapers,soap on,-18.4375,2,2token,not_valid_noun
diapers,glove [,-18.4375,2,2token,not_valid_noun
diapers,glove .....,-18.4375,2,2token,not_valid_noun
diapers,device complete,-18.4375,2,2token,not_valid_noun
diapers,device from,-18.4375,2,2token,incomplete_phrase
diapers,glove :,-18.4375,2,2token,not_valid_noun
diapers,und r,-18.4375,2,2token,not_valid_noun
diapers,und __,-18.4375,2,2token,not_valid_noun
diapers,glove COMPLETE,-18.4375,2,2token,not_valid_noun
diapers,form on,-18.4375,2,2token,not_valid_noun
diapers,"[ ,",-18.4375,2,2token,not_valid_noun
diapers,[ -,-18.4375,2,2token,not_valid_noun
diapers,glove Answer,-18.4375,2,2token,not_valid_noun
diapers,hat Read,-18.4375,2,2token,not_valid_noun
diapers,appliance _,-18.4375,2,2token,not_valid_noun
diapers,appliance like,-18.4375,2,2token,incomplete_phrase
diapers,hat ______,-18.4375,2,2token,not_valid_noun
diapers,hat _____,-18.4375,2,2token,not_valid_noun
diapers,piece ot,-18.4375,2,2token,not_valid_noun
diapers,toys incomplete,-18.4375,2,2token,not_valid_noun
diapers,CLOTH …,-18.4375,2,2token,not_valid_noun
diapers,diapers kind,-18.4375,2,2token,incomplete_phrase
diapers,soap -,-18.4375,2,2token,not_valid_noun
diapers,CLOTH ___________,-18.4375,2,2token,not_valid_noun
diapers,piece _,-18.4375,2,2token,not_valid_noun
diapers,​​,-18.4375,2,2token,not_valid_noun
diapers,toys completed,-18.4375,2,2token,not_valid_noun
diapers,CLOTH -,-18.4375,2,2token,not_valid_noun
diapers,garb Enter,-18.4375,2,2token,incomplete_phrase
diapers,diapers The,-18.4375,2,2token,incomplete_phrase
diapers,diapers which,-18.4375,2,2token,incomplete_phrase
diapers,appliance ____________,-18.4375,2,2token,not_valid_noun
diapers,diapers ..,-18.4375,2,2token,not_valid_noun
diapers,piece ….,-18.4375,2,2token,not_valid_noun
diapers,medicine Answer,-18.4375,2,2token,not_valid_noun
diapers,appliance such,-18.4375,2,2token,incomplete_phrase
diapers,appliance at,-18.4375,2,2token,not_valid_noun
diapers,furniture /,-18.5,2,2token,not_valid_noun
diapers,furniture are,-18.5,2,2token,incomplete_phrase
diapers,invention Incomplete,-18.5,2,2token,not_valid_noun
diapers,CLOTH to,-18.5,2,2token,not_valid_noun
diapers,CLOTH ____________,-18.5,2,2token,not_valid_noun
diapers,accessories /,-18.5,2,2token,not_valid_noun
diapers,accessories needed,-18.5,2,2token,incomplete_phrase
diapers,attire used,-18.5,2,2token,incomplete_phrase
diapers,attire [,-18.5,2,2token,not_valid_noun
diapers,accessories _____,-18.5,2,2token,not_valid_noun
diapers,accessories Incomplete,-18.5,2,2token,not_valid_noun
diapers,garb are,-18.5,2,2token,incomplete_phrase
diapers,garb ____________,-18.5,2,2token,not_valid_noun
diapers,garb ___________,-18.5,2,2token,not_valid_noun
diapers,vegetable ____________,-18.5,2,2token,not_valid_noun
diapers,,-18.5,2,2token,not_valid_noun
diapers,CLOTH which,-18.5,2,2token,incomplete_phrase
diapers,CLOTH _____,-18.5,2,2token,not_valid_noun
diapers,piece /,-18.5,2,2token,not_valid_noun
diapers,furniture by,-18.5,2,2token,not_valid_noun
diapers,invention related,-18.5,2,2token,incomplete_phrase
diapers,napkin a,-18.5,2,2token,not_valid_noun
diapers,invention Comple,-18.5,2,2token,incomplete_phrase
diapers,vegetable by,-18.5,2,2token,not_valid_noun
diapers,vegetable ___________,-18.5,2,2token,not_valid_noun
diapers,vegetable .......,-18.5,2,2token,not_valid_noun
diapers,hat to,-18.5625,2,2token,not_valid_noun
diapers,medicine is,-18.5625,2,2token,not_valid_noun
diapers,medicine .....,-18.5625,2,2token,not_valid_noun
diapers,medicine :,-18.5625,2,2token,not_valid_noun
diapers,medicine …,-18.5625,2,2token,not_valid_noun
diapers,[ ),-18.5625,2,2token,not_valid_noun
diapers,[ part,-18.5625,2,2token,not_valid_noun
diapers,[,-18.5625,2,2token,not_valid_noun
diapers,medicine /,-18.5625,2,2token,not_valid_noun
diapers,form .....,-18.5625,2,2token,not_valid_noun
diapers,toys ..,-18.5625,2,2token,not_valid_noun
diapers,diapers A,-18.5625,2,2token,not_valid_noun
diapers,appliance The,-18.5625,2,2token,incomplete_phrase
diapers,form C,-18.5625,2,2token,not_valid_noun
diapers,form f,-18.5625,2,2token,not_valid_noun
diapers,garb .....,-18.5625,2,2token,not_valid_noun
diapers,toys by,-18.5625,2,2token,not_valid_noun
diapers,garb made,-18.5625,2,2token,incomplete_phrase
diapers,garb _________,-18.5625,2,2token,not_valid_noun
diapers,piece is,-18.5625,2,2token,not_valid_noun
diapers,CLOTH |,-18.5625,2,2token,not_valid_noun
diapers,toys ….,-18.5625,2,2token,not_valid_noun
diapers,hat …,-18.5625,2,2token,not_valid_noun
diapers,hat in,-18.5625,2,2token,not_valid_noun
diapers,hat Fill,-18.5625,2,2token,not_valid_noun
diapers,hat :,-18.5625,2,2token,not_valid_noun
diapers,[ A,-18.625,2,2token,not_valid_noun
diapers,[ …,-18.625,2,2token,not_valid_noun
diapers,attire -,-18.625,2,2token,not_valid_noun
diapers,accessories A,-18.625,2,2token,not_valid_noun
diapers,,-18.625,2,2token,not_valid_noun
diapers,piece ......,-18.625,2,2token,not_valid_noun
diapers,attire :,-18.625,2,2token,not_valid_noun
diapers,attire a,-18.625,2,2token,not_valid_noun
diapers,,-18.625,2,2token,not_valid_noun
diapers,und under,-18.625,2,2token,not_valid_noun
diapers,……,-18.625,2,2token,not_valid_noun
diapers,invention Read,-18.625,2,2token,not_valid_noun
diapers,invention The,-18.625,2,2token,incomplete_phrase
diapers,invention :,-18.625,2,2token,not_valid_noun
diapers,und that,-18.625,2,2token,incomplete_phrase
diapers,[ object,-18.625,2,2token,not_valid_noun
diapers,attire is,-18.625,2,2token,not_valid_noun
diapers,attire on,-18.625,2,2token,not_valid_noun
diapers,accessories Fill,-18.625,2,2token,not_valid_noun
diapers,accessories made,-18.625,2,2token,incomplete_phrase
diapers,accessories we,-18.625,2,2token,not_valid_noun
diapers,attire …,-18.625,2,2token,not_valid_noun
diapers,,-18.625,2,2token,not_valid_noun
diapers,form from,-18.6875,2,2token,incomplete_phrase
diapers,medicine _,-18.6875,2,2token,not_valid_noun
diapers,glove a,-18.6875,2,2token,not_valid_noun
diapers,form ___________,-18.6875,2,2token,not_valid_noun
diapers,form ….,-18.6875,2,2token,not_valid_noun
diapers,,-18.6875,2,2token,not_valid_noun
diapers,…………,-18.6875,2,2token,not_valid_noun
diapers,,-18.6875,2,2token,not_valid_noun
diapers,medicine with,-18.6875,2,2token,incomplete_phrase
diapers,hat -,-18.6875,2,2token,not_valid_noun
diapers,hat is,-18.6875,2,2token,not_valid_noun
diapers,garb I,-18.6875,2,2token,not_valid_noun
diapers,glove Incomplete,-18.6875,2,2token,not_valid_noun
diapers,glove ___________,-18.6875,2,2token,not_valid_noun
diapers,toys The,-18.6875,2,2token,incomplete_phrase
diapers,CLOTH ..,-18.6875,2,2token,not_valid_noun
diapers,CLOTH /,-18.6875,2,2token,not_valid_noun
diapers,CLOTH What,-18.6875,2,2token,incomplete_phrase
diapers,glove which,-18.6875,2,2token,incomplete_phrase
diapers,glove gloves,-18.6875,2,2token,incomplete_phrase
diapers,glove ….,-18.6875,2,2token,not_valid_noun
diapers,glove Read,-18.6875,2,2token,not_valid_noun
diapers,glove ..,-18.6875,2,2token,not_valid_noun
diapers,soap Original,-18.6875,2,2token,incomplete_phrase
diapers,[ :,-18.75,2,2token,not_valid_noun
diapers,[ [,-18.75,2,2token,not_valid_noun
diapers,[ CLOTH,-18.75,2,2token,not_valid_noun
diapers,[ the,-18.75,2,2token,not_valid_noun
diapers,piece are,-18.75,2,2token,incomplete_phrase
diapers,accessories [,-18.75,2,2token,not_valid_noun
diapers,accessories .....,-18.75,2,2token,not_valid_noun
diapers,accessories ….,-18.75,2,2token,not_valid_noun
diapers,attire with,-18.75,2,2token,incomplete_phrase
diapers,attire /,-18.75,2,2token,not_valid_noun
diapers,attire .....,-18.75,2,2token,not_valid_noun
diapers,und ....,-18.75,2,2token,not_valid_noun
diapers,und ….,-18.75,2,2token,not_valid_noun
diapers,form I,-18.75,2,2token,not_valid_noun
diapers,фабри,-18.75,2,2token,not_valid_noun
diapers,invention with,-18.75,2,2token,incomplete_phrase
diapers,invention because,-18.75,2,2token,incomplete_phrase
diapers,attire ….,-18.75,2,2token,not_valid_noun
diapers,accessories,-18.75,2,2token,not_valid_noun
diapers,toys because,-18.8125,2,2token,incomplete_phrase
diapers,hat .....,-18.8125,2,2token,not_valid_noun
diapers,soap with,-18.8125,2,2token,incomplete_phrase
diapers,toys you,-18.8125,2,2token,incomplete_phrase
diapers,toys is,-18.8125,2,2token,not_valid_noun
diapers,CLOTH _,-18.8125,2,2token,not_valid_noun
diapers,und ________,-18.8125,2,2token,not_valid_noun
diapers,und -,-18.8125,2,2token,not_valid_noun
diapers,toys on,-18.8125,2,2token,not_valid_noun
diapers,"toys ,",-18.8125,2,2token,not_valid_noun
diapers,toys ?,-18.8125,2,2token,not_valid_noun
diapers,оде,-18.8125,2,2token,not_valid_noun
diapers,medicine The,-18.8125,2,2token,incomplete_phrase
diapers,medicine by,-18.8125,2,2token,not_valid_noun
diapers,عمر,-18.8125,2,2token,not_valid_noun
diapers,,-18.8125,2,2token,not_valid_noun
diapers,бы,-18.8125,2,2token,not_valid_noun
diapers,,-18.8125,2,2token,not_valid_noun
diapers,medicine because,-18.8125,2,2token,incomplete_phrase
diapers,medicine ..,-18.8125,2,2token,not_valid_noun
diapers,medicine you,-18.8125,2,2token,incomplete_phrase
diapers,\_,-18.8125,2,2token,not_valid_noun
diapers,hat with,-18.8125,2,2token,incomplete_phrase
diapers,hat Comple,-18.8125,2,2token,incomplete_phrase
diapers,accessories at,-18.875,2,2token,not_valid_noun
diapers,accessories,-18.875,2,2token,not_valid_noun
diapers,"accessories ,",-18.875,2,2token,not_valid_noun
diapers,accessories around,-18.875,2,2token,incomplete_phrase
diapers,accessories is,-18.875,2,2token,not_valid_noun
diapers,CLOTH _.,-18.875,2,2token,not_valid_noun
diapers,[ cloth,-18.875,2,2token,not_valid_noun
diapers,CLOTH ES,-18.875,2,2token,not_valid_noun
diapers,[ =,-18.875,2,2token,not_valid_noun
diapers,invention What,-18.875,2,2token,incomplete_phrase
diapers,invention …,-18.875,2,2token,not_valid_noun
diapers,attire Comple,-18.875,2,2token,incomplete_phrase
diapers,und for,-18.875,2,2token,not_valid_noun
diapers,invention .....,-18.875,2,2token,not_valid_noun
diapers,accessories The,-18.875,2,2token,incomplete_phrase
diapers,accessories from,-18.875,2,2token,incomplete_phrase
diapers,attire Incomplete,-18.875,2,2token,not_valid_noun
diapers,teddy,-18.875,2,2token,incomplete_phrase
diapers,invention is,-18.875,2,2token,not_valid_noun
diapers,medicine ….,-18.9375,2,2token,not_valid_noun
diapers,medicine a,-18.9375,2,2token,not_valid_noun
diapers,soap __________,-18.9375,2,2token,not_valid_noun
diapers,sätt,-18.9375,2,2token,not_valid_noun
diapers,soap Finish,-18.9375,2,2token,incomplete_phrase
diapers,medicine Incomplete,-18.9375,2,2token,not_valid_noun
diapers,CLOTH .....,-18.9375,2,2token,not_valid_noun
diapers,glove _________,-18.9375,2,2token,not_valid_noun
diapers,роди,-18.9375,2,2token,not_valid_noun
diapers,baju,-18.9375,2,2token,not_valid_noun
diapers,soap Full,-18.9375,2,2token,incomplete_phrase
diapers,soap ?,-18.9375,2,2token,not_valid_noun
diapers,glove ____________,-18.9375,2,2token,not_valid_noun
diapers,CLOTH ….,-18.9375,2,2token,not_valid_noun
diapers,CLOTH and,-19.0,2,2token,incomplete_phrase
diapers,invention A,-19.0,2,2token,not_valid_noun
diapers,CLOTH __________,-19.0,2,2token,not_valid_noun
diapers,[ x,-19.0,2,2token,not_valid_noun
diapers,invention a,-19.0,2,2token,not_valid_noun
diapers,attire COMPLETE,-19.0,2,2token,not_valid_noun
diapers,invention on,-19.0,2,2token,not_valid_noun
diapers,invention I,-19.0,2,2token,not_valid_noun
diapers,нет,-19.0625,2,2token,not_valid_noun
diapers,soap by,-19.0625,2,2token,not_valid_noun
diapers,jawaban,-19.0625,2,2token,not_valid_noun
diapers,medicine ___________,-19.0625,2,2token,not_valid_noun
diapers,medicine A,-19.0625,2,2token,not_valid_noun
diapers,medicine are,-19.0625,2,2token,incomplete_phrase
diapers,medicine of,-19.0625,2,2token,not_valid_noun
diapers,soap a,-19.0625,2,2token,not_valid_noun
diapers,glove used,-19.0625,2,2token,incomplete_phrase
diapers,hat of,-19.0625,2,2token,not_valid_noun
diapers,hat Full,-19.0625,2,2token,incomplete_phrase
diapers,glove /,-19.0625,2,2token,not_valid_noun
diapers,glove __,-19.0625,2,2token,not_valid_noun
diapers,CLOTH in,-19.0625,2,2token,not_valid_noun
diapers,hat ….,-19.0625,2,2token,not_valid_noun
diapers,soap /,-19.0625,2,2token,not_valid_noun
diapers,soap used,-19.0625,2,2token,incomplete_phrase
diapers,[ +,-19.125,2,2token,not_valid_noun
diapers,attire ___________,-19.125,2,2token,not_valid_noun
diapers,[ i,-19.125,2,2token,not_valid_noun
diapers,[ I,-19.125,2,2token,not_valid_noun
diapers,,-19.125,2,2token,not_valid_noun
diapers,attire ____________,-19.125,2,2token,not_valid_noun
diapers,attire Read,-19.125,2,2token,not_valid_noun
diapers,und .....,-19.1875,2,2token,not_valid_noun
diapers,und of,-19.1875,2,2token,not_valid_noun
diapers,hat a,-19.1875,2,2token,not_valid_noun
diapers,CLOTH ......,-19.1875,2,2token,not_valid_noun
diapers,und _____,-19.1875,2,2token,not_valid_noun
diapers,CLOTH A,-19.1875,2,2token,not_valid_noun
diapers,attire ..,-19.25,2,2token,not_valid_noun
diapers,attire Fill,-19.25,2,2token,not_valid_noun
diapers,und ____,-19.25,2,2token,not_valid_noun
diapers,ropa,-19.3125,2,2token,not_valid_noun
diapers,CLOTH is,-19.3125,2,2token,not_valid_noun
diapers,CLOTH The,-19.3125,2,2token,incomplete_phrase
diapers,und in,-19.3125,2,2token,not_valid_noun
diapers,attire A,-19.375,2,2token,not_valid_noun
diapers,"attire ,",-19.375,2,2token,not_valid_noun
diapers,CLOTH =,-19.375,2,2token,not_valid_noun
diapers,CLOTH,-19.375,2,2token,incomplete_phrase
diapers,attire by,-19.375,2,2token,not_valid_noun
diapers,attire are,-19.375,2,2token,incomplete_phrase
diapers,attire you,-19.375,2,2token,incomplete_phrase
diapers,CLOTH ?,-19.375,2,2token,not_valid_noun
diapers,hat _,-19.4375,2,2token,not_valid_noun
diapers,und wir,-19.4375,2,2token,incomplete_phrase
diapers,hat /,-19.4375,2,2token,not_valid_noun
diapers,hat on,-19.4375,2,2token,not_valid_noun
diapers,hat ..,-19.4375,2,2token,not_valid_noun
diapers,und or,-19.5,2,2token,not_valid_noun
diapers,hat by,-19.5625,2,2token,not_valid_noun
diapers,hat are,-19.5625,2,2token,incomplete_phrase
diapers,hat ___________,-19.5625,2,2token,not_valid_noun
diapers,.,-19.5625,2,2token,not_valid_noun
diapers,hat The,-19.5625,2,2token,incomplete_phrase
diapers,hat COMPLETE,-19.5625,2,2token,not_valid_noun
diapers,und ______,-19.625,2,2token,not_valid_noun
diapers,"und ,",-19.6875,2,2token,not_valid_noun
diapers,hat What,-19.6875,2,2token,incomplete_phrase
diapers,hat A,-19.6875,2,2token,not_valid_noun
diapers,CLOTH,-19.75,2,2token,incomplete_phrase
diapers,und which,-19.75,2,2token,incomplete_phrase
diapers,prenda,-19.75,2,2token,not_valid_noun
diapers,roupa,-19.75,2,2token,not_valid_noun
diapers,hat _________,-19.8125,2,2token,not_valid_noun
diapers,hat ......,-19.8125,2,2token,not_valid_noun
diapers,und e,-19.8125,2,2token,not_valid_noun
diapers,und und,-19.8125,2,2token,not_valid_noun
diapers,und [...],-19.8125,2,2token,not_valid_noun
diapers,________,-19.8125,2,2token,not_valid_noun
diapers,und on,-19.875,2,2token,not_valid_noun
diapers,und $\,-19.875,2,2token,not_valid_noun
diapers,und are,-19.875,2,2token,incomplete_phrase
diapers,und re,-19.875,2,2token,not_valid_noun
diapers,hat Incomplete,-19.9375,2,2token,not_valid_noun
diapers,und ar,-19.9375,2,2token,not_valid_noun
diapers,und a,-19.9375,2,2token,not_valid_noun
diapers,und to,-20.0,2,2token,not_valid_noun
diapers,und is,-20.0625,2,2token,not_valid_noun
diapers,und washable,-20.0625,2,2token,not_valid_noun
diapers,und the,-20.0625,2,2token,incomplete_phrase
diapers,und _,-20.125,2,2token,not_valid_noun
diapers,vêtements,-20.125,2,2token,not_valid_noun
diapers,und i,-20.1875,2,2token,not_valid_noun
diapers,vêtement,-20.25,2,2token,not_valid_noun
diapers,und from,-20.25,2,2token,not_valid_noun
diapers,____,-20.375,2,2token,not_valid_noun
diapers,_____,-20.4375,2,2token,not_valid_noun
diapers,,-20.625,2,2token,not_valid_noun
diapers,...,-20.75,2,2token,not_valid_noun
diapers,_______,-20.8125,2,2token,not_valid_noun
diapers,pakaian,-20.9375,2,2token,not_valid_noun
diapers,Complete,-20.9375,2,2token,not_valid_noun
diapers,utens ...,-21.125,2,2token,not_valid_noun
diapers,clothe,-21.125,2,2token,not_valid_noun
diapers,utens .,-21.25,2,2token,not_valid_noun
diapers,______,-21.25,2,2token,not_valid_noun
diapers,utens,-21.375,2,2token,not_valid_noun
diapers,__,-21.4375,2,2token,not_valid_noun
diapers,Read,-21.6875,2,2token,not_valid_noun
diapers,___________,-21.8125,2,2token,not_valid_noun
diapers,utens i,-21.8125,2,2token,not_valid_noun
diapers,kleding,-22.0,2,2token,not_valid_noun
diapers,,-22.0,2,2token,not_valid_noun
diapers,utens …,-22.0,2,2token,not_valid_noun
diapers,utens (,-22.0625,2,2token,not_valid_noun
diapers,,-22.0625,2,2token,not_valid_noun
diapers,sú,-22.125,2,2token,not_valid_noun
diapers,houden,-22.125,2,2token,not_valid_noun
diapers,,-22.25,2,2token,not_valid_noun
diapers,gehören,-22.25,2,2token,not_valid_noun
diapers,Continue,-22.375,2,2token,not_valid_noun
diapers,कप,-22.4375,2,2token,not_valid_noun
diapers,…,-22.5,2,2token,not_valid_noun
diapers,,-22.5,2,2token,not_valid_noun
diapers,baby,-22.5,2,2token,incomplete_phrase
diapers,vestir,-22.5,2,2token,not_valid_noun
diapers,diapers,-22.5625,2,2token,not_valid_noun
diapers,napp,-22.5625,2,2token,not_valid_noun
diapers,_________,-22.625,2,2token,not_valid_noun
diapers,dia,-22.6875,2,2token,not_valid_noun
diapers,roupas,-22.6875,2,2token,not_valid_noun
diapers,____________,-22.6875,2,2token,not_valid_noun
diapers,odpowiedzi,-22.6875,2,2token,not_valid_noun
diapers,оде,-22.8125,2,2token,not_valid_noun
diapers,artikel,-22.8125,2,2token,not_valid_noun
diapers,utens Il,-22.9375,2,2token,not_valid_noun
diapers,utens ....,-22.9375,2,2token,not_valid_noun
diapers,utens I,-23.25,2,2token,not_valid_noun
diapers,utens in,-23.4375,2,2token,not_valid_noun
diapers,utens ….,-23.5,2,2token,not_valid_noun
diapers,utens [,-23.5625,2,2token,not_valid_noun
diapers,utens and,-23.6875,2,2token,incomplete_phrase
diapers,utens for,-23.875,2,2token,incomplete_phrase
diapers,utens or,-24.0,2,2token,not_valid_noun
diapers,utens ile,-24.125,2,2token,not_valid_noun
diapers,utens items,-24.1875,2,2token,not_valid_noun
diapers,utens it,-24.1875,2,2token,not_valid_noun
diapers,utens IL,-24.1875,2,2token,not_valid_noun
diapers,utens It,-24.3125,2,2token,not_valid_noun
diapers,utens utens,-24.3125,2,2token,not_valid_noun
diapers,"utens ,",-24.4375,2,2token,not_valid_noun
diapers,utens $,-24.5625,2,2token,not_valid_noun
diapers,utens to,-24.5625,2,2token,not_valid_noun
diapers,utens that,-24.8125,2,2token,incomplete_phrase
diapers,utens is,-24.8125,2,2token,not_valid_noun
diapers,utens […],-24.8125,2,2token,not_valid_noun
diapers,utens ..,-24.8125,2,2token,not_valid_noun
diapers,utens [...],-24.9375,2,2token,not_valid_noun
diapers,utens -,-24.9375,2,2token,not_valid_noun
diapers,utens ____,-24.9375,2,2token,not_valid_noun
diapers,utens *,-25.0625,2,2token,not_valid_noun
diapers,utens .....,-25.0625,2,2token,not_valid_noun
diapers,utens ll,-25.0625,2,2token,not_valid_noun
diapers,utens Item,-25.0625,2,2token,incomplete_phrase
diapers,utens,-25.1875,2,2token,not_valid_noun
diapers,utens ;,-25.1875,2,2token,not_valid_noun
diapers,utens which,-25.1875,2,2token,incomplete_phrase
diapers,utens ________,-25.3125,2,2token,not_valid_noun
diapers,utens All,-25.3125,2,2token,not_valid_noun
diapers,utens you,-25.3125,2,2token,incomplete_phrase
diapers,utens are,-25.3125,2,2token,incomplete_phrase
diapers,utens :,-25.3125,2,2token,not_valid_noun
diapers,utens /,-25.3125,2,2token,not_valid_noun
