noun1,predicted_hypernym,log_prob,num_tokens,strategy,filter_reason
spatulas,kitchen,-1.1484375,1,single_token,incomplete_phrase
spatulas,cooking,-1.8984375,1,single_token,incomplete_phrase
spatulas,utens,-2.40625,1,single_token,not_valid_noun
spatulas,kitchen utens,-2.5234375,2,2token,incomplete_phrase
spatulas,cooking utens,-3.140625,2,2token,incomplete_phrase
spatulas,tools,-3.53125,1,single_token,not_valid_noun
spatulas,utensils,-4.03125,1,single_token,not_valid_noun
spatulas,________,-4.78125,1,single_token,not_valid_noun
spatulas,______,-4.78125,1,single_token,not_valid_noun
spatulas,.,-4.90625,1,single_token,not_valid_noun
spatulas,,-5.03125,1,single_token,not_valid_noun
spatulas,_______,-5.03125,1,single_token,not_valid_noun
spatulas,kitchen Ut,-5.2734375,2,2token,not_valid_noun
spatulas,_____,-5.53125,1,single_token,not_valid_noun
spatulas,eating,-5.53125,1,single_token,incomplete_phrase
spatulas,cooking Ut,-5.6328125,2,2token,not_valid_noun
spatulas,____,-5.65625,1,single_token,not_valid_noun
spatulas,flat,-5.78125,1,single_token,incomplete_phrase
spatulas,. Complete,-5.8515625,2,2token,not_valid_noun
spatulas,cooking ut,-5.8828125,2,2token,not_valid_noun
spatulas,__,-6.15625,1,single_token,not_valid_noun
spatulas,____________,-6.15625,1,single_token,not_valid_noun
spatulas,...,-6.15625,1,single_token,not_valid_noun
spatulas,eating utens,-6.34765625,2,2token,incomplete_phrase
spatulas,kitchen ut,-6.3984375,2,2token,not_valid_noun
spatulas,a,-6.40625,1,single_token,not_valid_noun
spatulas,Kitchen,-6.40625,1,single_token,incomplete_phrase
spatulas,spoons,-6.40625,1,single_token,not_valid_noun
spatulas,cutting,-6.53125,1,single_token,incomplete_phrase
spatulas,household,-6.53125,1,single_token,incomplete_phrase
spatulas,cleaning,-6.53125,1,single_token,incomplete_phrase
spatulas,(,-6.53125,1,single_token,not_valid_noun
spatulas,measuring,-6.53125,1,single_token,incomplete_phrase
spatulas,baking,-6.53125,1,single_token,incomplete_phrase
spatulas,Ut,-6.53125,1,single_token,not_valid_noun
spatulas,_,-6.53125,1,single_token,not_valid_noun
spatulas,__________,-6.65625,1,single_token,not_valid_noun
spatulas,cook,-6.65625,1,single_token,incomplete_phrase
spatulas,_________,-6.78125,1,single_token,not_valid_noun
spatulas,___,-6.78125,1,single_token,not_valid_noun
spatulas,___________,-6.78125,1,single_token,not_valid_noun
spatulas,tool for,-6.875,2,2token,incomplete_phrase
spatulas,cooking utensi,-6.8984375,2,2token,incomplete_phrase
spatulas,....,-6.90625,1,single_token,not_valid_noun
spatulas,?,-6.90625,1,single_token,not_valid_noun
spatulas,…,-6.90625,1,single_token,not_valid_noun
spatulas,hand,-7.03125,1,single_token,incomplete_phrase
spatulas,what,-7.03125,1,single_token,not_valid_noun
spatulas,_____ Complete,-7.03125,2,2token,not_valid_noun
spatulas,implements,-7.03125,1,single_token,not_valid_noun
spatulas,tool used,-7.125,2,2token,incomplete_phrase
spatulas,tool .,-7.125,2,2token,not_valid_noun
spatulas,knives,-7.15625,1,single_token,not_valid_noun
spatulas,_____ .,-7.15625,2,2token,not_valid_noun
spatulas,tool Complete,-7.25,2,2token,not_valid_noun
spatulas,kitchen .,-7.2734375,2,2token,not_valid_noun
spatulas,kitchen,-7.2734375,2,2token,incomplete_phrase
spatulas,kitchen ________,-7.3984375,2,2token,not_valid_noun
spatulas,kitchen cooking,-7.3984375,2,2token,incomplete_phrase
spatulas,kitchen utensi,-7.3984375,2,2token,incomplete_phrase
spatulas,table,-7.40625,1,single_token,incomplete_phrase
spatulas,pot,-7.40625,1,single_token,not_valid_noun
spatulas,What,-7.53125,1,single_token,not_valid_noun
spatulas,small,-7.53125,1,single_token,incomplete_phrase
spatulas,house,-7.53125,1,single_token,incomplete_phrase
spatulas,a kitchen,-7.59375,2,2token,not_valid_noun
spatulas,cooking .,-7.6484375,2,2token,not_valid_noun
spatulas,kitchen ______,-7.6484375,2,2token,not_valid_noun
spatulas,culinary,-7.65625,1,single_token,not_valid_noun
spatulas,wooden,-7.65625,1,single_token,not_valid_noun
spatulas,cooking,-7.7734375,2,2token,incomplete_phrase
spatulas,vegetables,-7.78125,1,single_token,not_valid_noun
spatulas,oven,-7.78125,1,single_token,incomplete_phrase
spatulas,kitchens,-7.78125,1,single_token,not_valid_noun
spatulas,______ Complete,-7.890625,2,2token,not_valid_noun
spatulas,kitchen _______,-7.8984375,2,2token,not_valid_noun
spatulas,.....,-7.90625,1,single_token,not_valid_noun
spatulas,? Complete,-7.9921875,2,2token,not_valid_noun
spatulas,pans,-8.0,1,single_token,not_valid_noun
spatulas,….,-8.0,1,single_token,not_valid_noun
spatulas,",",-8.0,1,single_token,not_valid_noun
spatulas,... Complete,-8.078125,2,2token,not_valid_noun
spatulas,Kitchen Ut,-8.1171875,2,2token,not_valid_noun
spatulas,instruments,-8.125,1,single_token,not_valid_noun
spatulas,Cooking,-8.125,1,single_token,incomplete_phrase
spatulas,cookie,-8.125,1,single_token,not_valid_noun
spatulas,piece,-8.125,1,single_token,incomplete_phrase
spatulas,......,-8.125,1,single_token,not_valid_noun
spatulas,flat utens,-8.125,2,2token,incomplete_phrase
spatulas,tools for,-8.125,2,2token,incomplete_phrase
spatulas,tool to,-8.125,2,2token,not_valid_noun
spatulas,tool that,-8.125,2,2token,incomplete_phrase
spatulas,frying,-8.125,1,single_token,not_valid_noun
spatulas,baking utens,-8.140625,2,2token,incomplete_phrase
spatulas,______ .,-8.140625,2,2token,not_valid_noun
spatulas,piece of,-8.142333984375,2,2token,not_valid_noun
spatulas,kitchen ...,-8.1484375,2,2token,not_valid_noun
spatulas,__________ .,-8.1640625,2,2token,not_valid_noun
spatulas,_ Complete,-8.171875,2,2token,not_valid_noun
spatulas,metal utens,-8.21875,2,2token,incomplete_phrase
spatulas,_________ .,-8.2265625,2,2token,not_valid_noun
spatulas,……,-8.25,1,single_token,not_valid_noun
spatulas,:,-8.25,1,single_token,not_valid_noun
spatulas,sharp,-8.25,1,single_token,incomplete_phrase
spatulas,cutlery Complete,-8.25,2,2token,not_valid_noun
spatulas,spoon .,-8.25,2,2token,not_valid_noun
spatulas,tool (,-8.25,2,2token,not_valid_noun
spatulas,_______ Complete,-8.265625,2,2token,not_valid_noun
spatulas,__________ Complete,-8.2890625,2,2token,not_valid_noun
spatulas,.... Complete,-8.296875,2,2token,not_valid_noun
spatulas,p,-8.3125,1,single_token,not_valid_noun
spatulas,the,-8.3125,1,single_token,not_valid_noun
spatulas,objects,-8.3125,1,single_token,not_valid_noun
spatulas,,-8.3125,1,single_token,not_valid_noun
spatulas,of,-8.3125,1,single_token,not_valid_noun
spatulas,ut,-8.3125,1,single_token,not_valid_noun
spatulas,a utens,-8.34375,2,2token,not_valid_noun
spatulas,Kitchen utens,-8.3671875,2,2token,incomplete_phrase
spatulas,knife Complete,-8.375,2,2token,not_valid_noun
spatulas,spoon Complete,-8.375,2,2token,not_valid_noun
spatulas,kitchen ____,-8.3984375,2,2token,not_valid_noun
spatulas,kitchen UT,-8.3984375,2,2token,not_valid_noun
spatulas,cooking ...,-8.3984375,2,2token,not_valid_noun
spatulas,___ Complete,-8.4140625,2,2token,not_valid_noun
spatulas,.......,-8.4375,1,single_token,not_valid_noun
spatulas,cut,-8.4375,1,single_token,incomplete_phrase
spatulas,bake,-8.4375,1,single_token,not_valid_noun
spatulas,used,-8.4375,1,single_token,not_valid_noun
spatulas,. .,-8.46875,2,2token,not_valid_noun
spatulas,tool in,-8.5,2,2token,not_valid_noun
spatulas,_______ .,-8.515625,2,2token,not_valid_noun
spatulas,cooking ______,-8.5234375,2,2token,not_valid_noun
spatulas,kitchen _____,-8.5234375,2,2token,not_valid_noun
spatulas,___ .,-8.5390625,2,2token,not_valid_noun
spatulas,utensi,-8.5625,1,single_token,not_valid_noun
spatulas,-,-8.5625,1,single_token,not_valid_noun
spatulas,this,-8.5625,1,single_token,not_valid_noun
spatulas,KITCHEN,-8.5625,1,single_token,incomplete_phrase
spatulas,food preparation,-8.59375,2,2token,incomplete_phrase
spatulas,a tool,-8.59375,2,2token,not_valid_noun
spatulas,a cooking,-8.59375,2,2token,not_valid_noun
spatulas,food utens,-8.59375,2,2token,incomplete_phrase
spatulas,What is,-8.6015625,2,2token,not_valid_noun
spatulas,tools used,-8.625,2,2token,incomplete_phrase
spatulas,tools .,-8.625,2,2token,not_valid_noun
spatulas,kitchen ____________,-8.6484375,2,2token,not_valid_noun
spatulas,cooking ________,-8.6484375,2,2token,not_valid_noun
spatulas,---,-8.6875,1,single_token,not_valid_noun
spatulas,type,-8.6875,1,single_token,incomplete_phrase
spatulas,[,-8.6875,1,single_token,not_valid_noun
spatulas,…………,-8.6875,1,single_token,not_valid_noun
spatulas,gardening,-8.6875,1,single_token,incomplete_phrase
spatulas,_.,-8.6875,1,single_token,not_valid_noun
spatulas,________ .,-8.703125,2,2token,not_valid_noun
spatulas,household utens,-8.71875,2,2token,incomplete_phrase
spatulas,_________ Complete,-8.7265625,2,2token,not_valid_noun
spatulas,dinner,-8.75,1,single_token,incomplete_phrase
spatulas,sp,-8.75,1,single_token,not_valid_noun
spatulas,appliances,-8.75,1,single_token,not_valid_noun
spatulas,chef,-8.75,1,single_token,incomplete_phrase
spatulas,cutlery .,-8.75,2,2token,not_valid_noun
spatulas,measuring utens,-8.78125,2,2token,incomplete_phrase
spatulas,small kitchen,-8.796875,2,2token,incomplete_phrase
spatulas,_ .,-8.796875,2,2token,not_valid_noun
spatulas,cutting utens,-8.828125,2,2token,incomplete_phrase
spatulas,cooking ingredient,-8.8359375,2,2token,not_valid_noun
spatulas,cooking ____,-8.8359375,2,2token,not_valid_noun
spatulas,type of,-8.8662109375,2,2token,not_valid_noun
spatulas,cooks,-8.875,1,single_token,incomplete_phrase
spatulas,serving,-8.875,1,single_token,incomplete_phrase
spatulas,eat,-8.875,1,single_token,not_valid_noun
spatulas,kind,-8.875,1,single_token,incomplete_phrase
spatulas,… Complete,-8.8828125,2,2token,not_valid_noun
spatulas,kitchen …,-8.8984375,2,2token,not_valid_noun
spatulas,cleaning utens,-8.921875,2,2token,incomplete_phrase
spatulas,the kitchen,-8.95703125,2,2token,not_valid_noun
spatulas,.,-8.96875,2,2token,not_valid_noun
spatulas,Cooking Ut,-8.98828125,2,2token,not_valid_noun
spatulas,tools Complete,-9.0,2,2token,not_valid_noun
spatulas,flat metal,-9.0,2,2token,incomplete_phrase
spatulas,flat cooking,-9.0,2,2token,incomplete_phrase
spatulas,forks,-9.0,1,single_token,not_valid_noun
spatulas,dishes,-9.0,1,single_token,not_valid_noun
spatulas,kind of,-9.0771484375,2,2token,not_valid_noun
spatulas,cooking _______,-9.0859375,2,2token,not_valid_noun
spatulas,cooking UT,-9.0859375,2,2token,not_valid_noun
spatulas,utensils Complete,-9.09375,2,2token,not_valid_noun
spatulas,utensils .,-9.09375,2,2token,not_valid_noun
spatulas,........,-9.125,1,single_token,not_valid_noun
spatulas,pots,-9.125,1,single_token,not_valid_noun
spatulas,kitchen __________,-9.1484375,2,2token,not_valid_noun
spatulas,cooking _____,-9.1484375,2,2token,not_valid_noun
spatulas,kitchen (,-9.1484375,2,2token,not_valid_noun
spatulas,fork and,-9.15625,2,2token,not_valid_noun
spatulas,..... Complete,-9.1875,2,2token,not_valid_noun
spatulas,instrument for,-9.1875,2,2token,incomplete_phrase
spatulas,kitchen equipe,-9.2109375,2,2token,incomplete_phrase
spatulas,metal kitchen,-9.21875,2,2token,incomplete_phrase
spatulas,metal Complete,-9.21875,2,2token,not_valid_noun
spatulas,What are,-9.2265625,2,2token,not_valid_noun
spatulas,", Complete",-9.234375,2,2token,not_valid_noun
spatulas,.........,-9.25,1,single_token,not_valid_noun
spatulas,paint,-9.25,1,single_token,incomplete_phrase
spatulas,other,-9.25,1,single_token,not_valid_noun
spatulas,...........,-9.25,1,single_token,not_valid_noun
spatulas,/,-9.25,1,single_token,not_valid_noun
spatulas,I,-9.25,1,single_token,not_valid_noun
spatulas,table utens,-9.265625,2,2token,incomplete_phrase
spatulas,cooking and,-9.2734375,2,2token,incomplete_phrase
spatulas,cooking …,-9.2734375,2,2token,not_valid_noun
spatulas,…. Complete,-9.296875,2,2token,not_valid_noun
spatulas,_ _,-9.296875,2,2token,not_valid_noun
spatulas,instrument used,-9.3125,2,2token,incomplete_phrase
spatulas,culinary utens,-9.3125,2,2token,incomplete_phrase
spatulas,bread,-9.3125,1,single_token,not_valid_noun
spatulas,for,-9.3125,1,single_token,not_valid_noun
spatulas,useful,-9.3125,1,single_token,not_valid_noun
spatulas,kni,-9.3125,1,single_token,not_valid_noun
spatulas,long,-9.3125,1,single_token,not_valid_noun
spatulas,instrument Complete,-9.3125,2,2token,not_valid_noun
spatulas,. A,-9.34375,2,2token,not_valid_noun
spatulas,. a,-9.34375,2,2token,not_valid_noun
spatulas,a spoon,-9.34375,2,2token,not_valid_noun
spatulas,. Choose,-9.34375,2,2token,not_valid_noun
spatulas,kitchens utens,-9.3515625,2,2token,not_valid_noun
spatulas,kitchens tools,-9.3515625,2,2token,not_valid_noun
spatulas,fruits,-9.375,1,single_token,not_valid_noun
spatulas,……………………,-9.375,1,single_token,not_valid_noun
spatulas,to,-9.375,1,single_token,not_valid_noun
spatulas,musical,-9.375,1,single_token,incomplete_phrase
spatulas,spoon (,-9.375,2,2token,not_valid_noun
spatulas,used for,-9.390625,2,2token,not_valid_noun
spatulas,cooking ____________,-9.3984375,2,2token,not_valid_noun
spatulas,fork Complete,-9.40625,2,2token,not_valid_noun
spatulas,____________ .,-9.40625,2,2token,not_valid_noun
spatulas,_____ (,-9.40625,2,2token,not_valid_noun
spatulas,: Complete,-9.421875,2,2token,not_valid_noun
spatulas,kitchen app,-9.4609375,2,2token,incomplete_phrase
spatulas,food .,-9.46875,2,2token,not_valid_noun
spatulas,...... Complete,-9.4921875,2,2token,not_valid_noun
spatulas,work,-9.5,1,single_token,incomplete_phrase
spatulas,dining,-9.5,1,single_token,incomplete_phrase
spatulas,Tools,-9.5,1,single_token,not_valid_noun
spatulas,farm,-9.5,1,single_token,incomplete_phrase
spatulas,s,-9.5,1,single_token,not_valid_noun
spatulas,which,-9.5,1,single_token,not_valid_noun
spatulas,knife .,-9.5,2,2token,not_valid_noun
spatulas,..,-9.5,1,single_token,not_valid_noun
spatulas,cooking kitchen,-9.5234375,2,2token,incomplete_phrase
spatulas,cooking equip,-9.5234375,2,2token,incomplete_phrase
spatulas,wooden utens,-9.53125,2,2token,incomplete_phrase
spatulas,A,-9.5625,1,single_token,not_valid_noun
spatulas,-----,-9.5625,1,single_token,not_valid_noun
spatulas,large,-9.5625,1,single_token,incomplete_phrase
spatulas,common,-9.5625,1,single_token,incomplete_phrase
spatulas,app,-9.5625,1,single_token,not_valid_noun
spatulas,The,-9.5625,1,single_token,not_valid_noun
spatulas,. What,-9.59375,2,2token,not_valid_noun
spatulas,. The,-9.59375,2,2token,not_valid_noun
spatulas,spoon or,-9.625,2,2token,not_valid_noun
spatulas,knife and,-9.625,2,2token,incomplete_phrase
spatulas,flat kitchen,-9.625,2,2token,incomplete_phrase
spatulas,tools that,-9.625,2,2token,incomplete_phrase
spatulas,tools to,-9.625,2,2token,not_valid_noun
spatulas,_____,-9.65625,2,2token,not_valid_noun
spatulas,....... Complete,-9.6640625,2,2token,not_valid_noun
spatulas,restaurant,-9.6875,1,single_token,incomplete_phrase
spatulas,instrument .,-9.6875,2,2token,not_valid_noun
spatulas,cooking (,-9.7109375,2,2token,not_valid_noun
spatulas,utensils for,-9.71875,2,2token,incomplete_phrase
spatulas,. Write,-9.71875,2,2token,not_valid_noun
spatulas,garden,-9.75,1,single_token,incomplete_phrase
spatulas,tool or,-9.75,2,2token,not_valid_noun
spatulas,an,-9.75,1,single_token,not_valid_noun
spatulas,bla,-9.75,1,single_token,not_valid_noun
spatulas,..............,-9.75,1,single_token,not_valid_noun
spatulas,…..,-9.75,1,single_token,not_valid_noun
spatulas,home,-9.75,1,single_token,incomplete_phrase
spatulas,pen,-9.75,1,single_token,not_valid_noun
spatulas,tool ...,-9.75,2,2token,not_valid_noun
spatulas,sco,-9.75,1,single_token,not_valid_noun
spatulas,can,-9.75,1,single_token,incomplete_phrase
spatulas,used in,-9.765625,2,2token,not_valid_noun
spatulas,cooking u,-9.7734375,2,2token,not_valid_noun
spatulas,fork .,-9.78125,2,2token,not_valid_noun
spatulas,of kitchen,-9.796875,2,2token,not_valid_noun
spatulas,_. Complete,-9.8046875,2,2token,not_valid_noun
spatulas,…… Complete,-9.8046875,2,2token,not_valid_noun
spatulas,writing,-9.8125,1,single_token,incomplete_phrase
spatulas,po,-9.8125,1,single_token,not_valid_noun
spatulas,____ .,-9.8125,2,2token,not_valid_noun
spatulas,o,-9.8125,1,single_token,not_valid_noun
spatulas,sports,-9.8125,1,single_token,incomplete_phrase
spatulas,gadgets,-9.8125,1,single_token,not_valid_noun
spatulas,implement for,-9.8125,2,2token,not_valid_noun
spatulas,implement used,-9.8125,2,2token,not_valid_noun
spatulas,. Fill,-9.84375,2,2token,not_valid_noun
spatulas,kitchens utensils,-9.859375,2,2token,not_valid_noun
spatulas,tool which,-9.875,2,2token,incomplete_phrase
spatulas,flat piece,-9.875,2,2token,incomplete_phrase
spatulas,tools,-9.875,2,2token,not_valid_noun
spatulas,__ .,-9.90625,2,2token,not_valid_noun
spatulas,fruit Complete,-9.90625,2,2token,not_valid_noun
spatulas,multi,-9.9375,1,single_token,not_valid_noun
spatulas,e,-9.9375,1,single_token,not_valid_noun
spatulas,spat,-9.9375,1,single_token,incomplete_phrase
spatulas,implement Complete,-9.9375,2,2token,not_valid_noun
spatulas,$\,-9.9375,1,single_token,not_valid_noun
spatulas,containers,-9.9375,1,single_token,not_valid_noun
spatulas,pasta,-9.9375,1,single_token,not_valid_noun
spatulas,ingredient,-9.9375,1,single_token,not_valid_noun
spatulas,...,-9.953125,2,2token,not_valid_noun
spatulas,pots and,-9.95703125,2,2token,incomplete_phrase
spatulas,eating Ut,-9.96875,2,2token,not_valid_noun
spatulas,. Use,-9.96875,2,2token,not_valid_noun
spatulas,tools in,-10.0,2,2token,not_valid_noun
spatulas,tools (,-10.0,2,2token,not_valid_noun
spatulas,tool _______,-10.0,2,2token,not_valid_noun
spatulas,tool ....,-10.0,2,2token,not_valid_noun
spatulas,and,-10.0,1,single_token,not_valid_noun
spatulas,spoon and,-10.0,2,2token,incomplete_phrase
spatulas,t,-10.0,1,single_token,not_valid_noun
spatulas,.............,-10.0,1,single_token,not_valid_noun
spatulas,cooked,-10.0,1,single_token,not_valid_noun
spatulas,equipments,-10.0,1,single_token,not_valid_noun
spatulas,___________ Complete,-10.0,2,2token,not_valid_noun
spatulas,used to,-10.015625,2,2token,not_valid_noun
spatulas,_____ tool,-10.03125,2,2token,not_valid_noun
spatulas,_ tool,-10.046875,2,2token,not_valid_noun
spatulas,equipment for,-10.046875,2,2token,incomplete_phrase
spatulas,small cooking,-10.046875,2,2token,incomplete_phrase
spatulas,instrument to,-10.0625,2,2token,not_valid_noun
spatulas,... Read,-10.078125,2,2token,not_valid_noun
spatulas,metal .,-10.09375,2,2token,not_valid_noun
spatulas,cookware Complete,-10.09375,2,2token,not_valid_noun
spatulas,What kind,-10.09375,2,2token,not_valid_noun
spatulas,food service,-10.09375,2,2token,incomplete_phrase
spatulas,utensils used,-10.09375,2,2token,incomplete_phrase
spatulas,. Which,-10.09375,2,2token,not_valid_noun
spatulas,a knife,-10.09375,2,2token,not_valid_noun
spatulas,? .,-10.109375,2,2token,not_valid_noun
spatulas,oven utens,-10.109375,2,2token,incomplete_phrase
spatulas,kn,-10.125,1,single_token,not_valid_noun
spatulas,made,-10.125,1,single_token,not_valid_noun
spatulas,non,-10.125,1,single_token,not_valid_noun
spatulas,cutlery (,-10.125,2,2token,not_valid_noun
spatulas,tool ________,-10.125,2,2token,not_valid_noun
spatulas,______ tool,-10.125,2,2token,not_valid_noun
spatulas,Cut,-10.125,1,single_token,incomplete_phrase
spatulas,stainless,-10.125,1,single_token,incomplete_phrase
spatulas,------,-10.125,1,single_token,not_valid_noun
spatulas,are,-10.125,1,single_token,not_valid_noun
spatulas,mixing,-10.125,1,single_token,not_valid_noun
spatulas,pan .,-10.15625,2,2token,not_valid_noun
spatulas,_____ _____,-10.15625,2,2token,not_valid_noun
spatulas,wooden kitchen,-10.15625,2,2token,incomplete_phrase
spatulas,c,-10.1875,1,single_token,not_valid_noun
spatulas,------------,-10.1875,1,single_token,not_valid_noun
spatulas,... A,-10.1875,2,2token,not_valid_noun
spatulas,i,-10.1875,1,single_token,not_valid_noun
spatulas,UT,-10.1875,1,single_token,not_valid_noun
spatulas,KITCHEN utens,-10.1953125,2,2token,incomplete_phrase
spatulas,KITCHEN UT,-10.1953125,2,2token,not_valid_noun
spatulas,vegetable Complete,-10.21875,2,2token,not_valid_noun
spatulas,. Match,-10.21875,2,2token,not_valid_noun
spatulas,utensils (,-10.21875,2,2token,not_valid_noun
spatulas,Cooking utens,-10.234375,2,2token,incomplete_phrase
spatulas,_______ _______,-10.25,2,2token,not_valid_noun
spatulas,______ (,-10.25,2,2token,not_valid_noun
spatulas,___________ .,-10.25,2,2token,not_valid_noun
spatulas,______ ______,-10.25,2,2token,not_valid_noun
spatulas,spoon used,-10.25,2,2token,incomplete_phrase
spatulas,…,-10.265625,2,2token,not_valid_noun
spatulas,for cooking,-10.27734375,2,2token,not_valid_noun
spatulas,tool complete,-10.28125,2,2token,not_valid_noun
spatulas,____________ Complete,-10.28125,2,2token,not_valid_noun
spatulas,frying pans,-10.296875,2,2token,not_valid_noun
spatulas,crock,-10.3125,1,single_token,incomplete_phrase
spatulas,that,-10.3125,1,single_token,not_valid_noun
spatulas,... What,-10.3125,2,2token,not_valid_noun
spatulas,implement .,-10.3125,2,2token,not_valid_noun
spatulas,$,-10.3125,1,single_token,not_valid_noun
spatulas,____ Complete,-10.3125,2,2token,not_valid_noun
spatulas,set,-10.3125,1,single_token,incomplete_phrase
spatulas,',-10.3125,1,single_token,not_valid_noun
spatulas,special,-10.3125,1,single_token,incomplete_phrase
spatulas,-------,-10.3125,1,single_token,not_valid_noun
spatulas,these,-10.3125,1,single_token,not_valid_noun
spatulas,hard,-10.3125,1,single_token,not_valid_noun
spatulas,...............,-10.3125,1,single_token,not_valid_noun
spatulas,utensils,-10.34375,2,2token,not_valid_noun
spatulas,metal cooking,-10.34375,2,2token,incomplete_phrase
spatulas,. utens,-10.34375,2,2token,not_valid_noun
spatulas,. tool,-10.34375,2,2token,not_valid_noun
spatulas,. (,-10.34375,2,2token,not_valid_noun
spatulas,common kitchen,-10.34765625,2,2token,incomplete_phrase
spatulas,serving utens,-10.359375,2,2token,incomplete_phrase
spatulas,chopping,-10.375,1,single_token,not_valid_noun
spatulas,pancake,-10.375,1,single_token,incomplete_phrase
spatulas,spoon with,-10.375,2,2token,not_valid_noun
spatulas,means,-10.375,1,single_token,not_valid_noun
spatulas,[...],-10.375,1,single_token,not_valid_noun
spatulas,..........,-10.375,1,single_token,not_valid_noun
spatulas,fry,-10.375,1,single_token,incomplete_phrase
spatulas,… A,-10.390625,2,2token,not_valid_noun
spatulas,… Read,-10.390625,2,2token,not_valid_noun
spatulas,_____ Fill,-10.40625,2,2token,not_valid_noun
spatulas,tool of,-10.40625,2,2token,not_valid_noun
spatulas,fork or,-10.40625,2,2token,not_valid_noun
spatulas,_____ ____,-10.40625,2,2token,not_valid_noun
spatulas,_____ tools,-10.40625,2,2token,not_valid_noun
spatulas,tool with,-10.40625,2,2token,incomplete_phrase
spatulas,tool ______,-10.40625,2,2token,not_valid_noun
spatulas,__________ (,-10.421875,2,2token,not_valid_noun
spatulas,other kitchen,-10.4296875,2,2token,incomplete_phrase
spatulas,... ...,-10.4375,2,2token,not_valid_noun
spatulas,[].,-10.4375,1,single_token,not_valid_noun
spatulas,folk,-10.4375,1,single_token,incomplete_phrase
spatulas,pieces,-10.4375,1,single_token,not_valid_noun
spatulas,col,-10.4375,1,single_token,incomplete_phrase
spatulas,_________ (,-10.46875,2,2token,not_valid_noun
spatulas,cookware .,-10.46875,2,2token,not_valid_noun
spatulas,. kitchen,-10.46875,2,2token,not_valid_noun
spatulas,. complete,-10.46875,2,2token,not_valid_noun
spatulas,. cutlery,-10.46875,2,2token,not_valid_noun
spatulas,______,-10.5,2,2token,not_valid_noun
spatulas,This,-10.5,1,single_token,not_valid_noun
spatulas,"""",-10.5,1,single_token,not_valid_noun
spatulas,;,-10.5,1,single_token,not_valid_noun
spatulas,sharp kitchen,-10.515625,2,2token,incomplete_phrase
spatulas,… What,-10.515625,2,2token,not_valid_noun
spatulas,_____ ______,-10.53125,2,2token,not_valid_noun
spatulas,of cooking,-10.546875,2,2token,not_valid_noun
spatulas,__________,-10.546875,2,2token,not_valid_noun
spatulas,instrument that,-10.5625,2,2token,incomplete_phrase
spatulas,ing,-10.5625,1,single_token,not_valid_noun
spatulas,We,-10.5625,1,single_token,not_valid_noun
spatulas,is,-10.5625,1,single_token,not_valid_noun
spatulas,big,-10.5625,1,single_token,not_valid_noun
spatulas,helpers,-10.5625,1,single_token,not_valid_noun
spatulas,... a,-10.5625,2,2token,not_valid_noun
spatulas,_ _.,-10.5625,2,2token,not_valid_noun
spatulas,_________,-10.59375,2,2token,not_valid_noun
spatulas,food Complete,-10.59375,2,2token,not_valid_noun
spatulas,object Complete,-10.59375,2,2token,not_valid_noun
spatulas,metal used,-10.59375,2,2token,incomplete_phrase
spatulas,. In,-10.59375,2,2token,not_valid_noun
spatulas,. food,-10.59375,2,2token,not_valid_noun
spatulas,What do,-10.59375,2,2token,not_valid_noun
spatulas,object used,-10.59375,2,2token,incomplete_phrase
spatulas,farming,-10.625,1,single_token,incomplete_phrase
spatulas,heat,-10.625,1,single_token,incomplete_phrase
spatulas,lab,-10.625,1,single_token,incomplete_phrase
spatulas,______ _______,-10.625,2,2token,not_valid_noun
spatulas,serve,-10.625,1,single_token,incomplete_phrase
spatulas,essential,-10.625,1,single_token,incomplete_phrase
spatulas,types,-10.625,1,single_token,not_valid_noun
spatulas,uti,-10.625,1,single_token,not_valid_noun
spatulas,_______,-10.625,2,2token,not_valid_noun
spatulas,_______ tool,-10.625,2,2token,not_valid_noun
spatulas,_______ (,-10.625,2,2token,not_valid_noun
spatulas,spoon that,-10.625,2,2token,incomplete_phrase
spatulas,metallic,-10.625,1,single_token,incomplete_phrase
spatulas,,-10.625,1,single_token,not_valid_noun
spatulas,cle,-10.625,1,single_token,not_valid_noun
spatulas,f,-10.625,1,single_token,not_valid_noun
spatulas,,-10.625,1,single_token,not_valid_noun
spatulas,clean,-10.625,1,single_token,incomplete_phrase
spatulas,stirring,-10.625,1,single_token,incomplete_phrase
spatulas,decorating,-10.625,1,single_token,not_valid_noun
spatulas,............,-10.625,1,single_token,not_valid_noun
spatulas,multipurpose,-10.625,1,single_token,not_valid_noun
spatulas,=,-10.625,1,single_token,not_valid_noun
spatulas,me,-10.625,1,single_token,not_valid_noun
spatulas,or,-10.625,1,single_token,not_valid_noun
spatulas,you,-10.625,1,single_token,not_valid_noun
spatulas,he,-10.625,1,single_token,not_valid_noun
spatulas,U,-10.625,1,single_token,not_valid_noun
spatulas,we,-10.625,1,single_token,not_valid_noun
spatulas,<,-10.625,1,single_token,not_valid_noun
spatulas,… The,-10.640625,2,2token,not_valid_noun
spatulas,tool and,-10.65625,2,2token,incomplete_phrase
spatulas,__________ tool,-10.65625,2,2token,not_valid_noun
spatulas,tool Used,-10.65625,2,2token,incomplete_phrase
spatulas,___,-10.671875,2,2token,not_valid_noun
spatulas,Cook,-10.6875,1,single_token,incomplete_phrase
spatulas,_,-10.6875,2,2token,not_valid_noun
spatulas,_ utens,-10.6875,2,2token,not_valid_noun
spatulas,domestic,-10.6875,1,single_token,incomplete_phrase
spatulas,equipment used,-10.6875,2,2token,incomplete_phrase
spatulas,h,-10.6875,1,single_token,not_valid_noun
spatulas,everyday,-10.6875,1,single_token,incomplete_phrase
spatulas,......... Complete,-10.703125,2,2token,not_valid_noun
spatulas,[ ],-10.703125,2,2token,not_valid_noun
spatulas,........... Complete,-10.7109375,2,2token,not_valid_noun
spatulas,. I,-10.71875,2,2token,not_valid_noun
spatulas,. ...,-10.71875,2,2token,not_valid_noun
spatulas,. fruit,-10.71875,2,2token,not_valid_noun
spatulas,.. Complete,-10.71875,2,2token,not_valid_noun
spatulas,dish .,-10.71875,2,2token,not_valid_noun
spatulas,flat -,-10.75,2,2token,not_valid_noun
spatulas,/ a,-10.75,2,2token,not_valid_noun
spatulas,______ tools,-10.75,2,2token,not_valid_noun
spatulas,flat eating,-10.75,2,2token,incomplete_phrase
spatulas,pot and,-10.75,2,2token,incomplete_phrase
spatulas,useful kitchen,-10.75,2,2token,incomplete_phrase
spatulas,spoon for,-10.75,2,2token,not_valid_noun
spatulas,house hold,-10.75,2,2token,incomplete_phrase
spatulas,flat bla,-10.75,2,2token,incomplete_phrase
spatulas,tool Use,-10.78125,2,2token,incomplete_phrase
spatulas,tool you,-10.78125,2,2token,incomplete_phrase
spatulas,tool /,-10.78125,2,2token,not_valid_noun
spatulas,tool Read,-10.78125,2,2token,not_valid_noun
spatulas,tool _____,-10.78125,2,2token,not_valid_noun
spatulas,_____ _______,-10.78125,2,2token,not_valid_noun
spatulas,small utens,-10.796875,2,2token,incomplete_phrase
spatulas,dining utens,-10.796875,2,2token,incomplete_phrase
spatulas,cho,-10.8125,1,single_token,incomplete_phrase
spatulas,b,-10.8125,1,single_token,not_valid_noun
spatulas,trow,-10.8125,1,single_token,not_valid_noun
spatulas,helping,-10.8125,1,single_token,incomplete_phrase
spatulas,part,-10.8125,1,single_token,incomplete_phrase
spatulas,do,-10.8125,1,single_token,not_valid_noun
spatulas,... (,-10.8125,2,2token,not_valid_noun
spatulas,in,-10.8125,1,single_token,not_valid_noun
spatulas,{,-10.8125,1,single_token,not_valid_noun
spatulas,( utens,-10.8125,2,2token,not_valid_noun
spatulas,TOOLS,-10.8125,1,single_token,not_valid_noun
spatulas,k,-10.8125,1,single_token,not_valid_noun
spatulas,utensils in,-10.84375,2,2token,not_valid_noun
spatulas,utensils that,-10.84375,2,2token,incomplete_phrase
spatulas,. tools,-10.84375,2,2token,not_valid_noun
spatulas,What does,-10.84375,2,2token,not_valid_noun
spatulas,food processing,-10.84375,2,2token,incomplete_phrase
spatulas,_________ tool,-10.84375,2,2token,not_valid_noun
spatulas,object for,-10.84375,2,2token,incomplete_phrase
spatulas,eating ut,-10.84375,2,2token,not_valid_noun
spatulas,eating utensi,-10.84375,2,2token,incomplete_phrase
spatulas,_______ tools,-10.875,2,2token,not_valid_noun
spatulas,tableware Complete,-10.875,2,2token,not_valid_noun
spatulas,knife (,-10.875,2,2token,not_valid_noun
spatulas,spoon complete,-10.875,2,2token,not_valid_noun
spatulas,condi,-10.875,1,single_token,not_valid_noun
spatulas,fishing,-10.875,1,single_token,incomplete_phrase
spatulas,painting,-10.875,1,single_token,incomplete_phrase
spatulas,----,-10.875,1,single_token,not_valid_noun
spatulas,accessories,-10.875,1,single_token,not_valid_noun
spatulas,metals,-10.875,1,single_token,not_valid_noun
spatulas,baked,-10.875,1,single_token,not_valid_noun
spatulas,children,-10.875,1,single_token,incomplete_phrase
spatulas,spo,-10.875,1,single_token,not_valid_noun
spatulas,tool ____,-10.90625,2,2token,not_valid_noun
spatulas,....,-10.90625,2,2token,not_valid_noun
spatulas,tool a,-10.90625,2,2token,not_valid_noun
spatulas,- Complete,-10.90625,2,2token,not_valid_noun
spatulas,_ tools,-10.9375,2,2token,not_valid_noun
spatulas,F,-10.9375,1,single_token,not_valid_noun
spatulas,they,-10.9375,1,single_token,not_valid_noun
spatulas,spread,-10.9375,1,single_token,not_valid_noun
spatulas,WHAT,-10.9375,1,single_token,not_valid_noun
spatulas,???,-10.9375,1,single_token,not_valid_noun
spatulas,"...""",-10.9375,1,single_token,not_valid_noun
spatulas,For,-10.9375,1,single_token,not_valid_noun
spatulas,household kitchen,-10.96875,2,2token,incomplete_phrase
spatulas,writing utens,-10.984375,2,2token,incomplete_phrase
spatulas,….. Complete,-11.0,2,2token,not_valid_noun
spatulas,It,-11.0,1,single_token,not_valid_noun
spatulas,my,-11.0,1,single_token,not_valid_noun
spatulas,different,-11.0,1,single_token,not_valid_noun
spatulas,P,-11.0,1,single_token,not_valid_noun
spatulas,---------------,-11.0,1,single_token,not_valid_noun
spatulas,appliance Complete,-11.015625,2,2token,not_valid_noun
spatulas,pan utens,-11.03125,2,2token,incomplete_phrase
spatulas,_____ ...,-11.03125,2,2token,not_valid_noun
spatulas,_____ ________,-11.03125,2,2token,not_valid_noun
spatulas,___ (,-11.03125,2,2token,not_valid_noun
spatulas,spatula Complete,-11.03125,2,2token,not_valid_noun
spatulas,fork (,-11.03125,2,2token,not_valid_noun
spatulas,la,-11.0625,1,single_token,not_valid_noun
spatulas,–,-11.0625,1,single_token,not_valid_noun
spatulas,C,-11.0625,1,single_token,not_valid_noun
spatulas,l,-11.0625,1,single_token,not_valid_noun
spatulas,implements used,-11.0625,2,2token,incomplete_phrase
spatulas,implements for,-11.0625,2,2token,not_valid_noun
spatulas,how,-11.0625,1,single_token,not_valid_noun
spatulas,equipment in,-11.0625,2,2token,not_valid_noun
spatulas,cold,-11.0625,1,single_token,incomplete_phrase
spatulas,implement (,-11.0625,2,2token,not_valid_noun
spatulas,... The,-11.0625,2,2token,not_valid_noun
spatulas,u,-11.0625,1,single_token,not_valid_noun
spatulas,ap,-11.0625,1,single_token,not_valid_noun
spatulas,sie,-11.0625,1,single_token,incomplete_phrase
spatulas,instrument of,-11.0625,2,2token,not_valid_noun
spatulas,instrument (,-11.0625,2,2token,not_valid_noun
spatulas,instrument in,-11.0625,2,2token,not_valid_noun
spatulas,... Fill,-11.0625,2,2token,not_valid_noun
spatulas,... More,-11.0625,2,2token,not_valid_noun
spatulas,... -,-11.0625,2,2token,not_valid_noun
spatulas,"...,",-11.0625,1,single_token,not_valid_noun
spatulas,office,-11.0625,1,single_token,incomplete_phrase
spatulas,（,-11.0625,1,single_token,not_valid_noun
spatulas,science,-11.0625,1,single_token,incomplete_phrase
spatulas,household .,-11.09375,2,2token,not_valid_noun
spatulas,. Read,-11.09375,2,2token,not_valid_noun
spatulas,", .",-11.109375,2,2token,not_valid_noun
spatulas,flat edged,-11.125,2,2token,not_valid_noun
spatulas,?,-11.125,2,2token,not_valid_noun
spatulas,silverware Complete,-11.125,2,2token,not_valid_noun
spatulas,flat .,-11.125,2,2token,not_valid_noun
spatulas,_______ ________,-11.125,2,2token,not_valid_noun
spatulas,with,-11.125,1,single_token,not_valid_noun
spatulas,http,-11.125,1,single_token,not_valid_noun
spatulas,-.,-11.125,1,single_token,not_valid_noun
spatulas,?.,-11.125,1,single_token,not_valid_noun
spatulas,........ Complete,-11.140625,2,2token,not_valid_noun
spatulas,_____ a,-11.15625,2,2token,not_valid_noun
spatulas,___ tool,-11.15625,2,2token,not_valid_noun
spatulas,__________ tools,-11.15625,2,2token,not_valid_noun
spatulas,tool -,-11.15625,2,2token,not_valid_noun
spatulas,.... .,-11.15625,2,2token,not_valid_noun
spatulas,fruit .,-11.15625,2,2token,not_valid_noun
spatulas,_____ complete,-11.15625,2,2token,not_valid_noun
spatulas,.... A,-11.15625,2,2token,not_valid_noun
spatulas,__________ Fill,-11.15625,2,2token,not_valid_noun
spatulas,an instrument,-11.1640625,2,2token,not_valid_noun
spatulas,an utens,-11.1640625,2,2token,not_valid_noun
spatulas,of utens,-11.171875,2,2token,not_valid_noun
spatulas,kinds,-11.1875,1,single_token,not_valid_noun
spatulas,cooks utensils,-11.1875,2,2token,not_valid_noun
spatulas,implement that,-11.1875,2,2token,incomplete_phrase
spatulas,... .,-11.1875,2,2token,not_valid_noun
spatulas,_ instrument,-11.1875,2,2token,not_valid_noun
spatulas,aid,-11.1875,1,single_token,not_valid_noun
spatulas,*,-11.1875,1,single_token,not_valid_noun
spatulas,catering,-11.1875,1,single_token,incomplete_phrase
spatulas,utensils to,-11.21875,2,2token,not_valid_noun
spatulas,device for,-11.21875,2,2token,incomplete_phrase
spatulas,spoon ...,-11.21875,2,2token,not_valid_noun
spatulas,spoon ....,-11.21875,2,2token,not_valid_noun
spatulas,_________ tools,-11.21875,2,2token,not_valid_noun
spatulas,a fork,-11.21875,2,2token,not_valid_noun
spatulas,_________ Fill,-11.21875,2,2token,not_valid_noun
spatulas,/ kind,-11.25,2,2token,not_valid_noun
spatulas,knife or,-11.25,2,2token,not_valid_noun
spatulas,______ ________,-11.25,2,2token,not_valid_noun
spatulas,old,-11.25,1,single_token,incomplete_phrase
spatulas,house utens,-11.25,2,2token,incomplete_phrase
spatulas,knives Complete,-11.25,2,2token,not_valid_noun
spatulas,chefs,-11.25,1,single_token,not_valid_noun
spatulas,simple,-11.25,1,single_token,incomplete_phrase
spatulas,---------,-11.25,1,single_token,not_valid_noun
spatulas,devices,-11.25,1,single_token,not_valid_noun
spatulas,----------,-11.25,1,single_token,not_valid_noun
spatulas,tableware .,-11.25,2,2token,not_valid_noun
spatulas,sharp utens,-11.265625,2,2token,incomplete_phrase
spatulas,_____ A,-11.28125,2,2token,not_valid_noun
spatulas,_____ What,-11.28125,2,2token,not_valid_noun
spatulas,_____ utens,-11.28125,2,2token,not_valid_noun
spatulas,tool needed,-11.28125,2,2token,incomplete_phrase
spatulas,- .,-11.28125,2,2token,not_valid_noun
spatulas,.............. Complete,-11.28125,2,2token,not_valid_noun
spatulas,\_,-11.3125,1,single_token,not_valid_noun
spatulas,cul,-11.3125,1,single_token,not_valid_noun
spatulas,scientific,-11.3125,1,single_token,not_valid_noun
spatulas,baker,-11.3125,1,single_token,incomplete_phrase
spatulas,building,-11.3125,1,single_token,incomplete_phrase
spatulas,pe,-11.3125,1,single_token,not_valid_noun
spatulas,school,-11.3125,1,single_token,incomplete_phrase
spatulas,..... .,-11.3125,2,2token,not_valid_noun
spatulas,... fruit,-11.3125,2,2token,not_valid_noun
spatulas,handheld,-11.3125,1,single_token,not_valid_noun
spatulas,... complete,-11.3125,2,2token,not_valid_noun
spatulas,_ spoon,-11.3125,2,2token,not_valid_noun
spatulas,te,-11.3125,1,single_token,not_valid_noun
spatulas,hot,-11.3125,1,single_token,not_valid_noun
spatulas,storage,-11.3125,1,single_token,incomplete_phrase
spatulas,room,-11.3125,1,single_token,incomplete_phrase
spatulas,implement of,-11.3125,2,2token,not_valid_noun
spatulas,implement in,-11.3125,2,2token,not_valid_noun
spatulas,implement to,-11.3125,2,2token,not_valid_noun
spatulas,cooks utens,-11.3125,2,2token,not_valid_noun
spatulas,the cooking,-11.328125,2,2token,not_valid_noun
spatulas,. This,-11.34375,2,2token,not_valid_noun
spatulas,. You,-11.34375,2,2token,not_valid_noun
spatulas,. Correct,-11.34375,2,2token,not_valid_noun
spatulas,. Select,-11.34375,2,2token,not_valid_noun
spatulas,. Find,-11.34375,2,2token,not_valid_noun
spatulas,a food,-11.34375,2,2token,not_valid_noun
spatulas,a cutlery,-11.34375,2,2token,not_valid_noun
spatulas,spoon -,-11.34375,2,2token,not_valid_noun
spatulas,food (,-11.34375,2,2token,not_valid_noun
spatulas,I Complete,-11.34375,2,2token,not_valid_noun
spatulas,food ingredient,-11.34375,2,2token,not_valid_noun
spatulas,a ________,-11.34375,2,2token,not_valid_noun
spatulas,object that,-11.34375,2,2token,incomplete_phrase
spatulas,. Answer,-11.34375,2,2token,not_valid_noun
spatulas,. ________,-11.34375,2,2token,not_valid_noun
spatulas,. How,-11.34375,2,2token,not_valid_noun
spatulas,a ______,-11.34375,2,2token,not_valid_noun
spatulas,oven mit,-11.359375,2,2token,incomplete_phrase
spatulas,_______ ______,-11.375,2,2token,not_valid_noun
spatulas,knife complete,-11.375,2,2token,not_valid_noun
spatulas,tools ...,-11.375,2,2token,not_valid_noun
spatulas,"_,",-11.375,1,single_token,not_valid_noun
spatulas,sewing,-11.375,1,single_token,incomplete_phrase
spatulas,hands,-11.375,1,single_token,not_valid_noun
spatulas,… Continue,-11.375,2,2token,not_valid_noun
spatulas,… a,-11.375,2,2token,not_valid_noun
spatulas,tools ....,-11.375,2,2token,not_valid_noun
spatulas,—,-11.375,1,single_token,not_valid_noun
spatulas,--------,-11.375,1,single_token,not_valid_noun
spatulas,large kitchen,-11.375,2,2token,incomplete_phrase
spatulas,______ Fill,-11.375,2,2token,not_valid_noun
spatulas,cookie cutters,-11.375,2,2token,not_valid_noun
spatulas,tools of,-11.375,2,2token,not_valid_noun
spatulas,"flat ,",-11.375,2,2token,not_valid_noun
spatulas,flat and,-11.375,2,2token,not_valid_noun
spatulas,tools and,-11.375,2,2token,incomplete_phrase
spatulas,tools which,-11.375,2,2token,incomplete_phrase
spatulas,tool ___________,-11.40625,2,2token,not_valid_noun
spatulas,wooden cooking,-11.40625,2,2token,incomplete_phrase
spatulas,tool :,-11.40625,2,2token,not_valid_noun
spatulas,for kitchen,-11.40625,2,2token,not_valid_noun
spatulas,tool .....,-11.40625,2,2token,not_valid_noun
spatulas,tool made,-11.40625,2,2token,incomplete_phrase
spatulas,tool Answer,-11.40625,2,2token,not_valid_noun
spatulas,__________ ________,-11.40625,2,2token,not_valid_noun
spatulas,_____ ....,-11.40625,2,2token,not_valid_noun
spatulas,___ tools,-11.40625,2,2token,not_valid_noun
spatulas,: a,-11.421875,2,2token,not_valid_noun
spatulas,of tool,-11.421875,2,2token,not_valid_noun
spatulas,equipment .,-11.4375,2,2token,not_valid_noun
spatulas,equipment Complete,-11.4375,2,2token,not_valid_noun
spatulas,____ ____,-11.4375,2,2token,not_valid_noun
spatulas,implements Complete,-11.4375,2,2token,not_valid_noun
spatulas,restaurant utens,-11.4375,2,2token,incomplete_phrase
spatulas,_ (,-11.4375,2,2token,not_valid_noun
spatulas,How,-11.4375,1,single_token,not_valid_noun
spatulas,??,-11.4375,1,single_token,not_valid_noun
spatulas,coffee,-11.4375,1,single_token,incomplete_phrase
spatulas,furn,-11.4375,1,single_token,not_valid_noun
spatulas,uses,-11.4375,1,single_token,not_valid_noun
spatulas,the utens,-11.453125,2,2token,not_valid_noun
spatulas,. knife,-11.46875,2,2token,not_valid_noun
spatulas,device used,-11.46875,2,2token,incomplete_phrase
spatulas,. scissors,-11.46875,2,2token,not_valid_noun
spatulas,metal that,-11.46875,2,2token,incomplete_phrase
spatulas,metal (,-11.46875,2,2token,not_valid_noun
spatulas,. spoon,-11.46875,2,2token,not_valid_noun
spatulas,. utensils,-11.46875,2,2token,not_valid_noun
spatulas,. We,-11.46875,2,2token,not_valid_noun
spatulas,_________ ________,-11.46875,2,2token,not_valid_noun
spatulas,utens il,-11.46875,2,2token,not_valid_noun
spatulas,", but",-11.484375,2,2token,not_valid_noun
spatulas,", a",-11.484375,2,2token,not_valid_noun
spatulas,equi,-11.5,1,single_token,not_valid_noun
spatulas,cutlery complete,-11.5,2,2token,not_valid_noun
spatulas,cutlery for,-11.5,2,2token,incomplete_phrase
spatulas,them,-11.5,1,single_token,not_valid_noun
spatulas,Sp,-11.5,1,single_token,not_valid_noun
spatulas,______ utens,-11.5,2,2token,not_valid_noun
spatulas,______ ____,-11.5,2,2token,not_valid_noun
spatulas,… ...,-11.5,2,2token,not_valid_noun
spatulas,… fruit,-11.5,2,2token,not_valid_noun
spatulas,tools or,-11.5,2,2token,not_valid_noun
spatulas,B,-11.5,1,single_token,not_valid_noun
spatulas,carving,-11.5,1,single_token,incomplete_phrase
spatulas,drinking,-11.5,1,single_token,incomplete_phrase
spatulas,spoons .,-11.5,2,2token,not_valid_noun
spatulas,_______ Fill,-11.5,2,2token,not_valid_noun
spatulas,un,-11.5,1,single_token,not_valid_noun
spatulas,sharp metal,-11.515625,2,2token,incomplete_phrase
spatulas,_____ Choose,-11.53125,2,2token,not_valid_noun
spatulas,_____ food,-11.53125,2,2token,not_valid_noun
spatulas,.... a,-11.53125,2,2token,not_valid_noun
spatulas,tool ….,-11.53125,2,2token,not_valid_noun
spatulas,tool _________,-11.53125,2,2token,not_valid_noun
spatulas,_____ utensils,-11.53125,2,2token,not_valid_noun
spatulas,baking utensi,-11.53125,2,2token,incomplete_phrase
spatulas,___ ____,-11.53125,2,2token,not_valid_noun
spatulas,of cutlery,-11.546875,2,2token,not_valid_noun
spatulas,of utensils,-11.546875,2,2token,not_valid_noun
spatulas,other cooking,-11.546875,2,2token,incomplete_phrase
spatulas,it,-11.5625,1,single_token,not_valid_noun
spatulas,small metal,-11.5625,2,2token,incomplete_phrase
spatulas,KITCHEN Ut,-11.5625,2,2token,not_valid_noun
spatulas,soft,-11.5625,1,single_token,not_valid_noun
spatulas,edible,-11.5625,1,single_token,incomplete_phrase
spatulas,shaped,-11.5625,1,single_token,not_valid_noun
spatulas,sti,-11.5625,1,single_token,not_valid_noun
spatulas,Spo,-11.5625,1,single_token,not_valid_noun
spatulas,Household,-11.5625,1,single_token,incomplete_phrase
spatulas,... food,-11.5625,2,2token,not_valid_noun
spatulas,--- .,-11.59375,2,2token,not_valid_noun
spatulas,object in,-11.59375,2,2token,not_valid_noun
spatulas,household ________,-11.59375,2,2token,not_valid_noun
spatulas,--- Complete,-11.59375,2,2token,not_valid_noun
spatulas,________ (,-11.59375,2,2token,not_valid_noun
spatulas,eating .,-11.59375,2,2token,not_valid_noun
spatulas,What type,-11.59375,2,2token,not_valid_noun
spatulas,. spoons,-11.59375,2,2token,not_valid_noun
spatulas,cake decorating,-11.59375,2,2token,incomplete_phrase
spatulas,. Compare,-11.59375,2,2token,not_valid_noun
spatulas,object .,-11.59375,2,2token,not_valid_noun
spatulas,this kind,-11.609375,2,2token,incomplete_phrase
spatulas,", ,",-11.609375,2,2token,not_valid_noun
spatulas,______ _____,-11.625,2,2token,not_valid_noun
spatulas,… (,-11.625,2,2token,not_valid_noun
spatulas,… In,-11.625,2,2token,not_valid_noun
spatulas,? complete,-11.625,2,2token,not_valid_noun
spatulas,shovel Complete,-11.625,2,2token,not_valid_noun
spatulas,chops,-11.625,1,single_token,not_valid_noun
spatulas,.(,-11.625,1,single_token,not_valid_noun
spatulas,ice,-11.625,1,single_token,incomplete_phrase
spatulas,blunt,-11.625,1,single_token,not_valid_noun
spatulas,necessary,-11.625,1,single_token,incomplete_phrase
spatulas,bl,-11.625,1,single_token,not_valid_noun
spatulas,too,-11.625,1,single_token,not_valid_noun
spatulas,? ?,-11.625,2,2token,not_valid_noun
spatulas,plat,-11.625,1,single_token,incomplete_phrase
spatulas,… Fruit,-11.625,2,2token,not_valid_noun
spatulas,sau,-11.625,1,single_token,not_valid_noun
spatulas,round,-11.625,1,single_token,incomplete_phrase
spatulas,COOK,-11.625,1,single_token,incomplete_phrase
spatulas,sc,-11.625,1,single_token,not_valid_noun
spatulas,O,-11.625,1,single_token,not_valid_noun
spatulas,plural,-11.625,1,single_token,incomplete_phrase
spatulas,decorative,-11.625,1,single_token,not_valid_noun
spatulas,odd,-11.625,1,single_token,not_valid_noun
spatulas,——,-11.625,1,single_token,not_valid_noun
spatulas,Cho,-11.625,1,single_token,incomplete_phrase
spatulas,imple,-11.625,1,single_token,not_valid_noun
spatulas,bakery,-11.625,1,single_token,incomplete_phrase
spatulas,tools _______,-11.65625,2,2token,not_valid_noun
spatulas,tool …,-11.65625,2,2token,not_valid_noun
spatulas,tool ____________,-11.65625,2,2token,not_valid_noun
spatulas,tool called,-11.65625,2,2token,incomplete_phrase
spatulas,___ ___,-11.65625,2,2token,not_valid_noun
spatulas,tool [,-11.65625,2,2token,not_valid_noun
spatulas,tool from,-11.65625,2,2token,incomplete_phrase
spatulas,_____ kitchen,-11.65625,2,2token,not_valid_noun
spatulas,.... What,-11.65625,2,2token,not_valid_noun
spatulas,of tools,-11.671875,2,2token,not_valid_noun
spatulas,of .,-11.671875,2,2token,not_valid_noun
spatulas,of food,-11.671875,2,2token,not_valid_noun
spatulas,: utens,-11.671875,2,2token,not_valid_noun
spatulas,-----------,-11.6875,1,single_token,not_valid_noun
spatulas,inst,-11.6875,1,single_token,not_valid_noun
spatulas,( ),-11.6875,2,2token,not_valid_noun
spatulas,what ?,-11.6875,2,2token,not_valid_noun
spatulas,handy,-11.6875,1,single_token,incomplete_phrase
spatulas,implements .,-11.6875,2,2token,not_valid_noun
spatulas,lo,-11.6875,1,single_token,not_valid_noun
spatulas,ra,-11.6875,1,single_token,not_valid_noun
spatulas,They,-11.6875,1,single_token,not_valid_noun
spatulas,works,-11.6875,1,single_token,incomplete_phrase
spatulas,],-11.6875,1,single_token,not_valid_noun
spatulas,ingredients,-11.6875,1,single_token,not_valid_noun
spatulas,. of,-11.71875,2,2token,not_valid_noun
spatulas,. the,-11.71875,2,2token,not_valid_noun
spatulas,.,-11.71875,2,2token,not_valid_noun
spatulas,. If,-11.71875,2,2token,not_valid_noun
spatulas,utensils or,-11.71875,2,2token,not_valid_noun
spatulas,a metal,-11.71875,2,2token,not_valid_noun
spatulas,. Give,-11.71875,2,2token,not_valid_noun
spatulas,. cooking,-11.71875,2,2token,not_valid_noun
spatulas,. Make,-11.71875,2,2token,not_valid_noun
spatulas,. __,-11.71875,2,2token,not_valid_noun
spatulas,. There,-11.71875,2,2token,not_valid_noun
spatulas,_________ _________,-11.71875,2,2token,not_valid_noun
spatulas,which is,-11.71875,2,2token,not_valid_noun
spatulas,cook ing,-11.71875,2,2token,incomplete_phrase
spatulas,hand utens,-11.71875,2,2token,incomplete_phrase
spatulas,...... .,-11.734375,2,2token,not_valid_noun
spatulas,cutlery and,-11.75,2,2token,incomplete_phrase
spatulas,cutlery used,-11.75,2,2token,incomplete_phrase
spatulas,cutlery or,-11.75,2,2token,not_valid_noun
spatulas,shapes,-11.75,1,single_token,not_valid_noun
spatulas,spoons Complete,-11.75,2,2token,not_valid_noun
spatulas,flat wooden,-11.75,2,2token,incomplete_phrase
spatulas,Eating,-11.75,1,single_token,incomplete_phrase
spatulas,cutlery ....,-11.75,2,2token,not_valid_noun
spatulas,cutlery ...,-11.75,2,2token,not_valid_noun
spatulas,knife used,-11.75,2,2token,incomplete_phrase
spatulas,cutlery in,-11.75,2,2token,not_valid_noun
spatulas,… I,-11.75,2,2token,not_valid_noun
spatulas,cutting and,-11.75,2,2token,not_valid_noun
spatulas,make,-11.75,1,single_token,incomplete_phrase
spatulas,? A,-11.75,2,2token,not_valid_noun
spatulas,,-11.75,1,single_token,not_valid_noun
spatulas,A Complete,-11.75,2,2token,not_valid_noun
spatulas,outdoor,-11.75,1,single_token,incomplete_phrase
spatulas,|,-11.75,1,single_token,not_valid_noun
spatulas,______ instrument,-11.75,2,2token,not_valid_noun
spatulas,cutting ut,-11.75,2,2token,not_valid_noun
spatulas,… Fill,-11.75,2,2token,not_valid_noun
spatulas,… .,-11.75,2,2token,not_valid_noun
spatulas,■,-11.75,1,single_token,not_valid_noun
spatulas,yard,-11.75,1,single_token,incomplete_phrase
spatulas,instrumental,-11.75,1,single_token,not_valid_noun
spatulas,barbecue,-11.75,1,single_token,incomplete_phrase
spatulas,sharp cooking,-11.765625,2,2token,incomplete_phrase
spatulas,_____ or,-11.78125,2,2token,not_valid_noun
spatulas,____________,-11.78125,2,2token,not_valid_noun
spatulas,____________ (,-11.78125,2,2token,not_valid_noun
spatulas,.... Fill,-11.78125,2,2token,not_valid_noun
spatulas,_____ and,-11.78125,2,2token,not_valid_noun
spatulas,_____ for,-11.78125,2,2token,not_valid_noun
spatulas,- -,-11.78125,2,2token,not_valid_noun
spatulas,spatula .,-11.78125,2,2token,not_valid_noun
spatulas,: kitchen,-11.796875,2,2token,not_valid_noun
spatulas,frying utens,-11.796875,2,2token,not_valid_noun
spatulas,…. A,-11.796875,2,2token,not_valid_noun
spatulas,​,-11.8125,1,single_token,not_valid_noun
spatulas,,-11.8125,1,single_token,not_valid_noun
spatulas,equip,-11.8125,1,single_token,not_valid_noun
spatulas,small flat,-11.8125,2,2token,incomplete_phrase
spatulas,sk,-11.8125,1,single_token,not_valid_noun
spatulas,such,-11.8125,1,single_token,not_valid_noun
spatulas,•,-11.8125,1,single_token,not_valid_noun
spatulas,meals,-11.8125,1,single_token,not_valid_noun
spatulas,laboratory,-11.8125,1,single_token,incomplete_phrase
spatulas,heating,-11.8125,1,single_token,incomplete_phrase
spatulas,cups,-11.8125,1,single_token,not_valid_noun
spatulas,!,-11.8125,1,single_token,not_valid_noun
spatulas,black,-11.8125,1,single_token,incomplete_phrase
spatulas,che,-11.8125,1,single_token,incomplete_phrase
spatulas,pare,-11.8125,1,single_token,not_valid_noun
spatulas,[…],-11.8125,1,single_token,not_valid_noun
spatulas,Implements,-11.8125,1,single_token,not_valid_noun
spatulas,????,-11.8125,1,single_token,not_valid_noun
spatulas,indoor,-11.8125,1,single_token,not_valid_noun
spatulas,washing,-11.8125,1,single_token,incomplete_phrase
spatulas,what kind,-11.8125,2,2token,not_valid_noun
spatulas,example,-11.8125,1,single_token,not_valid_noun
spatulas,implements of,-11.8125,2,2token,not_valid_noun
spatulas,all,-11.8125,1,single_token,not_valid_noun
spatulas,.....,-11.8125,2,2token,not_valid_noun
spatulas,_ Fill,-11.8125,2,2token,not_valid_noun
spatulas,--,-11.8125,1,single_token,not_valid_noun
spatulas,classroom,-11.8125,1,single_token,incomplete_phrase
spatulas,plastic Complete,-11.828125,2,2token,not_valid_noun
spatulas,the tool,-11.828125,2,2token,not_valid_noun
spatulas,a .,-11.84375,2,2token,not_valid_noun
spatulas,cookware (,-11.84375,2,2token,not_valid_noun
spatulas,spoon to,-11.84375,2,2token,not_valid_noun
spatulas,spoon ________,-11.84375,2,2token,not_valid_noun
spatulas,food _______,-11.84375,2,2token,not_valid_noun
spatulas,spoon _______,-11.84375,2,2token,not_valid_noun
spatulas,metal or,-11.84375,2,2token,not_valid_noun
spatulas,which are,-11.84375,2,2token,not_valid_noun
spatulas,common cooking,-11.84375,2,2token,incomplete_phrase
spatulas,eating,-11.84375,2,2token,incomplete_phrase
spatulas,________ tool,-11.84375,2,2token,not_valid_noun
spatulas,food and,-11.84375,2,2token,incomplete_phrase
spatulas,What instrument,-11.84375,2,2token,not_valid_noun
spatulas,What can,-11.84375,2,2token,not_valid_noun
spatulas,a flat,-11.84375,2,2token,not_valid_noun
spatulas,a pan,-11.84375,2,2token,not_valid_noun
spatulas,a _______,-11.84375,2,2token,not_valid_noun
spatulas,food Ut,-11.84375,2,2token,not_valid_noun
spatulas,________ tools,-11.84375,2,2token,not_valid_noun
spatulas,", which",-11.859375,2,2token,not_valid_noun
spatulas,", and",-11.859375,2,2token,not_valid_noun
spatulas,().,-11.875,1,single_token,not_valid_noun
spatulas,house cleaning,-11.875,2,2token,incomplete_phrase
spatulas,$.,-11.875,1,single_token,not_valid_noun
spatulas,vessels,-11.875,1,single_token,not_valid_noun
spatulas,pr,-11.875,1,single_token,not_valid_noun
spatulas,pointy,-11.875,1,single_token,not_valid_noun
spatulas,ed,-11.875,1,single_token,not_valid_noun
spatulas,le,-11.875,1,single_token,not_valid_noun
spatulas,,-11.875,1,single_token,not_valid_noun
spatulas,thin,-11.875,1,single_token,not_valid_noun
spatulas,______ food,-11.875,2,2token,not_valid_noun
spatulas,measurements,-11.875,1,single_token,not_valid_noun
spatulas,cheap,-11.875,1,single_token,not_valid_noun
spatulas,silverware .,-11.875,2,2token,not_valid_noun
spatulas,foo,-11.875,1,single_token,incomplete_phrase
spatulas,… You,-11.875,2,2token,not_valid_noun
spatulas,______ complete,-11.875,2,2token,not_valid_noun
spatulas,brush Complete,-11.890625,2,2token,not_valid_noun
spatulas,container for,-11.890625,2,2token,incomplete_phrase
spatulas,.... (,-11.90625,2,2token,not_valid_noun
spatulas,appliance for,-11.90625,2,2token,incomplete_phrase
spatulas,tool __________,-11.90625,2,2token,not_valid_noun
spatulas,....... .,-11.90625,2,2token,not_valid_noun
spatulas,tools ________,-11.90625,2,2token,not_valid_noun
spatulas,__ _.,-11.90625,2,2token,not_valid_noun
spatulas,tool Edit,-11.90625,2,2token,incomplete_phrase
spatulas,tool A,-11.90625,2,2token,not_valid_noun
spatulas,tool on,-11.90625,2,2token,not_valid_noun
spatulas,tool we,-11.90625,2,2token,not_valid_noun
spatulas,____________ tools,-11.90625,2,2token,not_valid_noun
spatulas,____________ Fill,-11.90625,2,2token,not_valid_noun
spatulas,_____ used,-11.90625,2,2token,not_valid_noun
spatulas,_____ _.,-11.90625,2,2token,not_valid_noun
spatulas,___ utens,-11.90625,2,2token,not_valid_noun
spatulas,of spoon,-11.921875,2,2token,not_valid_noun
spatulas,….,-11.921875,2,2token,not_valid_noun
spatulas,other utens,-11.921875,2,2token,incomplete_phrase
spatulas,of a,-11.921875,2,2token,not_valid_noun
spatulas,... Use,-11.9375,2,2token,not_valid_noun
spatulas,... In,-11.9375,2,2token,not_valid_noun
spatulas,_ a,-11.9375,2,2token,not_valid_noun
spatulas,... Write,-11.9375,2,2token,not_valid_noun
spatulas,hair,-11.9375,1,single_token,incomplete_phrase
spatulas,important,-11.9375,1,single_token,not_valid_noun
spatulas,desk,-11.9375,1,single_token,incomplete_phrase
spatulas,what is,-11.9375,2,2token,not_valid_noun
spatulas,sta,-11.9375,1,single_token,not_valid_noun
spatulas,fa,-11.9375,1,single_token,not_valid_noun
spatulas,what you,-11.9375,2,2token,not_valid_noun
spatulas,( tool,-11.9375,2,2token,not_valid_noun
spatulas,_ __,-11.9375,2,2token,not_valid_noun
spatulas,blades,-11.9375,1,single_token,not_valid_noun
spatulas,Kitchens,-11.9375,1,single_token,not_valid_noun
spatulas,Which,-11.9375,1,single_token,not_valid_noun
spatulas,teaspoons,-11.9375,1,single_token,not_valid_noun
spatulas,desserts,-11.9375,1,single_token,not_valid_noun
spatulas,... You,-11.9375,2,2token,not_valid_noun
spatulas,_ food,-11.9375,2,2token,not_valid_noun
spatulas,red,-11.9375,1,single_token,not_valid_noun
spatulas,job,-11.9375,1,single_token,not_valid_noun
spatulas,the tools,-11.953125,2,2token,not_valid_noun
spatulas,......... .,-11.953125,2,2token,not_valid_noun
spatulas,........... .,-11.953125,2,2token,not_valid_noun
spatulas,household cleaning,-11.96875,2,2token,incomplete_phrase
spatulas,a baking,-11.96875,2,2token,not_valid_noun
spatulas,What tool,-11.96875,2,2token,not_valid_noun
spatulas,object to,-11.96875,2,2token,not_valid_noun
spatulas,spoon Read,-11.96875,2,2token,not_valid_noun
spatulas,spoon in,-11.96875,2,2token,not_valid_noun
spatulas,oven cooking,-11.96875,2,2token,incomplete_phrase
spatulas,a utensils,-11.96875,2,2token,not_valid_noun
spatulas,utensils ....,-11.96875,2,2token,not_valid_noun
spatulas,a,-11.96875,2,2token,not_valid_noun
spatulas,......,-11.984375,2,2token,not_valid_noun
spatulas,this kitchen,-11.984375,2,2token,incomplete_phrase
spatulas,flat shaped,-12.0,2,2token,not_valid_noun
spatulas,To,-12.0,1,single_token,not_valid_noun
spatulas,? What,-12.0,2,2token,not_valid_noun
spatulas,______ a,-12.0,2,2token,not_valid_noun
spatulas,? a,-12.0,2,2token,not_valid_noun
spatulas,? (,-12.0,2,2token,not_valid_noun
spatulas,… We,-12.0,2,2token,not_valid_noun
spatulas,two,-12.0,1,single_token,incomplete_phrase
spatulas,equipe,-12.0,1,single_token,not_valid_noun
spatulas,,-12.0,1,single_token,not_valid_noun
spatulas,^,-12.0,1,single_token,not_valid_noun
spatulas,Flat,-12.0,1,single_token,incomplete_phrase
spatulas,flat pieces,-12.0,2,2token,incomplete_phrase
spatulas,knife in,-12.0,2,2token,not_valid_noun
spatulas,/ type,-12.0,2,2token,not_valid_noun
spatulas,… Answer,-12.0,2,2token,not_valid_noun
spatulas,? Fill,-12.0,2,2token,not_valid_noun
spatulas,knife ________,-12.0,2,2token,not_valid_noun
spatulas,chop,-12.0,1,single_token,incomplete_phrase
spatulas,brooms,-12.0,1,single_token,not_valid_noun
spatulas,pot .,-12.0,2,2token,not_valid_noun
spatulas,-------------,-12.0,1,single_token,not_valid_noun
spatulas,knife for,-12.0,2,2token,incomplete_phrase
spatulas,knives and,-12.0,2,2token,incomplete_phrase
spatulas,to eat,-12.015625,2,2token,not_valid_noun
spatulas,cuisine utens,-12.015625,2,2token,incomplete_phrase
spatulas,appliance .,-12.03125,2,2token,not_valid_noun
spatulas,____________ tool,-12.03125,2,2token,not_valid_noun
spatulas,___ Fill,-12.03125,2,2token,not_valid_noun
spatulas,.... The,-12.03125,2,2token,not_valid_noun
spatulas,_____ Use,-12.03125,2,2token,not_valid_noun
spatulas,_____ Tools,-12.03125,2,2token,not_valid_noun
spatulas,__ __,-12.03125,2,2token,not_valid_noun
spatulas,instruments for,-12.03125,2,2token,incomplete_phrase
spatulas,tools complete,-12.03125,2,2token,not_valid_noun
spatulas,tools Used,-12.03125,2,2token,incomplete_phrase
spatulas,_____ that,-12.03125,2,2token,not_valid_noun
spatulas,pan Complete,-12.03125,2,2token,not_valid_noun
spatulas,_____ in,-12.03125,2,2token,not_valid_noun
spatulas,_____ The,-12.03125,2,2token,not_valid_noun
spatulas,pan (,-12.03125,2,2token,not_valid_noun
spatulas,_____ _,-12.03125,2,2token,not_valid_noun
spatulas,measuring .,-12.03125,2,2token,not_valid_noun
spatulas,baking Ut,-12.03125,2,2token,not_valid_noun
spatulas,tools with,-12.03125,2,2token,incomplete_phrase
spatulas,The word,-12.046875,2,2token,not_valid_noun
spatulas,... Which,-12.0625,2,2token,not_valid_noun
spatulas,_ utensils,-12.0625,2,2token,not_valid_noun
spatulas,_ kitchen,-12.0625,2,2token,not_valid_noun
spatulas,green,-12.0625,1,single_token,incomplete_phrase
spatulas,cutting Ut,-12.0625,2,2token,not_valid_noun
spatulas,cutting,-12.0625,2,2token,incomplete_phrase
spatulas,©,-12.0625,1,single_token,not_valid_noun
spatulas,camping,-12.0625,1,single_token,not_valid_noun
spatulas,ordinary,-12.0625,1,single_token,incomplete_phrase
spatulas,stir,-12.0625,1,single_token,incomplete_phrase
spatulas,er,-12.0625,1,single_token,not_valid_noun
spatulas,eggs,-12.0625,1,single_token,not_valid_noun
spatulas,... Match,-12.0625,2,2token,not_valid_noun
spatulas,Measuring,-12.0625,1,single_token,incomplete_phrase
spatulas,____ _.,-12.0625,2,2token,not_valid_noun
spatulas,... of,-12.0625,2,2token,not_valid_noun
spatulas,____ Fill,-12.0625,2,2token,not_valid_noun
spatulas,,-12.0625,1,single_token,not_valid_noun
spatulas,scoops,-12.0625,1,single_token,not_valid_noun
spatulas,instrument or,-12.0625,2,2token,not_valid_noun
spatulas,pest,-12.0625,1,single_token,incomplete_phrase
spatulas,edged,-12.0625,1,single_token,not_valid_noun
spatulas,helper in,-12.078125,2,2token,not_valid_noun
spatulas,_________ _______,-12.09375,2,2token,not_valid_noun
spatulas,food ....,-12.09375,2,2token,not_valid_noun
spatulas,________ ________,-12.09375,2,2token,not_valid_noun
spatulas,food in,-12.09375,2,2token,not_valid_noun
spatulas,food or,-12.09375,2,2token,not_valid_noun
spatulas,oven .,-12.09375,2,2token,not_valid_noun
spatulas,utensils and,-12.09375,2,2token,incomplete_phrase
spatulas,a Kitchen,-12.09375,2,2token,not_valid_noun
spatulas,utensils ...,-12.09375,2,2token,not_valid_noun
spatulas,household cooking,-12.09375,2,2token,incomplete_phrase
spatulas,household,-12.09375,2,2token,incomplete_phrase
spatulas,spoon /,-12.09375,2,2token,not_valid_noun
spatulas,spoon _____,-12.09375,2,2token,not_valid_noun
spatulas,metal work,-12.09375,2,2token,incomplete_phrase
spatulas,metal ________,-12.09375,2,2token,not_valid_noun
spatulas,spoon [,-12.09375,2,2token,not_valid_noun
spatulas,spoon ______,-12.09375,2,2token,not_valid_noun
spatulas,spoon which,-12.09375,2,2token,incomplete_phrase
spatulas,", too",-12.09375,2,2token,not_valid_noun
spatulas,", tool",-12.09375,2,2token,not_valid_noun
spatulas,", complete",-12.09375,2,2token,not_valid_noun
spatulas,shopping,-12.125,1,single_token,incomplete_phrase
spatulas,wea,-12.125,1,single_token,incomplete_phrase
spatulas,auxiliary,-12.125,1,single_token,incomplete_phrase
spatulas,(...),-12.125,1,single_token,not_valid_noun
spatulas,digging,-12.125,1,single_token,incomplete_phrase
spatulas,﻿,-12.125,1,single_token,not_valid_noun
spatulas,tablespoons,-12.125,1,single_token,not_valid_noun
spatulas,tooth,-12.125,1,single_token,incomplete_phrase
spatulas,flexible,-12.125,1,single_token,not_valid_noun
spatulas,uk,-12.125,1,single_token,not_valid_noun
spatulas,basic,-12.125,1,single_token,incomplete_phrase
spatulas,medical,-12.125,1,single_token,incomplete_phrase
spatulas,objects used,-12.125,2,2token,incomplete_phrase
spatulas,cro,-12.125,1,single_token,incomplete_phrase
spatulas,gr,-12.125,1,single_token,not_valid_noun
spatulas,fer,-12.125,1,single_token,not_valid_noun
spatulas,cookies,-12.125,1,single_token,not_valid_noun
spatulas,par,-12.125,1,single_token,incomplete_phrase
spatulas,carpenter,-12.125,1,single_token,incomplete_phrase
spatulas,scraping,-12.125,1,single_token,incomplete_phrase
spatulas,,-12.125,1,single_token,not_valid_noun
spatulas,,-12.125,1,single_token,not_valid_noun
spatulas,bar,-12.125,1,single_token,incomplete_phrase
spatulas,those,-12.125,1,single_token,not_valid_noun
spatulas,some,-12.125,1,single_token,incomplete_phrase
spatulas,/ of,-12.125,2,2token,not_valid_noun
spatulas,… Use,-12.125,2,2token,not_valid_noun
spatulas,… Which,-12.125,2,2token,not_valid_noun
spatulas,______ utensils,-12.125,2,2token,not_valid_noun
spatulas,… This,-12.125,2,2token,not_valid_noun
spatulas,knife _______,-12.125,2,2token,not_valid_noun
spatulas,knife ...,-12.125,2,2token,not_valid_noun
spatulas,_______ utens,-12.125,2,2token,not_valid_noun
spatulas,Kitchen utensi,-12.125,2,2token,incomplete_phrase
spatulas,… More,-12.125,2,2token,not_valid_noun
spatulas,........ .,-12.140625,2,2token,not_valid_noun
spatulas,fruit utens,-12.15625,2,2token,incomplete_phrase
spatulas,cutlery _______,-12.15625,2,2token,not_valid_noun
spatulas,stove utens,-12.15625,2,2token,incomplete_phrase
spatulas,_____ _________,-12.15625,2,2token,not_valid_noun
spatulas,_____ of,-12.15625,2,2token,not_valid_noun
spatulas,.......,-12.15625,2,2token,not_valid_noun
spatulas,.... Read,-12.15625,2,2token,not_valid_noun
spatulas,measuring kitchen,-12.15625,2,2token,incomplete_phrase
spatulas,__,-12.15625,2,2token,not_valid_noun
spatulas,fork complete,-12.15625,2,2token,not_valid_noun
spatulas,frying utensils,-12.15625,2,2token,not_valid_noun
spatulas,_____ Select,-12.15625,2,2token,not_valid_noun
spatulas,_____ instrument,-12.15625,2,2token,not_valid_noun
spatulas,__ _,-12.15625,2,2token,not_valid_noun
spatulas,dessert utens,-12.15625,2,2token,incomplete_phrase
spatulas,cutlery ________,-12.15625,2,2token,not_valid_noun
spatulas,tools you,-12.15625,2,2token,incomplete_phrase
spatulas,tools ______,-12.15625,2,2token,not_valid_noun
spatulas,:,-12.171875,2,2token,not_valid_noun
spatulas,The sentence,-12.171875,2,2token,not_valid_noun
spatulas,pie,-12.1875,1,single_token,incomplete_phrase
spatulas,All,-12.1875,1,single_token,not_valid_noun
spatulas,bread knife,-12.1875,2,2token,not_valid_noun
spatulas,... I,-12.1875,2,2token,not_valid_noun
spatulas,... Answer,-12.1875,2,2token,not_valid_noun
spatulas,implement or,-12.1875,2,2token,not_valid_noun
spatulas,measures,-12.1875,1,single_token,not_valid_noun
spatulas,pri,-12.1875,1,single_token,not_valid_noun
spatulas,making,-12.1875,1,single_token,incomplete_phrase
spatulas,instru,-12.1875,1,single_token,not_valid_noun
spatulas,very,-12.1875,1,single_token,not_valid_noun
spatulas,Culinary,-12.1875,1,single_token,not_valid_noun
spatulas,aux,-12.1875,1,single_token,not_valid_noun
spatulas,..... A,-12.1875,2,2token,not_valid_noun
spatulas,…”,-12.1875,1,single_token,not_valid_noun
spatulas,□,-12.1875,1,single_token,not_valid_noun
spatulas,span,-12.1875,1,single_token,incomplete_phrase
spatulas,Old,-12.1875,1,single_token,incomplete_phrase
spatulas,small hand,-12.1875,2,2token,incomplete_phrase
spatulas,( kitchen,-12.1875,2,2token,not_valid_noun
spatulas,equipment that,-12.1875,2,2token,incomplete_phrase
spatulas,cleaning .,-12.1875,2,2token,not_valid_noun
spatulas,instrument which,-12.1875,2,2token,incomplete_phrase
spatulas,thing that,-12.203125,2,2token,incomplete_phrase
spatulas,spoon A,-12.21875,2,2token,not_valid_noun
spatulas,eating and,-12.21875,2,2token,not_valid_noun
spatulas,spoon is,-12.21875,2,2token,not_valid_noun
spatulas,spoon The,-12.21875,2,2token,incomplete_phrase
spatulas,scissors Complete,-12.21875,2,2token,not_valid_noun
spatulas,utensils complete,-12.21875,2,2token,not_valid_noun
spatulas,food ________,-12.21875,2,2token,not_valid_noun
spatulas,food cooking,-12.21875,2,2token,incomplete_phrase
spatulas,utensils which,-12.21875,2,2token,incomplete_phrase
spatulas,knife ....,-12.21875,2,2token,not_valid_noun
spatulas,________,-12.21875,2,2token,not_valid_noun
spatulas,food cutting,-12.21875,2,2token,incomplete_phrase
spatulas,food ...,-12.21875,2,2token,not_valid_noun
spatulas,utensils of,-12.21875,2,2token,not_valid_noun
spatulas,a __,-12.21875,2,2token,not_valid_noun
spatulas,_________ ...,-12.21875,2,2token,not_valid_noun
spatulas,_________ utens,-12.21875,2,2token,not_valid_noun
spatulas,household ______,-12.21875,2,2token,not_valid_noun
spatulas,a ____,-12.21875,2,2token,not_valid_noun
spatulas,a _____,-12.21875,2,2token,not_valid_noun
spatulas,a piece,-12.21875,2,2token,not_valid_noun
spatulas,a cutting,-12.21875,2,2token,not_valid_noun
spatulas,metal Ut,-12.21875,2,2token,not_valid_noun
spatulas,cookware used,-12.21875,2,2token,incomplete_phrase
spatulas,common utens,-12.21875,2,2token,incomplete_phrase
spatulas,common household,-12.21875,2,2token,incomplete_phrase
spatulas,this utens,-12.234375,2,2token,incomplete_phrase
spatulas,objects for,-12.25,2,2token,incomplete_phrase
spatulas,flat hand,-12.25,2,2token,incomplete_phrase
spatulas,_______ instrument,-12.25,2,2token,not_valid_noun
spatulas,_______ A,-12.25,2,2token,not_valid_noun
spatulas,______ A,-12.25,2,2token,not_valid_noun
spatulas,______ Choose,-12.25,2,2token,not_valid_noun
spatulas,______ kitchen,-12.25,2,2token,not_valid_noun
spatulas,_______ _____,-12.25,2,2token,not_valid_noun
spatulas,_______ ____,-12.25,2,2token,not_valid_noun
spatulas,exercise,-12.25,1,single_token,incomplete_phrase
spatulas,flat or,-12.25,2,2token,not_valid_noun
spatulas,little,-12.25,1,single_token,incomplete_phrase
spatulas,… Find,-12.25,2,2token,not_valid_noun
spatulas,… There,-12.25,2,2token,not_valid_noun
spatulas,… food,-12.25,2,2token,not_valid_noun
spatulas,… Write,-12.25,2,2token,not_valid_noun
spatulas,___________,-12.25,2,2token,not_valid_noun
spatulas,___________ (,-12.25,2,2token,not_valid_noun
spatulas,… How,-12.25,2,2token,not_valid_noun
spatulas,Instruments,-12.25,1,single_token,not_valid_noun
spatulas,white,-12.25,1,single_token,incomplete_phrase
spatulas,working,-12.25,1,single_token,incomplete_phrase
spatulas,g,-12.25,1,single_token,not_valid_noun
spatulas,… Choose,-12.25,2,2token,not_valid_noun
spatulas,Kitchen ut,-12.25,2,2token,not_valid_noun
spatulas,spoons and,-12.25,2,2token,incomplete_phrase
spatulas,construction,-12.25,1,single_token,incomplete_phrase
spatulas,SPO,-12.25,1,single_token,not_valid_noun
spatulas,,-12.25,1,single_token,not_valid_noun
spatulas,n,-12.25,1,single_token,not_valid_noun
spatulas,dry,-12.25,1,single_token,incomplete_phrase
spatulas,__ tool,-12.28125,2,2token,not_valid_noun
spatulas,__________ _______,-12.28125,2,2token,not_valid_noun
spatulas,__________ utens,-12.28125,2,2token,not_valid_noun
spatulas,___ __,-12.28125,2,2token,not_valid_noun
spatulas,____________ _.,-12.28125,2,2token,not_valid_noun
spatulas,instruments used,-12.28125,2,2token,incomplete_phrase
spatulas,__ Complete,-12.28125,2,2token,not_valid_noun
spatulas,: .,-12.28125,2,2token,not_valid_noun
spatulas,__________ __________,-12.28125,2,2token,not_valid_noun
spatulas,___ complete,-12.28125,2,2token,not_valid_noun
spatulas,___ a,-12.28125,2,2token,not_valid_noun
spatulas,baking ut,-12.28125,2,2token,not_valid_noun
spatulas,fork ....,-12.28125,2,2token,not_valid_noun
spatulas,sharp edged,-12.28125,2,2token,not_valid_noun
spatulas,_____ ?,-12.28125,2,2token,not_valid_noun
spatulas,fork _______,-12.28125,2,2token,not_valid_noun
spatulas,_____ COMPLETE,-12.28125,2,2token,not_valid_noun
spatulas,-,-12.28125,2,2token,not_valid_noun
spatulas,.... Choose,-12.28125,2,2token,not_valid_noun
spatulas,tools needed,-12.28125,2,2token,not_valid_noun
spatulas,cutlery utens,-12.28125,2,2token,incomplete_phrase
spatulas,.... Write,-12.28125,2,2token,not_valid_noun
spatulas,pan or,-12.28125,2,2token,not_valid_noun
spatulas,_____ cooking,-12.28125,2,2token,not_valid_noun
spatulas,___ _.,-12.28125,2,2token,not_valid_noun
spatulas,__________ complete,-12.28125,2,2token,not_valid_noun
spatulas,__________ ...,-12.28125,2,2token,not_valid_noun
spatulas,..... a,-12.3125,2,2token,not_valid_noun
spatulas,……,-12.3125,2,2token,not_valid_noun
spatulas,... Fruit,-12.3125,2,2token,not_valid_noun
spatulas,…. What,-12.3125,2,2token,not_valid_noun
spatulas,…. The,-12.3125,2,2token,not_valid_noun
spatulas,... Show,-12.3125,2,2token,not_valid_noun
spatulas,____ (,-12.3125,2,2token,not_valid_noun
spatulas,... Choose,-12.3125,2,2token,not_valid_noun
spatulas,... Find,-12.3125,2,2token,not_valid_noun
spatulas,... Food,-12.3125,2,2token,not_valid_noun
spatulas,what are,-12.3125,2,2token,not_valid_noun
spatulas,what we,-12.3125,2,2token,not_valid_noun
spatulas,item in,-12.328125,2,2token,not_valid_noun
spatulas,item for,-12.328125,2,2token,incomplete_phrase
spatulas,item used,-12.328125,2,2token,incomplete_phrase
spatulas,breakfast utens,-12.328125,2,2token,incomplete_phrase
spatulas,home utens,-12.328125,2,2token,incomplete_phrase
spatulas,spoon a,-12.34375,2,2token,not_valid_noun
spatulas,a hand,-12.34375,2,2token,not_valid_noun
spatulas,device to,-12.34375,2,2token,not_valid_noun
spatulas,a fruit,-12.34375,2,2token,not_valid_noun
spatulas,What other,-12.34375,2,2token,not_valid_noun
spatulas,food Preparation,-12.34375,2,2token,incomplete_phrase
spatulas,food kitchen,-12.34375,2,2token,incomplete_phrase
spatulas,food serving,-12.34375,2,2token,incomplete_phrase
spatulas,food preparing,-12.34375,2,2token,incomplete_phrase
spatulas,spoon ____,-12.34375,2,2token,not_valid_noun
spatulas,spoon like,-12.34375,2,2token,incomplete_phrase
spatulas,metal for,-12.34375,2,2token,incomplete_phrase
spatulas,food ______,-12.34375,2,2token,not_valid_noun
spatulas,… …,-12.375,2,2token,not_valid_noun
spatulas,Kitchen UT,-12.375,2,2token,not_valid_noun
spatulas,Kitchen .,-12.375,2,2token,not_valid_noun
spatulas,These,-12.375,1,single_token,not_valid_noun
spatulas,Table,-12.375,1,single_token,incomplete_phrase
spatulas,vegetables Complete,-12.375,2,2token,not_valid_noun
spatulas,useful utens,-12.375,2,2token,incomplete_phrase
spatulas,You,-12.375,1,single_token,not_valid_noun
spatulas,di,-12.375,1,single_token,not_valid_noun
spatulas,pro,-12.375,1,single_token,incomplete_phrase
spatulas,on,-12.375,1,single_token,not_valid_noun
spatulas,teaching,-12.375,1,single_token,incomplete_phrase
spatulas,electronic,-12.375,1,single_token,not_valid_noun
spatulas,… complete,-12.375,2,2token,not_valid_noun
spatulas,… To,-12.375,2,2token,not_valid_noun
spatulas,… If,-12.375,2,2token,not_valid_noun
spatulas,… They,-12.375,2,2token,not_valid_noun
spatulas,______ ....,-12.375,2,2token,not_valid_noun
spatulas,flat ...,-12.375,2,2token,not_valid_noun
spatulas,flat,-12.375,2,2token,incomplete_phrase
spatulas,".""",-12.375,1,single_token,not_valid_noun
spatulas,objects Complete,-12.375,2,2token,not_valid_noun
spatulas,_______ a,-12.375,2,2token,not_valid_noun
spatulas,_______ _________,-12.375,2,2token,not_valid_noun
spatulas,knives .,-12.375,2,2token,not_valid_noun
spatulas,? food,-12.375,2,2token,not_valid_noun
spatulas,? The,-12.375,2,2token,not_valid_noun
spatulas,scrap,-12.375,1,single_token,incomplete_phrase
spatulas,_____ I,-12.40625,2,2token,not_valid_noun
spatulas,pan ________,-12.40625,2,2token,not_valid_noun
spatulas,tools are,-12.40625,2,2token,incomplete_phrase
spatulas,cutlery that,-12.40625,2,2token,incomplete_phrase
spatulas,_____ [,-12.40625,2,2token,not_valid_noun
spatulas,_____ TOOLS,-12.40625,2,2token,not_valid_noun
spatulas,_____ Correct,-12.40625,2,2token,not_valid_noun
spatulas,fork ...,-12.40625,2,2token,not_valid_noun
spatulas,tools /,-12.40625,2,2token,not_valid_noun
spatulas,cutlery ____,-12.40625,2,2token,not_valid_noun
spatulas,fork ________,-12.40625,2,2token,not_valid_noun
spatulas,___ food,-12.40625,2,2token,not_valid_noun
spatulas,dish washing,-12.40625,2,2token,incomplete_phrase
spatulas,measuring,-12.40625,2,2token,incomplete_phrase
spatulas,for food,-12.40625,2,2token,not_valid_noun
spatulas,baking .,-12.40625,2,2token,not_valid_noun
spatulas,measuring utensi,-12.40625,2,2token,incomplete_phrase
spatulas,dish utens,-12.40625,2,2token,incomplete_phrase
spatulas,__________ a,-12.40625,2,2token,not_valid_noun
spatulas,_____ __,-12.40625,2,2token,not_valid_noun
spatulas,The answer,-12.421875,2,2token,not_valid_noun
spatulas,... How,-12.4375,2,2token,not_valid_noun
spatulas,... COMPLETE,-12.4375,2,2token,not_valid_noun
spatulas,jobs,-12.4375,1,single_token,not_valid_noun
spatulas,... more,-12.4375,2,2token,not_valid_noun
spatulas,... We,-12.4375,2,2token,not_valid_noun
spatulas,…. Fill,-12.4375,2,2token,not_valid_noun
spatulas,…. a,-12.4375,2,2token,not_valid_noun
spatulas,_ ...,-12.4375,2,2token,not_valid_noun
spatulas,_ Choose,-12.4375,2,2token,not_valid_noun
spatulas,equipment to,-12.4375,2,2token,not_valid_noun
spatulas,_ cutlery,-12.4375,2,2token,not_valid_noun
spatulas,_ ________,-12.4375,2,2token,not_valid_noun
spatulas,sporting,-12.4375,1,single_token,not_valid_noun
spatulas,dinner utens,-12.4375,2,2token,incomplete_phrase
spatulas,pair,-12.4375,1,single_token,incomplete_phrase
spatulas,,-12.4375,1,single_token,not_valid_noun
spatulas,li,-12.4375,1,single_token,not_valid_noun
spatulas,pointed,-12.4375,1,single_token,not_valid_noun
spatulas,what tool,-12.4375,2,2token,not_valid_noun
spatulas,short,-12.4375,1,single_token,incomplete_phrase
spatulas,any,-12.4375,1,single_token,incomplete_phrase
spatulas,heavy,-12.4375,1,single_token,incomplete_phrase
spatulas,J,-12.4375,1,single_token,not_valid_noun
spatulas,weapons,-12.4375,1,single_token,not_valid_noun
spatulas,fixed,-12.4375,1,single_token,not_valid_noun
spatulas,yellow,-12.4375,1,single_token,incomplete_phrase
spatulas,three,-12.4375,1,single_token,incomplete_phrase
spatulas,https,-12.4375,1,single_token,not_valid_noun
spatulas,L,-12.4375,1,single_token,not_valid_noun
spatulas,j,-12.4375,1,single_token,not_valid_noun
spatulas,((,-12.4375,1,single_token,not_valid_noun
spatulas,Other,-12.4375,1,single_token,not_valid_noun
spatulas,no,-12.4375,1,single_token,not_valid_noun
spatulas,but,-12.4375,1,single_token,not_valid_noun
spatulas,clothe,-12.4375,1,single_token,not_valid_noun
spatulas,qu,-12.4375,1,single_token,not_valid_noun
spatulas,fine,-12.4375,1,single_token,incomplete_phrase
spatulas,what .,-12.4375,2,2token,not_valid_noun
spatulas,thing to,-12.453125,2,2token,not_valid_noun
spatulas,plastic utens,-12.453125,2,2token,incomplete_phrase
spatulas,cooker Complete,-12.453125,2,2token,not_valid_noun
spatulas,vegetable .,-12.46875,2,2token,not_valid_noun
spatulas,vegetable pe,-12.46875,2,2token,not_valid_noun
spatulas,knife ____,-12.46875,2,2token,not_valid_noun
spatulas,spoon by,-12.46875,2,2token,not_valid_noun
spatulas,knife with,-12.46875,2,2token,incomplete_phrase
spatulas,food ut,-12.46875,2,2token,not_valid_noun
spatulas,food ____________,-12.46875,2,2token,not_valid_noun
spatulas,metal working,-12.46875,2,2token,incomplete_phrase
spatulas,________ _.,-12.46875,2,2token,not_valid_noun
spatulas,which tool,-12.46875,2,2token,not_valid_noun
spatulas,which of,-12.46875,2,2token,not_valid_noun
spatulas,_________ A,-12.46875,2,2token,not_valid_noun
spatulas,What would,-12.46875,2,2token,not_valid_noun
spatulas,device that,-12.46875,2,2token,incomplete_phrase
spatulas,_________ a,-12.46875,2,2token,not_valid_noun
spatulas,household ____,-12.46875,2,2token,not_valid_noun
spatulas,household _______,-12.46875,2,2token,not_valid_noun
spatulas,the word,-12.46875,2,2token,not_valid_noun
spatulas,food for,-12.46875,2,2token,incomplete_phrase
spatulas,spoon called,-12.46875,2,2token,incomplete_phrase
spatulas,spoon Use,-12.46875,2,2token,incomplete_phrase
spatulas,this is,-12.484375,2,2token,not_valid_noun
spatulas,dir,-12.5,1,single_token,not_valid_noun
spatulas,swe,-12.5,1,single_token,not_valid_noun
spatulas,flat __,-12.5,2,2token,not_valid_noun
spatulas,_______ Choose,-12.5,2,2token,not_valid_noun
spatulas,_______ kitchen,-12.5,2,2token,not_valid_noun
spatulas,_______ utensils,-12.5,2,2token,not_valid_noun
spatulas,_______ food,-12.5,2,2token,not_valid_noun
spatulas,,-12.5,1,single_token,not_valid_noun
spatulas,S,-12.5,1,single_token,not_valid_noun
spatulas,large cooking,-12.5,2,2token,incomplete_phrase
spatulas,【,-12.5,1,single_token,not_valid_noun
spatulas,fo,-12.5,1,single_token,not_valid_noun
spatulas,new,-12.5,1,single_token,not_valid_noun
spatulas,her,-12.5,1,single_token,not_valid_noun
spatulas,like,-12.5,1,single_token,incomplete_phrase
spatulas,rest,-12.5,1,single_token,incomplete_phrase
spatulas,si,-12.5,1,single_token,not_valid_noun
spatulas,‘,-12.5,1,single_token,not_valid_noun
spatulas,side,-12.5,1,single_token,incomplete_phrase
spatulas,nons,-12.5,1,single_token,not_valid_noun
spatulas,{{,-12.5,1,single_token,not_valid_noun
spatulas,flat sharp,-12.5,2,2token,incomplete_phrase
spatulas,flat ______,-12.5,2,2token,not_valid_noun
spatulas,flat thin,-12.5,2,2token,not_valid_noun
spatulas,shovels,-12.5,1,single_token,not_valid_noun
spatulas,obj,-12.5,1,single_token,not_valid_noun
spatulas,cutting .,-12.5,2,2token,not_valid_noun
spatulas,(/,-12.5,1,single_token,not_valid_noun
spatulas,flats,-12.5,1,single_token,not_valid_noun
spatulas,utilities,-12.5,1,single_token,not_valid_noun
spatulas,housekeeping,-12.5,1,single_token,incomplete_phrase
spatulas,toolkit,-12.5,1,single_token,not_valid_noun
spatulas,stoves,-12.5,1,single_token,not_valid_noun
spatulas,...],-12.5,1,single_token,not_valid_noun
spatulas,?...,-12.5,1,single_token,not_valid_noun
spatulas,dangerous,-12.5,1,single_token,not_valid_noun
spatulas,professional,-12.5,1,single_token,incomplete_phrase
spatulas,traditional,-12.5,1,single_token,not_valid_noun
spatulas,→,-12.5,1,single_token,not_valid_noun
spatulas,universal,-12.5,1,single_token,incomplete_phrase
spatulas,machines,-12.5,1,single_token,not_valid_noun
spatulas,materials,-12.5,1,single_token,not_valid_noun
spatulas,agricultural,-12.5,1,single_token,not_valid_noun
spatulas,tiny,-12.5,1,single_token,not_valid_noun
spatulas,lad,-12.5,1,single_token,incomplete_phrase
spatulas,twee,-12.5,1,single_token,not_valid_noun
spatulas,___________ tool,-12.5,2,2token,not_valid_noun
spatulas,… When,-12.5,2,2token,not_valid_noun
spatulas,? Choose,-12.5,2,2token,not_valid_noun
spatulas,… Food,-12.5,2,2token,not_valid_noun
spatulas,… -,-12.5,2,2token,not_valid_noun
spatulas,.............. .,-12.53125,2,2token,not_valid_noun
spatulas,___ _______,-12.53125,2,2token,not_valid_noun
spatulas,___ utensils,-12.53125,2,2token,not_valid_noun
spatulas,___ ...,-12.53125,2,2token,not_valid_noun
spatulas,___ _,-12.53125,2,2token,not_valid_noun
spatulas,cook utens,-12.53125,2,2token,incomplete_phrase
spatulas,__________ ___________,-12.53125,2,2token,not_valid_noun
spatulas,__________ _________,-12.53125,2,2token,not_valid_noun
spatulas,__________ instrument,-12.53125,2,2token,not_valid_noun
spatulas,.... complete,-12.53125,2,2token,not_valid_noun
spatulas,baking ingredient,-12.53125,2,2token,not_valid_noun
spatulas,: Choose,-12.53125,2,2token,not_valid_noun
spatulas,: complete,-12.53125,2,2token,not_valid_noun
spatulas,fruit and,-12.53125,2,2token,incomplete_phrase
spatulas,_____ knife,-12.53125,2,2token,not_valid_noun
spatulas,_____ equipment,-12.53125,2,2token,not_valid_noun
spatulas,pan used,-12.53125,2,2token,incomplete_phrase
spatulas,_____ -,-12.53125,2,2token,not_valid_noun
spatulas,of the,-12.53125,2,2token,not_valid_noun
spatulas,cutlery to,-12.53125,2,2token,not_valid_noun
spatulas,tools Read,-12.53125,2,2token,not_valid_noun
spatulas,.... food,-12.53125,2,2token,not_valid_noun
spatulas,.... ...,-12.53125,2,2token,not_valid_noun
spatulas,.... ?,-12.53125,2,2token,not_valid_noun
spatulas,stove top,-12.53125,2,2token,incomplete_phrase
spatulas,appliance used,-12.53125,2,2token,incomplete_phrase
spatulas,things used,-12.5625,2,2token,incomplete_phrase
spatulas,things that,-12.5625,2,2token,incomplete_phrase
spatulas,culinary Ut,-12.5625,2,2token,not_valid_noun
spatulas,... the,-12.5625,2,2token,not_valid_noun
spatulas,ones,-12.5625,1,single_token,not_valid_noun
spatulas,... ?,-12.5625,2,2token,not_valid_noun
spatulas,gri,-12.5625,1,single_token,not_valid_noun
spatulas,... Select,-12.5625,2,2token,not_valid_noun
spatulas,…… .,-12.5625,2,2token,not_valid_noun
spatulas,cutting or,-12.5625,2,2token,not_valid_noun
spatulas,He,-12.5625,1,single_token,not_valid_noun
spatulas,instrument ....,-12.5625,2,2token,not_valid_noun
spatulas,mass,-12.5625,1,single_token,incomplete_phrase
spatulas,v,-12.5625,1,single_token,not_valid_noun
spatulas,instrument ...,-12.5625,2,2token,not_valid_noun
spatulas,so,-12.5625,1,single_token,not_valid_noun
spatulas,E,-12.5625,1,single_token,not_valid_noun
spatulas,(,-12.5625,2,2token,not_valid_noun
spatulas,long handled,-12.5625,2,2token,not_valid_noun
spatulas,_ ____,-12.5625,2,2token,not_valid_noun
spatulas,_ knife,-12.5625,2,2token,not_valid_noun
spatulas,fancy,-12.5625,1,single_token,incomplete_phrase
spatulas,accessory Complete,-12.5625,2,2token,not_valid_noun
spatulas,golden,-12.5625,1,single_token,not_valid_noun
spatulas,).,-12.5625,1,single_token,not_valid_noun
spatulas,mechanic,-12.5625,1,single_token,incomplete_phrase
spatulas,verbs,-12.5625,1,single_token,not_valid_noun
spatulas,woodworking,-12.5625,1,single_token,incomplete_phrase
spatulas,--------------,-12.5625,1,single_token,not_valid_noun
spatulas,cleaning,-12.5625,2,2token,incomplete_phrase
spatulas,see,-12.5625,1,single_token,incomplete_phrase
spatulas,_ _______,-12.5625,2,2token,not_valid_noun
spatulas,[ ].,-12.578125,2,2token,not_valid_noun
spatulas,thing used,-12.578125,2,2token,incomplete_phrase
spatulas,item of,-12.578125,2,2token,not_valid_noun
spatulas,----- Complete,-12.578125,2,2token,not_valid_noun
spatulas,What Is,-12.59375,2,2token,not_valid_noun
spatulas,object (,-12.59375,2,2token,not_valid_noun
spatulas,spoon :,-12.59375,2,2token,not_valid_noun
spatulas,spoon Fill,-12.59375,2,2token,not_valid_noun
spatulas,spoon type,-12.59375,2,2token,incomplete_phrase
spatulas,utensils with,-12.59375,2,2token,incomplete_phrase
spatulas,",",-12.59375,2,2token,not_valid_noun
spatulas,utensils _______,-12.59375,2,2token,not_valid_noun
spatulas,a kind,-12.59375,2,2token,not_valid_noun
spatulas,eating ____,-12.59375,2,2token,not_valid_noun
spatulas,spoon made,-12.59375,2,2token,incomplete_phrase
spatulas,What else,-12.59375,2,2token,not_valid_noun
spatulas,a table,-12.59375,2,2token,not_valid_noun
spatulas,metal ______,-12.59375,2,2token,not_valid_noun
spatulas,household Ut,-12.59375,2,2token,not_valid_noun
spatulas,a cook,-12.59375,2,2token,not_valid_noun
spatulas,I have,-12.59375,2,2token,not_valid_noun
spatulas,spoon ___________,-12.59375,2,2token,not_valid_noun
spatulas,spoon ….,-12.59375,2,2token,not_valid_noun
spatulas,metal _______,-12.59375,2,2token,not_valid_noun
spatulas,metal in,-12.59375,2,2token,not_valid_noun
spatulas,What utens,-12.59375,2,2token,not_valid_noun
spatulas,knife ______,-12.59375,2,2token,not_valid_noun
spatulas,_________ instrument,-12.59375,2,2token,not_valid_noun
spatulas,_________ knife,-12.59375,2,2token,not_valid_noun
spatulas,where,-12.625,1,single_token,not_valid_noun
spatulas,many,-12.625,1,single_token,not_valid_noun
spatulas,am,-12.625,1,single_token,not_valid_noun
spatulas,...... a,-12.625,2,2token,not_valid_noun
spatulas,sil,-12.625,1,single_token,incomplete_phrase
spatulas,___________ tools,-12.625,2,2token,not_valid_noun
spatulas,kids,-12.625,1,single_token,incomplete_phrase
spatulas,App,-12.625,1,single_token,not_valid_noun
spatulas,...... A,-12.625,2,2token,not_valid_noun
spatulas,_______ complete,-12.625,2,2token,not_valid_noun
spatulas,flat long,-12.625,2,2token,not_valid_noun
spatulas,,-12.625,1,single_token,not_valid_noun
spatulas,? ...,-12.625,2,2token,not_valid_noun
spatulas,restaurants,-12.625,1,single_token,not_valid_noun
spatulas,_______ ?,-12.625,2,2token,not_valid_noun
spatulas,keys,-12.625,1,single_token,not_valid_noun
spatulas,______ _________,-12.625,2,2token,not_valid_noun
spatulas,______ ...,-12.625,2,2token,not_valid_noun
spatulas,used by,-12.625,2,2token,not_valid_noun
spatulas,spoons,-12.625,2,2token,not_valid_noun
spatulas,Kitchen,-12.625,2,2token,incomplete_phrase
spatulas,table .,-12.625,2,2token,not_valid_noun
spatulas,pot or,-12.625,2,2token,not_valid_noun
spatulas,_______ What,-12.625,2,2token,not_valid_noun
spatulas,/ tool,-12.625,2,2token,not_valid_noun
spatulas,ot,-12.625,1,single_token,not_valid_noun
spatulas,… Match,-12.625,2,2token,not_valid_noun
spatulas,cutlery ______,-12.65625,2,2token,not_valid_noun
spatulas,tools ____,-12.65625,2,2token,not_valid_noun
spatulas,fork with,-12.65625,2,2token,not_valid_noun
spatulas,.... Use,-12.65625,2,2token,not_valid_noun
spatulas,__ food,-12.65625,2,2token,not_valid_noun
spatulas,___ ______,-12.65625,2,2token,not_valid_noun
spatulas,___ instrument,-12.65625,2,2token,not_valid_noun
spatulas,___ _____,-12.65625,2,2token,not_valid_noun
spatulas,fork ______,-12.65625,2,2token,not_valid_noun
spatulas,for making,-12.65625,2,2token,not_valid_noun
spatulas,cutlery fruit,-12.65625,2,2token,incomplete_phrase
spatulas,instruments Complete,-12.65625,2,2token,not_valid_noun
spatulas,tools _____,-12.65625,2,2token,not_valid_noun
spatulas,: tool,-12.65625,2,2token,not_valid_noun
spatulas,instruments .,-12.65625,2,2token,not_valid_noun
spatulas,an object,-12.65625,2,2token,not_valid_noun
spatulas,: spoon,-12.65625,2,2token,not_valid_noun
spatulas,_____ Comple,-12.65625,2,2token,not_valid_noun
spatulas,__________ for,-12.65625,2,2token,not_valid_noun
spatulas,The following,-12.671875,2,2token,not_valid_noun
spatulas,other kind,-12.671875,2,2token,incomplete_phrase
spatulas,... To,-12.6875,2,2token,not_valid_noun
spatulas,... Continue,-12.6875,2,2token,not_valid_noun
spatulas,iron .,-12.6875,2,2token,not_valid_noun
spatulas,... An,-12.6875,2,2token,not_valid_noun
spatulas,fast,-12.6875,1,single_token,incomplete_phrase
spatulas,electric,-12.6875,1,single_token,incomplete_phrase
spatulas,Why,-12.6875,1,single_token,not_valid_noun
spatulas,compare,-12.6875,1,single_token,incomplete_phrase
spatulas,... what,-12.6875,2,2token,not_valid_noun
spatulas,... [,-12.6875,2,2token,not_valid_noun
spatulas,... is,-12.6875,2,2token,not_valid_noun
spatulas,... See,-12.6875,2,2token,not_valid_noun
spatulas,..... (,-12.6875,2,2token,not_valid_noun
spatulas,…… Fill,-12.6875,2,2token,not_valid_noun
spatulas,cleaning up,-12.6875,2,2token,not_valid_noun
spatulas,cleaning ut,-12.6875,2,2token,not_valid_noun
spatulas,shiny,-12.6875,1,single_token,not_valid_noun
spatulas,____,-12.6875,2,2token,not_valid_noun
spatulas,____ tool,-12.6875,2,2token,not_valid_noun
spatulas,( cutlery,-12.6875,2,2token,not_valid_noun
spatulas,_ complete,-12.6875,2,2token,not_valid_noun
spatulas,handles,-12.6875,1,single_token,not_valid_noun
spatulas,Bake,-12.6875,1,single_token,not_valid_noun
spatulas,,-12.6875,1,single_token,not_valid_noun
spatulas,what,-12.6875,2,2token,not_valid_noun
spatulas,cuis,-12.6875,1,single_token,not_valid_noun
spatulas,..... Fill,-12.6875,2,2token,not_valid_noun
spatulas,mechanical,-12.6875,1,single_token,not_valid_noun
spatulas,iron Complete,-12.6875,2,2token,not_valid_noun
spatulas,implements that,-12.6875,2,2token,incomplete_phrase
spatulas,implements (,-12.6875,2,2token,not_valid_noun
spatulas,\,-12.6875,1,single_token,not_valid_noun
spatulas,pl,-12.6875,1,single_token,not_valid_noun
spatulas,“,-12.6875,1,single_token,not_valid_noun
spatulas,when,-12.6875,1,single_token,not_valid_noun
spatulas,way,-12.6875,1,single_token,not_valid_noun
spatulas,using,-12.6875,1,single_token,not_valid_noun
spatulas,free,-12.6875,1,single_token,incomplete_phrase
spatulas,contra,-12.6875,1,single_token,incomplete_phrase
spatulas,party,-12.6875,1,single_token,incomplete_phrase
spatulas,fruits and,-12.703125,2,2token,incomplete_phrase
spatulas,----- .,-12.703125,2,2token,not_valid_noun
spatulas,thing Complete,-12.703125,2,2token,not_valid_noun
spatulas,kind Complete,-12.703125,2,2token,not_valid_noun
spatulas,this .,-12.71875,2,2token,not_valid_noun
spatulas,utensils made,-12.71875,2,2token,incomplete_phrase
spatulas,What did,-12.71875,2,2token,not_valid_noun
spatulas,utensils /,-12.71875,2,2token,not_valid_noun
spatulas,a ____________,-12.71875,2,2token,not_valid_noun
spatulas,the instrument,-12.71875,2,2token,not_valid_noun
spatulas,cookware utens,-12.71875,2,2token,not_valid_noun
spatulas,cookware that,-12.71875,2,2token,incomplete_phrase
spatulas,metal and,-12.71875,2,2token,incomplete_phrase
spatulas,helper for,-12.71875,2,2token,incomplete_phrase
spatulas,the spoon,-12.71875,2,2token,not_valid_noun
spatulas,spoon .....,-12.71875,2,2token,not_valid_noun
spatulas,the same,-12.71875,2,2token,not_valid_noun
spatulas,_________ What,-12.71875,2,2token,not_valid_noun
spatulas,_________ Choose,-12.71875,2,2token,not_valid_noun
spatulas,_________ ______,-12.71875,2,2token,not_valid_noun
spatulas,hand .,-12.71875,2,2token,not_valid_noun
spatulas,food that,-12.71875,2,2token,incomplete_phrase
spatulas,colorful,-12.75,1,single_token,not_valid_noun
spatulas,natural,-12.75,1,single_token,incomplete_phrase
spatulas,cr,-12.75,1,single_token,not_valid_noun
spatulas,._,-12.75,1,single_token,not_valid_noun
spatulas,… It,-12.75,2,2token,not_valid_noun
spatulas,tab,-12.75,1,single_token,incomplete_phrase
spatulas,shovel .,-12.75,2,2token,not_valid_noun
spatulas,etc,-12.75,1,single_token,not_valid_noun
spatulas,animals,-12.75,1,single_token,not_valid_noun
spatulas,belong,-12.75,1,single_token,not_valid_noun
spatulas,кухо,-12.75,1,single_token,not_valid_noun
spatulas,ni,-12.75,1,single_token,not_valid_noun
spatulas,slotted,-12.75,1,single_token,not_valid_noun
spatulas,put,-12.75,1,single_token,incomplete_phrase
spatulas,she,-12.75,1,single_token,not_valid_noun
spatulas,? Correct,-12.75,2,2token,not_valid_noun
spatulas,op,-12.75,1,single_token,not_valid_noun
spatulas,...... (,-12.75,2,2token,not_valid_noun
spatulas,versatile,-12.75,1,single_token,not_valid_noun
spatulas,(),-12.75,1,single_token,not_valid_noun
spatulas,Cutting,-12.75,1,single_token,incomplete_phrase
spatulas,CUT,-12.75,1,single_token,incomplete_phrase
spatulas,●,-12.75,1,single_token,not_valid_noun
spatulas,not,-12.75,1,single_token,not_valid_noun
spatulas,""".",-12.75,1,single_token,not_valid_noun
spatulas,raw,-12.75,1,single_token,incomplete_phrase
spatulas,______ knife,-12.75,2,2token,not_valid_noun
spatulas,broken,-12.75,1,single_token,not_valid_noun
spatulas,colored,-12.75,1,single_token,incomplete_phrase
spatulas,imp,-12.75,1,single_token,incomplete_phrase
spatulas,In,-12.75,1,single_token,not_valid_noun
spatulas,be,-12.75,1,single_token,not_valid_noun
spatulas,as,-12.75,1,single_token,not_valid_noun
spatulas,by,-12.75,1,single_token,not_valid_noun
spatulas,objects that,-12.75,2,2token,incomplete_phrase
spatulas,? tool,-12.75,2,2token,not_valid_noun
spatulas,eye,-12.75,1,single_token,incomplete_phrase
spatulas,spreader,-12.75,1,single_token,not_valid_noun
spatulas,sort,-12.75,1,single_token,incomplete_phrase
spatulas,living,-12.75,1,single_token,incomplete_phrase
spatulas,invent,-12.75,1,single_token,not_valid_noun
spatulas,? I,-12.75,2,2token,not_valid_noun
spatulas,La,-12.75,1,single_token,not_valid_noun
spatulas,general,-12.75,1,single_token,incomplete_phrase
spatulas,? ________,-12.75,2,2token,not_valid_noun
spatulas,].,-12.75,1,single_token,not_valid_noun
spatulas,p,-12.75,2,2token,not_valid_noun
spatulas,butcher,-12.75,1,single_token,incomplete_phrase
spatulas,baking,-12.78125,2,2token,incomplete_phrase
spatulas,wooden or,-12.78125,2,2token,not_valid_noun
spatulas,fruit ....,-12.78125,2,2token,not_valid_noun
spatulas,fruit (,-12.78125,2,2token,not_valid_noun
spatulas,__________ ____________,-12.78125,2,2token,not_valid_noun
spatulas,__________ What,-12.78125,2,2token,not_valid_noun
spatulas,tools Answer,-12.78125,2,2token,not_valid_noun
spatulas,cook .,-12.78125,2,2token,not_valid_noun
spatulas,.... I,-12.78125,2,2token,not_valid_noun
spatulas,spatula (,-12.78125,2,2token,not_valid_noun
spatulas,tools a,-12.78125,2,2token,not_valid_noun
spatulas,tools Use,-12.78125,2,2token,incomplete_phrase
spatulas,___ Choose,-12.78125,2,2token,not_valid_noun
spatulas,tools -,-12.78125,2,2token,not_valid_noun
spatulas,pan _______,-12.78125,2,2token,not_valid_noun
spatulas,___ A,-12.78125,2,2token,not_valid_noun
spatulas,__________ used,-12.78125,2,2token,not_valid_noun
spatulas,__________ A,-12.78125,2,2token,not_valid_noun
spatulas,__________ of,-12.78125,2,2token,not_valid_noun
spatulas,__________ and,-12.78125,2,2token,not_valid_noun
spatulas,tools made,-12.78125,2,2token,incomplete_phrase
spatulas,___ ________,-12.78125,2,2token,not_valid_noun
spatulas,___ What,-12.78125,2,2token,not_valid_noun
spatulas,appliance in,-12.78125,2,2token,not_valid_noun
spatulas,....... Fill,-12.78125,2,2token,not_valid_noun
spatulas,gadget Complete,-12.78125,2,2token,not_valid_noun
spatulas,The verb,-12.796875,2,2token,not_valid_noun
spatulas,dining room,-12.796875,2,2token,incomplete_phrase
spatulas,equipment (,-12.8125,2,2token,not_valid_noun
spatulas,instrument with,-12.8125,2,2token,incomplete_phrase
spatulas,eq,-12.8125,1,single_token,not_valid_noun
spatulas,pointing,-12.8125,1,single_token,not_valid_noun
spatulas,material used,-12.8125,2,2token,incomplete_phrase
spatulas,_ ______,-12.8125,2,2token,not_valid_noun
spatulas,_ What,-12.8125,2,2token,not_valid_noun
spatulas,_ A,-12.8125,2,2token,not_valid_noun
spatulas,( _,-12.8125,2,2token,not_valid_noun
spatulas,... are,-12.8125,2,2token,not_valid_noun
spatulas,long kitchen,-12.8125,2,2token,incomplete_phrase
spatulas,small piece,-12.8125,2,2token,incomplete_phrase
spatulas,accessory for,-12.8125,2,2token,incomplete_phrase
spatulas,implement which,-12.8125,2,2token,incomplete_phrase
spatulas,what instrument,-12.8125,2,2token,not_valid_noun
spatulas,has,-12.8125,1,single_token,not_valid_noun
spatulas,there,-12.8125,1,single_token,incomplete_phrase
spatulas,bea,-12.8125,1,single_token,not_valid_noun
spatulas,ti,-12.8125,1,single_token,not_valid_noun
spatulas,things to,-12.8125,2,2token,not_valid_noun
spatulas,workers,-12.8125,1,single_token,not_valid_noun
spatulas,,-12.8125,1,single_token,not_valid_noun
spatulas,picnic,-12.8125,1,single_token,incomplete_phrase
spatulas,…. Choose,-12.8125,2,2token,not_valid_noun
spatulas,why,-12.8125,1,single_token,not_valid_noun
spatulas,…… complete,-12.8125,2,2token,not_valid_noun
spatulas,unif,-12.8125,1,single_token,not_valid_noun
spatulas,... kitchen,-12.8125,2,2token,not_valid_noun
spatulas,... Correct,-12.8125,2,2token,not_valid_noun
spatulas,... and,-12.8125,2,2token,not_valid_noun
spatulas,cooks ut,-12.8125,2,2token,not_valid_noun
spatulas,... This,-12.8125,2,2token,not_valid_noun
spatulas,plastic kitchen,-12.828125,2,2token,incomplete_phrase
spatulas,spoon shaped,-12.84375,2,2token,incomplete_phrase
spatulas,a cookware,-12.84375,2,2token,not_valid_noun
spatulas,food -,-12.84375,2,2token,not_valid_noun
spatulas,What you,-12.84375,2,2token,not_valid_noun
spatulas,appliances Complete,-12.84375,2,2token,not_valid_noun
spatulas,measuring ...,-12.84375,2,2token,not_valid_noun
spatulas,utensils ________,-12.84375,2,2token,not_valid_noun
spatulas,", kitchen",-12.84375,2,2token,not_valid_noun
spatulas,", they",-12.84375,2,2token,not_valid_noun
spatulas,", the",-12.84375,2,2token,not_valid_noun
spatulas,a (,-12.84375,2,2token,not_valid_noun
spatulas,a _,-12.84375,2,2token,not_valid_noun
spatulas,spoon utens,-12.84375,2,2token,incomplete_phrase
spatulas,vegetable peel,-12.84375,2,2token,incomplete_phrase
spatulas,knife that,-12.84375,2,2token,incomplete_phrase
spatulas,food to,-12.84375,2,2token,not_valid_noun
spatulas,spoon …,-12.84375,2,2token,not_valid_noun
spatulas,the utensils,-12.84375,2,2token,not_valid_noun
spatulas,the cutlery,-12.84375,2,2token,not_valid_noun
spatulas,which kitchen,-12.84375,2,2token,not_valid_noun
spatulas,cookware for,-12.84375,2,2token,incomplete_phrase
spatulas,which kind,-12.84375,2,2token,not_valid_noun
spatulas,which can,-12.84375,2,2token,not_valid_noun
spatulas,_________ of,-12.84375,2,2token,not_valid_noun
spatulas,_________ and,-12.84375,2,2token,not_valid_noun
spatulas,spoon True,-12.84375,2,2token,incomplete_phrase
spatulas,food you,-12.84375,2,2token,incomplete_phrase
spatulas,_________ ?,-12.84375,2,2token,not_valid_noun
spatulas,_________ complete,-12.84375,2,2token,not_valid_noun
spatulas,_________ ___________,-12.84375,2,2token,not_valid_noun
spatulas,_________ kitchen,-12.84375,2,2token,not_valid_noun
spatulas,", tools",-12.84375,2,2token,not_valid_noun
spatulas,a cleaning,-12.84375,2,2token,not_valid_noun
spatulas,", such",-12.84375,2,2token,not_valid_noun
spatulas,knife utens,-12.84375,2,2token,incomplete_phrase
spatulas,spoon What,-12.84375,2,2token,not_valid_noun
spatulas,sweeping,-12.875,1,single_token,incomplete_phrase
spatulas,used kitchen,-12.875,2,2token,incomplete_phrase
spatulas,kuch,-12.875,1,single_token,not_valid_noun
spatulas,/ are,-12.875,2,2token,not_valid_noun
spatulas,...... Fill,-12.875,2,2token,not_valid_noun
spatulas,_______ Use,-12.875,2,2token,not_valid_noun
spatulas,_______ of,-12.875,2,2token,not_valid_noun
spatulas,Can,-12.875,1,single_token,incomplete_phrase
spatulas,? fruit,-12.875,2,2token,not_valid_noun
spatulas,Küche,-12.875,1,single_token,not_valid_noun
spatulas,_______ The,-12.875,2,2token,not_valid_noun
spatulas,A kitchen,-12.875,2,2token,not_valid_noun
spatulas,? kitchen,-12.875,2,2token,not_valid_noun
spatulas,pos,-12.875,1,single_token,not_valid_noun
spatulas,_______ Tools,-12.875,2,2token,not_valid_noun
spatulas,bend,-12.875,1,single_token,incomplete_phrase
spatulas,… ?,-12.875,2,2token,not_valid_noun
spatulas,kid,-12.875,1,single_token,not_valid_noun
spatulas,modern,-12.875,1,single_token,incomplete_phrase
spatulas,fire,-12.875,1,single_token,incomplete_phrase
spatulas,spoons (,-12.875,2,2token,not_valid_noun
spatulas,/ kinds,-12.875,2,2token,not_valid_noun
spatulas,useless,-12.875,1,single_token,not_valid_noun
spatulas,from,-12.875,1,single_token,not_valid_noun
spatulas,wok,-12.875,1,single_token,not_valid_noun
spatulas,arts,-12.875,1,single_token,incomplete_phrase
spatulas,used with,-12.875,2,2token,not_valid_noun
spatulas,_______ ....,-12.875,2,2token,not_valid_noun
spatulas,tableware (,-12.875,2,2token,not_valid_noun
spatulas,container Complete,-12.875,2,2token,not_valid_noun
spatulas,.... Match,-12.90625,2,2token,not_valid_noun
spatulas,dessert Complete,-12.90625,2,2token,not_valid_noun
spatulas,__ (,-12.90625,2,2token,not_valid_noun
spatulas,.... Select,-12.90625,2,2token,not_valid_noun
spatulas,__ tools,-12.90625,2,2token,not_valid_noun
spatulas,bla bla,-12.90625,2,2token,not_valid_noun
spatulas,___ Tools,-12.90625,2,2token,not_valid_noun
spatulas,tools .....,-12.90625,2,2token,not_valid_noun
spatulas,tools :,-12.90625,2,2token,not_valid_noun
spatulas,cook ...,-12.90625,2,2token,not_valid_noun
spatulas,__________ Choose,-12.90625,2,2token,not_valid_noun
spatulas,__________ kitchen,-12.90625,2,2token,not_valid_noun
spatulas,______ What,-12.90625,2,2token,not_valid_noun
spatulas,______ that,-12.90625,2,2token,not_valid_noun
spatulas,______ for,-12.90625,2,2token,not_valid_noun
spatulas,__________ Use,-12.90625,2,2token,not_valid_noun
spatulas,__________ food,-12.90625,2,2token,not_valid_noun
spatulas,tools ….,-12.90625,2,2token,not_valid_noun
spatulas,: cutlery,-12.90625,2,2token,not_valid_noun
spatulas,sharp pointed,-12.90625,2,2token,not_valid_noun
spatulas,pan and,-12.90625,2,2token,incomplete_phrase
spatulas,__________ that,-12.90625,2,2token,not_valid_noun
spatulas,__________ ?,-12.90625,2,2token,not_valid_noun
spatulas,eating equip,-12.90625,2,2token,incomplete_phrase
spatulas,eating app,-12.90625,2,2token,incomplete_phrase
spatulas,of of,-12.90625,2,2token,not_valid_noun
spatulas,______ and,-12.90625,2,2token,not_valid_noun
spatulas,__________ ______,-12.90625,2,2token,not_valid_noun
spatulas,__________ utensils,-12.90625,2,2token,not_valid_noun
spatulas,.... Answer,-12.90625,2,2token,not_valid_noun
spatulas,.... tool,-12.90625,2,2token,not_valid_noun
spatulas,__ ____,-12.90625,2,2token,not_valid_noun
spatulas,brush .,-12.90625,2,2token,not_valid_noun
spatulas,applic,-12.9375,1,single_token,not_valid_noun
spatulas,what kitchen,-12.9375,2,2token,not_valid_noun
spatulas,_ fork,-12.9375,2,2token,not_valid_noun
spatulas,cuts,-12.9375,1,single_token,not_valid_noun
spatulas,_ Tools,-12.9375,2,2token,not_valid_noun
spatulas,instrument Used,-12.9375,2,2token,incomplete_phrase
spatulas,instrument _______,-12.9375,2,2token,not_valid_noun
spatulas,long thin,-12.9375,2,2token,not_valid_noun
spatulas,material for,-12.9375,2,2token,incomplete_phrase
spatulas,_ cooking,-12.9375,2,2token,not_valid_noun
spatulas,cleaning ...,-12.9375,2,2token,not_valid_noun
spatulas,supplies,-12.9375,1,single_token,not_valid_noun
spatulas,manual,-12.9375,1,single_token,incomplete_phrase
spatulas,+,-12.9375,1,single_token,not_valid_noun
spatulas,play,-12.9375,1,single_token,incomplete_phrase
spatulas,,-12.9375,1,single_token,not_valid_noun
spatulas,your,-12.9375,1,single_token,incomplete_phrase
spatulas,d,-12.9375,1,single_token,not_valid_noun
spatulas,○,-12.9375,1,single_token,not_valid_noun
spatulas,instrument complete,-12.9375,2,2token,not_valid_noun
spatulas,wood .,-12.9375,2,2token,not_valid_noun
spatulas,cutting utensi,-12.9375,2,2token,incomplete_phrase
spatulas,words,-12.9375,1,single_token,not_valid_noun
spatulas,pat,-12.9375,1,single_token,incomplete_phrase
spatulas,util,-12.9375,1,single_token,not_valid_noun
spatulas,cool,-12.9375,1,single_token,incomplete_phrase
spatulas,”.,-12.9375,1,single_token,not_valid_noun
spatulas,...',-12.9375,1,single_token,not_valid_noun
spatulas,…. Read,-12.9375,2,2token,not_valid_noun
spatulas,…. (,-12.9375,2,2token,not_valid_noun
spatulas,…. Write,-12.9375,2,2token,not_valid_noun
spatulas,X,-12.9375,1,single_token,not_valid_noun
spatulas,*.,-12.9375,1,single_token,not_valid_noun
spatulas,knitting,-12.9375,1,single_token,incomplete_phrase
spatulas,decorations,-12.9375,1,single_token,not_valid_noun
spatulas,alat,-12.9375,1,single_token,not_valid_noun
spatulas,hollow,-12.9375,1,single_token,incomplete_phrase
spatulas,to use,-12.953125,2,2token,not_valid_noun
spatulas,...........,-12.953125,2,2token,not_valid_noun
spatulas,home cooking,-12.953125,2,2token,incomplete_phrase
spatulas,.........,-12.953125,2,2token,not_valid_noun
spatulas,fruits Complete,-12.953125,2,2token,not_valid_noun
spatulas,_________ utensils,-12.96875,2,2token,not_valid_noun
spatulas,a ...,-12.96875,2,2token,not_valid_noun
spatulas,a eating,-12.96875,2,2token,not_valid_noun
spatulas,a measuring,-12.96875,2,2token,not_valid_noun
spatulas,_________ ____________,-12.96875,2,2token,not_valid_noun
spatulas,What tools,-12.96875,2,2token,not_valid_noun
spatulas,furniture Complete,-12.96875,2,2token,not_valid_noun
spatulas,What word,-12.96875,2,2token,not_valid_noun
spatulas,pans Complete,-12.96875,2,2token,not_valid_noun
spatulas,a spatula,-12.96875,2,2token,not_valid_noun
spatulas,a __________,-12.96875,2,2token,not_valid_noun
spatulas,_________ food,-12.96875,2,2token,not_valid_noun
spatulas,", utens",-12.96875,2,2token,not_valid_noun
spatulas,", used",-12.96875,2,2token,not_valid_noun
spatulas,knife to,-12.96875,2,2token,not_valid_noun
spatulas,a Ut,-12.96875,2,2token,not_valid_noun
spatulas,metal ...,-12.96875,2,2token,not_valid_noun
spatulas,metal food,-12.96875,2,2token,incomplete_phrase
spatulas,_________ for,-12.96875,2,2token,not_valid_noun
spatulas,I am,-12.96875,2,2token,not_valid_noun
spatulas,object made,-12.96875,2,2token,incomplete_phrase
spatulas,_________ _.,-12.96875,2,2token,not_valid_noun
spatulas,_________ ....,-12.96875,2,2token,not_valid_noun
spatulas,hand held,-12.96875,2,2token,incomplete_phrase
spatulas,cook ut,-12.96875,2,2token,not_valid_noun
spatulas,ind,-13.0,1,single_token,incomplete_phrase
spatulas,My,-13.0,1,single_token,not_valid_noun
spatulas,large flat,-13.0,2,2token,incomplete_phrase
spatulas,She,-13.0,1,single_token,not_valid_noun
spatulas,Cooking ut,-13.0,2,2token,not_valid_noun
spatulas,having,-13.0,1,single_token,not_valid_noun
spatulas,pot,-13.0,2,2token,not_valid_noun
spatulas,objects .,-13.0,2,2token,not_valid_noun
spatulas,objects in,-13.0,2,2token,not_valid_noun
spatulas,rolling,-13.0,1,single_token,incomplete_phrase
spatulas,。,-13.0,1,single_token,not_valid_noun
spatulas,carpentry,-13.0,1,single_token,incomplete_phrase
spatulas,woods,-13.0,1,single_token,not_valid_noun
spatulas,stor,-13.0,1,single_token,not_valid_noun
spatulas,gast,-13.0,1,single_token,incomplete_phrase
spatulas,warm,-13.0,1,single_token,not_valid_noun
spatulas,han,-13.0,1,single_token,incomplete_phrase
spatulas,various,-13.0,1,single_token,not_valid_noun
spatulas,There,-13.0,1,single_token,incomplete_phrase
spatulas,table top,-13.0,2,2token,incomplete_phrase
spatulas,table flat,-13.0,2,2token,incomplete_phrase
spatulas,table,-13.0,2,2token,incomplete_phrase
spatulas,sho,-13.0,1,single_token,not_valid_noun
spatulas,equ,-13.0,1,single_token,not_valid_noun
spatulas,tri,-13.0,1,single_token,not_valid_noun
spatulas,_______ in,-13.0,2,2token,not_valid_noun
spatulas,>,-13.0,1,single_token,not_valid_noun
spatulas,,-13.0,1,single_token,not_valid_noun
spatulas,sy,-13.0,1,single_token,not_valid_noun
spatulas,___________ ________,-13.0,2,2token,not_valid_noun
spatulas,___________ Fill,-13.0,2,2token,not_valid_noun
spatulas,cutting ...,-13.0,2,2token,not_valid_noun
spatulas,… Correct,-13.0,2,2token,not_valid_noun
spatulas,… An,-13.0,2,2token,not_valid_noun
spatulas,… Tools,-13.0,2,2token,not_valid_noun
spatulas,_______ used,-13.0,2,2token,not_valid_noun
spatulas,_______ that,-13.0,2,2token,not_valid_noun
spatulas,_______ for,-13.0,2,2token,not_valid_noun
spatulas,_______ ...,-13.0,2,2token,not_valid_noun
spatulas,........,-13.015625,2,2token,not_valid_noun
spatulas,an kitchen,-13.03125,2,2token,not_valid_noun
spatulas,chef utens,-13.03125,2,2token,incomplete_phrase
spatulas,....... A,-13.03125,2,2token,not_valid_noun
spatulas,....... a,-13.03125,2,2token,not_valid_noun
spatulas,__________ knife,-13.03125,2,2token,not_valid_noun
spatulas,__________ equipment,-13.03125,2,2token,not_valid_noun
spatulas,eating ______,-13.03125,2,2token,not_valid_noun
spatulas,for the,-13.03125,2,2token,not_valid_noun
spatulas,Spoon .,-13.03125,2,2token,not_valid_noun
spatulas,______ COMPLETE,-13.03125,2,2token,not_valid_noun
spatulas,______ _.,-13.03125,2,2token,not_valid_noun
spatulas,__________ _.,-13.03125,2,2token,not_valid_noun
spatulas,______ used,-13.03125,2,2token,not_valid_noun
spatulas,______ of,-13.03125,2,2token,not_valid_noun
spatulas,______ or,-13.03125,2,2token,not_valid_noun
spatulas,______ in,-13.03125,2,2token,not_valid_noun
spatulas,of metal,-13.03125,2,2token,not_valid_noun
spatulas,______ Tools,-13.03125,2,2token,not_valid_noun
spatulas,______ Select,-13.03125,2,2token,not_valid_noun
spatulas,______ _,-13.03125,2,2token,not_valid_noun
spatulas,instrument made,-13.03125,2,2token,incomplete_phrase
spatulas,instrument ________,-13.03125,2,2token,not_valid_noun
spatulas,baking ...,-13.03125,2,2token,not_valid_noun
spatulas,baking ________,-13.03125,2,2token,not_valid_noun
spatulas,__________ _,-13.03125,2,2token,not_valid_noun
spatulas,cutlery which,-13.03125,2,2token,incomplete_phrase
spatulas,cutlery -,-13.03125,2,2token,not_valid_noun
spatulas,cutlery .....,-13.03125,2,2token,not_valid_noun
spatulas,tools we,-13.03125,2,2token,not_valid_noun
spatulas,fruit or,-13.03125,2,2token,not_valid_noun
spatulas,tools,-13.03125,2,2token,not_valid_noun
spatulas,cutlery with,-13.03125,2,2token,incomplete_phrase
spatulas,cutlery Set,-13.03125,2,2token,incomplete_phrase
spatulas,appliance that,-13.03125,2,2token,incomplete_phrase
spatulas,.... In,-13.03125,2,2token,not_valid_noun
spatulas,wooden .,-13.03125,2,2token,not_valid_noun
spatulas,appliance (,-13.03125,2,2token,not_valid_noun
spatulas,.... tools,-13.03125,2,2token,not_valid_noun
spatulas,tools …,-13.03125,2,2token,not_valid_noun
spatulas,ladle Complete,-13.03125,2,2token,not_valid_noun
spatulas,.... fruit,-13.03125,2,2token,not_valid_noun
spatulas,fruit kitchen,-13.03125,2,2token,incomplete_phrase
spatulas,fruit cutting,-13.03125,2,2token,incomplete_phrase
spatulas,sharp cutting,-13.03125,2,2token,incomplete_phrase
spatulas,fork utens,-13.03125,2,2token,incomplete_phrase
spatulas,___ Use,-13.03125,2,2token,not_valid_noun
spatulas,eating ...,-13.03125,2,2token,not_valid_noun
spatulas,fork for,-13.03125,2,2token,not_valid_noun
spatulas,eating ________,-13.03125,2,2token,not_valid_noun
spatulas,: (,-13.03125,2,2token,not_valid_noun
spatulas,: A,-13.03125,2,2token,not_valid_noun
spatulas,: cooking,-13.03125,2,2token,not_valid_noun
spatulas,fork in,-13.03125,2,2token,not_valid_noun
spatulas,: utensils,-13.03125,2,2token,not_valid_noun
spatulas,The kitchen,-13.046875,2,2token,not_valid_noun
spatulas,soups,-13.0625,1,single_token,not_valid_noun
spatulas,cutters,-13.0625,1,single_token,not_valid_noun
spatulas,... in,-13.0625,2,2token,not_valid_noun
spatulas,blade Complete,-13.0625,2,2token,not_valid_noun
spatulas,lan,-13.0625,1,single_token,incomplete_phrase
spatulas,daily,-13.0625,1,single_token,incomplete_phrase
spatulas,_ -,-13.0625,2,2token,not_valid_noun
spatulas,apar,-13.0625,1,single_token,incomplete_phrase
spatulas,material Complete,-13.0625,2,2token,not_valid_noun
spatulas,_ ?,-13.0625,2,2token,not_valid_noun
spatulas,::,-13.0625,1,single_token,not_valid_noun
spatulas,…. In,-13.0625,2,2token,not_valid_noun
spatulas,implements to,-13.0625,2,2token,not_valid_noun
spatulas,boats,-13.0625,1,single_token,not_valid_noun
spatulas,$$,-13.0625,1,single_token,not_valid_noun
spatulas,( ).,-13.0625,2,2token,not_valid_noun
spatulas,spa,-13.0625,1,single_token,incomplete_phrase
spatulas,mixed,-13.0625,1,single_token,not_valid_noun
spatulas,_ fruit,-13.0625,2,2token,not_valid_noun
spatulas,Ap,-13.0625,1,single_token,not_valid_noun
spatulas,practical,-13.0625,1,single_token,not_valid_noun
spatulas,..... The,-13.0625,2,2token,not_valid_noun
spatulas,beauty,-13.0625,1,single_token,incomplete_phrase
spatulas,…. .,-13.0625,2,2token,not_valid_noun
spatulas,..... What,-13.0625,2,2token,not_valid_noun
spatulas,fl,-13.0625,1,single_token,not_valid_noun
spatulas,commonly,-13.0625,1,single_token,not_valid_noun
spatulas,small wooden,-13.0625,2,2token,incomplete_phrase
spatulas,dirty,-13.0625,1,single_token,not_valid_noun
spatulas,_ spoons,-13.0625,2,2token,not_valid_noun
spatulas,strange,-13.0625,1,single_token,not_valid_noun
spatulas,online,-13.0625,1,single_token,not_valid_noun
spatulas,►,-13.0625,1,single_token,not_valid_noun
spatulas,acess,-13.0625,1,single_token,not_valid_noun
spatulas,far,-13.0625,1,single_token,incomplete_phrase
spatulas,long handle,-13.0625,2,2token,incomplete_phrase
spatulas,____ tools,-13.0625,2,2token,not_valid_noun
spatulas,implements in,-13.0625,2,2token,not_valid_noun
spatulas,implements,-13.0625,2,2token,not_valid_noun
spatulas,dig,-13.0625,1,single_token,incomplete_phrase
spatulas,item that,-13.078125,2,2token,incomplete_phrase
spatulas,What Are,-13.09375,2,2token,not_valid_noun
spatulas,_________ Use,-13.09375,2,2token,not_valid_noun
spatulas,_________ Tools,-13.09375,2,2token,not_valid_noun
spatulas,_________ The,-13.09375,2,2token,not_valid_noun
spatulas,", or",-13.09375,2,2token,not_valid_noun
spatulas,a tools,-13.09375,2,2token,not_valid_noun
spatulas,_________ __________,-13.09375,2,2token,not_valid_noun
spatulas,I,-13.09375,2,2token,not_valid_noun
spatulas,________ _______,-13.09375,2,2token,not_valid_noun
spatulas,household ____________,-13.09375,2,2token,not_valid_noun
spatulas,What was,-13.09375,2,2token,not_valid_noun
spatulas,What color,-13.09375,2,2token,not_valid_noun
spatulas,a device,-13.09375,2,2token,not_valid_noun
spatulas,the Kitchen,-13.09375,2,2token,not_valid_noun
spatulas,a chef,-13.09375,2,2token,not_valid_noun
spatulas,", (",-13.09375,2,2token,not_valid_noun
spatulas,What should,-13.09375,2,2token,not_valid_noun
spatulas,cookware complete,-13.09375,2,2token,not_valid_noun
spatulas,pastry utens,-13.09375,2,2token,incomplete_phrase
spatulas,vegetable cutting,-13.09375,2,2token,incomplete_phrase
spatulas,pans .,-13.09375,2,2token,not_valid_noun
spatulas,cake baking,-13.09375,2,2token,incomplete_phrase
spatulas,large utens,-13.125,2,2token,incomplete_phrase
spatulas,A kind,-13.125,2,2token,not_valid_noun
spatulas,p a,-13.125,2,2token,not_valid_noun
spatulas,ho,-13.125,1,single_token,not_valid_noun
spatulas,right,-13.125,1,single_token,incomplete_phrase
spatulas,las,-13.125,1,single_token,incomplete_phrase
spatulas,every,-13.125,1,single_token,incomplete_phrase
spatulas,handmade,-13.125,1,single_token,not_valid_noun
spatulas,utils,-13.125,1,single_token,not_valid_noun
spatulas,FOR,-13.125,1,single_token,not_valid_noun
spatulas,har,-13.125,1,single_token,not_valid_noun
spatulas,Cleaning,-13.125,1,single_token,incomplete_phrase
spatulas,fridge,-13.125,1,single_token,not_valid_noun
spatulas,pry,-13.125,1,single_token,incomplete_phrase
spatulas,Wooden,-13.125,1,single_token,incomplete_phrase
spatulas,large metal,-13.125,2,2token,incomplete_phrase
spatulas,shel,-13.125,1,single_token,incomplete_phrase
spatulas,prepare,-13.125,1,single_token,not_valid_noun
spatulas,thick,-13.125,1,single_token,incomplete_phrase
spatulas,Sc,-13.125,1,single_token,not_valid_noun
spatulas,~,-13.125,1,single_token,not_valid_noun
spatulas,industrial,-13.125,1,single_token,not_valid_noun
spatulas,container .,-13.125,2,2token,not_valid_noun
spatulas,used as,-13.125,2,2token,not_valid_noun
spatulas,pocket,-13.125,1,single_token,incomplete_phrase
spatulas,Important,-13.125,1,single_token,not_valid_noun
spatulas,? utens,-13.125,2,2token,not_valid_noun
spatulas,… See,-13.125,2,2token,not_valid_noun
spatulas,silverware (,-13.125,2,2token,not_valid_noun
spatulas,? _,-13.125,2,2token,not_valid_noun
spatulas,… All,-13.125,2,2token,not_valid_noun
spatulas,… kitchen,-13.125,2,2token,not_valid_noun
spatulas,… Show,-13.125,2,2token,not_valid_noun
spatulas,/ used,-13.125,2,2token,not_valid_noun
spatulas,useful cooking,-13.125,2,2token,incomplete_phrase
spatulas,cuisine Complete,-13.140625,2,2token,not_valid_noun
spatulas,an appliance,-13.15625,2,2token,not_valid_noun
spatulas,- (,-13.15625,2,2token,not_valid_noun
spatulas,dessert .,-13.15625,2,2token,not_valid_noun
spatulas,.... Correct,-13.15625,2,2token,not_valid_noun
spatulas,instruments to,-13.15625,2,2token,not_valid_noun
spatulas,....... (,-13.15625,2,2token,not_valid_noun
spatulas,.... ....,-13.15625,2,2token,not_valid_noun
spatulas,.... -,-13.15625,2,2token,not_valid_noun
spatulas,.... Which,-13.15625,2,2token,not_valid_noun
spatulas,tools [,-13.15625,2,2token,not_valid_noun
spatulas,cutlery Fill,-13.15625,2,2token,not_valid_noun
spatulas,cutlery /,-13.15625,2,2token,not_valid_noun
spatulas,: food,-13.15625,2,2token,not_valid_noun
spatulas,fruit ...,-13.15625,2,2token,not_valid_noun
spatulas,of knife,-13.15625,2,2token,not_valid_noun
spatulas,fork used,-13.15625,2,2token,not_valid_noun
spatulas,of eating,-13.15625,2,2token,not_valid_noun
spatulas,______ ?,-13.15625,2,2token,not_valid_noun
spatulas,of equipment,-13.15625,2,2token,not_valid_noun
spatulas,of instrument,-13.15625,2,2token,not_valid_noun
spatulas,pan ______,-13.15625,2,2token,not_valid_noun
spatulas,pan for,-13.15625,2,2token,incomplete_phrase
spatulas,__________ The,-13.15625,2,2token,not_valid_noun
spatulas,__________ in,-13.15625,2,2token,not_valid_noun
spatulas,______ The,-13.15625,2,2token,not_valid_noun
spatulas,_______ and,-13.15625,2,2token,not_valid_noun
spatulas,measuring ut,-13.15625,2,2token,not_valid_noun
spatulas,measuring ________,-13.15625,2,2token,not_valid_noun
spatulas,an eating,-13.15625,2,2token,not_valid_noun
spatulas,instrument /,-13.15625,2,2token,not_valid_noun
spatulas,The correct,-13.171875,2,2token,not_valid_noun
spatulas,_. What,-13.1875,2,2token,not_valid_noun
spatulas,_. Fill,-13.1875,2,2token,not_valid_noun
spatulas,ten,-13.1875,1,single_token,incomplete_phrase
spatulas,…… a,-13.1875,2,2token,not_valid_noun
spatulas,generic,-13.1875,1,single_token,incomplete_phrase
spatulas,fli,-13.1875,1,single_token,not_valid_noun
spatulas,homemade,-13.1875,1,single_token,not_valid_noun
spatulas,dust,-13.1875,1,single_token,incomplete_phrase
spatulas,…. Which,-13.1875,2,2token,not_valid_noun
spatulas,implement ...,-13.1875,2,2token,not_valid_noun
spatulas,implement Used,-13.1875,2,2token,incomplete_phrase
spatulas,Useful,-13.1875,1,single_token,not_valid_noun
spatulas,/.,-13.1875,1,single_token,not_valid_noun
spatulas,mea,-13.1875,1,single_token,not_valid_noun
spatulas,miscellaneous,-13.1875,1,single_token,not_valid_noun
spatulas,ste,-13.1875,1,single_token,not_valid_noun
spatulas,their,-13.1875,1,single_token,incomplete_phrase
spatulas,_ instruments,-13.1875,2,2token,not_valid_noun
spatulas,small sharp,-13.1875,2,2token,incomplete_phrase
spatulas,culinary ut,-13.1875,2,2token,not_valid_noun
spatulas,..... Choose,-13.1875,2,2token,not_valid_noun
spatulas,_.,-13.1875,2,2token,not_valid_noun
spatulas,_. A,-13.1875,2,2token,not_valid_noun
spatulas,_ Tool,-13.1875,2,2token,not_valid_noun
spatulas,equipment of,-13.1875,2,2token,not_valid_noun
spatulas,_ Use,-13.1875,2,2token,not_valid_noun
spatulas,_ The,-13.1875,2,2token,not_valid_noun
spatulas,long metal,-13.1875,2,2token,incomplete_phrase
spatulas,se,-13.1875,1,single_token,not_valid_noun
spatulas,if,-13.1875,1,single_token,not_valid_noun
spatulas,Baking,-13.1875,1,single_token,incomplete_phrase
spatulas,regular,-13.1875,1,single_token,incomplete_phrase
spatulas,…… (,-13.1875,2,2token,not_valid_noun
spatulas,called,-13.1875,1,single_token,not_valid_noun
spatulas,bad,-13.1875,1,single_token,incomplete_phrase
spatulas,chopsticks,-13.1875,1,single_token,not_valid_noun
spatulas,home kitchen,-13.203125,2,2token,incomplete_phrase
spatulas,metal ____,-13.21875,2,2token,not_valid_noun
spatulas,utensils a,-13.21875,2,2token,not_valid_noun
spatulas,object of,-13.21875,2,2token,not_valid_noun
spatulas,________ Fill,-13.21875,2,2token,not_valid_noun
spatulas,cookware ...,-13.21875,2,2token,not_valid_noun
spatulas,cookware and,-13.21875,2,2token,incomplete_phrase
spatulas,cookware ....,-13.21875,2,2token,not_valid_noun
spatulas,metal worker,-13.21875,2,2token,incomplete_phrase
spatulas,thing you,-13.21875,2,2token,incomplete_phrase
spatulas,which utens,-13.21875,2,2token,not_valid_noun
spatulas,which one,-13.21875,2,2token,not_valid_noun
spatulas,I can,-13.21875,2,2token,not_valid_noun
spatulas,________ a,-13.21875,2,2token,not_valid_noun
spatulas,object which,-13.21875,2,2token,incomplete_phrase
spatulas,eating supp,-13.21875,2,2token,incomplete_phrase
spatulas,eating kitchen,-13.21875,2,2token,incomplete_phrase
spatulas,eating too,-13.21875,2,2token,not_valid_noun
spatulas,dish cleaning,-13.21875,2,2token,incomplete_phrase
spatulas,What a,-13.21875,2,2token,not_valid_noun
spatulas,What kitchen,-13.21875,2,2token,not_valid_noun
spatulas,oven,-13.21875,2,2token,incomplete_phrase
spatulas,helper .,-13.21875,2,2token,not_valid_noun
spatulas,utensils [,-13.21875,2,2token,not_valid_noun
spatulas,utensils are,-13.21875,2,2token,incomplete_phrase
spatulas,utensils ______,-13.21875,2,2token,not_valid_noun
spatulas,knife _____,-13.21875,2,2token,not_valid_noun
spatulas,_________ in,-13.21875,2,2token,not_valid_noun
spatulas,a household,-13.21875,2,2token,not_valid_noun
spatulas,a culinary,-13.21875,2,2token,not_valid_noun
spatulas,a _________,-13.21875,2,2token,not_valid_noun
spatulas,_________,-13.21875,2,2token,not_valid_noun
spatulas,", so",-13.21875,2,2token,not_valid_noun
spatulas,_________ _,-13.21875,2,2token,not_valid_noun
spatulas,_________ or,-13.21875,2,2token,not_valid_noun
spatulas,a pot,-13.21875,2,2token,not_valid_noun
spatulas,kitchens .,-13.21875,2,2token,not_valid_noun
spatulas,toy Complete,-13.234375,2,2token,not_valid_noun
spatulas,*****,-13.25,1,single_token,not_valid_noun
spatulas,:.,-13.25,1,single_token,not_valid_noun
spatulas,¬,-13.25,1,single_token,not_valid_noun
spatulas,foodstuffs,-13.25,1,single_token,not_valid_noun
spatulas,Crock,-13.25,1,single_token,incomplete_phrase
spatulas,… tool,-13.25,2,2token,not_valid_noun
spatulas,… [,-13.25,2,2token,not_valid_noun
spatulas,Cooking utensi,-13.25,2,2token,incomplete_phrase
spatulas,objects to,-13.25,2,2token,not_valid_noun
spatulas,dishes Complete,-13.25,2,2token,not_valid_noun
spatulas,… Home,-13.25,2,2token,not_valid_noun
spatulas,certain,-13.25,1,single_token,not_valid_noun
spatulas,fi,-13.25,1,single_token,not_valid_noun
spatulas,vegetables .,-13.25,2,2token,not_valid_noun
spatulas,/ an,-13.25,2,2token,not_valid_noun
spatulas,cl,-13.25,1,single_token,not_valid_noun
spatulas,articles,-13.25,1,single_token,not_valid_noun
spatulas,sometimes,-13.25,1,single_token,not_valid_noun
spatulas,………… Complete,-13.25,2,2token,not_valid_noun
spatulas,...... ?,-13.25,2,2token,not_valid_noun
spatulas,great,-13.25,1,single_token,incomplete_phrase
spatulas,being,-13.25,1,single_token,not_valid_noun
spatulas,ne,-13.25,1,single_token,not_valid_noun
spatulas,French,-13.25,1,single_token,incomplete_phrase
spatulas,pictures,-13.25,1,single_token,not_valid_noun
spatulas,us,-13.25,1,single_token,not_valid_noun
spatulas,),-13.25,1,single_token,not_valid_noun
spatulas,safety,-13.25,1,single_token,incomplete_phrase
spatulas,melting,-13.25,1,single_token,incomplete_phrase
spatulas,nouns,-13.25,1,single_token,not_valid_noun
spatulas,hunting,-13.25,1,single_token,incomplete_phrase
spatulas,to cook,-13.265625,2,2token,not_valid_noun
spatulas,to the,-13.265625,2,2token,not_valid_noun
spatulas,shape Complete,-13.265625,2,2token,not_valid_noun
spatulas,instrument Read,-13.28125,2,2token,not_valid_noun
spatulas,__________ -,-13.28125,2,2token,not_valid_noun
spatulas,___ for,-13.28125,2,2token,not_valid_noun
spatulas,__________ or,-13.28125,2,2token,not_valid_noun
spatulas,______ Use,-13.28125,2,2token,not_valid_noun
spatulas,instrument Use,-13.28125,2,2token,incomplete_phrase
spatulas,______ Comple,-13.28125,2,2token,not_valid_noun
spatulas,dish ...,-13.28125,2,2token,not_valid_noun
spatulas,___ and,-13.28125,2,2token,not_valid_noun
spatulas,______ -,-13.28125,2,2token,not_valid_noun
spatulas,___ knife,-13.28125,2,2token,not_valid_noun
spatulas,__________ ____,-13.28125,2,2token,not_valid_noun
spatulas,_______ ___________,-13.28125,2,2token,not_valid_noun
spatulas,_______ _.,-13.28125,2,2token,not_valid_noun
spatulas,___ in,-13.28125,2,2token,not_valid_noun
spatulas,tools _________,-13.28125,2,2token,not_valid_noun
spatulas,- tool,-13.28125,2,2token,not_valid_noun
spatulas,tools ___________,-13.28125,2,2token,not_valid_noun
spatulas,tools on,-13.28125,2,2token,not_valid_noun
spatulas,tools Edit,-13.28125,2,2token,incomplete_phrase
spatulas,tools from,-13.28125,2,2token,incomplete_phrase
spatulas,__________ Tools,-13.28125,2,2token,not_valid_noun
spatulas,for baking,-13.28125,2,2token,not_valid_noun
spatulas,baking ____,-13.28125,2,2token,not_valid_noun
spatulas,appliance to,-13.28125,2,2token,not_valid_noun
spatulas,an implement,-13.28125,2,2token,not_valid_noun
spatulas,____________ ____________,-13.28125,2,2token,not_valid_noun
spatulas,cutlery _____,-13.28125,2,2token,not_valid_noun
spatulas,of spoons,-13.28125,2,2token,not_valid_noun
spatulas,fork ____,-13.28125,2,2token,not_valid_noun
spatulas,baking ______,-13.28125,2,2token,not_valid_noun
spatulas,baking equip,-13.28125,2,2token,incomplete_phrase
spatulas,baking kitchen,-13.28125,2,2token,incomplete_phrase
spatulas,'.,-13.3125,1,single_token,not_valid_noun
spatulas,accessory in,-13.3125,2,2token,not_valid_noun
spatulas,scal,-13.3125,1,single_token,not_valid_noun
spatulas,recipes,-13.3125,1,single_token,not_valid_noun
spatulas,lids,-13.3125,1,single_token,not_valid_noun
spatulas,uh,-13.3125,1,single_token,not_valid_noun
spatulas,culinary .,-13.3125,2,2token,not_valid_noun
spatulas,disposable,-13.3125,1,single_token,incomplete_phrase
spatulas,mash,-13.3125,1,single_token,incomplete_phrase
spatulas,dental,-13.3125,1,single_token,incomplete_phrase
spatulas,accessory .,-13.3125,2,2token,not_valid_noun
spatulas,doo,-13.3125,1,single_token,not_valid_noun
spatulas,folding,-13.3125,1,single_token,incomplete_phrase
spatulas,implement ....,-13.3125,2,2token,not_valid_noun
spatulas,implement complete,-13.3125,2,2token,not_valid_noun
spatulas,cutting ____,-13.3125,2,2token,not_valid_noun
spatulas,…… A,-13.3125,2,2token,not_valid_noun
spatulas,_ equipment,-13.3125,2,2token,not_valid_noun
spatulas,,-13.3125,1,single_token,not_valid_noun
spatulas,T,-13.3125,1,single_token,not_valid_noun
spatulas,long utens,-13.3125,2,2token,incomplete_phrase
spatulas,implement with,-13.3125,2,2token,not_valid_noun
spatulas,…. Answer,-13.3125,2,2token,not_valid_noun
spatulas,…. Use,-13.3125,2,2token,not_valid_noun
spatulas,…. ...,-13.3125,2,2token,not_valid_noun
spatulas,…. I,-13.3125,2,2token,not_valid_noun
spatulas,_. The,-13.3125,2,2token,not_valid_noun
spatulas,XXXX,-13.3125,1,single_token,not_valid_noun
spatulas,than,-13.3125,1,single_token,not_valid_noun
spatulas,smaller,-13.3125,1,single_token,not_valid_noun
spatulas,expensive,-13.3125,1,single_token,not_valid_noun
spatulas,mens,-13.3125,1,single_token,not_valid_noun
spatulas,drawing,-13.3125,1,single_token,incomplete_phrase
spatulas,coo,-13.3125,1,single_token,incomplete_phrase
spatulas,uni,-13.3125,1,single_token,not_valid_noun
spatulas,,-13.3125,1,single_token,not_valid_noun
spatulas,Un,-13.3125,1,single_token,not_valid_noun
spatulas,same,-13.3125,1,single_token,incomplete_phrase
spatulas,mu,-13.3125,1,single_token,not_valid_noun
spatulas,oven Ut,-13.34375,2,2token,not_valid_noun
spatulas,device .,-13.34375,2,2token,not_valid_noun
spatulas,oven utensi,-13.34375,2,2token,incomplete_phrase
spatulas,gardening utens,-13.34375,2,2token,incomplete_phrase
spatulas,_________ -,-13.34375,2,2token,not_valid_noun
spatulas,a house,-13.34375,2,2token,not_valid_noun
spatulas,I .,-13.34375,2,2token,not_valid_noun
spatulas,I kitchen,-13.34375,2,2token,not_valid_noun
spatulas,I tool,-13.34375,2,2token,not_valid_noun
spatulas,_________ [,-13.34375,2,2token,not_valid_noun
spatulas,a small,-13.34375,2,2token,not_valid_noun
spatulas,utensils .....,-13.34375,2,2token,not_valid_noun
spatulas,utensils ____,-13.34375,2,2token,not_valid_noun
spatulas,knife Set,-13.34375,2,2token,incomplete_phrase
spatulas,utensils -,-13.34375,2,2token,not_valid_noun
spatulas,knife -,-13.34375,2,2token,not_valid_noun
spatulas,scissors .,-13.34375,2,2token,not_valid_noun
spatulas,What fruit,-13.34375,2,2token,not_valid_noun
spatulas,What am,-13.34375,2,2token,not_valid_noun
spatulas,eating _____,-13.34375,2,2token,not_valid_noun
spatulas,eating _______,-13.34375,2,2token,not_valid_noun
spatulas,eating or,-13.34375,2,2token,not_valid_noun
spatulas,household _____,-13.34375,2,2token,not_valid_noun
spatulas,dish ________,-13.34375,2,2token,not_valid_noun
spatulas,cook,-13.34375,2,2token,incomplete_phrase
spatulas,dish -,-13.34375,2,2token,not_valid_noun
spatulas,dish (,-13.34375,2,2token,not_valid_noun
spatulas,eat ing,-13.34375,2,2token,incomplete_phrase
spatulas,object you,-13.34375,2,2token,incomplete_phrase
spatulas,the food,-13.34375,2,2token,not_valid_noun
spatulas,cookware or,-13.34375,2,2token,not_valid_noun
spatulas,p .,-13.34375,2,2token,not_valid_noun
spatulas,cookware in,-13.34375,2,2token,not_valid_noun
spatulas,which you,-13.34375,2,2token,not_valid_noun
spatulas,.. .,-13.34375,2,2token,not_valid_noun
spatulas,A utens,-13.375,2,2token,not_valid_noun
spatulas,Are,-13.375,1,single_token,not_valid_noun
spatulas,"""""",-13.375,1,single_token,not_valid_noun
spatulas,four,-13.375,1,single_token,incomplete_phrase
spatulas,A tool,-13.375,2,2token,not_valid_noun
spatulas,farm utens,-13.375,2,2token,incomplete_phrase
spatulas,A complete,-13.375,2,2token,not_valid_noun
spatulas,designed,-13.375,1,single_token,not_valid_noun
spatulas,foreign,-13.375,1,single_token,not_valid_noun
spatulas,Common,-13.375,1,single_token,incomplete_phrase
spatulas,$-$,-13.375,1,single_token,not_valid_noun
spatulas,/ kitchen,-13.375,2,2token,not_valid_noun
spatulas,cutting ______,-13.375,2,2token,not_valid_noun
spatulas,plate Complete,-13.375,2,2token,not_valid_noun
spatulas,sund,-13.375,1,single_token,not_valid_noun
spatulas,electrical,-13.375,1,single_token,not_valid_noun
spatulas,? _______,-13.375,2,2token,not_valid_noun
spatulas,? Use,-13.375,2,2token,not_valid_noun
spatulas,Kitchen ______,-13.375,2,2token,not_valid_noun
spatulas,Kitchen ________,-13.375,2,2token,not_valid_noun
spatulas,dull,-13.375,1,single_token,not_valid_noun
spatulas,spices,-13.375,1,single_token,not_valid_noun
spatulas,.$,-13.375,1,single_token,not_valid_noun
spatulas,flatter,-13.375,1,single_token,not_valid_noun
spatulas,...... What,-13.375,2,2token,not_valid_noun
spatulas,...... tool,-13.375,2,2token,not_valid_noun
spatulas,cookie .,-13.375,2,2token,not_valid_noun
spatulas,house .,-13.375,2,2token,not_valid_noun
spatulas,Sharp,-13.375,1,single_token,incomplete_phrase
spatulas,,-13.375,1,single_token,not_valid_noun
spatulas,Werkzeug,-13.375,1,single_token,not_valid_noun
spatulas,found,-13.375,1,single_token,incomplete_phrase
spatulas,__________ ....,-13.40625,2,2token,not_valid_noun
spatulas,"__________ ,",-13.40625,2,2token,not_valid_noun
spatulas,instrument and,-13.40625,2,2token,incomplete_phrase
spatulas,instrument Answer,-13.40625,2,2token,not_valid_noun
spatulas,for eating,-13.40625,2,2token,not_valid_noun
spatulas,______ __,-13.40625,2,2token,not_valid_noun
spatulas,______ Tool,-13.40625,2,2token,not_valid_noun
spatulas,______ cooking,-13.40625,2,2token,not_valid_noun
spatulas,baking _______,-13.40625,2,2token,not_valid_noun
spatulas,_______,-13.40625,2,2token,not_valid_noun
spatulas,measuring equi,-13.40625,2,2token,incomplete_phrase
spatulas,_______ knife,-13.40625,2,2token,not_valid_noun
spatulas,_______ or,-13.40625,2,2token,not_valid_noun
spatulas,_______ _,-13.40625,2,2token,not_valid_noun
spatulas,- _,-13.40625,2,2token,not_valid_noun
spatulas,: instrument,-13.40625,2,2token,not_valid_noun
spatulas,fruit in,-13.40625,2,2token,not_valid_noun
spatulas,tools,-13.40625,2,2token,not_valid_noun
spatulas,tools A,-13.40625,2,2token,not_valid_noun
spatulas,tools at,-13.40625,2,2token,not_valid_noun
spatulas,pan ____________,-13.40625,2,2token,not_valid_noun
spatulas,pan ....,-13.40625,2,2token,not_valid_noun
spatulas,sharp pointy,-13.40625,2,2token,not_valid_noun
spatulas,: tools,-13.40625,2,2token,not_valid_noun
spatulas,: spoons,-13.40625,2,2token,not_valid_noun
spatulas,: Fill,-13.40625,2,2token,not_valid_noun
spatulas,: knife,-13.40625,2,2token,not_valid_noun
spatulas,sharp eating,-13.40625,2,2token,incomplete_phrase
spatulas,___ The,-13.40625,2,2token,not_valid_noun
spatulas,___ ?,-13.40625,2,2token,not_valid_noun
spatulas,___ ....,-13.40625,2,2token,not_valid_noun
spatulas,cutlery Answer,-13.40625,2,2token,not_valid_noun
spatulas,fruit Cut,-13.40625,2,2token,incomplete_phrase
spatulas,fruit complete,-13.40625,2,2token,not_valid_noun
spatulas,__________ cooking,-13.40625,2,2token,not_valid_noun
spatulas,measuring ing,-13.40625,2,2token,incomplete_phrase
spatulas,____________ food,-13.40625,2,2token,not_valid_noun
spatulas,gadget for,-13.40625,2,2token,incomplete_phrase
spatulas,- a,-13.40625,2,2token,not_valid_noun
spatulas,wooden ________,-13.40625,2,2token,not_valid_noun
spatulas,tools they,-13.40625,2,2token,incomplete_phrase
spatulas,tools The,-13.40625,2,2token,incomplete_phrase
spatulas,to cut,-13.40625,2,2token,not_valid_noun
spatulas,gadget .,-13.40625,2,2token,not_valid_noun
spatulas,_______ equipment,-13.40625,2,2token,not_valid_noun
spatulas,_______ Select,-13.40625,2,2token,not_valid_noun
spatulas,wooden cutting,-13.40625,2,2token,incomplete_phrase
spatulas,..............,-13.40625,2,2token,not_valid_noun
spatulas,The first,-13.421875,2,2token,not_valid_noun
spatulas,The complete,-13.421875,2,2token,not_valid_noun
spatulas,pen .,-13.421875,2,2token,not_valid_noun
spatulas,…. Match,-13.4375,2,2token,not_valid_noun
spatulas,things for,-13.4375,2,2token,incomplete_phrase
spatulas,self,-13.4375,1,single_token,incomplete_phrase
spatulas,apples,-13.4375,1,single_token,not_valid_noun
spatulas,DIY,-13.4375,1,single_token,not_valid_noun
spatulas,ic,-13.4375,1,single_token,not_valid_noun
spatulas,Past,-13.4375,1,single_token,incomplete_phrase
spatulas,========,-13.4375,1,single_token,not_valid_noun
spatulas,ﬂ,-13.4375,1,single_token,not_valid_noun
spatulas,cleans,-13.4375,1,single_token,incomplete_phrase
spatulas,sweets,-13.4375,1,single_token,not_valid_noun
spatulas,cleaning …,-13.4375,2,2token,not_valid_noun
spatulas,implement made,-13.4375,2,2token,not_valid_noun
spatulas,_ _____,-13.4375,2,2token,not_valid_noun
spatulas,..... ?,-13.4375,2,2token,not_valid_noun
spatulas,what utens,-13.4375,2,2token,not_valid_noun
spatulas,Sie,-13.4375,1,single_token,incomplete_phrase
spatulas,what in,-13.4375,2,2token,not_valid_noun
spatulas,_. Write,-13.4375,2,2token,not_valid_noun
spatulas,..... Write,-13.4375,2,2token,not_valid_noun
spatulas,double,-13.4375,1,single_token,incomplete_phrase
spatulas,..... Read,-13.4375,2,2token,not_valid_noun
spatulas,cater,-13.4375,1,single_token,not_valid_noun
spatulas,hou,-13.4375,1,single_token,not_valid_noun
spatulas,cooker utens,-13.4375,2,2token,incomplete_phrase
spatulas,long cooking,-13.4375,2,2token,incomplete_phrase
spatulas,If,-13.4375,1,single_token,not_valid_noun
spatulas,KITCHEN AP,-13.4375,2,2token,not_valid_noun
spatulas,KITCHEN utensi,-13.4375,2,2token,incomplete_phrase
spatulas,things you,-13.4375,2,2token,incomplete_phrase
spatulas,field,-13.4375,1,single_token,incomplete_phrase
spatulas,healthy,-13.4375,1,single_token,not_valid_noun
spatulas,instr,-13.4375,1,single_token,not_valid_noun
spatulas,long flat,-13.4375,2,2token,incomplete_phrase
spatulas,What kinds,-13.46875,2,2token,not_valid_noun
spatulas,eating a,-13.46875,2,2token,not_valid_noun
spatulas,the following,-13.46875,2,2token,not_valid_noun
spatulas,object with,-13.46875,2,2token,not_valid_noun
spatulas,________,-13.46875,2,2token,not_valid_noun
spatulas,household ...,-13.46875,2,2token,not_valid_noun
spatulas,dish or,-13.46875,2,2token,not_valid_noun
spatulas,which instrument,-13.46875,2,2token,not_valid_noun
spatulas,tongs Complete,-13.46875,2,2token,not_valid_noun
spatulas,_________ that,-13.46875,2,2token,not_valid_noun
spatulas,plastic .,-13.46875,2,2token,not_valid_noun
spatulas,_________,-13.46875,2,2token,not_valid_noun
spatulas,utensils ….,-13.46875,2,2token,not_valid_noun
spatulas,knife Fill,-13.46875,2,2token,not_valid_noun
spatulas,_________ used,-13.46875,2,2token,not_valid_noun
spatulas,oven ut,-13.46875,2,2token,not_valid_noun
spatulas,What makes,-13.46875,2,2token,not_valid_noun
spatulas,What part,-13.46875,2,2token,not_valid_noun
spatulas,What to,-13.46875,2,2token,not_valid_noun
spatulas,I use,-13.46875,2,2token,not_valid_noun
spatulas,vegetable utens,-13.46875,2,2token,incomplete_phrase
spatulas,forks and,-13.46875,2,2token,incomplete_phrase
spatulas,manipulative,-13.5,1,single_token,not_valid_noun
spatulas,***,-13.5,1,single_token,not_valid_noun
spatulas,ust,-13.5,1,single_token,incomplete_phrase
spatulas,jewellery,-13.5,1,single_token,not_valid_noun
spatulas,�,-13.5,1,single_token,not_valid_noun
spatulas,\[,-13.5,1,single_token,not_valid_noun
spatulas,objet,-13.5,1,single_token,not_valid_noun
spatulas,pp,-13.5,1,single_token,not_valid_noun
spatulas,unique,-13.5,1,single_token,not_valid_noun
spatulas,boring,-13.5,1,single_token,incomplete_phrase
spatulas,****,-13.5,1,single_token,not_valid_noun
spatulas,kin,-13.5,1,single_token,not_valid_noun
spatulas,tha,-13.5,1,single_token,not_valid_noun
spatulas,:-,-13.5,1,single_token,not_valid_noun
spatulas,appar,-13.5,1,single_token,not_valid_noun
spatulas,unusual,-13.5,1,single_token,not_valid_noun
spatulas,append,-13.5,1,single_token,not_valid_noun
spatulas,out,-13.5,1,single_token,incomplete_phrase
spatulas,usa,-13.5,1,single_token,not_valid_noun
spatulas,hanging,-13.5,1,single_token,incomplete_phrase
spatulas,x,-13.5,1,single_token,not_valid_noun
spatulas,rac,-13.5,1,single_token,not_valid_noun
spatulas,loose,-13.5,1,single_token,not_valid_noun
spatulas,bathroom,-13.5,1,single_token,incomplete_phrase
spatulas,listening,-13.5,1,single_token,incomplete_phrase
spatulas,housewife,-13.5,1,single_token,incomplete_phrase
spatulas,ovens,-13.5,1,single_token,not_valid_noun
spatulas,barbe,-13.5,1,single_token,incomplete_phrase
spatulas,grooming,-13.5,1,single_token,not_valid_noun
spatulas,cutting kitchen,-13.5,2,2token,incomplete_phrase
spatulas,grilling,-13.5,1,single_token,not_valid_noun
spatulas,cafeteria,-13.5,1,single_token,incomplete_phrase
spatulas,ss,-13.5,1,single_token,not_valid_noun
spatulas,es,-13.5,1,single_token,not_valid_noun
spatulas,go,-13.5,1,single_token,not_valid_noun
spatulas,because,-13.5,1,single_token,not_valid_noun
spatulas,test,-13.5,1,single_token,incomplete_phrase
spatulas,Qu,-13.5,1,single_token,not_valid_noun
spatulas,another,-13.5,1,single_token,incomplete_phrase
spatulas,When,-13.5,1,single_token,not_valid_noun
spatulas,specific,-13.5,1,single_token,incomplete_phrase
spatulas,IT,-13.5,1,single_token,not_valid_noun
spatulas,arte,-13.5,1,single_token,not_valid_noun
spatulas,ad,-13.5,1,single_token,not_valid_noun
spatulas,wh,-13.5,1,single_token,not_valid_noun
spatulas,,-13.5,1,single_token,not_valid_noun
spatulas,"? ,",-13.5,2,2token,not_valid_noun
spatulas,? Select,-13.5,2,2token,not_valid_noun
spatulas,? ....,-13.5,2,2token,not_valid_noun
spatulas,gra,-13.5,1,single_token,incomplete_phrase
spatulas,after,-13.5,1,single_token,not_valid_noun
spatulas,ve,-13.5,1,single_token,not_valid_noun
spatulas,? In,-13.5,2,2token,not_valid_noun
spatulas,men,-13.5,1,single_token,incomplete_phrase
spatulas,strong,-13.5,1,single_token,not_valid_noun
spatulas,ba,-13.5,1,single_token,not_valid_noun
spatulas,Cooking UT,-13.5,2,2token,not_valid_noun
spatulas,five,-13.5,1,single_token,incomplete_phrase
spatulas,Small,-13.5,1,single_token,incomplete_phrase
spatulas,sentence,-13.5,1,single_token,not_valid_noun
spatulas,beat,-13.5,1,single_token,incomplete_phrase
spatulas,helpful,-13.5,1,single_token,not_valid_noun
spatulas,none,-13.5,1,single_token,incomplete_phrase
spatulas,ii,-13.5,1,single_token,not_valid_noun
spatulas,forms,-13.5,1,single_token,not_valid_noun
spatulas,___________ ___________,-13.5,2,2token,not_valid_noun
spatulas,ph,-13.5,1,single_token,not_valid_noun
spatulas,pot Complete,-13.5,2,2token,not_valid_noun
spatulas,,-13.5,1,single_token,not_valid_noun
spatulas,,-13.5,1,single_token,not_valid_noun
spatulas,table ...,-13.5,2,2token,not_valid_noun
spatulas,knives,-13.5,2,2token,not_valid_noun
spatulas,...... complete,-13.5,2,2token,not_valid_noun
spatulas,- Fill,-13.53125,2,2token,not_valid_noun
spatulas,instruments of,-13.53125,2,2token,not_valid_noun
spatulas,instruments that,-13.53125,2,2token,incomplete_phrase
spatulas,for cleaning,-13.53125,2,2token,not_valid_noun
spatulas,cutlery :,-13.53125,2,2token,not_valid_noun
spatulas,cutlery [,-13.53125,2,2token,not_valid_noun
spatulas,cutlery ….,-13.53125,2,2token,not_valid_noun
spatulas,fork .....,-13.53125,2,2token,not_valid_noun
spatulas,fork /,-13.53125,2,2token,not_valid_noun
spatulas,spatula is,-13.53125,2,2token,not_valid_noun
spatulas,______ equipment,-13.53125,2,2token,not_valid_noun
spatulas,______ Write,-13.53125,2,2token,not_valid_noun
spatulas,______ instruments,-13.53125,2,2token,not_valid_noun
spatulas,______ Correct,-13.53125,2,2token,not_valid_noun
spatulas,instrument ______,-13.53125,2,2token,not_valid_noun
spatulas,___ or,-13.53125,2,2token,not_valid_noun
spatulas,___ used,-13.53125,2,2token,not_valid_noun
spatulas,___ Select,-13.53125,2,2token,not_valid_noun
spatulas,_______ Correct,-13.53125,2,2token,not_valid_noun
spatulas,_______ COMPLETE,-13.53125,2,2token,not_valid_noun
spatulas,implement ________,-13.53125,2,2token,not_valid_noun
spatulas,implement _______,-13.53125,2,2token,not_valid_noun
spatulas,measuring Ut,-13.53125,2,2token,not_valid_noun
spatulas,_______ I,-13.53125,2,2token,not_valid_noun
spatulas,_______ Write,-13.53125,2,2token,not_valid_noun
spatulas,ladle .,-13.53125,2,2token,not_valid_noun
spatulas,baking and,-13.53125,2,2token,incomplete_phrase
spatulas,implement /,-13.53125,2,2token,not_valid_noun
spatulas,chef s,-13.53125,2,2token,not_valid_noun
spatulas,: :,-13.53125,2,2token,not_valid_noun
spatulas,Tool .,-13.53125,2,2token,not_valid_noun
spatulas,____________ a,-13.53125,2,2token,not_valid_noun
spatulas,____________ Choose,-13.53125,2,2token,not_valid_noun
spatulas,__ utens,-13.53125,2,2token,not_valid_noun
spatulas,fruit pe,-13.53125,2,2token,not_valid_noun
spatulas,pan in,-13.53125,2,2token,not_valid_noun
spatulas,pan ...,-13.53125,2,2token,not_valid_noun
spatulas,pan cooking,-13.53125,2,2token,incomplete_phrase
spatulas,The sentences,-13.546875,2,2token,not_valid_noun
spatulas,____ food,-13.5625,2,2token,not_valid_noun
spatulas,( a,-13.5625,2,2token,not_valid_noun
spatulas,french,-13.5625,1,single_token,incomplete_phrase
spatulas,p o,-13.5625,2,2token,not_valid_noun
spatulas,physical,-13.5625,1,single_token,not_valid_noun
spatulas,playing,-13.5625,1,single_token,not_valid_noun
spatulas,gloves,-13.5625,1,single_token,not_valid_noun
spatulas,accessory to,-13.5625,2,2token,not_valid_noun
spatulas,shar,-13.5625,1,single_token,not_valid_noun
spatulas,spreading,-13.5625,1,single_token,not_valid_noun
spatulas,…… What,-13.5625,2,2token,not_valid_noun
spatulas,helps,-13.5625,1,single_token,not_valid_noun
spatulas,fel,-13.5625,1,single_token,not_valid_noun
spatulas,Italian,-13.5625,1,single_token,incomplete_phrase
spatulas,cutting _____,-13.5625,2,2token,not_valid_noun
spatulas,about,-13.5625,1,single_token,not_valid_noun
spatulas,ag,-13.5625,1,single_token,not_valid_noun
spatulas,de,-13.5625,1,single_token,not_valid_noun
spatulas,cleaning ________,-13.5625,2,2token,not_valid_noun
spatulas,holding,-13.5625,1,single_token,incomplete_phrase
spatulas,major,-13.5625,1,single_token,incomplete_phrase
spatulas,typo,-13.5625,1,single_token,incomplete_phrase
spatulas,fla,-13.5625,1,single_token,not_valid_noun
spatulas,...),-13.5625,1,single_token,not_valid_noun
spatulas,canned,-13.5625,1,single_token,not_valid_noun
spatulas,Unger,-13.5625,1,single_token,not_valid_noun
spatulas,cucina,-13.5625,1,single_token,not_valid_noun
spatulas,Silver,-13.5625,1,single_token,incomplete_phrase
spatulas,pitch,-13.5625,1,single_token,incomplete_phrase
spatulas,aer,-13.5625,1,single_token,incomplete_phrase
spatulas,wich,-13.5625,1,single_token,not_valid_noun
spatulas,rectangular,-13.5625,1,single_token,not_valid_noun
spatulas,Chef,-13.5625,1,single_token,incomplete_phrase
spatulas,..... food,-13.5625,2,2token,not_valid_noun
spatulas,..... tool,-13.5625,2,2token,not_valid_noun
spatulas,..... tools,-13.5625,2,2token,not_valid_noun
spatulas,…. fruit,-13.5625,2,2token,not_valid_noun
spatulas,know,-13.5625,1,single_token,incomplete_phrase
spatulas,af,-13.5625,1,single_token,not_valid_noun
spatulas,Do,-13.5625,1,single_token,not_valid_noun
spatulas,US,-13.5625,1,single_token,not_valid_noun
spatulas,=>,-13.5625,1,single_token,not_valid_noun
spatulas,fr,-13.5625,1,single_token,not_valid_noun
spatulas,_ of,-13.5625,2,2token,not_valid_noun
spatulas,_ I,-13.5625,2,2token,not_valid_noun
spatulas,_ Cut,-13.5625,2,2token,not_valid_noun
spatulas,_ Ut,-13.5625,2,2token,not_valid_noun
spatulas,small eating,-13.5625,2,2token,incomplete_phrase
spatulas,table eating,-13.5625,2,2token,incomplete_phrase
spatulas,_. a,-13.5625,2,2token,not_valid_noun
spatulas,_. complete,-13.5625,2,2token,not_valid_noun
spatulas,what do,-13.5625,2,2token,not_valid_noun
spatulas,what (,-13.5625,2,2token,not_valid_noun
spatulas,measuring u,-13.59375,2,2token,not_valid_noun
spatulas,furniture .,-13.59375,2,2token,not_valid_noun
spatulas,........... Fill,-13.59375,2,2token,not_valid_noun
spatulas,_________ equipment,-13.59375,2,2token,not_valid_noun
spatulas,helper Complete,-13.59375,2,2token,not_valid_noun
spatulas,device Complete,-13.59375,2,2token,not_valid_noun
spatulas,"_________ ,",-13.59375,2,2token,not_valid_noun
spatulas,measuring …,-13.59375,2,2token,not_valid_noun
spatulas,household (,-13.59375,2,2token,not_valid_noun
spatulas,_________ ____,-13.59375,2,2token,not_valid_noun
spatulas,", Use",-13.59375,2,2token,not_valid_noun
spatulas,", I",-13.59375,2,2token,not_valid_noun
spatulas,I I,-13.59375,2,2token,not_valid_noun
spatulas,the .,-13.59375,2,2token,not_valid_noun
spatulas,the kind,-13.59375,2,2token,not_valid_noun
spatulas,utensils,-13.59375,2,2token,not_valid_noun
spatulas,knife _,-13.59375,2,2token,not_valid_noun
spatulas,knife COMPLETE,-13.59375,2,2token,not_valid_noun
spatulas,knife :,-13.59375,2,2token,not_valid_noun
spatulas,________ used,-13.59375,2,2token,not_valid_noun
spatulas,verb Complete,-13.59375,2,2token,not_valid_noun
spatulas,knife ___________,-13.59375,2,2token,not_valid_noun
spatulas,cook and,-13.59375,2,2token,not_valid_noun
spatulas,utensils Read,-13.59375,2,2token,not_valid_noun
spatulas,What,-13.59375,2,2token,not_valid_noun
spatulas,What shape,-13.59375,2,2token,not_valid_noun
spatulas,What food,-13.59375,2,2token,not_valid_noun
spatulas,the knife,-13.59375,2,2token,not_valid_noun
spatulas,which cooking,-13.59375,2,2token,not_valid_noun
spatulas,", ...",-13.59375,2,2token,not_valid_noun
spatulas,forks Complete,-13.59375,2,2token,not_valid_noun
spatulas,..,-13.59375,2,2token,not_valid_noun
spatulas,vegetable Cut,-13.59375,2,2token,incomplete_phrase
spatulas,utensils :,-13.59375,2,2token,not_valid_noun
spatulas,What we,-13.59375,2,2token,not_valid_noun
spatulas,", like",-13.59375,2,2token,not_valid_noun
spatulas,", as",-13.59375,2,2token,not_valid_noun
spatulas,item to,-13.59375,2,2token,not_valid_noun
spatulas,Kitchen ...,-13.625,2,2token,not_valid_noun
spatulas,ske,-13.625,1,single_token,not_valid_noun
spatulas,...... The,-13.625,2,2token,not_valid_noun
spatulas,container used,-13.625,2,2token,incomplete_phrase
spatulas,dishes .,-13.625,2,2token,not_valid_noun
spatulas,...... tools,-13.625,2,2token,not_valid_noun
spatulas,...... Choose,-13.625,2,2token,not_valid_noun
spatulas,'',-13.625,1,single_token,not_valid_noun
spatulas,scul,-13.625,1,single_token,not_valid_noun
spatulas,p i,-13.625,2,2token,not_valid_noun
spatulas,………… .,-13.625,2,2token,not_valid_noun
spatulas,para,-13.625,1,single_token,incomplete_phrase
spatulas,our,-13.625,1,single_token,incomplete_phrase
spatulas,el,-13.625,1,single_token,not_valid_noun
spatulas,at,-13.625,1,single_token,not_valid_noun
spatulas,D,-13.625,1,single_token,not_valid_noun
spatulas,·,-13.625,1,single_token,not_valid_noun
spatulas,bro,-13.625,1,single_token,not_valid_noun
spatulas,cutting …,-13.625,2,2token,not_valid_noun
spatulas,flattening,-13.625,1,single_token,not_valid_noun
spatulas,whis,-13.625,1,single_token,incomplete_phrase
spatulas,Ø,-13.625,1,single_token,not_valid_noun
spatulas,? instrument,-13.625,2,2token,not_valid_noun
spatulas,? cutlery,-13.625,2,2token,not_valid_noun
spatulas,? Which,-13.625,2,2token,not_valid_noun
spatulas,? tools,-13.625,2,2token,not_valid_noun
spatulas,? cooking,-13.625,2,2token,not_valid_noun
spatulas,cars,-13.625,1,single_token,not_valid_noun
spatulas,…..,-13.625,2,2token,not_valid_noun
spatulas,belongs,-13.625,1,single_token,not_valid_noun
spatulas,portable,-13.625,1,single_token,incomplete_phrase
spatulas,fasteners,-13.625,1,single_token,not_valid_noun
spatulas,ome,-13.625,1,single_token,not_valid_noun
spatulas,,-13.625,1,single_token,not_valid_noun
spatulas,?-,-13.625,1,single_token,not_valid_noun
spatulas,工具,-13.625,1,single_token,not_valid_noun
spatulas,tableware for,-13.625,2,2token,incomplete_phrase
spatulas,#,-13.625,1,single_token,not_valid_noun
spatulas,several,-13.625,1,single_token,not_valid_noun
spatulas,____________ utens,-13.65625,2,2token,not_valid_noun
spatulas,____________ ________,-13.65625,2,2token,not_valid_noun
spatulas,____ a,-13.65625,2,2token,not_valid_noun
spatulas,pan with,-13.65625,2,2token,not_valid_noun
spatulas,instrument ____,-13.65625,2,2token,not_valid_noun
spatulas,___ kitchen,-13.65625,2,2token,not_valid_noun
spatulas,implement and,-13.65625,2,2token,not_valid_noun
spatulas,___ fruit,-13.65625,2,2token,not_valid_noun
spatulas,instrument you,-13.65625,2,2token,incomplete_phrase
spatulas,___ that,-13.65625,2,2token,not_valid_noun
spatulas,___ ..,-13.65625,2,2token,not_valid_noun
spatulas,___ of,-13.65625,2,2token,not_valid_noun
spatulas,instrument called,-13.65625,2,2token,incomplete_phrase
spatulas,__________ COMPLETE,-13.65625,2,2token,not_valid_noun
spatulas,__________,-13.65625,2,2token,not_valid_noun
spatulas,__________ Select,-13.65625,2,2token,not_valid_noun
spatulas,baking _____,-13.65625,2,2token,not_valid_noun
spatulas,baking or,-13.65625,2,2token,not_valid_noun
spatulas,__________ are,-13.65625,2,2token,not_valid_noun
spatulas,Tools .,-13.65625,2,2token,not_valid_noun
spatulas,: scissors,-13.65625,2,2token,not_valid_noun
spatulas,measuring and,-13.65625,2,2token,incomplete_phrase
spatulas,:,-13.65625,2,2token,not_valid_noun
spatulas,: ...,-13.65625,2,2token,not_valid_noun
spatulas,_______ -,-13.65625,2,2token,not_valid_noun
spatulas,_______,-13.65625,2,2token,not_valid_noun
spatulas,___ I,-13.65625,2,2token,not_valid_noun
spatulas,utens,-13.65625,2,2token,not_valid_noun
spatulas,_______ Comple,-13.65625,2,2token,not_valid_noun
spatulas,egg .,-13.65625,2,2token,not_valid_noun
spatulas,pan -,-13.65625,2,2token,not_valid_noun
spatulas,s .,-13.65625,2,2token,not_valid_noun
spatulas,s,-13.65625,2,2token,not_valid_noun
spatulas,measure of,-13.65625,2,2token,not_valid_noun
spatulas,....... The,-13.65625,2,2token,not_valid_noun
spatulas,of fork,-13.65625,2,2token,not_valid_noun
spatulas,.... Find,-13.65625,2,2token,not_valid_noun
spatulas,.... You,-13.65625,2,2token,not_valid_noun
spatulas,fork -,-13.65625,2,2token,not_valid_noun
spatulas,cutlery _,-13.65625,2,2token,not_valid_noun
spatulas,measure .,-13.65625,2,2token,not_valid_noun
spatulas,cutlery made,-13.65625,2,2token,incomplete_phrase
spatulas,cutlery Correct,-13.65625,2,2token,not_valid_noun
spatulas,cutlery Item,-13.65625,2,2token,incomplete_phrase
spatulas,to do,-13.65625,2,2token,not_valid_noun
spatulas,of,-13.65625,2,2token,not_valid_noun
spatulas,of Kitchen,-13.65625,2,2token,not_valid_noun
spatulas,fork that,-13.65625,2,2token,incomplete_phrase
spatulas,cutlery Read,-13.65625,2,2token,not_valid_noun
spatulas,cutlery COMPLETE,-13.65625,2,2token,not_valid_noun
spatulas,( ________,-13.6875,2,2token,not_valid_noun
spatulas,…… Continue,-13.6875,2,2token,not_valid_noun
spatulas,p __,-13.6875,2,2token,not_valid_noun
spatulas,V,-13.6875,1,single_token,not_valid_noun
spatulas,cutting _______,-13.6875,2,2token,not_valid_noun
spatulas,…… food,-13.6875,2,2token,not_valid_noun
spatulas,( cooking,-13.6875,2,2token,not_valid_noun
spatulas,similar,-13.6875,1,single_token,not_valid_noun
spatulas,?????,-13.6875,1,single_token,not_valid_noun
spatulas,mini,-13.6875,1,single_token,not_valid_noun
spatulas,**,-13.6875,1,single_token,not_valid_noun
spatulas,must,-13.6875,1,single_token,incomplete_phrase
spatulas,agriculture,-13.6875,1,single_token,incomplete_phrase
spatulas,Stainless,-13.6875,1,single_token,incomplete_phrase
spatulas,*__,-13.6875,1,single_token,not_valid_noun
spatulas,pantry,-13.6875,1,single_token,incomplete_phrase
spatulas,Fruits,-13.6875,1,single_token,not_valid_noun
spatulas,dietary,-13.6875,1,single_token,incomplete_phrase
spatulas,shaving,-13.6875,1,single_token,incomplete_phrase
spatulas,things we,-13.6875,2,2token,not_valid_noun
spatulas,single,-13.6875,1,single_token,incomplete_phrase
spatulas,space,-13.6875,1,single_token,incomplete_phrase
spatulas,human,-13.6875,1,single_token,incomplete_phrase
spatulas,sou,-13.6875,1,single_token,incomplete_phrase
spatulas,[],-13.6875,1,single_token,not_valid_noun
spatulas,pre,-13.6875,1,single_token,not_valid_noun
spatulas,w,-13.6875,1,single_token,not_valid_noun
spatulas,Apr,-13.6875,1,single_token,incomplete_phrase
spatulas,kl,-13.6875,1,single_token,not_valid_noun
spatulas,jew,-13.6875,1,single_token,incomplete_phrase
spatulas,designs,-13.6875,1,single_token,not_valid_noun
spatulas,moving,-13.6875,1,single_token,not_valid_noun
spatulas,Where,-13.6875,1,single_token,not_valid_noun
spatulas,long -,-13.6875,2,2token,not_valid_noun
spatulas,small .,-13.6875,2,2token,not_valid_noun
spatulas,_ metal,-13.6875,2,2token,not_valid_noun
spatulas,_ _________,-13.6875,2,2token,not_valid_noun
spatulas,..... Use,-13.6875,2,2token,not_valid_noun
spatulas,..... complete,-13.6875,2,2token,not_valid_noun
spatulas,_ in,-13.6875,2,2token,not_valid_noun
spatulas,equipment needed,-13.6875,2,2token,incomplete_phrase
spatulas,…. food,-13.6875,2,2token,not_valid_noun
spatulas,…. You,-13.6875,2,2token,not_valid_noun
spatulas,oven ________,-13.71875,2,2token,not_valid_noun
spatulas,What about,-13.71875,2,2token,not_valid_noun
spatulas,What will,-13.71875,2,2token,not_valid_noun
spatulas,What I,-13.71875,2,2token,not_valid_noun
spatulas,the verb,-13.71875,2,2token,not_valid_noun
spatulas,this Complete,-13.71875,2,2token,not_valid_noun
spatulas,utensils …,-13.71875,2,2token,not_valid_noun
spatulas,", utensils",-13.71875,2,2token,not_valid_noun
spatulas,", not",-13.71875,2,2token,not_valid_noun
spatulas,utensils _____,-13.71875,2,2token,not_valid_noun
spatulas,What two,-13.71875,2,2token,not_valid_noun
spatulas,I don,-13.71875,2,2token,not_valid_noun
spatulas,", ________",-13.71875,2,2token,not_valid_noun
spatulas,thing for,-13.71875,2,2token,incomplete_phrase
spatulas,cookware _______,-13.71875,2,2token,not_valid_noun
spatulas,cookware ________,-13.71875,2,2token,not_valid_noun
spatulas,knife .....,-13.71875,2,2token,not_valid_noun
spatulas,---,-13.71875,2,2token,not_valid_noun
spatulas,knife a,-13.71875,2,2token,not_valid_noun
spatulas,knife fork,-13.71875,2,2token,incomplete_phrase
spatulas,which type,-13.71875,2,2token,not_valid_noun
spatulas,pans and,-13.71875,2,2token,incomplete_phrase
spatulas,utensils Fill,-13.71875,2,2token,not_valid_noun
spatulas,household __,-13.71875,2,2token,not_valid_noun
spatulas,dish Complete,-13.71875,2,2token,not_valid_noun
spatulas,_________ Select,-13.71875,2,2token,not_valid_noun
spatulas,appliances .,-13.71875,2,2token,not_valid_noun
spatulas,dish /,-13.71875,2,2token,not_valid_noun
spatulas,________ What,-13.71875,2,2token,not_valid_noun
spatulas,knife _________,-13.71875,2,2token,not_valid_noun
spatulas,________ that,-13.71875,2,2token,not_valid_noun
spatulas,________ ?,-13.71875,2,2token,not_valid_noun
spatulas,cake making,-13.71875,2,2token,incomplete_phrase
spatulas,to make,-13.71875,2,2token,not_valid_noun
spatulas,kitchens instruments,-13.71875,2,2token,not_valid_noun
spatulas,________,-13.71875,2,2token,not_valid_noun
spatulas,_________ knives,-13.71875,2,2token,not_valid_noun
spatulas,helper to,-13.71875,2,2token,not_valid_noun
spatulas,_________ I,-13.71875,2,2token,not_valid_noun
spatulas,sandwich bread,-13.734375,2,2token,not_valid_noun
spatulas,used cooking,-13.75,2,2token,incomplete_phrase
spatulas,best,-13.75,1,single_token,incomplete_phrase
spatulas,ex,-13.75,1,single_token,not_valid_noun
spatulas,also,-13.75,1,single_token,not_valid_noun
spatulas,Dessert,-13.75,1,single_token,incomplete_phrase
spatulas,utility .,-13.75,2,2token,not_valid_noun
spatulas,used when,-13.75,2,2token,not_valid_noun
spatulas,........ (,-13.75,2,2token,not_valid_noun
spatulas,pot (,-13.75,2,2token,not_valid_noun
spatulas,pot utens,-13.75,2,2token,incomplete_phrase
spatulas,cutting equip,-13.75,2,2token,incomplete_phrase
spatulas,bul,-13.75,1,single_token,not_valid_noun
spatulas,cant,-13.75,1,single_token,incomplete_phrase
spatulas,Far,-13.75,1,single_token,incomplete_phrase
spatulas,crow,-13.75,1,single_token,incomplete_phrase
spatulas,smooth,-13.75,1,single_token,incomplete_phrase
spatulas,consumer,-13.75,1,single_token,incomplete_phrase
spatulas,cutting _,-13.75,2,2token,not_valid_noun
spatulas,p _,-13.75,2,2token,not_valid_noun
spatulas,cutting ________,-13.75,2,2token,not_valid_noun
spatulas,...... Read,-13.75,2,2token,not_valid_noun
spatulas,precision,-13.75,1,single_token,incomplete_phrase
spatulas,nuts,-13.75,1,single_token,not_valid_noun
spatulas,dumb,-13.75,1,single_token,not_valid_noun
spatulas,? Food,-13.75,2,2token,not_valid_noun
spatulas,? Answer,-13.75,2,2token,not_valid_noun
spatulas,...... food,-13.75,2,2token,not_valid_noun
spatulas,? COMPLETE,-13.75,2,2token,not_valid_noun
spatulas,gaming,-13.75,1,single_token,incomplete_phrase
spatulas,handling,-13.75,1,single_token,incomplete_phrase
spatulas,….. .,-13.75,2,2token,not_valid_noun
spatulas,OR,-13.75,1,single_token,not_valid_noun
spatulas,mis,-13.75,1,single_token,not_valid_noun
spatulas,Kitchen _______,-13.75,2,2token,not_valid_noun
spatulas,A cooking,-13.75,2,2token,not_valid_noun
spatulas,[?],-13.75,1,single_token,not_valid_noun
spatulas,? __,-13.75,2,2token,not_valid_noun
spatulas,? and,-13.75,2,2token,not_valid_noun
spatulas,:),-13.75,1,single_token,not_valid_noun
spatulas,choose,-13.75,1,single_token,not_valid_noun
spatulas,spoons or,-13.75,2,2token,not_valid_noun
spatulas,Kitchen cooking,-13.75,2,2token,incomplete_phrase
spatulas,? Read,-13.75,2,2token,not_valid_noun
spatulas,? -,-13.75,2,2token,not_valid_noun
spatulas,? Write,-13.75,2,2token,not_valid_noun
spatulas,fried,-13.75,1,single_token,not_valid_noun
spatulas,sandwiches,-13.75,1,single_token,not_valid_noun
spatulas,veggies,-13.75,1,single_token,not_valid_noun
spatulas,___________ utens,-13.75,2,2token,not_valid_noun
spatulas,cookie utens,-13.75,2,2token,not_valid_noun
spatulas,___________ a,-13.75,2,2token,not_valid_noun
spatulas,silverware complete,-13.75,2,2token,not_valid_noun
spatulas,uns,-13.75,1,single_token,not_valid_noun
spatulas,? Match,-13.75,2,2token,not_valid_noun
spatulas,both,-13.75,1,single_token,not_valid_noun
spatulas,___________ _______,-13.75,2,2token,not_valid_noun
spatulas,____________ _,-13.78125,2,2token,not_valid_noun
spatulas,an cooking,-13.78125,2,2token,not_valid_noun
spatulas,spatula for,-13.78125,2,2token,incomplete_phrase
spatulas,.... We,-13.78125,2,2token,not_valid_noun
spatulas,fork Read,-13.78125,2,2token,not_valid_noun
spatulas,pan _____,-13.78125,2,2token,not_valid_noun
spatulas,pan _________,-13.78125,2,2token,not_valid_noun
spatulas,- Choose,-13.78125,2,2token,not_valid_noun
spatulas,.... kitchen,-13.78125,2,2token,not_valid_noun
spatulas,of baking,-13.78125,2,2token,not_valid_noun
spatulas,___ equipment,-13.78125,2,2token,not_valid_noun
spatulas,___ -,-13.78125,2,2token,not_valid_noun
spatulas,baking …,-13.78125,2,2token,not_valid_noun
spatulas,of knives,-13.78125,2,2token,not_valid_noun
spatulas,cutlery ____________,-13.78125,2,2token,not_valid_noun
spatulas,implement Use,-13.78125,2,2token,incomplete_phrase
spatulas,wooden ______,-13.78125,2,2token,not_valid_noun
spatulas,pan that,-13.78125,2,2token,incomplete_phrase
spatulas,implement a,-13.78125,2,2token,not_valid_noun
spatulas,wooden,-13.78125,2,2token,not_valid_noun
spatulas,measuring equ,-13.78125,2,2token,incomplete_phrase
spatulas,fork COMPLETE,-13.78125,2,2token,not_valid_noun
spatulas,: Select,-13.78125,2,2token,not_valid_noun
spatulas,: The,-13.78125,2,2token,not_valid_noun
spatulas,: ________,-13.78125,2,2token,not_valid_noun
spatulas,instrument a,-13.78125,2,2token,not_valid_noun
spatulas,__________,-13.78125,2,2token,not_valid_noun
spatulas,___ cooking,-13.78125,2,2token,not_valid_noun
spatulas,___ _________,-13.78125,2,2token,not_valid_noun
spatulas,brush or,-13.78125,2,2token,not_valid_noun
spatulas,instrument _____,-13.78125,2,2token,not_valid_noun
spatulas,fork _____,-13.78125,2,2token,not_valid_noun
spatulas,for .,-13.78125,2,2token,not_valid_noun
spatulas,____ Select,-13.78125,2,2token,not_valid_noun
spatulas,....... What,-13.78125,2,2token,not_valid_noun
spatulas,fork Fill,-13.78125,2,2token,not_valid_noun
spatulas,of fruit,-13.78125,2,2token,not_valid_noun
spatulas,can be,-13.78125,2,2token,not_valid_noun
spatulas,: _,-13.78125,2,2token,not_valid_noun
spatulas,___ COMPLETE,-13.78125,2,2token,not_valid_noun
spatulas,instrument needed,-13.78125,2,2token,incomplete_phrase
spatulas,fork is,-13.78125,2,2token,not_valid_noun
spatulas,small pieces,-13.8125,2,2token,incomplete_phrase
spatulas,_ and,-13.8125,2,2token,not_valid_noun
spatulas,…. Correct,-13.8125,2,2token,not_valid_noun
spatulas,…. complete,-13.8125,2,2token,not_valid_noun
spatulas,wood Complete,-13.8125,2,2token,not_valid_noun
spatulas,wood utens,-13.8125,2,2token,incomplete_phrase
spatulas,cutting (,-13.8125,2,2token,not_valid_noun
spatulas,table Ut,-13.8125,2,2token,not_valid_noun
spatulas,"_ ,",-13.8125,2,2token,not_valid_noun
spatulas,iron utens,-13.8125,2,2token,incomplete_phrase
spatulas,restaurant kitchen,-13.8125,2,2token,incomplete_phrase
spatulas,cleaning utensi,-13.8125,2,2token,incomplete_phrase
spatulas,cleaning and,-13.8125,2,2token,incomplete_phrase
spatulas,work utens,-13.8125,2,2token,incomplete_phrase
spatulas,mang,-13.8125,1,single_token,incomplete_phrase
spatulas,gifts,-13.8125,1,single_token,not_valid_noun
spatulas,…… The,-13.8125,2,2token,not_valid_noun
spatulas,implements or,-13.8125,2,2token,not_valid_noun
spatulas,reading,-13.8125,1,single_token,not_valid_noun
spatulas,pol,-13.8125,1,single_token,incomplete_phrase
spatulas,od,-13.8125,1,single_token,not_valid_noun
spatulas,nos,-13.8125,1,single_token,not_valid_noun
spatulas,quick,-13.8125,1,single_token,incomplete_phrase
spatulas,lat,-13.8125,1,single_token,incomplete_phrase
spatulas,complete,-13.8125,1,single_token,not_valid_noun
spatulas,......... Fill,-13.8125,2,2token,not_valid_noun
spatulas,harvesting,-13.8125,1,single_token,not_valid_noun
spatulas,noodles,-13.8125,1,single_token,not_valid_noun
spatulas,pn,-13.8125,1,single_token,not_valid_noun
spatulas,surgical,-13.8125,1,single_token,not_valid_noun
spatulas,pens,-13.8125,1,single_token,not_valid_noun
spatulas,creative,-13.8125,1,single_token,not_valid_noun
spatulas,st,-13.8125,1,single_token,not_valid_noun
spatulas,pes,-13.8125,1,single_token,incomplete_phrase
spatulas,ch,-13.8125,1,single_token,not_valid_noun
spatulas,co,-13.8125,1,single_token,not_valid_noun
spatulas,por,-13.8125,1,single_token,not_valid_noun
spatulas,irregular,-13.8125,1,single_token,incomplete_phrase
spatulas,slicing,-13.8125,1,single_token,incomplete_phrase
spatulas,waffle,-13.8125,1,single_token,incomplete_phrase
spatulas,pries,-13.8125,1,single_token,not_valid_noun
spatulas,coffe,-13.8125,1,single_token,incomplete_phrase
spatulas,toothed,-13.8125,1,single_token,not_valid_noun
spatulas,childrens,-13.8125,1,single_token,not_valid_noun
spatulas,scrubbing,-13.8125,1,single_token,not_valid_noun
spatulas,"(,",-13.8125,1,single_token,not_valid_noun
spatulas,( instrument,-13.8125,2,2token,not_valid_noun
spatulas,..... Select,-13.8125,2,2token,not_valid_noun
spatulas,,-13.8125,1,single_token,not_valid_noun
spatulas,..... ...,-13.8125,2,2token,not_valid_noun
spatulas,knife Comple,-13.84375,2,2token,incomplete_phrase
spatulas,knife Answer,-13.84375,2,2token,not_valid_noun
spatulas,knife Use,-13.84375,2,2token,incomplete_phrase
spatulas,knife ….,-13.84375,2,2token,not_valid_noun
spatulas,knife __________,-13.84375,2,2token,not_valid_noun
spatulas,cake .,-13.84375,2,2token,not_valid_noun
spatulas,to serve,-13.84375,2,2token,not_valid_noun
spatulas,household utensi,-13.84375,2,2token,incomplete_phrase
spatulas,the equipment,-13.84375,2,2token,not_valid_noun
spatulas,oven Mit,-13.84375,2,2token,incomplete_phrase
spatulas,oven ...,-13.84375,2,2token,not_valid_noun
spatulas,utensils Answer,-13.84375,2,2token,not_valid_noun
spatulas,utensils from,-13.84375,2,2token,incomplete_phrase
spatulas,utensils Used,-13.84375,2,2token,incomplete_phrase
spatulas,utensils you,-13.84375,2,2token,incomplete_phrase
spatulas,I _,-13.84375,2,2token,not_valid_noun
spatulas,What the,-13.84375,2,2token,not_valid_noun
spatulas,What happens,-13.84375,2,2token,not_valid_noun
spatulas,", in",-13.84375,2,2token,not_valid_noun
spatulas,", an",-13.84375,2,2token,not_valid_noun
spatulas,", for",-13.84375,2,2token,not_valid_noun
spatulas,", Choose",-13.84375,2,2token,not_valid_noun
spatulas,", because",-13.84375,2,2token,not_valid_noun
spatulas,which we,-13.84375,2,2token,not_valid_noun
spatulas,which has,-13.84375,2,2token,not_valid_noun
spatulas,pastry .,-13.84375,2,2token,not_valid_noun
spatulas,........... (,-13.84375,2,2token,not_valid_noun
spatulas,utensils on,-13.84375,2,2token,not_valid_noun
spatulas,utensils,-13.84375,2,2token,not_valid_noun
spatulas,measuring ____,-13.84375,2,2token,not_valid_noun
spatulas,measuring instru,-13.84375,2,2token,incomplete_phrase
spatulas,cook …,-13.84375,2,2token,not_valid_noun
spatulas,--- Fill,-13.84375,2,2token,not_valid_noun
spatulas,_______,-13.84375,2,2token,not_valid_noun
spatulas,common house,-13.84375,2,2token,incomplete_phrase
spatulas,cast,-13.875,1,single_token,incomplete_phrase
spatulas,House,-13.875,1,single_token,incomplete_phrase
spatulas,Mac,-13.875,1,single_token,incomplete_phrase
spatulas,ax,-13.875,1,single_token,not_valid_noun
spatulas,dishes and,-13.875,2,2token,incomplete_phrase
spatulas,******,-13.875,1,single_token,not_valid_noun
spatulas,mesure,-13.875,1,single_token,not_valid_noun
spatulas,curved,-13.875,1,single_token,not_valid_noun
spatulas,¿,-13.875,1,single_token,not_valid_noun
spatulas,? ____,-13.875,2,2token,not_valid_noun
spatulas,Kitchen Cooking,-13.875,2,2token,incomplete_phrase
spatulas,/ fruit,-13.875,2,2token,not_valid_noun
spatulas,A B,-13.875,2,2token,not_valid_noun
spatulas,tec,-13.875,1,single_token,incomplete_phrase
spatulas,suitable,-13.875,1,single_token,not_valid_noun
spatulas,/ utens,-13.875,2,2token,not_valid_noun
spatulas,/ set,-13.875,2,2token,not_valid_noun
spatulas,/ not,-13.875,2,2token,not_valid_noun
spatulas,,-13.875,1,single_token,not_valid_noun
spatulas,/ cooking,-13.875,2,2token,not_valid_noun
spatulas,uit,-13.875,1,single_token,not_valid_noun
spatulas,eg,-13.875,1,single_token,not_valid_noun
spatulas,wet,-13.875,1,single_token,incomplete_phrase
spatulas,/ the,-13.875,2,2token,not_valid_noun
spatulas,makeup,-13.875,1,single_token,not_valid_noun
spatulas,cookie tools,-13.875,2,2token,not_valid_noun
spatulas,open,-13.875,1,single_token,incomplete_phrase
spatulas,...... Write,-13.875,2,2token,not_valid_noun
spatulas,feeding,-13.875,1,single_token,incomplete_phrase
spatulas,,-13.875,1,single_token,not_valid_noun
spatulas,Musical,-13.875,1,single_token,incomplete_phrase
spatulas,ect,-13.875,1,single_token,not_valid_noun
spatulas,typical,-13.875,1,single_token,not_valid_noun
spatulas,knives (,-13.875,2,2token,not_valid_noun
spatulas,sha,-13.875,1,single_token,incomplete_phrase
spatulas,cu,-13.875,1,single_token,not_valid_noun
spatulas,manufactured,-13.875,1,single_token,not_valid_noun
spatulas,glass Complete,-13.875,2,2token,not_valid_noun
spatulas,workplace,-13.875,1,single_token,incomplete_phrase
spatulas,____ A,-13.90625,2,2token,not_valid_noun
spatulas,....... Choose,-13.90625,2,2token,not_valid_noun
spatulas,The plural,-13.90625,2,2token,not_valid_noun
spatulas,spatula ...,-13.90625,2,2token,not_valid_noun
spatulas,Tool Complete,-13.90625,2,2token,not_valid_noun
spatulas,dessert ingredient,-13.90625,2,2token,not_valid_noun
spatulas,spatula used,-13.90625,2,2token,incomplete_phrase
spatulas,____________ Select,-13.90625,2,2token,not_valid_noun
spatulas,____ kitchen,-13.90625,2,2token,not_valid_noun
spatulas,wooden eating,-13.90625,2,2token,incomplete_phrase
spatulas,fruit cooking,-13.90625,2,2token,incomplete_phrase
spatulas,egg utens,-13.90625,2,2token,incomplete_phrase
spatulas,p ...,-13.90625,2,2token,not_valid_noun
spatulas,baking ____________,-13.90625,2,2token,not_valid_noun
spatulas,baking equipe,-13.90625,2,2token,incomplete_phrase
spatulas,p ....,-13.90625,2,2token,not_valid_noun
spatulas,dish for,-13.90625,2,2token,incomplete_phrase
spatulas,___,-13.90625,2,2token,not_valid_noun
spatulas,fork ….,-13.90625,2,2token,not_valid_noun
spatulas,: metal,-13.90625,2,2token,not_valid_noun
spatulas,spatula that,-13.90625,2,2token,incomplete_phrase
spatulas,fork to,-13.90625,2,2token,not_valid_noun
spatulas,fork &,-13.90625,2,2token,not_valid_noun
spatulas,sharp bla,-13.90625,2,2token,incomplete_phrase
spatulas,The kind,-13.90625,2,2token,not_valid_noun
spatulas,The Complete,-13.90625,2,2token,not_valid_noun
spatulas,fork ___________,-13.90625,2,2token,not_valid_noun
spatulas,.... COMPLETE,-13.90625,2,2token,not_valid_noun
spatulas,.... How,-13.90625,2,2token,not_valid_noun
spatulas,hand,-13.90625,2,2token,incomplete_phrase
spatulas,chef ',-13.90625,2,2token,not_valid_noun
spatulas,of flat,-13.90625,2,2token,not_valid_noun
spatulas,dish _______,-13.90625,2,2token,not_valid_noun
spatulas,Spoon Complete,-13.90625,2,2token,not_valid_noun
spatulas,of ________,-13.90625,2,2token,not_valid_noun
spatulas,equipment which,-13.9375,2,2token,incomplete_phrase
spatulas,foodie,-13.9375,1,single_token,not_valid_noun
spatulas,cleaning ______,-13.9375,2,2token,not_valid_noun
spatulas,culinary,-13.9375,2,2token,not_valid_noun
spatulas,scouring,-13.9375,1,single_token,incomplete_phrase
spatulas,…. tools,-13.9375,2,2token,not_valid_noun
spatulas,uten,-13.9375,1,single_token,not_valid_noun
spatulas,[ blank,-13.9375,2,2token,not_valid_noun
spatulas,tele,-13.9375,1,single_token,incomplete_phrase
spatulas,_. Which,-13.9375,2,2token,not_valid_noun
spatulas,what else,-13.9375,2,2token,not_valid_noun
spatulas,......... (,-13.9375,2,2token,not_valid_noun
spatulas,..... fruit,-13.9375,2,2token,not_valid_noun
spatulas,..... I,-13.9375,2,2token,not_valid_noun
spatulas,( spoon,-13.9375,2,2token,not_valid_noun
spatulas,cleaning equip,-13.9375,2,2token,incomplete_phrase
spatulas,small ________,-13.9375,2,2token,not_valid_noun
spatulas,larger,-13.9375,1,single_token,not_valid_noun
spatulas,rounded,-13.9375,1,single_token,not_valid_noun
spatulas,preparing,-13.9375,1,single_token,not_valid_noun
spatulas,veg,-13.9375,1,single_token,not_valid_noun
spatulas,spe,-13.9375,1,single_token,not_valid_noun
spatulas,ko,-13.9375,1,single_token,not_valid_noun
spatulas,supp,-13.9375,1,single_token,not_valid_noun
spatulas,cooks Ut,-13.9375,2,2token,not_valid_noun
spatulas,bra,-13.9375,1,single_token,incomplete_phrase
spatulas,pal,-13.9375,1,single_token,incomplete_phrase
spatulas,`,-13.9375,1,single_token,not_valid_noun
spatulas,KITCHEN ut,-13.9375,2,2token,not_valid_noun
spatulas,national,-13.9375,1,single_token,incomplete_phrase
spatulas,other kinds,-13.9375,2,2token,incomplete_phrase
spatulas,small table,-13.9375,2,2token,incomplete_phrase
spatulas,equipment or,-13.9375,2,2token,not_valid_noun
spatulas,small plastic,-13.9375,2,2token,incomplete_phrase
spatulas,…. ?,-13.9375,2,2token,not_valid_noun
spatulas,…. How,-13.9375,2,2token,not_valid_noun
spatulas,serv,-13.9375,1,single_token,not_valid_noun
spatulas,med,-13.9375,1,single_token,not_valid_noun
spatulas,…. We,-13.9375,2,2token,not_valid_noun
spatulas,mac,-13.9375,1,single_token,incomplete_phrase
spatulas,small frying,-13.9375,2,2token,incomplete_phrase
spatulas,yo,-13.9375,1,single_token,not_valid_noun
spatulas,should,-13.9375,1,single_token,not_valid_noun
spatulas,…. This,-13.9375,2,2token,not_valid_noun
spatulas,str,-13.9375,1,single_token,not_valid_noun
spatulas,get,-13.9375,1,single_token,not_valid_noun
spatulas,.-,-13.9375,1,single_token,not_valid_noun
spatulas,…. Find,-13.9375,2,2token,not_valid_noun
spatulas,outil,-13.9375,1,single_token,not_valid_noun
spatulas,Ed,-13.9375,1,single_token,not_valid_noun
spatulas,needed,-13.9375,1,single_token,not_valid_noun
spatulas,cake ________,-13.96875,2,2token,not_valid_noun
spatulas,to .,-13.96875,2,2token,not_valid_noun
spatulas,kitchens,-13.96875,2,2token,not_valid_noun
spatulas,________ Complete,-13.96875,2,2token,not_valid_noun
spatulas,________ and,-13.96875,2,2token,not_valid_noun
spatulas,________ Choose,-13.96875,2,2token,not_valid_noun
spatulas,________ A,-13.96875,2,2token,not_valid_noun
spatulas,appliances for,-13.96875,2,2token,incomplete_phrase
spatulas,serving .,-13.96875,2,2token,not_valid_noun
spatulas,.. a,-13.96875,2,2token,not_valid_noun
spatulas,knife is,-13.96875,2,2token,not_valid_noun
spatulas,knife which,-13.96875,2,2token,incomplete_phrase
spatulas,knife /,-13.96875,2,2token,not_valid_noun
spatulas,knife __,-13.96875,2,2token,not_valid_noun
spatulas,knife Read,-13.96875,2,2token,not_valid_noun
spatulas,cook _______,-13.96875,2,2token,not_valid_noun
spatulas,which tools,-13.96875,2,2token,not_valid_noun
spatulas,vegetable garden,-13.96875,2,2token,incomplete_phrase
spatulas,pastry making,-13.96875,2,2token,incomplete_phrase
spatulas,object or,-13.96875,2,2token,not_valid_noun
spatulas,knife …,-13.96875,2,2token,not_valid_noun
spatulas,--- (,-13.96875,2,2token,not_valid_noun
spatulas,p __________,-13.96875,2,2token,not_valid_noun
spatulas,", knife",-13.96875,2,2token,not_valid_noun
spatulas,", Fill",-13.96875,2,2token,not_valid_noun
spatulas,What Do,-13.96875,2,2token,not_valid_noun
spatulas,What item,-13.96875,2,2token,not_valid_noun
spatulas,utensils at,-13.96875,2,2token,not_valid_noun
spatulas,utensils by,-13.96875,2,2token,not_valid_noun
spatulas,", __",-13.96875,2,2token,not_valid_noun
spatulas,", you",-13.96875,2,2token,not_valid_noun
spatulas,this type,-13.96875,2,2token,incomplete_phrase
spatulas,this,-13.96875,2,2token,not_valid_noun
spatulas,What could,-13.96875,2,2token,not_valid_noun
spatulas,What ?,-13.96875,2,2token,not_valid_noun
spatulas,the fruit,-13.96875,2,2token,not_valid_noun
spatulas,I think,-13.96875,2,2token,not_valid_noun
spatulas,I instrument,-13.96875,2,2token,not_valid_noun
spatulas,this (,-13.96875,2,2token,not_valid_noun
spatulas,tro,-14.0,1,single_token,not_valid_noun
spatulas,games,-14.0,1,single_token,not_valid_noun
spatulas,implementing,-14.0,1,single_token,not_valid_noun
spatulas,aids,-14.0,1,single_token,not_valid_noun
spatulas,reusable,-14.0,1,single_token,not_valid_noun
spatulas,digestive,-14.0,1,single_token,incomplete_phrase
spatulas,farms,-14.0,1,single_token,not_valid_noun
spatulas,makes,-14.0,1,single_token,not_valid_noun
spatulas,Er,-14.0,1,single_token,not_valid_noun
spatulas,apt,-14.0,1,single_token,not_valid_noun
spatulas,? utensils,-14.0,2,2token,not_valid_noun
spatulas,….. A,-14.0,2,2token,not_valid_noun
spatulas,holiday,-14.0,1,single_token,incomplete_phrase
spatulas,II,-14.0,1,single_token,not_valid_noun
spatulas,re,-14.0,1,single_token,not_valid_noun
spatulas,,-14.0,1,single_token,not_valid_noun
spatulas,hang,-14.0,1,single_token,not_valid_noun
spatulas,irons,-14.0,1,single_token,not_valid_noun
spatulas,cooling,-14.0,1,single_token,incomplete_phrase
spatulas,durable,-14.0,1,single_token,not_valid_noun
spatulas,".,",-14.0,1,single_token,not_valid_noun
spatulas,pruning,-14.0,1,single_token,incomplete_phrase
spatulas,nutri,-14.0,1,single_token,not_valid_noun
spatulas,metallo,-14.0,1,single_token,not_valid_noun
spatulas,? You,-14.0,2,2token,not_valid_noun
spatulas,? Cut,-14.0,2,2token,not_valid_noun
spatulas,cutting instr,-14.0,2,2token,incomplete_phrase
spatulas,beach,-14.0,1,single_token,incomplete_phrase
spatulas,missing,-14.0,1,single_token,not_valid_noun
spatulas,pot used,-14.0,2,2token,incomplete_phrase
spatulas,___________ ____________,-14.0,2,2token,not_valid_noun
spatulas,___________ A,-14.0,2,2token,not_valid_noun
spatulas,hous,-14.0,1,single_token,incomplete_phrase
spatulas,SP,-14.0,1,single_token,not_valid_noun
spatulas,tableware complete,-14.0,2,2token,not_valid_noun
spatulas,(…),-14.0,1,single_token,not_valid_noun
spatulas,...,-14.0,1,single_token,not_valid_noun
spatulas,........ a,-14.0,2,2token,not_valid_noun
spatulas,........ The,-14.0,2,2token,not_valid_noun
spatulas,cutting a,-14.0,2,2token,not_valid_noun
spatulas,? ______,-14.0,2,2token,not_valid_noun
spatulas,? ?.,-14.0,2,2token,not_valid_noun
spatulas,/ instrument,-14.0,2,2token,not_valid_noun
spatulas,cookie baking,-14.0,2,2token,incomplete_phrase
spatulas,,-14.0,1,single_token,not_valid_noun
spatulas,utility utens,-14.0,2,2token,incomplete_phrase
spatulas,repair,-14.0,1,single_token,incomplete_phrase
spatulas,...... ...,-14.0,2,2token,not_valid_noun
spatulas,Cookie,-14.0,1,single_token,not_valid_noun
spatulas,sharp piece,-14.03125,2,2token,incomplete_phrase
spatulas,fruit for,-14.03125,2,2token,incomplete_phrase
spatulas,art utens,-14.03125,2,2token,incomplete_phrase
spatulas,The two,-14.03125,2,2token,not_valid_noun
spatulas,stove .,-14.03125,2,2token,not_valid_noun
spatulas,The best,-14.03125,2,2token,not_valid_noun
spatulas,The words,-14.03125,2,2token,not_valid_noun
spatulas,....... tool,-14.03125,2,2token,not_valid_noun
spatulas,gadget that,-14.03125,2,2token,incomplete_phrase
spatulas,measuring ______,-14.03125,2,2token,not_valid_noun
spatulas,of Ut,-14.03125,2,2token,not_valid_noun
spatulas,of Cut,-14.03125,2,2token,not_valid_noun
spatulas,.... cutlery,-14.03125,2,2token,not_valid_noun
spatulas,.... and,-14.03125,2,2token,not_valid_noun
spatulas,.... utensils,-14.03125,2,2token,not_valid_noun
spatulas,.... ________,-14.03125,2,2token,not_valid_noun
spatulas,of ______,-14.03125,2,2token,not_valid_noun
spatulas,.... Please,-14.03125,2,2token,not_valid_noun
spatulas,.... _,-14.03125,2,2token,not_valid_noun
spatulas,.... Tools,-14.03125,2,2token,not_valid_noun
spatulas,: Read,-14.03125,2,2token,not_valid_noun
spatulas,: Write,-14.03125,2,2token,not_valid_noun
spatulas,of cookware,-14.03125,2,2token,not_valid_noun
spatulas,.... Food,-14.03125,2,2token,not_valid_noun
spatulas,pan ____,-14.03125,2,2token,not_valid_noun
spatulas,fork _________,-14.03125,2,2token,not_valid_noun
spatulas,ut ...,-14.03125,2,2token,not_valid_noun
spatulas,instruments in,-14.03125,2,2token,not_valid_noun
spatulas,pan __,-14.03125,2,2token,not_valid_noun
spatulas,____________ ___________,-14.03125,2,2token,not_valid_noun
spatulas,____ _____,-14.03125,2,2token,not_valid_noun
spatulas,____ What,-14.03125,2,2token,not_valid_noun
spatulas,____ and,-14.03125,2,2token,not_valid_noun
spatulas,measure Complete,-14.03125,2,2token,not_valid_noun
spatulas,Tools Complete,-14.03125,2,2token,not_valid_noun
spatulas,....... complete,-14.03125,2,2token,not_valid_noun
spatulas,implement ______,-14.03125,2,2token,not_valid_noun
spatulas,....... ...,-14.03125,2,2token,not_valid_noun
spatulas,....... ?,-14.03125,2,2token,not_valid_noun
spatulas,instrument ….,-14.03125,2,2token,not_valid_noun
spatulas,instrument .....,-14.03125,2,2token,not_valid_noun
spatulas,small,-14.0625,2,2token,incomplete_phrase
spatulas,[,-14.0625,2,2token,not_valid_noun
spatulas,[ utens,-14.0625,2,2token,not_valid_noun
spatulas,what ...,-14.0625,2,2token,not_valid_noun
spatulas,what food,-14.0625,2,2token,not_valid_noun
spatulas,what tools,-14.0625,2,2token,not_valid_noun
spatulas,what Complete,-14.0625,2,2token,not_valid_noun
spatulas,blade .,-14.0625,2,2token,not_valid_noun
spatulas,p ___________,-14.0625,2,2token,not_valid_noun
spatulas,mary,-14.0625,1,single_token,incomplete_phrase
spatulas,tins,-14.0625,1,single_token,not_valid_noun
spatulas,capital,-14.0625,1,single_token,incomplete_phrase
spatulas,broad,-14.0625,1,single_token,incomplete_phrase
spatulas,cocina,-14.0625,1,single_token,not_valid_noun
spatulas,cutting instru,-14.0625,2,2token,incomplete_phrase
spatulas,lifting,-14.0625,1,single_token,not_valid_noun
spatulas,Eat,-14.0625,1,single_token,not_valid_noun
spatulas,indispensable,-14.0625,1,single_token,not_valid_noun
spatulas,con,-14.0625,1,single_token,incomplete_phrase
spatulas,hos,-14.0625,1,single_token,not_valid_noun
spatulas,often,-14.0625,1,single_token,not_valid_noun
spatulas,National,-14.0625,1,single_token,incomplete_phrase
spatulas,small ______,-14.0625,2,2token,not_valid_noun
spatulas,_. (,-14.0625,2,2token,not_valid_noun
spatulas,_. Choose,-14.0625,2,2token,not_valid_noun
spatulas,_. Use,-14.0625,2,2token,not_valid_noun
spatulas,written,-14.0625,1,single_token,not_valid_noun
spatulas,parts,-14.0625,1,single_token,not_valid_noun
spatulas,member,-14.0625,1,single_token,incomplete_phrase
spatulas,arti,-14.0625,1,single_token,not_valid_noun
spatulas,_. In,-14.0625,2,2token,not_valid_noun
spatulas,United,-14.0625,1,single_token,incomplete_phrase
spatulas,women,-14.0625,1,single_token,not_valid_noun
spatulas,small round,-14.0625,2,2token,incomplete_phrase
spatulas,small food,-14.0625,2,2token,incomplete_phrase
spatulas,au,-14.0625,1,single_token,not_valid_noun
spatulas,An,-14.0625,1,single_token,not_valid_noun
spatulas,grat,-14.0625,1,single_token,incomplete_phrase
spatulas,ox,-14.0625,1,single_token,not_valid_noun
spatulas,Multi,-14.0625,1,single_token,not_valid_noun
spatulas,material .,-14.0625,2,2token,not_valid_noun
spatulas,long narrow,-14.0625,2,2token,incomplete_phrase
spatulas,..... -,-14.0625,2,2token,not_valid_noun
spatulas,th,-14.0625,1,single_token,not_valid_noun
spatulas,,-14.0625,1,single_token,not_valid_noun
spatulas,_(,-14.0625,1,single_token,not_valid_noun
spatulas,FLAT,-14.0625,1,single_token,incomplete_phrase
spatulas,hockey,-14.0625,1,single_token,incomplete_phrase
spatulas,Pot,-14.0625,1,single_token,not_valid_noun
spatulas,kne,-14.0625,1,single_token,not_valid_noun
spatulas,Tables,-14.0625,1,single_token,incomplete_phrase
spatulas,p ________,-14.09375,2,2token,not_valid_noun
spatulas,", cooking",-14.09375,2,2token,not_valid_noun
spatulas,", use",-14.09375,2,2token,not_valid_noun
spatulas,pastry chef,-14.09375,2,2token,incomplete_phrase
spatulas,", instrument",-14.09375,2,2token,not_valid_noun
spatulas,kitchens ut,-14.09375,2,2token,not_valid_noun
spatulas,________ in,-14.09375,2,2token,not_valid_noun
spatulas,.. Read,-14.09375,2,2token,not_valid_noun
spatulas,cookware ______,-14.09375,2,2token,not_valid_noun
spatulas,this cooking,-14.09375,2,2token,incomplete_phrase
spatulas,utensils Use,-14.09375,2,2token,incomplete_phrase
spatulas,utensils ..,-14.09375,2,2token,not_valid_noun
spatulas,vegetable (,-14.09375,2,2token,not_valid_noun
spatulas,", i",-14.09375,2,2token,not_valid_noun
spatulas,fruits .,-14.09375,2,2token,not_valid_noun
spatulas,dish and,-14.09375,2,2token,incomplete_phrase
spatulas,dish ....,-14.09375,2,2token,not_valid_noun
spatulas,cook ________,-14.09375,2,2token,not_valid_noun
spatulas,to food,-14.09375,2,2token,not_valid_noun
spatulas,", that",-14.09375,2,2token,not_valid_noun
spatulas,the house,-14.09375,2,2token,not_valid_noun
spatulas,--- food,-14.09375,2,2token,not_valid_noun
spatulas,the fork,-14.09375,2,2token,not_valid_noun
spatulas,the table,-14.09375,2,2token,not_valid_noun
spatulas,measuring _____,-14.09375,2,2token,not_valid_noun
spatulas,forks .,-14.09375,2,2token,not_valid_noun
spatulas,measuring a,-14.09375,2,2token,not_valid_noun
spatulas,baking __,-14.09375,2,2token,not_valid_noun
spatulas,I used,-14.09375,2,2token,not_valid_noun
spatulas,.. A,-14.09375,2,2token,not_valid_noun
spatulas,What utensils,-14.09375,2,2token,not_valid_noun
spatulas,What words,-14.09375,2,2token,not_valid_noun
spatulas,….. a,-14.125,2,2token,not_valid_noun
spatulas,metric,-14.125,1,single_token,incomplete_phrase
spatulas,coloring,-14.125,1,single_token,incomplete_phrase
spatulas,foods .,-14.125,2,2token,not_valid_noun
spatulas,shovel (,-14.125,2,2token,not_valid_noun
spatulas,….. Fill,-14.125,2,2token,not_valid_noun
spatulas,table utensi,-14.125,2,2token,incomplete_phrase
spatulas,___________ Choose,-14.125,2,2token,not_valid_noun
spatulas,spoons that,-14.125,2,2token,incomplete_phrase
spatulas,___________ food,-14.125,2,2token,not_valid_noun
spatulas,glas,-14.125,1,single_token,not_valid_noun
spatulas,........ A,-14.125,2,2token,not_valid_noun
spatulas,tableware ...,-14.125,2,2token,not_valid_noun
spatulas,tableware used,-14.125,2,2token,incomplete_phrase
spatulas,manufacturing,-14.125,1,single_token,not_valid_noun
spatulas,tableware or,-14.125,2,2token,not_valid_noun
spatulas,tableware in,-14.125,2,2token,not_valid_noun
spatulas,tableware and,-14.125,2,2token,incomplete_phrase
spatulas,examples,-14.125,1,single_token,not_valid_noun
spatulas,talking,-14.125,1,single_token,incomplete_phrase
spatulas,fle,-14.125,1,single_token,not_valid_noun
spatulas,/ food,-14.125,2,2token,not_valid_noun
spatulas,/ part,-14.125,2,2token,not_valid_noun
spatulas,useful household,-14.125,2,2token,incomplete_phrase
spatulas,kitchenette,-14.125,1,single_token,incomplete_phrase
spatulas,tou,-14.125,1,single_token,not_valid_noun
spatulas,editing,-14.125,1,single_token,not_valid_noun
spatulas,thermal,-14.125,1,single_token,incomplete_phrase
spatulas,...... utens,-14.125,2,2token,not_valid_noun
spatulas,cutting up,-14.125,2,2token,not_valid_noun
spatulas,cookie,-14.125,2,2token,not_valid_noun
spatulas,...... utensils,-14.125,2,2token,not_valid_noun
spatulas,technological,-14.125,1,single_token,not_valid_noun
spatulas,colourful,-14.125,1,single_token,not_valid_noun
spatulas,flatten,-14.125,1,single_token,not_valid_noun
spatulas,lives,-14.125,1,single_token,not_valid_noun
spatulas,culin,-14.125,1,single_token,not_valid_noun
spatulas,A .,-14.125,2,2token,not_valid_noun
spatulas,Si,-14.125,1,single_token,not_valid_noun
spatulas,nor,-14.125,1,single_token,not_valid_noun
spatulas,A knife,-14.125,2,2token,not_valid_noun
spatulas,A spoon,-14.125,2,2token,not_valid_noun
spatulas,decor,-14.125,1,single_token,not_valid_noun
spatulas,A,-14.125,2,2token,not_valid_noun
spatulas,container to,-14.125,2,2token,not_valid_noun
spatulas,container that,-14.125,2,2token,incomplete_phrase
spatulas,,-14.125,1,single_token,not_valid_noun
spatulas,used on,-14.125,2,2token,not_valid_noun
spatulas,inexpensive,-14.125,1,single_token,not_valid_noun
spatulas,? My,-14.125,2,2token,not_valid_noun
spatulas,left,-14.125,1,single_token,incomplete_phrase
spatulas,shape of,-14.125,2,2token,not_valid_noun
spatulas,plate .,-14.125,2,2token,not_valid_noun
spatulas,exp,-14.125,1,single_token,not_valid_noun
spatulas,? spoon,-14.125,2,2token,not_valid_noun
spatulas,spatula or,-14.15625,2,2token,not_valid_noun
spatulas,can .,-14.15625,2,2token,not_valid_noun
spatulas,an tool,-14.15625,2,2token,not_valid_noun
spatulas,fork A,-14.15625,2,2token,not_valid_noun
spatulas,fork [,-14.15625,2,2token,not_valid_noun
spatulas,instrument :,-14.15625,2,2token,not_valid_noun
spatulas,fruit with,-14.15625,2,2token,incomplete_phrase
spatulas,instrument -,-14.15625,2,2token,not_valid_noun
spatulas,instrument we,-14.15625,2,2token,not_valid_noun
spatulas,__ a,-14.15625,2,2token,not_valid_noun
spatulas,____________ and,-14.15625,2,2token,not_valid_noun
spatulas,____________ A,-14.15625,2,2token,not_valid_noun
spatulas,____________ Tools,-14.15625,2,2token,not_valid_noun
spatulas,- Select,-14.15625,2,2token,not_valid_noun
spatulas,pan ___________,-14.15625,2,2token,not_valid_noun
spatulas,pan __________,-14.15625,2,2token,not_valid_noun
spatulas,- ________,-14.15625,2,2token,not_valid_noun
spatulas,for a,-14.15625,2,2token,not_valid_noun
spatulas,s ...,-14.15625,2,2token,not_valid_noun
spatulas,implement -,-14.15625,2,2token,not_valid_noun
spatulas,fork …,-14.15625,2,2token,not_valid_noun
spatulas,of ...,-14.15625,2,2token,not_valid_noun
spatulas,spatula complete,-14.15625,2,2token,not_valid_noun
spatulas,for preparing,-14.15625,2,2token,not_valid_noun
spatulas,.... More,-14.15625,2,2token,not_valid_noun
spatulas,.... An,-14.15625,2,2token,not_valid_noun
spatulas,.... This,-14.15625,2,2token,not_valid_noun
spatulas,.... To,-14.15625,2,2token,not_valid_noun
spatulas,.... of,-14.15625,2,2token,not_valid_noun
spatulas,....,-14.15625,2,2token,not_valid_noun
spatulas,implement Read,-14.15625,2,2token,not_valid_noun
spatulas,implement ____,-14.15625,2,2token,not_valid_noun
spatulas,implement [,-14.15625,2,2token,not_valid_noun
spatulas,brush (,-14.15625,2,2token,not_valid_noun
spatulas,instruments,-14.15625,2,2token,not_valid_noun
spatulas,____ ______,-14.15625,2,2token,not_valid_noun
spatulas,.... There,-14.15625,2,2token,not_valid_noun
spatulas,p _____,-14.15625,2,2token,not_valid_noun
spatulas,measure for,-14.15625,2,2token,incomplete_phrase
spatulas,musical inst,-14.15625,2,2token,incomplete_phrase
spatulas,of (,-14.15625,2,2token,not_valid_noun
spatulas,appliance or,-14.15625,2,2token,not_valid_noun
spatulas,: What,-14.15625,2,2token,not_valid_noun
spatulas,sharp .,-14.15625,2,2token,not_valid_noun
spatulas,: -,-14.15625,2,2token,not_valid_noun
spatulas,The fruit,-14.15625,2,2token,not_valid_noun
spatulas,The food,-14.15625,2,2token,not_valid_noun
spatulas,instrument [,-14.15625,2,2token,not_valid_noun
spatulas,gadget used,-14.15625,2,2token,incomplete_phrase
spatulas,....... Read,-14.15625,2,2token,not_valid_noun
spatulas,fruit that,-14.15625,2,2token,incomplete_phrase
spatulas,- utens,-14.15625,2,2token,not_valid_noun
spatulas,fruit ________,-14.15625,2,2token,not_valid_noun
spatulas,bread tool,-14.1875,2,2token,not_valid_noun
spatulas,bread .,-14.1875,2,2token,not_valid_noun
spatulas,brushing,-14.1875,1,single_token,incomplete_phrase
spatulas,hear,-14.1875,1,single_token,not_valid_noun
spatulas,"-,",-14.1875,1,single_token,not_valid_noun
spatulas,English,-14.1875,1,single_token,incomplete_phrase
spatulas,Mary,-14.1875,1,single_token,incomplete_phrase
spatulas,,-14.1875,1,single_token,not_valid_noun
spatulas,things Complete,-14.1875,2,2token,not_valid_noun
spatulas,…… Choose,-14.1875,2,2token,not_valid_noun
spatulas,pastries,-14.1875,1,single_token,not_valid_noun
spatulas,diner,-14.1875,1,single_token,incomplete_phrase
spatulas,shaping,-14.1875,1,single_token,incomplete_phrase
spatulas,(=,-14.1875,1,single_token,not_valid_noun
spatulas,snacks,-14.1875,1,single_token,not_valid_noun
spatulas,housewives,-14.1875,1,single_token,incomplete_phrase
spatulas,Cooks,-14.1875,1,single_token,not_valid_noun
spatulas,cleaning (,-14.1875,2,2token,not_valid_noun
spatulas,…. -,-14.1875,2,2token,not_valid_noun
spatulas,garden utens,-14.1875,2,2token,incomplete_phrase
spatulas,aw,-14.1875,1,single_token,not_valid_noun
spatulas,ang,-14.1875,1,single_token,not_valid_noun
spatulas,ol,-14.1875,1,single_token,not_valid_noun
spatulas,take,-14.1875,1,single_token,incomplete_phrase
spatulas,mo,-14.1875,1,single_token,not_valid_noun
spatulas,m,-14.1875,1,single_token,not_valid_noun
spatulas,inside,-14.1875,1,single_token,incomplete_phrase
spatulas,..... cutlery,-14.1875,2,2token,not_valid_noun
spatulas,y,-14.1875,1,single_token,not_valid_noun
spatulas,…. Select,-14.1875,2,2token,not_valid_noun
spatulas,…. tool,-14.1875,2,2token,not_valid_noun
spatulas,cust,-14.1875,1,single_token,not_valid_noun
spatulas,utili,-14.1875,1,single_token,not_valid_noun
spatulas,WE,-14.1875,1,single_token,not_valid_noun
spatulas,spor,-14.1875,1,single_token,incomplete_phrase
spatulas,OTHER,-14.1875,1,single_token,not_valid_noun
spatulas,extr,-14.1875,1,single_token,not_valid_noun
spatulas,```,-14.1875,1,single_token,not_valid_noun
spatulas,tastes,-14.1875,1,single_token,not_valid_noun
spatulas,Q,-14.1875,1,single_token,not_valid_noun
spatulas,accessory used,-14.1875,2,2token,incomplete_phrase
spatulas,( Ut,-14.1875,2,2token,not_valid_noun
spatulas,As,-14.1875,1,single_token,not_valid_noun
spatulas,..... ....,-14.1875,2,2token,not_valid_noun
spatulas,..... Match,-14.1875,2,2token,not_valid_noun
spatulas,culinary kitchen,-14.1875,2,2token,incomplete_phrase
spatulas,--->,-14.1875,1,single_token,not_valid_noun
spatulas,implements which,-14.1875,2,2token,incomplete_phrase
spatulas,cutting -,-14.1875,2,2token,not_valid_noun
spatulas,..... In,-14.1875,2,2token,not_valid_noun
spatulas,..... Correct,-14.1875,2,2token,not_valid_noun
spatulas,small ...,-14.1875,2,2token,not_valid_noun
spatulas,small cook,-14.1875,2,2token,incomplete_phrase
spatulas,small cutting,-14.1875,2,2token,incomplete_phrase
spatulas,small _____,-14.1875,2,2token,not_valid_noun
spatulas,culinary ...,-14.1875,2,2token,not_valid_noun
spatulas,cooks kitchen,-14.1875,2,2token,incomplete_phrase
spatulas,......... A,-14.1875,2,2token,not_valid_noun
spatulas,......... a,-14.1875,2,2token,not_valid_noun
spatulas,material that,-14.1875,2,2token,incomplete_phrase
spatulas,[ _,-14.1875,2,2token,not_valid_noun
spatulas,device (,-14.21875,2,2token,not_valid_noun
spatulas,device which,-14.21875,2,2token,incomplete_phrase
spatulas,object ....,-14.21875,2,2token,not_valid_noun
spatulas,helper utens,-14.21875,2,2token,incomplete_phrase
spatulas,o,-14.21875,2,2token,not_valid_noun
spatulas,plastic food,-14.21875,2,2token,incomplete_phrase
spatulas,--- ---,-14.21875,2,2token,not_valid_noun
spatulas,cake ingredient,-14.21875,2,2token,not_valid_noun
spatulas,object we,-14.21875,2,2token,not_valid_noun
spatulas,teaspoon Complete,-14.21875,2,2token,not_valid_noun
spatulas,pots .,-14.21875,2,2token,not_valid_noun
spatulas,________ ____,-14.21875,2,2token,not_valid_noun
spatulas,________ food,-14.21875,2,2token,not_valid_noun
spatulas,________ -,-14.21875,2,2token,not_valid_noun
spatulas,utensils ___________,-14.21875,2,2token,not_valid_noun
spatulas,________ ______,-14.21875,2,2token,not_valid_noun
spatulas,the flat,-14.21875,2,2token,not_valid_noun
spatulas,the pan,-14.21875,2,2token,not_valid_noun
spatulas,utensils The,-14.21875,2,2token,incomplete_phrase
spatulas,", food",-14.21875,2,2token,not_valid_noun
spatulas,What has,-14.21875,2,2token,not_valid_noun
spatulas,........... A,-14.21875,2,2token,not_valid_noun
spatulas,oven bake,-14.21875,2,2token,not_valid_noun
spatulas,What object,-14.21875,2,2token,not_valid_noun
spatulas,........... a,-14.21875,2,2token,not_valid_noun
spatulas,item .,-14.21875,2,2token,not_valid_noun
spatulas,hand kitchen,-14.21875,2,2token,incomplete_phrase
spatulas,the baking,-14.21875,2,2token,not_valid_noun
spatulas,the ________,-14.21875,2,2token,not_valid_noun
spatulas,the ______,-14.21875,2,2token,not_valid_noun
spatulas,the,-14.21875,2,2token,not_valid_noun
spatulas,serving utensi,-14.21875,2,2token,incomplete_phrase
spatulas,What were,-14.21875,2,2token,not_valid_noun
spatulas,I (,-14.21875,2,2token,not_valid_noun
spatulas,to a,-14.21875,2,2token,not_valid_noun
spatulas,to to,-14.21875,2,2token,not_valid_noun
spatulas,to help,-14.21875,2,2token,not_valid_noun
spatulas,to,-14.21875,2,2token,not_valid_noun
spatulas,What have,-14.21875,2,2token,not_valid_noun
spatulas,measuring cooking,-14.21875,2,2token,incomplete_phrase
spatulas,measuring _______,-14.21875,2,2token,not_valid_noun
spatulas,measuring measuring,-14.21875,2,2token,incomplete_phrase
spatulas,___________ of,-14.25,2,2token,not_valid_noun
spatulas,Essential,-14.25,1,single_token,incomplete_phrase
spatulas,potter,-14.25,1,single_token,incomplete_phrase
spatulas,smart,-14.25,1,single_token,incomplete_phrase
spatulas,emergency,-14.25,1,single_token,incomplete_phrase
spatulas,TABLE,-14.25,1,single_token,incomplete_phrase
spatulas,chinese,-14.25,1,single_token,incomplete_phrase
spatulas,objects (,-14.25,2,2token,not_valid_noun
spatulas,⇒,-14.25,1,single_token,not_valid_noun
spatulas,Good,-14.25,1,single_token,incomplete_phrase
spatulas,whose,-14.25,1,single_token,not_valid_noun
spatulas,___________ instrument,-14.25,2,2token,not_valid_noun
spatulas,........ What,-14.25,2,2token,not_valid_noun
spatulas,___________ _________,-14.25,2,2token,not_valid_noun
spatulas,___________ utensils,-14.25,2,2token,not_valid_noun
spatulas,serves,-14.25,1,single_token,not_valid_noun
spatulas,objects of,-14.25,2,2token,not_valid_noun
spatulas,Golden,-14.25,1,single_token,not_valid_noun
spatulas,mou,-14.25,1,single_token,incomplete_phrase
spatulas,shovel or,-14.25,2,2token,not_valid_noun
spatulas,...... I,-14.25,2,2token,not_valid_noun
spatulas,house,-14.25,2,2token,incomplete_phrase
spatulas,/,-14.25,2,2token,not_valid_noun
spatulas,ue,-14.25,1,single_token,not_valid_noun
spatulas,sandwich Complete,-14.25,2,2token,not_valid_noun
spatulas,type kitchen,-14.25,2,2token,incomplete_phrase
spatulas,large wooden,-14.25,2,2token,incomplete_phrase
spatulas,tableware that,-14.25,2,2token,incomplete_phrase
spatulas,…………………… Complete,-14.25,2,2token,not_valid_noun
spatulas,comp,-14.25,1,single_token,not_valid_noun
spatulas,Cooking .,-14.25,2,2token,not_valid_noun
spatulas,Po,-14.25,1,single_token,not_valid_noun
spatulas,hal,-14.25,1,single_token,incomplete_phrase
spatulas,first,-14.25,1,single_token,incomplete_phrase
spatulas,werk,-14.25,1,single_token,not_valid_noun
spatulas,pool,-14.25,1,single_token,incomplete_phrase
spatulas,letters,-14.25,1,single_token,not_valid_noun
spatulas,unt,-14.25,1,single_token,not_valid_noun
spatulas,,-14.25,1,single_token,not_valid_noun
spatulas,sandwich spread,-14.25,2,2token,not_valid_noun
spatulas,spoons with,-14.25,2,2token,incomplete_phrase
spatulas,spoons complete,-14.25,2,2token,not_valid_noun
spatulas,spoons ....,-14.25,2,2token,not_valid_noun
spatulas,($\,-14.25,1,single_token,not_valid_noun
spatulas,cleansing,-14.25,1,single_token,incomplete_phrase
spatulas,used at,-14.25,2,2token,not_valid_noun
spatulas,Choose,-14.25,1,single_token,not_valid_noun
spatulas,spoons for,-14.25,2,2token,incomplete_phrase
spatulas,/ sort,-14.25,2,2token,not_valid_noun
spatulas,...... Use,-14.25,2,2token,not_valid_noun
spatulas,Restaurant,-14.25,1,single_token,incomplete_phrase
spatulas,pins,-14.25,1,single_token,not_valid_noun
spatulas,farmer,-14.25,1,single_token,incomplete_phrase
spatulas,Universal,-14.25,1,single_token,incomplete_phrase
spatulas,container (,-14.25,2,2token,not_valid_noun
spatulas,___________ What,-14.25,2,2token,not_valid_noun
spatulas,___________ complete,-14.25,2,2token,not_valid_noun
spatulas,...... cutlery,-14.25,2,2token,not_valid_noun
spatulas,...... kitchen,-14.25,2,2token,not_valid_noun
spatulas,objects made,-14.25,2,2token,incomplete_phrase
spatulas,instrument on,-14.28125,2,2token,not_valid_noun
spatulas,implement ….,-14.28125,2,2token,not_valid_noun
spatulas,implement _____,-14.28125,2,2token,not_valid_noun
spatulas,....... tools,-14.28125,2,2token,not_valid_noun
spatulas,cook (,-14.28125,2,2token,not_valid_noun
spatulas,art .,-14.28125,2,2token,not_valid_noun
spatulas,for use,-14.28125,2,2token,not_valid_noun
spatulas,chef kitchen,-14.28125,2,2token,incomplete_phrase
spatulas,fork _,-14.28125,2,2token,not_valid_noun
spatulas,dish ____________,-14.28125,2,2token,not_valid_noun
spatulas,fork Related,-14.28125,2,2token,incomplete_phrase
spatulas,spatula and,-14.28125,2,2token,incomplete_phrase
spatulas,cook kitchen,-14.28125,2,2token,incomplete_phrase
spatulas,.............. Fill,-14.28125,2,2token,not_valid_noun
spatulas,pan is,-14.28125,2,2token,not_valid_noun
spatulas,an .,-14.28125,2,2token,not_valid_noun
spatulas,for utensils,-14.28125,2,2token,not_valid_noun
spatulas,__ and,-14.28125,2,2token,not_valid_noun
spatulas,____ utens,-14.28125,2,2token,not_valid_noun
spatulas,wooden Ut,-14.28125,2,2token,not_valid_noun
spatulas,instruments (,-14.28125,2,2token,not_valid_noun
spatulas,of Cooking,-14.28125,2,2token,not_valid_noun
spatulas,____ complete,-14.28125,2,2token,not_valid_noun
spatulas,implement on,-14.28125,2,2token,not_valid_noun
spatulas,wooden _______,-14.28125,2,2token,not_valid_noun
spatulas,of _______,-14.28125,2,2token,not_valid_noun
spatulas,pan .....,-14.28125,2,2token,not_valid_noun
spatulas,implement Answer,-14.28125,2,2token,not_valid_noun
spatulas,dessert (,-14.28125,2,2token,not_valid_noun
spatulas,kni ve,-14.28125,2,2token,not_valid_noun
spatulas,____ or,-14.28125,2,2token,not_valid_noun
spatulas,instrument …,-14.28125,2,2token,not_valid_noun
spatulas,: Use,-14.28125,2,2token,not_valid_noun
spatulas,instrument Edit,-14.28125,2,2token,incomplete_phrase
spatulas,The table,-14.28125,2,2token,not_valid_noun
spatulas,: the,-14.28125,2,2token,not_valid_noun
spatulas,instrument from,-14.28125,2,2token,incomplete_phrase
spatulas,____________ -,-14.28125,2,2token,not_valid_noun
spatulas,p _______,-14.28125,2,2token,not_valid_noun
spatulas,caring,-14.3125,1,single_token,not_valid_noun
spatulas,…. If,-14.3125,2,2token,not_valid_noun
spatulas,…. …,-14.3125,2,2token,not_valid_noun
spatulas,culinary utensi,-14.3125,2,2token,incomplete_phrase
spatulas,..... kitchen,-14.3125,2,2token,not_valid_noun
spatulas,cooks .,-14.3125,2,2token,not_valid_noun
spatulas,..... utensils,-14.3125,2,2token,not_valid_noun
spatulas,..... Answer,-14.3125,2,2token,not_valid_noun
spatulas,cooker .,-14.3125,2,2token,not_valid_noun
spatulas,magnetic,-14.3125,1,single_token,not_valid_noun
spatulas,..... utens,-14.3125,2,2token,not_valid_noun
spatulas,…. There,-14.3125,2,2token,not_valid_noun
spatulas,worn,-14.3125,1,single_token,not_valid_noun
spatulas,nes,-14.3125,1,single_token,not_valid_noun
spatulas,p e,-14.3125,2,2token,not_valid_noun
spatulas,bay,-14.3125,1,single_token,incomplete_phrase
spatulas,circular,-14.3125,1,single_token,incomplete_phrase
spatulas,narrow,-14.3125,1,single_token,incomplete_phrase
spatulas,implements Used,-14.3125,2,2token,not_valid_noun
spatulas,garde,-14.3125,1,single_token,not_valid_noun
spatulas,_. I,-14.3125,2,2token,not_valid_noun
spatulas,what type,-14.3125,2,2token,not_valid_noun
spatulas,ger,-14.3125,1,single_token,incomplete_phrase
spatulas,kind .,-14.3125,2,2token,not_valid_noun
spatulas,other household,-14.3125,2,2token,incomplete_phrase
spatulas,other .,-14.3125,2,2token,not_valid_noun
spatulas,Vegetables,-14.3125,1,single_token,not_valid_noun
spatulas,sur,-14.3125,1,single_token,incomplete_phrase
spatulas,ther,-14.3125,1,single_token,incomplete_phrase
spatulas,‎,-14.3125,1,single_token,not_valid_noun
spatulas,what object,-14.3125,2,2token,not_valid_noun
spatulas,what ____,-14.3125,2,2token,not_valid_noun
spatulas,din,-14.3125,1,single_token,incomplete_phrase
spatulas,what fruit,-14.3125,2,2token,not_valid_noun
spatulas,equipment ...,-14.3125,2,2token,not_valid_noun
spatulas,,-14.3125,1,single_token,not_valid_noun
spatulas,[...,-14.3125,1,single_token,not_valid_noun
spatulas,Everyday,-14.3125,1,single_token,incomplete_phrase
spatulas,fau,-14.3125,1,single_token,not_valid_noun
spatulas,specialized,-14.3125,1,single_token,not_valid_noun
spatulas,wo,-14.3125,1,single_token,not_valid_noun
spatulas,sea,-14.3125,1,single_token,incomplete_phrase
spatulas,sh,-14.3125,1,single_token,not_valid_noun
spatulas,Many,-14.3125,1,single_token,not_valid_noun
spatulas,iron (,-14.3125,2,2token,not_valid_noun
spatulas,sile,-14.3125,1,single_token,incomplete_phrase
spatulas,stationary,-14.3125,1,single_token,not_valid_noun
spatulas,gripping,-14.3125,1,single_token,not_valid_noun
spatulas,sl,-14.3125,1,single_token,not_valid_noun
spatulas,helper with,-14.34375,2,2token,incomplete_phrase
spatulas,hand or,-14.34375,2,2token,not_valid_noun
spatulas,I eat,-14.34375,2,2token,not_valid_noun
spatulas,baking equi,-14.34375,2,2token,incomplete_phrase
spatulas,.. What,-14.34375,2,2token,not_valid_noun
spatulas,oven cleaning,-14.34375,2,2token,incomplete_phrase
spatulas,oven __,-14.34375,2,2token,not_valid_noun
spatulas,kitchens Ut,-14.34375,2,2token,not_valid_noun
spatulas,oven (,-14.34375,2,2token,not_valid_noun
spatulas,serving ut,-14.34375,2,2token,not_valid_noun
spatulas,object from,-14.34375,2,2token,incomplete_phrase
spatulas,object ...,-14.34375,2,2token,not_valid_noun
spatulas,cookware ____,-14.34375,2,2token,not_valid_noun
spatulas,silver .,-14.34375,2,2token,not_valid_noun
spatulas,........... What,-14.34375,2,2token,not_valid_noun
spatulas,oven _______,-14.34375,2,2token,not_valid_noun
spatulas,oven ______,-14.34375,2,2token,not_valid_noun
spatulas,thing .,-14.34375,2,2token,not_valid_noun
spatulas,thing we,-14.34375,2,2token,not_valid_noun
spatulas,eat .,-14.34375,2,2token,not_valid_noun
spatulas,utensils A,-14.34375,2,2token,not_valid_noun
spatulas,cookware to,-14.34375,2,2token,not_valid_noun
spatulas,________ for,-14.34375,2,2token,not_valid_noun
spatulas,item Complete,-14.34375,2,2token,not_valid_noun
spatulas,tongs .,-14.34375,2,2token,not_valid_noun
spatulas,", _______",-14.34375,2,2token,not_valid_noun
spatulas,pans,-14.34375,2,2token,not_valid_noun
spatulas,", ....",-14.34375,2,2token,not_valid_noun
spatulas,", fruit",-14.34375,2,2token,not_valid_noun
spatulas,", etc",-14.34375,2,2token,not_valid_noun
spatulas,pastry kitchen,-14.34375,2,2token,incomplete_phrase
spatulas,________ or,-14.34375,2,2token,not_valid_noun
spatulas,which have,-14.34375,2,2token,not_valid_noun
spatulas,soup utens,-14.34375,2,2token,incomplete_phrase
spatulas,cook ______,-14.34375,2,2token,not_valid_noun
spatulas,device in,-14.34375,2,2token,not_valid_noun
spatulas,sp .,-14.34375,2,2token,not_valid_noun
spatulas,o .,-14.34375,2,2token,not_valid_noun
spatulas,cake utens,-14.34375,2,2token,incomplete_phrase
spatulas,{},-14.375,1,single_token,not_valid_noun
spatulas,No,-14.375,1,single_token,not_valid_noun
spatulas,var,-14.375,1,single_token,not_valid_noun
spatulas,TO,-14.375,1,single_token,not_valid_noun
spatulas,known,-14.375,1,single_token,not_valid_noun
spatulas,please,-14.375,1,single_token,not_valid_noun
spatulas,//,-14.375,1,single_token,not_valid_noun
spatulas,….. (,-14.375,2,2token,not_valid_noun
spatulas,▪,-14.375,1,single_token,not_valid_noun
spatulas,Serving,-14.375,1,single_token,incomplete_phrase
spatulas,misc,-14.375,1,single_token,not_valid_noun
spatulas,int,-14.375,1,single_token,incomplete_phrase
spatulas,super,-14.375,1,single_token,incomplete_phrase
spatulas,||,-14.375,1,single_token,not_valid_noun
spatulas,international,-14.375,1,single_token,incomplete_phrase
spatulas,built,-14.375,1,single_token,not_valid_noun
spatulas,poor,-14.375,1,single_token,incomplete_phrase
spatulas,pun,-14.375,1,single_token,incomplete_phrase
spatulas,primary,-14.375,1,single_token,incomplete_phrase
spatulas,People,-14.375,1,single_token,incomplete_phrase
spatulas,,-14.375,1,single_token,not_valid_noun
spatulas,sa,-14.375,1,single_token,not_valid_noun
spatulas,thi,-14.375,1,single_token,not_valid_noun
spatulas,tw,-14.375,1,single_token,not_valid_noun
spatulas,american,-14.375,1,single_token,incomplete_phrase
spatulas,cp,-14.375,1,single_token,not_valid_noun
spatulas,SI,-14.375,1,single_token,not_valid_noun
spatulas,convenience,-14.375,1,single_token,incomplete_phrase
spatulas,counting,-14.375,1,single_token,incomplete_phrase
spatulas,informal,-14.375,1,single_token,not_valid_noun
spatulas,pot cooking,-14.375,2,2token,incomplete_phrase
spatulas,pot ________,-14.375,2,2token,not_valid_noun
spatulas,knives complete,-14.375,2,2token,not_valid_noun
spatulas,table -,-14.375,2,2token,not_valid_noun
spatulas,%,-14.375,1,single_token,not_valid_noun
spatulas,let,-14.375,1,single_token,incomplete_phrase
spatulas,Is,-14.375,1,single_token,not_valid_noun
spatulas,weird,-14.375,1,single_token,incomplete_phrase
spatulas,,-14.375,1,single_token,not_valid_noun
spatulas,Large,-14.375,1,single_token,incomplete_phrase
spatulas,packaging,-14.375,1,single_token,not_valid_noun
spatulas,aper,-14.375,1,single_token,incomplete_phrase
spatulas,matching,-14.375,1,single_token,not_valid_noun
spatulas,mining,-14.375,1,single_token,incomplete_phrase
spatulas,workshop,-14.375,1,single_token,incomplete_phrase
spatulas,/ types,-14.375,2,2token,not_valid_noun
spatulas,pt,-14.375,1,single_token,not_valid_noun
spatulas,tableware ....,-14.375,2,2token,not_valid_noun
spatulas,tableware utens,-14.375,2,2token,incomplete_phrase
spatulas,gastron,-14.375,1,single_token,not_valid_noun
spatulas,tolls,-14.375,1,single_token,not_valid_noun
spatulas,giant,-14.375,1,single_token,incomplete_phrase
spatulas,...... fruit,-14.375,2,2token,not_valid_noun
spatulas,...... Select,-14.375,2,2token,not_valid_noun
spatulas,/ made,-14.375,2,2token,not_valid_noun
spatulas,vegetables,-14.375,2,2token,not_valid_noun
spatulas,carrying,-14.375,1,single_token,not_valid_noun
spatulas,supporting,-14.375,1,single_token,incomplete_phrase
spatulas,flying,-14.375,1,single_token,incomplete_phrase
spatulas,functional,-14.375,1,single_token,not_valid_noun
spatulas,house furn,-14.375,2,2token,incomplete_phrase
spatulas,___________ ______,-14.375,2,2token,not_valid_noun
spatulas,metall,-14.375,1,single_token,not_valid_noun
spatulas,ingredi,-14.375,1,single_token,not_valid_noun
spatulas,chewing,-14.375,1,single_token,incomplete_phrase
spatulas,smoothing,-14.375,1,single_token,not_valid_noun
spatulas,hacks,-14.375,1,single_token,not_valid_noun
spatulas,dinners,-14.375,1,single_token,not_valid_noun
spatulas,sth,-14.375,1,single_token,not_valid_noun
spatulas,Knives,-14.375,1,single_token,not_valid_noun
spatulas,Chefs,-14.375,1,single_token,not_valid_noun
spatulas,bakers,-14.375,1,single_token,not_valid_noun
spatulas,spades,-14.375,1,single_token,not_valid_noun
spatulas,vesel,-14.375,1,single_token,not_valid_noun
spatulas,(($,-14.375,1,single_token,not_valid_noun
spatulas,min,-14.375,1,single_token,incomplete_phrase
spatulas,cla,-14.375,1,single_token,not_valid_noun
spatulas,act,-14.375,1,single_token,incomplete_phrase
spatulas,mat,-14.375,1,single_token,incomplete_phrase
spatulas,differ,-14.375,1,single_token,not_valid_noun
spatulas,les,-14.375,1,single_token,incomplete_phrase
spatulas,meas,-14.375,1,single_token,incomplete_phrase
spatulas,neutral,-14.375,1,single_token,incomplete_phrase
spatulas,q,-14.375,1,single_token,not_valid_noun
spatulas,global,-14.375,1,single_token,not_valid_noun
spatulas,Our,-14.375,1,single_token,incomplete_phrase
spatulas,ud,-14.375,1,single_token,not_valid_noun
spatulas,THIS,-14.375,1,single_token,not_valid_noun
spatulas,marking,-14.375,1,single_token,incomplete_phrase
spatulas,coloured,-14.375,1,single_token,not_valid_noun
spatulas,dic,-14.375,1,single_token,not_valid_noun
spatulas,selection,-14.375,1,single_token,not_valid_noun
spatulas,Chinese,-14.375,1,single_token,incomplete_phrase
spatulas,cultural,-14.375,1,single_token,not_valid_noun
spatulas,gla,-14.375,1,single_token,not_valid_noun
spatulas,formal,-14.375,1,single_token,incomplete_phrase
spatulas,stores,-14.375,1,single_token,not_valid_noun
spatulas,goo,-14.375,1,single_token,incomplete_phrase
spatulas,african,-14.375,1,single_token,incomplete_phrase
spatulas,"?,",-14.375,1,single_token,not_valid_noun
spatulas,removable,-14.375,1,single_token,not_valid_noun
spatulas,fruit .....,-14.40625,2,2token,not_valid_noun
spatulas,gadget (,-14.40625,2,2token,not_valid_noun
spatulas,pan to,-14.40625,2,2token,not_valid_noun
spatulas,wooden flat,-14.40625,2,2token,incomplete_phrase
spatulas,wooden ...,-14.40625,2,2token,not_valid_noun
spatulas,The name,-14.40625,2,2token,not_valid_noun
spatulas,stove ________,-14.40625,2,2token,not_valid_noun
spatulas,sharp flat,-14.40625,2,2token,incomplete_phrase
spatulas,instrument ___________,-14.40625,2,2token,not_valid_noun
spatulas,The,-14.40625,2,2token,not_valid_noun
spatulas,The noun,-14.40625,2,2token,not_valid_noun
spatulas,____________ of,-14.40625,2,2token,not_valid_noun
spatulas,____________,-14.40625,2,2token,not_valid_noun
spatulas,.............. (,-14.40625,2,2token,not_valid_noun
spatulas,: silverware,-14.40625,2,2token,not_valid_noun
spatulas,____________ that,-14.40625,2,2token,not_valid_noun
spatulas,wooden _____,-14.40625,2,2token,not_valid_noun
spatulas,The object,-14.40625,2,2token,not_valid_noun
spatulas,instrument like,-14.40625,2,2token,incomplete_phrase
spatulas,____________ What,-14.40625,2,2token,not_valid_noun
spatulas,: equipment,-14.40625,2,2token,not_valid_noun
spatulas,__ ?,-14.40625,2,2token,not_valid_noun
spatulas,- tools,-14.40625,2,2token,not_valid_noun
spatulas,implement called,-14.40625,2,2token,not_valid_noun
spatulas,implement :,-14.40625,2,2token,not_valid_noun
spatulas,- I,-14.40625,2,2token,not_valid_noun
spatulas,- A,-14.40625,2,2token,not_valid_noun
spatulas,__ _______,-14.40625,2,2token,not_valid_noun
spatulas,__ ___,-14.40625,2,2token,not_valid_noun
spatulas,egg beat,-14.40625,2,2token,incomplete_phrase
spatulas,dish __________,-14.40625,2,2token,not_valid_noun
spatulas,fork a,-14.40625,2,2token,not_valid_noun
spatulas,fork by,-14.40625,2,2token,not_valid_noun
spatulas,fork .......,-14.40625,2,2token,not_valid_noun
spatulas,fork ____________,-14.40625,2,2token,not_valid_noun
spatulas,fork :,-14.40625,2,2token,not_valid_noun
spatulas,"fork ,",-14.40625,2,2token,not_valid_noun
spatulas,dish in,-14.40625,2,2token,not_valid_noun
spatulas,dish _.,-14.40625,2,2token,not_valid_noun
spatulas,....... Write,-14.40625,2,2token,not_valid_noun
spatulas,....... fruit,-14.40625,2,2token,not_valid_noun
spatulas,....... Use,-14.40625,2,2token,not_valid_noun
spatulas,....... food,-14.40625,2,2token,not_valid_noun
spatulas,fruit to,-14.40625,2,2token,not_valid_noun
spatulas,measuring (,-14.40625,2,2token,not_valid_noun
spatulas,…. kitchen,-14.4375,2,2token,not_valid_noun
spatulas,other flat,-14.4375,2,2token,incomplete_phrase
spatulas,interesting,-14.4375,1,single_token,not_valid_noun
spatulas,equipment you,-14.4375,2,2token,incomplete_phrase
spatulas,$?,-14.4375,1,single_token,not_valid_noun
spatulas,(?),-14.4375,1,single_token,not_valid_noun
spatulas,( _______,-14.4375,2,2token,not_valid_noun
spatulas,( utensi,-14.4375,2,2token,not_valid_noun
spatulas,cooperation,-14.4375,1,single_token,not_valid_noun
spatulas,into,-14.4375,1,single_token,not_valid_noun
spatulas,PE,-14.4375,1,single_token,not_valid_noun
spatulas,bread maker,-14.4375,2,2token,not_valid_noun
spatulas,long piece,-14.4375,2,2token,incomplete_phrase
spatulas,culinary equipe,-14.4375,2,2token,incomplete_phrase
spatulas,easy,-14.4375,1,single_token,not_valid_noun
spatulas,Class,-14.4375,1,single_token,incomplete_phrase
spatulas,culinary ________,-14.4375,2,2token,not_valid_noun
spatulas,pa,-14.4375,1,single_token,not_valid_noun
spatulas,him,-14.4375,1,single_token,not_valid_noun
spatulas,lit,-14.4375,1,single_token,incomplete_phrase
spatulas,fore,-14.4375,1,single_token,incomplete_phrase
spatulas,break,-14.4375,1,single_token,incomplete_phrase
spatulas,…… Read,-14.4375,2,2token,not_valid_noun
spatulas,sto,-14.4375,1,single_token,not_valid_noun
spatulas,its,-14.4375,1,single_token,not_valid_noun
spatulas,CHE,-14.4375,1,single_token,incomplete_phrase
spatulas,loading,-14.4375,1,single_token,incomplete_phrase
spatulas,equipment ....,-14.4375,2,2token,not_valid_noun
spatulas,what ?.,-14.4375,2,2token,not_valid_noun
spatulas,what ________,-14.4375,2,2token,not_valid_noun
spatulas,wood working,-14.4375,2,2token,incomplete_phrase
spatulas,wood or,-14.4375,2,2token,not_valid_noun
spatulas,CD,-14.4375,1,single_token,not_valid_noun
spatulas,shoes,-14.4375,1,single_token,not_valid_noun
spatulas,tabletop,-14.4375,1,single_token,not_valid_noun
spatulas,~~,-14.4375,1,single_token,not_valid_noun
spatulas,carpenters,-14.4375,1,single_token,not_valid_noun
spatulas,KITCHEN .,-14.4375,2,2token,not_valid_noun
spatulas,favorite,-14.4375,1,single_token,incomplete_phrase
spatulas,oh,-14.4375,1,single_token,not_valid_noun
spatulas,implements and,-14.4375,2,2token,incomplete_phrase
spatulas,dining Ut,-14.4375,2,2token,not_valid_noun
spatulas,_. fruit,-14.4375,2,2token,not_valid_noun
spatulas,material to,-14.4375,2,2token,not_valid_noun
spatulas,countertop,-14.4375,1,single_token,not_valid_noun
spatulas,straight,-14.4375,1,single_token,incomplete_phrase
spatulas,wash,-14.4375,1,single_token,incomplete_phrase
spatulas,§,-14.4375,1,single_token,not_valid_noun
spatulas,german,-14.4375,1,single_token,incomplete_phrase
spatulas,diy,-14.4375,1,single_token,not_valid_noun
spatulas,Sau,-14.4375,1,single_token,not_valid_noun
spatulas,ful,-14.4375,1,single_token,not_valid_noun
spatulas,( ____,-14.4375,2,2token,not_valid_noun
spatulas,( verb,-14.4375,2,2token,not_valid_noun
spatulas,equipment and,-14.4375,2,2token,incomplete_phrase
spatulas,lang,-14.4375,1,single_token,not_valid_noun
spatulas,shops,-14.4375,1,single_token,not_valid_noun
spatulas,>>,-14.4375,1,single_token,not_valid_noun
spatulas,",,",-14.4375,1,single_token,not_valid_noun
spatulas,neat,-14.4375,1,single_token,not_valid_noun
spatulas,verb .,-14.46875,2,2token,not_valid_noun
spatulas,the ____,-14.46875,2,2token,not_valid_noun
spatulas,plastic cooking,-14.46875,2,2token,incomplete_phrase
spatulas,helper (,-14.46875,2,2token,not_valid_noun
spatulas,kitchens Tools,-14.46875,2,2token,not_valid_noun
spatulas,oven -,-14.46875,2,2token,not_valid_noun
spatulas,serving,-14.46875,2,2token,incomplete_phrase
spatulas,baking a,-14.46875,2,2token,not_valid_noun
spatulas,cake cutting,-14.46875,2,2token,incomplete_phrase
spatulas,thing in,-14.46875,2,2token,not_valid_noun
spatulas,breakfast .,-14.46875,2,2token,not_valid_noun
spatulas,pastry ingredient,-14.46875,2,2token,not_valid_noun
spatulas,________ I,-14.46875,2,2token,not_valid_noun
spatulas,cookware made,-14.46875,2,2token,incomplete_phrase
spatulas,thing with,-14.46875,2,2token,incomplete_phrase
spatulas,cake mixing,-14.46875,2,2token,incomplete_phrase
spatulas,........... The,-14.46875,2,2token,not_valid_noun
spatulas,cake ingredients,-14.46875,2,2token,not_valid_noun
spatulas,", are",-14.46875,2,2token,not_valid_noun
spatulas,cookware with,-14.46875,2,2token,incomplete_phrase
spatulas,spoons in,-14.46875,2,2token,not_valid_noun
spatulas,utens,-14.46875,2,2token,not_valid_noun
spatulas,the metal,-14.46875,2,2token,not_valid_noun
spatulas,the object,-14.46875,2,2token,not_valid_noun
spatulas,object on,-14.46875,2,2token,not_valid_noun
spatulas,spoons used,-14.46875,2,2token,incomplete_phrase
spatulas,I Use,-14.46875,2,2token,not_valid_noun
spatulas,I a,-14.46875,2,2token,not_valid_noun
spatulas,the hand,-14.46875,2,2token,not_valid_noun
spatulas,the things,-14.46875,2,2token,not_valid_noun
spatulas,object complete,-14.46875,2,2token,not_valid_noun
spatulas,soup .,-14.46875,2,2token,not_valid_noun
spatulas,object found,-14.46875,2,2token,incomplete_phrase
spatulas,spoons ...,-14.46875,2,2token,not_valid_noun
spatulas,home .,-14.46875,2,2token,not_valid_noun
spatulas,the chef,-14.46875,2,2token,not_valid_noun
spatulas,", to",-14.46875,2,2token,not_valid_noun
spatulas,cookware -,-14.46875,2,2token,not_valid_noun
spatulas,Cooking,-14.5,2,2token,incomplete_phrase
spatulas,servent,-14.5,1,single_token,not_valid_noun
spatulas,used utens,-14.5,2,2token,incomplete_phrase
spatulas,….. What,-14.5,2,2token,not_valid_noun
spatulas,___________,-14.5,2,2token,not_valid_noun
spatulas,___________ and,-14.5,2,2token,not_valid_noun
spatulas,___________ ...,-14.5,2,2token,not_valid_noun
spatulas,gastronom,-14.5,1,single_token,not_valid_noun
spatulas,kut,-14.5,1,single_token,not_valid_noun
spatulas,toolbar,-14.5,1,single_token,not_valid_noun
spatulas,ute,-14.5,1,single_token,incomplete_phrase
spatulas,type,-14.5,2,2token,incomplete_phrase
spatulas,lend,-14.5,1,single_token,not_valid_noun
spatulas,warming,-14.5,1,single_token,incomplete_phrase
spatulas,___________ Use,-14.5,2,2token,not_valid_noun
spatulas,nee,-14.5,1,single_token,not_valid_noun
spatulas,BBQ,-14.5,1,single_token,not_valid_noun
spatulas,giz,-14.5,1,single_token,not_valid_noun
spatulas,….. The,-14.5,2,2token,not_valid_noun
spatulas,gest,-14.5,1,single_token,not_valid_noun
spatulas,Of,-14.5,1,single_token,not_valid_noun
spatulas,Hand,-14.5,1,single_token,incomplete_phrase
spatulas,compared,-14.5,1,single_token,not_valid_noun
spatulas,girls,-14.5,1,single_token,not_valid_noun
spatulas,Last,-14.5,1,single_token,incomplete_phrase
spatulas,employees,-14.5,1,single_token,not_valid_noun
spatulas,homes,-14.5,1,single_token,not_valid_noun
spatulas,ey,-14.5,1,single_token,not_valid_noun
spatulas,pot in,-14.5,2,2token,not_valid_noun
spatulas,OF,-14.5,1,single_token,not_valid_noun
spatulas,delicious,-14.5,1,single_token,incomplete_phrase
spatulas,…………,-14.5,2,2token,not_valid_noun
spatulas,met,-14.5,1,single_token,not_valid_noun
spatulas,Pin,-14.5,1,single_token,incomplete_phrase
spatulas,table uten,-14.5,2,2token,incomplete_phrase
spatulas,table ut,-14.5,2,2token,not_valid_noun
spatulas,half,-14.5,1,single_token,incomplete_phrase
spatulas,among,-14.5,1,single_token,not_valid_noun
spatulas,mes,-14.5,1,single_token,incomplete_phrase
spatulas,social,-14.5,1,single_token,incomplete_phrase
spatulas,utility Complete,-14.5,2,2token,not_valid_noun
spatulas,(?,-14.5,1,single_token,not_valid_noun
spatulas,utility (,-14.5,2,2token,not_valid_noun
spatulas,who,-14.5,1,single_token,not_valid_noun
spatulas,G,-14.5,1,single_token,not_valid_noun
spatulas,al,-14.5,1,single_token,not_valid_noun
spatulas,El,-14.5,1,single_token,not_valid_noun
spatulas,(...,-14.5,1,single_token,not_valid_noun
spatulas,........ Write,-14.5,2,2token,not_valid_noun
spatulas,foods utensils,-14.5,2,2token,not_valid_noun
spatulas,asian,-14.5,1,single_token,incomplete_phrase
spatulas,cleaned,-14.5,1,single_token,not_valid_noun
spatulas,italian,-14.5,1,single_token,incomplete_phrase
spatulas,Asian,-14.5,1,single_token,incomplete_phrase
spatulas,artificial,-14.5,1,single_token,not_valid_noun
spatulas,designer,-14.5,1,single_token,incomplete_phrase
spatulas,___________ Tools,-14.5,2,2token,not_valid_noun
spatulas,silverware ....,-14.5,2,2token,not_valid_noun
spatulas,silverware ...,-14.5,2,2token,not_valid_noun
spatulas,silverware for,-14.5,2,2token,not_valid_noun
spatulas,fruit ____,-14.53125,2,2token,not_valid_noun
spatulas,instrument by,-14.53125,2,2token,not_valid_noun
spatulas,instrument _________,-14.53125,2,2token,not_valid_noun
spatulas,The verbs,-14.53125,2,2token,not_valid_noun
spatulas,pan Perfect,-14.53125,2,2token,incomplete_phrase
spatulas,pan Use,-14.53125,2,2token,incomplete_phrase
spatulas,- food,-14.53125,2,2token,not_valid_noun
spatulas,pan Fill,-14.53125,2,2token,not_valid_noun
spatulas,: __,-14.53125,2,2token,not_valid_noun
spatulas,____________ Write,-14.53125,2,2token,not_valid_noun
spatulas,- _.,-14.53125,2,2token,not_valid_noun
spatulas,__,-14.53125,2,2token,not_valid_noun
spatulas,__ in,-14.53125,2,2token,not_valid_noun
spatulas,__ -,-14.53125,2,2token,not_valid_noun
spatulas,gadget to,-14.53125,2,2token,not_valid_noun
spatulas,cuisine .,-14.53125,2,2token,not_valid_noun
spatulas,appliance ...,-14.53125,2,2token,not_valid_noun
spatulas,brush used,-14.53125,2,2token,incomplete_phrase
spatulas,of cleaning,-14.53125,2,2token,not_valid_noun
spatulas,of object,-14.53125,2,2token,not_valid_noun
spatulas,equipment at,-14.53125,2,2token,not_valid_noun
spatulas,dish serving,-14.53125,2,2token,incomplete_phrase
spatulas,cook __________,-14.53125,2,2token,not_valid_noun
spatulas,spatula in,-14.53125,2,2token,not_valid_noun
spatulas,dish __,-14.53125,2,2token,not_valid_noun
spatulas,dish ______,-14.53125,2,2token,not_valid_noun
spatulas,____ _,-14.53125,2,2token,not_valid_noun
spatulas,sharp -,-14.53125,2,2token,not_valid_noun
spatulas,musical instru,-14.53125,2,2token,incomplete_phrase
spatulas,to be,-14.53125,2,2token,not_valid_noun
spatulas,to ...,-14.53125,2,2token,not_valid_noun
spatulas,....... cutlery,-14.53125,2,2token,not_valid_noun
spatulas,....... -,-14.53125,2,2token,not_valid_noun
spatulas,....... Select,-14.53125,2,2token,not_valid_noun
spatulas,....... ....,-14.53125,2,2token,not_valid_noun
spatulas,....... utens,-14.53125,2,2token,not_valid_noun
spatulas,....... I,-14.53125,2,2token,not_valid_noun
spatulas,spatula are,-14.53125,2,2token,incomplete_phrase
spatulas,for kitchens,-14.53125,2,2token,not_valid_noun
spatulas,chef .,-14.53125,2,2token,not_valid_noun
spatulas,fruit used,-14.53125,2,2token,incomplete_phrase
spatulas,____ _______,-14.53125,2,2token,not_valid_noun
spatulas,The spoon,-14.53125,2,2token,not_valid_noun
spatulas,utens ...,-14.53125,2,2token,not_valid_noun
spatulas,sharp and,-14.53125,2,2token,not_valid_noun
spatulas,The students,-14.53125,2,2token,not_valid_noun
spatulas,____ in,-14.53125,2,2token,not_valid_noun
spatulas,Tu,-14.5625,1,single_token,not_valid_noun
spatulas,interior,-14.5625,1,single_token,incomplete_phrase
spatulas,what to,-14.5625,2,2token,not_valid_noun
spatulas,fea,-14.5625,1,single_token,incomplete_phrase
spatulas,slippery,-14.5625,1,single_token,not_valid_noun
spatulas,…. cutlery,-14.5625,2,2token,not_valid_noun
spatulas,named,-14.5625,1,single_token,not_valid_noun
spatulas,♦,-14.5625,1,single_token,not_valid_noun
spatulas,deep,-14.5625,1,single_token,incomplete_phrase
spatulas,Sco,-14.5625,1,single_token,not_valid_noun
spatulas,appropriate,-14.5625,1,single_token,not_valid_noun
spatulas,what I,-14.5625,2,2token,not_valid_noun
spatulas,iron or,-14.5625,2,2token,not_valid_noun
spatulas,Ã,-14.5625,1,single_token,not_valid_noun
spatulas,other eating,-14.5625,2,2token,incomplete_phrase
spatulas,…. Identify,-14.5625,2,2token,not_valid_noun
spatulas,teat,-14.5625,1,single_token,incomplete_phrase
spatulas,what can,-14.5625,2,2token,not_valid_noun
spatulas,oth,-14.5625,1,single_token,incomplete_phrase
spatulas,dining .,-14.5625,2,2token,not_valid_noun
spatulas,things in,-14.5625,2,2token,not_valid_noun
spatulas,…. To,-14.5625,2,2token,not_valid_noun
spatulas,…. When,-14.5625,2,2token,not_valid_noun
spatulas,accessory (,-14.5625,2,2token,not_valid_noun
spatulas,_. ...,-14.5625,2,2token,not_valid_noun
spatulas,......... What,-14.5625,2,2token,not_valid_noun
spatulas,......... food,-14.5625,2,2token,not_valid_noun
spatulas,culinary ______,-14.5625,2,2token,not_valid_noun
spatulas,..... Which,-14.5625,2,2token,not_valid_noun
spatulas,..... ________,-14.5625,2,2token,not_valid_noun
spatulas,greens,-14.5625,1,single_token,not_valid_noun
spatulas,tbsp,-14.5625,1,single_token,not_valid_noun
spatulas,"?""",-14.5625,1,single_token,not_valid_noun
spatulas,</,-14.5625,1,single_token,not_valid_noun
spatulas,sm,-14.5625,1,single_token,not_valid_noun
spatulas,cal,-14.5625,1,single_token,not_valid_noun
spatulas,......... The,-14.5625,2,2token,not_valid_noun
spatulas,($,-14.5625,1,single_token,not_valid_noun
spatulas,->,-14.5625,1,single_token,not_valid_noun
spatulas,six,-14.5625,1,single_token,incomplete_phrase
spatulas,cuisines,-14.5625,1,single_token,not_valid_noun
spatulas,ung,-14.5625,1,single_token,not_valid_noun
spatulas,USE,-14.5625,1,single_token,incomplete_phrase
spatulas,gad,-14.5625,1,single_token,incomplete_phrase
spatulas,eaten,-14.5625,1,single_token,not_valid_noun
spatulas,KITCHEN,-14.5625,2,2token,incomplete_phrase
spatulas,…. Fruit,-14.5625,2,2token,not_valid_noun
spatulas,…. Tools,-14.5625,2,2token,not_valid_noun
spatulas,##,-14.5625,1,single_token,not_valid_noun
spatulas,table kitchen,-14.5625,2,2token,incomplete_phrase
spatulas,table …,-14.5625,2,2token,not_valid_noun
spatulas,normal,-14.5625,1,single_token,incomplete_phrase
spatulas,his,-14.5625,1,single_token,incomplete_phrase
spatulas,hand ________,-14.59375,2,2token,not_valid_noun
spatulas,hand and,-14.59375,2,2token,incomplete_phrase
spatulas,the other,-14.59375,2,2token,not_valid_noun
spatulas,hand utensi,-14.59375,2,2token,incomplete_phrase
spatulas,common eating,-14.59375,2,2token,incomplete_phrase
spatulas,cook -,-14.59375,2,2token,not_valid_noun
spatulas,cook or,-14.59375,2,2token,not_valid_noun
spatulas,dish …,-14.59375,2,2token,not_valid_noun
spatulas,dish to,-14.59375,2,2token,not_valid_noun
spatulas,cookware which,-14.59375,2,2token,incomplete_phrase
spatulas,vegetable kitchen,-14.59375,2,2token,incomplete_phrase
spatulas,this ________,-14.59375,2,2token,not_valid_noun
spatulas,the _______,-14.59375,2,2token,not_valid_noun
spatulas,the culinary,-14.59375,2,2token,not_valid_noun
spatulas,cake _______,-14.59375,2,2token,not_valid_noun
spatulas,.. food,-14.59375,2,2token,not_valid_noun
spatulas,.. Fill,-14.59375,2,2token,not_valid_noun
spatulas,thing (,-14.59375,2,2token,not_valid_noun
spatulas,vegetable and,-14.59375,2,2token,incomplete_phrase
spatulas,vegetable complete,-14.59375,2,2token,not_valid_noun
spatulas,pans (,-14.59375,2,2token,not_valid_noun
spatulas,________ _________,-14.59375,2,2token,not_valid_noun
spatulas,( __,-14.59375,2,2token,not_valid_noun
spatulas,________ The,-14.59375,2,2token,not_valid_noun
spatulas,( outil,-14.59375,2,2token,not_valid_noun
spatulas,--- tool,-14.59375,2,2token,not_valid_noun
spatulas,to o,-14.59375,2,2token,not_valid_noun
spatulas,I complete,-14.59375,2,2token,not_valid_noun
spatulas,--- a,-14.59375,2,2token,not_valid_noun
spatulas,appliances used,-14.59375,2,2token,incomplete_phrase
spatulas,appliances in,-14.59375,2,2token,not_valid_noun
spatulas,device or,-14.59375,2,2token,not_valid_noun
spatulas,object Used,-14.59375,2,2token,not_valid_noun
spatulas,item you,-14.59375,2,2token,incomplete_phrase
spatulas,oven ____,-14.59375,2,2token,not_valid_noun
spatulas,kitchens ________,-14.59375,2,2token,not_valid_noun
spatulas,used .,-14.625,2,2token,not_valid_noun
spatulas,objects which,-14.625,2,2token,incomplete_phrase
spatulas,sandwich .,-14.625,2,2token,not_valid_noun
spatulas,….. Choose,-14.625,2,2token,not_valid_noun
spatulas,dutch,-14.625,1,single_token,incomplete_phrase
spatulas,appo,-14.625,1,single_token,not_valid_noun
spatulas,.\,-14.625,1,single_token,not_valid_noun
spatulas,objects,-14.625,2,2token,not_valid_noun
spatulas,vegeta,-14.625,1,single_token,not_valid_noun
spatulas,:::,-14.625,1,single_token,not_valid_noun
spatulas,ironing,-14.625,1,single_token,not_valid_noun
spatulas,fruity,-14.625,1,single_token,not_valid_noun
spatulas,artist,-14.625,1,single_token,incomplete_phrase
spatulas,div,-14.625,1,single_token,incomplete_phrase
spatulas,FR,-14.625,1,single_token,not_valid_noun
spatulas,units,-14.625,1,single_token,not_valid_noun
spatulas,piece o,-14.625,2,2token,not_valid_noun
spatulas,........ food,-14.625,2,2token,not_valid_noun
spatulas,wild,-14.625,1,single_token,incomplete_phrase
spatulas,fragile,-14.625,1,single_token,not_valid_noun
spatulas,welding,-14.625,1,single_token,incomplete_phrase
spatulas,widget,-14.625,1,single_token,not_valid_noun
spatulas,famous,-14.625,1,single_token,not_valid_noun
spatulas,”,-14.625,1,single_token,not_valid_noun
spatulas,likes,-14.625,1,single_token,not_valid_noun
spatulas,disse,-14.625,1,single_token,not_valid_noun
spatulas,glass .,-14.625,2,2token,not_valid_noun
spatulas,table or,-14.625,2,2token,not_valid_noun
spatulas,...... -,-14.625,2,2token,not_valid_noun
spatulas,poly,-14.625,1,single_token,incomplete_phrase
spatulas,...... ....,-14.625,2,2token,not_valid_noun
spatulas,...... knife,-14.625,2,2token,not_valid_noun
spatulas,Science,-14.625,1,single_token,incomplete_phrase
spatulas,com,-14.625,1,single_token,not_valid_noun
spatulas,foods Complete,-14.625,2,2token,not_valid_noun
spatulas,useful .,-14.625,2,2token,not_valid_noun
spatulas,___________ __________,-14.625,2,2token,not_valid_noun
spatulas,sim,-14.625,1,single_token,incomplete_phrase
spatulas,silverware used,-14.625,2,2token,incomplete_phrase
spatulas,...... spoons,-14.625,2,2token,not_valid_noun
spatulas,utility kitchen,-14.625,2,2token,incomplete_phrase
spatulas,...... Match,-14.625,2,2token,not_valid_noun
spatulas,cans,-14.625,1,single_token,not_valid_noun
spatulas,HOUSE,-14.625,1,single_token,incomplete_phrase
spatulas,terms,-14.625,1,single_token,not_valid_noun
spatulas,tor,-14.625,1,single_token,incomplete_phrase
spatulas,sup,-14.625,1,single_token,incomplete_phrase
spatulas,usually,-14.625,1,single_token,not_valid_noun
spatulas,Type,-14.625,1,single_token,incomplete_phrase
spatulas,hor,-14.625,1,single_token,not_valid_noun
spatulas,ist,-14.625,1,single_token,not_valid_noun
spatulas,chi,-14.625,1,single_token,incomplete_phrase
spatulas,THE,-14.625,1,single_token,not_valid_noun
spatulas,main,-14.625,1,single_token,incomplete_phrase
spatulas,personal,-14.625,1,single_token,incomplete_phrase
spatulas,particular,-14.625,1,single_token,incomplete_phrase
spatulas,vi,-14.625,1,single_token,not_valid_noun
spatulas,cookie bake,-14.625,2,2token,not_valid_noun
spatulas,cookie (,-14.625,2,2token,not_valid_noun
spatulas,…………………… .,-14.625,2,2token,not_valid_noun
spatulas,...... Tools,-14.625,2,2token,not_valid_noun
spatulas,ships,-14.625,1,single_token,not_valid_noun
spatulas,Cu,-14.625,1,single_token,not_valid_noun
spatulas,type .,-14.625,2,2token,not_valid_noun
spatulas,sni,-14.625,1,single_token,not_valid_noun
spatulas,squee,-14.625,1,single_token,not_valid_noun
spatulas,container in,-14.625,2,2token,not_valid_noun
spatulas,____ Tools,-14.65625,2,2token,not_valid_noun
spatulas,The definition,-14.65625,2,2token,not_valid_noun
spatulas,implement from,-14.65625,2,2token,not_valid_noun
spatulas,equipment Used,-14.65625,2,2token,incomplete_phrase
spatulas,brush for,-14.65625,2,2token,not_valid_noun
spatulas,____________ ____,-14.65625,2,2token,not_valid_noun
spatulas,____________ utensils,-14.65625,2,2token,not_valid_noun
spatulas,: _______,-14.65625,2,2token,not_valid_noun
spatulas,: COMPLETE,-14.65625,2,2token,not_valid_noun
spatulas,- -.,-14.65625,2,2token,not_valid_noun
spatulas,____ The,-14.65625,2,2token,not_valid_noun
spatulas,.............. tool,-14.65625,2,2token,not_valid_noun
spatulas,pan [,-14.65625,2,2token,not_valid_noun
spatulas,kni ...,-14.65625,2,2token,not_valid_noun
spatulas,: Cut,-14.65625,2,2token,not_valid_noun
spatulas,____________ _______,-14.65625,2,2token,not_valid_noun
spatulas,: fruit,-14.65625,2,2token,not_valid_noun
spatulas,: Answer,-14.65625,2,2token,not_valid_noun
spatulas,: ?,-14.65625,2,2token,not_valid_noun
spatulas,____________ Use,-14.65625,2,2token,not_valid_noun
spatulas,____________ for,-14.65625,2,2token,not_valid_noun
spatulas,appliance which,-14.65625,2,2token,incomplete_phrase
spatulas,eat and,-14.65625,2,2token,not_valid_noun
spatulas,: I,-14.65625,2,2token,not_valid_noun
spatulas,chef ut,-14.65625,2,2token,not_valid_noun
spatulas,p ____,-14.65625,2,2token,not_valid_noun
spatulas,implement …,-14.65625,2,2token,not_valid_noun
spatulas,fruit spat,-14.65625,2,2token,incomplete_phrase
spatulas,fruit -,-14.65625,2,2token,not_valid_noun
spatulas,cut l,-14.65625,2,2token,not_valid_noun
spatulas,cook ____,-14.65625,2,2token,not_valid_noun
spatulas,implement designed,-14.65625,2,2token,not_valid_noun
spatulas,____ Choose,-14.65625,2,2token,not_valid_noun
spatulas,pan /,-14.65625,2,2token,not_valid_noun
spatulas,appliance of,-14.65625,2,2token,not_valid_noun
spatulas,: knives,-14.65625,2,2token,not_valid_noun
spatulas,: Kitchen,-14.65625,2,2token,not_valid_noun
spatulas,____ I,-14.65625,2,2token,not_valid_noun
spatulas,____ that,-14.65625,2,2token,not_valid_noun
spatulas,__ Fill,-14.65625,2,2token,not_valid_noun
spatulas,....... Match,-14.65625,2,2token,not_valid_noun
spatulas,cup .,-14.65625,2,2token,not_valid_noun
spatulas,instrument is,-14.65625,2,2token,not_valid_noun
spatulas,__ ________,-14.65625,2,2token,not_valid_noun
spatulas,an,-14.65625,2,2token,not_valid_noun
spatulas,spatula with,-14.65625,2,2token,not_valid_noun
spatulas,egg po,-14.65625,2,2token,not_valid_noun
spatulas,an iron,-14.65625,2,2token,not_valid_noun
spatulas,an oven,-14.65625,2,2token,not_valid_noun
spatulas,of silverware,-14.65625,2,2token,not_valid_noun
spatulas,dish ____,-14.65625,2,2token,not_valid_noun
spatulas,__ instrument,-14.65625,2,2token,not_valid_noun
spatulas,__ fruit,-14.65625,2,2token,not_valid_noun
spatulas,__ of,-14.65625,2,2token,not_valid_noun
spatulas,of instruments,-14.65625,2,2token,not_valid_noun
spatulas,of ....,-14.65625,2,2token,not_valid_noun
spatulas,…. They,-14.6875,2,2token,not_valid_noun
spatulas,unnecessary,-14.6875,1,single_token,not_valid_noun
spatulas,eet,-14.6875,1,single_token,not_valid_noun
spatulas,""""".",-14.6875,1,single_token,not_valid_noun
spatulas,instrumento,-14.6875,1,single_token,not_valid_noun
spatulas,sanitation,-14.6875,1,single_token,incomplete_phrase
spatulas,gourmet,-14.6875,1,single_token,incomplete_phrase
spatulas,spreads,-14.6875,1,single_token,not_valid_noun
spatulas,sushi,-14.6875,1,single_token,not_valid_noun
spatulas,…. It,-14.6875,2,2token,not_valid_noun
spatulas,bigger,-14.6875,1,single_token,not_valid_noun
spatulas,lou,-14.6875,1,single_token,incomplete_phrase
spatulas,difer,-14.6875,1,single_token,not_valid_noun
spatulas,ends,-14.6875,1,single_token,not_valid_noun
spatulas,bak,-14.6875,1,single_token,not_valid_noun
spatulas,trang,-14.6875,1,single_token,not_valid_noun
spatulas,Key,-14.6875,1,single_token,incomplete_phrase
spatulas,Every,-14.6875,1,single_token,incomplete_phrase
spatulas,Long,-14.6875,1,single_token,not_valid_noun
spatulas,,-14.6875,1,single_token,not_valid_noun
spatulas,leftovers,-14.6875,1,single_token,not_valid_noun
spatulas,».,-14.6875,1,single_token,not_valid_noun
spatulas,protective,-14.6875,1,single_token,not_valid_noun
spatulas,precious,-14.6875,1,single_token,not_valid_noun
spatulas,nails,-14.6875,1,single_token,not_valid_noun
spatulas,ke,-14.6875,1,single_token,not_valid_noun
spatulas,inter,-14.6875,1,single_token,incomplete_phrase
spatulas,vis,-14.6875,1,single_token,incomplete_phrase
spatulas,www,-14.6875,1,single_token,not_valid_noun
spatulas,…. Food,-14.6875,2,2token,not_valid_noun
spatulas,…. spoons,-14.6875,2,2token,not_valid_noun
spatulas,cooks,-14.6875,2,2token,incomplete_phrase
spatulas,were,-14.6875,1,single_token,not_valid_noun
spatulas,what people,-14.6875,2,2token,not_valid_noun
spatulas,dinner table,-14.6875,2,2token,incomplete_phrase
spatulas,long wooden,-14.6875,2,2token,incomplete_phrase
spatulas,restaurant .,-14.6875,2,2token,not_valid_noun
spatulas,......... tool,-14.6875,2,2token,not_valid_noun
spatulas,..... Tools,-14.6875,2,2token,not_valid_noun
spatulas,foraging,-14.6875,1,single_token,not_valid_noun
spatulas,canning,-14.6875,1,single_token,not_valid_noun
spatulas,◆,-14.6875,1,single_token,not_valid_noun
spatulas,lev,-14.6875,1,single_token,incomplete_phrase
spatulas,sb,-14.6875,1,single_token,not_valid_noun
spatulas,pea,-14.6875,1,single_token,incomplete_phrase
spatulas,chopped,-14.6875,1,single_token,not_valid_noun
spatulas,▸,-14.6875,1,single_token,not_valid_noun
spatulas,sponges,-14.6875,1,single_token,not_valid_noun
spatulas,Dinner,-14.6875,1,single_token,incomplete_phrase
spatulas,homemaker,-14.6875,1,single_token,incomplete_phrase
spatulas,HOW,-14.6875,1,single_token,not_valid_noun
spatulas,―,-14.6875,1,single_token,not_valid_noun
spatulas,.”,-14.6875,1,single_token,not_valid_noun
spatulas,long and,-14.6875,2,2token,not_valid_noun
spatulas,what _______,-14.6875,2,2token,not_valid_noun
spatulas,what utensils,-14.6875,2,2token,not_valid_noun
spatulas,blade utens,-14.6875,2,2token,incomplete_phrase
spatulas,implements ...,-14.6875,2,2token,not_valid_noun
spatulas,culinary (,-14.6875,2,2token,not_valid_noun
spatulas,implements ....,-14.6875,2,2token,not_valid_noun
spatulas,what ______,-14.6875,2,2token,not_valid_noun
spatulas,what cooking,-14.6875,2,2token,not_valid_noun
spatulas,KITCHEN ESS,-14.6875,2,2token,incomplete_phrase
spatulas,pressure,-14.6875,1,single_token,incomplete_phrase
spatulas,hi,-14.6875,1,single_token,not_valid_noun
spatulas,( choose,-14.71875,2,2token,not_valid_noun
spatulas,utensi .,-14.71875,2,2token,not_valid_noun
spatulas,vegetable ....,-14.71875,2,2token,not_valid_noun
spatulas,plastic or,-14.71875,2,2token,not_valid_noun
spatulas,hand ...,-14.71875,2,2token,not_valid_noun
spatulas,silver flat,-14.71875,2,2token,incomplete_phrase
spatulas,hand hold,-14.71875,2,2token,incomplete_phrase
spatulas,oven kitchen,-14.71875,2,2token,incomplete_phrase
spatulas,paint .,-14.71875,2,2token,not_valid_noun
spatulas,vegetable or,-14.71875,2,2token,not_valid_noun
spatulas,oven or,-14.71875,2,2token,not_valid_noun
spatulas,oven _____,-14.71875,2,2token,not_valid_noun
spatulas,.. complete,-14.71875,2,2token,not_valid_noun
spatulas,.. Choose,-14.71875,2,2token,not_valid_noun
spatulas,.. The,-14.71875,2,2token,not_valid_noun
spatulas,.. ?,-14.71875,2,2token,not_valid_noun
spatulas,scissors (,-14.71875,2,2token,not_valid_noun
spatulas,the cookware,-14.71875,2,2token,not_valid_noun
spatulas,________ of,-14.71875,2,2token,not_valid_noun
spatulas,________ utens,-14.71875,2,2token,not_valid_noun
spatulas,cake bake,-14.71875,2,2token,incomplete_phrase
spatulas,the cook,-14.71875,2,2token,not_valid_noun
spatulas,___________,-14.71875,2,2token,not_valid_noun
spatulas,I know,-14.71875,2,2token,not_valid_noun
spatulas,I believe,-14.71875,2,2token,not_valid_noun
spatulas,I need,-14.71875,2,2token,not_valid_noun
spatulas,ut,-14.71875,2,2token,not_valid_noun
spatulas,to kitchen,-14.71875,2,2token,not_valid_noun
spatulas,to go,-14.71875,2,2token,not_valid_noun
spatulas,s k,-14.71875,2,2token,not_valid_noun
spatulas,pots Complete,-14.71875,2,2token,not_valid_noun
spatulas,helper of,-14.71875,2,2token,not_valid_noun
spatulas,--- Select,-14.71875,2,2token,not_valid_noun
spatulas,........... ?,-14.71875,2,2token,not_valid_noun
spatulas,___________ Select,-14.75,2,2token,not_valid_noun
spatulas,___________ kitchen,-14.75,2,2token,not_valid_noun
spatulas,___________ _,-14.75,2,2token,not_valid_noun
spatulas,silverware that,-14.75,2,2token,not_valid_noun
spatulas,silverware or,-14.75,2,2token,not_valid_noun
spatulas,...... Answer,-14.75,2,2token,not_valid_noun
spatulas,...... Correct,-14.75,2,2token,not_valid_noun
spatulas,vegetables (,-14.75,2,2token,not_valid_noun
spatulas,___________ for,-14.75,2,2token,not_valid_noun
spatulas,silverware _______,-14.75,2,2token,not_valid_noun
spatulas,/ (,-14.75,2,2token,not_valid_noun
spatulas,/ tools,-14.75,2,2token,not_valid_noun
spatulas,vegetables and,-14.75,2,2token,incomplete_phrase
spatulas,A food,-14.75,2,2token,not_valid_noun
spatulas,/ color,-14.75,2,2token,not_valid_noun
spatulas,table ________,-14.75,2,2token,not_valid_noun
spatulas,pot for,-14.75,2,2token,incomplete_phrase
spatulas,A fruit,-14.75,2,2token,not_valid_noun
spatulas,___________ ____,-14.75,2,2token,not_valid_noun
spatulas,___________ in,-14.75,2,2token,not_valid_noun
spatulas,___________,-14.75,2,2token,not_valid_noun
spatulas,silverware in,-14.75,2,2token,not_valid_noun
spatulas,........ Fill,-14.75,2,2token,not_valid_noun
spatulas,___________ knife,-14.75,2,2token,not_valid_noun
spatulas,........ complete,-14.75,2,2token,not_valid_noun
spatulas,: fork,-14.78125,2,2token,not_valid_noun
spatulas,eat,-14.78125,2,2token,not_valid_noun
spatulas,measure utens,-14.78125,2,2token,incomplete_phrase
spatulas,____________ in,-14.78125,2,2token,not_valid_noun
spatulas,eat with,-14.78125,2,2token,not_valid_noun
spatulas,appliance ....,-14.78125,2,2token,not_valid_noun
spatulas,eat a,-14.78125,2,2token,not_valid_noun
spatulas,appliance complete,-14.78125,2,2token,not_valid_noun
spatulas,wooden ____________,-14.78125,2,2token,not_valid_noun
spatulas,.............. a,-14.78125,2,2token,not_valid_noun
spatulas,.............. A,-14.78125,2,2token,not_valid_noun
spatulas,- equipment,-14.78125,2,2token,not_valid_noun
spatulas,- Answer,-14.78125,2,2token,not_valid_noun
spatulas,ladle (,-14.78125,2,2token,not_valid_noun
spatulas,____,-14.78125,2,2token,not_valid_noun
spatulas,equipment with,-14.78125,2,2token,incomplete_phrase
spatulas,equipment Read,-14.78125,2,2token,not_valid_noun
spatulas,____________ Correct,-14.78125,2,2token,not_valid_noun
spatulas,....... Correct,-14.78125,2,2token,not_valid_noun
spatulas,____________ or,-14.78125,2,2token,not_valid_noun
spatulas,____________ The,-14.78125,2,2token,not_valid_noun
spatulas,The teacher,-14.78125,2,2token,not_valid_noun
spatulas,The difference,-14.78125,2,2token,not_valid_noun
spatulas,The last,-14.78125,2,2token,not_valid_noun
spatulas,The are,-14.78125,2,2token,not_valid_noun
spatulas,kitchens implements,-14.78125,2,2token,not_valid_noun
spatulas,frying .,-14.78125,2,2token,not_valid_noun
spatulas,wooden ____,-14.78125,2,2token,not_valid_noun
spatulas,p l,-14.78125,2,2token,not_valid_noun
spatulas,hand -,-14.78125,2,2token,not_valid_noun
spatulas,____________ I,-14.78125,2,2token,not_valid_noun
spatulas,: Match,-14.78125,2,2token,not_valid_noun
spatulas,serving Ut,-14.78125,2,2token,not_valid_noun
spatulas,spatula ....,-14.78125,2,2token,not_valid_noun
spatulas,__ ______,-14.78125,2,2token,not_valid_noun
spatulas,....... kitchen,-14.78125,2,2token,not_valid_noun
spatulas,spatula to,-14.78125,2,2token,not_valid_noun
spatulas,stove cooking,-14.78125,2,2token,incomplete_phrase
spatulas,an item,-14.78125,2,2token,not_valid_noun
spatulas,an utensils,-14.78125,2,2token,not_valid_noun
spatulas,egg cooking,-14.78125,2,2token,incomplete_phrase
spatulas,dish –,-14.78125,2,2token,not_valid_noun
spatulas,for cutting,-14.78125,2,2token,not_valid_noun
spatulas,....... Answer,-14.78125,2,2token,not_valid_noun
spatulas,of house,-14.78125,2,2token,not_valid_noun
spatulas,of pan,-14.78125,2,2token,not_valid_noun
spatulas,of _,-14.78125,2,2token,not_valid_noun
spatulas,of ?,-14.78125,2,2token,not_valid_noun
spatulas,of this,-14.78125,2,2token,not_valid_noun
spatulas,of Complete,-14.78125,2,2token,not_valid_noun
spatulas,fruit cut,-14.78125,2,2token,incomplete_phrase
spatulas,to wear,-14.78125,2,2token,not_valid_noun
spatulas,s kitchen,-14.78125,2,2token,not_valid_noun
spatulas,cook ....,-14.78125,2,2token,not_valid_noun
spatulas,cook _____,-14.78125,2,2token,not_valid_noun
spatulas,implement .....,-14.78125,2,2token,not_valid_noun
spatulas,implement you,-14.78125,2,2token,incomplete_phrase
spatulas,work .,-14.8125,2,2token,not_valid_noun
spatulas,…. the,-14.8125,2,2token,not_valid_noun
spatulas,…. of,-14.8125,2,2token,not_valid_noun
spatulas,…. An,-14.8125,2,2token,not_valid_noun
spatulas,prefer,-14.8125,1,single_token,not_valid_noun
spatulas,Lab,-14.8125,1,single_token,incomplete_phrase
spatulas,..... _,-14.8125,2,2token,not_valid_noun
spatulas,..... You,-14.8125,2,2token,not_valid_noun
spatulas,bread pan,-14.8125,2,2token,not_valid_noun
spatulas,bread knives,-14.8125,2,2token,not_valid_noun
spatulas,bread,-14.8125,2,2token,not_valid_noun
spatulas,nutrients,-14.8125,1,single_token,not_valid_noun
spatulas,off,-14.8125,1,single_token,not_valid_noun
spatulas,GI,-14.8125,1,single_token,not_valid_noun
spatulas,real,-14.8125,1,single_token,incomplete_phrase
spatulas,mit,-14.8125,1,single_token,not_valid_noun
spatulas,power,-14.8125,1,single_token,incomplete_phrase
spatulas,pass,-14.8125,1,single_token,incomplete_phrase
spatulas,Home,-14.8125,1,single_token,incomplete_phrase
spatulas,American,-14.8125,1,single_token,incomplete_phrase
spatulas,worksheet,-14.8125,1,single_token,not_valid_noun
spatulas,oe,-14.8125,1,single_token,not_valid_noun
spatulas,",.",-14.8125,1,single_token,not_valid_noun
spatulas,saute,-14.8125,1,single_token,incomplete_phrase
spatulas,bbq,-14.8125,1,single_token,not_valid_noun
spatulas,Objects,-14.8125,1,single_token,not_valid_noun
spatulas,..... _______,-14.8125,2,2token,not_valid_noun
spatulas,navigation,-14.8125,1,single_token,incomplete_phrase
spatulas,tropical,-14.8125,1,single_token,not_valid_noun
spatulas,drinks,-14.8125,1,single_token,not_valid_noun
spatulas,stiff,-14.8125,1,single_token,incomplete_phrase
spatulas,coordinate,-14.8125,1,single_token,not_valid_noun
spatulas,iron cooking,-14.8125,2,2token,incomplete_phrase
spatulas,Description,-14.8125,1,single_token,incomplete_phrase
spatulas,bi,-14.8125,1,single_token,not_valid_noun
spatulas,German,-14.8125,1,single_token,incomplete_phrase
spatulas,fru,-14.8125,1,single_token,not_valid_noun
spatulas,yards,-14.8125,1,single_token,not_valid_noun
spatulas,apps,-14.8125,1,single_token,not_valid_noun
spatulas,ook,-14.8125,1,single_token,not_valid_noun
spatulas,ms,-14.8125,1,single_token,not_valid_noun
spatulas,hoo,-14.8125,1,single_token,not_valid_noun
spatulas,Non,-14.8125,1,single_token,incomplete_phrase
spatulas,commercial,-14.8125,1,single_token,incomplete_phrase
spatulas,table serving,-14.8125,2,2token,incomplete_phrase
spatulas,implements made,-14.8125,2,2token,incomplete_phrase
spatulas,…… ..,-14.8125,2,2token,not_valid_noun
spatulas,…… Write,-14.8125,2,2token,not_valid_noun
spatulas,long bla,-14.8125,2,2token,incomplete_phrase
spatulas,culinary _______,-14.8125,2,2token,not_valid_noun
spatulas,culinary ____,-14.8125,2,2token,not_valid_noun
spatulas,accessory that,-14.8125,2,2token,incomplete_phrase
spatulas,_. Correct,-14.8125,2,2token,not_valid_noun
spatulas,......... ?,-14.8125,2,2token,not_valid_noun
spatulas,restaurant Ut,-14.8125,2,2token,not_valid_noun
spatulas,......... Choose,-14.8125,2,2token,not_valid_noun
spatulas,item from,-14.84375,2,2token,incomplete_phrase
spatulas,I ...,-14.84375,2,2token,not_valid_noun
spatulas,( object,-14.84375,2,2token,not_valid_noun
spatulas,I What,-14.84375,2,2token,not_valid_noun
spatulas,to (,-14.84375,2,2token,not_valid_noun
spatulas,I ate,-14.84375,2,2token,not_valid_noun
spatulas,( Choose,-14.84375,2,2token,not_valid_noun
spatulas,utens,-14.84375,2,2token,not_valid_noun
spatulas,silver utens,-14.84375,2,2token,incomplete_phrase
spatulas,o r,-14.84375,2,2token,not_valid_noun
spatulas,________ Tools,-14.84375,2,2token,not_valid_noun
spatulas,p r,-14.84375,2,2token,not_valid_noun
spatulas,----- -----,-14.84375,2,2token,not_valid_noun
spatulas,silverware and,-14.84375,2,2token,not_valid_noun
spatulas,----- (,-14.84375,2,2token,not_valid_noun
spatulas,silverware ________,-14.84375,2,2token,not_valid_noun
spatulas,I want,-14.84375,2,2token,not_valid_noun
spatulas,I like,-14.84375,2,2token,not_valid_noun
spatulas,cake ______,-14.84375,2,2token,not_valid_noun
spatulas,I food,-14.84375,2,2token,not_valid_noun
spatulas,pastry cooking,-14.84375,2,2token,incomplete_phrase
spatulas,which means,-14.84375,2,2token,not_valid_noun
spatulas,which helps,-14.84375,2,2token,not_valid_noun
spatulas,I will,-14.84375,2,2token,not_valid_noun
spatulas,sports .,-14.84375,2,2token,not_valid_noun
spatulas,which utensils,-14.84375,2,2token,not_valid_noun
spatulas,to hold,-14.84375,2,2token,not_valid_noun
spatulas,I would,-14.84375,2,2token,not_valid_noun
spatulas,cookware /,-14.84375,2,2token,not_valid_noun
spatulas,object ________,-14.84375,2,2token,not_valid_noun
spatulas,object Use,-14.84375,2,2token,incomplete_phrase
spatulas,cook equip,-14.84375,2,2token,not_valid_noun
spatulas,cookware .....,-14.84375,2,2token,not_valid_noun
spatulas,........... complete,-14.84375,2,2token,not_valid_noun
spatulas,........... Use,-14.84375,2,2token,not_valid_noun
spatulas,soup Spoon,-14.84375,2,2token,incomplete_phrase
spatulas,cut of,-14.84375,2,2token,not_valid_noun
spatulas,........... tool,-14.84375,2,2token,not_valid_noun
spatulas,--- -,-14.84375,2,2token,not_valid_noun
spatulas,the instruments,-14.84375,2,2token,not_valid_noun
spatulas,spoons to,-14.84375,2,2token,not_valid_noun
spatulas,home improvement,-14.84375,2,2token,incomplete_phrase
spatulas,object _______,-14.84375,2,2token,not_valid_noun
spatulas,----- tool,-14.84375,2,2token,not_valid_noun
spatulas,the right,-14.84375,2,2token,not_valid_noun
spatulas,the appliance,-14.84375,2,2token,not_valid_noun
spatulas,the oven,-14.84375,2,2token,not_valid_noun
spatulas,________ Use,-14.84375,2,2token,not_valid_noun
spatulas,teaspoon .,-14.84375,2,2token,not_valid_noun
spatulas,........... Choose,-14.84375,2,2token,not_valid_noun
spatulas,........... Write,-14.84375,2,2token,not_valid_noun
spatulas,shovel used,-14.875,2,2token,not_valid_noun
spatulas,cookie ________,-14.875,2,2token,not_valid_noun
spatulas,shape .,-14.875,2,2token,not_valid_noun
spatulas,cookie Complete,-14.875,2,2token,not_valid_noun
spatulas,mon,-14.875,1,single_token,incomplete_phrase
spatulas,under,-14.875,1,single_token,not_valid_noun
spatulas,/ metal,-14.875,2,2token,not_valid_noun
spatulas,/ is,-14.875,2,2token,not_valid_noun
spatulas,cookie Cut,-14.875,2,2token,incomplete_phrase
spatulas,tr,-14.875,1,single_token,not_valid_noun
spatulas,que,-14.875,1,single_token,not_valid_noun
spatulas,r,-14.875,1,single_token,not_valid_noun
spatulas,sec,-14.875,1,single_token,incomplete_phrase
spatulas,said,-14.875,1,single_token,not_valid_noun
spatulas,Ch,-14.875,1,single_token,not_valid_noun
spatulas,ri,-14.875,1,single_token,not_valid_noun
spatulas,up,-14.875,1,single_token,not_valid_noun
spatulas,multiple,-14.875,1,single_token,incomplete_phrase
spatulas,scre,-14.875,1,single_token,not_valid_noun
spatulas,/ some,-14.875,2,2token,not_valid_noun
spatulas,answer,-14.875,1,single_token,not_valid_noun
spatulas,»,-14.875,1,single_token,not_valid_noun
spatulas,...... ________,-14.875,2,2token,not_valid_noun
spatulas,...... In,-14.875,2,2token,not_valid_noun
spatulas,...... Which,-14.875,2,2token,not_valid_noun
spatulas,Cle,-14.875,1,single_token,not_valid_noun
spatulas,did,-14.875,1,single_token,not_valid_noun
spatulas,ele,-14.875,1,single_token,not_valid_noun
spatulas,fung,-14.875,1,single_token,not_valid_noun
spatulas,complex,-14.875,1,single_token,incomplete_phrase
spatulas,cy,-14.875,1,single_token,not_valid_noun
spatulas,este,-14.875,1,single_token,not_valid_noun
spatulas,historical,-14.875,1,single_token,not_valid_noun
spatulas,engineering,-14.875,1,single_token,incomplete_phrase
spatulas,dra,-14.875,1,single_token,not_valid_noun
spatulas,inf,-14.875,1,single_token,incomplete_phrase
spatulas,Car,-14.875,1,single_token,incomplete_phrase
spatulas,dep,-14.875,1,single_token,not_valid_noun
spatulas,win,-14.875,1,single_token,incomplete_phrase
spatulas,required,-14.875,1,single_token,not_valid_noun
spatulas,-->,-14.875,1,single_token,not_valid_noun
spatulas,descriptive,-14.875,1,single_token,not_valid_noun
spatulas,sif,-14.875,1,single_token,not_valid_noun
spatulas,tracing,-14.875,1,single_token,incomplete_phrase
spatulas,possessions,-14.875,1,single_token,not_valid_noun
spatulas,brushed,-14.875,1,single_token,not_valid_noun
spatulas,maths,-14.875,1,single_token,not_valid_noun
spatulas,{-,-14.875,1,single_token,not_valid_noun
spatulas,cuttings,-14.875,1,single_token,not_valid_noun
spatulas,abra,-14.875,1,single_token,not_valid_noun
spatulas,paintings,-14.875,1,single_token,not_valid_noun
spatulas,typing,-14.875,1,single_token,not_valid_noun
spatulas,aa,-14.875,1,single_token,not_valid_noun
spatulas,comparing,-14.875,1,single_token,not_valid_noun
spatulas,grains,-14.875,1,single_token,not_valid_noun
spatulas,handic,-14.875,1,single_token,incomplete_phrase
spatulas,❤️,-14.875,1,single_token,not_valid_noun
spatulas,Cooking and,-14.875,2,2token,incomplete_phrase
spatulas,bedroom,-14.875,1,single_token,incomplete_phrase
spatulas,convenient,-14.875,1,single_token,not_valid_noun
spatulas,farmers,-14.875,1,single_token,not_valid_noun
spatulas,.*,-14.875,1,single_token,not_valid_noun
spatulas,><,-14.875,1,single_token,not_valid_noun
spatulas,sees,-14.875,1,single_token,not_valid_noun
spatulas,marine,-14.875,1,single_token,incomplete_phrase
spatulas,optional,-14.875,1,single_token,not_valid_noun
spatulas,nick,-14.875,1,single_token,incomplete_phrase
spatulas,indirect,-14.875,1,single_token,not_valid_noun
spatulas,handled,-14.875,1,single_token,not_valid_noun
spatulas,designing,-14.875,1,single_token,incomplete_phrase
spatulas,Odd,-14.875,1,single_token,not_valid_noun
spatulas,credit,-14.875,1,single_token,incomplete_phrase
spatulas,ki,-14.875,1,single_token,not_valid_noun
spatulas,USA,-14.875,1,single_token,not_valid_noun
spatulas,glo,-14.875,1,single_token,not_valid_noun
spatulas,mel,-14.875,1,single_token,incomplete_phrase
spatulas,bright,-14.875,1,single_token,not_valid_noun
spatulas,sets,-14.875,1,single_token,not_valid_noun
spatulas,Sou,-14.875,1,single_token,incomplete_phrase
spatulas,clas,-14.875,1,single_token,not_valid_noun
spatulas,poking,-14.875,1,single_token,incomplete_phrase
spatulas,p ut,-14.875,2,2token,not_valid_noun
spatulas,large piece,-14.875,2,2token,incomplete_phrase
spatulas,foods and,-14.875,2,2token,incomplete_phrase
spatulas,👉,-14.875,1,single_token,not_valid_noun
spatulas,waiters,-14.875,1,single_token,not_valid_noun
spatulas,!...,-14.875,1,single_token,not_valid_noun
spatulas,handi,-14.875,1,single_token,not_valid_noun
spatulas,◦,-14.875,1,single_token,not_valid_noun
spatulas,,-14.875,1,single_token,not_valid_noun
spatulas,####,-14.875,1,single_token,not_valid_noun
spatulas,{[,-14.875,1,single_token,not_valid_noun
spatulas,wed,-14.875,1,single_token,incomplete_phrase
spatulas,Serve,-14.875,1,single_token,incomplete_phrase
spatulas,Domestic,-14.875,1,single_token,incomplete_phrase
spatulas,A cutlery,-14.875,2,2token,not_valid_noun
spatulas,Pans,-14.875,1,single_token,not_valid_noun
spatulas,smal,-14.875,1,single_token,not_valid_noun
spatulas,A ________,-14.875,2,2token,not_valid_noun
spatulas,A piece,-14.875,2,2token,not_valid_noun
spatulas,pot &,-14.875,2,2token,not_valid_noun
spatulas,knives or,-14.875,2,2token,not_valid_noun
spatulas,knives in,-14.875,2,2token,not_valid_noun
spatulas,………… (,-14.875,2,2token,not_valid_noun
spatulas,objects you,-14.875,2,2token,incomplete_phrase
spatulas,....... In,-14.90625,2,2token,not_valid_noun
spatulas,- ?,-14.90625,2,2token,not_valid_noun
spatulas,- instrument,-14.90625,2,2token,not_valid_noun
spatulas,- _______,-14.90625,2,2token,not_valid_noun
spatulas,- ______,-14.90625,2,2token,not_valid_noun
spatulas,- ____,-14.90625,2,2token,not_valid_noun
spatulas,- spoon,-14.90625,2,2token,not_valid_noun
spatulas,of cook,-14.90625,2,2token,not_valid_noun
spatulas,an equipment,-14.90625,2,2token,not_valid_noun
spatulas,____ -,-14.90625,2,2token,not_valid_noun
spatulas,of __,-14.90625,2,2token,not_valid_noun
spatulas,implement by,-14.90625,2,2token,not_valid_noun
spatulas,implement needed,-14.90625,2,2token,not_valid_noun
spatulas,to get,-14.90625,2,2token,not_valid_noun
spatulas,to clean,-14.90625,2,2token,not_valid_noun
spatulas,serving ...,-14.90625,2,2token,not_valid_noun
spatulas,serving or,-14.90625,2,2token,not_valid_noun
spatulas,serving ____,-14.90625,2,2token,not_valid_noun
spatulas,dessert ________,-14.90625,2,2token,not_valid_noun
spatulas,of objects,-14.90625,2,2token,not_valid_noun
spatulas,of wood,-14.90625,2,2token,not_valid_noun
spatulas,....... utensils,-14.90625,2,2token,not_valid_noun
spatulas,____________,-14.90625,2,2token,not_valid_noun
spatulas,wooden and,-14.90625,2,2token,not_valid_noun
spatulas,wooden hand,-14.90625,2,2token,incomplete_phrase
spatulas,Tools,-14.90625,2,2token,not_valid_noun
spatulas,utens .,-14.90625,2,2token,not_valid_noun
spatulas,tableware ________,-14.90625,2,2token,not_valid_noun
spatulas,Tools for,-14.90625,2,2token,incomplete_phrase
spatulas,cup and,-14.90625,2,2token,incomplete_phrase
spatulas,tableware _______,-14.90625,2,2token,not_valid_noun
spatulas,__ Tools,-14.90625,2,2token,not_valid_noun
spatulas,....... .......,-14.90625,2,2token,not_valid_noun
spatulas,equipment /,-14.90625,2,2token,not_valid_noun
spatulas,equipment complete,-14.90625,2,2token,not_valid_noun
spatulas,The adjective,-14.90625,2,2token,not_valid_noun
spatulas,The most,-14.90625,2,2token,not_valid_noun
spatulas,____ utensils,-14.90625,2,2token,not_valid_noun
spatulas,____ Match,-14.90625,2,2token,not_valid_noun
spatulas,hand __,-14.90625,2,2token,not_valid_noun
spatulas,.............. tools,-14.90625,2,2token,not_valid_noun
spatulas,cook Ut,-14.90625,2,2token,not_valid_noun
spatulas,____________ TOOLS,-14.90625,2,2token,not_valid_noun
spatulas,cook s,-14.90625,2,2token,not_valid_noun
spatulas,____________ Work,-14.90625,2,2token,not_valid_noun
spatulas,___________ equipment,-14.90625,2,2token,not_valid_noun
spatulas,___________ or,-14.90625,2,2token,not_valid_noun
spatulas,___________ The,-14.90625,2,2token,not_valid_noun
spatulas,for serving,-14.90625,2,2token,not_valid_noun
spatulas,hand made,-14.90625,2,2token,incomplete_phrase
spatulas,___________ used,-14.90625,2,2token,not_valid_noun
spatulas,___________ Write,-14.90625,2,2token,not_valid_noun
spatulas,for in,-14.90625,2,2token,not_valid_noun
spatulas,gadget in,-14.90625,2,2token,not_valid_noun
spatulas,___________ that,-14.90625,2,2token,not_valid_noun
spatulas,utensi ...,-14.90625,2,2token,not_valid_noun
spatulas,equipment we,-14.90625,2,2token,not_valid_noun
spatulas,____________ kitchen,-14.90625,2,2token,not_valid_noun
spatulas,cook ingredient,-14.90625,2,2token,not_valid_noun
spatulas,culinary cooking,-14.9375,2,2token,incomplete_phrase
spatulas,hoes,-14.9375,1,single_token,not_valid_noun
spatulas,......... tools,-14.9375,2,2token,not_valid_noun
spatulas,culinary equip,-14.9375,2,2token,incomplete_phrase
spatulas,..... knives,-14.9375,2,2token,not_valid_noun
spatulas,..... knife,-14.9375,2,2token,not_valid_noun
spatulas,search,-14.9375,1,single_token,incomplete_phrase
spatulas,was,-14.9375,1,single_token,not_valid_noun
spatulas,internet,-14.9375,1,single_token,not_valid_noun
spatulas,ha,-14.9375,1,single_token,not_valid_noun
spatulas,_. If,-14.9375,2,2token,not_valid_noun
spatulas,_. How,-14.9375,2,2token,not_valid_noun
spatulas,Some,-14.9375,1,single_token,incomplete_phrase
spatulas,flattened,-14.9375,1,single_token,not_valid_noun
spatulas,melee,-14.9375,1,single_token,incomplete_phrase
spatulas,_. Match,-14.9375,2,2token,not_valid_noun
spatulas,wiping,-14.9375,1,single_token,not_valid_noun
spatulas,p _________,-14.9375,2,2token,not_valid_noun
spatulas,staf,-14.9375,1,single_token,not_valid_noun
spatulas,blade used,-14.9375,2,2token,incomplete_phrase
spatulas,➢,-14.9375,1,single_token,not_valid_noun
spatulas,ple,-14.9375,1,single_token,not_valid_noun
spatulas,_. Answer,-14.9375,2,2token,not_valid_noun
spatulas,et,-14.9375,1,single_token,not_valid_noun
spatulas,pancakes,-14.9375,1,single_token,not_valid_noun
spatulas,baby,-14.9375,1,single_token,incomplete_phrase
spatulas,hy,-14.9375,1,single_token,not_valid_noun
spatulas,Or,-14.9375,1,single_token,not_valid_noun
spatulas,implements with,-14.9375,2,2token,not_valid_noun
spatulas,fundamental,-14.9375,1,single_token,incomplete_phrase
spatulas,adapt,-14.9375,1,single_token,not_valid_noun
spatulas,what does,-14.9375,2,2token,not_valid_noun
spatulas,pairs,-14.9375,1,single_token,not_valid_noun
spatulas,permanent,-14.9375,1,single_token,incomplete_phrase
spatulas,tid,-14.9375,1,single_token,incomplete_phrase
spatulas,proper,-14.9375,1,single_token,not_valid_noun
spatulas,Sil,-14.9375,1,single_token,incomplete_phrase
spatulas,Clean,-14.9375,1,single_token,incomplete_phrase
spatulas,..... spoons,-14.9375,2,2token,not_valid_noun
spatulas,..... We,-14.9375,2,2token,not_valid_noun
spatulas,iron used,-14.9375,2,2token,incomplete_phrase
spatulas,..... of,-14.9375,2,2token,not_valid_noun
spatulas,......... Write,-14.9375,2,2token,not_valid_noun
spatulas,inanimate,-14.9375,1,single_token,not_valid_noun
spatulas,pf,-14.9375,1,single_token,not_valid_noun
spatulas,athletic,-14.9375,1,single_token,not_valid_noun
spatulas,picks,-14.9375,1,single_token,not_valid_noun
spatulas,material (,-14.9375,2,2token,not_valid_noun
spatulas,geometric,-14.9375,1,single_token,not_valid_noun
spatulas,peoples,-14.9375,1,single_token,not_valid_noun
spatulas,artistic,-14.9375,1,single_token,not_valid_noun
spatulas,ui,-14.9375,1,single_token,not_valid_noun
spatulas,ost,-14.9375,1,single_token,not_valid_noun
spatulas,â,-14.9375,1,single_token,not_valid_noun
spatulas,uri,-14.9375,1,single_token,incomplete_phrase
spatulas,active,-14.9375,1,single_token,incomplete_phrase
spatulas,wood and,-14.9375,2,2token,incomplete_phrase
spatulas,what _____,-14.9375,2,2token,not_valid_noun
spatulas,wood kitchen,-14.9375,2,2token,incomplete_phrase
spatulas,wide,-14.9375,1,single_token,not_valid_noun
spatulas,Gr,-14.9375,1,single_token,not_valid_noun
spatulas,British,-14.9375,1,single_token,incomplete_phrase
spatulas,perfect,-14.9375,1,single_token,incomplete_phrase
spatulas,ans,-14.9375,1,single_token,not_valid_noun
spatulas,taking,-14.9375,1,single_token,incomplete_phrase
spatulas,""",",-14.9375,1,single_token,not_valid_noun
spatulas,things made,-14.9375,2,2token,incomplete_phrase
spatulas,See,-14.9375,1,single_token,incomplete_phrase
spatulas,_. Find,-14.9375,2,2token,not_valid_noun
spatulas,other house,-14.9375,2,2token,incomplete_phrase
spatulas,ep,-14.9375,1,single_token,not_valid_noun
spatulas,home decorating,-14.96875,2,2token,incomplete_phrase
spatulas,o ut,-14.96875,2,2token,not_valid_noun
spatulas,eat (,-14.96875,2,2token,not_valid_noun
spatulas,eat ...,-14.96875,2,2token,not_valid_noun
spatulas,cook ',-14.96875,2,2token,not_valid_noun
spatulas,which ?,-14.96875,2,2token,not_valid_noun
spatulas,........... ...,-14.96875,2,2token,not_valid_noun
spatulas,.. (,-14.96875,2,2token,not_valid_noun
spatulas,........... tools,-14.96875,2,2token,not_valid_noun
spatulas,cake serving,-14.96875,2,2token,incomplete_phrase
spatulas,the best,-14.96875,2,2token,not_valid_noun
spatulas,.. tool,-14.96875,2,2token,not_valid_noun
spatulas,serving plat,-14.96875,2,2token,incomplete_phrase
spatulas,cookware _____,-14.96875,2,2token,not_valid_noun
spatulas,cookware Fill,-14.96875,2,2token,not_valid_noun
spatulas,cookware ingredient,-14.96875,2,2token,not_valid_noun
spatulas,cookware :,-14.96875,2,2token,not_valid_noun
spatulas,cake __,-14.96875,2,2token,not_valid_noun
spatulas,p ent,-14.96875,2,2token,not_valid_noun
spatulas,the (,-14.96875,2,2token,not_valid_noun
spatulas,( food,-14.96875,2,2token,not_valid_noun
spatulas,cookware What,-14.96875,2,2token,not_valid_noun
spatulas,pots &,-14.96875,2,2token,not_valid_noun
spatulas,( ______,-14.96875,2,2token,not_valid_noun
spatulas,( metal,-14.96875,2,2token,not_valid_noun
spatulas,the _____,-14.96875,2,2token,not_valid_noun
spatulas,p kitchen,-14.96875,2,2token,not_valid_noun
spatulas,p ______,-14.96875,2,2token,not_valid_noun
spatulas,cook u,-14.96875,2,2token,not_valid_noun
spatulas,device with,-14.96875,2,2token,incomplete_phrase
spatulas,home cleaning,-14.96875,2,2token,incomplete_phrase
spatulas,________ fruit,-14.96875,2,2token,not_valid_noun
spatulas,vegetable ____,-14.96875,2,2token,not_valid_noun
spatulas,object related,-14.96875,2,2token,not_valid_noun
spatulas,silver kitchen,-14.96875,2,2token,incomplete_phrase
spatulas,vegetable ...,-14.96875,2,2token,not_valid_noun
spatulas,vegetable cooking,-14.96875,2,2token,incomplete_phrase
spatulas,which people,-14.96875,2,2token,not_valid_noun
spatulas,thing made,-14.96875,2,2token,incomplete_phrase
spatulas,hand too,-14.96875,2,2token,not_valid_noun
spatulas,object a,-14.96875,2,2token,not_valid_noun
spatulas,appliances,-14.96875,2,2token,not_valid_noun
spatulas,appliances that,-14.96875,2,2token,incomplete_phrase
spatulas,appliances (,-14.96875,2,2token,not_valid_noun
spatulas,vegetable gr,-14.96875,2,2token,not_valid_noun
spatulas,s p,-14.96875,2,2token,not_valid_noun
spatulas,K,-15.0,1,single_token,not_valid_noun
spatulas,/ variety,-15.0,2,2token,not_valid_noun
spatulas,Best,-15.0,1,single_token,incomplete_phrase
spatulas,NS,-15.0,1,single_token,not_valid_noun
spatulas,swimming,-15.0,1,single_token,incomplete_phrase
spatulas,edges,-15.0,1,single_token,not_valid_noun
spatulas,Ingredient,-15.0,1,single_token,not_valid_noun
spatulas,secondary,-15.0,1,single_token,incomplete_phrase
spatulas,combination,-15.0,1,single_token,incomplete_phrase
spatulas,maintenance,-15.0,1,single_token,incomplete_phrase
spatulas,lose,-15.0,1,single_token,not_valid_noun
spatulas,used every,-15.0,2,2token,incomplete_phrase
spatulas,nutritive,-15.0,1,single_token,not_valid_noun
spatulas,blick,-15.0,1,single_token,incomplete_phrase
spatulas,grab,-15.0,1,single_token,incomplete_phrase
spatulas,servers,-15.0,1,single_token,not_valid_noun
spatulas,chan,-15.0,1,single_token,not_valid_noun
spatulas,fortune,-15.0,1,single_token,incomplete_phrase
spatulas,oral,-15.0,1,single_token,incomplete_phrase
spatulas,sorting,-15.0,1,single_token,not_valid_noun
spatulas,SOU,-15.0,1,single_token,incomplete_phrase
spatulas,кух,-15.0,1,single_token,not_valid_noun
spatulas,{(,-15.0,1,single_token,not_valid_noun
spatulas,………… food,-15.0,2,2token,not_valid_noun
spatulas,,-15.0,1,single_token,not_valid_noun
spatulas,/*,-15.0,1,single_token,not_valid_noun
spatulas,ornamental,-15.0,1,single_token,incomplete_phrase
spatulas,plu,-15.0,1,single_token,not_valid_noun
spatulas,ow,-15.0,1,single_token,not_valid_noun
spatulas,places,-15.0,1,single_token,not_valid_noun
spatulas,glass utens,-15.0,2,2token,incomplete_phrase
spatulas,/ shape,-15.0,2,2token,not_valid_noun
spatulas,/ piece,-15.0,2,2token,not_valid_noun
spatulas,reaching,-15.0,1,single_token,incomplete_phrase
spatulas,...... instrument,-15.0,2,2token,not_valid_noun
spatulas,pot /,-15.0,2,2token,not_valid_noun
spatulas,pot ...,-15.0,2,2token,not_valid_noun
spatulas,pot ______,-15.0,2,2token,not_valid_noun
spatulas,question,-15.0,1,single_token,not_valid_noun
spatulas,...... COMPLETE,-15.0,2,2token,not_valid_noun
spatulas,Complete,-15.0,1,single_token,not_valid_noun
spatulas,A metal,-15.0,2,2token,not_valid_noun
spatulas,A utensils,-15.0,2,2token,not_valid_noun
spatulas,A A,-15.0,2,2token,not_valid_noun
spatulas,cha,-15.0,1,single_token,incomplete_phrase
spatulas,necess,-15.0,1,single_token,not_valid_noun
spatulas,AND,-15.0,1,single_token,not_valid_noun
spatulas,acc,-15.0,1,single_token,not_valid_noun
spatulas,per,-15.0,1,single_token,not_valid_noun
spatulas,knives for,-15.0,2,2token,incomplete_phrase
spatulas,pot to,-15.0,2,2token,not_valid_noun
spatulas,stra,-15.0,1,single_token,incomplete_phrase
spatulas,AP,-15.0,1,single_token,not_valid_noun
spatulas,........ ...,-15.0,2,2token,not_valid_noun
spatulas,plate utens,-15.0,2,2token,incomplete_phrase
spatulas,brush and,-15.03125,2,2token,incomplete_phrase
spatulas,___________ ....,-15.03125,2,2token,not_valid_noun
spatulas,___________ _.,-15.03125,2,2token,not_valid_noun
spatulas,___________ instruments,-15.03125,2,2token,not_valid_noun
spatulas,___________ knives,-15.03125,2,2token,not_valid_noun
spatulas,implement COMPLETE,-15.03125,2,2token,not_valid_noun
spatulas,for stirring,-15.03125,2,2token,not_valid_noun
spatulas,for,-15.03125,2,2token,not_valid_noun
spatulas,sharp,-15.03125,2,2token,incomplete_phrase
spatulas,chef Ut,-15.03125,2,2token,not_valid_noun
spatulas,hand ______,-15.03125,2,2token,not_valid_noun
spatulas,___________ ?,-15.03125,2,2token,not_valid_noun
spatulas,an ________,-15.03125,2,2token,not_valid_noun
spatulas,stove _______,-15.03125,2,2token,not_valid_noun
spatulas,- complete,-15.03125,2,2token,not_valid_noun
spatulas,implement _,-15.03125,2,2token,not_valid_noun
spatulas,Spoon or,-15.03125,2,2token,not_valid_noun
spatulas,p [,-15.03125,2,2token,not_valid_noun
spatulas,__ utensils,-15.03125,2,2token,not_valid_noun
spatulas,__ Food,-15.03125,2,2token,not_valid_noun
spatulas,__ that,-15.03125,2,2token,not_valid_noun
spatulas,....... knife,-15.03125,2,2token,not_valid_noun
spatulas,p ans,-15.03125,2,2token,not_valid_noun
spatulas,spatula ________,-15.03125,2,2token,not_valid_noun
spatulas,spatula kitchen,-15.03125,2,2token,incomplete_phrase
spatulas,____ fill,-15.03125,2,2token,not_valid_noun
spatulas,tableware with,-15.03125,2,2token,incomplete_phrase
spatulas,equipment necessary,-15.03125,2,2token,incomplete_phrase
spatulas,____ for,-15.03125,2,2token,not_valid_noun
spatulas,____ Work,-15.03125,2,2token,not_valid_noun
spatulas,spatula _______,-15.03125,2,2token,not_valid_noun
spatulas,The above,-15.03125,2,2token,not_valid_noun
spatulas,The blank,-15.03125,2,2token,not_valid_noun
spatulas,The is,-15.03125,2,2token,not_valid_noun
spatulas,equipment a,-15.03125,2,2token,not_valid_noun
spatulas,____________ -.,-15.03125,2,2token,not_valid_noun
spatulas,The next,-15.03125,2,2token,not_valid_noun
spatulas,____________ Make,-15.03125,2,2token,not_valid_noun
spatulas,Spoon (,-15.03125,2,2token,not_valid_noun
spatulas,musical intr,-15.03125,2,2token,incomplete_phrase
spatulas,implement Edit,-15.03125,2,2token,incomplete_phrase
spatulas,stove ______,-15.03125,2,2token,not_valid_noun
spatulas,- of,-15.03125,2,2token,not_valid_noun
spatulas,________,-15.03125,2,2token,not_valid_noun
spatulas,!.,-15.0625,1,single_token,not_valid_noun
spatulas,Te,-15.0625,1,single_token,not_valid_noun
spatulas,windows,-15.0625,1,single_token,not_valid_noun
spatulas,pany,-15.0625,1,single_token,not_valid_noun
spatulas,newton,-15.0625,1,single_token,incomplete_phrase
spatulas,sp tool,-15.0625,2,2token,not_valid_noun
spatulas,removing,-15.0625,1,single_token,not_valid_noun
spatulas,picking,-15.0625,1,single_token,not_valid_noun
spatulas,<-,-15.0625,1,single_token,not_valid_noun
spatulas,cottage,-15.0625,1,single_token,incomplete_phrase
spatulas,preferred,-15.0625,1,single_token,not_valid_noun
spatulas,,-15.0625,1,single_token,not_valid_noun
spatulas,wood cutting,-15.0625,2,2token,incomplete_phrase
spatulas,wood used,-15.0625,2,2token,incomplete_phrase
spatulas,…… COMPLETE,-15.0625,2,2token,not_valid_noun
spatulas,…… Correct,-15.0625,2,2token,not_valid_noun
spatulas,…… knife,-15.0625,2,2token,not_valid_noun
spatulas,wood (,-15.0625,2,2token,not_valid_noun
spatulas,work,-15.0625,2,2token,incomplete_phrase
spatulas,singular,-15.0625,1,single_token,incomplete_phrase
spatulas,accounting,-15.0625,1,single_token,incomplete_phrase
spatulas,столо,-15.0625,1,single_token,not_valid_noun
spatulas,lazy,-15.0625,1,single_token,not_valid_noun
spatulas,$($,-15.0625,1,single_token,not_valid_noun
spatulas,Measurement,-15.0625,1,single_token,incomplete_phrase
spatulas,house ________,-15.0625,2,2token,not_valid_noun
spatulas,blan,-15.0625,1,single_token,incomplete_phrase
spatulas,.....,-15.0625,2,2token,not_valid_noun
spatulas,elect,-15.0625,1,single_token,incomplete_phrase
spatulas,bread utens,-15.0625,2,2token,not_valid_noun
spatulas,culinary …,-15.0625,2,2token,not_valid_noun
spatulas,long ________,-15.0625,2,2token,not_valid_noun
spatulas,culinary ____________,-15.0625,2,2token,not_valid_noun
spatulas,tu,-15.0625,1,single_token,not_valid_noun
spatulas,usual,-15.0625,1,single_token,not_valid_noun
spatulas,lady,-15.0625,1,single_token,incomplete_phrase
spatulas,iron and,-15.0625,2,2token,incomplete_phrase
spatulas,..... To,-15.0625,2,2token,not_valid_noun
spatulas,acces,-15.0625,1,single_token,not_valid_noun
spatulas,popular,-15.0625,1,single_token,not_valid_noun
spatulas,middle,-15.0625,1,single_token,incomplete_phrase
spatulas,hay,-15.0625,1,single_token,not_valid_noun
spatulas,pi,-15.0625,1,single_token,not_valid_noun
spatulas,most,-15.0625,1,single_token,not_valid_noun
spatulas,neut,-15.0625,1,single_token,not_valid_noun
spatulas,manicure,-15.0625,1,single_token,incomplete_phrase
spatulas,either,-15.0625,1,single_token,not_valid_noun
spatulas,One,-15.0625,1,single_token,incomplete_phrase
spatulas,house utensi,-15.0625,2,2token,incomplete_phrase
spatulas,_. _,-15.0625,2,2token,not_valid_noun
spatulas,dining ut,-15.0625,2,2token,not_valid_noun
spatulas,require,-15.0625,1,single_token,not_valid_noun
spatulas,"long ,",-15.0625,2,2token,not_valid_noun
spatulas,other type,-15.0625,2,2token,incomplete_phrase
spatulas,_. .,-15.0625,2,2token,not_valid_noun
spatulas,_. You,-15.0625,2,2token,not_valid_noun
spatulas,_. Read,-15.0625,2,2token,not_valid_noun
spatulas,things .,-15.0625,2,2token,not_valid_noun
spatulas,Simple,-15.0625,1,single_token,incomplete_phrase
spatulas,golf,-15.0625,1,single_token,incomplete_phrase
spatulas,..... .....,-15.0625,2,2token,not_valid_noun
spatulas,..... ____,-15.0625,2,2token,not_valid_noun
spatulas,(*,-15.0625,1,single_token,not_valid_noun
spatulas,!!,-15.0625,1,single_token,not_valid_noun
spatulas,technical,-15.0625,1,single_token,incomplete_phrase
spatulas,Ex,-15.0625,1,single_token,not_valid_noun
spatulas,putting,-15.0625,1,single_token,not_valid_noun
spatulas,semi,-15.0625,1,single_token,incomplete_phrase
spatulas,cook in,-15.09375,2,2token,not_valid_noun
spatulas,vegetable peeling,-15.09375,2,2token,incomplete_phrase
spatulas,implements _______,-15.09375,2,2token,not_valid_noun
spatulas,implements ________,-15.09375,2,2token,not_valid_noun
spatulas,which help,-15.09375,2,2token,not_valid_noun
spatulas,which other,-15.09375,2,2token,not_valid_noun
spatulas,which a,-15.09375,2,2token,not_valid_noun
spatulas,which food,-15.09375,2,2token,not_valid_noun
spatulas,vegetable COMPLETE,-15.09375,2,2token,not_valid_noun
spatulas,implements complete,-15.09375,2,2token,not_valid_noun
spatulas,what thing,-15.09375,2,2token,not_valid_noun
spatulas,implements /,-15.09375,2,2token,not_valid_noun
spatulas,what -,-15.09375,2,2token,not_valid_noun
spatulas,what item,-15.09375,2,2token,not_valid_noun
spatulas,object and,-15.09375,2,2token,incomplete_phrase
spatulas,which object,-15.09375,2,2token,not_valid_noun
spatulas,which I,-15.09375,2,2token,not_valid_noun
spatulas,silverware ____,-15.09375,2,2token,not_valid_noun
spatulas,helper around,-15.09375,2,2token,incomplete_phrase
spatulas,________ Work,-15.09375,2,2token,not_valid_noun
spatulas,cook a,-15.09375,2,2token,not_valid_noun
spatulas,________ Find,-15.09375,2,2token,not_valid_noun
spatulas,object at,-15.09375,2,2token,not_valid_noun
spatulas,utens (,-15.09375,2,2token,not_valid_noun
spatulas,cookware [,-15.09375,2,2token,not_valid_noun
spatulas,........... food,-15.09375,2,2token,not_valid_noun
spatulas,cake ____,-15.09375,2,2token,not_valid_noun
spatulas,cake ...,-15.09375,2,2token,not_valid_noun
spatulas,cookware kitchen,-15.09375,2,2token,incomplete_phrase
spatulas,-----,-15.09375,2,2token,not_valid_noun
spatulas,item on,-15.09375,2,2token,not_valid_noun
spatulas,helper on,-15.09375,2,2token,not_valid_noun
spatulas,helper at,-15.09375,2,2token,not_valid_noun
spatulas,cake ____________,-15.09375,2,2token,not_valid_noun
spatulas,cookware Read,-15.09375,2,2token,not_valid_noun
spatulas,object ____,-15.09375,2,2token,not_valid_noun
spatulas,cookware you,-15.09375,2,2token,incomplete_phrase
spatulas,object needed,-15.09375,2,2token,incomplete_phrase
spatulas,spoons ________,-15.09375,2,2token,not_valid_noun
spatulas,spoons are,-15.09375,2,2token,incomplete_phrase
spatulas,spoons -,-15.09375,2,2token,not_valid_noun
spatulas,serving and,-15.09375,2,2token,not_valid_noun
spatulas,______,-15.09375,2,2token,not_valid_noun
spatulas,this in,-15.09375,2,2token,not_valid_noun
spatulas,serving ________,-15.09375,2,2token,not_valid_noun
spatulas,( ?,-15.09375,2,2token,not_valid_noun
spatulas,cookware a,-15.09375,2,2token,not_valid_noun
spatulas,I n,-15.09375,2,2token,not_valid_noun
spatulas,( .,-15.09375,2,2token,not_valid_noun
spatulas,the name,-15.09375,2,2token,not_valid_noun
spatulas,the of,-15.09375,2,2token,not_valid_noun
spatulas,the set,-15.09375,2,2token,not_valid_noun
spatulas,thing which,-15.09375,2,2token,incomplete_phrase
spatulas,forks,-15.09375,2,2token,not_valid_noun
spatulas,house holding,-15.125,2,2token,incomplete_phrase
spatulas,house keeping,-15.125,2,2token,incomplete_phrase
spatulas,...... You,-15.125,2,2token,not_valid_noun
spatulas,...... knives,-15.125,2,2token,not_valid_noun
spatulas,........ ....,-15.125,2,2token,not_valid_noun
spatulas,shovel for,-15.125,2,2token,not_valid_noun
spatulas,condiments,-15.125,1,single_token,not_valid_noun
spatulas,…),-15.125,1,single_token,not_valid_noun
spatulas,tupperware,-15.125,1,single_token,not_valid_noun
spatulas,A is,-15.125,2,2token,not_valid_noun
spatulas,container with,-15.125,2,2token,incomplete_phrase
spatulas,toy .,-15.125,2,2token,not_valid_noun
spatulas,exotic,-15.125,1,single_token,not_valid_noun
spatulas,invented,-15.125,1,single_token,not_valid_noun
spatulas,%.,-15.125,1,single_token,not_valid_noun
spatulas,storing,-15.125,1,single_token,not_valid_noun
spatulas,foldable,-15.125,1,single_token,not_valid_noun
spatulas,knives ...,-15.125,2,2token,not_valid_noun
spatulas,pot _______,-15.125,2,2token,not_valid_noun
spatulas,sandwich ingredient,-15.125,2,2token,not_valid_noun
spatulas,knives ....,-15.125,2,2token,not_valid_noun
spatulas,foods preparation,-15.125,2,2token,incomplete_phrase
spatulas,objects we,-15.125,2,2token,not_valid_noun
spatulas,objects with,-15.125,2,2token,incomplete_phrase
spatulas,$(,-15.125,1,single_token,not_valid_noun
spatulas,odds,-15.125,1,single_token,incomplete_phrase
spatulas,digital,-15.125,1,single_token,incomplete_phrase
spatulas,,-15.125,1,single_token,not_valid_noun
spatulas,chipped,-15.125,1,single_token,not_valid_noun
spatulas,brit,-15.125,1,single_token,incomplete_phrase
spatulas,huge,-15.125,1,single_token,not_valid_noun
spatulas,fal,-15.125,1,single_token,not_valid_noun
spatulas,facilities,-15.125,1,single_token,not_valid_noun
spatulas,synonyms,-15.125,1,single_token,not_valid_noun
spatulas,tra,-15.125,1,single_token,incomplete_phrase
spatulas,helped,-15.125,1,single_token,not_valid_noun
spatulas,Author,-15.125,1,single_token,incomplete_phrase
spatulas,earth,-15.125,1,single_token,incomplete_phrase
spatulas,.',-15.125,1,single_token,not_valid_noun
spatulas,transfer,-15.125,1,single_token,incomplete_phrase
spatulas,Use,-15.125,1,single_token,incomplete_phrase
spatulas,live,-15.125,1,single_token,not_valid_noun
spatulas,е,-15.125,1,single_token,not_valid_noun
spatulas,following,-15.125,1,single_token,incomplete_phrase
spatulas,while,-15.125,1,single_token,incomplete_phrase
spatulas,between,-15.125,1,single_token,not_valid_noun
spatulas,cur,-15.125,1,single_token,incomplete_phrase
spatulas,hel,-15.125,1,single_token,not_valid_noun
spatulas,….. tools,-15.125,2,2token,not_valid_noun
spatulas,….. food,-15.125,2,2token,not_valid_noun
spatulas,agricul,-15.125,1,single_token,not_valid_noun
spatulas,appeti,-15.125,1,single_token,not_valid_noun
spatulas,trays,-15.125,1,single_token,not_valid_noun
spatulas,crafting,-15.125,1,single_token,not_valid_noun
spatulas,hw,-15.125,1,single_token,not_valid_noun
spatulas,cling,-15.125,1,single_token,incomplete_phrase
spatulas,metre,-15.125,1,single_token,not_valid_noun
spatulas,typeof,-15.125,1,single_token,not_valid_noun
spatulas,colours,-15.125,1,single_token,not_valid_noun
spatulas,Used,-15.125,1,single_token,not_valid_noun
spatulas,stuck,-15.125,1,single_token,not_valid_noun
spatulas,birds,-15.125,1,single_token,not_valid_noun
spatulas,Kind,-15.125,1,single_token,incomplete_phrase
spatulas,poll,-15.125,1,single_token,incomplete_phrase
spatulas,ll,-15.125,1,single_token,not_valid_noun
spatulas,……………………,-15.125,2,2token,not_valid_noun
spatulas,utility ________,-15.125,2,2token,not_valid_noun
spatulas,.............. The,-15.15625,2,2token,not_valid_noun
spatulas,__ A,-15.15625,2,2token,not_valid_noun
spatulas,cup Complete,-15.15625,2,2token,not_valid_noun
spatulas,ladle or,-15.15625,2,2token,not_valid_noun
spatulas,____________ instrument,-15.15625,2,2token,not_valid_noun
spatulas,____________ Tool,-15.15625,2,2token,not_valid_noun
spatulas,____________,-15.15625,2,2token,not_valid_noun
spatulas,____________ appliances,-15.15625,2,2token,not_valid_noun
spatulas,an __,-15.15625,2,2token,not_valid_noun
spatulas,implement such,-15.15625,2,2token,not_valid_noun
spatulas,piece or,-15.15625,2,2token,not_valid_noun
spatulas,hand cooking,-15.15625,2,2token,incomplete_phrase
spatulas,for mixing,-15.15625,2,2token,not_valid_noun
spatulas,for ...,-15.15625,2,2token,not_valid_noun
spatulas,dessert cooking,-15.15625,2,2token,incomplete_phrase
spatulas,__ I,-15.15625,2,2token,not_valid_noun
spatulas,spatula ______,-15.15625,2,2token,not_valid_noun
spatulas,implement useful,-15.15625,2,2token,not_valid_noun
spatulas,.............. What,-15.15625,2,2token,not_valid_noun
spatulas,__ or,-15.15625,2,2token,not_valid_noun
spatulas,__ What,-15.15625,2,2token,not_valid_noun
spatulas,gadget or,-15.15625,2,2token,not_valid_noun
spatulas,____________ _________,-15.15625,2,2token,not_valid_noun
spatulas,utens i,-15.15625,2,2token,not_valid_noun
spatulas,o the,-15.15625,2,2token,not_valid_noun
spatulas,implement the,-15.15625,2,2token,incomplete_phrase
spatulas,____________ knives,-15.15625,2,2token,not_valid_noun
spatulas,an app,-15.15625,2,2token,not_valid_noun
spatulas,appliance _______,-15.15625,2,2token,not_valid_noun
spatulas,sharp wooden,-15.15625,2,2token,not_valid_noun
spatulas,an ______,-15.15625,2,2token,not_valid_noun
spatulas,equipment _______,-15.15625,2,2token,not_valid_noun
spatulas,____ Answer,-15.15625,2,2token,not_valid_noun
spatulas,tableware to,-15.15625,2,2token,not_valid_noun
spatulas,equipment on,-15.15625,2,2token,not_valid_noun
spatulas,frying,-15.15625,2,2token,not_valid_noun
spatulas,The other,-15.15625,2,2token,not_valid_noun
spatulas,__ Choose,-15.15625,2,2token,not_valid_noun
spatulas,dessert ingredients,-15.15625,2,2token,not_valid_noun
spatulas,....... Which,-15.15625,2,2token,not_valid_noun
spatulas,....... spoons,-15.15625,2,2token,not_valid_noun
spatulas,The chef,-15.15625,2,2token,not_valid_noun
spatulas,The subject,-15.15625,2,2token,not_valid_noun
spatulas,The number,-15.15625,2,2token,not_valid_noun
spatulas,The student,-15.15625,2,2token,not_valid_noun
spatulas,......... ...,-15.1875,2,2token,not_valid_noun
spatulas,,-15.1875,1,single_token,not_valid_noun
spatulas,hung,-15.1875,1,single_token,not_valid_noun
spatulas,blade for,-15.1875,2,2token,incomplete_phrase
spatulas,don,-15.1875,1,single_token,incomplete_phrase
spatulas,cooks ______,-15.1875,2,2token,not_valid_noun
spatulas,Con,-15.1875,1,single_token,incomplete_phrase
spatulas,Very,-15.1875,1,single_token,not_valid_noun
spatulas,......... complete,-15.1875,2,2token,not_valid_noun
spatulas,cooks ',-15.1875,2,2token,not_valid_noun
spatulas,accessory of,-15.1875,2,2token,not_valid_noun
spatulas,pret,-15.1875,1,single_token,not_valid_noun
spatulas,production,-15.1875,1,single_token,incomplete_phrase
spatulas,pen,-15.1875,2,2token,not_valid_noun
spatulas,things with,-15.1875,2,2token,incomplete_phrase
spatulas,su,-15.1875,1,single_token,not_valid_noun
spatulas,M,-15.1875,1,single_token,not_valid_noun
spatulas,…… I,-15.1875,2,2token,not_valid_noun
spatulas,iron mong,-15.1875,2,2token,incomplete_phrase
spatulas,……,-15.1875,2,2token,not_valid_noun
spatulas,…… Food,-15.1875,2,2token,not_valid_noun
spatulas,......... Use,-15.1875,2,2token,not_valid_noun
spatulas,things people,-15.1875,2,2token,incomplete_phrase
spatulas,baseball,-15.1875,1,single_token,incomplete_phrase
spatulas,whi,-15.1875,1,single_token,incomplete_phrase
spatulas,favour,-15.1875,1,single_token,not_valid_noun
spatulas,sturdy,-15.1875,1,single_token,not_valid_noun
spatulas,names,-15.1875,1,single_token,not_valid_noun
spatulas,Sam,-15.1875,1,single_token,incomplete_phrase
spatulas,cru,-15.1875,1,single_token,not_valid_noun
spatulas,random,-15.1875,1,single_token,not_valid_noun
spatulas,emer,-15.1875,1,single_token,not_valid_noun
spatulas,♪,-15.1875,1,single_token,not_valid_noun
spatulas,..... This,-15.1875,2,2token,not_valid_noun
spatulas,..... and,-15.1875,2,2token,not_valid_noun
spatulas,bread tools,-15.1875,2,2token,not_valid_noun
spatulas,bread ________,-15.1875,2,2token,not_valid_noun
spatulas,bread making,-15.1875,2,2token,not_valid_noun
spatulas,lip,-15.1875,1,single_token,incomplete_phrase
spatulas,Each,-15.1875,1,single_token,incomplete_phrase
spatulas,features,-15.1875,1,single_token,not_valid_noun
spatulas,bast,-15.1875,1,single_token,incomplete_phrase
spatulas,transparent,-15.1875,1,single_token,not_valid_noun
spatulas,ana,-15.1875,1,single_token,incomplete_phrase
spatulas,dy,-15.1875,1,single_token,not_valid_noun
spatulas,coll,-15.1875,1,single_token,incomplete_phrase
spatulas,fir,-15.1875,1,single_token,incomplete_phrase
spatulas,measured,-15.1875,1,single_token,not_valid_noun
spatulas,..... Please,-15.1875,2,2token,not_valid_noun
spatulas,_. Explain,-15.1875,2,2token,not_valid_noun
spatulas,_. Give,-15.1875,2,2token,not_valid_noun
spatulas,[',-15.1875,1,single_token,not_valid_noun
spatulas,dinner .,-15.1875,2,2token,not_valid_noun
spatulas,European,-15.1875,1,single_token,incomplete_phrase
spatulas,liquids,-15.1875,1,single_token,not_valid_noun
spatulas,miniature,-15.1875,1,single_token,incomplete_phrase
spatulas,★,-15.1875,1,single_token,not_valid_noun
spatulas,correct,-15.1875,1,single_token,not_valid_noun
spatulas,tur,-15.1875,1,single_token,not_valid_noun
spatulas,“.,-15.1875,1,single_token,not_valid_noun
spatulas,chow,-15.1875,1,single_token,incomplete_phrase
spatulas,refrigerate,-15.1875,1,single_token,not_valid_noun
spatulas,"—,",-15.1875,1,single_token,not_valid_noun
spatulas,Foods,-15.1875,1,single_token,not_valid_noun
spatulas,rulers,-15.1875,1,single_token,not_valid_noun
spatulas,p …,-15.1875,2,2token,not_valid_noun
spatulas,p -,-15.1875,2,2token,not_valid_noun
spatulas,longs,-15.1875,1,single_token,incomplete_phrase
spatulas,afe,-15.1875,1,single_token,not_valid_noun
spatulas,lawn,-15.1875,1,single_token,incomplete_phrase
spatulas,delicate,-15.1875,1,single_token,not_valid_noun
spatulas,triangular,-15.1875,1,single_token,not_valid_noun
spatulas,peculiar,-15.1875,1,single_token,not_valid_noun
spatulas,carb,-15.1875,1,single_token,not_valid_noun
spatulas,sized,-15.1875,1,single_token,not_valid_noun
spatulas,Uni,-15.1875,1,single_token,incomplete_phrase
spatulas,add,-15.1875,1,single_token,incomplete_phrase
spatulas,bre,-15.1875,1,single_token,not_valid_noun
spatulas,um,-15.1875,1,single_token,not_valid_noun
spatulas,Get,-15.1875,1,single_token,not_valid_noun
spatulas,looking,-15.1875,1,single_token,incomplete_phrase
spatulas,( noun,-15.21875,2,2token,not_valid_noun
spatulas,( _____,-15.21875,2,2token,not_valid_noun
spatulas,serving ______,-15.21875,2,2token,not_valid_noun
spatulas,I ________,-15.21875,2,2token,not_valid_noun
spatulas,spoons _______,-15.21875,2,2token,not_valid_noun
spatulas,I Choose,-15.21875,2,2token,not_valid_noun
spatulas,I knife,-15.21875,2,2token,not_valid_noun
spatulas,cookware _,-15.21875,2,2token,not_valid_noun
spatulas,cookware Item,-15.21875,2,2token,incomplete_phrase
spatulas,________ with,-15.21875,2,2token,not_valid_noun
spatulas,this _______,-15.21875,2,2token,not_valid_noun
spatulas,this ...,-15.21875,2,2token,not_valid_noun
spatulas,this sentence,-15.21875,2,2token,not_valid_noun
spatulas,fruits or,-15.21875,2,2token,not_valid_noun
spatulas,object around,-15.21875,2,2token,not_valid_noun
spatulas,object /,-15.21875,2,2token,not_valid_noun
spatulas,________ to,-15.21875,2,2token,not_valid_noun
spatulas,this ____,-15.21875,2,2token,not_valid_noun
spatulas,.. ...,-15.21875,2,2token,not_valid_noun
spatulas,pastry ingredients,-15.21875,2,2token,not_valid_noun
spatulas,what …,-15.21875,2,2token,not_valid_noun
spatulas,________ Write,-15.21875,2,2token,not_valid_noun
spatulas,o ________,-15.21875,2,2token,not_valid_noun
spatulas,s e,-15.21875,2,2token,not_valid_noun
spatulas,o e,-15.21875,2,2token,not_valid_noun
spatulas,hand cleaning,-15.21875,2,2token,incomplete_phrase
spatulas,cake ___________,-15.21875,2,2token,not_valid_noun
spatulas,kitchens ______,-15.21875,2,2token,not_valid_noun
spatulas,pastry ________,-15.21875,2,2token,not_valid_noun
spatulas,kitchens _______,-15.21875,2,2token,not_valid_noun
spatulas,which do,-15.21875,2,2token,not_valid_noun
spatulas,which,-15.21875,2,2token,not_valid_noun
spatulas,kitchens ...,-15.21875,2,2token,not_valid_noun
spatulas,vegetable cle,-15.21875,2,2token,incomplete_phrase
spatulas,vegetable in,-15.21875,2,2token,not_valid_noun
spatulas,which word,-15.21875,2,2token,not_valid_noun
spatulas,which includes,-15.21875,2,2token,not_valid_noun
spatulas,kitchens (,-15.21875,2,2token,not_valid_noun
spatulas,plastic ________,-15.21875,2,2token,not_valid_noun
spatulas,.. tools,-15.21875,2,2token,not_valid_noun
spatulas,.. Use,-15.21875,2,2token,not_valid_noun
spatulas,spoons The,-15.21875,2,2token,incomplete_phrase
spatulas,item (,-15.21875,2,2token,not_valid_noun
spatulas,o knife,-15.21875,2,2token,not_valid_noun
spatulas,plastic Ut,-15.21875,2,2token,not_valid_noun
spatulas,Int,-15.25,1,single_token,not_valid_noun
spatulas,A flat,-15.25,2,2token,not_valid_noun
spatulas,A ______,-15.25,2,2token,not_valid_noun
spatulas,sus,-15.25,1,single_token,incomplete_phrase
spatulas,contain,-15.25,1,single_token,not_valid_noun
spatulas,R,-15.25,1,single_token,not_valid_noun
spatulas,val,-15.25,1,single_token,incomplete_phrase
spatulas,full,-15.25,1,single_token,incomplete_phrase
spatulas,NEED,-15.25,1,single_token,incomplete_phrase
spatulas,cookie ingredient,-15.25,2,2token,not_valid_noun
spatulas,pot ____,-15.25,2,2token,not_valid_noun
spatulas,cookie ____,-15.25,2,2token,not_valid_noun
spatulas,pot __,-15.25,2,2token,not_valid_noun
spatulas,house ...,-15.25,2,2token,not_valid_noun
spatulas,house kitchen,-15.25,2,2token,incomplete_phrase
spatulas,cookie decorating,-15.25,2,2token,not_valid_noun
spatulas,Lad,-15.25,1,single_token,incomplete_phrase
spatulas,painted,-15.25,1,single_token,not_valid_noun
spatulas,computers,-15.25,1,single_token,not_valid_noun
spatulas,racing,-15.25,1,single_token,incomplete_phrase
spatulas,cookie cut,-15.25,2,2token,incomplete_phrase
spatulas,Special,-15.25,1,single_token,incomplete_phrase
spatulas,cookie utensils,-15.25,2,2token,not_valid_noun
spatulas,cookie ____________,-15.25,2,2token,not_valid_noun
spatulas,prepared,-15.25,1,single_token,not_valid_noun
spatulas,ts,-15.25,1,single_token,not_valid_noun
spatulas,Compare,-15.25,1,single_token,incomplete_phrase
spatulas,Instr,-15.25,1,single_token,not_valid_noun
spatulas,APP,-15.25,1,single_token,not_valid_noun
spatulas,dood,-15.25,1,single_token,not_valid_noun
spatulas,FAO,-15.25,1,single_token,not_valid_noun
spatulas,solids,-15.25,1,single_token,not_valid_noun
spatulas,$/,-15.25,1,single_token,not_valid_noun
spatulas,interchangeable,-15.25,1,single_token,not_valid_noun
spatulas,used a,-15.25,2,2token,not_valid_noun
spatulas,وسایل,-15.25,1,single_token,not_valid_noun
spatulas,sandwich utens,-15.25,2,2token,incomplete_phrase
spatulas,/ they,-15.25,2,2token,not_valid_noun
spatulas,/ cutlery,-15.25,2,2token,not_valid_noun
spatulas,app .,-15.25,2,2token,not_valid_noun
spatulas,खा,-15.25,1,single_token,not_valid_noun
spatulas,used during,-15.25,2,2token,not_valid_noun
spatulas,pizz,-15.25,1,single_token,not_valid_noun
spatulas,emp,-15.25,1,single_token,not_valid_noun
spatulas,SMALL,-15.25,1,single_token,incomplete_phrase
spatulas,xo,-15.25,1,single_token,not_valid_noun
spatulas,dishes used,-15.25,2,2token,incomplete_phrase
spatulas,write,-15.25,1,single_token,not_valid_noun
spatulas,container of,-15.25,2,2token,not_valid_noun
spatulas,Nor,-15.25,1,single_token,not_valid_noun
spatulas,A COMPLETE,-15.25,2,2token,not_valid_noun
spatulas,pic,-15.25,1,single_token,incomplete_phrase
spatulas,bon,-15.25,1,single_token,not_valid_noun
spatulas,students,-15.25,1,single_token,not_valid_noun
spatulas,hed,-15.25,1,single_token,not_valid_noun
spatulas,mandatory,-15.25,1,single_token,incomplete_phrase
spatulas,apr,-15.25,1,single_token,not_valid_noun
spatulas,^^,-15.25,1,single_token,not_valid_noun
spatulas,ment,-15.25,1,single_token,not_valid_noun
spatulas,Introduction,-15.25,1,single_token,incomplete_phrase
spatulas,p n,-15.25,2,2token,not_valid_noun
spatulas,gl,-15.25,1,single_token,not_valid_noun
spatulas,except,-15.25,1,single_token,not_valid_noun
spatulas,py,-15.25,1,single_token,not_valid_noun
spatulas,appe,-15.25,1,single_token,not_valid_noun
spatulas,cre,-15.25,1,single_token,not_valid_noun
spatulas,dishes,-15.25,2,2token,not_valid_noun
spatulas,sticky,-15.25,1,single_token,not_valid_noun
spatulas,shovel and,-15.25,2,2token,not_valid_noun
spatulas,Cooking ...,-15.25,2,2token,not_valid_noun
spatulas,...... spoon,-15.25,2,2token,not_valid_noun
spatulas,........ Choose,-15.25,2,2token,not_valid_noun
spatulas,shovel complete,-15.25,2,2token,not_valid_noun
spatulas,ined,-15.25,1,single_token,not_valid_noun
spatulas,pot that,-15.25,2,2token,incomplete_phrase
spatulas,….. Write,-15.25,2,2token,not_valid_noun
spatulas,house ____,-15.25,2,2token,not_valid_noun
spatulas,….. Read,-15.25,2,2token,not_valid_noun
spatulas,….. tool,-15.25,2,2token,not_valid_noun
spatulas,high,-15.25,1,single_token,incomplete_phrase
spatulas,pencils,-15.25,1,single_token,not_valid_noun
spatulas,cookie ...,-15.25,2,2token,not_valid_noun
spatulas,fro,-15.25,1,single_token,not_valid_noun
spatulas,cookie __,-15.25,2,2token,not_valid_noun
spatulas,cookie ingredients,-15.25,2,2token,not_valid_noun
spatulas,…………………… (,-15.25,2,2token,not_valid_noun
spatulas,pot What,-15.25,2,2token,incomplete_phrase
spatulas,egg ________,-15.28125,2,2token,not_valid_noun
spatulas,The phrase,-15.28125,2,2token,not_valid_noun
spatulas,____________ How,-15.28125,2,2token,not_valid_noun
spatulas,egg __,-15.28125,2,2token,not_valid_noun
spatulas,appliance with,-15.28125,2,2token,incomplete_phrase
spatulas,Spoon and,-15.28125,2,2token,not_valid_noun
spatulas,appliance ________,-15.28125,2,2token,not_valid_noun
spatulas,sharp or,-15.28125,2,2token,not_valid_noun
spatulas,The three,-15.28125,2,2token,not_valid_noun
spatulas,The children,-15.28125,2,2token,not_valid_noun
spatulas,appliance and,-15.28125,2,2token,incomplete_phrase
spatulas,____________ Match,-15.28125,2,2token,not_valid_noun
spatulas,- The,-15.28125,2,2token,not_valid_noun
spatulas,___________ -,-15.28125,2,2token,not_valid_noun
spatulas,__ _____,-15.28125,2,2token,not_valid_noun
spatulas,spatula a,-15.28125,2,2token,not_valid_noun
spatulas,instruments which,-15.28125,2,2token,incomplete_phrase
spatulas,.............. Choose,-15.28125,2,2token,not_valid_noun
spatulas,___________ I,-15.28125,2,2token,not_valid_noun
spatulas,brush ________,-15.28125,2,2token,not_valid_noun
spatulas,- [,-15.28125,2,2token,not_valid_noun
spatulas,tableware Fill,-15.28125,2,2token,not_valid_noun
spatulas,____ How,-15.28125,2,2token,not_valid_noun
spatulas,____ cooking,-15.28125,2,2token,not_valid_noun
spatulas,tableware ______,-15.28125,2,2token,not_valid_noun
spatulas,____ __,-15.28125,2,2token,not_valid_noun
spatulas,p (,-15.28125,2,2token,not_valid_noun
spatulas,an ...,-15.28125,2,2token,not_valid_noun
spatulas,____ ________,-15.28125,2,2token,not_valid_noun
spatulas,equipment made,-15.28125,2,2token,incomplete_phrase
spatulas,____________ Comple,-15.28125,2,2token,not_valid_noun
spatulas,The picture,-15.28125,2,2token,not_valid_noun
spatulas,....... .....,-15.28125,2,2token,not_valid_noun
spatulas,....... ________,-15.28125,2,2token,not_valid_noun
spatulas,spatula -,-15.28125,2,2token,not_valid_noun
spatulas,brush with,-15.28125,2,2token,not_valid_noun
spatulas,for Kitchen,-15.28125,2,2token,not_valid_noun
spatulas,art Complete,-15.28125,2,2token,not_valid_noun
spatulas,__ The,-15.28125,2,2token,not_valid_noun
spatulas,__ blank,-15.28125,2,2token,not_valid_noun
spatulas,cooks _______,-15.3125,2,2token,not_valid_noun
spatulas,p an,-15.3125,2,2token,not_valid_noun
spatulas,culinary _____,-15.3125,2,2token,not_valid_noun
spatulas,could,-15.3125,1,single_token,not_valid_noun
spatulas,Le,-15.3125,1,single_token,not_valid_noun
spatulas,KITCHEN ACCESS,-15.3125,2,2token,incomplete_phrase
spatulas,KITCHEN ...,-15.3125,2,2token,not_valid_noun
spatulas,KITCHEN U,-15.3125,2,2token,not_valid_noun
spatulas,long .,-15.3125,2,2token,not_valid_noun
spatulas,wood that,-15.3125,2,2token,incomplete_phrase
spatulas,nutritious,-15.3125,1,single_token,not_valid_noun
spatulas,wast,-15.3125,1,single_token,not_valid_noun
spatulas,_. There,-15.3125,2,2token,not_valid_noun
spatulas,_. Do,-15.3125,2,2token,not_valid_noun
spatulas,_. We,-15.3125,2,2token,not_valid_noun
spatulas,weeding,-15.3125,1,single_token,not_valid_noun
spatulas,hostess,-15.3125,1,single_token,incomplete_phrase
spatulas,[/,-15.3125,1,single_token,not_valid_noun
spatulas,_. __,-15.3125,2,2token,not_valid_noun
spatulas,_. Please,-15.3125,2,2token,not_valid_noun
spatulas,culinary ingredient,-15.3125,2,2token,not_valid_noun
spatulas,culinary app,-15.3125,2,2token,incomplete_phrase
spatulas,long _____,-15.3125,2,2token,not_valid_noun
spatulas,long hand,-15.3125,2,2token,incomplete_phrase
spatulas,_. This,-15.3125,2,2token,not_valid_noun
spatulas,work ________,-15.3125,2,2token,not_valid_noun
spatulas,unw,-15.3125,1,single_token,not_valid_noun
spatulas,xxx,-15.3125,1,single_token,not_valid_noun
spatulas,${\,-15.3125,1,single_token,not_valid_noun
spatulas,testing,-15.3125,1,single_token,incomplete_phrase
spatulas,symbols,-15.3125,1,single_token,not_valid_noun
spatulas,ab,-15.3125,1,single_token,not_valid_noun
spatulas,long _______,-15.3125,2,2token,not_valid_noun
spatulas,long ______,-15.3125,2,2token,not_valid_noun
spatulas,Internet,-15.3125,1,single_token,not_valid_noun
spatulas,visual,-15.3125,1,single_token,not_valid_noun
spatulas,onto,-15.3125,1,single_token,not_valid_noun
spatulas,apart,-15.3125,1,single_token,not_valid_noun
spatulas,SS,-15.3125,1,single_token,not_valid_noun
spatulas,describe,-15.3125,1,single_token,not_valid_noun
spatulas,bent,-15.3125,1,single_token,incomplete_phrase
spatulas,manip,-15.3125,1,single_token,not_valid_noun
spatulas,clever,-15.3125,1,single_token,not_valid_noun
spatulas,ca,-15.3125,1,single_token,not_valid_noun
spatulas,Par,-15.3125,1,single_token,incomplete_phrase
spatulas,public,-15.3125,1,single_token,incomplete_phrase
spatulas,sing,-15.3125,1,single_token,not_valid_noun
spatulas,turn,-15.3125,1,single_token,incomplete_phrase
spatulas,whe,-15.3125,1,single_token,incomplete_phrase
spatulas,lt,-15.3125,1,single_token,not_valid_noun
spatulas,ves,-15.3125,1,single_token,not_valid_noun
spatulas,restaurant cooking,-15.3125,2,2token,incomplete_phrase
spatulas,pit,-15.3125,1,single_token,incomplete_phrase
spatulas,rooms,-15.3125,1,single_token,not_valid_noun
spatulas,amer,-15.3125,1,single_token,not_valid_noun
spatulas,…… Make,-15.3125,2,2token,not_valid_noun
spatulas,chairs,-15.3125,1,single_token,not_valid_noun
spatulas,And,-15.3125,1,single_token,not_valid_noun
spatulas,catch,-15.3125,1,single_token,incomplete_phrase
spatulas,effective,-15.3125,1,single_token,not_valid_noun
spatulas,Let,-15.3125,1,single_token,incomplete_phrase
spatulas,told,-15.3125,1,single_token,not_valid_noun
spatulas,sam,-15.3125,1,single_token,incomplete_phrase
spatulas,activities,-15.3125,1,single_token,not_valid_noun
spatulas,ped,-15.3125,1,single_token,incomplete_phrase
spatulas,states,-15.3125,1,single_token,not_valid_noun
spatulas,…… Select,-15.3125,2,2token,not_valid_noun
spatulas,iron that,-15.3125,2,2token,incomplete_phrase
spatulas,…… tool,-15.3125,2,2token,not_valid_noun
spatulas,......... Read,-15.3125,2,2token,not_valid_noun
spatulas,TYPE,-15.3125,1,single_token,incomplete_phrase
spatulas,Dutch,-15.3125,1,single_token,incomplete_phrase
spatulas,chocolates,-15.3125,1,single_token,not_valid_noun
spatulas,blade or,-15.3125,2,2token,not_valid_noun
spatulas,pastry ____________,-15.34375,2,2token,not_valid_noun
spatulas,cake baker,-15.34375,2,2token,incomplete_phrase
spatulas,kitchens and,-15.34375,2,2token,incomplete_phrase
spatulas,kitchens are,-15.34375,2,2token,incomplete_phrase
spatulas,kitchens cooking,-15.34375,2,2token,incomplete_phrase
spatulas,kitchens _.,-15.34375,2,2token,not_valid_noun
spatulas,pastry __,-15.34375,2,2token,not_valid_noun
spatulas,helper that,-15.34375,2,2token,incomplete_phrase
spatulas,home,-15.34375,2,2token,incomplete_phrase
spatulas,home ________,-15.34375,2,2token,not_valid_noun
spatulas,item found,-15.34375,2,2token,incomplete_phrase
spatulas,item which,-15.34375,2,2token,incomplete_phrase
spatulas,item needed,-15.34375,2,2token,incomplete_phrase
spatulas,vegetable shred,-15.34375,2,2token,incomplete_phrase
spatulas,item we,-15.34375,2,2token,not_valid_noun
spatulas,common Kitchen,-15.34375,2,2token,incomplete_phrase
spatulas,________ Tool,-15.34375,2,2token,not_valid_noun
spatulas,________ soup,-15.34375,2,2token,not_valid_noun
spatulas,I the,-15.34375,2,2token,not_valid_noun
spatulas,I A,-15.34375,2,2token,not_valid_noun
spatulas,I is,-15.34375,2,2token,not_valid_noun
spatulas,I The,-15.34375,2,2token,not_valid_noun
spatulas,which contains,-15.34375,2,2token,not_valid_noun
spatulas,which metal,-15.34375,2,2token,not_valid_noun
spatulas,which item,-15.34375,2,2token,not_valid_noun
spatulas,furniture (,-15.34375,2,2token,not_valid_noun
spatulas,I work,-15.34375,2,2token,not_valid_noun
spatulas,o kitchen,-15.34375,2,2token,not_valid_noun
spatulas,plastic (,-15.34375,2,2token,not_valid_noun
spatulas,what ....,-15.34375,2,2token,not_valid_noun
spatulas,what a,-15.34375,2,2token,not_valid_noun
spatulas,to buy,-15.34375,2,2token,not_valid_noun
spatulas,to work,-15.34375,2,2token,not_valid_noun
spatulas,I o,-15.34375,2,2token,not_valid_noun
spatulas,________ Select,-15.34375,2,2token,not_valid_noun
spatulas,I t,-15.34375,2,2token,not_valid_noun
spatulas,----- Fill,-15.34375,2,2token,not_valid_noun
spatulas,________ Make,-15.34375,2,2token,not_valid_noun
spatulas,which part,-15.34375,2,2token,not_valid_noun
spatulas,________ Correct,-15.34375,2,2token,not_valid_noun
spatulas,I i,-15.34375,2,2token,not_valid_noun
spatulas,which the,-15.34375,2,2token,not_valid_noun
spatulas,serving _____,-15.34375,2,2token,not_valid_noun
spatulas,serving _______,-15.34375,2,2token,not_valid_noun
spatulas,serving kitchen,-15.34375,2,2token,incomplete_phrase
spatulas,soup Spo,-15.34375,2,2token,incomplete_phrase
spatulas,this :,-15.34375,2,2token,not_valid_noun
spatulas,________ ___________,-15.34375,2,2token,not_valid_noun
spatulas,________ are,-15.34375,2,2token,not_valid_noun
spatulas,________ _,-15.34375,2,2token,not_valid_noun
spatulas,silverware ______,-15.34375,2,2token,not_valid_noun
spatulas,________ is,-15.34375,2,2token,not_valid_noun
spatulas,what word,-15.34375,2,2token,not_valid_noun
spatulas,pots or,-15.34375,2,2token,not_valid_noun
spatulas,pots,-15.34375,2,2token,not_valid_noun
spatulas,object Read,-15.34375,2,2token,not_valid_noun
spatulas,object -,-15.34375,2,2token,not_valid_noun
spatulas,device made,-15.34375,2,2token,incomplete_phrase
spatulas,________ [,-15.34375,2,2token,not_valid_noun
spatulas,useful,-15.375,2,2token,not_valid_noun
spatulas,dishes or,-15.375,2,2token,not_valid_noun
spatulas,dishes for,-15.375,2,2token,incomplete_phrase
spatulas,...... equipment,-15.375,2,2token,not_valid_noun
spatulas,useful metal,-15.375,2,2token,incomplete_phrase
spatulas,CI,-15.375,1,single_token,not_valid_noun
spatulas,Examples,-15.375,1,single_token,not_valid_noun
spatulas,tok,-15.375,1,single_token,not_valid_noun
spatulas,plate and,-15.375,2,2token,incomplete_phrase
spatulas,harvest,-15.375,1,single_token,incomplete_phrase
spatulas,cafe,-15.375,1,single_token,not_valid_noun
spatulas,Dal,-15.375,1,single_token,incomplete_phrase
spatulas,Cr,-15.375,1,single_token,not_valid_noun
spatulas,favourite,-15.375,1,single_token,not_valid_noun
spatulas,ers,-15.375,1,single_token,incomplete_phrase
spatulas,Outils,-15.375,1,single_token,not_valid_noun
spatulas,arg,-15.375,1,single_token,not_valid_noun
spatulas,sw,-15.375,1,single_token,not_valid_noun
spatulas,exist,-15.375,1,single_token,not_valid_noun
spatulas,body,-15.375,1,single_token,incomplete_phrase
spatulas,That,-15.375,1,single_token,not_valid_noun
spatulas,cross,-15.375,1,single_token,incomplete_phrase
spatulas,beautiful,-15.375,1,single_token,not_valid_noun
spatulas,mode,-15.375,1,single_token,incomplete_phrase
spatulas,invest,-15.375,1,single_token,not_valid_noun
spatulas,After,-15.375,1,single_token,not_valid_noun
spatulas,sor,-15.375,1,single_token,not_valid_noun
spatulas,………… The,-15.375,2,2token,not_valid_noun
spatulas,doing,-15.375,1,single_token,not_valid_noun
spatulas,Latin,-15.375,1,single_token,incomplete_phrase
spatulas,………… A,-15.375,2,2token,not_valid_noun
spatulas,ess,-15.375,1,single_token,incomplete_phrase
spatulas,….. fruit,-15.375,2,2token,not_valid_noun
spatulas,(_,-15.375,1,single_token,not_valid_noun
spatulas,frequently,-15.375,1,single_token,not_valid_noun
spatulas,civil,-15.375,1,single_token,not_valid_noun
spatulas,marked,-15.375,1,single_token,not_valid_noun
spatulas,meant,-15.375,1,single_token,not_valid_noun
spatulas,ta,-15.375,1,single_token,not_valid_noun
spatulas,Her,-15.375,1,single_token,not_valid_noun
spatulas,utilitarian,-15.375,1,single_token,incomplete_phrase
spatulas,….. Use,-15.375,2,2token,not_valid_noun
spatulas,….. complete,-15.375,2,2token,not_valid_noun
spatulas,would,-15.375,1,single_token,not_valid_noun
spatulas,erg,-15.375,1,single_token,incomplete_phrase
spatulas,recip,-15.375,1,single_token,not_valid_noun
spatulas,health,-15.375,1,single_token,incomplete_phrase
spatulas,house and,-15.375,2,2token,incomplete_phrase
spatulas,A _______,-15.375,2,2token,not_valid_noun
spatulas,collective,-15.375,1,single_token,incomplete_phrase
spatulas,PR,-15.375,1,single_token,not_valid_noun
spatulas,diagnostic,-15.375,1,single_token,not_valid_noun
spatulas,ready,-15.375,1,single_token,not_valid_noun
spatulas,typ,-15.375,1,single_token,not_valid_noun
spatulas,...... of,-15.375,2,2token,not_valid_noun
spatulas,fasten,-15.375,1,single_token,not_valid_noun
spatulas,lans,-15.375,1,single_token,not_valid_noun
spatulas,fe,-15.375,1,single_token,not_valid_noun
spatulas,#####,-15.375,1,single_token,not_valid_noun
spatulas,multifunctional,-15.375,1,single_token,not_valid_noun
spatulas,heated,-15.375,1,single_token,not_valid_noun
spatulas,Inuit,-15.375,1,single_token,not_valid_noun
spatulas,ings,-15.375,1,single_token,not_valid_noun
spatulas,used mostly,-15.375,2,2token,not_valid_noun
spatulas,NOT,-15.375,1,single_token,not_valid_noun
spatulas,fix,-15.375,1,single_token,incomplete_phrase
spatulas,organizing,-15.375,1,single_token,not_valid_noun
spatulas,dividing,-15.375,1,single_token,not_valid_noun
spatulas,/ one,-15.375,2,2token,not_valid_noun
spatulas,sais,-15.375,1,single_token,not_valid_noun
spatulas,nutritional,-15.375,1,single_token,not_valid_noun
spatulas,/ ...,-15.375,2,2token,not_valid_noun
spatulas,/ use,-15.375,2,2token,not_valid_noun
spatulas,ir,-15.375,1,single_token,not_valid_noun
spatulas,shape for,-15.375,2,2token,not_valid_noun
spatulas,mus,-15.375,1,single_token,incomplete_phrase
spatulas,top,-15.375,1,single_token,not_valid_noun
spatulas,cannot,-15.375,1,single_token,not_valid_noun
spatulas,since,-15.375,1,single_token,not_valid_noun
spatulas,ted,-15.375,1,single_token,not_valid_noun
spatulas,type utens,-15.375,2,2token,incomplete_phrase
spatulas,convi,-15.375,1,single_token,not_valid_noun
spatulas,pot with,-15.375,2,2token,incomplete_phrase
spatulas,utility ______,-15.375,2,2token,not_valid_noun
spatulas,pang,-15.375,1,single_token,incomplete_phrase
spatulas,cil,-15.375,1,single_token,not_valid_noun
spatulas,used mainly,-15.375,2,2token,not_valid_noun
spatulas,questi,-15.375,1,single_token,not_valid_noun
spatulas,›,-15.375,1,single_token,not_valid_noun
spatulas,peeled,-15.375,1,single_token,not_valid_noun
spatulas,uniforms,-15.375,1,single_token,not_valid_noun
spatulas,spic,-15.375,1,single_token,not_valid_noun
spatulas,"$,",-15.375,1,single_token,not_valid_noun
spatulas,prada,-15.375,1,single_token,not_valid_noun
spatulas,ð,-15.375,1,single_token,not_valid_noun
spatulas,traffic,-15.375,1,single_token,incomplete_phrase
spatulas,cookie and,-15.375,2,2token,incomplete_phrase
spatulas,Kuhn,-15.375,1,single_token,not_valid_noun
spatulas,посу,-15.375,1,single_token,not_valid_noun
spatulas,ESL,-15.375,1,single_token,not_valid_noun
spatulas,rame,-15.375,1,single_token,incomplete_phrase
spatulas,,-15.375,1,single_token,not_valid_noun
spatulas,ofthe,-15.375,1,single_token,incomplete_phrase
spatulas,hungry,-15.375,1,single_token,not_valid_noun
spatulas,Different,-15.375,1,single_token,not_valid_noun
spatulas,sandwich fillings,-15.375,2,2token,not_valid_noun
spatulas,POS,-15.375,1,single_token,not_valid_noun
spatulas,describing,-15.375,1,single_token,not_valid_noun
spatulas,collecting,-15.375,1,single_token,incomplete_phrase
spatulas,sandwich ingredients,-15.375,2,2token,not_valid_noun
spatulas,Great,-15.375,1,single_token,incomplete_phrase
spatulas,even,-15.375,1,single_token,incomplete_phrase
spatulas,ser,-15.375,1,single_token,incomplete_phrase
spatulas,p pe,-15.375,2,2token,not_valid_noun
spatulas,z,-15.375,1,single_token,not_valid_noun
spatulas,des,-15.375,1,single_token,not_valid_noun
spatulas,,-15.375,1,single_token,not_valid_noun
spatulas,,-15.375,1,single_token,not_valid_noun
spatulas,pot -,-15.375,2,2token,not_valid_noun
spatulas,A word,-15.375,2,2token,not_valid_noun
spatulas,A (,-15.375,2,2token,not_valid_noun
spatulas,container or,-15.375,2,2token,not_valid_noun
spatulas,rare,-15.375,1,single_token,not_valid_noun
spatulas,neces,-15.375,1,single_token,not_valid_noun
spatulas,computing,-15.375,1,single_token,incomplete_phrase
spatulas,stab,-15.375,1,single_token,incomplete_phrase
spatulas,join,-15.375,1,single_token,incomplete_phrase
spatulas,replace,-15.375,1,single_token,not_valid_noun
spatulas,prevent,-15.375,1,single_token,not_valid_noun
spatulas,ku,-15.375,1,single_token,not_valid_noun
spatulas,tasty,-15.375,1,single_token,not_valid_noun
spatulas,pot ....,-15.375,2,2token,not_valid_noun
spatulas,dorm,-15.375,1,single_token,incomplete_phrase
spatulas,On,-15.375,1,single_token,not_valid_noun
spatulas,Col,-15.375,1,single_token,incomplete_phrase
spatulas,Nou,-15.375,1,single_token,incomplete_phrase
spatulas,General,-15.375,1,single_token,incomplete_phrase
spatulas,Les,-15.375,1,single_token,incomplete_phrase
spatulas,Cooking Ingredient,-15.375,2,2token,not_valid_noun
spatulas,menus,-15.375,1,single_token,not_valid_noun
spatulas,oc,-15.375,1,single_token,not_valid_noun
spatulas,........ I,-15.375,2,2token,not_valid_noun
spatulas,........ Read,-15.375,2,2token,not_valid_noun
spatulas,.............. Write,-15.40625,2,2token,not_valid_noun
spatulas,an accessory,-15.40625,2,2token,not_valid_noun
spatulas,.............. complete,-15.40625,2,2token,not_valid_noun
spatulas,an article,-15.40625,2,2token,not_valid_noun
spatulas,an apple,-15.40625,2,2token,not_valid_noun
spatulas,frying ...,-15.40625,2,2token,not_valid_noun
spatulas,can you,-15.40625,2,2token,incomplete_phrase
spatulas,an art,-15.40625,2,2token,not_valid_noun
spatulas,____ Tool,-15.40625,2,2token,not_valid_noun
spatulas,- the,-15.40625,2,2token,not_valid_noun
spatulas,egg _______,-15.40625,2,2token,not_valid_noun
spatulas,egg cook,-15.40625,2,2token,incomplete_phrase
spatulas,s (,-15.40625,2,2token,not_valid_noun
spatulas,__ Select,-15.40625,2,2token,not_valid_noun
spatulas,__ for,-15.40625,2,2token,not_valid_noun
spatulas,instruments or,-15.40625,2,2token,not_valid_noun
spatulas,tableware ____,-15.40625,2,2token,not_valid_noun
spatulas,to which,-15.40625,2,2token,not_valid_noun
spatulas,to and,-15.40625,2,2token,not_valid_noun
spatulas,____ with,-15.40625,2,2token,not_valid_noun
spatulas,- What,-15.40625,2,2token,not_valid_noun
spatulas,musical instr,-15.40625,2,2token,incomplete_phrase
spatulas,eat the,-15.40625,2,2token,incomplete_phrase
spatulas,....... and,-15.40625,2,2token,not_valid_noun
spatulas,....... of,-15.40625,2,2token,not_valid_noun
spatulas,appliance /,-15.40625,2,2token,not_valid_noun
spatulas,The main,-15.40625,2,2token,not_valid_noun
spatulas,- __,-15.40625,2,2token,not_valid_noun
spatulas,- ...,-15.40625,2,2token,not_valid_noun
spatulas,chef,-15.40625,2,2token,incomplete_phrase
spatulas,The statement,-15.40625,2,2token,not_valid_noun
spatulas,The term,-15.40625,2,2token,not_valid_noun
spatulas,The given,-15.40625,2,2token,not_valid_noun
spatulas,- kitchen,-15.40625,2,2token,not_valid_noun
spatulas,equipment ________,-15.40625,2,2token,not_valid_noun
spatulas,for example,-15.40625,2,2token,not_valid_noun
spatulas,equipment Answer,-15.40625,2,2token,not_valid_noun
spatulas,____ instrument,-15.40625,2,2token,not_valid_noun
spatulas,sharp sharp,-15.40625,2,2token,incomplete_phrase
spatulas,sharp Kitchen,-15.40625,2,2token,incomplete_phrase
spatulas,brush _______,-15.40625,2,2token,not_valid_noun
spatulas,.............. food,-15.40625,2,2token,not_valid_noun
spatulas,knives ________,-15.40625,2,2token,not_valid_noun
spatulas,spatula _____,-15.40625,2,2token,not_valid_noun
spatulas,o ...,-15.40625,2,2token,not_valid_noun
spatulas,measure (,-15.40625,2,2token,not_valid_noun
spatulas,equipment Use,-15.40625,2,2token,incomplete_phrase
spatulas,equipment found,-15.40625,2,2token,incomplete_phrase
spatulas,measure used,-15.40625,2,2token,incomplete_phrase
spatulas,____ Make,-15.40625,2,2token,not_valid_noun
spatulas,____ used,-15.40625,2,2token,not_valid_noun
spatulas,____ ?,-15.40625,2,2token,not_valid_noun
spatulas,tableware Set,-15.40625,2,2token,incomplete_phrase
spatulas,"....... ,",-15.40625,2,2token,not_valid_noun
spatulas,packing,-15.4375,1,single_token,not_valid_noun
spatulas,offensive,-15.4375,1,single_token,incomplete_phrase
spatulas,oval,-15.4375,1,single_token,incomplete_phrase
spatulas,dusting,-15.4375,1,single_token,not_valid_noun
spatulas,‐,-15.4375,1,single_token,not_valid_noun
spatulas,blade (,-15.4375,2,2token,not_valid_noun
spatulas,......... fruit,-15.4375,2,2token,not_valid_noun
spatulas,restaurant,-15.4375,2,2token,incomplete_phrase
spatulas,medi,-15.4375,1,single_token,not_valid_noun
spatulas,Plat,-15.4375,1,single_token,incomplete_phrase
spatulas,PH,-15.4375,1,single_token,not_valid_noun
spatulas,YOU,-15.4375,1,single_token,not_valid_noun
spatulas,Microsoft,-15.4375,1,single_token,incomplete_phrase
spatulas,bath,-15.4375,1,single_token,incomplete_phrase
spatulas,exca,-15.4375,1,single_token,not_valid_noun
spatulas,{',-15.4375,1,single_token,not_valid_noun
spatulas,Sel,-15.4375,1,single_token,not_valid_noun
spatulas,restaurant serving,-15.4375,2,2token,incomplete_phrase
spatulas,categor,-15.4375,1,single_token,not_valid_noun
spatulas,Ve,-15.4375,1,single_token,not_valid_noun
spatulas,slow,-15.4375,1,single_token,not_valid_noun
spatulas,${,-15.4375,1,single_token,not_valid_noun
spatulas,ARE,-15.4375,1,single_token,not_valid_noun
spatulas,[ tool,-15.4375,2,2token,not_valid_noun
spatulas,piece ...,-15.4375,2,2token,not_valid_noun
spatulas,boxes,-15.4375,1,single_token,not_valid_noun
spatulas,[[,-15.4375,1,single_token,not_valid_noun
spatulas,Geb,-15.4375,1,single_token,not_valid_noun
spatulas,pc,-15.4375,1,single_token,not_valid_noun
spatulas,’,-15.4375,1,single_token,not_valid_noun
spatulas,......... Select,-15.4375,2,2token,not_valid_noun
spatulas,emoji,-15.4375,1,single_token,not_valid_noun
spatulas,cus,-15.4375,1,single_token,not_valid_noun
spatulas,percussion,-15.4375,1,single_token,incomplete_phrase
spatulas,saniti,-15.4375,1,single_token,not_valid_noun
spatulas,culinary __,-15.4375,2,2token,not_valid_noun
spatulas,SCIENCE,-15.4375,1,single_token,incomplete_phrase
spatulas,spi,-15.4375,1,single_token,not_valid_noun
spatulas,ou,-15.4375,1,single_token,not_valid_noun
spatulas,wind,-15.4375,1,single_token,incomplete_phrase
spatulas,MS,-15.4375,1,single_token,not_valid_noun
spatulas,ul,-15.4375,1,single_token,not_valid_noun
spatulas,nar,-15.4375,1,single_token,incomplete_phrase
spatulas,extra,-15.4375,1,single_token,incomplete_phrase
spatulas,related,-15.4375,1,single_token,not_valid_noun
spatulas,standard,-15.4375,1,single_token,incomplete_phrase
spatulas,step,-15.4375,1,single_token,incomplete_phrase
spatulas,Answer,-15.4375,1,single_token,not_valid_noun
spatulas,lif,-15.4375,1,single_token,incomplete_phrase
spatulas,going,-15.4375,1,single_token,incomplete_phrase
spatulas,une,-15.4375,1,single_token,not_valid_noun
spatulas,educational,-15.4375,1,single_token,not_valid_noun
spatulas,organic,-15.4375,1,single_token,incomplete_phrase
spatulas,vege,-15.4375,1,single_token,not_valid_noun
spatulas,ancient,-15.4375,1,single_token,incomplete_phrase
spatulas,fom,-15.4375,1,single_token,not_valid_noun
spatulas,bes,-15.4375,1,single_token,incomplete_phrase
spatulas,direct,-15.4375,1,single_token,not_valid_noun
spatulas,mer,-15.4375,1,single_token,incomplete_phrase
spatulas,pers,-15.4375,1,single_token,not_valid_noun
spatulas,fre,-15.4375,1,single_token,not_valid_noun
spatulas,thread,-15.4375,1,single_token,not_valid_noun
spatulas,Ger,-15.4375,1,single_token,incomplete_phrase
spatulas,FS,-15.4375,1,single_token,not_valid_noun
spatulas,recreational,-15.4375,1,single_token,not_valid_noun
spatulas,DIN,-15.4375,1,single_token,incomplete_phrase
spatulas,modelling,-15.4375,1,single_token,not_valid_noun
spatulas,MEAS,-15.4375,1,single_token,not_valid_noun
spatulas,Measurements,-15.4375,1,single_token,not_valid_noun
spatulas,_. the,-15.4375,2,2token,not_valid_noun
spatulas,$/$,-15.4375,1,single_token,not_valid_noun
spatulas,seasonal,-15.4375,1,single_token,incomplete_phrase
spatulas,Edible,-15.4375,1,single_token,incomplete_phrase
spatulas,openers,-15.4375,1,single_token,not_valid_noun
spatulas,then,-15.4375,1,single_token,not_valid_noun
spatulas,gi,-15.4375,1,single_token,not_valid_noun
spatulas,primitive,-15.4375,1,single_token,incomplete_phrase
spatulas,medieval,-15.4375,1,single_token,not_valid_noun
spatulas,Ung,-15.4375,1,single_token,not_valid_noun
spatulas,cop,-15.4375,1,single_token,incomplete_phrase
spatulas,sales,-15.4375,1,single_token,not_valid_noun
spatulas,dit,-15.4375,1,single_token,incomplete_phrase
spatulas,{\,-15.4375,1,single_token,not_valid_noun
spatulas,appa,-15.4375,1,single_token,not_valid_noun
spatulas,chal,-15.4375,1,single_token,incomplete_phrase
spatulas,Mistake,-15.4375,1,single_token,incomplete_phrase
spatulas,servants,-15.4375,1,single_token,not_valid_noun
spatulas,mise,-15.4375,1,single_token,incomplete_phrase
spatulas,scratch,-15.4375,1,single_token,incomplete_phrase
spatulas,logical,-15.4375,1,single_token,not_valid_noun
spatulas,socc,-15.4375,1,single_token,not_valid_noun
spatulas,spare,-15.4375,1,single_token,incomplete_phrase
spatulas,polishing,-15.4375,1,single_token,incomplete_phrase
spatulas,taco,-15.4375,1,single_token,not_valid_noun
spatulas,catching,-15.4375,1,single_token,incomplete_phrase
spatulas,Dining,-15.4375,1,single_token,incomplete_phrase
spatulas,usable,-15.4375,1,single_token,not_valid_noun
spatulas,examine,-15.4375,1,single_token,not_valid_noun
spatulas,Aw,-15.4375,1,single_token,not_valid_noun
spatulas,clubs,-15.4375,1,single_token,not_valid_noun
spatulas,cont,-15.4375,1,single_token,not_valid_noun
spatulas,&,-15.4375,1,single_token,not_valid_noun
spatulas,W,-15.4375,1,single_token,not_valid_noun
spatulas,ob,-15.4375,1,single_token,not_valid_noun
spatulas,los,-15.4375,1,single_token,not_valid_noun
spatulas,fri,-15.4375,1,single_token,not_valid_noun
spatulas,bo,-15.4375,1,single_token,not_valid_noun
spatulas,pur,-15.4375,1,single_token,incomplete_phrase
spatulas,ux,-15.4375,1,single_token,not_valid_noun
spatulas,👀,-15.4375,1,single_token,not_valid_noun
spatulas,´,-15.4375,1,single_token,not_valid_noun
spatulas,stabbing,-15.4375,1,single_token,not_valid_noun
spatulas,''.,-15.4375,1,single_token,not_valid_noun
spatulas,munch,-15.4375,1,single_token,incomplete_phrase
spatulas,tooling,-15.4375,1,single_token,not_valid_noun
spatulas,.,-15.4375,1,single_token,not_valid_noun
spatulas,$-,-15.4375,1,single_token,not_valid_noun
spatulas,iron kitchen,-15.4375,2,2token,incomplete_phrase
spatulas,numbers,-15.4375,1,single_token,not_valid_noun
spatulas,…… How,-15.4375,2,2token,not_valid_noun
spatulas,…… tools,-15.4375,2,2token,not_valid_noun
spatulas,…… Insert,-15.4375,2,2token,not_valid_noun
spatulas,…… ….,-15.4375,2,2token,not_valid_noun
spatulas,…… utens,-15.4375,2,2token,not_valid_noun
spatulas,…… ……,-15.4375,2,2token,not_valid_noun
spatulas,material in,-15.4375,2,2token,not_valid_noun
spatulas,things which,-15.4375,2,2token,incomplete_phrase
spatulas,vegetable Correct,-15.46875,2,2token,not_valid_noun
spatulas,spoons Fill,-15.46875,2,2token,not_valid_noun
spatulas,vegetable __,-15.46875,2,2token,not_valid_noun
spatulas,silverware to,-15.46875,2,2token,not_valid_noun
spatulas,appliances to,-15.46875,2,2token,not_valid_noun
spatulas,object called,-15.46875,2,2token,incomplete_phrase
spatulas,object ______,-15.46875,2,2token,not_valid_noun
spatulas,p What,-15.46875,2,2token,not_valid_noun
spatulas,soup t,-15.46875,2,2token,not_valid_noun
spatulas,what they,-15.46875,2,2token,not_valid_noun
spatulas,what equipment,-15.46875,2,2token,not_valid_noun
spatulas,I hope,-15.46875,2,2token,not_valid_noun
spatulas,I of,-15.46875,2,2token,not_valid_noun
spatulas,what for,-15.46875,2,2token,not_valid_noun
spatulas,I utens,-15.46875,2,2token,not_valid_noun
spatulas,scissors complete,-15.46875,2,2token,not_valid_noun
spatulas,device of,-15.46875,2,2token,not_valid_noun
spatulas,........... Match,-15.46875,2,2token,not_valid_noun
spatulas,implements [,-15.46875,2,2token,not_valid_noun
spatulas,cake _____,-15.46875,2,2token,not_valid_noun
spatulas,s cooking,-15.46875,2,2token,not_valid_noun
spatulas,this and,-15.46875,2,2token,incomplete_phrase
spatulas,s kin,-15.46875,2,2token,not_valid_noun
spatulas,.. I,-15.46875,2,2token,not_valid_noun
spatulas,this ______,-15.46875,2,2token,not_valid_noun
spatulas,( tools,-15.46875,2,2token,not_valid_noun
spatulas,spoons which,-15.46875,2,2token,incomplete_phrase
spatulas,( what,-15.46875,2,2token,not_valid_noun
spatulas,.. Match,-15.46875,2,2token,not_valid_noun
spatulas,.. Write,-15.46875,2,2token,not_valid_noun
spatulas,( I,-15.46875,2,2token,not_valid_noun
spatulas,pastry cook,-15.46875,2,2token,incomplete_phrase
spatulas,spoons a,-15.46875,2,2token,not_valid_noun
spatulas,thing called,-15.46875,2,2token,incomplete_phrase
spatulas,forks (,-15.46875,2,2token,not_valid_noun
spatulas,pans or,-15.46875,2,2token,not_valid_noun
spatulas,----- tools,-15.46875,2,2token,not_valid_noun
spatulas,----- food,-15.46875,2,2token,not_valid_noun
spatulas,can,-15.46875,2,2token,incomplete_phrase
spatulas,which ones,-15.46875,2,2token,not_valid_noun
spatulas,which .,-15.46875,2,2token,not_valid_noun
spatulas,fruits,-15.46875,2,2token,not_valid_noun
spatulas,.. Answer,-15.46875,2,2token,not_valid_noun
spatulas,s knife,-15.46875,2,2token,not_valid_noun
spatulas,to bake,-15.46875,2,2token,not_valid_noun
spatulas,ee,-15.5,1,single_token,not_valid_noun
spatulas,renewable,-15.5,1,single_token,not_valid_noun
spatulas,large frying,-15.5,2,2token,incomplete_phrase
spatulas,/ have,-15.5,2,2token,not_valid_noun
spatulas,♥,-15.5,1,single_token,not_valid_noun
spatulas,shape (,-15.5,2,2token,not_valid_noun
spatulas,/ or,-15.5,2,2token,not_valid_noun
spatulas,Oven,-15.5,1,single_token,incomplete_phrase
spatulas,forged,-15.5,1,single_token,not_valid_noun
spatulas,ﬁ,-15.5,1,single_token,not_valid_noun
spatulas,_),-15.5,1,single_token,not_valid_noun
spatulas,dishes utensils,-15.5,2,2token,not_valid_noun
spatulas,accomod,-15.5,1,single_token,not_valid_noun
spatulas,accessor,-15.5,1,single_token,not_valid_noun
spatulas,manage,-15.5,1,single_token,not_valid_noun
spatulas,Spring,-15.5,1,single_token,incomplete_phrase
spatulas,listen,-15.5,1,single_token,not_valid_noun
spatulas,A and,-15.5,2,2token,not_valid_noun
spatulas,Cooking ingredient,-15.5,2,2token,not_valid_noun
spatulas,/ colour,-15.5,2,2token,not_valid_noun
spatulas,/ category,-15.5,2,2token,not_valid_noun
spatulas,A _____,-15.5,2,2token,not_valid_noun
spatulas,seas,-15.5,1,single_token,incomplete_phrase
spatulas,hr,-15.5,1,single_token,not_valid_noun
spatulas,sour,-15.5,1,single_token,incomplete_phrase
spatulas,pres,-15.5,1,single_token,not_valid_noun
spatulas,cookie ______,-15.5,2,2token,not_valid_noun
spatulas,cookie making,-15.5,2,2token,incomplete_phrase
spatulas,fresh,-15.5,1,single_token,not_valid_noun
spatulas,Cons,-15.5,1,single_token,incomplete_phrase
spatulas,skim,-15.5,1,single_token,incomplete_phrase
spatulas,vehic,-15.5,1,single_token,not_valid_noun
spatulas,☆,-15.5,1,single_token,not_valid_noun
spatulas,sure,-15.5,1,single_token,not_valid_noun
spatulas,local,-15.5,1,single_token,incomplete_phrase
spatulas,ret,-15.5,1,single_token,incomplete_phrase
spatulas,ro,-15.5,1,single_token,not_valid_noun
spatulas,opp,-15.5,1,single_token,not_valid_noun
spatulas,described,-15.5,1,single_token,not_valid_noun
spatulas,...... and,-15.5,2,2token,not_valid_noun
spatulas,Pen,-15.5,1,single_token,not_valid_noun
spatulas,busy,-15.5,1,single_token,not_valid_noun
spatulas,grown,-15.5,1,single_token,not_valid_noun
spatulas,abc,-15.5,1,single_token,not_valid_noun
spatulas,toy for,-15.5,2,2token,incomplete_phrase
spatulas,plas,-15.5,1,single_token,not_valid_noun
spatulas,restaur,-15.5,1,single_token,incomplete_phrase
spatulas,A verb,-15.5,2,2token,not_valid_noun
spatulas,cookie -,-15.5,2,2token,not_valid_noun
spatulas,Cooking ______,-15.5,2,2token,not_valid_noun
spatulas,A ____,-15.5,2,2token,not_valid_noun
spatulas,/ something,-15.5,2,2token,not_valid_noun
spatulas,...... _,-15.5,2,2token,not_valid_noun
spatulas,...... _______,-15.5,2,2token,not_valid_noun
spatulas,...... ____,-15.5,2,2token,not_valid_noun
spatulas,H,-15.5,1,single_token,not_valid_noun
spatulas,Nutri,-15.5,1,single_token,not_valid_noun
spatulas,...... We,-15.5,2,2token,not_valid_noun
spatulas,resting,-15.5,1,single_token,not_valid_noun
spatulas,"(""",-15.5,1,single_token,not_valid_noun
spatulas,/ pair,-15.5,2,2token,not_valid_noun
spatulas,paints,-15.5,1,single_token,not_valid_noun
spatulas,chocolat,-15.5,1,single_token,not_valid_noun
spatulas,falt,-15.5,1,single_token,not_valid_noun
spatulas,….. ?,-15.5,2,2token,not_valid_noun
spatulas,teen,-15.5,1,single_token,incomplete_phrase
spatulas,gym,-15.5,1,single_token,incomplete_phrase
spatulas,utility ____,-15.5,2,2token,not_valid_noun
spatulas,plate (,-15.5,2,2token,not_valid_noun
spatulas,plate or,-15.5,2,2token,not_valid_noun
spatulas,dishes in,-15.5,2,2token,not_valid_noun
spatulas,est,-15.5,1,single_token,not_valid_noun
spatulas,anti,-15.5,1,single_token,incomplete_phrase
spatulas,carni,-15.5,1,single_token,not_valid_noun
spatulas,======,-15.5,1,single_token,not_valid_noun
spatulas,¨,-15.5,1,single_token,not_valid_noun
spatulas,ps,-15.5,1,single_token,not_valid_noun
spatulas,Word,-15.5,1,single_token,incomplete_phrase
spatulas,toppings,-15.5,1,single_token,not_valid_noun
spatulas,contains,-15.5,1,single_token,not_valid_noun
spatulas,walking,-15.5,1,single_token,incomplete_phrase
spatulas,abstract,-15.5,1,single_token,incomplete_phrase
spatulas,tableware which,-15.53125,2,2token,incomplete_phrase
spatulas,tableware fork,-15.53125,2,2token,incomplete_phrase
spatulas,____ Correct,-15.53125,2,2token,not_valid_noun
spatulas,sharp hand,-15.53125,2,2token,incomplete_phrase
spatulas,-,-15.53125,2,2token,not_valid_noun
spatulas,- fork,-15.53125,2,2token,not_valid_noun
spatulas,an ingredient,-15.53125,2,2token,not_valid_noun
spatulas,- in,-15.53125,2,2token,not_valid_noun
spatulas,knives used,-15.53125,2,2token,incomplete_phrase
spatulas,....... You,-15.53125,2,2token,not_valid_noun
spatulas,Tool for,-15.53125,2,2token,incomplete_phrase
spatulas,_________,-15.53125,2,2token,not_valid_noun
spatulas,Tool (,-15.53125,2,2token,not_valid_noun
spatulas,__ eating,-15.53125,2,2token,not_valid_noun
spatulas,can use,-15.53125,2,2token,incomplete_phrase
spatulas,__ fork,-15.53125,2,2token,not_valid_noun
spatulas,p I,-15.53125,2,2token,not_valid_noun
spatulas,knives _______,-15.53125,2,2token,not_valid_noun
spatulas,instruments ...,-15.53125,2,2token,not_valid_noun
spatulas,....... Tools,-15.53125,2,2token,not_valid_noun
spatulas,stove ____,-15.53125,2,2token,not_valid_noun
spatulas,stove Ut,-15.53125,2,2token,not_valid_noun
spatulas,s …,-15.53125,2,2token,not_valid_noun
spatulas,....... COMPLETE,-15.53125,2,2token,not_valid_noun
spatulas,- Match,-15.53125,2,2token,not_valid_noun
spatulas,brush ______,-15.53125,2,2token,not_valid_noun
spatulas,an _______,-15.53125,2,2token,not_valid_noun
spatulas,____ of,-15.53125,2,2token,not_valid_noun
spatulas,sharp long,-15.53125,2,2token,not_valid_noun
spatulas,for frying,-15.53125,2,2token,not_valid_noun
spatulas,appliance Read,-15.53125,2,2token,not_valid_noun
spatulas,hand washing,-15.53125,2,2token,incomplete_phrase
spatulas,dessert _______,-15.53125,2,2token,not_valid_noun
spatulas,sharp cut,-15.53125,2,2token,incomplete_phrase
spatulas,sharp small,-15.53125,2,2token,incomplete_phrase
spatulas,"sharp ,",-15.53125,2,2token,not_valid_noun
spatulas,p p,-15.53125,2,2token,not_valid_noun
spatulas,dessert or,-15.53125,2,2token,not_valid_noun
spatulas,equipment from,-15.53125,2,2token,incomplete_phrase
spatulas,"- ,",-15.53125,2,2token,not_valid_noun
spatulas,iron ...,-15.5625,2,2token,not_valid_noun
spatulas,long pointed,-15.5625,2,2token,not_valid_noun
spatulas,kind,-15.5625,2,2token,incomplete_phrase
spatulas,cooker (,-15.5625,2,2token,not_valid_noun
spatulas,cooks ________,-15.5625,2,2token,not_valid_noun
spatulas,long shaped,-15.5625,2,2token,not_valid_noun
spatulas,…… Which,-15.5625,2,2token,not_valid_noun
spatulas,[ ?,-15.5625,2,2token,not_valid_noun
spatulas,......... utens,-15.5625,2,2token,not_valid_noun
spatulas,......... knife,-15.5625,2,2token,not_valid_noun
spatulas,…… Use,-15.5625,2,2token,not_valid_noun
spatulas,long sharp,-15.5625,2,2token,incomplete_phrase
spatulas,material of,-15.5625,2,2token,not_valid_noun
spatulas,…… _,-15.5625,2,2token,not_valid_noun
spatulas,things (,-15.5625,2,2token,not_valid_noun
spatulas,things needed,-15.5625,2,2token,incomplete_phrase
spatulas,[ __,-15.5625,2,2token,not_valid_noun
spatulas,......... Match,-15.5625,2,2token,not_valid_noun
spatulas,p in,-15.5625,2,2token,not_valid_noun
spatulas,......... ....,-15.5625,2,2token,not_valid_noun
spatulas,other,-15.5625,2,2token,not_valid_noun
spatulas,culinary or,-15.5625,2,2token,not_valid_noun
spatulas,other types,-15.5625,2,2token,incomplete_phrase
spatulas,other Kitchen,-15.5625,2,2token,incomplete_phrase
spatulas,dining ...,-15.5625,2,2token,not_valid_noun
spatulas,_. apples,-15.5625,2,2token,not_valid_noun
spatulas,dining,-15.5625,2,2token,incomplete_phrase
spatulas,KITCHEN ________,-15.5625,2,2token,not_valid_noun
spatulas,_. ________,-15.5625,2,2token,not_valid_noun
spatulas,_. Make,-15.5625,2,2token,not_valid_noun
spatulas,cooks ____,-15.5625,2,2token,not_valid_noun
spatulas,wood ________,-15.5625,2,2token,not_valid_noun
spatulas,......... I,-15.5625,2,2token,not_valid_noun
spatulas,_. For,-15.5625,2,2token,not_valid_noun
spatulas,kitchens ____,-15.59375,2,2token,not_valid_noun
spatulas,spoons [,-15.59375,2,2token,not_valid_noun
spatulas,spoons :,-15.59375,2,2token,not_valid_noun
spatulas,spoons A,-15.59375,2,2token,not_valid_noun
spatulas,spoons of,-15.59375,2,2token,not_valid_noun
spatulas,item made,-15.59375,2,2token,incomplete_phrase
spatulas,vegetable cook,-15.59375,2,2token,incomplete_phrase
spatulas,item with,-15.59375,2,2token,incomplete_phrase
spatulas,which makes,-15.59375,2,2token,not_valid_noun
spatulas,forks or,-15.59375,2,2token,not_valid_noun
spatulas,writing Ut,-15.59375,2,2token,not_valid_noun
spatulas,implements ….,-15.59375,2,2token,not_valid_noun
spatulas,implements a,-15.59375,2,2token,not_valid_noun
spatulas,kitchens equipments,-15.59375,2,2token,not_valid_noun
spatulas,kitchens helpers,-15.59375,2,2token,not_valid_noun
spatulas,implements ______,-15.59375,2,2token,not_valid_noun
spatulas,scissors and,-15.59375,2,2token,incomplete_phrase
spatulas,I -,-15.59375,2,2token,not_valid_noun
spatulas,I do,-15.59375,2,2token,not_valid_noun
spatulas,silver cooking,-15.59375,2,2token,incomplete_phrase
spatulas,home and,-15.59375,2,2token,not_valid_noun
spatulas,what other,-15.59375,2,2token,not_valid_noun
spatulas,what A,-15.59375,2,2token,not_valid_noun
spatulas,what am,-15.59375,2,2token,not_valid_noun
spatulas,........... Select,-15.59375,2,2token,not_valid_noun
spatulas,object useful,-15.59375,2,2token,not_valid_noun
spatulas,cake and,-15.59375,2,2token,incomplete_phrase
spatulas,what the,-15.59375,2,2token,not_valid_noun
spatulas,soup Complete,-15.59375,2,2token,not_valid_noun
spatulas,--- Choose,-15.59375,2,2token,not_valid_noun
spatulas,soup lad,-15.59375,2,2token,incomplete_phrase
spatulas,--- tools,-15.59375,2,2token,not_valid_noun
spatulas,pastry (,-15.59375,2,2token,not_valid_noun
spatulas,plastic Cut,-15.59375,2,2token,incomplete_phrase
spatulas,to We,-15.59375,2,2token,not_valid_noun
spatulas,to e,-15.59375,2,2token,not_valid_noun
spatulas,to of,-15.59375,2,2token,not_valid_noun
spatulas,to have,-15.59375,2,2token,not_valid_noun
spatulas,tongs (,-15.59375,2,2token,not_valid_noun
spatulas,.. fruit,-15.59375,2,2token,not_valid_noun
spatulas,.. ..,-15.59375,2,2token,not_valid_noun
spatulas,eat in,-15.59375,2,2token,not_valid_noun
spatulas,this Kitchen,-15.59375,2,2token,incomplete_phrase
spatulas,this _____,-15.59375,2,2token,not_valid_noun
spatulas,pans ....,-15.59375,2,2token,not_valid_noun
spatulas,utensi l,-15.59375,2,2token,not_valid_noun
spatulas,spoons Read,-15.59375,2,2token,not_valid_noun
spatulas,which two,-15.59375,2,2token,not_valid_noun
spatulas,PP,-15.625,1,single_token,not_valid_noun
spatulas,extend,-15.625,1,single_token,not_valid_noun
spatulas,veget,-15.625,1,single_token,not_valid_noun
spatulas,fake,-15.625,1,single_token,incomplete_phrase
spatulas,sem,-15.625,1,single_token,not_valid_noun
spatulas,bu,-15.625,1,single_token,not_valid_noun
spatulas,more,-15.625,1,single_token,incomplete_phrase
spatulas,char,-15.625,1,single_token,incomplete_phrase
spatulas,cor,-15.625,1,single_token,incomplete_phrase
spatulas,NSF,-15.625,1,single_token,not_valid_noun
spatulas,dec,-15.625,1,single_token,not_valid_noun
spatulas,false,-15.625,1,single_token,not_valid_noun
spatulas,cute,-15.625,1,single_token,not_valid_noun
spatulas,unused,-15.625,1,single_token,not_valid_noun
spatulas,trou,-15.625,1,single_token,not_valid_noun
spatulas,remo,-15.625,1,single_token,not_valid_noun
spatulas,Cooking Spo,-15.625,2,2token,incomplete_phrase
spatulas,perforated,-15.625,1,single_token,not_valid_noun
spatulas,holders,-15.625,1,single_token,not_valid_noun
spatulas,less,-15.625,1,single_token,not_valid_noun
spatulas,gre,-15.625,1,single_token,not_valid_noun
spatulas,parce,-15.625,1,single_token,not_valid_noun
spatulas,rigid,-15.625,1,single_token,not_valid_noun
spatulas,accidents,-15.625,1,single_token,not_valid_noun
spatulas,cookie cutting,-15.625,2,2token,incomplete_phrase
spatulas,cookie or,-15.625,2,2token,not_valid_noun
spatulas,incomplete,-15.625,1,single_token,not_valid_noun
spatulas,Raw,-15.625,1,single_token,incomplete_phrase
spatulas,nt,-15.625,1,single_token,not_valid_noun
spatulas,adj,-15.625,1,single_token,not_valid_noun
spatulas,peas,-15.625,1,single_token,not_valid_noun
spatulas,harmful,-15.625,1,single_token,not_valid_noun
spatulas,throwing,-15.625,1,single_token,not_valid_noun
spatulas,………… a,-15.625,2,2token,not_valid_noun
spatulas,XXX,-15.625,1,single_token,not_valid_noun
spatulas,，,-15.625,1,single_token,not_valid_noun
spatulas,zoo,-15.625,1,single_token,incomplete_phrase
spatulas,sive,-15.625,1,single_token,not_valid_noun
spatulas,sauté,-15.625,1,single_token,not_valid_noun
spatulas,Forks,-15.625,1,single_token,not_valid_noun
spatulas,/ for,-15.625,2,2token,not_valid_noun
spatulas,/ A,-15.625,2,2token,not_valid_noun
spatulas,/ to,-15.625,2,2token,not_valid_noun
spatulas,A chef,-15.625,2,2token,not_valid_noun
spatulas,A __,-15.625,2,2token,not_valid_noun
spatulas,A list,-15.625,2,2token,not_valid_noun
spatulas,A good,-15.625,2,2token,not_valid_noun
spatulas,A -,-15.625,2,2token,not_valid_noun
spatulas,ope,-15.625,1,single_token,incomplete_phrase
spatulas,veggie,-15.625,1,single_token,not_valid_noun
spatulas,type (,-15.625,2,2token,not_valid_noun
spatulas,/ Complete,-15.625,2,2token,not_valid_noun
spatulas,/ form,-15.625,2,2token,not_valid_noun
spatulas,......,-15.625,2,2token,not_valid_noun
spatulas,gou,-15.625,1,single_token,not_valid_noun
spatulas,........ fruit,-15.625,2,2token,not_valid_noun
spatulas,........ tools,-15.625,2,2token,not_valid_noun
spatulas,….. Correct,-15.625,2,2token,not_valid_noun
spatulas,….. Match,-15.625,2,2token,not_valid_noun
spatulas,….. In,-15.625,2,2token,not_valid_noun
spatulas,….. I,-15.625,2,2token,not_valid_noun
spatulas,large eating,-15.625,2,2token,incomplete_phrase
spatulas,/ utensils,-15.625,2,2token,not_valid_noun
spatulas,used ...,-15.625,2,2token,not_valid_noun
spatulas,used used,-15.625,2,2token,not_valid_noun
spatulas,sandwich filling,-15.625,2,2token,not_valid_noun
spatulas,sandwich making,-15.625,2,2token,incomplete_phrase
spatulas,Helping,-15.625,1,single_token,incomplete_phrase
spatulas,farmhouse,-15.625,1,single_token,incomplete_phrase
spatulas,oi,-15.625,1,single_token,not_valid_noun
spatulas,sharpen,-15.625,1,single_token,not_valid_noun
spatulas,italy,-15.625,1,single_token,not_valid_noun
spatulas,female,-15.625,1,single_token,incomplete_phrase
spatulas,<>,-15.625,1,single_token,not_valid_noun
spatulas,homogeneous,-15.625,1,single_token,not_valid_noun
spatulas,lasts,-15.625,1,single_token,not_valid_noun
spatulas,Â,-15.625,1,single_token,not_valid_noun
spatulas,objects or,-15.625,2,2token,not_valid_noun
spatulas,Bl,-15.625,1,single_token,not_valid_noun
spatulas,scienti,-15.625,1,single_token,not_valid_noun
spatulas,tend,-15.625,1,single_token,not_valid_noun
spatulas,camp,-15.625,1,single_token,incomplete_phrase
spatulas,Please,-15.625,1,single_token,not_valid_noun
spatulas,takes,-15.625,1,single_token,not_valid_noun
spatulas,........ Use,-15.625,2,2token,not_valid_noun
spatulas,shovel Read,-15.625,2,2token,not_valid_noun
spatulas,sel,-15.625,1,single_token,not_valid_noun
spatulas,List,-15.625,1,single_token,incomplete_phrase
spatulas,Pri,-15.625,1,single_token,not_valid_noun
spatulas,lets,-15.625,1,single_token,not_valid_noun
spatulas,foods that,-15.625,2,2token,incomplete_phrase
spatulas,sculpting,-15.625,1,single_token,not_valid_noun
spatulas,ложка,-15.625,1,single_token,not_valid_noun
spatulas,_:,-15.625,1,single_token,not_valid_noun
spatulas,☐,-15.625,1,single_token,not_valid_noun
spatulas,….. cutlery,-15.625,2,2token,not_valid_noun
spatulas,neck,-15.625,1,single_token,incomplete_phrase
spatulas,hearing,-15.625,1,single_token,incomplete_phrase
spatulas,Japanese,-15.625,1,single_token,incomplete_phrase
spatulas,inse,-15.625,1,single_token,not_valid_noun
spatulas,divided,-15.625,1,single_token,not_valid_noun
spatulas,Meta,-15.625,1,single_token,incomplete_phrase
spatulas,Example,-15.625,1,single_token,not_valid_noun
spatulas,Made,-15.625,1,single_token,not_valid_noun
spatulas,polished,-15.625,1,single_token,not_valid_noun
spatulas,details,-15.625,1,single_token,not_valid_noun
spatulas,UN,-15.625,1,single_token,not_valid_noun
spatulas,dishes (,-15.625,2,2token,not_valid_noun
spatulas,(',-15.625,1,single_token,not_valid_noun
spatulas,sof,-15.625,1,single_token,not_valid_noun
spatulas,____ you,-15.65625,2,2token,not_valid_noun
spatulas,....... ......,-15.65625,2,2token,not_valid_noun
spatulas,....... spoon,-15.65625,2,2token,not_valid_noun
spatulas,spatula which,-15.65625,2,2token,incomplete_phrase
spatulas,cup or,-15.65625,2,2token,not_valid_noun
spatulas,s a,-15.65625,2,2token,not_valid_noun
spatulas,instruments ....,-15.65625,2,2token,not_valid_noun
spatulas,s tool,-15.65625,2,2token,not_valid_noun
spatulas,s Kitchen,-15.65625,2,2token,not_valid_noun
spatulas,o equipment,-15.65625,2,2token,not_valid_noun
spatulas,chef cooking,-15.65625,2,2token,incomplete_phrase
spatulas,o ______,-15.65625,2,2token,not_valid_noun
spatulas,s u,-15.65625,2,2token,not_valid_noun
spatulas,egg fli,-15.65625,2,2token,incomplete_phrase
spatulas,egg -,-15.65625,2,2token,not_valid_noun
spatulas,.............. utens,-15.65625,2,2token,not_valid_noun
spatulas,ladle and,-15.65625,2,2token,incomplete_phrase
spatulas,appliance ______,-15.65625,2,2token,not_valid_noun
spatulas,.............. ?,-15.65625,2,2token,not_valid_noun
spatulas,....... We,-15.65625,2,2token,not_valid_noun
spatulas,for holding,-15.65625,2,2token,not_valid_noun
spatulas,pot _,-15.65625,2,2token,not_valid_noun
spatulas,bla .,-15.65625,2,2token,not_valid_noun
spatulas,Tools used,-15.65625,2,2token,incomplete_phrase
spatulas,Tools (,-15.65625,2,2token,not_valid_noun
spatulas,tableware fruit,-15.65625,2,2token,incomplete_phrase
spatulas,tableware /,-15.65625,2,2token,not_valid_noun
spatulas,....... are,-15.65625,2,2token,not_valid_noun
spatulas,brush _____,-15.65625,2,2token,not_valid_noun
spatulas,__ Use,-15.65625,2,2token,not_valid_noun
spatulas,__,-15.65625,2,2token,not_valid_noun
spatulas,spatula of,-15.65625,2,2token,not_valid_noun
spatulas,....... instrument,-15.65625,2,2token,not_valid_noun
spatulas,....... _,-15.65625,2,2token,not_valid_noun
spatulas,brush that,-15.65625,2,2token,incomplete_phrase
spatulas,tableware -,-15.65625,2,2token,not_valid_noun
spatulas,- Correct,-15.65625,2,2token,not_valid_noun
spatulas,- _____,-15.65625,2,2token,not_valid_noun
spatulas,- and,-15.65625,2,2token,not_valid_noun
spatulas,equipment required,-15.65625,2,2token,incomplete_phrase
spatulas,dessert Read,-15.65625,2,2token,not_valid_noun
spatulas,kni fe,-15.65625,2,2token,not_valid_noun
spatulas,equipment -,-15.65625,2,2token,not_valid_noun
spatulas,kni ves,-15.65625,2,2token,not_valid_noun
spatulas,ut in,-15.65625,2,2token,not_valid_noun
spatulas,dessert Spoon,-15.65625,2,2token,incomplete_phrase
spatulas,dessert kitchen,-15.65625,2,2token,incomplete_phrase
spatulas,an office,-15.65625,2,2token,not_valid_noun
spatulas,bare,-15.6875,1,single_token,not_valid_noun
spatulas,spin,-15.6875,1,single_token,incomplete_phrase
spatulas,dis,-15.6875,1,single_token,incomplete_phrase
spatulas,Me,-15.6875,1,single_token,not_valid_noun
spatulas,nedir,-15.6875,1,single_token,not_valid_noun
spatulas,Ang,-15.6875,1,single_token,not_valid_noun
spatulas,tasting,-15.6875,1,single_token,incomplete_phrase
spatulas,heath,-15.6875,1,single_token,incomplete_phrase
spatulas,nesting,-15.6875,1,single_token,not_valid_noun
spatulas,dipping,-15.6875,1,single_token,not_valid_noun
spatulas,creme,-15.6875,1,single_token,not_valid_noun
spatulas,marks,-15.6875,1,single_token,not_valid_noun
spatulas,Helpers,-15.6875,1,single_token,not_valid_noun
spatulas,antiques,-15.6875,1,single_token,not_valid_noun
spatulas,silvery,-15.6875,1,single_token,not_valid_noun
spatulas,canadian,-15.6875,1,single_token,incomplete_phrase
spatulas,appetizers,-15.6875,1,single_token,not_valid_noun
spatulas,rus,-15.6875,1,single_token,incomplete_phrase
spatulas,xx,-15.6875,1,single_token,not_valid_noun
spatulas,organis,-15.6875,1,single_token,not_valid_noun
spatulas,_. Add,-15.6875,2,2token,not_valid_noun
spatulas,iron ________,-15.6875,2,2token,not_valid_noun
spatulas,Las,-15.6875,1,single_token,incomplete_phrase
spatulas,ge,-15.6875,1,single_token,not_valid_noun
spatulas,iron ____,-15.6875,2,2token,not_valid_noun
spatulas,New,-15.6875,1,single_token,not_valid_noun
spatulas,work of,-15.6875,2,2token,not_valid_noun
spatulas,du,-15.6875,1,single_token,not_valid_noun
spatulas,pas,-15.6875,1,single_token,not_valid_noun
spatulas,mentioned,-15.6875,1,single_token,not_valid_noun
spatulas,…… Match,-15.6875,2,2token,not_valid_noun
spatulas,…… Answer,-15.6875,2,2token,not_valid_noun
spatulas,pla,-15.6875,1,single_token,not_valid_noun
spatulas,kind (,-15.6875,2,2token,not_valid_noun
spatulas,…… If,-15.6875,2,2token,not_valid_noun
spatulas,…… …,-15.6875,2,2token,not_valid_noun
spatulas,wood for,-15.6875,2,2token,incomplete_phrase
spatulas,vas,-15.6875,1,single_token,incomplete_phrase
spatulas,managing,-15.6875,1,single_token,not_valid_noun
spatulas,directions,-15.6875,1,single_token,not_valid_noun
spatulas,tips,-15.6875,1,single_token,not_valid_noun
spatulas,other ________,-15.6875,2,2token,not_valid_noun
spatulas,USES,-15.6875,1,single_token,not_valid_noun
spatulas,other than,-15.6875,2,2token,not_valid_noun
spatulas,Ox,-15.6875,1,single_token,not_valid_noun
spatulas,breads,-15.6875,1,single_token,not_valid_noun
spatulas,ham,-15.6875,1,single_token,not_valid_noun
spatulas,ig,-15.6875,1,single_token,not_valid_noun
spatulas,…… To,-15.6875,2,2token,not_valid_noun
spatulas,photos,-15.6875,1,single_token,not_valid_noun
spatulas,travel,-15.6875,1,single_token,incomplete_phrase
spatulas,…… ?,-15.6875,2,2token,not_valid_noun
spatulas,available,-15.6875,1,single_token,not_valid_noun
spatulas,KN,-15.6875,1,single_token,not_valid_noun
spatulas,„,-15.6875,1,single_token,not_valid_noun
spatulas,fixtures,-15.6875,1,single_token,not_valid_noun
spatulas,ges,-15.6875,1,single_token,incomplete_phrase
spatulas,International,-15.6875,1,single_token,incomplete_phrase
spatulas,[ .,-15.6875,2,2token,not_valid_noun
spatulas,pour,-15.6875,1,single_token,not_valid_noun
spatulas,other useful,-15.6875,2,2token,not_valid_noun
spatulas,Ad,-15.6875,1,single_token,not_valid_noun
spatulas,KITCHEN ______,-15.6875,2,2token,not_valid_noun
spatulas,KITCHEN T,-15.6875,2,2token,not_valid_noun
spatulas,Im,-15.6875,1,single_token,not_valid_noun
spatulas,yes,-15.6875,1,single_token,not_valid_noun
spatulas,arr,-15.6875,1,single_token,not_valid_noun
spatulas,Yes,-15.6875,1,single_token,not_valid_noun
spatulas,С,-15.6875,1,single_token,not_valid_noun
spatulas,cooperate,-15.6875,1,single_token,not_valid_noun
spatulas,IH,-15.6875,1,single_token,not_valid_noun
spatulas,Scra,-15.6875,1,single_token,incomplete_phrase
spatulas,Usa,-15.6875,1,single_token,not_valid_noun
spatulas,وسی,-15.6875,1,single_token,not_valid_noun
spatulas,ï,-15.6875,1,single_token,not_valid_noun
spatulas,pen (,-15.6875,2,2token,not_valid_noun
spatulas,brus,-15.6875,1,single_token,not_valid_noun
spatulas,foolish,-15.6875,1,single_token,not_valid_noun
spatulas,Fry,-15.6875,1,single_token,incomplete_phrase
spatulas,painter,-15.6875,1,single_token,incomplete_phrase
spatulas,ns,-15.6875,1,single_token,not_valid_noun
spatulas,coordination,-15.6875,1,single_token,not_valid_noun
spatulas,\/,-15.6875,1,single_token,not_valid_noun
spatulas,pen or,-15.6875,2,2token,not_valid_noun
spatulas,......... cutlery,-15.6875,2,2token,not_valid_noun
spatulas,_. When,-15.6875,2,2token,not_valid_noun
spatulas,bread baking,-15.6875,2,2token,not_valid_noun
spatulas,_. Select,-15.6875,2,2token,not_valid_noun
spatulas,which may,-15.71875,2,2token,not_valid_noun
spatulas,implements are,-15.71875,2,2token,incomplete_phrase
spatulas,implements such,-15.71875,2,2token,not_valid_noun
spatulas,implements Use,-15.71875,2,2token,incomplete_phrase
spatulas,implements ____,-15.71875,2,2token,not_valid_noun
spatulas,hand ____________,-15.71875,2,2token,not_valid_noun
spatulas,----- -,-15.71875,2,2token,not_valid_noun
spatulas,which fruit,-15.71875,2,2token,not_valid_noun
spatulas,this -,-15.71875,2,2token,not_valid_noun
spatulas,this piece,-15.71875,2,2token,incomplete_phrase
spatulas,this ....,-15.71875,2,2token,not_valid_noun
spatulas,which appliance,-15.71875,2,2token,not_valid_noun
spatulas,silverware utens,-15.71875,2,2token,incomplete_phrase
spatulas,o ....,-15.71875,2,2token,not_valid_noun
spatulas,pastry rolling,-15.71875,2,2token,incomplete_phrase
spatulas,serving /,-15.71875,2,2token,not_valid_noun
spatulas,o cooking,-15.71875,2,2token,not_valid_noun
spatulas,kitchens __,-15.71875,2,2token,not_valid_noun
spatulas,object Useful,-15.71875,2,2token,not_valid_noun
spatulas,_____,-15.71875,2,2token,not_valid_noun
spatulas,gardening,-15.71875,2,2token,incomplete_phrase
spatulas,device designed,-15.71875,2,2token,incomplete_phrase
spatulas,I e,-15.71875,2,2token,not_valid_noun
spatulas,plastic that,-15.71875,2,2token,incomplete_phrase
spatulas,silverware with,-15.71875,2,2token,not_valid_noun
spatulas,utens Il,-15.71875,2,2token,not_valid_noun
spatulas,.. In,-15.71875,2,2token,not_valid_noun
spatulas,gardening .,-15.71875,2,2token,not_valid_noun
spatulas,object [,-15.71875,2,2token,not_valid_noun
spatulas,object like,-15.71875,2,2token,incomplete_phrase
spatulas,........... I,-15.71875,2,2token,not_valid_noun
spatulas,soup (,-15.71875,2,2token,not_valid_noun
spatulas,........... utens,-15.71875,2,2token,not_valid_noun
spatulas,........... ....,-15.71875,2,2token,not_valid_noun
spatulas,home ...,-15.71875,2,2token,not_valid_noun
spatulas,........... Read,-15.71875,2,2token,not_valid_noun
spatulas,--- fork,-15.71875,2,2token,not_valid_noun
spatulas,--- _,-15.71875,2,2token,not_valid_noun
spatulas,--- complete,-15.71875,2,2token,not_valid_noun
spatulas,p ….,-15.71875,2,2token,not_valid_noun
spatulas,spoons ____,-15.71875,2,2token,not_valid_noun
spatulas,spoons _____,-15.71875,2,2token,not_valid_noun
spatulas,spoons,-15.71875,2,2token,not_valid_noun
spatulas,spoons /,-15.71875,2,2token,not_valid_noun
spatulas,farm .,-15.75,2,2token,not_valid_noun
spatulas,objects ....,-15.75,2,2token,not_valid_noun
spatulas,objects from,-15.75,2,2token,incomplete_phrase
spatulas,objects on,-15.75,2,2token,not_valid_noun
spatulas,Cooking ________,-15.75,2,2token,not_valid_noun
spatulas,used,-15.75,2,2token,not_valid_noun
spatulas,used ________,-15.75,2,2token,not_valid_noun
spatulas,Cooking ____,-15.75,2,2token,not_valid_noun
spatulas,used everyday,-15.75,2,2token,not_valid_noun
spatulas,used of,-15.75,2,2token,not_valid_noun
spatulas,type A,-15.75,2,2token,not_valid_noun
spatulas,….. ...,-15.75,2,2token,not_valid_noun
spatulas,Mas,-15.75,1,single_token,incomplete_phrase
spatulas,p c,-15.75,2,2token,not_valid_noun
spatulas,large round,-15.75,2,2token,incomplete_phrase
spatulas,savoury,-15.75,1,single_token,not_valid_noun
spatulas,Gadgets,-15.75,1,single_token,not_valid_noun
spatulas,nifty,-15.75,1,single_token,not_valid_noun
spatulas,?$,-15.75,1,single_token,not_valid_noun
spatulas,large cutting,-15.75,2,2token,incomplete_phrase
spatulas,istr,-15.75,1,single_token,not_valid_noun
spatulas,ete,-15.75,1,single_token,not_valid_noun
spatulas,glass kitchen,-15.75,2,2token,incomplete_phrase
spatulas,glass or,-15.75,2,2token,not_valid_noun
spatulas,street,-15.75,1,single_token,incomplete_phrase
spatulas,Two,-15.75,1,single_token,incomplete_phrase
spatulas,NO,-15.75,1,single_token,not_valid_noun
spatulas,Sk,-15.75,1,single_token,not_valid_noun
spatulas,difficult,-15.75,1,single_token,not_valid_noun
spatulas,pou,-15.75,1,single_token,not_valid_noun
spatulas,nach,-15.75,1,single_token,not_valid_noun
spatulas,mar,-15.75,1,single_token,incomplete_phrase
spatulas,wor,-15.75,1,single_token,not_valid_noun
spatulas,vegetables ...,-15.75,2,2token,not_valid_noun
spatulas,vegetables in,-15.75,2,2token,not_valid_noun
spatulas,vegetables ....,-15.75,2,2token,not_valid_noun
spatulas,useful ________,-15.75,2,2token,not_valid_noun
spatulas,/ what,-15.75,2,2token,not_valid_noun
spatulas,….. utensils,-15.75,2,2token,not_valid_noun
spatulas,container Read,-15.75,2,2token,not_valid_noun
spatulas,container and,-15.75,2,2token,incomplete_phrase
spatulas,hospital,-15.75,1,single_token,incomplete_phrase
spatulas,rust,-15.75,1,single_token,incomplete_phrase
spatulas,optical,-15.75,1,single_token,not_valid_noun
spatulas,…………………… A,-15.75,2,2token,not_valid_noun
spatulas,…………………… a,-15.75,2,2token,not_valid_noun
spatulas,masak,-15.75,1,single_token,not_valid_noun
spatulas,sharpening,-15.75,1,single_token,not_valid_noun
spatulas,unloading,-15.75,1,single_token,not_valid_noun
spatulas,manu,-15.75,1,single_token,not_valid_noun
spatulas,belongings,-15.75,1,single_token,not_valid_noun
spatulas,OA,-15.75,1,single_token,not_valid_noun
spatulas,served,-15.75,1,single_token,not_valid_noun
spatulas,classic,-15.75,1,single_token,incomplete_phrase
spatulas,ideal,-15.75,1,single_token,incomplete_phrase
spatulas,\(,-15.75,1,single_token,not_valid_noun
spatulas,indent,-15.75,1,single_token,incomplete_phrase
spatulas,useful ______,-15.75,2,2token,not_valid_noun
spatulas,necessities,-15.75,1,single_token,not_valid_noun
spatulas,pitching,-15.75,1,single_token,incomplete_phrase
spatulas,handing,-15.75,1,single_token,not_valid_noun
spatulas,fashioned,-15.75,1,single_token,not_valid_noun
spatulas,racks,-15.75,1,single_token,not_valid_noun
spatulas,app,-15.75,2,2token,not_valid_noun
spatulas,app ...,-15.75,2,2token,not_valid_noun
spatulas,biscuits,-15.75,1,single_token,not_valid_noun
spatulas,phon,-15.75,1,single_token,incomplete_phrase
spatulas,cylindrical,-15.75,1,single_token,not_valid_noun
spatulas,seti,-15.75,1,single_token,not_valid_noun
spatulas,rescue,-15.75,1,single_token,incomplete_phrase
spatulas,mistakes,-15.75,1,single_token,not_valid_noun
spatulas,theyre,-15.75,1,single_token,incomplete_phrase
spatulas,malle,-15.75,1,single_token,not_valid_noun
spatulas,vain,-15.75,1,single_token,not_valid_noun
spatulas,frozen,-15.75,1,single_token,not_valid_noun
spatulas,A _________,-15.75,2,2token,not_valid_noun
spatulas,A wooden,-15.75,2,2token,not_valid_noun
spatulas,A _,-15.75,2,2token,not_valid_noun
spatulas,….. …,-15.75,2,2token,not_valid_noun
spatulas,complements,-15.75,1,single_token,not_valid_noun
spatulas,hygienic,-15.75,1,single_token,not_valid_noun
spatulas,Fa,-15.75,1,single_token,not_valid_noun
spatulas,listed,-15.75,1,single_token,not_valid_noun
spatulas,Mis,-15.75,1,single_token,not_valid_noun
spatulas,Flexible,-15.75,1,single_token,not_valid_noun
spatulas,Ingredients,-15.75,1,single_token,not_valid_noun
spatulas,Aunt,-15.75,1,single_token,incomplete_phrase
spatulas,😊,-15.75,1,single_token,not_valid_noun
spatulas,[-,-15.75,1,single_token,not_valid_noun
spatulas,improper,-15.75,1,single_token,not_valid_noun
spatulas,coated,-15.75,1,single_token,not_valid_noun
spatulas,pref,-15.75,1,single_token,not_valid_noun
spatulas,organize,-15.75,1,single_token,not_valid_noun
spatulas,Dic,-15.75,1,single_token,not_valid_noun
spatulas,defensive,-15.75,1,single_token,incomplete_phrase
spatulas,Foreign,-15.75,1,single_token,not_valid_noun
spatulas,organized,-15.75,1,single_token,not_valid_noun
spatulas,seeds,-15.75,1,single_token,not_valid_noun
spatulas,Did,-15.75,1,single_token,not_valid_noun
spatulas,Ans,-15.75,1,single_token,not_valid_noun
spatulas,TE,-15.75,1,single_token,not_valid_noun
spatulas,dinner,-15.75,2,2token,incomplete_phrase
spatulas,SC,-15.75,1,single_token,not_valid_noun
spatulas,dishes utens,-15.75,2,2token,not_valid_noun
spatulas,brush in,-15.78125,2,2token,not_valid_noun
spatulas,Spoon complete,-15.78125,2,2token,not_valid_noun
spatulas,-,-15.78125,2,2token,not_valid_noun
spatulas,- /,-15.78125,2,2token,not_valid_noun
spatulas,- Use,-15.78125,2,2token,not_valid_noun
spatulas,spatula utens,-15.78125,2,2token,incomplete_phrase
spatulas,__ cooking,-15.78125,2,2token,not_valid_noun
spatulas,spatula [,-15.78125,2,2token,not_valid_noun
spatulas,- cutlery,-15.78125,2,2token,not_valid_noun
spatulas,- cooking,-15.78125,2,2token,not_valid_noun
spatulas,__ Tool,-15.78125,2,2token,not_valid_noun
spatulas,spatula made,-15.78125,2,2token,incomplete_phrase
spatulas,to keep,-15.78125,2,2token,not_valid_noun
spatulas,dessert in,-15.78125,2,2token,not_valid_noun
spatulas,dessert Ut,-15.78125,2,2token,not_valid_noun
spatulas,.............. ...,-15.78125,2,2token,not_valid_noun
spatulas,to reach,-15.78125,2,2token,not_valid_noun
spatulas,dessert ______,-15.78125,2,2token,not_valid_noun
spatulas,knives ____,-15.78125,2,2token,not_valid_noun
spatulas,an Ut,-15.78125,2,2token,not_valid_noun
spatulas,an ____,-15.78125,2,2token,not_valid_noun
spatulas,appliance -,-15.78125,2,2token,not_valid_noun
spatulas,appliance :,-15.78125,2,2token,not_valid_noun
spatulas,appliance Answer,-15.78125,2,2token,not_valid_noun
spatulas,appliance .....,-15.78125,2,2token,not_valid_noun
spatulas,appliance ____,-15.78125,2,2token,not_valid_noun
spatulas,an egg,-15.78125,2,2token,not_valid_noun
spatulas,equipment ______,-15.78125,2,2token,not_valid_noun
spatulas,Tool used,-15.78125,2,2token,incomplete_phrase
spatulas,s c,-15.78125,2,2token,not_valid_noun
spatulas,Tools and,-15.78125,2,2token,incomplete_phrase
spatulas,cuisine Ut,-15.78125,2,2token,not_valid_noun
spatulas,cuisine ingredient,-15.78125,2,2token,not_valid_noun
spatulas,tableware .....,-15.78125,2,2token,not_valid_noun
spatulas,__ knife,-15.78125,2,2token,not_valid_noun
spatulas,silver or,-15.78125,2,2token,not_valid_noun
spatulas,p ro,-15.78125,2,2token,not_valid_noun
spatulas,frying Ut,-15.78125,2,2token,not_valid_noun
spatulas,tableware made,-15.78125,2,2token,incomplete_phrase
spatulas,egg ______,-15.78125,2,2token,not_valid_noun
spatulas,silver (,-15.78125,2,2token,not_valid_noun
spatulas,o o,-15.78125,2,2token,not_valid_noun
spatulas,.............. Use,-15.78125,2,2token,not_valid_noun
spatulas,stove cleaning,-15.78125,2,2token,incomplete_phrase
spatulas,kni .,-15.78125,2,2token,not_valid_noun
spatulas,equipment …,-15.78125,2,2token,not_valid_noun
spatulas,utens …,-15.78125,2,2token,not_valid_noun
spatulas,egg kitchen,-15.78125,2,2token,incomplete_phrase
spatulas,pot _____,-15.78125,2,2token,not_valid_noun
spatulas,for measuring,-15.78125,2,2token,not_valid_noun
spatulas,for chefs,-15.78125,2,2token,not_valid_noun
spatulas,o _,-15.78125,2,2token,not_valid_noun
spatulas,pot cleaning,-15.78125,2,2token,incomplete_phrase
spatulas,pot Ut,-15.78125,2,2token,not_valid_noun
spatulas,for using,-15.78125,2,2token,not_valid_noun
spatulas,instruments and,-15.78125,2,2token,incomplete_phrase
spatulas,instruments Used,-15.78125,2,2token,incomplete_phrase
spatulas,o The,-15.78125,2,2token,not_valid_noun
spatulas,mal,-15.8125,1,single_token,incomplete_phrase
spatulas,avoid,-15.8125,1,single_token,not_valid_noun
spatulas,micro,-15.8125,1,single_token,incomplete_phrase
spatulas,rules,-15.8125,1,single_token,not_valid_noun
spatulas,summer,-15.8125,1,single_token,incomplete_phrase
spatulas,ka,-15.8125,1,single_token,not_valid_noun
spatulas,wonderful,-15.8125,1,single_token,not_valid_noun
spatulas,cooks are,-15.8125,2,2token,incomplete_phrase
spatulas,writes,-15.8125,1,single_token,not_valid_noun
spatulas,......... -,-15.8125,2,2token,not_valid_noun
spatulas,cooks and,-15.8125,2,2token,incomplete_phrase
spatulas,......... kitchen,-15.8125,2,2token,not_valid_noun
spatulas,Di,-15.8125,1,single_token,not_valid_noun
spatulas,ner,-15.8125,1,single_token,not_valid_noun
spatulas,pec,-15.8125,1,single_token,not_valid_noun
spatulas,incis,-15.8125,1,single_token,not_valid_noun
spatulas,passive,-15.8125,1,single_token,incomplete_phrase
spatulas,👌,-15.8125,1,single_token,not_valid_noun
spatulas,wooded,-15.8125,1,single_token,not_valid_noun
spatulas,scour,-15.8125,1,single_token,incomplete_phrase
spatulas,lau,-15.8125,1,single_token,not_valid_noun
spatulas,hangers,-15.8125,1,single_token,not_valid_noun
spatulas,closed,-15.8125,1,single_token,not_valid_noun
spatulas,gardener,-15.8125,1,single_token,incomplete_phrase
spatulas,cuc,-15.8125,1,single_token,not_valid_noun
spatulas,✨,-15.8125,1,single_token,not_valid_noun
spatulas,bod,-15.8125,1,single_token,incomplete_phrase
spatulas,blending,-15.8125,1,single_token,incomplete_phrase
spatulas,Most,-15.8125,1,single_token,not_valid_noun
spatulas,other cutting,-15.8125,2,2token,incomplete_phrase
spatulas,other small,-15.8125,2,2token,incomplete_phrase
spatulas,KITCHEN CUT,-15.8125,2,2token,incomplete_phrase
spatulas,other baking,-15.8125,2,2token,incomplete_phrase
spatulas,bread and,-15.8125,2,2token,not_valid_noun
spatulas,_. Identify,-15.8125,2,2token,not_valid_noun
spatulas,_. Fruit,-15.8125,2,2token,not_valid_noun
spatulas,_. Draw,-15.8125,2,2token,not_valid_noun
spatulas,_. Why,-15.8125,2,2token,not_valid_noun
spatulas,_. All,-15.8125,2,2token,not_valid_noun
spatulas,_. It,-15.8125,2,2token,not_valid_noun
spatulas,_. -,-15.8125,2,2token,not_valid_noun
spatulas,dancing,-15.8125,1,single_token,incomplete_phrase
spatulas,ks,-15.8125,1,single_token,not_valid_noun
spatulas,…… Cut,-15.8125,2,2token,not_valid_noun
spatulas,…… There,-15.8125,2,2token,not_valid_noun
spatulas,Sha,-15.8125,1,single_token,incomplete_phrase
spatulas,Fe,-15.8125,1,single_token,not_valid_noun
spatulas,⠀,-15.8125,1,single_token,not_valid_noun
spatulas,=====,-15.8125,1,single_token,not_valid_noun
spatulas,hosting,-15.8125,1,single_token,not_valid_noun
spatulas,??????,-15.8125,1,single_token,not_valid_noun
spatulas,consuming,-15.8125,1,single_token,not_valid_noun
spatulas,baskets,-15.8125,1,single_token,not_valid_noun
spatulas,tens,-15.8125,1,single_token,not_valid_noun
spatulas,distribute,-15.8125,1,single_token,not_valid_noun
spatulas,Prepare,-15.8125,1,single_token,not_valid_noun
spatulas,organizational,-15.8125,1,single_token,not_valid_noun
spatulas,modeling,-15.8125,1,single_token,incomplete_phrase
spatulas,lingu,-15.8125,1,single_token,not_valid_noun
spatulas,things on,-15.8125,2,2token,not_valid_noun
spatulas,po t,-15.8125,2,2token,not_valid_noun
spatulas,efficient,-15.8125,1,single_token,not_valid_noun
spatulas,department,-15.8125,1,single_token,incomplete_phrase
spatulas,Jan,-15.8125,1,single_token,incomplete_phrase
spatulas,bread fork,-15.8125,2,2token,not_valid_noun
spatulas,N,-15.8125,1,single_token,not_valid_noun
spatulas,iron ______,-15.8125,2,2token,not_valid_noun
spatulas,iron _______,-15.8125,2,2token,not_valid_noun
spatulas,iron in,-15.8125,2,2token,not_valid_noun
spatulas,dining ______,-15.8125,2,2token,not_valid_noun
spatulas,dining ____,-15.8125,2,2token,not_valid_noun
spatulas,plated,-15.8125,1,single_token,not_valid_noun
spatulas,Metals,-15.8125,1,single_token,not_valid_noun
spatulas,fil,-15.8125,1,single_token,not_valid_noun
spatulas,ver,-15.8125,1,single_token,not_valid_noun
spatulas,p u,-15.8125,2,2token,not_valid_noun
spatulas,nat,-15.8125,1,single_token,incomplete_phrase
spatulas,eas,-15.8125,1,single_token,incomplete_phrase
spatulas,dining ________,-15.8125,2,2token,not_valid_noun
spatulas,index,-15.8125,1,single_token,incomplete_phrase
spatulas,।,-15.8125,1,single_token,not_valid_noun
spatulas,believe,-15.8125,1,single_token,not_valid_noun
spatulas,ok,-15.8125,1,single_token,not_valid_noun
spatulas,tight,-15.8125,1,single_token,not_valid_noun
spatulas,wa,-15.8125,1,single_token,not_valid_noun
spatulas,infer,-15.8125,1,single_token,not_valid_noun
spatulas,jan,-15.8125,1,single_token,incomplete_phrase
spatulas,Job,-15.8125,1,single_token,not_valid_noun
spatulas,combined,-15.8125,1,single_token,not_valid_noun
spatulas,Farm,-15.8125,1,single_token,incomplete_phrase
spatulas,instant,-15.8125,1,single_token,incomplete_phrase
spatulas,surfaces,-15.8125,1,single_token,not_valid_noun
spatulas,outer,-15.8125,1,single_token,incomplete_phrase
spatulas,Sometimes,-15.8125,1,single_token,not_valid_noun
spatulas,crucial,-15.8125,1,single_token,not_valid_noun
spatulas,slo,-15.8125,1,single_token,not_valid_noun
spatulas,cooks _____,-15.8125,2,2token,not_valid_noun
spatulas,I and,-15.84375,2,2token,not_valid_noun
spatulas,scissors scissors,-15.84375,2,2token,incomplete_phrase
spatulas,vegetables complete,-15.84375,2,2token,not_valid_noun
spatulas,vegetables or,-15.84375,2,2token,not_valid_noun
spatulas,soup cooking,-15.84375,2,2token,incomplete_phrase
spatulas,cut ...,-15.84375,2,2token,not_valid_noun
spatulas,--- _______,-15.84375,2,2token,not_valid_noun
spatulas,--- ?,-15.84375,2,2token,not_valid_noun
spatulas,........... In,-15.84375,2,2token,not_valid_noun
spatulas,........... -,-15.84375,2,2token,not_valid_noun
spatulas,soup ________,-15.84375,2,2token,not_valid_noun
spatulas,helper _______,-15.84375,2,2token,not_valid_noun
spatulas,helper when,-15.84375,2,2token,incomplete_phrase
spatulas,plastic _______,-15.84375,2,2token,not_valid_noun
spatulas,plastic ______,-15.84375,2,2token,not_valid_noun
spatulas,plastic _____,-15.84375,2,2token,not_valid_noun
spatulas,home ______,-15.84375,2,2token,not_valid_noun
spatulas,pot kitchen,-15.84375,2,2token,incomplete_phrase
spatulas,pot on,-15.84375,2,2token,not_valid_noun
spatulas,which instruments,-15.84375,2,2token,not_valid_noun
spatulas,which comes,-15.84375,2,2token,not_valid_noun
spatulas,which could,-15.84375,2,2token,not_valid_noun
spatulas,hand imple,-15.84375,2,2token,incomplete_phrase
spatulas,hand (,-15.84375,2,2token,not_valid_noun
spatulas,hand in,-15.84375,2,2token,not_valid_noun
spatulas,hand l,-15.84375,2,2token,not_valid_noun
spatulas,furniture repair,-15.84375,2,2token,incomplete_phrase
spatulas,----- Select,-15.84375,2,2token,not_valid_noun
spatulas,object shaped,-15.84375,2,2token,incomplete_phrase
spatulas,object A,-15.84375,2,2token,not_valid_noun
spatulas,object _____,-15.84375,2,2token,not_valid_noun
spatulas,to me,-15.84375,2,2token,not_valid_noun
spatulas,o utensils,-15.84375,2,2token,not_valid_noun
spatulas,pastry ____,-15.84375,2,2token,not_valid_noun
spatulas,common piece,-15.84375,2,2token,incomplete_phrase
spatulas,breakfast ingredient,-15.84375,2,2token,not_valid_noun
spatulas,breakfast (,-15.84375,2,2token,not_valid_noun
spatulas,paint Complete,-15.84375,2,2token,not_valid_noun
spatulas,implements like,-15.84375,2,2token,incomplete_phrase
spatulas,silverware _____,-15.84375,2,2token,not_valid_noun
spatulas,this __,-15.84375,2,2token,not_valid_noun
spatulas,this _,-15.84375,2,2token,not_valid_noun
spatulas,this or,-15.84375,2,2token,not_valid_noun
spatulas,this a,-15.84375,2,2token,not_valid_noun
spatulas,s ....,-15.84375,2,2token,not_valid_noun
spatulas,pastry decorating,-15.84375,2,2token,not_valid_noun
spatulas,implements :,-15.84375,2,2token,not_valid_noun
spatulas,implements on,-15.84375,2,2token,not_valid_noun
spatulas,verb (,-15.84375,2,2token,not_valid_noun
spatulas,implements _____,-15.84375,2,2token,not_valid_noun
spatulas,implements Answer,-15.84375,2,2token,not_valid_noun
spatulas,implements Read,-15.84375,2,2token,not_valid_noun
spatulas,thing people,-15.84375,2,2token,incomplete_phrase
spatulas,thing on,-15.84375,2,2token,not_valid_noun
spatulas,( alat,-15.84375,2,2token,not_valid_noun
spatulas,( blank,-15.84375,2,2token,not_valid_noun
spatulas,( ...,-15.84375,2,2token,not_valid_noun
spatulas,( i,-15.84375,2,2token,not_valid_noun
spatulas,spoons ______,-15.84375,2,2token,not_valid_noun
spatulas,spoons .....,-15.84375,2,2token,not_valid_noun
spatulas,spoons Answer,-15.84375,2,2token,not_valid_noun
spatulas,spoons True,-15.84375,2,2token,incomplete_phrase
spatulas,….. utens,-15.875,2,2token,not_valid_noun
spatulas,foods used,-15.875,2,2token,incomplete_phrase
spatulas,cookie sheets,-15.875,2,2token,not_valid_noun
spatulas,At,-15.875,1,single_token,not_valid_noun
spatulas,foods in,-15.875,2,2token,not_valid_noun
spatulas,hammers,-15.875,1,single_token,not_valid_noun
spatulas,mey,-15.875,1,single_token,not_valid_noun
spatulas,shovel ________,-15.875,2,2token,not_valid_noun
spatulas,dishes that,-15.875,2,2token,incomplete_phrase
spatulas,apper,-15.875,1,single_token,not_valid_noun
spatulas,ote,-15.875,1,single_token,not_valid_noun
spatulas,phal,-15.875,1,single_token,not_valid_noun
spatulas,childs,-15.875,1,single_token,incomplete_phrase
spatulas,Span,-15.875,1,single_token,incomplete_phrase
spatulas,second,-15.875,1,single_token,incomplete_phrase
spatulas,messy,-15.875,1,single_token,not_valid_noun
spatulas,grooved,-15.875,1,single_token,not_valid_noun
spatulas,carved,-15.875,1,single_token,not_valid_noun
spatulas,type writing,-15.875,2,2token,incomplete_phrase
spatulas,type a,-15.875,2,2token,not_valid_noun
spatulas,factories,-15.875,1,single_token,not_valid_noun
spatulas,ethnic,-15.875,1,single_token,incomplete_phrase
spatulas,steering,-15.875,1,single_token,incomplete_phrase
spatulas,planting,-15.875,1,single_token,incomplete_phrase
spatulas,mathematical,-15.875,1,single_token,not_valid_noun
spatulas,won,-15.875,1,single_token,incomplete_phrase
spatulas,A instrument,-15.875,2,2token,not_valid_noun
spatulas,:],-15.875,1,single_token,not_valid_noun
spatulas,"""""""",-15.875,1,single_token,not_valid_noun
spatulas,hong,-15.875,1,single_token,incomplete_phrase
spatulas,Nes,-15.875,1,single_token,not_valid_noun
spatulas,gras,-15.875,1,single_token,not_valid_noun
spatulas,❤,-15.875,1,single_token,not_valid_noun
spatulas,says,-15.875,1,single_token,not_valid_noun
spatulas,gir,-15.875,1,single_token,not_valid_noun
spatulas,enter,-15.875,1,single_token,not_valid_noun
spatulas,sent,-15.875,1,single_token,incomplete_phrase
spatulas,objects and,-15.875,2,2token,incomplete_phrase
spatulas,objects ...,-15.875,2,2token,not_valid_noun
spatulas,affordable,-15.875,1,single_token,not_valid_noun
spatulas,OT,-15.875,1,single_token,not_valid_noun
spatulas,A cup,-15.875,2,2token,not_valid_noun
spatulas,prat,-15.875,1,single_token,incomplete_phrase
spatulas,iron for,-15.875,2,2token,not_valid_noun
spatulas,ins,-15.875,1,single_token,not_valid_noun
spatulas,bru,-15.875,1,single_token,not_valid_noun
spatulas,fac,-15.875,1,single_token,not_valid_noun
spatulas,large .,-15.875,2,2token,not_valid_noun
spatulas,large plastic,-15.875,2,2token,incomplete_phrase
spatulas,!!!,-15.875,1,single_token,not_valid_noun
spatulas,identical,-15.875,1,single_token,not_valid_noun
spatulas,icons,-15.875,1,single_token,not_valid_noun
spatulas,spoken,-15.875,1,single_token,not_valid_noun
spatulas,utility _______,-15.875,2,2token,not_valid_noun
spatulas,........ Answer,-15.875,2,2token,not_valid_noun
spatulas,br,-15.875,1,single_token,not_valid_noun
spatulas,dal,-15.875,1,single_token,incomplete_phrase
spatulas,buying,-15.875,1,single_token,not_valid_noun
spatulas,........ In,-15.875,2,2token,not_valid_noun
spatulas,….. Select,-15.875,2,2token,not_valid_noun
spatulas,shape in,-15.875,2,2token,not_valid_noun
spatulas,models,-15.875,1,single_token,not_valid_noun
spatulas,p the,-15.875,2,2token,not_valid_noun
spatulas,burn,-15.875,1,single_token,incomplete_phrase
spatulas,sandwich spreader,-15.875,2,2token,not_valid_noun
spatulas,bun,-15.875,1,single_token,not_valid_noun
spatulas,precise,-15.875,1,single_token,not_valid_noun
spatulas,cd,-15.875,1,single_token,not_valid_noun
spatulas,…………………… food,-15.875,2,2token,not_valid_noun
spatulas,glob,-15.875,1,single_token,not_valid_noun
spatulas,Ms,-15.875,1,single_token,not_valid_noun
spatulas,Basic,-15.875,1,single_token,incomplete_phrase
spatulas,€.,-15.875,1,single_token,not_valid_noun
spatulas,unlike,-15.875,1,single_token,not_valid_noun
spatulas,chosen,-15.875,1,single_token,incomplete_phrase
spatulas,sharing,-15.875,1,single_token,not_valid_noun
spatulas,allowed,-15.875,1,single_token,not_valid_noun
spatulas,………… …………,-15.875,2,2token,not_valid_noun
spatulas,Community,-15.875,1,single_token,incomplete_phrase
spatulas,formed,-15.875,1,single_token,not_valid_noun
spatulas,ga,-15.875,1,single_token,not_valid_noun
spatulas,fans,-15.875,1,single_token,not_valid_noun
spatulas,rese,-15.875,1,single_token,not_valid_noun
spatulas,- Read,-15.90625,2,2token,not_valid_noun
spatulas,gadget which,-15.90625,2,2token,incomplete_phrase
spatulas,measure ...,-15.90625,2,2token,not_valid_noun
spatulas,knives are,-15.90625,2,2token,incomplete_phrase
spatulas,s h,-15.90625,2,2token,not_valid_noun
spatulas,tableware _____,-15.90625,2,2token,not_valid_noun
spatulas,knives with,-15.90625,2,2token,incomplete_phrase
spatulas,brush _,-15.90625,2,2token,not_valid_noun
spatulas,chef ’,-15.90625,2,2token,not_valid_noun
spatulas,brush complete,-15.90625,2,2token,not_valid_noun
spatulas,kitchens items,-15.90625,2,2token,not_valid_noun
spatulas,serving …,-15.90625,2,2token,not_valid_noun
spatulas,tableware [,-15.90625,2,2token,not_valid_noun
spatulas,cuisine (,-15.90625,2,2token,not_valid_noun
spatulas,frying ________,-15.90625,2,2token,not_valid_noun
spatulas,dessert ...,-15.90625,2,2token,not_valid_noun
spatulas,for people,-15.90625,2,2token,not_valid_noun
spatulas,for your,-15.90625,2,2token,not_valid_noun
spatulas,cup (,-15.90625,2,2token,not_valid_noun
spatulas,instruments with,-15.90625,2,2token,incomplete_phrase
spatulas,for (,-15.90625,2,2token,not_valid_noun
spatulas,ut …,-15.90625,2,2token,not_valid_noun
spatulas,ut .,-15.90625,2,2token,not_valid_noun
spatulas,dessert eating,-15.90625,2,2token,incomplete_phrase
spatulas,__________,-15.90625,2,2token,not_valid_noun
spatulas,for ....,-15.90625,2,2token,not_valid_noun
spatulas,equipment [,-15.90625,2,2token,not_valid_noun
spatulas,equipment .....,-15.90625,2,2token,not_valid_noun
spatulas,for cook,-15.90625,2,2token,not_valid_noun
spatulas,equipment ….,-15.90625,2,2token,not_valid_noun
spatulas,dessert for,-15.90625,2,2token,incomplete_phrase
spatulas,spatula ____,-15.90625,2,2token,not_valid_noun
spatulas,spatula .....,-15.90625,2,2token,not_valid_noun
spatulas,spatula …,-15.90625,2,2token,not_valid_noun
spatulas,low,-15.9375,1,single_token,incomplete_phrase
spatulas,clear,-15.9375,1,single_token,incomplete_phrase
spatulas,Cal,-15.9375,1,single_token,incomplete_phrase
spatulas,Cuc,-15.9375,1,single_token,not_valid_noun
spatulas,portug,-15.9375,1,single_token,not_valid_noun
spatulas,xy,-15.9375,1,single_token,not_valid_noun
spatulas,cooks helpers,-15.9375,2,2token,not_valid_noun
spatulas,dinner serving,-15.9375,2,2token,incomplete_phrase
spatulas,holes,-15.9375,1,single_token,not_valid_noun
spatulas,laptop,-15.9375,1,single_token,not_valid_noun
spatulas,CAN,-15.9375,1,single_token,incomplete_phrase
spatulas,things like,-15.9375,2,2token,incomplete_phrase
spatulas,restaurant utensi,-15.9375,2,2token,incomplete_phrase
spatulas,[,-15.9375,2,2token,not_valid_noun
spatulas,[ instrument,-15.9375,2,2token,not_valid_noun
spatulas,ai,-15.9375,1,single_token,not_valid_noun
spatulas,kel,-15.9375,1,single_token,not_valid_noun
spatulas,kuh,-15.9375,1,single_token,not_valid_noun
spatulas,gather,-15.9375,1,single_token,incomplete_phrase
spatulas,tipped,-15.9375,1,single_token,not_valid_noun
spatulas,umm,-15.9375,1,single_token,not_valid_noun
spatulas,((),-15.9375,1,single_token,not_valid_noun
spatulas,¦,-15.9375,1,single_token,not_valid_noun
spatulas,mish,-15.9375,1,single_token,not_valid_noun
spatulas,‪,-15.9375,1,single_token,not_valid_noun
spatulas,unspecified,-15.9375,1,single_token,not_valid_noun
spatulas,roasting,-15.9375,1,single_token,incomplete_phrase
spatulas,✔,-15.9375,1,single_token,not_valid_noun
spatulas,conical,-15.9375,1,single_token,not_valid_noun
spatulas,fingers,-15.9375,1,single_token,not_valid_noun
spatulas,"',",-15.9375,1,single_token,not_valid_noun
spatulas,pouring,-15.9375,1,single_token,not_valid_noun
spatulas,photographic,-15.9375,1,single_token,incomplete_phrase
spatulas,(__,-15.9375,1,single_token,not_valid_noun
spatulas,towels,-15.9375,1,single_token,not_valid_noun
spatulas,dine,-15.9375,1,single_token,not_valid_noun
spatulas,cooperative,-15.9375,1,single_token,not_valid_noun
spatulas,restaurant equip,-15.9375,2,2token,incomplete_phrase
spatulas,But,-15.9375,1,single_token,not_valid_noun
spatulas,restaurant equi,-15.9375,2,2token,incomplete_phrase
spatulas,long,-15.9375,2,2token,not_valid_noun
spatulas,long flexible,-15.9375,2,2token,not_valid_noun
spatulas,long eating,-15.9375,2,2token,incomplete_phrase
spatulas,long used,-15.9375,2,2token,not_valid_noun
spatulas,long po,-15.9375,2,2token,not_valid_noun
spatulas,turning,-15.9375,1,single_token,incomplete_phrase
spatulas,tough,-15.9375,1,single_token,incomplete_phrase
spatulas,Christmas,-15.9375,1,single_token,incomplete_phrase
spatulas,ED,-15.9375,1,single_token,not_valid_noun
spatulas,¡,-15.9375,1,single_token,not_valid_noun
spatulas,restaurant table,-15.9375,2,2token,incomplete_phrase
spatulas,logo,-15.9375,1,single_token,not_valid_noun
spatulas,restaurant ut,-15.9375,2,2token,not_valid_noun
spatulas,inj,-15.9375,1,single_token,not_valid_noun
spatulas,conver,-15.9375,1,single_token,not_valid_noun
spatulas,Spanish,-15.9375,1,single_token,incomplete_phrase
spatulas,utensi,-15.9375,2,2token,not_valid_noun
spatulas,Form,-15.9375,1,single_token,incomplete_phrase
spatulas,gar,-15.9375,1,single_token,incomplete_phrase
spatulas,CON,-15.9375,1,single_token,incomplete_phrase
spatulas,dr,-15.9375,1,single_token,not_valid_noun
spatulas,industri,-15.9375,1,single_token,not_valid_noun
spatulas,oto,-15.9375,1,single_token,incomplete_phrase
spatulas,other ______,-15.9375,2,2token,not_valid_noun
spatulas,other measuring,-15.9375,2,2token,incomplete_phrase
spatulas,......... ________,-15.9375,2,2token,not_valid_noun
spatulas,resistant,-15.9375,1,single_token,not_valid_noun
spatulas,work equip,-15.9375,2,2token,incomplete_phrase
spatulas,other ...,-15.9375,2,2token,not_valid_noun
spatulas,......... instrument,-15.9375,2,2token,not_valid_noun
spatulas,productivity,-15.9375,1,single_token,incomplete_phrase
spatulas,occasions,-15.9375,1,single_token,not_valid_noun
spatulas,illustrations,-15.9375,1,single_token,not_valid_noun
spatulas,appli,-15.9375,1,single_token,not_valid_noun
spatulas,......... In,-15.9375,2,2token,not_valid_noun
spatulas,comparisons,-15.9375,1,single_token,not_valid_noun
spatulas,pretend,-15.9375,1,single_token,incomplete_phrase
spatulas,coarse,-15.9375,1,single_token,not_valid_noun
spatulas,…… the,-15.9375,2,2token,not_valid_noun
spatulas,video,-15.9375,1,single_token,incomplete_phrase
spatulas,able,-15.9375,1,single_token,not_valid_noun
spatulas,obje,-15.9375,1,single_token,not_valid_noun
spatulas,fib,-15.9375,1,single_token,incomplete_phrase
spatulas,…… You,-15.9375,2,2token,not_valid_noun
spatulas,…… In,-15.9375,2,2token,not_valid_noun
spatulas,…… fork,-15.9375,2,2token,not_valid_noun
spatulas,…… Sp,-15.9375,2,2token,not_valid_noun
spatulas,blade that,-15.9375,2,2token,incomplete_phrase
spatulas,cra,-15.9375,1,single_token,not_valid_noun
spatulas,may,-15.9375,1,single_token,incomplete_phrase
spatulas,Your,-15.9375,1,single_token,incomplete_phrase
spatulas,tennis,-15.9375,1,single_token,incomplete_phrase
spatulas,hypo,-15.9375,1,single_token,incomplete_phrase
spatulas,......... utensils,-15.9375,2,2token,not_valid_noun
spatulas,......... Correct,-15.9375,2,2token,not_valid_noun
spatulas,herbs,-15.9375,1,single_token,not_valid_noun
spatulas,melted,-15.9375,1,single_token,not_valid_noun
spatulas,which hand,-15.96875,2,2token,not_valid_noun
spatulas,pot …,-15.96875,2,2token,not_valid_noun
spatulas,.. COMPLETE,-15.96875,2,2token,not_valid_noun
spatulas,.. cutlery,-15.96875,2,2token,not_valid_noun
spatulas,home baking,-15.96875,2,2token,incomplete_phrase
spatulas,furniture utens,-15.96875,2,2token,incomplete_phrase
spatulas,device ________,-15.96875,2,2token,not_valid_noun
spatulas,device Used,-15.96875,2,2token,incomplete_phrase
spatulas,device you,-15.96875,2,2token,not_valid_noun
spatulas,scissors are,-15.96875,2,2token,incomplete_phrase
spatulas,(,-15.96875,2,2token,not_valid_noun
spatulas,spoons Use,-15.96875,2,2token,incomplete_phrase
spatulas,spoons What,-15.96875,2,2token,incomplete_phrase
spatulas,.. Find,-15.96875,2,2token,not_valid_noun
spatulas,pot ____________,-15.96875,2,2token,not_valid_noun
spatulas,which in,-15.96875,2,2token,not_valid_noun
spatulas,pastry baking,-15.96875,2,2token,incomplete_phrase
spatulas,to us,-15.96875,2,2token,not_valid_noun
spatulas,to remove,-15.96875,2,2token,not_valid_noun
spatulas,plastic ____,-15.96875,2,2token,not_valid_noun
spatulas,frying ____,-15.96875,2,2token,not_valid_noun
spatulas,common flat,-15.96875,2,2token,incomplete_phrase
spatulas,( ___,-15.96875,2,2token,not_valid_noun
spatulas,( fork,-15.96875,2,2token,not_valid_noun
spatulas,which equipment,-15.96875,2,2token,not_valid_noun
spatulas,( ],-15.96875,2,2token,not_valid_noun
spatulas,this that,-15.96875,2,2token,incomplete_phrase
spatulas,to tool,-15.96875,2,2token,not_valid_noun
spatulas,object I,-15.96875,2,2token,not_valid_noun
spatulas,pans are,-15.96875,2,2token,incomplete_phrase
spatulas,breakfast table,-15.96875,2,2token,incomplete_phrase
spatulas,can of,-15.96875,2,2token,not_valid_noun
spatulas,an _,-15.96875,2,2token,not_valid_noun
spatulas,paint,-15.96875,2,2token,incomplete_phrase
spatulas,( silverware,-15.96875,2,2token,not_valid_noun
spatulas,( utensils,-15.96875,2,2token,not_valid_noun
spatulas,--- fruit,-15.96875,2,2token,not_valid_noun
spatulas,--- ______,-15.96875,2,2token,not_valid_noun
spatulas,........... fruit,-15.96875,2,2token,not_valid_noun
spatulas,........... kitchen,-15.96875,2,2token,not_valid_noun
spatulas,"........... ,",-15.96875,2,2token,not_valid_noun
spatulas,--- A,-15.96875,2,2token,not_valid_noun
spatulas,--- I,-15.96875,2,2token,not_valid_noun
spatulas,--- ...,-15.96875,2,2token,not_valid_noun
spatulas,--- _.,-15.96875,2,2token,not_valid_noun
spatulas,breakfast cooking,-15.96875,2,2token,incomplete_phrase
spatulas,silverware -,-15.96875,2,2token,not_valid_noun
spatulas,silverware COMPLETE,-15.96875,2,2token,not_valid_noun
spatulas,silverware .....,-15.96875,2,2token,not_valid_noun
spatulas,pots (,-15.96875,2,2token,not_valid_noun
spatulas,--- ____,-15.96875,2,2token,not_valid_noun
spatulas,item at,-15.96875,2,2token,not_valid_noun
spatulas,thing or,-15.96875,2,2token,not_valid_noun
spatulas,implements -,-15.96875,2,2token,not_valid_noun
spatulas,.. -,-15.96875,2,2token,not_valid_noun
spatulas,pastry ...,-15.96875,2,2token,not_valid_noun
spatulas,implements …,-15.96875,2,2token,not_valid_noun
spatulas,( /,-15.96875,2,2token,not_valid_noun
spatulas,( type,-15.96875,2,2token,not_valid_noun
spatulas,scissors for,-15.96875,2,2token,incomplete_phrase
spatulas,sports,-15.96875,2,2token,incomplete_phrase
spatulas,----- Choose,-15.96875,2,2token,not_valid_noun
spatulas,hosts,-16.0,1,single_token,not_valid_noun
spatulas,plants,-16.0,1,single_token,not_valid_noun
spatulas,customers,-16.0,1,single_token,not_valid_noun
spatulas,colle,-16.0,1,single_token,not_valid_noun
spatulas,Mu,-16.0,1,single_token,not_valid_noun
spatulas,UK,-16.0,1,single_token,not_valid_noun
spatulas,Indian,-16.0,1,single_token,incomplete_phrase
spatulas,fol,-16.0,1,single_token,not_valid_noun
spatulas,automatic,-16.0,1,single_token,incomplete_phrase
spatulas,till,-16.0,1,single_token,incomplete_phrase
spatulas,vital,-16.0,1,single_token,not_valid_noun
spatulas,hip,-16.0,1,single_token,incomplete_phrase
spatulas,shovel with,-16.0,2,2token,not_valid_noun
spatulas,MY,-16.0,1,single_token,not_valid_noun
spatulas,(-,-16.0,1,single_token,not_valid_noun
spatulas,Greek,-16.0,1,single_token,incomplete_phrase
spatulas,western,-16.0,1,single_token,incomplete_phrase
spatulas,used (,-16.0,2,2token,not_valid_noun
spatulas,….. Answer,-16.0,2,2token,not_valid_noun
spatulas,type or,-16.0,2,2token,not_valid_noun
spatulas,….. Which,-16.0,2,2token,not_valid_noun
spatulas,useful piece,-16.0,2,2token,incomplete_phrase
spatulas,useful Kitchen,-16.0,2,2token,incomplete_phrase
spatulas,useful ____,-16.0,2,2token,not_valid_noun
spatulas,useful _______,-16.0,2,2token,not_valid_noun
spatulas,useful hand,-16.0,2,2token,incomplete_phrase
spatulas,WHY,-16.0,1,single_token,not_valid_noun
spatulas,Ine,-16.0,1,single_token,not_valid_noun
spatulas,oo,-16.0,1,single_token,not_valid_noun
spatulas,tre,-16.0,1,single_token,not_valid_noun
spatulas,「,-16.0,1,single_token,not_valid_noun
spatulas,Children,-16.0,1,single_token,incomplete_phrase
spatulas,containing,-16.0,1,single_token,not_valid_noun
spatulas,spac,-16.0,1,single_token,not_valid_noun
spatulas,Kinds,-16.0,1,single_token,not_valid_noun
spatulas,Cooking U,-16.0,2,2token,not_valid_noun
spatulas,used while,-16.0,2,2token,incomplete_phrase
spatulas,},-16.0,1,single_token,not_valid_noun
spatulas,del,-16.0,1,single_token,incomplete_phrase
spatulas,gu,-16.0,1,single_token,not_valid_noun
spatulas,iron Article,-16.0,2,2token,incomplete_phrase
spatulas,iron ....,-16.0,2,2token,not_valid_noun
spatulas,container Fill,-16.0,2,2token,not_valid_noun
spatulas,en,-16.0,1,single_token,not_valid_noun
spatulas,container which,-16.0,2,2token,incomplete_phrase
spatulas,had,-16.0,1,single_token,not_valid_noun
spatulas,Math,-16.0,1,single_token,incomplete_phrase
spatulas,exc,-16.0,1,single_token,not_valid_noun
spatulas,viagra,-16.0,1,single_token,not_valid_noun
spatulas,messi,-16.0,1,single_token,not_valid_noun
spatulas,предме,-16.0,1,single_token,not_valid_noun
spatulas,A fork,-16.0,2,2token,not_valid_noun
spatulas,A a,-16.0,2,2token,not_valid_noun
spatulas,A the,-16.0,2,2token,not_valid_noun
spatulas,A pair,-16.0,2,2token,not_valid_noun
spatulas,A object,-16.0,2,2token,not_valid_noun
spatulas,A sentence,-16.0,2,2token,not_valid_noun
spatulas,A :,-16.0,2,2token,not_valid_noun
spatulas,langu,-16.0,1,single_token,not_valid_noun
spatulas,auxili,-16.0,1,single_token,not_valid_noun
spatulas,movable,-16.0,1,single_token,incomplete_phrase
spatulas,greek,-16.0,1,single_token,incomplete_phrase
spatulas,speci,-16.0,1,single_token,not_valid_noun
spatulas,spanish,-16.0,1,single_token,incomplete_phrase
spatulas,MEASUREMENTS,-16.0,1,single_token,not_valid_noun
spatulas,cookie ___________,-16.0,2,2token,not_valid_noun
spatulas,принадле,-16.0,1,single_token,not_valid_noun
spatulas,improvised,-16.0,1,single_token,not_valid_noun
spatulas,handcrafted,-16.0,1,single_token,not_valid_noun
spatulas,constr,-16.0,1,single_token,not_valid_noun
spatulas,cookie _______,-16.0,2,2token,not_valid_noun
spatulas,Inst,-16.0,1,single_token,not_valid_noun
spatulas,compan,-16.0,1,single_token,not_valid_noun
spatulas,atta,-16.0,1,single_token,incomplete_phrase
spatulas,IN,-16.0,1,single_token,not_valid_noun
spatulas,p The,-16.0,2,2token,not_valid_noun
spatulas,$^{,-16.0,1,single_token,not_valid_noun
spatulas,Au,-16.0,1,single_token,not_valid_noun
spatulas,shovel COMPLETE,-16.0,2,2token,not_valid_noun
spatulas,large hand,-16.0,2,2token,incomplete_phrase
spatulas,shovel ....,-16.0,2,2token,not_valid_noun
spatulas,shovel ...,-16.0,2,2token,not_valid_noun
spatulas,large sharp,-16.0,2,2token,incomplete_phrase
spatulas,large pieces,-16.0,2,2token,incomplete_phrase
spatulas,foods to,-16.0,2,2token,not_valid_noun
spatulas,foods (,-16.0,2,2token,not_valid_noun
spatulas,foods for,-16.0,2,2token,incomplete_phrase
spatulas,foods utens,-16.0,2,2token,not_valid_noun
spatulas,forked,-16.0,1,single_token,not_valid_noun
spatulas,/-,-16.0,1,single_token,not_valid_noun
spatulas,KIND,-16.0,1,single_token,incomplete_phrase
spatulas,playground,-16.0,1,single_token,incomplete_phrase
spatulas,Julie,-16.0,1,single_token,incomplete_phrase
spatulas,ferr,-16.0,1,single_token,not_valid_noun
spatulas,cleanup,-16.0,1,single_token,incomplete_phrase
spatulas,forbidden,-16.0,1,single_token,not_valid_noun
spatulas,weighing,-16.0,1,single_token,incomplete_phrase
spatulas,spp,-16.0,1,single_token,not_valid_noun
spatulas,ci,-16.0,1,single_token,not_valid_noun
spatulas,$=$,-16.0,1,single_token,not_valid_noun
spatulas,{|,-16.0,1,single_token,not_valid_noun
spatulas,Pok,-16.0,1,single_token,not_valid_noun
spatulas,cats,-16.0,1,single_token,not_valid_noun
spatulas,refers,-16.0,1,single_token,not_valid_noun
spatulas,loo,-16.0,1,single_token,incomplete_phrase
spatulas,ложки,-16.0,1,single_token,not_valid_noun
spatulas,décor,-16.0,1,single_token,not_valid_noun
spatulas,diving,-16.0,1,single_token,incomplete_phrase
spatulas,utility _____,-16.0,2,2token,not_valid_noun
spatulas,wiel,-16.0,1,single_token,not_valid_noun
spatulas,study,-16.0,1,single_token,incomplete_phrase
spatulas,dessert and,-16.03125,2,2token,incomplete_phrase
spatulas,piece .,-16.03125,2,2token,not_valid_noun
spatulas,Spoon is,-16.03125,2,2token,not_valid_noun
spatulas,Spoon ...,-16.03125,2,2token,not_valid_noun
spatulas,equipment :,-16.03125,2,2token,not_valid_noun
spatulas,equipment related,-16.03125,2,2token,incomplete_phrase
spatulas,equipment ..,-16.03125,2,2token,not_valid_noun
spatulas,equipment Edit,-16.03125,2,2token,incomplete_phrase
spatulas,equipment ____,-16.03125,2,2token,not_valid_noun
spatulas,.............. Match,-16.03125,2,2token,not_valid_noun
spatulas,.............. Read,-16.03125,2,2token,not_valid_noun
spatulas,instruments _______,-16.03125,2,2token,not_valid_noun
spatulas,measure to,-16.03125,2,2token,not_valid_noun
spatulas,measure in,-16.03125,2,2token,not_valid_noun
spatulas,eat it,-16.03125,2,2token,not_valid_noun
spatulas,stove or,-16.03125,2,2token,not_valid_noun
spatulas,knives to,-16.03125,2,2token,not_valid_noun
spatulas,measure ing,-16.03125,2,2token,incomplete_phrase
spatulas,instruments made,-16.03125,2,2token,incomplete_phrase
spatulas,s o,-16.03125,2,2token,not_valid_noun
spatulas,Tools that,-16.03125,2,2token,incomplete_phrase
spatulas,kitchens utensi,-16.03125,2,2token,not_valid_noun
spatulas,art (,-16.03125,2,2token,not_valid_noun
spatulas,for decorating,-16.03125,2,2token,not_valid_noun
spatulas,for cooks,-16.03125,2,2token,not_valid_noun
spatulas,for k,-16.03125,2,2token,not_valid_noun
spatulas,for storing,-16.03125,2,2token,not_valid_noun
spatulas,tableware :,-16.03125,2,2token,not_valid_noun
spatulas,hand …,-16.03125,2,2token,not_valid_noun
spatulas,p .....,-16.03125,2,2token,not_valid_noun
spatulas,p at,-16.03125,2,2token,not_valid_noun
spatulas,silver and,-16.03125,2,2token,incomplete_phrase
spatulas,silver ________,-16.03125,2,2token,not_valid_noun
spatulas,egg ____,-16.03125,2,2token,not_valid_noun
spatulas,hand a,-16.03125,2,2token,not_valid_noun
spatulas,spatula kind,-16.03125,2,2token,incomplete_phrase
spatulas,spatula /,-16.03125,2,2token,not_valid_noun
spatulas,spatula :,-16.03125,2,2token,not_valid_noun
spatulas,spatula COMPLETE,-16.03125,2,2token,not_valid_noun
spatulas,spatula the,-16.03125,2,2token,incomplete_phrase
spatulas,__ |,-16.03125,2,2token,not_valid_noun
spatulas,__ are,-16.03125,2,2token,not_valid_noun
spatulas,__ is,-16.03125,2,2token,not_valid_noun
spatulas,pans in,-16.0625,2,2token,not_valid_noun
spatulas,pans for,-16.0625,2,2token,incomplete_phrase
spatulas,wood ______,-16.0625,2,2token,not_valid_noun
spatulas,work ____,-16.0625,2,2token,not_valid_noun
spatulas,pans ...,-16.0625,2,2token,not_valid_noun
spatulas,......... knives,-16.0625,2,2token,not_valid_noun
spatulas,cooker Read,-16.0625,2,2token,not_valid_noun
spatulas,cooker ut,-16.0625,2,2token,not_valid_noun
spatulas,......... of,-16.0625,2,2token,not_valid_noun
spatulas,......... Tools,-16.0625,2,2token,not_valid_noun
spatulas,KITCHEN …,-16.0625,2,2token,not_valid_noun
spatulas,other culinary,-16.0625,2,2token,incomplete_phrase
spatulas,cooker Ut,-16.0625,2,2token,not_valid_noun
spatulas,other kitchens,-16.0625,2,2token,incomplete_phrase
spatulas,long ____,-16.0625,2,2token,not_valid_noun
spatulas,long ...,-16.0625,2,2token,not_valid_noun
spatulas,blade and,-16.0625,2,2token,incomplete_phrase
spatulas,[ a,-16.0625,2,2token,not_valid_noun
spatulas,…… We,-16.0625,2,2token,not_valid_noun
spatulas,…… They,-16.0625,2,2token,not_valid_noun
spatulas,…… and,-16.0625,2,2token,not_valid_noun
spatulas,long ___,-16.0625,2,2token,not_valid_noun
spatulas,dining utensi,-16.0625,2,2token,incomplete_phrase
spatulas,bread _______,-16.0625,2,2token,not_valid_noun
spatulas,pot is,-16.09375,2,2token,not_valid_noun
spatulas,gardening equip,-16.09375,2,2token,incomplete_phrase
spatulas,o _______,-16.09375,2,2token,not_valid_noun
spatulas,thing I,-16.09375,2,2token,not_valid_noun
spatulas,thing a,-16.09375,2,2token,not_valid_noun
spatulas,helper ________,-16.09375,2,2token,not_valid_noun
spatulas,breakfast eating,-16.09375,2,2token,incomplete_phrase
spatulas,to find,-16.09375,2,2token,not_valid_noun
spatulas,.. Which,-16.09375,2,2token,not_valid_noun
spatulas,.. knife,-16.09375,2,2token,not_valid_noun
spatulas,to ....,-16.09375,2,2token,not_valid_noun
spatulas,silverware which,-16.09375,2,2token,incomplete_phrase
spatulas,sports utens,-16.09375,2,2token,incomplete_phrase
spatulas,an essential,-16.09375,2,2token,not_valid_noun
spatulas,can (,-16.09375,2,2token,not_valid_noun
spatulas,home care,-16.09375,2,2token,incomplete_phrase
spatulas,---,-16.09375,2,2token,not_valid_noun
spatulas,eat utens,-16.09375,2,2token,incomplete_phrase
spatulas,device /,-16.09375,2,2token,not_valid_noun
spatulas,spoons by,-16.09375,2,2token,not_valid_noun
spatulas,furniture in,-16.09375,2,2token,not_valid_noun
spatulas,pastry ______,-16.09375,2,2token,not_valid_noun
spatulas,pastry _______,-16.09375,2,2token,not_valid_noun
spatulas,scissors ....,-16.09375,2,2token,not_valid_noun
spatulas,kitchens ____________,-16.09375,2,2token,not_valid_noun
spatulas,scissors ...,-16.09375,2,2token,not_valid_noun
spatulas,p ____________,-16.09375,2,2token,not_valid_noun
spatulas,fruits (,-16.09375,2,2token,not_valid_noun
spatulas,bake .,-16.09375,2,2token,not_valid_noun
spatulas,........... Tools,-16.09375,2,2token,not_valid_noun
spatulas,........... and,-16.09375,2,2token,not_valid_noun
spatulas,........... Answer,-16.09375,2,2token,not_valid_noun
spatulas,device we,-16.09375,2,2token,not_valid_noun
spatulas,........... Correct,-16.09375,2,2token,not_valid_noun
spatulas,spoons ….,-16.09375,2,2token,not_valid_noun
spatulas,o p,-16.09375,2,2token,not_valid_noun
spatulas,--- equipment,-16.09375,2,2token,not_valid_noun
spatulas,silverware Answer,-16.09375,2,2token,not_valid_noun
spatulas,spoons,-16.09375,2,2token,not_valid_noun
spatulas,plastic and,-16.09375,2,2token,incomplete_phrase
spatulas,cut .,-16.09375,2,2token,not_valid_noun
spatulas,........... cutlery,-16.09375,2,2token,not_valid_noun
spatulas,s _______,-16.09375,2,2token,not_valid_noun
spatulas,an _____,-16.09375,2,2token,not_valid_noun
spatulas,silverware Fill,-16.09375,2,2token,not_valid_noun
spatulas,pots used,-16.09375,2,2token,incomplete_phrase
spatulas,pastry or,-16.09375,2,2token,not_valid_noun
spatulas,large measuring,-16.125,2,2token,incomplete_phrase
spatulas,large _____,-16.125,2,2token,not_valid_noun
spatulas,........ How,-16.125,2,2token,not_valid_noun
spatulas,........ metal,-16.125,2,2token,not_valid_noun
spatulas,........ tool,-16.125,2,2token,not_valid_noun
spatulas,........ Match,-16.125,2,2token,not_valid_noun
spatulas,........ ........,-16.125,2,2token,not_valid_noun
spatulas,jo,-16.125,1,single_token,not_valid_noun
spatulas,........ are,-16.125,2,2token,not_valid_noun
spatulas,........ -,-16.125,2,2token,not_valid_noun
spatulas,und,-16.125,1,single_token,not_valid_noun
spatulas,Y,-16.125,1,single_token,not_valid_noun
spatulas,shape or,-16.125,2,2token,not_valid_noun
spatulas,By,-16.125,1,single_token,not_valid_noun
spatulas,shape utens,-16.125,2,2token,incomplete_phrase
spatulas,ce,-16.125,1,single_token,not_valid_noun
spatulas,give,-16.125,1,single_token,incomplete_phrase
spatulas,shape used,-16.125,2,2token,incomplete_phrase
spatulas,ear,-16.125,1,single_token,incomplete_phrase
spatulas,So,-16.125,1,single_token,not_valid_noun
spatulas,around,-16.125,1,single_token,not_valid_noun
spatulas,mas,-16.125,1,single_token,incomplete_phrase
spatulas,а,-16.125,1,single_token,not_valid_noun
spatulas,shall,-16.125,1,single_token,not_valid_noun
spatulas,glass (,-16.125,2,2token,not_valid_noun
spatulas,==,-16.125,1,single_token,not_valid_noun
spatulas,iron with,-16.125,2,2token,not_valid_noun
spatulas,scra,-16.125,1,single_token,not_valid_noun
spatulas,Cul,-16.125,1,single_token,not_valid_noun
spatulas,tej,-16.125,1,single_token,not_valid_noun
spatulas,young,-16.125,1,single_token,incomplete_phrase
spatulas,together,-16.125,1,single_token,not_valid_noun
spatulas,once,-16.125,1,single_token,not_valid_noun
spatulas,diets,-16.125,1,single_token,not_valid_noun
spatulas,Miscellaneous,-16.125,1,single_token,not_valid_noun
spatulas,&#,-16.125,1,single_token,not_valid_noun
spatulas,complementary,-16.125,1,single_token,incomplete_phrase
spatulas,pars,-16.125,1,single_token,not_valid_noun
spatulas,?”,-16.125,1,single_token,not_valid_noun
spatulas,gil,-16.125,1,single_token,incomplete_phrase
spatulas,USED,-16.125,1,single_token,not_valid_noun
spatulas,Sim,-16.125,1,single_token,incomplete_phrase
spatulas,World,-16.125,1,single_token,incomplete_phrase
spatulas,include,-16.125,1,single_token,not_valid_noun
spatulas,research,-16.125,1,single_token,incomplete_phrase
spatulas,burnt,-16.125,1,single_token,not_valid_noun
spatulas,Oh,-16.125,1,single_token,not_valid_noun
spatulas,num,-16.125,1,single_token,not_valid_noun
spatulas,adapted,-16.125,1,single_token,not_valid_noun
spatulas,Ме,-16.125,1,single_token,not_valid_noun
spatulas,PI,-16.125,1,single_token,not_valid_noun
spatulas,quickly,-16.125,1,single_token,not_valid_noun
spatulas,DO,-16.125,1,single_token,not_valid_noun
spatulas,upper,-16.125,1,single_token,incomplete_phrase
spatulas,gaps,-16.125,1,single_token,not_valid_noun
spatulas,brush ____,-16.125,2,2token,not_valid_noun
spatulas,lam,-16.125,1,single_token,incomplete_phrase
spatulas,teh,-16.125,1,single_token,not_valid_noun
spatulas,🙂,-16.125,1,single_token,not_valid_noun
spatulas,器,-16.125,1,single_token,not_valid_noun
spatulas,sib,-16.125,1,single_token,incomplete_phrase
spatulas,scri,-16.125,1,single_token,not_valid_noun
spatulas,miss,-16.125,1,single_token,incomplete_phrase
spatulas,crochet,-16.125,1,single_token,incomplete_phrase
spatulas,Unlike,-16.125,1,single_token,not_valid_noun
spatulas,folded,-16.125,1,single_token,not_valid_noun
spatulas,gree,-16.125,1,single_token,not_valid_noun
spatulas,hooks,-16.125,1,single_token,not_valid_noun
spatulas,Relative,-16.125,1,single_token,incomplete_phrase
spatulas,Traditional,-16.125,1,single_token,not_valid_noun
spatulas,…………………… The,-16.125,2,2token,not_valid_noun
spatulas,british,-16.125,1,single_token,incomplete_phrase
spatulas,scar,-16.125,1,single_token,incomplete_phrase
spatulas,nav,-16.125,1,single_token,not_valid_noun
spatulas,references,-16.125,1,single_token,not_valid_noun
spatulas,opt,-16.125,1,single_token,not_valid_noun
spatulas,A C,-16.125,2,2token,not_valid_noun
spatulas,lower,-16.125,1,single_token,incomplete_phrase
spatulas,ara,-16.125,1,single_token,incomplete_phrase
spatulas,iii,-16.125,1,single_token,not_valid_noun
spatulas,…………………… Write,-16.125,2,2token,not_valid_noun
spatulas,beau,-16.125,1,single_token,incomplete_phrase
spatulas,fon,-16.125,1,single_token,incomplete_phrase
spatulas,Ordinary,-16.125,1,single_token,incomplete_phrase
spatulas,Pr,-16.125,1,single_token,not_valid_noun
spatulas,A type,-16.125,2,2token,not_valid_noun
spatulas,✅,-16.125,1,single_token,not_valid_noun
spatulas,salads,-16.125,1,single_token,not_valid_noun
spatulas,Cooke,-16.125,1,single_token,not_valid_noun
spatulas,😀,-16.125,1,single_token,not_valid_noun
spatulas,:(,-16.125,1,single_token,not_valid_noun
spatulas,forme,-16.125,1,single_token,not_valid_noun
spatulas,historic,-16.125,1,single_token,not_valid_noun
spatulas,】,-16.125,1,single_token,not_valid_noun
spatulas,twice,-16.125,1,single_token,not_valid_noun
spatulas,rough,-16.125,1,single_token,incomplete_phrase
spatulas,dol,-16.125,1,single_token,incomplete_phrase
spatulas,Sports,-16.125,1,single_token,incomplete_phrase
spatulas,squ,-16.125,1,single_token,not_valid_noun
spatulas,Küchen,-16.125,1,single_token,not_valid_noun
spatulas,VEGET,-16.125,1,single_token,not_valid_noun
spatulas,Synonyms,-16.125,1,single_token,not_valid_noun
spatulas,pect,-16.125,1,single_token,not_valid_noun
spatulas,corks,-16.125,1,single_token,incomplete_phrase
spatulas,dieting,-16.125,1,single_token,not_valid_noun
spatulas,candies,-16.125,1,single_token,not_valid_noun
spatulas,tells,-16.125,1,single_token,not_valid_noun
spatulas,machining,-16.125,1,single_token,not_valid_noun
spatulas,Portug,-16.125,1,single_token,not_valid_noun
spatulas,valuable,-16.125,1,single_token,incomplete_phrase
spatulas,domes,-16.125,1,single_token,not_valid_noun
spatulas,container utens,-16.125,2,2token,incomplete_phrase
spatulas,Auxiliary,-16.125,1,single_token,incomplete_phrase
spatulas,useful house,-16.125,2,2token,incomplete_phrase
spatulas,mexican,-16.125,1,single_token,incomplete_phrase
spatulas,sere,-16.125,1,single_token,not_valid_noun
spatulas,machined,-16.125,1,single_token,not_valid_noun
spatulas,EDC,-16.125,1,single_token,not_valid_noun
spatulas,egy,-16.125,1,single_token,not_valid_noun
spatulas,coins,-16.125,1,single_token,not_valid_noun
spatulas,+++,-16.125,1,single_token,not_valid_noun
spatulas,_{,-16.125,1,single_token,not_valid_noun
spatulas,🤷,-16.125,1,single_token,not_valid_noun
spatulas,.:,-16.125,1,single_token,not_valid_noun
spatulas,～,-16.125,1,single_token,not_valid_noun
spatulas,Whats,-16.125,1,single_token,incomplete_phrase
spatulas,PPE,-16.125,1,single_token,not_valid_noun
spatulas,rau,-16.125,1,single_token,not_valid_noun
spatulas,spoiled,-16.125,1,single_token,not_valid_noun
spatulas,xxxx,-16.125,1,single_token,not_valid_noun
spatulas,sir,-16.125,1,single_token,incomplete_phrase
spatulas,hardworking,-16.125,1,single_token,not_valid_noun
spatulas,detailed,-16.125,1,single_token,not_valid_noun
spatulas,type o,-16.125,2,2token,not_valid_noun
spatulas,useful ...,-16.125,2,2token,not_valid_noun
spatulas,type ...,-16.125,2,2token,not_valid_noun
spatulas,useful (,-16.125,2,2token,not_valid_noun
spatulas,useful for,-16.125,2,2token,not_valid_noun
spatulas,zo,-16.125,1,single_token,not_valid_noun
spatulas,tes,-16.125,1,single_token,not_valid_noun
spatulas,trop,-16.125,1,single_token,not_valid_noun
spatulas,Mexican,-16.125,1,single_token,incomplete_phrase
spatulas,balanced,-16.125,1,single_token,not_valid_noun
spatulas,surf,-16.125,1,single_token,incomplete_phrase
spatulas,twenty,-16.125,1,single_token,incomplete_phrase
spatulas,Four,-16.125,1,single_token,incomplete_phrase
spatulas,Global,-16.125,1,single_token,not_valid_noun
spatulas,objects found,-16.125,2,2token,incomplete_phrase
spatulas,shovel that,-16.125,2,2token,incomplete_phrase
spatulas,objects around,-16.125,2,2token,incomplete_phrase
spatulas,shovel in,-16.125,2,2token,not_valid_noun
spatulas,….. spoons,-16.125,2,2token,not_valid_noun
spatulas,….. ________,-16.125,2,2token,not_valid_noun
spatulas,….. Tools,-16.125,2,2token,not_valid_noun
spatulas,….. kitchen,-16.125,2,2token,not_valid_noun
spatulas,NON,-16.125,1,single_token,incomplete_phrase
spatulas,HAND,-16.125,1,single_token,incomplete_phrase
spatulas,XD,-16.125,1,single_token,not_valid_noun
spatulas,to …,-16.15625,2,2token,not_valid_noun
spatulas,knives that,-16.15625,2,2token,incomplete_phrase
spatulas,knives ______,-16.15625,2,2token,not_valid_noun
spatulas,dessert serving,-16.15625,2,2token,incomplete_phrase
spatulas,kitchens gadgets,-16.15625,2,2token,not_valid_noun
spatulas,kitchens a,-16.15625,2,2token,not_valid_noun
spatulas,kitchens kitchen,-16.15625,2,2token,incomplete_phrase
spatulas,silver ...,-16.15625,2,2token,not_valid_noun
spatulas,silver serving,-16.15625,2,2token,incomplete_phrase
spatulas,silver _______,-16.15625,2,2token,not_valid_noun
spatulas,to -,-16.15625,2,2token,not_valid_noun
spatulas,p ___,-16.15625,2,2token,not_valid_noun
spatulas,art in,-16.15625,2,2token,not_valid_noun
spatulas,art and,-16.15625,2,2token,incomplete_phrase
spatulas,cut,-16.15625,2,2token,incomplete_phrase
spatulas,.............. instrument,-16.15625,2,2token,not_valid_noun
spatulas,Tool that,-16.15625,2,2token,incomplete_phrase
spatulas,Tool complete,-16.15625,2,2token,not_valid_noun
spatulas,for you,-16.15625,2,2token,not_valid_noun
spatulas,for scraping,-16.15625,2,2token,not_valid_noun
spatulas,.............. Select,-16.15625,2,2token,not_valid_noun
spatulas,.............. Tools,-16.15625,2,2token,not_valid_noun
spatulas,sp utens,-16.15625,2,2token,not_valid_noun
spatulas,serving t,-16.15625,2,2token,not_valid_noun
spatulas,s i,-16.15625,2,2token,not_valid_noun
spatulas,cut and,-16.15625,2,2token,not_valid_noun
spatulas,spatula A,-16.15625,2,2token,not_valid_noun
spatulas,tableware Read,-16.15625,2,2token,not_valid_noun
spatulas,tableware COMPLETE,-16.15625,2,2token,not_valid_noun
spatulas,ut (,-16.15625,2,2token,not_valid_noun
spatulas,spatula _,-16.15625,2,2token,not_valid_noun
spatulas,stove (,-16.15625,2,2token,not_valid_noun
spatulas,stove utensi,-16.15625,2,2token,incomplete_phrase
spatulas,egg measuring,-16.15625,2,2token,incomplete_phrase
spatulas,cuisine cooking,-16.15625,2,2token,incomplete_phrase
spatulas,measure and,-16.15625,2,2token,incomplete_phrase
spatulas,appliance on,-16.15625,2,2token,not_valid_noun
spatulas,appliance _____,-16.15625,2,2token,not_valid_noun
spatulas,gadget ...,-16.15625,2,2token,not_valid_noun
spatulas,musical ...,-16.15625,2,2token,not_valid_noun
spatulas,[,-16.1875,2,2token,not_valid_noun
spatulas,wood in,-16.1875,2,2token,not_valid_noun
spatulas,kind ...,-16.1875,2,2token,not_valid_noun
spatulas,kind a,-16.1875,2,2token,not_valid_noun
spatulas,wood ...,-16.1875,2,2token,not_valid_noun
spatulas,bread ____________,-16.1875,2,2token,not_valid_noun
spatulas,blade in,-16.1875,2,2token,not_valid_noun
spatulas,dinner ________,-16.1875,2,2token,not_valid_noun
spatulas,bread ______,-16.1875,2,2token,not_valid_noun
spatulas,pen Complete,-16.1875,2,2token,not_valid_noun
spatulas,dining _______,-16.1875,2,2token,not_valid_noun
spatulas,work ______,-16.1875,2,2token,not_valid_noun
spatulas,......... Answer,-16.1875,2,2token,not_valid_noun
spatulas,pans complete,-16.1875,2,2token,not_valid_noun
spatulas,pans ________,-16.1875,2,2token,not_valid_noun
spatulas,pans _______,-16.1875,2,2token,not_valid_noun
spatulas,restaurant ________,-16.1875,2,2token,not_valid_noun
spatulas,pans that,-16.1875,2,2token,incomplete_phrase
spatulas,instruments complete,-16.1875,2,2token,not_valid_noun
spatulas,cooks ...,-16.1875,2,2token,not_valid_noun
spatulas,cooks (,-16.1875,2,2token,not_valid_noun
spatulas,KITCHEN ____,-16.1875,2,2token,not_valid_noun
spatulas,piece kitchen,-16.1875,2,2token,incomplete_phrase
spatulas,accessory or,-16.1875,2,2token,not_valid_noun
spatulas,KITCHEN APP,-16.1875,2,2token,incomplete_phrase
spatulas,piece (,-16.1875,2,2token,not_valid_noun
spatulas,......... _______,-16.1875,2,2token,not_valid_noun
spatulas,......... .......,-16.1875,2,2token,not_valid_noun
spatulas,sp tools,-16.1875,2,2token,not_valid_noun
spatulas,......... equipment,-16.1875,2,2token,not_valid_noun
spatulas,kind kitchen,-16.1875,2,2token,incomplete_phrase
spatulas,pastry -,-16.21875,2,2token,not_valid_noun
spatulas,teaspoon (,-16.21875,2,2token,not_valid_noun
spatulas,pastry _,-16.21875,2,2token,not_valid_noun
spatulas,( insert,-16.21875,2,2token,not_valid_noun
spatulas,( knife,-16.21875,2,2token,not_valid_noun
spatulas,( herramienta,-16.21875,2,2token,not_valid_noun
spatulas,"--- ,",-16.21875,2,2token,not_valid_noun
spatulas,--- ....,-16.21875,2,2token,not_valid_noun
spatulas,--- Food,-16.21875,2,2token,not_valid_noun
spatulas,--- ________,-16.21875,2,2token,not_valid_noun
spatulas,--- knife,-16.21875,2,2token,not_valid_noun
spatulas,appliances ...,-16.21875,2,2token,not_valid_noun
spatulas,appliances or,-16.21875,2,2token,not_valid_noun
spatulas,--- utens,-16.21875,2,2token,not_valid_noun
spatulas,appliances and,-16.21875,2,2token,incomplete_phrase
spatulas,device _______,-16.21875,2,2token,not_valid_noun
spatulas,bla,-16.21875,2,2token,not_valid_noun
spatulas,.. Correct,-16.21875,2,2token,not_valid_noun
spatulas,furniture for,-16.21875,2,2token,incomplete_phrase
spatulas,writing .,-16.21875,2,2token,not_valid_noun
spatulas,.. Select,-16.21875,2,2token,not_valid_noun
spatulas,.. Tools,-16.21875,2,2token,not_valid_noun
spatulas,.. utens,-16.21875,2,2token,not_valid_noun
spatulas,.. _,-16.21875,2,2token,not_valid_noun
spatulas,........... utensils,-16.21875,2,2token,not_valid_noun
spatulas,eat ____,-16.21875,2,2token,not_valid_noun
spatulas,"( ),",-16.21875,2,2token,not_valid_noun
spatulas,s ________,-16.21875,2,2token,not_valid_noun
spatulas,s -,-16.21875,2,2token,not_valid_noun
spatulas,s and,-16.21875,2,2token,not_valid_noun
spatulas,device Read,-16.21875,2,2token,not_valid_noun
spatulas,eat or,-16.21875,2,2token,not_valid_noun
spatulas,--- and,-16.21875,2,2token,not_valid_noun
spatulas,( fruit,-16.21875,2,2token,not_valid_noun
spatulas,s ______,-16.21875,2,2token,not_valid_noun
spatulas,plastic in,-16.21875,2,2token,not_valid_noun
spatulas,--- of,-16.21875,2,2token,not_valid_noun
spatulas,--- in,-16.21875,2,2token,not_valid_noun
spatulas,an old,-16.21875,2,2token,not_valid_noun
spatulas,........... of,-16.21875,2,2token,not_valid_noun
spatulas,o u,-16.21875,2,2token,not_valid_noun
spatulas,o (,-16.21875,2,2token,not_valid_noun
spatulas,plastic for,-16.21875,2,2token,incomplete_phrase
spatulas,........... knife,-16.21875,2,2token,not_valid_noun
spatulas,........... ________,-16.21875,2,2token,not_valid_noun
spatulas,plastic ...,-16.21875,2,2token,not_valid_noun
spatulas,plastic eating,-16.21875,2,2token,incomplete_phrase
spatulas,device ...,-16.21875,2,2token,not_valid_noun
spatulas,s of,-16.21875,2,2token,not_valid_noun
spatulas,s t,-16.21875,2,2token,not_valid_noun
spatulas,an cutlery,-16.21875,2,2token,not_valid_noun
spatulas,breakfast Read,-16.21875,2,2token,not_valid_noun
spatulas,hand _______,-16.21875,2,2token,not_valid_noun
spatulas,hand _____,-16.21875,2,2token,not_valid_noun
spatulas,thing like,-16.21875,2,2token,incomplete_phrase
spatulas,implements needed,-16.21875,2,2token,not_valid_noun
spatulas,helper ______,-16.21875,2,2token,not_valid_noun
spatulas,helper or,-16.21875,2,2token,not_valid_noun
spatulas,implements Edit,-16.21875,2,2token,incomplete_phrase
spatulas,bake shop,-16.21875,2,2token,incomplete_phrase
spatulas,----- _.,-16.21875,2,2token,not_valid_noun
spatulas,common .,-16.21875,2,2token,not_valid_noun
spatulas,common use,-16.21875,2,2token,incomplete_phrase
spatulas,common home,-16.21875,2,2token,incomplete_phrase
spatulas,common measuring,-16.21875,2,2token,incomplete_phrase
spatulas,"to ,",-16.21875,2,2token,not_valid_noun
spatulas,to table,-16.21875,2,2token,not_valid_noun
spatulas,loaded,-16.25,1,single_token,not_valid_noun
spatulas,thorough,-16.25,1,single_token,not_valid_noun
spatulas,tons,-16.25,1,single_token,incomplete_phrase
spatulas,coup,-16.25,1,single_token,incomplete_phrase
spatulas,bags,-16.25,1,single_token,not_valid_noun
spatulas,multip,-16.25,1,single_token,not_valid_noun
spatulas,ese,-16.25,1,single_token,not_valid_noun
spatulas,movies,-16.25,1,single_token,not_valid_noun
spatulas,Those,-16.25,1,single_token,not_valid_noun
spatulas,objects Used,-16.25,2,2token,incomplete_phrase
spatulas,objects related,-16.25,2,2token,incomplete_phrase
spatulas,objects needed,-16.25,2,2token,not_valid_noun
spatulas,objects like,-16.25,2,2token,incomplete_phrase
spatulas,objects at,-16.25,2,2token,not_valid_noun
spatulas,sci,-16.25,1,single_token,not_valid_noun
spatulas,dealing,-16.25,1,single_token,incomplete_phrase
spatulas,$(\,-16.25,1,single_token,not_valid_noun
spatulas,glu,-16.25,1,single_token,not_valid_noun
spatulas,ALL,-16.25,1,single_token,incomplete_phrase
spatulas,hall,-16.25,1,single_token,incomplete_phrase
spatulas,Hi,-16.25,1,single_token,not_valid_noun
spatulas,Joseph,-16.25,1,single_token,incomplete_phrase
spatulas,African,-16.25,1,single_token,incomplete_phrase
spatulas,inner,-16.25,1,single_token,not_valid_noun
spatulas,Earth,-16.25,1,single_token,incomplete_phrase
spatulas,Because,-16.25,1,single_token,not_valid_noun
spatulas,Ing,-16.25,1,single_token,incomplete_phrase
spatulas,pac,-16.25,1,single_token,incomplete_phrase
spatulas,Another,-16.25,1,single_token,incomplete_phrase
spatulas,pip,-16.25,1,single_token,incomplete_phrase
spatulas,impossible,-16.25,1,single_token,incomplete_phrase
spatulas,lav,-16.25,1,single_token,not_valid_noun
spatulas,doors,-16.25,1,single_token,not_valid_noun
spatulas,neither,-16.25,1,single_token,not_valid_noun
spatulas,ani,-16.25,1,single_token,incomplete_phrase
spatulas,Category,-16.25,1,single_token,incomplete_phrase
spatulas,café,-16.25,1,single_token,not_valid_noun
spatulas,….. knife,-16.25,2,2token,not_valid_noun
spatulas,….. You,-16.25,2,2token,not_valid_noun
spatulas,…..,-16.25,2,2token,not_valid_noun
spatulas,burning,-16.25,1,single_token,incomplete_phrase
spatulas,Among,-16.25,1,single_token,not_valid_noun
spatulas,THAT,-16.25,1,single_token,not_valid_noun
spatulas,Fast,-16.25,1,single_token,incomplete_phrase
spatulas,Disney,-16.25,1,single_token,not_valid_noun
spatulas,bits,-16.25,1,single_token,not_valid_noun
spatulas,suppose,-16.25,1,single_token,not_valid_noun
spatulas,ry,-16.25,1,single_token,not_valid_noun
spatulas,implemented,-16.25,1,single_token,not_valid_noun
spatulas,Une,-16.25,1,single_token,not_valid_noun
spatulas,scr,-16.25,1,single_token,not_valid_noun
spatulas,SUP,-16.25,1,single_token,incomplete_phrase
spatulas,cet,-16.25,1,single_token,not_valid_noun
spatulas,shovel _______,-16.25,2,2token,not_valid_noun
spatulas,shovel is,-16.25,2,2token,not_valid_noun
spatulas,large ______,-16.25,2,2token,not_valid_noun
spatulas,………… ….,-16.25,2,2token,not_valid_noun
spatulas,large table,-16.25,2,2token,incomplete_phrase
spatulas,large and,-16.25,2,2token,not_valid_noun
spatulas,foods or,-16.25,2,2token,not_valid_noun
spatulas,........ .......,-16.25,2,2token,not_valid_noun
spatulas,........ .....,-16.25,2,2token,not_valid_noun
spatulas,........ Select,-16.25,2,2token,not_valid_noun
spatulas,........ Food,-16.25,2,2token,not_valid_noun
spatulas,........ ..,-16.25,2,2token,not_valid_noun
spatulas,........ They,-16.25,2,2token,not_valid_noun
spatulas,........ ?,-16.25,2,2token,not_valid_noun
spatulas,........ You,-16.25,2,2token,not_valid_noun
spatulas,........ is,-16.25,2,2token,not_valid_noun
spatulas,........ and,-16.25,2,2token,not_valid_noun
spatulas,tex,-16.25,1,single_token,not_valid_noun
spatulas,used like,-16.25,2,2token,incomplete_phrase
spatulas,ah,-16.25,1,single_token,not_valid_noun
spatulas,tv,-16.25,1,single_token,not_valid_noun
spatulas,ME,-16.25,1,single_token,not_valid_noun
spatulas,stars,-16.25,1,single_token,not_valid_noun
spatulas,shared,-16.25,1,single_token,not_valid_noun
spatulas,internal,-16.25,1,single_token,not_valid_noun
spatulas,snow,-16.25,1,single_token,incomplete_phrase
spatulas,wants,-16.25,1,single_token,not_valid_noun
spatulas,south,-16.25,1,single_token,incomplete_phrase
spatulas,reduce,-16.25,1,single_token,not_valid_noun
spatulas,merge,-16.25,1,single_token,not_valid_noun
spatulas,twist,-16.25,1,single_token,incomplete_phrase
spatulas,lis,-16.25,1,single_token,incomplete_phrase
spatulas,atra,-16.25,1,single_token,not_valid_noun
spatulas,Sweet,-16.25,1,single_token,incomplete_phrase
spatulas,healthcare,-16.25,1,single_token,incomplete_phrase
spatulas,birthday,-16.25,1,single_token,incomplete_phrase
spatulas,gru,-16.25,1,single_token,not_valid_noun
spatulas,bij,-16.25,1,single_token,not_valid_noun
spatulas,mand,-16.25,1,single_token,incomplete_phrase
spatulas,minor,-16.25,1,single_token,incomplete_phrase
spatulas,;),-16.25,1,single_token,not_valid_noun
spatulas,choosing,-16.25,1,single_token,not_valid_noun
spatulas,conventional,-16.25,1,single_token,not_valid_noun
spatulas,phi,-16.25,1,single_token,incomplete_phrase
spatulas,organisation,-16.25,1,single_token,not_valid_noun
spatulas,Heat,-16.25,1,single_token,incomplete_phrase
spatulas,tay,-16.25,1,single_token,incomplete_phrase
spatulas,sleeping,-16.25,1,single_token,incomplete_phrase
spatulas,bulk,-16.25,1,single_token,incomplete_phrase
spatulas,EP,-16.25,1,single_token,not_valid_noun
spatulas,wy,-16.25,1,single_token,not_valid_noun
spatulas,Kitch,-16.25,1,single_token,not_valid_noun
spatulas,boating,-16.25,1,single_token,incomplete_phrase
spatulas,INSTR,-16.25,1,single_token,not_valid_noun
spatulas,Shapes,-16.25,1,single_token,not_valid_noun
spatulas,bulky,-16.25,1,single_token,not_valid_noun
spatulas,flaming,-16.25,1,single_token,incomplete_phrase
spatulas,microsoft,-16.25,1,single_token,incomplete_phrase
spatulas,hour,-16.25,1,single_token,incomplete_phrase
spatulas,winter,-16.25,1,single_token,incomplete_phrase
spatulas,bor,-16.25,1,single_token,incomplete_phrase
spatulas,George,-16.25,1,single_token,incomplete_phrase
spatulas,Figure,-16.25,1,single_token,incomplete_phrase
spatulas,conta,-16.25,1,single_token,not_valid_noun
spatulas,properties,-16.25,1,single_token,not_valid_noun
spatulas,Any,-16.25,1,single_token,incomplete_phrase
spatulas,Gold,-16.25,1,single_token,incomplete_phrase
spatulas,angled,-16.25,1,single_token,not_valid_noun
spatulas,LARGE,-16.25,1,single_token,incomplete_phrase
spatulas,agri,-16.25,1,single_token,not_valid_noun
spatulas,eu,-16.25,1,single_token,not_valid_noun
spatulas,bool,-16.25,1,single_token,not_valid_noun
spatulas,(,-16.25,1,single_token,not_valid_noun
spatulas,dul,-16.25,1,single_token,not_valid_noun
spatulas,drainage,-16.25,1,single_token,incomplete_phrase
spatulas,:-),-16.25,1,single_token,not_valid_noun
spatulas,tsp,-16.25,1,single_token,not_valid_noun
spatulas,gor,-16.25,1,single_token,incomplete_phrase
spatulas,$[,-16.25,1,single_token,not_valid_noun
spatulas,ras,-16.25,1,single_token,incomplete_phrase
spatulas,From,-16.25,1,single_token,not_valid_noun
spatulas,Dan,-16.25,1,single_token,incomplete_phrase
spatulas,tan,-16.25,1,single_token,incomplete_phrase
spatulas,minutes,-16.25,1,single_token,not_valid_noun
spatulas,clumsy,-16.25,1,single_token,not_valid_noun
spatulas,}.,-16.25,1,single_token,not_valid_noun
spatulas,eras,-16.25,1,single_token,not_valid_noun
spatulas,EAT,-16.25,1,single_token,not_valid_noun
spatulas,[_,-16.25,1,single_token,not_valid_noun
spatulas,unimportant,-16.25,1,single_token,not_valid_noun
spatulas,sandwich (,-16.25,2,2token,not_valid_noun
spatulas,wit,-16.25,1,single_token,incomplete_phrase
spatulas,trees,-16.25,1,single_token,not_valid_noun
spatulas,tel,-16.25,1,single_token,not_valid_noun
spatulas,rub,-16.25,1,single_token,incomplete_phrase
spatulas,nim,-16.25,1,single_token,incomplete_phrase
spatulas,definitions,-16.25,1,single_token,not_valid_noun
spatulas,Creative,-16.25,1,single_token,not_valid_noun
spatulas,rolled,-16.25,1,single_token,not_valid_noun
spatulas,cole,-16.25,1,single_token,incomplete_phrase
spatulas,planes,-16.25,1,single_token,not_valid_noun
spatulas,esse,-16.25,1,single_token,not_valid_noun
spatulas,p ot,-16.25,2,2token,not_valid_noun
spatulas,p This,-16.25,2,2token,not_valid_noun
spatulas,toy complete,-16.25,2,2token,not_valid_noun
spatulas,toy (,-16.25,2,2token,not_valid_noun
spatulas,utensi …,-16.25,2,2token,not_valid_noun
spatulas,iron ing,-16.25,2,2token,incomplete_phrase
spatulas,iron -,-16.25,2,2token,not_valid_noun
spatulas,literary,-16.25,1,single_token,not_valid_noun
spatulas,type cooking,-16.25,2,2token,incomplete_phrase
spatulas,Ca,-16.25,1,single_token,not_valid_noun
spatulas,wie,-16.25,1,single_token,not_valid_noun
spatulas,Work,-16.25,1,single_token,incomplete_phrase
spatulas,TV,-16.25,1,single_token,not_valid_noun
spatulas,sind,-16.25,1,single_token,incomplete_phrase
spatulas,consist,-16.25,1,single_token,not_valid_noun
spatulas,Black,-16.25,1,single_token,incomplete_phrase
spatulas,possible,-16.25,1,single_token,incomplete_phrase
spatulas,away,-16.25,1,single_token,not_valid_noun
spatulas,cli,-16.25,1,single_token,not_valid_noun
spatulas,av,-16.25,1,single_token,not_valid_noun
spatulas,stage,-16.25,1,single_token,incomplete_phrase
spatulas,institu,-16.25,1,single_token,incomplete_phrase
spatulas,users,-16.25,1,single_token,not_valid_noun
spatulas,learning,-16.25,1,single_token,incomplete_phrase
spatulas,gro,-16.25,1,single_token,not_valid_noun
spatulas,grained,-16.25,1,single_token,not_valid_noun
spatulas,¢,-16.25,1,single_token,not_valid_noun
spatulas,.),-16.25,1,single_token,not_valid_noun
spatulas,moulds,-16.25,1,single_token,not_valid_noun
spatulas,brush ...,-16.25,2,2token,not_valid_noun
spatulas,brush -,-16.25,2,2token,not_valid_noun
spatulas,mach,-16.25,1,single_token,not_valid_noun
spatulas,whether,-16.25,1,single_token,not_valid_noun
spatulas,getting,-16.25,1,single_token,incomplete_phrase
spatulas,ru,-16.25,1,single_token,not_valid_noun
spatulas,Ag,-16.25,1,single_token,not_valid_noun
spatulas,IS,-16.25,1,single_token,not_valid_noun
spatulas,points,-16.25,1,single_token,not_valid_noun
spatulas,Pe,-16.25,1,single_token,not_valid_noun
spatulas,gran,-16.25,1,single_token,not_valid_noun
spatulas,bot,-16.25,1,single_token,incomplete_phrase
spatulas,impro,-16.25,1,single_token,not_valid_noun
spatulas,mi,-16.25,1,single_token,not_valid_noun
spatulas,useful eating,-16.25,2,2token,incomplete_phrase
spatulas,kook,-16.25,1,single_token,not_valid_noun
spatulas,tional,-16.25,1,single_token,not_valid_noun
spatulas,tos,-16.25,1,single_token,not_valid_noun
spatulas,fc,-16.25,1,single_token,not_valid_noun
spatulas,licence,-16.25,1,single_token,not_valid_noun
spatulas,tet,-16.25,1,single_token,not_valid_noun
spatulas,burger,-16.25,1,single_token,not_valid_noun
spatulas,specially,-16.25,1,single_token,not_valid_noun
spatulas,decorated,-16.25,1,single_token,not_valid_noun
spatulas,Julia,-16.25,1,single_token,incomplete_phrase
spatulas,conducting,-16.25,1,single_token,incomplete_phrase
spatulas,Aid,-16.25,1,single_token,not_valid_noun
spatulas,ater,-16.25,1,single_token,incomplete_phrase
spatulas,youre,-16.25,1,single_token,not_valid_noun
spatulas,Descri,-16.25,1,single_token,not_valid_noun
spatulas,european,-16.25,1,single_token,incomplete_phrase
spatulas,Beste,-16.25,1,single_token,not_valid_noun
spatulas,isto,-16.25,1,single_token,not_valid_noun
spatulas,magical,-16.25,1,single_token,not_valid_noun
spatulas,HEL,-16.25,1,single_token,not_valid_noun
spatulas,sunny,-16.25,1,single_token,not_valid_noun
spatulas,bugs,-16.25,1,single_token,not_valid_noun
spatulas,``,-16.25,1,single_token,not_valid_noun
spatulas,lasting,-16.25,1,single_token,not_valid_noun
spatulas,carbo,-16.25,1,single_token,incomplete_phrase
spatulas,dum,-16.25,1,single_token,not_valid_noun
spatulas,Suppose,-16.25,1,single_token,not_valid_noun
spatulas,ply,-16.25,1,single_token,incomplete_phrase
spatulas,Ost,-16.25,1,single_token,not_valid_noun
spatulas,Jobs,-16.25,1,single_token,not_valid_noun
spatulas,womens,-16.25,1,single_token,not_valid_noun
spatulas,markings,-16.25,1,single_token,not_valid_noun
spatulas,objets,-16.25,1,single_token,not_valid_noun
spatulas,stirred,-16.25,1,single_token,not_valid_noun
spatulas,🤔,-16.25,1,single_token,not_valid_noun
spatulas,Misc,-16.25,1,single_token,not_valid_noun
spatulas,ern,-16.25,1,single_token,not_valid_noun
spatulas,hul,-16.25,1,single_token,not_valid_noun
spatulas,kue,-16.25,1,single_token,not_valid_noun
spatulas,Grandma,-16.25,1,single_token,incomplete_phrase
spatulas,draining,-16.25,1,single_token,not_valid_noun
spatulas,prick,-16.25,1,single_token,incomplete_phrase
spatulas,COMMON,-16.25,1,single_token,incomplete_phrase
spatulas,england,-16.25,1,single_token,not_valid_noun
spatulas,unclean,-16.25,1,single_token,not_valid_noun
spatulas,$<$,-16.25,1,single_token,not_valid_noun
spatulas,conductive,-16.25,1,single_token,not_valid_noun
spatulas,Cheap,-16.25,1,single_token,not_valid_noun
spatulas,repairing,-16.25,1,single_token,not_valid_noun
spatulas,forcing,-16.25,1,single_token,not_valid_noun
spatulas,restaurante,-16.25,1,single_token,not_valid_noun
spatulas,anne,-16.25,1,single_token,incomplete_phrase
spatulas,toi,-16.25,1,single_token,not_valid_noun
spatulas,tablets,-16.25,1,single_token,not_valid_noun
spatulas,frying ______,-16.25,2,2token,not_valid_noun
spatulas,frying …,-16.25,2,2token,not_valid_noun
spatulas,frying cook,-16.25,2,2token,incomplete_phrase
spatulas,Ancient,-16.25,1,single_token,incomplete_phrase
spatulas,entertaining,-16.25,1,single_token,not_valid_noun
spatulas,furnish,-16.25,1,single_token,not_valid_noun
spatulas,Purpose,-16.25,1,single_token,incomplete_phrase
spatulas,slender,-16.25,1,single_token,not_valid_noun
spatulas,Eld,-16.25,1,single_token,incomplete_phrase
spatulas,vitamins,-16.25,1,single_token,not_valid_noun
spatulas,harry,-16.25,1,single_token,incomplete_phrase
spatulas,GER,-16.25,1,single_token,incomplete_phrase
spatulas,berries,-16.25,1,single_token,not_valid_noun
spatulas,iner,-16.25,1,single_token,not_valid_noun
spatulas,tailor,-16.25,1,single_token,incomplete_phrase
spatulas,❓,-16.25,1,single_token,not_valid_noun
spatulas,Excuse,-16.25,1,single_token,incomplete_phrase
spatulas,wield,-16.25,1,single_token,not_valid_noun
spatulas,owo,-16.25,1,single_token,not_valid_noun
spatulas,tif,-16.25,1,single_token,not_valid_noun
spatulas,hore,-16.25,1,single_token,not_valid_noun
spatulas,Gardening,-16.25,1,single_token,incomplete_phrase
spatulas,Objective,-16.25,1,single_token,incomplete_phrase
spatulas,[(,-16.25,1,single_token,not_valid_noun
spatulas,fries,-16.25,1,single_token,not_valid_noun
spatulas,CLEAN,-16.25,1,single_token,incomplete_phrase
spatulas,cmp,-16.25,1,single_token,not_valid_noun
spatulas,prot,-16.25,1,single_token,not_valid_noun
spatulas,manufactures,-16.25,1,single_token,not_valid_noun
spatulas,unhealthy,-16.25,1,single_token,not_valid_noun
spatulas,$[\,-16.25,1,single_token,not_valid_noun
spatulas,kui,-16.25,1,single_token,incomplete_phrase
spatulas,domesti,-16.25,1,single_token,not_valid_noun
spatulas,ikea,-16.25,1,single_token,not_valid_noun
spatulas,hobbies,-16.25,1,single_token,not_valid_noun
spatulas,Filipino,-16.25,1,single_token,incomplete_phrase
spatulas,Uses,-16.25,1,single_token,not_valid_noun
spatulas,Wed,-16.25,1,single_token,incomplete_phrase
spatulas,browsing,-16.25,1,single_token,incomplete_phrase
spatulas,Folk,-16.25,1,single_token,incomplete_phrase
spatulas,bending,-16.25,1,single_token,incomplete_phrase
spatulas,Ore,-16.25,1,single_token,incomplete_phrase
spatulas,gent,-16.25,1,single_token,incomplete_phrase
spatulas,piercing,-16.25,1,single_token,not_valid_noun
spatulas,///,-16.25,1,single_token,not_valid_noun
spatulas,ios,-16.25,1,single_token,not_valid_noun
spatulas,Invent,-16.25,1,single_token,not_valid_noun
spatulas,transpor,-16.25,1,single_token,not_valid_noun
spatulas,Soup,-16.25,1,single_token,incomplete_phrase
spatulas,cosmetics,-16.25,1,single_token,not_valid_noun
spatulas,advertisements,-16.25,1,single_token,not_valid_noun
spatulas,decorate,-16.25,1,single_token,not_valid_noun
spatulas,Verbs,-16.25,1,single_token,not_valid_noun
spatulas,Ihe,-16.25,1,single_token,incomplete_phrase
spatulas,²,-16.25,1,single_token,not_valid_noun
spatulas,Fs,-16.25,1,single_token,not_valid_noun
spatulas,lasagna,-16.25,1,single_token,not_valid_noun
spatulas,Wok,-16.25,1,single_token,not_valid_noun
spatulas,given,-16.25,1,single_token,incomplete_phrase
spatulas,occ,-16.25,1,single_token,not_valid_noun
spatulas,flo,-16.25,1,single_token,incomplete_phrase
spatulas,pra,-16.25,1,single_token,not_valid_noun
spatulas,happ,-16.25,1,single_token,not_valid_noun
spatulas,wi,-16.25,1,single_token,not_valid_noun
spatulas,fingernails,-16.25,1,single_token,not_valid_noun
spatulas,accessoire,-16.25,1,single_token,not_valid_noun
spatulas,CLEANING,-16.25,1,single_token,incomplete_phrase
spatulas,potting,-16.25,1,single_token,not_valid_noun
spatulas,ору,-16.25,1,single_token,not_valid_noun
spatulas,trans,-16.25,1,single_token,not_valid_noun
spatulas,spec,-16.25,1,single_token,incomplete_phrase
spatulas,im,-16.25,1,single_token,not_valid_noun
spatulas,combines,-16.25,1,single_token,not_valid_noun
spatulas,poo,-16.25,1,single_token,not_valid_noun
spatulas,mett,-16.25,1,single_token,not_valid_noun
spatulas,fats,-16.25,1,single_token,not_valid_noun
spatulas,attachments,-16.25,1,single_token,not_valid_noun
spatulas,к,-16.25,1,single_token,not_valid_noun
spatulas,Be,-16.25,1,single_token,not_valid_noun
spatulas,before,-16.25,1,single_token,not_valid_noun
spatulas,dist,-16.25,1,single_token,not_valid_noun
spatulas,stik,-16.25,1,single_token,not_valid_noun
spatulas,शे,-16.25,1,single_token,not_valid_noun
spatulas,,-16.25,1,single_token,not_valid_noun
spatulas,–>,-16.25,1,single_token,not_valid_noun
spatulas,grocer,-16.25,1,single_token,incomplete_phrase
spatulas,ter,-16.25,1,single_token,not_valid_noun
spatulas,stat,-16.25,1,single_token,not_valid_noun
spatulas,о,-16.25,1,single_token,not_valid_noun
spatulas,ar,-16.25,1,single_token,not_valid_noun
spatulas,fighting,-16.25,1,single_token,incomplete_phrase
spatulas,consists,-16.25,1,single_token,not_valid_noun
spatulas,Season,-16.25,1,single_token,incomplete_phrase
spatulas,glass and,-16.25,2,2token,incomplete_phrase
spatulas,farm imple,-16.25,2,2token,incomplete_phrase
spatulas,gadget Read,-16.28125,2,2token,not_valid_noun
spatulas,to for,-16.28125,2,2token,not_valid_noun
spatulas,to let,-16.28125,2,2token,not_valid_noun
spatulas,to tools,-16.28125,2,2token,not_valid_noun
spatulas,stove -,-16.28125,2,2token,not_valid_noun
spatulas,spatula The,-16.28125,2,2token,incomplete_phrase
spatulas,spatula type,-16.28125,2,2token,incomplete_phrase
spatulas,stove ____________,-16.28125,2,2token,not_valid_noun
spatulas,stove ...,-16.28125,2,2token,not_valid_noun
spatulas,appliance [,-16.28125,2,2token,not_valid_noun
spatulas,appliance called,-16.28125,2,2token,incomplete_phrase
spatulas,chef ingredient,-16.28125,2,2token,not_valid_noun
spatulas,o -,-16.28125,2,2token,not_valid_noun
spatulas,.............. I,-16.28125,2,2token,not_valid_noun
spatulas,stove and,-16.28125,2,2token,incomplete_phrase
spatulas,eat …,-16.28125,2,2token,not_valid_noun
spatulas,eat -,-16.28125,2,2token,not_valid_noun
spatulas,Tools complete,-16.28125,2,2token,not_valid_noun
spatulas,Tools to,-16.28125,2,2token,not_valid_noun
spatulas,egg _____,-16.28125,2,2token,not_valid_noun
spatulas,kitchens ....,-16.28125,2,2token,not_valid_noun
spatulas,Spoon utens,-16.28125,2,2token,incomplete_phrase
spatulas,Spoon a,-16.28125,2,2token,not_valid_noun
spatulas,egg shaped,-16.28125,2,2token,incomplete_phrase
spatulas,spatula shaped,-16.28125,2,2token,incomplete_phrase
spatulas,s in,-16.28125,2,2token,not_valid_noun
spatulas,hand ut,-16.28125,2,2token,not_valid_noun
spatulas,spatula __,-16.28125,2,2token,not_valid_noun
spatulas,art for,-16.28125,2,2token,incomplete_phrase
spatulas,for knives,-16.28125,2,2token,not_valid_noun
spatulas,appliance you,-16.28125,2,2token,incomplete_phrase
spatulas,ladle used,-16.28125,2,2token,incomplete_phrase
spatulas,tableware a,-16.28125,2,2token,not_valid_noun
spatulas,tableware ..,-16.28125,2,2token,not_valid_noun
spatulas,tableware by,-16.28125,2,2token,not_valid_noun
spatulas,tableware of,-16.28125,2,2token,not_valid_noun
spatulas,to i,-16.28125,2,2token,not_valid_noun
spatulas,measure Continue,-16.28125,2,2token,not_valid_noun
spatulas,measure ....,-16.28125,2,2token,not_valid_noun
spatulas,measure ________,-16.28125,2,2token,not_valid_noun
spatulas,.............. ....,-16.28125,2,2token,not_valid_noun
spatulas,for helping,-16.28125,2,2token,not_valid_noun
spatulas,o f,-16.28125,2,2token,not_valid_noun
spatulas,o ____,-16.28125,2,2token,not_valid_noun
spatulas,work shop,-16.3125,2,2token,incomplete_phrase
spatulas,work in,-16.3125,2,2token,not_valid_noun
spatulas,work _______,-16.3125,2,2token,not_valid_noun
spatulas,work ...,-16.3125,2,2token,not_valid_noun
spatulas,pen utens,-16.3125,2,2token,incomplete_phrase
spatulas,cooks _,-16.3125,2,2token,not_valid_noun
spatulas,......... You,-16.3125,2,2token,not_valid_noun
spatulas,......... _,-16.3125,2,2token,not_valid_noun
spatulas,"......... ,",-16.3125,2,2token,not_valid_noun
spatulas,pen ....,-16.3125,2,2token,not_valid_noun
spatulas,......... and,-16.3125,2,2token,not_valid_noun
spatulas,cooks essential,-16.3125,2,2token,incomplete_phrase
spatulas,instruments ________,-16.3125,2,2token,not_valid_noun
spatulas,bread machine,-16.3125,2,2token,not_valid_noun
spatulas,restaurant ...,-16.3125,2,2token,not_valid_noun
spatulas,dinner ...,-16.3125,2,2token,not_valid_noun
spatulas,iron on,-16.3125,2,2token,not_valid_noun
spatulas,accessory ....,-16.3125,2,2token,not_valid_noun
spatulas,p and,-16.3125,2,2token,not_valid_noun
spatulas,kind cooking,-16.3125,2,2token,incomplete_phrase
spatulas,bread ____,-16.3125,2,2token,not_valid_noun
spatulas,things a,-16.3125,2,2token,not_valid_noun
spatulas,cooker and,-16.3125,2,2token,incomplete_phrase
spatulas,dining _____,-16.3125,2,2token,not_valid_noun
spatulas,dining …,-16.3125,2,2token,not_valid_noun
spatulas,iron A,-16.3125,2,2token,not_valid_noun
spatulas,p what,-16.3125,2,2token,not_valid_noun
spatulas,accessory ...,-16.3125,2,2token,not_valid_noun
spatulas,iron to,-16.3125,2,2token,not_valid_noun
spatulas,cooks equipments,-16.3125,2,2token,not_valid_noun
spatulas,......... Which,-16.3125,2,2token,not_valid_noun
spatulas,......... COMPLETE,-16.3125,2,2token,not_valid_noun
spatulas,blade of,-16.3125,2,2token,not_valid_noun
spatulas,......... metal,-16.3125,2,2token,not_valid_noun
spatulas,......... .....,-16.3125,2,2token,not_valid_noun
spatulas,[ ...,-16.3125,2,2token,not_valid_noun
spatulas,to p,-16.34375,2,2token,not_valid_noun
spatulas,...........,-16.34375,2,2token,not_valid_noun
spatulas,........... Which,-16.34375,2,2token,not_valid_noun
spatulas,hand used,-16.34375,2,2token,incomplete_phrase
spatulas,thing they,-16.34375,2,2token,incomplete_phrase
spatulas,thing needed,-16.34375,2,2token,incomplete_phrase
spatulas,silverware ___________,-16.34375,2,2token,not_valid_noun
spatulas,home app,-16.34375,2,2token,incomplete_phrase
spatulas,----- knives,-16.34375,2,2token,not_valid_noun
spatulas,silverware a,-16.34375,2,2token,not_valid_noun
spatulas,silverware [,-16.34375,2,2token,not_valid_noun
spatulas,silverware /,-16.34375,2,2token,not_valid_noun
spatulas,silverware Read,-16.34375,2,2token,not_valid_noun
spatulas,common ______,-16.34375,2,2token,not_valid_noun
spatulas,common hand,-16.34375,2,2token,incomplete_phrase
spatulas,spoons _________,-16.34375,2,2token,not_valid_noun
spatulas,teaspoon and,-16.34375,2,2token,incomplete_phrase
spatulas,teaspoon or,-16.34375,2,2token,not_valid_noun
spatulas,spoons made,-16.34375,2,2token,incomplete_phrase
spatulas,spoons but,-16.34375,2,2token,incomplete_phrase
spatulas,spoons the,-16.34375,2,2token,incomplete_phrase
spatulas,spoons COMPLETE,-16.34375,2,2token,not_valid_noun
spatulas,kitchens [,-16.34375,2,2token,not_valid_noun
spatulas,spoons ___________,-16.34375,2,2token,not_valid_noun
spatulas,home _______,-16.34375,2,2token,not_valid_noun
spatulas,implements .....,-16.34375,2,2token,not_valid_noun
spatulas,--- -.,-16.34375,2,2token,not_valid_noun
spatulas,implements by,-16.34375,2,2token,not_valid_noun
spatulas,implements called,-16.34375,2,2token,not_valid_noun
spatulas,---,-16.34375,2,2token,not_valid_noun
spatulas,........... _,-16.34375,2,2token,not_valid_noun
spatulas,----- knife,-16.34375,2,2token,not_valid_noun
spatulas,an example,-16.34375,2,2token,not_valid_noun
spatulas,device Use,-16.34375,2,2token,incomplete_phrase
spatulas,Ut,-16.34375,2,2token,not_valid_noun
spatulas,an odd,-16.34375,2,2token,not_valid_noun
spatulas,an eat,-16.34375,2,2token,not_valid_noun
spatulas,an ....,-16.34375,2,2token,not_valid_noun
spatulas,an everyday,-16.34375,2,2token,not_valid_noun
spatulas,an ____________,-16.34375,2,2token,not_valid_noun
spatulas,implements,-16.34375,2,2token,not_valid_noun
spatulas,soup ingredient,-16.34375,2,2token,not_valid_noun
spatulas,furniture ...,-16.34375,2,2token,not_valid_noun
spatulas,an important,-16.34375,2,2token,not_valid_noun
spatulas,forks complete,-16.34375,2,2token,not_valid_noun
spatulas,an i,-16.34375,2,2token,not_valid_noun
spatulas,pots for,-16.34375,2,2token,incomplete_phrase
spatulas,implements you,-16.34375,2,2token,incomplete_phrase
spatulas,gardening imple,-16.34375,2,2token,incomplete_phrase
spatulas,gardening ...,-16.34375,2,2token,not_valid_noun
spatulas,helper and,-16.34375,2,2token,incomplete_phrase
spatulas,o j,-16.34375,2,2token,not_valid_noun
spatulas,soup ...,-16.34375,2,2token,not_valid_noun
spatulas,silver ______,-16.34375,2,2token,not_valid_noun
spatulas,scissors in,-16.34375,2,2token,not_valid_noun
spatulas,scissors or,-16.34375,2,2token,not_valid_noun
spatulas,scissors ________,-16.34375,2,2token,not_valid_noun
spatulas,ihe,-16.375,1,single_token,not_valid_noun
spatulas,wom,-16.375,1,single_token,not_valid_noun
spatulas,utility __,-16.375,2,2token,not_valid_noun
spatulas,utility or,-16.375,2,2token,not_valid_noun
spatulas,objects complete,-16.375,2,2token,not_valid_noun
spatulas,washable,-16.375,1,single_token,not_valid_noun
spatulas,__(,-16.375,1,single_token,not_valid_noun
spatulas,restaura,-16.375,1,single_token,not_valid_noun
spatulas,Definition,-16.375,1,single_token,incomplete_phrase
spatulas,elementary,-16.375,1,single_token,incomplete_phrase
spatulas,friends,-16.375,1,single_token,not_valid_noun
spatulas,grips,-16.375,1,single_token,not_valid_noun
spatulas,THESE,-16.375,1,single_token,not_valid_noun
spatulas,‏,-16.375,1,single_token,not_valid_noun
spatulas,-(,-16.375,1,single_token,not_valid_noun
spatulas,Indoor,-16.375,1,single_token,incomplete_phrase
spatulas,nib,-16.375,1,single_token,incomplete_phrase
spatulas,gc,-16.375,1,single_token,not_valid_noun
spatulas,crud,-16.375,1,single_token,not_valid_noun
spatulas,acti,-16.375,1,single_token,incomplete_phrase
spatulas,dan,-16.375,1,single_token,incomplete_phrase
spatulas,gener,-16.375,1,single_token,not_valid_noun
spatulas,tem,-16.375,1,single_token,not_valid_noun
spatulas,с,-16.375,1,single_token,not_valid_noun
spatulas,ma,-16.375,1,single_token,not_valid_noun
spatulas,laying,-16.375,1,single_token,incomplete_phrase
spatulas,humble,-16.375,1,single_token,not_valid_noun
spatulas,FOREIGN,-16.375,1,single_token,not_valid_noun
spatulas,Metallic,-16.375,1,single_token,incomplete_phrase
spatulas,'?,-16.375,1,single_token,not_valid_noun
spatulas,amuse,-16.375,1,single_token,not_valid_noun
spatulas,////,-16.375,1,single_token,not_valid_noun
spatulas,………… …,-16.375,2,2token,not_valid_noun
spatulas,recording,-16.375,1,single_token,incomplete_phrase
spatulas,hun,-16.375,1,single_token,incomplete_phrase
spatulas,meme,-16.375,1,single_token,not_valid_noun
spatulas,modified,-16.375,1,single_token,not_valid_noun
spatulas,dishes to,-16.375,2,2token,not_valid_noun
spatulas,jokes,-16.375,1,single_token,not_valid_noun
spatulas,"large ,",-16.375,2,2token,not_valid_noun
spatulas,inherit,-16.375,1,single_token,not_valid_noun
spatulas,matched,-16.375,1,single_token,not_valid_noun
spatulas,frying ut,-16.375,2,2token,not_valid_noun
spatulas,........ Which,-16.375,2,2token,not_valid_noun
spatulas,........ Are,-16.375,2,2token,not_valid_noun
spatulas,piece for,-16.375,2,2token,incomplete_phrase
spatulas,ferro,-16.375,1,single_token,not_valid_noun
spatulas,categories,-16.375,1,single_token,not_valid_noun
spatulas,Fab,-16.375,1,single_token,not_valid_noun
spatulas,directed,-16.375,1,single_token,not_valid_noun
spatulas,apro,-16.375,1,single_token,not_valid_noun
spatulas,Put,-16.375,1,single_token,incomplete_phrase
spatulas,dest,-16.375,1,single_token,not_valid_noun
spatulas,attached,-16.375,1,single_token,not_valid_noun
spatulas,Ray,-16.375,1,single_token,incomplete_phrase
spatulas,keeping,-16.375,1,single_token,incomplete_phrase
spatulas,Three,-16.375,1,single_token,incomplete_phrase
spatulas,older,-16.375,1,single_token,not_valid_noun
spatulas,diff,-16.375,1,single_token,not_valid_noun
spatulas,قاشق,-16.375,1,single_token,not_valid_noun
spatulas,tabl,-16.375,1,single_token,not_valid_noun
spatulas,-:,-16.375,1,single_token,not_valid_noun
spatulas,posses,-16.375,1,single_token,not_valid_noun
spatulas,frans,-16.375,1,single_token,not_valid_noun
spatulas,$\{$,-16.375,1,single_token,not_valid_noun
spatulas,horticulture,-16.375,1,single_token,incomplete_phrase
spatulas,phan,-16.375,1,single_token,not_valid_noun
spatulas,sharpened,-16.375,1,single_token,not_valid_noun
spatulas,sold,-16.375,1,single_token,not_valid_noun
spatulas,towards,-16.375,1,single_token,not_valid_noun
spatulas,Design,-16.375,1,single_token,incomplete_phrase
spatulas,bur,-16.375,1,single_token,incomplete_phrase
spatulas,books,-16.375,1,single_token,not_valid_noun
spatulas,Here,-16.375,1,single_token,incomplete_phrase
spatulas,Information,-16.375,1,single_token,incomplete_phrase
spatulas,Sur,-16.375,1,single_token,incomplete_phrase
spatulas,👍,-16.375,1,single_token,not_valid_noun
spatulas,indian,-16.375,1,single_token,incomplete_phrase
spatulas,shovel -,-16.375,2,2token,not_valid_noun
spatulas,large bla,-16.375,2,2token,incomplete_phrase
spatulas,large food,-16.375,2,2token,incomplete_phrase
spatulas,shes,-16.375,1,single_token,not_valid_noun
spatulas,flexib,-16.375,1,single_token,not_valid_noun
spatulas,Calories,-16.375,1,single_token,not_valid_noun
spatulas,moulding,-16.375,1,single_token,incomplete_phrase
spatulas,nationalities,-16.375,1,single_token,not_valid_noun
spatulas,▼,-16.375,1,single_token,not_valid_noun
spatulas,Containers,-16.375,1,single_token,not_valid_noun
spatulas,brush to,-16.375,2,2token,not_valid_noun
spatulas,elongated,-16.375,1,single_token,not_valid_noun
spatulas,used the,-16.375,2,2token,incomplete_phrase
spatulas,container _______,-16.375,2,2token,not_valid_noun
spatulas,container ________,-16.375,2,2token,not_valid_noun
spatulas,container ....,-16.375,2,2token,not_valid_noun
spatulas,FA,-16.375,1,single_token,not_valid_noun
spatulas,families,-16.375,1,single_token,not_valid_noun
spatulas,sisters,-16.375,1,single_token,not_valid_noun
spatulas,nn,-16.375,1,single_token,not_valid_noun
spatulas,classified,-16.375,1,single_token,incomplete_phrase
spatulas,Cold,-16.375,1,single_token,incomplete_phrase
spatulas,Five,-16.375,1,single_token,incomplete_phrase
spatulas,reducing,-16.375,1,single_token,incomplete_phrase
spatulas,"""-",-16.375,1,single_token,not_valid_noun
spatulas,thirty,-16.375,1,single_token,incomplete_phrase
spatulas,large ________,-16.375,2,2token,not_valid_noun
spatulas,….. _______,-16.375,2,2token,not_valid_noun
spatulas,….. We,-16.375,2,2token,not_valid_noun
spatulas,techno,-16.375,1,single_token,not_valid_noun
spatulas,mugs,-16.375,1,single_token,not_valid_noun
spatulas,sauces,-16.375,1,single_token,not_valid_noun
spatulas,,-16.375,1,single_token,not_valid_noun
spatulas,brush ....,-16.375,2,2token,not_valid_noun
spatulas,illustrated,-16.375,1,single_token,not_valid_noun
spatulas,searching,-16.375,1,single_token,not_valid_noun
spatulas,clippers,-16.375,1,single_token,not_valid_noun
spatulas,********,-16.375,1,single_token,not_valid_noun
spatulas,sandwich spreads,-16.375,2,2token,not_valid_noun
spatulas,used Kitchen,-16.375,2,2token,incomplete_phrase
spatulas,used inside,-16.375,2,2token,incomplete_phrase
spatulas,used only,-16.375,2,2token,not_valid_noun
spatulas,univer,-16.375,1,single_token,not_valid_noun
spatulas,Foo,-16.375,1,single_token,incomplete_phrase
spatulas,hu,-16.375,1,single_token,not_valid_noun
spatulas,Garden,-16.375,1,single_token,incomplete_phrase
spatulas,stored,-16.375,1,single_token,not_valid_noun
spatulas,members,-16.375,1,single_token,not_valid_noun
spatulas,With,-16.375,1,single_token,not_valid_noun
spatulas,err,-16.375,1,single_token,not_valid_noun
spatulas,cost,-16.375,1,single_token,incomplete_phrase
spatulas,next,-16.375,1,single_token,not_valid_noun
spatulas,«,-16.375,1,single_token,not_valid_noun
spatulas,container ...,-16.375,2,2token,not_valid_noun
spatulas,ref,-16.375,1,single_token,incomplete_phrase
spatulas,ent,-16.375,1,single_token,not_valid_noun
spatulas,large,-16.375,2,2token,incomplete_phrase
spatulas,woven,-16.375,1,single_token,not_valid_noun
spatulas,EF,-16.375,1,single_token,not_valid_noun
spatulas,æ,-16.375,1,single_token,not_valid_noun
spatulas,judging,-16.375,1,single_token,not_valid_noun
spatulas,compulsory,-16.375,1,single_token,not_valid_noun
spatulas,":,",-16.375,1,single_token,not_valid_noun
spatulas,rusty,-16.375,1,single_token,not_valid_noun
spatulas,essen,-16.375,1,single_token,not_valid_noun
spatulas,valid,-16.375,1,single_token,not_valid_noun
spatulas,refer,-16.375,1,single_token,not_valid_noun
spatulas,according,-16.375,1,single_token,not_valid_noun
spatulas,website,-16.375,1,single_token,not_valid_noun
spatulas,vers,-16.375,1,single_token,not_valid_noun
spatulas,¹,-16.375,1,single_token,not_valid_noun
spatulas,ine,-16.375,1,single_token,not_valid_noun
spatulas,shred,-16.375,1,single_token,incomplete_phrase
spatulas,sticking,-16.375,1,single_token,not_valid_noun
spatulas,reuse,-16.375,1,single_token,not_valid_noun
spatulas,Spor,-16.375,1,single_token,incomplete_phrase
spatulas,isnt,-16.375,1,single_token,not_valid_noun
spatulas,mr,-16.375,1,single_token,not_valid_noun
spatulas,periodic,-16.375,1,single_token,not_valid_noun
spatulas,handed,-16.375,1,single_token,not_valid_noun
spatulas,fy,-16.375,1,single_token,not_valid_noun
spatulas,servi,-16.375,1,single_token,not_valid_noun
spatulas,hey,-16.375,1,single_token,not_valid_noun
spatulas,UNE,-16.375,1,single_token,not_valid_noun
spatulas,tne,-16.375,1,single_token,not_valid_noun
spatulas,Trow,-16.375,1,single_token,incomplete_phrase
spatulas,"{}"".",-16.375,1,single_token,not_valid_noun
spatulas,chew,-16.375,1,single_token,incomplete_phrase
spatulas,FARM,-16.375,1,single_token,incomplete_phrase
spatulas,料理,-16.375,1,single_token,not_valid_noun
spatulas,africa,-16.375,1,single_token,not_valid_noun
spatulas,ought,-16.375,1,single_token,not_valid_noun
spatulas,printing,-16.375,1,single_token,incomplete_phrase
spatulas,type in,-16.375,2,2token,not_valid_noun
spatulas,ya,-16.375,1,single_token,not_valid_noun
spatulas,alla,-16.375,1,single_token,not_valid_noun
spatulas,protect,-16.375,1,single_token,not_valid_noun
spatulas,farm,-16.375,2,2token,incomplete_phrase
spatulas,shape and,-16.375,2,2token,incomplete_phrase
spatulas,musical,-16.40625,2,2token,incomplete_phrase
spatulas,gadget and,-16.40625,2,2token,incomplete_phrase
spatulas,for painting,-16.40625,2,2token,not_valid_noun
spatulas,for ________,-16.40625,2,2token,not_valid_noun
spatulas,tableware Comple,-16.40625,2,2token,incomplete_phrase
spatulas,tableware …,-16.40625,2,2token,not_valid_noun
spatulas,for _______,-16.40625,2,2token,not_valid_noun
spatulas,for doing,-16.40625,2,2token,not_valid_noun
spatulas,.............. utensils,-16.40625,2,2token,not_valid_noun
spatulas,ladle ...,-16.40625,2,2token,not_valid_noun
spatulas,Spoon used,-16.40625,2,2token,incomplete_phrase
spatulas,Spoon ....,-16.40625,2,2token,not_valid_noun
spatulas,appliance from,-16.40625,2,2token,incomplete_phrase
spatulas,appliance at,-16.40625,2,2token,not_valid_noun
spatulas,chef or,-16.40625,2,2token,not_valid_noun
spatulas,o en,-16.40625,2,2token,not_valid_noun
spatulas,appliance a,-16.40625,2,2token,not_valid_noun
spatulas,chef ?,-16.40625,2,2token,not_valid_noun
spatulas,chef equip,-16.40625,2,2token,incomplete_phrase
spatulas,chef ________,-16.40625,2,2token,not_valid_noun
spatulas,for for,-16.40625,2,2token,not_valid_noun
spatulas,Spoon The,-16.40625,2,2token,incomplete_phrase
spatulas,eat an,-16.40625,2,2token,not_valid_noun
spatulas,chef _______,-16.40625,2,2token,not_valid_noun
spatulas,knives -,-16.40625,2,2token,not_valid_noun
spatulas,an (,-16.40625,2,2token,not_valid_noun
spatulas,.............. fruit,-16.40625,2,2token,not_valid_noun
spatulas,can ...,-16.40625,2,2token,not_valid_noun
spatulas,an .....,-16.40625,2,2token,not_valid_noun
spatulas,an implements,-16.40625,2,2token,not_valid_noun
spatulas,an tools,-16.40625,2,2token,not_valid_noun
spatulas,s the,-16.40625,2,2token,not_valid_noun
spatulas,s s,-16.40625,2,2token,not_valid_noun
spatulas,Spoon ________,-16.40625,2,2token,not_valid_noun
spatulas,kni f,-16.40625,2,2token,not_valid_noun
spatulas,kni ....,-16.40625,2,2token,not_valid_noun
spatulas,eat your,-16.40625,2,2token,incomplete_phrase
spatulas,egg whis,-16.40625,2,2token,incomplete_phrase
spatulas,Tools in,-16.40625,2,2token,not_valid_noun
spatulas,.............. -,-16.40625,2,2token,not_valid_noun
spatulas,.............. kitchen,-16.40625,2,2token,not_valid_noun
spatulas,.............. In,-16.40625,2,2token,not_valid_noun
spatulas,ladle for,-16.40625,2,2token,not_valid_noun
spatulas,ladle with,-16.40625,2,2token,not_valid_noun
spatulas,appliance made,-16.40625,2,2token,incomplete_phrase
spatulas,appliance COMPLETE,-16.40625,2,2token,not_valid_noun
spatulas,bake _______,-16.40625,2,2token,not_valid_noun
spatulas,cooks __,-16.4375,2,2token,not_valid_noun
spatulas,instruments /,-16.4375,2,2token,not_valid_noun
spatulas,frying _______,-16.4375,2,2token,not_valid_noun
spatulas,frying or,-16.4375,2,2token,not_valid_noun
spatulas,frying _____,-16.4375,2,2token,not_valid_noun
spatulas,dinner ______,-16.4375,2,2token,not_valid_noun
spatulas,app ______,-16.4375,2,2token,not_valid_noun
spatulas,restaurant equipe,-16.4375,2,2token,incomplete_phrase
spatulas,work _____,-16.4375,2,2token,not_valid_noun
spatulas,material which,-16.4375,2,2token,incomplete_phrase
spatulas,bread utensils,-16.4375,2,2token,not_valid_noun
spatulas,cut …,-16.4375,2,2token,not_valid_noun
spatulas,cooker used,-16.4375,2,2token,incomplete_phrase
spatulas,kind in,-16.4375,2,2token,not_valid_noun
spatulas,pen ________,-16.4375,2,2token,not_valid_noun
spatulas,pen and,-16.4375,2,2token,incomplete_phrase
spatulas,instruments Read,-16.4375,2,2token,not_valid_noun
spatulas,accessory which,-16.4375,2,2token,incomplete_phrase
spatulas,accessory complete,-16.4375,2,2token,not_valid_noun
spatulas,sp ...,-16.4375,2,2token,not_valid_noun
spatulas,restaurant flat,-16.4375,2,2token,incomplete_phrase
spatulas,wood _______,-16.4375,2,2token,not_valid_noun
spatulas,wood -,-16.4375,2,2token,not_valid_noun
spatulas,accessory on,-16.4375,2,2token,not_valid_noun
spatulas,things called,-16.4375,2,2token,incomplete_phrase
spatulas,......... ..,-16.4375,2,2token,not_valid_noun
spatulas,bread (,-16.4375,2,2token,not_valid_noun
spatulas,dinner ____,-16.4375,2,2token,not_valid_noun
spatulas,wood work,-16.4375,2,2token,incomplete_phrase
spatulas,ut en,-16.4375,2,2token,not_valid_noun
spatulas,p ;,-16.4375,2,2token,not_valid_noun
spatulas,thing of,-16.46875,2,2token,not_valid_noun
spatulas,sp,-16.46875,2,2token,not_valid_noun
spatulas,common domestic,-16.46875,2,2token,incomplete_phrase
spatulas,common ________,-16.46875,2,2token,not_valid_noun
spatulas,silverware Correct,-16.46875,2,2token,not_valid_noun
spatulas,silverware ____________,-16.46875,2,2token,not_valid_noun
spatulas,silverware fruit,-16.46875,2,2token,incomplete_phrase
spatulas,sports utility,-16.46875,2,2token,incomplete_phrase
spatulas,........... .......,-16.46875,2,2token,not_valid_noun
spatulas,........... .....,-16.46875,2,2token,not_valid_noun
spatulas,........... COMPLETE,-16.46875,2,2token,not_valid_noun
spatulas,implements designed,-16.46875,2,2token,incomplete_phrase
spatulas,silver _____,-16.46875,2,2token,not_valid_noun
spatulas,fruits ....,-16.46875,2,2token,not_valid_noun
spatulas,common dish,-16.46875,2,2token,incomplete_phrase
spatulas,sports equip,-16.46875,2,2token,incomplete_phrase
spatulas,silver eating,-16.46875,2,2token,incomplete_phrase
spatulas,helper ...,-16.46875,2,2token,not_valid_noun
spatulas,fruits in,-16.46875,2,2token,not_valid_noun
spatulas,--- --,-16.46875,2,2token,not_valid_noun
spatulas,--- metal,-16.46875,2,2token,not_valid_noun
spatulas,implements from,-16.46875,2,2token,not_valid_noun
spatulas,paint (,-16.46875,2,2token,not_valid_noun
spatulas,s Read,-16.46875,2,2token,not_valid_noun
spatulas,........... ..,-16.46875,2,2token,not_valid_noun
spatulas,........... You,-16.46875,2,2token,not_valid_noun
spatulas,home ____,-16.46875,2,2token,not_valid_noun
spatulas,.. Food,-16.46875,2,2token,not_valid_noun
spatulas,home equip,-16.46875,2,2token,incomplete_phrase
spatulas,home décor,-16.46875,2,2token,not_valid_noun
spatulas,appliances which,-16.46875,2,2token,incomplete_phrase
spatulas,furniture complete,-16.46875,2,2token,not_valid_noun
spatulas,appliances ....,-16.46875,2,2token,not_valid_noun
spatulas,silver Complete,-16.46875,2,2token,not_valid_noun
spatulas,.. kitchen,-16.46875,2,2token,not_valid_noun
spatulas,gardening equi,-16.46875,2,2token,incomplete_phrase
spatulas,item or,-16.46875,2,2token,not_valid_noun
spatulas,appliances complete,-16.46875,2,2token,not_valid_noun
spatulas,furniture ....,-16.46875,2,2token,not_valid_noun
spatulas,--- __,-16.46875,2,2token,not_valid_noun
spatulas,----- a,-16.46875,2,2token,not_valid_noun
spatulas,can in,-16.46875,2,2token,not_valid_noun
spatulas,objects a,-16.5,2,2token,not_valid_noun
spatulas,used commonly,-16.5,2,2token,not_valid_noun
spatulas,glass used,-16.5,2,2token,incomplete_phrase
spatulas,glass for,-16.5,2,2token,incomplete_phrase
spatulas,brush /,-16.5,2,2token,not_valid_noun
spatulas,….. ....,-16.5,2,2token,not_valid_noun
spatulas,used primarily,-16.5,2,2token,not_valid_noun
spatulas,used all,-16.5,2,2token,not_valid_noun
spatulas,app (,-16.5,2,2token,not_valid_noun
spatulas,indust,-16.5,1,single_token,not_valid_noun
spatulas,large baking,-16.5,2,2token,incomplete_phrase
spatulas,piece if,-16.5,2,2token,not_valid_noun
spatulas,........ To,-16.5,2,2token,not_valid_noun
spatulas,........ We,-16.5,2,2token,not_valid_noun
spatulas,………… Food,-16.5,2,2token,not_valid_noun
spatulas,........ All,-16.5,2,2token,not_valid_noun
spatulas,used ______,-16.5,2,2token,not_valid_noun
spatulas,used _______,-16.5,2,2token,not_valid_noun
spatulas,container kitchen,-16.5,2,2token,incomplete_phrase
spatulas,container made,-16.5,2,2token,incomplete_phrase
spatulas,objects _______,-16.5,2,2token,not_valid_noun
spatulas,based,-16.5,1,single_token,not_valid_noun
spatulas,seen,-16.5,1,single_token,not_valid_noun
spatulas,@,-16.5,1,single_token,not_valid_noun
spatulas,over,-16.5,1,single_token,incomplete_phrase
spatulas,mod,-16.5,1,single_token,incomplete_phrase
spatulas,bas,-16.5,1,single_token,incomplete_phrase
spatulas,useful small,-16.5,2,2token,incomplete_phrase
spatulas,dinner party,-16.5,2,2token,incomplete_phrase
spatulas,….. -,-16.5,2,2token,not_valid_noun
spatulas,shovel Fill,-16.5,2,2token,not_valid_noun
spatulas,….. _,-16.5,2,2token,not_valid_noun
spatulas,........ knife,-16.5,2,2token,not_valid_noun
spatulas,bake utens,-16.5,2,2token,incomplete_phrase
spatulas,allow,-16.5,1,single_token,not_valid_noun
spatulas,shovel to,-16.5,2,2token,not_valid_noun
spatulas,….. How,-16.5,2,2token,not_valid_noun
spatulas,........ Correct,-16.5,2,2token,not_valid_noun
spatulas,........ Explain,-16.5,2,2token,not_valid_noun
spatulas,ut the,-16.5,2,2token,not_valid_noun
spatulas,foods kitchen,-16.5,2,2token,incomplete_phrase
spatulas,shape that,-16.5,2,2token,incomplete_phrase
spatulas,….. Fruit,-16.5,2,2token,not_valid_noun
spatulas,….. knives,-16.5,2,2token,not_valid_noun
spatulas,stove __,-16.53125,2,2token,not_valid_noun
spatulas,stove ut,-16.53125,2,2token,not_valid_noun
spatulas,utensi (,-16.53125,2,2token,not_valid_noun
spatulas,o a,-16.53125,2,2token,not_valid_noun
spatulas,appliance Use,-16.53125,2,2token,incomplete_phrase
spatulas,appliance Comple,-16.53125,2,2token,incomplete_phrase
spatulas,chef /,-16.53125,2,2token,not_valid_noun
spatulas,for fruit,-16.53125,2,2token,not_valid_noun
spatulas,"for ,",-16.53125,2,2token,not_valid_noun
spatulas,measure the,-16.53125,2,2token,incomplete_phrase
spatulas,utens I,-16.53125,2,2token,not_valid_noun
spatulas,utens ....,-16.53125,2,2token,not_valid_noun
spatulas,chef _,-16.53125,2,2token,not_valid_noun
spatulas,chef ____,-16.53125,2,2token,not_valid_noun
spatulas,ladle in,-16.53125,2,2token,not_valid_noun
spatulas,can or,-16.53125,2,2token,not_valid_noun
spatulas,can Open,-16.53125,2,2token,incomplete_phrase
spatulas,bla ...,-16.53125,2,2token,not_valid_noun
spatulas,Spoon A,-16.53125,2,2token,not_valid_noun
spatulas,an ice,-16.53125,2,2token,not_valid_noun
spatulas,.............. Correct,-16.53125,2,2token,not_valid_noun
spatulas,.............. cutlery,-16.53125,2,2token,not_valid_noun
spatulas,..............,-16.53125,2,2token,not_valid_noun
spatulas,egg (,-16.53125,2,2token,not_valid_noun
spatulas,Tool to,-16.53125,2,2token,not_valid_noun
spatulas,stove _.,-16.53125,2,2token,not_valid_noun
spatulas,for chopping,-16.53125,2,2token,not_valid_noun
spatulas,for heating,-16.53125,2,2token,not_valid_noun
spatulas,eat to,-16.53125,2,2token,not_valid_noun
spatulas,ladle ....,-16.53125,2,2token,not_valid_noun
spatulas,knives _____,-16.53125,2,2token,not_valid_noun
spatulas,knives COMPLETE,-16.53125,2,2token,not_valid_noun
spatulas,knives a,-16.53125,2,2token,not_valid_noun
spatulas,knives Fill,-16.53125,2,2token,not_valid_noun
spatulas,an a,-16.53125,2,2token,not_valid_noun
spatulas,kind utens,-16.5625,2,2token,incomplete_phrase
spatulas,instruments we,-16.5625,2,2token,not_valid_noun
spatulas,blade with,-16.5625,2,2token,incomplete_phrase
spatulas,accessory Read,-16.5625,2,2token,not_valid_noun
spatulas,garden,-16.5625,2,2token,incomplete_phrase
spatulas,utensi,-16.5625,2,2token,not_valid_noun
spatulas,gadget ....,-16.5625,2,2token,not_valid_noun
spatulas,pans with,-16.5625,2,2token,incomplete_phrase
spatulas,restaurant _______,-16.5625,2,2token,not_valid_noun
spatulas,material kitchen,-16.5625,2,2token,incomplete_phrase
spatulas,bread cutting,-16.5625,2,2token,not_valid_noun
spatulas,restaurant ______,-16.5625,2,2token,not_valid_noun
spatulas,device meant,-16.5625,2,2token,incomplete_phrase
spatulas,device needed,-16.5625,2,2token,incomplete_phrase
spatulas,piece,-16.5625,2,2token,incomplete_phrase
spatulas,device ....,-16.5625,2,2token,not_valid_noun
spatulas,bread slicer,-16.5625,2,2token,not_valid_noun
spatulas,frying -,-16.5625,2,2token,not_valid_noun
spatulas,[ Blank,-16.5625,2,2token,not_valid_noun
spatulas,bread crumbs,-16.5625,2,2token,not_valid_noun
spatulas,frying cooking,-16.5625,2,2token,incomplete_phrase
spatulas,frying Pans,-16.5625,2,2token,not_valid_noun
spatulas,instruments you,-16.5625,2,2token,incomplete_phrase
spatulas,pans Fill,-16.5625,2,2token,not_valid_noun
spatulas,pans used,-16.5625,2,2token,incomplete_phrase
spatulas,instruments needed,-16.5625,2,2token,not_valid_noun
spatulas,bread kitchen,-16.5625,2,2token,not_valid_noun
spatulas,.. You,-16.59375,2,2token,not_valid_noun
spatulas,pots in,-16.59375,2,2token,not_valid_noun
spatulas,fruits utensils,-16.59375,2,2token,not_valid_noun
spatulas,gardening ________,-16.59375,2,2token,not_valid_noun
spatulas,helper Read,-16.59375,2,2token,not_valid_noun
spatulas,silver ____,-16.59375,2,2token,not_valid_noun
spatulas,appliances of,-16.59375,2,2token,not_valid_noun
spatulas,fruits are,-16.59375,2,2token,incomplete_phrase
spatulas,fruits used,-16.59375,2,2token,incomplete_phrase
spatulas,fruits complete,-16.59375,2,2token,not_valid_noun
spatulas,.. utensils,-16.59375,2,2token,not_valid_noun
spatulas,Ut .,-16.59375,2,2token,not_valid_noun
spatulas,soup or,-16.59375,2,2token,not_valid_noun
spatulas,o b,-16.59375,2,2token,not_valid_noun
spatulas,soup in,-16.59375,2,2token,not_valid_noun
spatulas,soup making,-16.59375,2,2token,incomplete_phrase
spatulas,soup _______,-16.59375,2,2token,not_valid_noun
spatulas,----- ____,-16.59375,2,2token,not_valid_noun
spatulas,silverware is,-16.59375,2,2token,not_valid_noun
spatulas,--- What,-16.59375,2,2token,not_valid_noun
spatulas,........... How,-16.59375,2,2token,not_valid_noun
spatulas,----- -.,-16.59375,2,2token,not_valid_noun
spatulas,--- iron,-16.59375,2,2token,not_valid_noun
spatulas,--- The,-16.59375,2,2token,not_valid_noun
spatulas,forks ....,-16.59375,2,2token,not_valid_noun
spatulas,furniture and,-16.59375,2,2token,incomplete_phrase
spatulas,spoons _,-16.59375,2,2token,not_valid_noun
spatulas,spoons …,-16.59375,2,2token,not_valid_noun
spatulas,thing ...,-16.59375,2,2token,not_valid_noun
spatulas,silverware :,-16.59375,2,2token,not_valid_noun
spatulas,--- or,-16.59375,2,2token,not_valid_noun
spatulas,silverware on,-16.59375,2,2token,not_valid_noun
spatulas,tongs ....,-16.59375,2,2token,not_valid_noun
spatulas,tongs and,-16.59375,2,2token,incomplete_phrase
spatulas,........... the,-16.59375,2,2token,not_valid_noun
spatulas,........... are,-16.59375,2,2token,not_valid_noun
spatulas,........... is,-16.59375,2,2token,not_valid_noun
spatulas,--- Answer,-16.59375,2,2token,not_valid_noun
spatulas,--- knives,-16.59375,2,2token,not_valid_noun
spatulas,--- Correct,-16.59375,2,2token,not_valid_noun
spatulas,common,-16.59375,2,2token,incomplete_phrase
spatulas,scissors _______,-16.59375,2,2token,not_valid_noun
spatulas,sports (,-16.59375,2,2token,not_valid_noun
spatulas,brush ___________,-16.625,2,2token,not_valid_noun
spatulas,utility ____________,-16.625,2,2token,not_valid_noun
spatulas,utility for,-16.625,2,2token,incomplete_phrase
spatulas,useful and,-16.625,2,2token,not_valid_noun
spatulas,piece in,-16.625,2,2token,not_valid_noun
spatulas,plate for,-16.625,2,2token,incomplete_phrase
spatulas,useful _____,-16.625,2,2token,not_valid_noun
spatulas,useful utensi,-16.625,2,2token,incomplete_phrase
spatulas,bake,-16.625,2,2token,not_valid_noun
spatulas,container complete,-16.625,2,2token,not_valid_noun
spatulas,type Complete,-16.625,2,2token,not_valid_noun
spatulas,type ____,-16.625,2,2token,not_valid_noun
spatulas,po .,-16.625,2,2token,not_valid_noun
spatulas,shape to,-16.625,2,2token,not_valid_noun
spatulas,dishes ....,-16.625,2,2token,not_valid_noun
spatulas,........ Tools,-16.625,2,2token,not_valid_noun
spatulas,........ utens,-16.625,2,2token,not_valid_noun
spatulas,dining flat,-16.625,2,2token,incomplete_phrase
spatulas,objects Use,-16.625,2,2token,incomplete_phrase
spatulas,large ...,-16.625,2,2token,not_valid_noun
spatulas,………… Correct,-16.625,2,2token,not_valid_noun
spatulas,objects ________,-16.625,2,2token,not_valid_noun
spatulas,………… ……,-16.625,2,2token,not_valid_noun
spatulas,sandwich ________,-16.625,2,2token,not_valid_noun
spatulas,sandwich Spread,-16.625,2,2token,not_valid_noun
spatulas,sp spoon,-16.625,2,2token,not_valid_noun
spatulas,Tool ...,-16.65625,2,2token,not_valid_noun
spatulas,Tool ________,-16.65625,2,2token,not_valid_noun
spatulas,Tools ________,-16.65625,2,2token,not_valid_noun
spatulas,kni,-16.65625,2,2token,not_valid_noun
spatulas,art _______,-16.65625,2,2token,not_valid_noun
spatulas,art of,-16.65625,2,2token,not_valid_noun
spatulas,cuisine in,-16.65625,2,2token,not_valid_noun
spatulas,egg and,-16.65625,2,2token,incomplete_phrase
spatulas,chef (,-16.65625,2,2token,not_valid_noun
spatulas,chef and,-16.65625,2,2token,incomplete_phrase
spatulas,chef ______,-16.65625,2,2token,not_valid_noun
spatulas,Spoon ______,-16.65625,2,2token,not_valid_noun
spatulas,Spoon Fill,-16.65625,2,2token,not_valid_noun
spatulas,Spoon -,-16.65625,2,2token,not_valid_noun
spatulas,Spoon with,-16.65625,2,2token,not_valid_noun
spatulas,Spoon that,-16.65625,2,2token,incomplete_phrase
spatulas,Spoon for,-16.65625,2,2token,not_valid_noun
spatulas,Spoon the,-16.65625,2,2token,incomplete_phrase
spatulas,appliance Used,-16.65625,2,2token,incomplete_phrase
spatulas,appliance ….,-16.65625,2,2token,not_valid_noun
spatulas,Tool or,-16.65625,2,2token,not_valid_noun
spatulas,appliance Fill,-16.65625,2,2token,not_valid_noun
spatulas,musical .,-16.65625,2,2token,not_valid_noun
spatulas,measure that,-16.65625,2,2token,incomplete_phrase
spatulas,.............. and,-16.65625,2,2token,not_valid_noun
spatulas,.............. equipment,-16.65625,2,2token,not_valid_noun
spatulas,.............. knife,-16.65625,2,2token,not_valid_noun
spatulas,.............. ________,-16.65625,2,2token,not_valid_noun
spatulas,measure or,-16.65625,2,2token,not_valid_noun
spatulas,knives :,-16.65625,2,2token,not_valid_noun
spatulas,knives .....,-16.65625,2,2token,not_valid_noun
spatulas,knives Answer,-16.65625,2,2token,not_valid_noun
spatulas,instruments ______,-16.6875,2,2token,not_valid_noun
spatulas,ladle complete,-16.6875,2,2token,not_valid_noun
spatulas,instruments are,-16.6875,2,2token,incomplete_phrase
spatulas,instruments like,-16.6875,2,2token,incomplete_phrase
spatulas,instruments Use,-16.6875,2,2token,incomplete_phrase
spatulas,blade kitchen,-16.6875,2,2token,incomplete_phrase
spatulas,pen ______,-16.6875,2,2token,not_valid_noun
spatulas,material utens,-16.6875,2,2token,incomplete_phrase
spatulas,material and,-16.6875,2,2token,incomplete_phrase
spatulas,material Used,-16.6875,2,2token,incomplete_phrase
spatulas,work (,-16.6875,2,2token,not_valid_noun
spatulas,frying instruments,-16.6875,2,2token,not_valid_noun
spatulas,work __,-16.6875,2,2token,not_valid_noun
spatulas,helper -,-16.6875,2,2token,not_valid_noun
spatulas,frying utensi,-16.6875,2,2token,not_valid_noun
spatulas,accessory and,-16.6875,2,2token,incomplete_phrase
spatulas,blade ________,-16.6875,2,2token,not_valid_noun
spatulas,things they,-16.6875,2,2token,incomplete_phrase
spatulas,wood is,-16.6875,2,2token,not_valid_noun
spatulas,wood worker,-16.6875,2,2token,incomplete_phrase
spatulas,garden .,-16.6875,2,2token,not_valid_noun
spatulas,wood turner,-16.6875,2,2token,incomplete_phrase
spatulas,garden trow,-16.6875,2,2token,incomplete_phrase
spatulas,wood cooking,-16.6875,2,2token,incomplete_phrase
spatulas,dinner _______,-16.6875,2,2token,not_valid_noun
spatulas,pen ____,-16.6875,2,2token,not_valid_noun
spatulas,helper _____,-16.6875,2,2token,not_valid_noun
spatulas,helper /,-16.6875,2,2token,not_valid_noun
spatulas,helper you,-16.6875,2,2token,incomplete_phrase
spatulas,device called,-16.6875,2,2token,incomplete_phrase
spatulas,utensi ls,-16.6875,2,2token,not_valid_noun
spatulas,cooks or,-16.6875,2,2token,not_valid_noun
spatulas,gadget complete,-16.6875,2,2token,not_valid_noun
spatulas,device and,-16.6875,2,2token,incomplete_phrase
spatulas,[ ____,-16.6875,2,2token,not_valid_noun
spatulas,"[ ],",-16.6875,2,2token,not_valid_noun
spatulas,device ______,-16.6875,2,2token,not_valid_noun
spatulas,helper ....,-16.6875,2,2token,not_valid_noun
spatulas,accessory ________,-16.6875,2,2token,not_valid_noun
spatulas,accessory _______,-16.6875,2,2token,not_valid_noun
spatulas,eat me,-16.71875,2,2token,not_valid_noun
spatulas,o _________,-16.71875,2,2token,not_valid_noun
spatulas,can i,-16.71875,2,2token,not_valid_noun
spatulas,can help,-16.71875,2,2token,incomplete_phrase
spatulas,scissors to,-16.71875,2,2token,not_valid_noun
spatulas,verb in,-16.71875,2,2token,not_valid_noun
spatulas,breakfast ...,-16.71875,2,2token,not_valid_noun
spatulas,----- A,-16.71875,2,2token,not_valid_noun
spatulas,----- utens,-16.71875,2,2token,not_valid_noun
spatulas,common everyday,-16.71875,2,2token,incomplete_phrase
spatulas,o k,-16.71875,2,2token,not_valid_noun
spatulas,silverware ......,-16.71875,2,2token,not_valid_noun
spatulas,silverware What,-16.71875,2,2token,not_valid_noun
spatulas,home …,-16.71875,2,2token,not_valid_noun
spatulas,silverware ….,-16.71875,2,2token,not_valid_noun
spatulas,silverware _________,-16.71875,2,2token,not_valid_noun
spatulas,item a,-16.71875,2,2token,not_valid_noun
spatulas,common ...,-16.71875,2,2token,not_valid_noun
spatulas,.. spoons,-16.71875,2,2token,not_valid_noun
spatulas,fruits ...,-16.71875,2,2token,not_valid_noun
spatulas,fruits tools,-16.71875,2,2token,not_valid_noun
spatulas,s $\,-16.71875,2,2token,not_valid_noun
spatulas,s _,-16.71875,2,2token,not_valid_noun
spatulas,tongs complete,-16.71875,2,2token,not_valid_noun
spatulas,paint Brushes,-16.71875,2,2token,incomplete_phrase
spatulas,paint ________,-16.71875,2,2token,not_valid_noun
spatulas,writing instru,-16.71875,2,2token,incomplete_phrase
spatulas,.. of,-16.71875,2,2token,not_valid_noun
spatulas,.. This,-16.71875,2,2token,not_valid_noun
spatulas,.. We,-16.71875,2,2token,not_valid_noun
spatulas,.. How,-16.71875,2,2token,not_valid_noun
spatulas,.. There,-16.71875,2,2token,not_valid_noun
spatulas,silverware by,-16.71875,2,2token,not_valid_noun
spatulas,eat What,-16.71875,2,2token,not_valid_noun
spatulas,farm ...,-16.75,2,2token,not_valid_noun
spatulas,farm kitchen,-16.75,2,2token,incomplete_phrase
spatulas,…………………… …,-16.75,2,2token,not_valid_noun
spatulas,….. Food,-16.75,2,2token,not_valid_noun
spatulas,used fo,-16.75,2,2token,not_valid_noun
spatulas,….. and,-16.75,2,2token,not_valid_noun
spatulas,used around,-16.75,2,2token,not_valid_noun
spatulas,soup and,-16.75,2,2token,incomplete_phrase
spatulas,soup for,-16.75,2,2token,incomplete_phrase
spatulas,soup ______,-16.75,2,2token,not_valid_noun
spatulas,--- for,-16.75,2,2token,not_valid_noun
spatulas,….. There,-16.75,2,2token,not_valid_noun
spatulas,sandwich Read,-16.75,2,2token,not_valid_noun
spatulas,sandwich ...,-16.75,2,2token,not_valid_noun
spatulas,sp (,-16.75,2,2token,not_valid_noun
spatulas,objects are,-16.75,2,2token,incomplete_phrase
spatulas,foods ....,-16.75,2,2token,not_valid_noun
spatulas,........,-16.75,2,2token,not_valid_noun
spatulas,used often,-16.75,2,2token,not_valid_noun
spatulas,container Use,-16.75,2,2token,incomplete_phrase
spatulas,brush __________,-16.75,2,2token,not_valid_noun
spatulas,brush is,-16.75,2,2token,not_valid_noun
spatulas,glass cooking,-16.75,2,2token,incomplete_phrase
spatulas,dinner _____,-16.75,2,2token,not_valid_noun
spatulas,utility in,-16.75,2,2token,not_valid_noun
spatulas,piece Of,-16.75,2,2token,not_valid_noun
spatulas,appliance is,-16.78125,2,2token,not_valid_noun
spatulas,appliance ..,-16.78125,2,2token,not_valid_noun
spatulas,s for,-16.78125,2,2token,not_valid_noun
spatulas,appliance like,-16.78125,2,2token,incomplete_phrase
spatulas,.............. _,-16.78125,2,2token,not_valid_noun
spatulas,.............. spoon,-16.78125,2,2token,not_valid_noun
spatulas,Tools _______,-16.78125,2,2token,not_valid_noun
spatulas,Tool in,-16.78125,2,2token,not_valid_noun
spatulas,.............. Which,-16.78125,2,2token,not_valid_noun
spatulas,utens in,-16.78125,2,2token,not_valid_noun
spatulas,eat Prepare,-16.78125,2,2token,not_valid_noun
spatulas,knives Edit,-16.78125,2,2token,incomplete_phrase
spatulas,silver _.,-16.78125,2,2token,not_valid_noun
spatulas,knives ….,-16.78125,2,2token,not_valid_noun
spatulas,.............. Answer,-16.78125,2,2token,not_valid_noun
spatulas,.............. of,-16.78125,2,2token,not_valid_noun
spatulas,appliance …,-16.78125,2,2token,not_valid_noun
spatulas,knives Read,-16.78125,2,2token,not_valid_noun
spatulas,o ne,-16.78125,2,2token,not_valid_noun
spatulas,Ut ...,-16.78125,2,2token,not_valid_noun
spatulas,bla (,-16.78125,2,2token,not_valid_noun
spatulas,Spoon fork,-16.78125,2,2token,incomplete_phrase
spatulas,s ….,-16.78125,2,2token,not_valid_noun
spatulas,Spoon _______,-16.78125,2,2token,not_valid_noun
spatulas,frying and,-16.8125,2,2token,incomplete_phrase
spatulas,instruments ….,-16.8125,2,2token,not_valid_noun
spatulas,utensi ;,-16.8125,2,2token,not_valid_noun
spatulas,wood to,-16.8125,2,2token,not_valid_noun
spatulas,garden we,-16.8125,2,2token,not_valid_noun
spatulas,helper ____,-16.8125,2,2token,not_valid_noun
spatulas,dining (,-16.8125,2,2token,not_valid_noun
spatulas,bake ______,-16.8125,2,2token,not_valid_noun
spatulas,instruments Answer,-16.8125,2,2token,not_valid_noun
spatulas,bread ...,-16.8125,2,2token,not_valid_noun
spatulas,material or,-16.8125,2,2token,not_valid_noun
spatulas,blade _______,-16.8125,2,2token,not_valid_noun
spatulas,pen in,-16.8125,2,2token,not_valid_noun
spatulas,material with,-16.8125,2,2token,incomplete_phrase
spatulas,ladle is,-16.8125,2,2token,not_valid_noun
spatulas,restaurant serve,-16.8125,2,2token,incomplete_phrase
spatulas,restaurant work,-16.8125,2,2token,incomplete_phrase
spatulas,bread plate,-16.8125,2,2token,not_valid_noun
spatulas,bread tin,-16.8125,2,2token,not_valid_noun
spatulas,cooker ________,-16.8125,2,2token,not_valid_noun
spatulas,material ...,-16.8125,2,2token,not_valid_noun
spatulas,material we,-16.8125,2,2token,not_valid_noun
spatulas,ladle that,-16.8125,2,2token,incomplete_phrase
spatulas,chef utensi,-16.8125,2,2token,incomplete_phrase
spatulas,chef ...,-16.8125,2,2token,not_valid_noun
spatulas,bread makers,-16.8125,2,2token,not_valid_noun
spatulas,gadget /,-16.8125,2,2token,not_valid_noun
spatulas,pans -,-16.8125,2,2token,not_valid_noun
spatulas,bake kitchen,-16.8125,2,2token,incomplete_phrase
spatulas,gadget with,-16.8125,2,2token,incomplete_phrase
spatulas,pans ______,-16.8125,2,2token,not_valid_noun
spatulas,pans to,-16.8125,2,2token,not_valid_noun
spatulas,device Answer,-16.8125,2,2token,not_valid_noun
spatulas,frying kitchen,-16.8125,2,2token,incomplete_phrase
spatulas,frying (,-16.8125,2,2token,not_valid_noun
spatulas,material ....,-16.8125,2,2token,not_valid_noun
spatulas,cooker or,-16.8125,2,2token,not_valid_noun
spatulas,ladle Fill,-16.8125,2,2token,not_valid_noun
spatulas,s __,-16.84375,2,2token,not_valid_noun
spatulas,s The,-16.84375,2,2token,not_valid_noun
spatulas,forks ...,-16.84375,2,2token,not_valid_noun
spatulas,breakfast ______,-16.84375,2,2token,not_valid_noun
spatulas,vegetables Fill,-16.84375,2,2token,not_valid_noun
spatulas,breakfast or,-16.84375,2,2token,not_valid_noun
spatulas,fruits for,-16.84375,2,2token,incomplete_phrase
spatulas,writing ut,-16.84375,2,2token,not_valid_noun
spatulas,scissors ____,-16.84375,2,2token,not_valid_noun
spatulas,writing,-16.84375,2,2token,incomplete_phrase
spatulas,.. More,-16.84375,2,2token,not_valid_noun
spatulas,thing Read,-16.84375,2,2token,not_valid_noun
spatulas,.. what,-16.84375,2,2token,not_valid_noun
spatulas,__,-16.84375,2,2token,not_valid_noun
spatulas,common cleaning,-16.84375,2,2token,incomplete_phrase
spatulas,silver in,-16.84375,2,2token,not_valid_noun
spatulas,item ...,-16.84375,2,2token,not_valid_noun
spatulas,common ____,-16.84375,2,2token,not_valid_noun
spatulas,vegetables _______,-16.84375,2,2token,not_valid_noun
spatulas,silverware are,-16.84375,2,2token,incomplete_phrase
spatulas,silver -,-16.84375,2,2token,not_valid_noun
spatulas,silver ____________,-16.84375,2,2token,not_valid_noun
spatulas,silver household,-16.84375,2,2token,incomplete_phrase
spatulas,.. __,-16.84375,2,2token,not_valid_noun
spatulas,vegetables Answer,-16.84375,2,2token,not_valid_noun
spatulas,vegetables for,-16.84375,2,2token,incomplete_phrase
spatulas,thing from,-16.84375,2,2token,incomplete_phrase
spatulas,.. the,-16.84375,2,2token,not_valid_noun
spatulas,fruits that,-16.84375,2,2token,incomplete_phrase
spatulas,shovel Full,-16.875,2,2token,incomplete_phrase
spatulas,soup ____________,-16.875,2,2token,not_valid_noun
spatulas,ut ....,-16.875,2,2token,not_valid_noun
spatulas,………… I,-16.875,2,2token,not_valid_noun
spatulas,gardening hand,-16.875,2,2token,incomplete_phrase
spatulas,shovel /,-16.875,2,2token,not_valid_noun
spatulas,bake and,-16.875,2,2token,not_valid_noun
spatulas,container on,-16.875,2,2token,not_valid_noun
spatulas,bake ____,-16.875,2,2token,not_valid_noun
spatulas,objects /,-16.875,2,2token,not_valid_noun
spatulas,objects ____,-16.875,2,2token,not_valid_noun
spatulas,….. the,-16.875,2,2token,not_valid_noun
spatulas,container ____,-16.875,2,2token,not_valid_noun
spatulas,bake off,-16.875,2,2token,not_valid_noun
spatulas,plate used,-16.875,2,2token,incomplete_phrase
spatulas,plate with,-16.875,2,2token,incomplete_phrase
spatulas,brush like,-16.875,2,2token,incomplete_phrase
spatulas,type the,-16.875,2,2token,incomplete_phrase
spatulas,eat ....,-16.875,2,2token,not_valid_noun
spatulas,brush _________,-16.875,2,2token,not_valid_noun
spatulas,work and,-16.875,2,2token,not_valid_noun
spatulas,--- Use,-16.875,2,2token,not_valid_noun
spatulas,foods are,-16.875,2,2token,incomplete_phrase
spatulas,foods you,-16.875,2,2token,incomplete_phrase
spatulas,objects such,-16.875,2,2token,incomplete_phrase
spatulas,container /,-16.875,2,2token,not_valid_noun
spatulas,brush A,-16.875,2,2token,not_valid_noun
spatulas,dishes ...,-16.875,2,2token,not_valid_noun
spatulas,glass ...,-16.875,2,2token,not_valid_noun
spatulas,glass that,-16.875,2,2token,incomplete_phrase
spatulas,piece a,-16.875,2,2token,not_valid_noun
spatulas,.............. COMPLETE,-16.90625,2,2token,not_valid_noun
spatulas,.............. ..,-16.90625,2,2token,not_valid_noun
spatulas,Tools ....,-16.90625,2,2token,not_valid_noun
spatulas,o food,-16.90625,2,2token,not_valid_noun
spatulas,Tools ...,-16.90625,2,2token,not_valid_noun
spatulas,o t,-16.90625,2,2token,not_valid_noun
spatulas,o Knives,-16.90625,2,2token,not_valid_noun
spatulas,measure a,-16.90625,2,2token,not_valid_noun
spatulas,.............. You,-16.90625,2,2token,not_valid_noun
spatulas,Tool _______,-16.90625,2,2token,not_valid_noun
spatulas,".............. ,",-16.90625,2,2token,not_valid_noun
spatulas,Tools or,-16.90625,2,2token,not_valid_noun
spatulas,Tools of,-16.90625,2,2token,not_valid_noun
spatulas,.............. To,-16.90625,2,2token,not_valid_noun
spatulas,knives _,-16.90625,2,2token,not_valid_noun
spatulas,____,-16.90625,2,2token,not_valid_noun
spatulas,measure kitchen,-16.90625,2,2token,incomplete_phrase
spatulas,s _________,-16.90625,2,2token,not_valid_noun
spatulas,Spoon _____,-16.90625,2,2token,not_valid_noun
spatulas,art to,-16.90625,2,2token,not_valid_noun
spatulas,Tools ______,-16.90625,2,2token,not_valid_noun
spatulas,dining or,-16.9375,2,2token,not_valid_noun
spatulas,device -,-16.9375,2,2token,not_valid_noun
spatulas,accessory at,-16.9375,2,2token,not_valid_noun
spatulas,instruments Edit,-16.9375,2,2token,incomplete_phrase
spatulas,instruments ____,-16.9375,2,2token,not_valid_noun
spatulas,instruments a,-16.9375,2,2token,not_valid_noun
spatulas,frying gri,-16.9375,2,2token,not_valid_noun
spatulas,pans a,-16.9375,2,2token,not_valid_noun
spatulas,cut _,-16.9375,2,2token,not_valid_noun
spatulas,cut in,-16.9375,2,2token,not_valid_noun
spatulas,dining kitchen,-16.9375,2,2token,incomplete_phrase
spatulas,dining and,-16.9375,2,2token,incomplete_phrase
spatulas,[ ________,-16.9375,2,2token,not_valid_noun
spatulas,[ cutlery,-16.9375,2,2token,not_valid_noun
spatulas,dining __________,-16.9375,2,2token,not_valid_noun
spatulas,dining /,-16.9375,2,2token,not_valid_noun
spatulas,[ object,-16.9375,2,2token,not_valid_noun
spatulas,helper used,-16.9375,2,2token,incomplete_phrase
spatulas,material from,-16.9375,2,2token,incomplete_phrase
spatulas,device a,-16.9375,2,2token,not_valid_noun
spatulas,kind or,-16.9375,2,2token,not_valid_noun
spatulas,kind is,-16.9375,2,2token,not_valid_noun
spatulas,pans ____,-16.9375,2,2token,not_valid_noun
spatulas,frying p,-16.9375,2,2token,not_valid_noun
spatulas,device on,-16.9375,2,2token,not_valid_noun
spatulas,kind _______,-16.9375,2,2token,not_valid_noun
spatulas,ladle -,-16.9375,2,2token,not_valid_noun
spatulas,ladle _______,-16.9375,2,2token,not_valid_noun
spatulas,things of,-16.9375,2,2token,not_valid_noun
spatulas,cooker ...,-16.9375,2,2token,not_valid_noun
spatulas,things I,-16.9375,2,2token,not_valid_noun
spatulas,device by,-16.9375,2,2token,not_valid_noun
spatulas,device [,-16.9375,2,2token,not_valid_noun
spatulas,things found,-16.9375,2,2token,incomplete_phrase
spatulas,pen .....,-16.9375,2,2token,not_valid_noun
spatulas,pen _____,-16.9375,2,2token,not_valid_noun
spatulas,wood Cut,-16.9375,2,2token,incomplete_phrase
spatulas,wood ____,-16.9375,2,2token,not_valid_noun
spatulas,wood are,-16.9375,2,2token,incomplete_phrase
spatulas,wood Product,-16.9375,2,2token,incomplete_phrase
spatulas,piece pf,-16.9375,2,2token,not_valid_noun
spatulas,bread baker,-16.9375,2,2token,not_valid_noun
spatulas,dinner …,-16.9375,2,2token,not_valid_noun
spatulas,wood ....,-16.9375,2,2token,not_valid_noun
spatulas,cooker in,-16.9375,2,2token,not_valid_noun
spatulas,cooker complete,-16.9375,2,2token,not_valid_noun
spatulas,pen _______,-16.9375,2,2token,not_valid_noun
spatulas,chef _____,-16.9375,2,2token,not_valid_noun
spatulas,paint ...,-16.96875,2,2token,not_valid_noun
spatulas,----- -------,-16.96875,2,2token,not_valid_noun
spatulas,thing Use,-16.96875,2,2token,incomplete_phrase
spatulas,thing the,-16.96875,2,2token,incomplete_phrase
spatulas,verb complete,-16.96875,2,2token,not_valid_noun
spatulas,s ware,-16.96875,2,2token,not_valid_noun
spatulas,breakfast and,-16.96875,2,2token,incomplete_phrase
spatulas,breakfast for,-16.96875,2,2token,incomplete_phrase
spatulas,breakfast cook,-16.96875,2,2token,incomplete_phrase
spatulas,breakfast ingredients,-16.96875,2,2token,not_valid_noun
spatulas,tongs ...,-16.96875,2,2token,not_valid_noun
spatulas,tongs are,-16.96875,2,2token,incomplete_phrase
spatulas,----- What,-16.96875,2,2token,not_valid_noun
spatulas,o x,-16.96875,2,2token,not_valid_noun
spatulas,o n,-16.96875,2,2token,not_valid_noun
spatulas,verb and,-16.96875,2,2token,incomplete_phrase
spatulas,o .....,-16.96875,2,2token,not_valid_noun
spatulas,o Spoon,-16.96875,2,2token,not_valid_noun
spatulas,vegetables Read,-16.96875,2,2token,not_valid_noun
spatulas,spoons,-16.96875,2,2token,not_valid_noun
spatulas,___,-16.96875,2,2token,not_valid_noun
spatulas,common table,-16.96875,2,2token,incomplete_phrase
spatulas,o object,-16.96875,2,2token,not_valid_noun
spatulas,o nt,-16.96875,2,2token,not_valid_noun
spatulas,can and,-16.96875,2,2token,not_valid_noun
spatulas,s to,-16.96875,2,2token,not_valid_noun
spatulas,common baking,-16.96875,2,2token,incomplete_phrase
spatulas,s ____,-16.96875,2,2token,not_valid_noun
spatulas,forks _______,-16.96875,2,2token,not_valid_noun
spatulas,can -,-16.96875,2,2token,not_valid_noun
spatulas,common Ut,-16.96875,2,2token,not_valid_noun
spatulas,can with,-16.96875,2,2token,not_valid_noun
spatulas,can I,-16.96875,2,2token,not_valid_noun
spatulas,scissors ______,-16.96875,2,2token,not_valid_noun
spatulas,work or,-17.0,2,2token,not_valid_noun
spatulas,utensi :,-17.0,2,2token,not_valid_noun
spatulas,utility and,-17.0,2,2token,incomplete_phrase
spatulas,utility /,-17.0,2,2token,not_valid_noun
spatulas,brush COMPLETE,-17.0,2,2token,not_valid_noun
spatulas,brush ____________,-17.0,2,2token,not_valid_noun
spatulas,soup la,-17.0,2,2token,not_valid_noun
spatulas,soup cook,-17.0,2,2token,incomplete_phrase
spatulas,shovel ______,-17.0,2,2token,not_valid_noun
spatulas,soup eating,-17.0,2,2token,incomplete_phrase
spatulas,shovel _,-17.0,2,2token,not_valid_noun
spatulas,shovel Use,-17.0,2,2token,incomplete_phrase
spatulas,………… tool,-17.0,2,2token,not_valid_noun
spatulas,objects Read,-17.0,2,2token,not_valid_noun
spatulas,…………,-17.0,2,2token,not_valid_noun
spatulas,………… ?,-17.0,2,2token,not_valid_noun
spatulas,………… Write,-17.0,2,2token,not_valid_noun
spatulas,………… fruit,-17.0,2,2token,not_valid_noun
spatulas,type and,-17.0,2,2token,incomplete_phrase
spatulas,type C,-17.0,2,2token,not_valid_noun
spatulas,………… Fill,-17.0,2,2token,not_valid_noun
spatulas,brush a,-17.0,2,2token,not_valid_noun
spatulas,farm hand,-17.0,2,2token,incomplete_phrase
spatulas,brush made,-17.0,2,2token,incomplete_phrase
spatulas,app ________,-17.0,2,2token,not_valid_noun
spatulas,dinner Ut,-17.0,2,2token,not_valid_noun
spatulas,furniture ________,-17.0,2,2token,not_valid_noun
spatulas,sp (...),-17.0,2,2token,not_valid_noun
spatulas,container -,-17.0,2,2token,not_valid_noun
spatulas,type I,-17.0,2,2token,not_valid_noun
spatulas,type Kitchen,-17.0,2,2token,incomplete_phrase
spatulas,s ____________,-17.03125,2,2token,not_valid_noun
spatulas,s .....,-17.03125,2,2token,not_valid_noun
spatulas,o …,-17.03125,2,2token,not_valid_noun
spatulas,.............. We,-17.03125,2,2token,not_valid_noun
spatulas,.............. are,-17.03125,2,2token,not_valid_noun
spatulas,utens IL,-17.03125,2,2token,not_valid_noun
spatulas,utens [,-17.03125,2,2token,not_valid_noun
spatulas,art ______,-17.03125,2,2token,not_valid_noun
spatulas,art ....,-17.03125,2,2token,not_valid_noun
spatulas,cup with,-17.03125,2,2token,incomplete_phrase
spatulas,knives The,-17.03125,2,2token,incomplete_phrase
spatulas,knives [,-17.03125,2,2token,not_valid_noun
spatulas,knives which,-17.03125,2,2token,incomplete_phrase
spatulas,art ...,-17.03125,2,2token,not_valid_noun
spatulas,knives /,-17.03125,2,2token,not_valid_noun
spatulas,knives …,-17.03125,2,2token,not_valid_noun
spatulas,knives Comple,-17.03125,2,2token,incomplete_phrase
spatulas,knives,-17.03125,2,2token,not_valid_noun
spatulas,knives,-17.03125,2,2token,not_valid_noun
spatulas,knives _________,-17.03125,2,2token,not_valid_noun
spatulas,knives &,-17.03125,2,2token,not_valid_noun
spatulas,Tools are,-17.03125,2,2token,incomplete_phrase
spatulas,Tool ______,-17.03125,2,2token,not_valid_noun
spatulas,instruments,-17.0625,2,2token,not_valid_noun
spatulas,bake ________,-17.0625,2,2token,not_valid_noun
spatulas,pans .....,-17.0625,2,2token,not_valid_noun
spatulas,accessory with,-17.0625,2,2token,incomplete_phrase
spatulas,device _.,-17.0625,2,2token,not_valid_noun
spatulas,accessory ______,-17.0625,2,2token,not_valid_noun
spatulas,instruments …,-17.0625,2,2token,not_valid_noun
spatulas,ladle ________,-17.0625,2,2token,not_valid_noun
spatulas,accessory /,-17.0625,2,2token,not_valid_noun
spatulas,[ BLANK,-17.0625,2,2token,not_valid_noun
spatulas,[ insert,-17.0625,2,2token,not_valid_noun
spatulas,[,-17.0625,2,2token,not_valid_noun
spatulas,[ appliance,-17.0625,2,2token,not_valid_noun
spatulas,sp are,-17.0625,2,2token,not_valid_noun
spatulas,app _______,-17.0625,2,2token,not_valid_noun
spatulas,wood /,-17.0625,2,2token,not_valid_noun
spatulas,piece cooking,-17.0625,2,2token,incomplete_phrase
spatulas,piece …,-17.0625,2,2token,not_valid_noun
spatulas,blade Cut,-17.0625,2,2token,incomplete_phrase
spatulas,material needed,-17.0625,2,2token,incomplete_phrase
spatulas,material ________,-17.0625,2,2token,not_valid_noun
spatulas,blade cooking,-17.0625,2,2token,incomplete_phrase
spatulas,things from,-17.0625,2,2token,incomplete_phrase
spatulas,things or,-17.0625,2,2token,not_valid_noun
spatulas,blade shaped,-17.0625,2,2token,incomplete_phrase
spatulas,material use,-17.0625,2,2token,incomplete_phrase
spatulas,kind and,-17.0625,2,2token,incomplete_phrase
spatulas,kind o,-17.0625,2,2token,not_valid_noun
spatulas,material made,-17.0625,2,2token,incomplete_phrase
spatulas,Spoon in,-17.0625,2,2token,not_valid_noun
spatulas,o to,-17.09375,2,2token,not_valid_noun
spatulas,scissors -,-17.09375,2,2token,not_valid_noun
spatulas,o __,-17.09375,2,2token,not_valid_noun
spatulas,s eating,-17.09375,2,2token,not_valid_noun
spatulas,tongs or,-17.09375,2,2token,not_valid_noun
spatulas,vegetables to,-17.09375,2,2token,not_valid_noun
spatulas,s are,-17.09375,2,2token,not_valid_noun
spatulas,s hand,-17.09375,2,2token,not_valid_noun
spatulas,"s ,",-17.09375,2,2token,not_valid_noun
spatulas,vegetables -,-17.09375,2,2token,not_valid_noun
spatulas,s word,-17.09375,2,2token,not_valid_noun
spatulas,----- _,-17.09375,2,2token,not_valid_noun
spatulas,vegetables .....,-17.09375,2,2token,not_valid_noun
spatulas,fruits of,-17.09375,2,2token,not_valid_noun
spatulas,fruits too,-17.09375,2,2token,not_valid_noun
spatulas,Ut in,-17.09375,2,2token,not_valid_noun
spatulas,----- equipment,-17.09375,2,2token,not_valid_noun
spatulas,thing complete,-17.09375,2,2token,not_valid_noun
spatulas,item around,-17.09375,2,2token,incomplete_phrase
spatulas,item related,-17.09375,2,2token,incomplete_phrase
spatulas,verb or,-17.09375,2,2token,not_valid_noun
spatulas,type for,-17.125,2,2token,incomplete_phrase
spatulas,dishes ut,-17.125,2,2token,not_valid_noun
spatulas,type ________,-17.125,2,2token,not_valid_noun
spatulas,…………………… ….,-17.125,2,2token,not_valid_noun
spatulas,utility __________,-17.125,2,2token,not_valid_noun
spatulas,work a,-17.125,2,2token,not_valid_noun
spatulas,brush __,-17.125,2,2token,not_valid_noun
spatulas,brush [,-17.125,2,2token,not_valid_noun
spatulas,soup spo,-17.125,2,2token,incomplete_phrase
spatulas,soup po,-17.125,2,2token,not_valid_noun
spatulas,cut (,-17.125,2,2token,not_valid_noun
spatulas,cut le,-17.125,2,2token,not_valid_noun
spatulas,objects,-17.125,2,2token,not_valid_noun
spatulas,foods service,-17.125,2,2token,incomplete_phrase
spatulas,foods Preparation,-17.125,2,2token,incomplete_phrase
spatulas,foods cooking,-17.125,2,2token,incomplete_phrase
spatulas,sandwich ____,-17.125,2,2token,not_valid_noun
spatulas,eat i,-17.125,2,2token,not_valid_noun
spatulas,eat _,-17.125,2,2token,not_valid_noun
spatulas,eat what,-17.125,2,2token,not_valid_noun
spatulas,eat _______,-17.125,2,2token,not_valid_noun
spatulas,………… ..,-17.125,2,2token,not_valid_noun
spatulas,sandwich filler,-17.125,2,2token,not_valid_noun
spatulas,objects -,-17.125,2,2token,not_valid_noun
spatulas,app -,-17.125,2,2token,not_valid_noun
spatulas,foods ...,-17.125,2,2token,not_valid_noun
spatulas,sp [...],-17.125,2,2token,not_valid_noun
spatulas,app _,-17.125,2,2token,not_valid_noun
spatulas,furniture or,-17.125,2,2token,not_valid_noun
spatulas,appliances at,-17.125,2,2token,not_valid_noun
spatulas,bla ck,-17.125,2,2token,not_valid_noun
spatulas,app for,-17.125,2,2token,incomplete_phrase
spatulas,container filled,-17.125,2,2token,not_valid_noun
spatulas,appliances Read,-17.125,2,2token,not_valid_noun
spatulas,forks for,-17.125,2,2token,incomplete_phrase
spatulas,forks in,-17.125,2,2token,not_valid_noun
spatulas,forks with,-17.125,2,2token,incomplete_phrase
spatulas,shape a,-17.125,2,2token,not_valid_noun
spatulas,glass in,-17.125,2,2token,not_valid_noun
spatulas,glass Cut,-17.125,2,2token,incomplete_phrase
spatulas,o This,-17.15625,2,2token,not_valid_noun
spatulas,o What,-17.15625,2,2token,not_valid_noun
spatulas,o ---,-17.15625,2,2token,not_valid_noun
spatulas,s Fork,-17.15625,2,2token,not_valid_noun
spatulas,o knives,-17.15625,2,2token,not_valid_noun
spatulas,o _____,-17.15625,2,2token,not_valid_noun
spatulas,measure cooking,-17.15625,2,2token,incomplete_phrase
spatulas,measure [,-17.15625,2,2token,not_valid_noun
spatulas,utens and,-17.15625,2,2token,incomplete_phrase
spatulas,utens items,-17.15625,2,2token,not_valid_noun
spatulas,art that,-17.15625,2,2token,incomplete_phrase
spatulas,knives _.,-17.15625,2,2token,not_valid_noun
spatulas,knives ___________,-17.15625,2,2token,not_valid_noun
spatulas,Tool ....,-17.15625,2,2token,not_valid_noun
spatulas,knives on,-17.15625,2,2token,not_valid_noun
spatulas,pans /,-17.1875,2,2token,not_valid_noun
spatulas,accessory you,-17.1875,2,2token,incomplete_phrase
spatulas,accessory ____,-17.1875,2,2token,not_valid_noun
spatulas,tongs ________,-17.1875,2,2token,not_valid_noun
spatulas,device from,-17.1875,2,2token,incomplete_phrase
spatulas,Spoon ____,-17.1875,2,2token,not_valid_noun
spatulas,pans _____,-17.1875,2,2token,not_valid_noun
spatulas,gadget Answer,-17.1875,2,2token,not_valid_noun
spatulas,ut it,-17.1875,2,2token,not_valid_noun
spatulas,app …,-17.1875,2,2token,not_valid_noun
spatulas,eat ________,-17.1875,2,2token,not_valid_noun
spatulas,piece to,-17.1875,2,2token,not_valid_noun
spatulas,bread tray,-17.1875,2,2token,not_valid_noun
spatulas,dinner (,-17.1875,2,2token,not_valid_noun
spatulas,app ....,-17.1875,2,2token,not_valid_noun
spatulas,thing ....,-17.1875,2,2token,not_valid_noun
spatulas,gadget you,-17.1875,2,2token,incomplete_phrase
spatulas,Spoon Fork,-17.1875,2,2token,incomplete_phrase
spatulas,device Edit,-17.1875,2,2token,not_valid_noun
spatulas,material you,-17.1875,2,2token,incomplete_phrase
spatulas,material Use,-17.1875,2,2token,incomplete_phrase
spatulas,cooker ______,-17.1875,2,2token,not_valid_noun
spatulas,cooker _______,-17.1875,2,2token,not_valid_noun
spatulas,kind ________,-17.1875,2,2token,not_valid_noun
spatulas,instruments on,-17.1875,2,2token,not_valid_noun
spatulas,Spoon /,-17.1875,2,2token,not_valid_noun
spatulas,ut and,-17.1875,2,2token,not_valid_noun
spatulas,Spoon I,-17.1875,2,2token,not_valid_noun
spatulas,kind _,-17.1875,2,2token,not_valid_noun
spatulas,kind that,-17.1875,2,2token,incomplete_phrase
spatulas,ut i,-17.1875,2,2token,not_valid_noun
spatulas,pots with,-17.1875,2,2token,incomplete_phrase
spatulas,pots that,-17.1875,2,2token,incomplete_phrase
spatulas,chef work,-17.1875,2,2token,incomplete_phrase
spatulas,things around,-17.1875,2,2token,incomplete_phrase
spatulas,[ ]:,-17.1875,2,2token,not_valid_noun
spatulas,[ i,-17.1875,2,2token,not_valid_noun
spatulas,instruments _____,-17.1875,2,2token,not_valid_noun
spatulas,instruments :,-17.1875,2,2token,not_valid_noun
spatulas,item /,-17.21875,2,2token,not_valid_noun
spatulas,scissors Read,-17.21875,2,2token,not_valid_noun
spatulas,scissors with,-17.21875,2,2token,incomplete_phrase
spatulas,scissors :,-17.21875,2,2token,not_valid_noun
spatulas,scissors that,-17.21875,2,2token,incomplete_phrase
spatulas,scissors _____,-17.21875,2,2token,not_valid_noun
spatulas,o Equipment,-17.21875,2,2token,not_valid_noun
spatulas,scissors Cut,-17.21875,2,2token,incomplete_phrase
spatulas,scissors Correct,-17.21875,2,2token,not_valid_noun
spatulas,scissors COMPLETE,-17.21875,2,2token,not_valid_noun
spatulas,vegetables with,-17.21875,2,2token,incomplete_phrase
spatulas,vegetables that,-17.21875,2,2token,incomplete_phrase
spatulas,item ....,-17.21875,2,2token,not_valid_noun
spatulas,vegetables COMPLETE,-17.21875,2,2token,not_valid_noun
spatulas,vegetables ________,-17.21875,2,2token,not_valid_noun
spatulas,----- _______,-17.21875,2,2token,not_valid_noun
spatulas,can ....,-17.21875,2,2token,not_valid_noun
spatulas,----- ------,-17.21875,2,2token,not_valid_noun
spatulas,----- instrument,-17.21875,2,2token,not_valid_noun
spatulas,----- Correct,-17.21875,2,2token,not_valid_noun
spatulas,----- I,-17.21875,2,2token,not_valid_noun
spatulas,----- complete,-17.21875,2,2token,not_valid_noun
spatulas,item useful,-17.21875,2,2token,incomplete_phrase
spatulas,item Use,-17.21875,2,2token,incomplete_phrase
spatulas,vegetables :,-17.21875,2,2token,not_valid_noun
spatulas,vegetables are,-17.21875,2,2token,incomplete_phrase
spatulas,musical …,-17.21875,2,2token,not_valid_noun
spatulas,kni v,-17.21875,2,2token,not_valid_noun
spatulas,kni …,-17.21875,2,2token,not_valid_noun
spatulas,bla ..,-17.21875,2,2token,not_valid_noun
spatulas,sports Complete,-17.21875,2,2token,not_valid_noun
spatulas,writing equip,-17.21875,2,2token,incomplete_phrase
spatulas,work related,-17.25,2,2token,incomplete_phrase
spatulas,farm work,-17.25,2,2token,incomplete_phrase
spatulas,bake ...,-17.25,2,2token,not_valid_noun
spatulas,po,-17.25,2,2token,not_valid_noun
spatulas,po er,-17.25,2,2token,not_valid_noun
spatulas,utensi ....,-17.25,2,2token,not_valid_noun
spatulas,cuisine ...,-17.25,2,2token,not_valid_noun
spatulas,utility _________,-17.25,2,2token,not_valid_noun
spatulas,cuisine complete,-17.25,2,2token,not_valid_noun
spatulas,utility of,-17.25,2,2token,not_valid_noun
spatulas,utility ...,-17.25,2,2token,not_valid_noun
spatulas,cuisine and,-17.25,2,2token,incomplete_phrase
spatulas,dishes made,-17.25,2,2token,incomplete_phrase
spatulas,dishes complete,-17.25,2,2token,not_valid_noun
spatulas,brush you,-17.25,2,2token,incomplete_phrase
spatulas,brush of,-17.25,2,2token,not_valid_noun
spatulas,toy ________,-17.25,2,2token,not_valid_noun
spatulas,dishes with,-17.25,2,2token,incomplete_phrase
spatulas,…………………… Correct,-17.25,2,2token,not_valid_noun
spatulas,type ....,-17.25,2,2token,not_valid_noun
spatulas,type _____,-17.25,2,2token,not_valid_noun
spatulas,eat this,-17.25,2,2token,incomplete_phrase
spatulas,container [,-17.25,2,2token,not_valid_noun
spatulas,container Answer,-17.25,2,2token,not_valid_noun
spatulas,container _.,-17.25,2,2token,not_valid_noun
spatulas,container ______,-17.25,2,2token,not_valid_noun
spatulas,work ing,-17.25,2,2token,incomplete_phrase
spatulas,brush Read,-17.25,2,2token,not_valid_noun
spatulas,brush Use,-17.25,2,2token,incomplete_phrase
spatulas,shovel :,-17.25,2,2token,not_valid_noun
spatulas,shovel by,-17.25,2,2token,not_valid_noun
spatulas,shovel Comple,-17.25,2,2token,incomplete_phrase
spatulas,foods Read,-17.25,2,2token,not_valid_noun
spatulas,shovel ____,-17.25,2,2token,not_valid_noun
spatulas,shovel .....,-17.25,2,2token,not_valid_noun
spatulas,appliances with,-17.25,2,2token,incomplete_phrase
spatulas,appliances _______,-17.25,2,2token,not_valid_noun
spatulas,farm equip,-17.25,2,2token,not_valid_noun
spatulas,objects they,-17.25,2,2token,incomplete_phrase
spatulas,shape ...,-17.25,2,2token,not_valid_noun
spatulas,work __________,-17.25,2,2token,not_valid_noun
spatulas,work _________,-17.25,2,2token,not_valid_noun
spatulas,shape the,-17.25,2,2token,incomplete_phrase
spatulas,work ____________,-17.25,2,2token,not_valid_noun
spatulas,bake _____,-17.25,2,2token,not_valid_noun
spatulas,bake ing,-17.25,2,2token,incomplete_phrase
spatulas,dishes are,-17.25,2,2token,incomplete_phrase
spatulas,toy in,-17.25,2,2token,not_valid_noun
spatulas,measure ____,-17.25,2,2token,not_valid_noun
spatulas,bla ....,-17.28125,2,2token,not_valid_noun
spatulas,Tools _____,-17.28125,2,2token,not_valid_noun
spatulas,Tools a,-17.28125,2,2token,not_valid_noun
spatulas,knives by,-17.28125,2,2token,not_valid_noun
spatulas,knives A,-17.28125,2,2token,not_valid_noun
spatulas,knives of,-17.28125,2,2token,not_valid_noun
spatulas,art ________,-17.28125,2,2token,not_valid_noun
spatulas,kni Ve,-17.28125,2,2token,not_valid_noun
spatulas,Tool a,-17.28125,2,2token,not_valid_noun
spatulas,art ____,-17.28125,2,2token,not_valid_noun
spatulas,Tools ____,-17.28125,2,2token,not_valid_noun
spatulas,po ...,-17.28125,2,2token,not_valid_noun
spatulas,Tool ____,-17.28125,2,2token,not_valid_noun
spatulas,can also,-17.28125,2,2token,not_valid_noun
spatulas,utens ….,-17.28125,2,2token,not_valid_noun
spatulas,knives ..,-17.28125,2,2token,not_valid_noun
spatulas,instruments from,-17.3125,2,2token,incomplete_phrase
spatulas,instruments such,-17.3125,2,2token,incomplete_phrase
spatulas,ladle Read,-17.3125,2,2token,not_valid_noun
spatulas,bread flour,-17.3125,2,2token,not_valid_noun
spatulas,bread dish,-17.3125,2,2token,not_valid_noun
spatulas,bread ....,-17.3125,2,2token,not_valid_noun
spatulas,device ____,-17.3125,2,2token,not_valid_noun
spatulas,device use,-17.3125,2,2token,incomplete_phrase
spatulas,pen ...,-17.3125,2,2token,not_valid_noun
spatulas,instruments -,-17.3125,2,2token,not_valid_noun
spatulas,bread or,-17.3125,2,2token,not_valid_noun
spatulas,bread box,-17.3125,2,2token,not_valid_noun
spatulas,bread _____,-17.3125,2,2token,not_valid_noun
spatulas,accessory -,-17.3125,2,2token,not_valid_noun
spatulas,accessory needed,-17.3125,2,2token,incomplete_phrase
spatulas,bake Good,-17.3125,2,2token,incomplete_phrase
spatulas,bake a,-17.3125,2,2token,not_valid_noun
spatulas,pans The,-17.3125,2,2token,incomplete_phrase
spatulas,pans Answer,-17.3125,2,2token,not_valid_noun
spatulas,pans Read,-17.3125,2,2token,not_valid_noun
spatulas,pans which,-17.3125,2,2token,incomplete_phrase
spatulas,material on,-17.3125,2,2token,not_valid_noun
spatulas,material _______,-17.3125,2,2token,not_valid_noun
spatulas,thing -,-17.3125,2,2token,not_valid_noun
spatulas,tongs _______,-17.3125,2,2token,not_valid_noun
spatulas,item usually,-17.3125,2,2token,incomplete_phrase
spatulas,garden imple,-17.3125,2,2token,incomplete_phrase
spatulas,garden ________,-17.3125,2,2token,not_valid_noun
spatulas,instruments .....,-17.3125,2,2token,not_valid_noun
spatulas,instruments called,-17.3125,2,2token,incomplete_phrase
spatulas,cut on,-17.3125,2,2token,not_valid_noun
spatulas,cooker -,-17.3125,2,2token,not_valid_noun
spatulas,cooker ....,-17.3125,2,2token,not_valid_noun
spatulas,things ...,-17.3125,2,2token,not_valid_noun
spatulas,eat on,-17.3125,2,2token,not_valid_noun
spatulas,kind the,-17.3125,2,2token,incomplete_phrase
spatulas,kind __,-17.3125,2,2token,not_valid_noun
spatulas,kind for,-17.3125,2,2token,incomplete_phrase
spatulas,kind ....,-17.3125,2,2token,not_valid_noun
spatulas,kind ____,-17.3125,2,2token,not_valid_noun
spatulas,verb that,-17.3125,2,2token,incomplete_phrase
spatulas,verb ...,-17.3125,2,2token,not_valid_noun
spatulas,[ Select,-17.3125,2,2token,not_valid_noun
spatulas,cut or,-17.3125,2,2token,not_valid_noun
spatulas,pots ...,-17.3125,2,2token,not_valid_noun
spatulas,pots ....,-17.3125,2,2token,not_valid_noun
spatulas,cooker for,-17.3125,2,2token,incomplete_phrase
spatulas,pots to,-17.3125,2,2token,not_valid_noun
spatulas,pots an,-17.3125,2,2token,not_valid_noun
spatulas,pots are,-17.3125,2,2token,incomplete_phrase
spatulas,blade to,-17.3125,2,2token,not_valid_noun
spatulas,blade ...,-17.3125,2,2token,not_valid_noun
spatulas,blade complete,-17.3125,2,2token,not_valid_noun
spatulas,work with,-17.3125,2,2token,not_valid_noun
spatulas,gadget of,-17.3125,2,2token,not_valid_noun
spatulas,gadget -,-17.3125,2,2token,not_valid_noun
spatulas,gadget ________,-17.3125,2,2token,not_valid_noun
spatulas,gadget _______,-17.3125,2,2token,not_valid_noun
spatulas,vegetables ______,-17.34375,2,2token,not_valid_noun
spatulas,vegetables ____,-17.34375,2,2token,not_valid_noun
spatulas,----- in,-17.34375,2,2token,not_valid_noun
spatulas,----- scissors,-17.34375,2,2token,not_valid_noun
spatulas,----- fork,-17.34375,2,2token,not_valid_noun
spatulas,fruits utens,-17.34375,2,2token,not_valid_noun
spatulas,can opening,-17.34375,2,2token,incomplete_phrase
spatulas,can for,-17.34375,2,2token,not_valid_noun
spatulas,----- ______,-17.34375,2,2token,not_valid_noun
spatulas,----- kitchen,-17.34375,2,2token,not_valid_noun
spatulas,fruits with,-17.34375,2,2token,incomplete_phrase
spatulas,fruits like,-17.34375,2,2token,incomplete_phrase
spatulas,musical in,-17.34375,2,2token,not_valid_noun
spatulas,dishes ________,-17.375,2,2token,not_valid_noun
spatulas,cuisine kitchen,-17.375,2,2token,incomplete_phrase
spatulas,sandwich _______,-17.375,2,2token,not_valid_noun
spatulas,dishes you,-17.375,2,2token,incomplete_phrase
spatulas,shovel a,-17.375,2,2token,not_valid_noun
spatulas,shovel of,-17.375,2,2token,not_valid_noun
spatulas,shovel are,-17.375,2,2token,incomplete_phrase
spatulas,gardening trow,-17.375,2,2token,incomplete_phrase
spatulas,gardening ____,-17.375,2,2token,not_valid_noun
spatulas,eat This,-17.375,2,2token,incomplete_phrase
spatulas,forks are,-17.375,2,2token,incomplete_phrase
spatulas,eat hot,-17.375,2,2token,not_valid_noun
spatulas,forks ________,-17.375,2,2token,not_valid_noun
spatulas,type B,-17.375,2,2token,not_valid_noun
spatulas,type on,-17.375,2,2token,not_valid_noun
spatulas,sp att,-17.375,2,2token,not_valid_noun
spatulas,sandwich to,-17.375,2,2token,not_valid_noun
spatulas,brush Set,-17.375,2,2token,incomplete_phrase
spatulas,brush What,-17.375,2,2token,not_valid_noun
spatulas,brush which,-17.375,2,2token,incomplete_phrase
spatulas,app lt,-17.375,2,2token,not_valid_noun
spatulas,…………………… tool,-17.375,2,2token,not_valid_noun
spatulas,foods processing,-17.375,2,2token,incomplete_phrase
spatulas,plate ...,-17.375,2,2token,not_valid_noun
spatulas,plate ________,-17.375,2,2token,not_valid_noun
spatulas,dishes Ut,-17.375,2,2token,not_valid_noun
spatulas,dishes /,-17.375,2,2token,not_valid_noun
spatulas,utensi ….,-17.375,2,2token,not_valid_noun
spatulas,objects called,-17.375,2,2token,not_valid_noun
spatulas,objects ______,-17.375,2,2token,not_valid_noun
spatulas,sandwich ____________,-17.375,2,2token,not_valid_noun
spatulas,………… To,-17.375,2,2token,not_valid_noun
spatulas,objects [,-17.375,2,2token,not_valid_noun
spatulas,piece od,-17.375,2,2token,not_valid_noun
spatulas,appliances ________,-17.375,2,2token,not_valid_noun
spatulas,glass ________,-17.375,2,2token,not_valid_noun
spatulas,container A,-17.375,2,2token,not_valid_noun
spatulas,plate in,-17.375,2,2token,not_valid_noun
spatulas,shovel _____,-17.375,2,2token,not_valid_noun
spatulas,eat all,-17.375,2,2token,not_valid_noun
spatulas,furniture ____,-17.375,2,2token,not_valid_noun
spatulas,farm ________,-17.375,2,2token,not_valid_noun
spatulas,plate -,-17.375,2,2token,not_valid_noun
spatulas,plate to,-17.375,2,2token,not_valid_noun
spatulas,brush Incomplete,-17.375,2,2token,not_valid_noun
spatulas,brush _.,-17.375,2,2token,not_valid_noun
spatulas,…………………… Food,-17.375,2,2token,not_valid_noun
spatulas,type _______,-17.375,2,2token,not_valid_noun
spatulas,type II,-17.375,2,2token,not_valid_noun
spatulas,paint for,-17.375,2,2token,not_valid_noun
spatulas,shovel The,-17.375,2,2token,incomplete_phrase
spatulas,foods we,-17.375,2,2token,not_valid_noun
spatulas,paint _______,-17.375,2,2token,not_valid_noun
spatulas,Tool Use,-17.40625,2,2token,incomplete_phrase
spatulas,can do,-17.40625,2,2token,not_valid_noun
spatulas,Tool _____,-17.40625,2,2token,not_valid_noun
spatulas,cup for,-17.40625,2,2token,incomplete_phrase
spatulas,cup in,-17.40625,2,2token,not_valid_noun
spatulas,utens it,-17.40625,2,2token,not_valid_noun
spatulas,can is,-17.40625,2,2token,not_valid_noun
spatulas,things Used,-17.4375,2,2token,incomplete_phrase
spatulas,thing Used,-17.4375,2,2token,incomplete_phrase
spatulas,gadget on,-17.4375,2,2token,not_valid_noun
spatulas,utensi I,-17.4375,2,2token,not_valid_noun
spatulas,Spoon True,-17.4375,2,2token,incomplete_phrase
spatulas,things at,-17.4375,2,2token,not_valid_noun
spatulas,bread pans,-17.4375,2,2token,not_valid_noun
spatulas,item Used,-17.4375,2,2token,incomplete_phrase
spatulas,gadget made,-17.4375,2,2token,incomplete_phrase
spatulas,[ (,-17.4375,2,2token,not_valid_noun
spatulas,[ ),-17.4375,2,2token,not_valid_noun
spatulas,pans [,-17.4375,2,2token,not_valid_noun
spatulas,gadget [,-17.4375,2,2token,not_valid_noun
spatulas,Spoon by,-17.4375,2,2token,not_valid_noun
spatulas,Spoon What,-17.4375,2,2token,not_valid_noun
spatulas,Spoon [,-17.4375,2,2token,not_valid_noun
spatulas,[ food,-17.4375,2,2token,not_valid_noun
spatulas,piece on,-17.4375,2,2token,not_valid_noun
spatulas,verb ....,-17.4375,2,2token,not_valid_noun
spatulas,verb _______,-17.4375,2,2token,not_valid_noun
spatulas,cooker /,-17.4375,2,2token,not_valid_noun
spatulas,cut resistant,-17.4375,2,2token,not_valid_noun
spatulas,instruments [,-17.4375,2,2token,not_valid_noun
spatulas,bread Related,-17.4375,2,2token,not_valid_noun
spatulas,bread instrument,-17.4375,2,2token,not_valid_noun
spatulas,bread spread,-17.4375,2,2token,not_valid_noun
spatulas,Spoon _________,-17.4375,2,2token,not_valid_noun
spatulas,pots ________,-17.4375,2,2token,not_valid_noun
spatulas,blade ______,-17.4375,2,2token,not_valid_noun
spatulas,fruits kitchen,-17.4375,2,2token,incomplete_phrase
spatulas,blade ....,-17.4375,2,2token,not_valid_noun
spatulas,ladle /,-17.4375,2,2token,not_valid_noun
spatulas,fruits to,-17.4375,2,2token,not_valid_noun
spatulas,sp sp,-17.4375,2,2token,not_valid_noun
spatulas,tongs for,-17.4375,2,2token,incomplete_phrase
spatulas,app that,-17.4375,2,2token,incomplete_phrase
spatulas,device _____,-17.4375,2,2token,not_valid_noun
spatulas,musical utens,-17.4375,2,2token,incomplete_phrase
spatulas,pots n,-17.4375,2,2token,not_valid_noun
spatulas,kind kind,-17.4375,2,2token,incomplete_phrase
spatulas,[ -,-17.4375,2,2token,not_valid_noun
spatulas,pen ......,-17.4375,2,2token,not_valid_noun
spatulas,-----,-17.46875,2,2token,not_valid_noun
spatulas,scissors is,-17.46875,2,2token,not_valid_noun
spatulas,-----,-17.46875,2,2token,not_valid_noun
spatulas,bla __,-17.46875,2,2token,not_valid_noun
spatulas,writing ...,-17.46875,2,2token,not_valid_noun
spatulas,sports and,-17.46875,2,2token,incomplete_phrase
spatulas,----- The,-17.46875,2,2token,not_valid_noun
spatulas,----- ----,-17.46875,2,2token,not_valid_noun
spatulas,----- ---,-17.46875,2,2token,not_valid_noun
spatulas,----- >,-17.46875,2,2token,not_valid_noun
spatulas,----- ________,-17.46875,2,2token,not_valid_noun
spatulas,vegetables /,-17.46875,2,2token,not_valid_noun
spatulas,sports equi,-17.46875,2,2token,incomplete_phrase
spatulas,sports ...,-17.46875,2,2token,not_valid_noun
spatulas,scissors Answer,-17.46875,2,2token,not_valid_noun
spatulas,----- ....,-17.46875,2,2token,not_valid_noun
spatulas,bla k,-17.46875,2,2token,not_valid_noun
spatulas,scissors used,-17.46875,2,2token,incomplete_phrase
spatulas,----- and,-17.46875,2,2token,not_valid_noun
spatulas,Ut (,-17.46875,2,2token,not_valid_noun
spatulas,----- ...,-17.46875,2,2token,not_valid_noun
spatulas,----- metal,-17.46875,2,2token,not_valid_noun
spatulas,dinner __________,-17.5,2,2token,not_valid_noun
spatulas,gardening …,-17.5,2,2token,not_valid_noun
spatulas,gardening ______,-17.5,2,2token,not_valid_noun
spatulas,………… complete,-17.5,2,2token,not_valid_noun
spatulas,gardening (,-17.5,2,2token,not_valid_noun
spatulas,sandwich Fill,-17.5,2,2token,not_valid_noun
spatulas,sandwich fillers,-17.5,2,2token,not_valid_noun
spatulas,gardening and,-17.5,2,2token,incomplete_phrase
spatulas,furniture Read,-17.5,2,2token,not_valid_noun
spatulas,furniture -,-17.5,2,2token,not_valid_noun
spatulas,objects necessary,-17.5,2,2token,incomplete_phrase
spatulas,objects A,-17.5,2,2token,not_valid_noun
spatulas,foods _______,-17.5,2,2token,not_valid_noun
spatulas,objects Answer,-17.5,2,2token,not_valid_noun
spatulas,objects useful,-17.5,2,2token,incomplete_phrase
spatulas,ut e,-17.5,2,2token,not_valid_noun
spatulas,…………………… fruit,-17.5,2,2token,not_valid_noun
spatulas,…………………… ……………………,-17.5,2,2token,not_valid_noun
spatulas,furniture _______,-17.5,2,2token,not_valid_noun
spatulas,cut for,-17.5,2,2token,not_valid_noun
spatulas,furniture ______,-17.5,2,2token,not_valid_noun
spatulas,toy ...,-17.5,2,2token,not_valid_noun
spatulas,toy that,-17.5,2,2token,incomplete_phrase
spatulas,brush by,-17.5,2,2token,not_valid_noun
spatulas,shovel which,-17.5,2,2token,incomplete_phrase
spatulas,shovel Select,-17.5,2,2token,not_valid_noun
spatulas,shovel A,-17.5,2,2token,not_valid_noun
spatulas,shovel [,-17.5,2,2token,not_valid_noun
spatulas,shovel the,-17.5,2,2token,incomplete_phrase
spatulas,container Correct,-17.5,2,2token,not_valid_noun
spatulas,container you,-17.5,2,2token,incomplete_phrase
spatulas,…………………… What,-17.5,2,2token,not_valid_noun
spatulas,…………………… I,-17.5,2,2token,not_valid_noun
spatulas,paint _____,-17.5,2,2token,not_valid_noun
spatulas,measure …,-17.5,2,2token,not_valid_noun
spatulas,shape ....,-17.5,2,2token,not_valid_noun
spatulas,bake bake,-17.5,2,2token,incomplete_phrase
spatulas,furniture to,-17.5,2,2token,not_valid_noun
spatulas,farm or,-17.5,2,2token,not_valid_noun
spatulas,furniture that,-17.5,2,2token,incomplete_phrase
spatulas,can are,-17.53125,2,2token,incomplete_phrase
spatulas,utens It,-17.53125,2,2token,not_valid_noun
spatulas,utens or,-17.53125,2,2token,not_valid_noun
spatulas,instruments,-17.5625,2,2token,not_valid_noun
spatulas,[ _____,-17.5625,2,2token,not_valid_noun
spatulas,pans ….,-17.5625,2,2token,not_valid_noun
spatulas,thing useful,-17.5625,2,2token,incomplete_phrase
spatulas,pans of,-17.5625,2,2token,not_valid_noun
spatulas,pans A,-17.5625,2,2token,not_valid_noun
spatulas,gadget ____,-17.5625,2,2token,not_valid_noun
spatulas,pans Full,-17.5625,2,2token,incomplete_phrase
spatulas,[ type,-17.5625,2,2token,not_valid_noun
spatulas,kind ______,-17.5625,2,2token,not_valid_noun
spatulas,piece fo,-17.5625,2,2token,not_valid_noun
spatulas,[ I,-17.5625,2,2token,not_valid_noun
spatulas,cooker COMPLETE,-17.5625,2,2token,not_valid_noun
spatulas,musical ....,-17.5625,2,2token,not_valid_noun
spatulas,pots -,-17.5625,2,2token,not_valid_noun
spatulas,fruits from,-17.5625,2,2token,incomplete_phrase
spatulas,bread ___________,-17.5625,2,2token,not_valid_noun
spatulas,bread cutter,-17.5625,2,2token,not_valid_noun
spatulas,bread slice,-17.5625,2,2token,not_valid_noun
spatulas,bread implement,-17.5625,2,2token,not_valid_noun
spatulas,bread equipment,-17.5625,2,2token,not_valid_noun
spatulas,Tools Used,-17.5625,2,2token,incomplete_phrase
spatulas,Tools :,-17.5625,2,2token,not_valid_noun
spatulas,Tools A,-17.5625,2,2token,not_valid_noun
spatulas,tongs ____,-17.5625,2,2token,not_valid_noun
spatulas,musical ____,-17.5625,2,2token,not_valid_noun
spatulas,musical ________,-17.5625,2,2token,not_valid_noun
spatulas,cut ....,-17.5625,2,2token,not_valid_noun
spatulas,app ____,-17.5625,2,2token,not_valid_noun
spatulas,sp ....,-17.5625,2,2token,not_valid_noun
spatulas,thing Answer,-17.5625,2,2token,not_valid_noun
spatulas,gadget at,-17.5625,2,2token,not_valid_noun
spatulas,"utensi ,",-17.5625,2,2token,not_valid_noun
spatulas,material like,-17.5625,2,2token,incomplete_phrase
spatulas,things the,-17.5625,2,2token,not_valid_noun
spatulas,things useful,-17.5625,2,2token,incomplete_phrase
spatulas,Spoon Use,-17.5625,2,2token,incomplete_phrase
spatulas,Spoon :,-17.5625,2,2token,not_valid_noun
spatulas,material complete,-17.5625,2,2token,not_valid_noun
spatulas,thing i,-17.5625,2,2token,not_valid_noun
spatulas,item belonging,-17.5625,2,2token,incomplete_phrase
spatulas,bread -,-17.5625,2,2token,not_valid_noun
spatulas,bread for,-17.5625,2,2token,not_valid_noun
spatulas,app _________,-17.5625,2,2token,not_valid_noun
spatulas,thing around,-17.5625,2,2token,incomplete_phrase
spatulas,blade -,-17.5625,2,2token,not_valid_noun
spatulas,blade which,-17.5625,2,2token,incomplete_phrase
spatulas,ut n,-17.5625,2,2token,not_valid_noun
spatulas,Spoon to,-17.5625,2,2token,not_valid_noun
spatulas,Spoon Read,-17.5625,2,2token,not_valid_noun
spatulas,scissors a,-17.59375,2,2token,not_valid_noun
spatulas,writing ________,-17.59375,2,2token,not_valid_noun
spatulas,po …,-17.59375,2,2token,not_valid_noun
spatulas,teaspoon with,-17.59375,2,2token,incomplete_phrase
spatulas,vegetables …,-17.59375,2,2token,not_valid_noun
spatulas,vegetables _____,-17.59375,2,2token,not_valid_noun
spatulas,teaspoon is,-17.59375,2,2token,not_valid_noun
spatulas,vegetables [,-17.59375,2,2token,not_valid_noun
spatulas,plate complete,-17.625,2,2token,not_valid_noun
spatulas,farm and,-17.625,2,2token,incomplete_phrase
spatulas,appliances .....,-17.625,2,2token,not_valid_noun
spatulas,shovel ___________,-17.625,2,2token,not_valid_noun
spatulas,plate that,-17.625,2,2token,incomplete_phrase
spatulas,dishes of,-17.625,2,2token,not_valid_noun
spatulas,measure _______,-17.625,2,2token,not_valid_noun
spatulas,pen for,-17.625,2,2token,incomplete_phrase
spatulas,pen ____________,-17.625,2,2token,not_valid_noun
spatulas,Tool of,-17.625,2,2token,not_valid_noun
spatulas,Tool -,-17.625,2,2token,not_valid_noun
spatulas,Tool :,-17.625,2,2token,not_valid_noun
spatulas,Tool /,-17.625,2,2token,not_valid_noun
spatulas,container :,-17.625,2,2token,not_valid_noun
spatulas,[ kitchen,-17.625,2,2token,not_valid_noun
spatulas,container _____,-17.625,2,2token,not_valid_noun
spatulas,measure Read,-17.625,2,2token,not_valid_noun
spatulas,sp …,-17.625,2,2token,not_valid_noun
spatulas,cut up,-17.625,2,2token,not_valid_noun
spatulas,cut t,-17.625,2,2token,not_valid_noun
spatulas,measure .....,-17.625,2,2token,not_valid_noun
spatulas,measure Prepare,-17.625,2,2token,not_valid_noun
spatulas,measure with,-17.625,2,2token,not_valid_noun
spatulas,dishes which,-17.625,2,2token,incomplete_phrase
spatulas,type __,-17.625,2,2token,not_valid_noun
spatulas,type _,-17.625,2,2token,not_valid_noun
spatulas,foods ________,-17.625,2,2token,not_valid_noun
spatulas,forks ______,-17.625,2,2token,not_valid_noun
spatulas,gardening utensi,-17.625,2,2token,incomplete_phrase
spatulas,appliances /,-17.625,2,2token,not_valid_noun
spatulas,………… What,-17.625,2,2token,not_valid_noun
spatulas,………… Choose,-17.625,2,2token,not_valid_noun
spatulas,forks ____,-17.625,2,2token,not_valid_noun
spatulas,appliances on,-17.625,2,2token,not_valid_noun
spatulas,utensi |,-17.625,2,2token,not_valid_noun
spatulas,cuisine ut,-17.625,2,2token,not_valid_noun
spatulas,bla nk,-17.625,2,2token,not_valid_noun
spatulas,shape Correct,-17.625,2,2token,not_valid_noun
spatulas,cup Read,-17.65625,2,2token,not_valid_noun
spatulas,cup ...,-17.65625,2,2token,not_valid_noun
spatulas,can [,-17.65625,2,2token,not_valid_noun
spatulas,utens for,-17.65625,2,2token,incomplete_phrase
spatulas,utens ll,-17.65625,2,2token,not_valid_noun
spatulas,can used,-17.65625,2,2token,not_valid_noun
spatulas,ору,-17.65625,2,2token,not_valid_noun
spatulas,accessory utens,-17.6875,2,2token,incomplete_phrase
spatulas,----- or,-17.6875,2,2token,not_valid_noun
spatulas,accessory Use,-17.6875,2,2token,incomplete_phrase
spatulas,pots /,-17.6875,2,2token,not_valid_noun
spatulas,----- utensils,-17.6875,2,2token,not_valid_noun
spatulas,pans _________,-17.6875,2,2token,not_valid_noun
spatulas,device at,-17.6875,2,2token,not_valid_noun
spatulas,device found,-17.6875,2,2token,incomplete_phrase
spatulas,tongs in,-17.6875,2,2token,not_valid_noun
spatulas,ladle are,-17.6875,2,2token,incomplete_phrase
spatulas,pots a,-17.6875,2,2token,not_valid_noun
spatulas,----- _____,-17.6875,2,2token,not_valid_noun
spatulas,gadget from,-17.6875,2,2token,incomplete_phrase
spatulas,gadget a,-17.6875,2,2token,not_valid_noun
spatulas,pans,-17.6875,2,2token,not_valid_noun
spatulas,tongs to,-17.6875,2,2token,not_valid_noun
spatulas,tongs tongs,-17.6875,2,2token,incomplete_phrase
spatulas,ladle to,-17.6875,2,2token,not_valid_noun
spatulas,ladle ______,-17.6875,2,2token,not_valid_noun
spatulas,ladle which,-17.6875,2,2token,incomplete_phrase
spatulas,pans _,-17.6875,2,2token,not_valid_noun
spatulas,pans :,-17.6875,2,2token,not_valid_noun
spatulas,thing /,-17.6875,2,2token,not_valid_noun
spatulas,cut _______,-17.6875,2,2token,not_valid_noun
spatulas,verb to,-17.6875,2,2token,not_valid_noun
spatulas,thing and,-17.6875,2,2token,incomplete_phrase
spatulas,sp .....,-17.6875,2,2token,not_valid_noun
spatulas,sp ut,-17.6875,2,2token,not_valid_noun
spatulas,bread dough,-17.6875,2,2token,not_valid_noun
spatulas,bread roll,-17.6875,2,2token,not_valid_noun
spatulas,material a,-17.6875,2,2token,not_valid_noun
spatulas,sp t,-17.6875,2,2token,not_valid_noun
spatulas,Tools -,-17.6875,2,2token,not_valid_noun
spatulas,Tools /,-17.6875,2,2token,not_valid_noun
spatulas,app I,-17.6875,2,2token,not_valid_noun
spatulas,instruments at,-17.6875,2,2token,not_valid_noun
spatulas,Tools _________,-17.6875,2,2token,not_valid_noun
spatulas,Tools Use,-17.6875,2,2token,incomplete_phrase
spatulas,material Read,-17.6875,2,2token,not_valid_noun
spatulas,material is,-17.6875,2,2token,not_valid_noun
spatulas,material cooking,-17.6875,2,2token,incomplete_phrase
spatulas,device intended,-17.6875,2,2token,incomplete_phrase
spatulas,po i,-17.6875,2,2token,not_valid_noun
spatulas,accessory _____,-17.6875,2,2token,not_valid_noun
spatulas,accessory …,-17.6875,2,2token,not_valid_noun
spatulas,----- for,-17.6875,2,2token,not_valid_noun
spatulas,Spoon of,-17.6875,2,2token,not_valid_noun
spatulas,blade on,-17.6875,2,2token,not_valid_noun
spatulas,things ....,-17.6875,2,2token,not_valid_noun
spatulas,things are,-17.6875,2,2token,incomplete_phrase
spatulas,things and,-17.6875,2,2token,incomplete_phrase
spatulas,garden gardening,-17.6875,2,2token,incomplete_phrase
spatulas,Spoon are,-17.6875,2,2token,incomplete_phrase
spatulas,Spoon full,-17.6875,2,2token,incomplete_phrase
spatulas,item ________,-17.6875,2,2token,not_valid_noun
spatulas,item commonly,-17.6875,2,2token,incomplete_phrase
spatulas,"Spoon ,",-17.6875,2,2token,not_valid_noun
spatulas,Spoon like,-17.6875,2,2token,incomplete_phrase
spatulas,garden ...,-17.6875,2,2token,not_valid_noun
spatulas,gadget :,-17.6875,2,2token,not_valid_noun
spatulas,blade made,-17.6875,2,2token,incomplete_phrase
spatulas,scissors Fill,-17.71875,2,2token,not_valid_noun
spatulas,vegetables Correct,-17.71875,2,2token,not_valid_noun
spatulas,vegetables,-17.71875,2,2token,not_valid_noun
spatulas,po ....,-17.71875,2,2token,not_valid_noun
spatulas,teaspoon ...,-17.71875,2,2token,not_valid_noun
spatulas,teaspoon ....,-17.71875,2,2token,not_valid_noun
spatulas,scissors by,-17.71875,2,2token,not_valid_noun
spatulas,scissors .....,-17.71875,2,2token,not_valid_noun
spatulas,vegetables Edit,-17.71875,2,2token,incomplete_phrase
spatulas,teaspoon complete,-17.71875,2,2token,not_valid_noun
spatulas,Ut and,-17.71875,2,2token,not_valid_noun
spatulas,glass ....,-17.75,2,2token,not_valid_noun
spatulas,shape complete,-17.75,2,2token,not_valid_noun
spatulas,………… Make,-17.75,2,2token,not_valid_noun
spatulas,………… In,-17.75,2,2token,not_valid_noun
spatulas,dishes A,-17.75,2,2token,not_valid_noun
spatulas,cuisine or,-17.75,2,2token,not_valid_noun
spatulas,Tool Used,-17.75,2,2token,not_valid_noun
spatulas,ut [,-17.75,2,2token,not_valid_noun
spatulas,piece ....,-17.75,2,2token,not_valid_noun
spatulas,foods on,-17.75,2,2token,not_valid_noun
spatulas,gardening ....,-17.75,2,2token,not_valid_noun
spatulas,shape -,-17.75,2,2token,not_valid_noun
spatulas,shape with,-17.75,2,2token,not_valid_noun
spatulas,farm yard,-17.75,2,2token,incomplete_phrase
spatulas,container cooking,-17.75,2,2token,incomplete_phrase
spatulas,can Read,-17.75,2,2token,not_valid_noun
spatulas,kni (,-17.75,2,2token,not_valid_noun
spatulas,can …,-17.75,2,2token,not_valid_noun
spatulas,appliances :,-17.75,2,2token,not_valid_noun
spatulas,appliances -,-17.75,2,2token,not_valid_noun
spatulas,toy ....,-17.75,2,2token,not_valid_noun
spatulas,toy or,-17.75,2,2token,not_valid_noun
spatulas,bake or,-17.75,2,2token,not_valid_noun
spatulas,bake -,-17.75,2,2token,not_valid_noun
spatulas,plate ....,-17.75,2,2token,not_valid_noun
spatulas,paint ______,-17.75,2,2token,not_valid_noun
spatulas,Tool A,-17.75,2,2token,not_valid_noun
spatulas,Tool and,-17.75,2,2token,incomplete_phrase
spatulas,[ outil,-17.75,2,2token,not_valid_noun
spatulas,…………………… They,-17.75,2,2token,not_valid_noun
spatulas,farm equ,-17.75,2,2token,incomplete_phrase
spatulas,…………………… “,-17.75,2,2token,not_valid_noun
spatulas,shovel I,-17.75,2,2token,not_valid_noun
spatulas,farm farm,-17.75,2,2token,incomplete_phrase
spatulas,type if,-17.75,2,2token,not_valid_noun
spatulas,type one,-17.75,2,2token,incomplete_phrase
spatulas,cut e,-17.75,2,2token,not_valid_noun
spatulas,Tool which,-17.75,2,2token,incomplete_phrase
spatulas,bake __________,-17.75,2,2token,not_valid_noun
spatulas,furniture Tools,-17.75,2,2token,incomplete_phrase
spatulas,bake …,-17.75,2,2token,not_valid_noun
spatulas,bla de,-17.75,2,2token,not_valid_noun
spatulas,pen ........,-17.75,2,2token,not_valid_noun
spatulas,pen to,-17.75,2,2token,not_valid_noun
spatulas,toy COMPLETE,-17.75,2,2token,not_valid_noun
spatulas,toy Incomplete,-17.75,2,2token,not_valid_noun
spatulas,art or,-17.75,2,2token,not_valid_noun
spatulas,cuisine ingredients,-17.75,2,2token,not_valid_noun
spatulas,container from,-17.75,2,2token,incomplete_phrase
spatulas,bake the,-17.75,2,2token,incomplete_phrase
spatulas,container The,-17.75,2,2token,incomplete_phrase
spatulas,cuisine ....,-17.75,2,2token,not_valid_noun
spatulas,utens ile,-17.78125,2,2token,not_valid_noun
spatulas,столо,-17.78125,2,2token,not_valid_noun
spatulas,material ____,-17.8125,2,2token,not_valid_noun
spatulas,thing Comple,-17.8125,2,2token,incomplete_phrase
spatulas,cut -,-17.8125,2,2token,not_valid_noun
spatulas,material ______,-17.8125,2,2token,not_valid_noun
spatulas,sp _______,-17.8125,2,2token,not_valid_noun
spatulas,kind are,-17.8125,2,2token,incomplete_phrase
spatulas,can ?,-17.8125,2,2token,not_valid_noun
spatulas,gadget ______,-17.8125,2,2token,not_valid_noun
spatulas,can __,-17.8125,2,2token,not_valid_noun
spatulas,can e,-17.8125,2,2token,not_valid_noun
spatulas,can a,-17.8125,2,2token,not_valid_noun
spatulas,sco o,-17.8125,2,2token,not_valid_noun
spatulas,blade _____,-17.8125,2,2token,not_valid_noun
spatulas,things necessary,-17.8125,2,2token,incomplete_phrase
spatulas,things Use,-17.8125,2,2token,incomplete_phrase
spatulas,gadget …,-17.8125,2,2token,not_valid_noun
spatulas,measure /,-17.8125,2,2token,not_valid_noun
spatulas,ladle The,-17.8125,2,2token,incomplete_phrase
spatulas,ladle .....,-17.8125,2,2token,not_valid_noun
spatulas,musical ______,-17.8125,2,2token,not_valid_noun
spatulas,ladle [,-17.8125,2,2token,not_valid_noun
spatulas,ladle a,-17.8125,2,2token,not_valid_noun
spatulas,measure -,-17.8125,2,2token,not_valid_noun
spatulas,device A,-17.8125,2,2token,not_valid_noun
spatulas,pans the,-17.8125,2,2token,incomplete_phrase
spatulas,pans,-17.8125,2,2token,not_valid_noun
spatulas,tongs that,-17.8125,2,2token,incomplete_phrase
spatulas,pots _______,-17.8125,2,2token,not_valid_noun
spatulas,pans ___________,-17.8125,2,2token,not_valid_noun
spatulas,pans __________,-17.8125,2,2token,not_valid_noun
spatulas,pans What,-17.8125,2,2token,incomplete_phrase
spatulas,pans by,-17.8125,2,2token,not_valid_noun
spatulas,cup ________,-17.8125,2,2token,not_valid_noun
spatulas,accessory Edit,-17.8125,2,2token,incomplete_phrase
spatulas,accessory .....,-17.8125,2,2token,not_valid_noun
spatulas,pans on,-17.8125,2,2token,not_valid_noun
spatulas,pans ____________,-17.8125,2,2token,not_valid_noun
spatulas,accessory a,-17.8125,2,2token,not_valid_noun
spatulas,pans Correct,-17.8125,2,2token,not_valid_noun
spatulas,thing _______,-17.8125,2,2token,not_valid_noun
spatulas,verb used,-17.8125,2,2token,not_valid_noun
spatulas,ut of,-17.8125,2,2token,not_valid_noun
spatulas,ut that,-17.8125,2,2token,not_valid_noun
spatulas,sp ot,-17.8125,2,2token,not_valid_noun
spatulas,cooker that,-17.8125,2,2token,incomplete_phrase
spatulas,item and,-17.8125,2,2token,incomplete_phrase
spatulas,can _,-17.8125,2,2token,not_valid_noun
spatulas,thing ________,-17.8125,2,2token,not_valid_noun
spatulas,kind _____,-17.8125,2,2token,not_valid_noun
spatulas,blade ____,-17.8125,2,2token,not_valid_noun
spatulas,item _______,-17.8125,2,2token,not_valid_noun
spatulas,kind complete,-17.8125,2,2token,not_valid_noun
spatulas,item they,-17.8125,2,2token,incomplete_phrase
spatulas,cooking,-17.84375,2,2token,incomplete_phrase
spatulas,utens to,-17.84375,2,2token,not_valid_noun
spatulas,"utens ,",-17.84375,2,2token,not_valid_noun
spatulas,vegetables What,-17.84375,2,2token,incomplete_phrase
spatulas,vegetables .......,-17.84375,2,2token,not_valid_noun
spatulas,scissors [,-17.84375,2,2token,not_valid_noun
spatulas,scissors ….,-17.84375,2,2token,not_valid_noun
spatulas,scissors The,-17.84375,2,2token,incomplete_phrase
spatulas,vegetables The,-17.84375,2,2token,incomplete_phrase
spatulas,vegetables by,-17.84375,2,2token,not_valid_noun
spatulas,vegetables ..,-17.84375,2,2token,not_valid_noun
spatulas,vegetables,-17.84375,2,2token,not_valid_noun
spatulas,plate Perfect,-17.875,2,2token,incomplete_phrase
spatulas,[ verb,-17.875,2,2token,not_valid_noun
spatulas,glass eating,-17.875,2,2token,incomplete_phrase
spatulas,writing utensi,-17.875,2,2token,incomplete_phrase
spatulas,writing ______,-17.875,2,2token,not_valid_noun
spatulas,glass _______,-17.875,2,2token,not_valid_noun
spatulas,Tool ___________,-17.875,2,2token,not_valid_noun
spatulas,paint used,-17.875,2,2token,incomplete_phrase
spatulas,plate eating,-17.875,2,2token,incomplete_phrase
spatulas,[ _______,-17.875,2,2token,not_valid_noun
spatulas,[ Choose,-17.875,2,2token,not_valid_noun
spatulas,[ [,-17.875,2,2token,not_valid_noun
spatulas,[,-17.875,2,2token,not_valid_noun
spatulas,"[ ,",-17.875,2,2token,not_valid_noun
spatulas,[ blan,-17.875,2,2token,not_valid_noun
spatulas,foods ______,-17.875,2,2token,not_valid_noun
spatulas,foods with,-17.875,2,2token,incomplete_phrase
spatulas,foods which,-17.875,2,2token,incomplete_phrase
spatulas,foods like,-17.875,2,2token,incomplete_phrase
spatulas,Tool _________,-17.875,2,2token,not_valid_noun
spatulas,Tool Read,-17.875,2,2token,not_valid_noun
spatulas,cut the,-17.875,2,2token,incomplete_phrase
spatulas,………… You,-17.875,2,2token,not_valid_noun
spatulas,teaspoon Fill,-17.875,2,2token,not_valid_noun
spatulas,teaspoon Read,-17.875,2,2token,not_valid_noun
spatulas,container a,-17.875,2,2token,not_valid_noun
spatulas,cuisine _______,-17.875,2,2token,not_valid_noun
spatulas,………… Continue,-17.875,2,2token,not_valid_noun
spatulas,appliances like,-17.875,2,2token,incomplete_phrase
spatulas,toy Read,-17.875,2,2token,not_valid_noun
spatulas,toy _______,-17.875,2,2token,not_valid_noun
spatulas,appliances ______,-17.875,2,2token,not_valid_noun
spatulas,appliances ____,-17.875,2,2token,not_valid_noun
spatulas,appliances Answer,-17.875,2,2token,not_valid_noun
spatulas,appliances such,-17.875,2,2token,incomplete_phrase
spatulas,bla -,-17.875,2,2token,not_valid_noun
spatulas,art _____,-17.875,2,2token,not_valid_noun
spatulas,pen Read,-17.875,2,2token,not_valid_noun
spatulas,pen .......,-17.875,2,2token,not_valid_noun
spatulas,pen that,-17.875,2,2token,incomplete_phrase
spatulas,pen with,-17.875,2,2token,incomplete_phrase
spatulas,furniture .....,-17.875,2,2token,not_valid_noun
spatulas,art _,-17.875,2,2token,not_valid_noun
spatulas,furniture used,-17.875,2,2token,incomplete_phrase
spatulas,pen The,-17.875,2,2token,incomplete_phrase
spatulas,po r,-17.875,2,2token,not_valid_noun
spatulas,shape on,-17.875,2,2token,not_valid_noun
spatulas,,-17.90625,2,2token,not_valid_noun
spatulas,utensi .....,-17.9375,2,2token,not_valid_noun
spatulas,cup Fill,-17.9375,2,2token,not_valid_noun
spatulas,fruits &,-17.9375,2,2token,not_valid_noun
spatulas,gadget Fill,-17.9375,2,2token,not_valid_noun
spatulas,pen -,-17.9375,2,2token,not_valid_noun
spatulas,bla _,-17.9375,2,2token,not_valid_noun
spatulas,ladle Answer,-17.9375,2,2token,not_valid_noun
spatulas,fruits Read,-17.9375,2,2token,not_valid_noun
spatulas,ladle COMPLETE,-17.9375,2,2token,not_valid_noun
spatulas,pots complete,-17.9375,2,2token,not_valid_noun
spatulas,pots ans,-17.9375,2,2token,not_valid_noun
spatulas,ladle ____,-17.9375,2,2token,not_valid_noun
spatulas,pots utensils,-17.9375,2,2token,not_valid_noun
spatulas,ladle of,-17.9375,2,2token,not_valid_noun
spatulas,ladle :,-17.9375,2,2token,not_valid_noun
spatulas,measure A,-17.9375,2,2token,not_valid_noun
spatulas,thing at,-17.9375,2,2token,not_valid_noun
spatulas,thing designed,-17.9375,2,2token,incomplete_phrase
spatulas,thing Conclusion,-17.9375,2,2token,incomplete_phrase
spatulas,pots Answer,-17.9375,2,2token,not_valid_noun
spatulas,thing ____,-17.9375,2,2token,not_valid_noun
spatulas,blade like,-17.9375,2,2token,incomplete_phrase
spatulas,things such,-17.9375,2,2token,incomplete_phrase
spatulas,blade _,-17.9375,2,2token,not_valid_noun
spatulas,things _______,-17.9375,2,2token,not_valid_noun
spatulas,piece ot,-17.9375,2,2token,not_valid_noun
spatulas,ut a,-17.9375,2,2token,not_valid_noun
spatulas,ut I,-17.9375,2,2token,not_valid_noun
spatulas,ut house,-17.9375,2,2token,not_valid_noun
spatulas,ut __,-17.9375,2,2token,not_valid_noun
spatulas,material they,-17.9375,2,2token,incomplete_phrase
spatulas,material /,-17.9375,2,2token,not_valid_noun
spatulas,material such,-17.9375,2,2token,incomplete_phrase
spatulas,Tools which,-17.9375,2,2token,incomplete_phrase
spatulas,sp It,-17.9375,2,2token,not_valid_noun
spatulas,item necessary,-17.9375,2,2token,incomplete_phrase
spatulas,kind to,-17.9375,2,2token,not_valid_noun
spatulas,kind :,-17.9375,2,2token,not_valid_noun
spatulas,kind Read,-17.9375,2,2token,not_valid_noun
spatulas,kind …,-17.9375,2,2token,not_valid_noun
spatulas,can which,-17.9375,2,2token,not_valid_noun
spatulas,item A,-17.9375,2,2token,not_valid_noun
spatulas,Tools Read,-17.9375,2,2token,not_valid_noun
spatulas,verb -,-17.9375,2,2token,not_valid_noun
spatulas,app p,-17.9375,2,2token,not_valid_noun
spatulas,app l,-17.9375,2,2token,not_valid_noun
spatulas,app in,-17.9375,2,2token,not_valid_noun
spatulas,app [,-17.9375,2,2token,not_valid_noun
spatulas,app _____,-17.9375,2,2token,not_valid_noun
spatulas,cooker ?,-17.9375,2,2token,not_valid_noun
spatulas,cooker What,-17.9375,2,2token,incomplete_phrase
spatulas,cooker kitchen,-17.9375,2,2token,incomplete_phrase
spatulas,cooker ____,-17.9375,2,2token,not_valid_noun
spatulas,item I,-17.9375,2,2token,not_valid_noun
spatulas,gadget ….,-17.9375,2,2token,not_valid_noun
spatulas,gadget _____,-17.9375,2,2token,not_valid_noun
spatulas,pans Use,-17.9375,2,2token,incomplete_phrase
spatulas,accessory is,-17.9375,2,2token,not_valid_noun
spatulas,accessory from,-17.9375,2,2token,incomplete_phrase
spatulas,accessory ….,-17.9375,2,2token,not_valid_noun
spatulas,gadget is,-17.9375,2,2token,not_valid_noun
spatulas,gadget by,-17.9375,2,2token,not_valid_noun
spatulas,gadget Edit,-17.9375,2,2token,incomplete_phrase
spatulas,gadget Used,-17.9375,2,2token,incomplete_phrase
spatulas,gadget .....,-17.9375,2,2token,not_valid_noun
spatulas,farm _,-17.9375,2,2token,not_valid_noun
spatulas,farm equi,-17.9375,2,2token,incomplete_phrase
spatulas,bake ....,-17.9375,2,2token,not_valid_noun
spatulas,utens that,-17.96875,2,2token,incomplete_phrase
spatulas,…………,-17.96875,2,2token,not_valid_noun
spatulas,scissors which,-17.96875,2,2token,incomplete_phrase
spatulas,scissors A,-17.96875,2,2token,not_valid_noun
spatulas,scissors _,-17.96875,2,2token,not_valid_noun
spatulas,vegetables ….,-17.96875,2,2token,not_valid_noun
spatulas,vegetables from,-17.96875,2,2token,incomplete_phrase
spatulas,……………………,-18.0,2,2token,not_valid_noun
spatulas,…………………… To,-18.0,2,2token,not_valid_noun
spatulas,dishes .....,-18.0,2,2token,not_valid_noun
spatulas,dishes Comple,-18.0,2,2token,incomplete_phrase
spatulas,dishes a,-18.0,2,2token,not_valid_noun
spatulas,writing UT,-18.0,2,2token,not_valid_noun
spatulas,…………………… It,-18.0,2,2token,not_valid_noun
spatulas,can that,-18.0,2,2token,incomplete_phrase
spatulas,………… How,-18.0,2,2token,not_valid_noun
spatulas,dishes -,-18.0,2,2token,not_valid_noun
spatulas,shape you,-18.0,2,2token,incomplete_phrase
spatulas,can can,-18.0,2,2token,incomplete_phrase
spatulas,sp ______,-18.0,2,2token,not_valid_noun
spatulas,forks .....,-18.0,2,2token,not_valid_noun
spatulas,dishes by,-18.0,2,2token,not_valid_noun
spatulas,piece off,-18.0,2,2token,not_valid_noun
spatulas,piece that,-18.0,2,2token,incomplete_phrase
spatulas,Tool with,-18.0,2,2token,incomplete_phrase
spatulas,[ tools,-18.0,2,2token,not_valid_noun
spatulas,utensi The,-18.0,2,2token,incomplete_phrase
spatulas,plate What,-18.0,2,2token,incomplete_phrase
spatulas,plate /,-18.0,2,2token,not_valid_noun
spatulas,furniture _____,-18.0,2,2token,not_valid_noun
spatulas,glass ____,-18.0,2,2token,not_valid_noun
spatulas,glass -,-18.0,2,2token,not_valid_noun
spatulas,…………………… Fill,-18.0,2,2token,not_valid_noun
spatulas,…………………… ……,-18.0,2,2token,not_valid_noun
spatulas,foods Prepare,-18.0,2,2token,incomplete_phrase
spatulas,[ ______,-18.0,2,2token,not_valid_noun
spatulas,[ $\,-18.0,2,2token,not_valid_noun
spatulas,[ the,-18.0,2,2token,not_valid_noun
spatulas,dishes _______,-18.0,2,2token,not_valid_noun
spatulas,dishes Read,-18.0,2,2token,not_valid_noun
spatulas,kni if,-18.0,2,2token,not_valid_noun
spatulas,[ +,-18.0,2,2token,not_valid_noun
spatulas,ut ……,-18.0,2,2token,not_valid_noun
spatulas,ut $,-18.0,2,2token,not_valid_noun
spatulas,app ….,-18.0,2,2token,not_valid_noun
spatulas,cuisine for,-18.0,2,2token,incomplete_phrase
spatulas,shape _______,-18.0,2,2token,not_valid_noun
spatulas,Tools ___________,-18.0625,2,2token,not_valid_noun
spatulas,can on,-18.0625,2,2token,not_valid_noun
spatulas,kind ?,-18.0625,2,2token,not_valid_noun
spatulas,cut with,-18.0625,2,2token,not_valid_noun
spatulas,blade is,-18.0625,2,2token,not_valid_noun
spatulas,things ________,-18.0625,2,2token,not_valid_noun
spatulas,ut for,-18.0625,2,2token,not_valid_noun
spatulas,cut ________,-18.0625,2,2token,not_valid_noun
spatulas,cut ______,-18.0625,2,2token,not_valid_noun
spatulas,things related,-18.0625,2,2token,incomplete_phrase
spatulas,item is,-18.0625,2,2token,not_valid_noun
spatulas,verb for,-18.0625,2,2token,not_valid_noun
spatulas,Tools Answer,-18.0625,2,2token,not_valid_noun
spatulas,blade COMPLETE,-18.0625,2,2token,not_valid_noun
spatulas,pots ______,-18.0625,2,2token,not_valid_noun
spatulas,Tools .....,-18.0625,2,2token,not_valid_noun
spatulas,sp The,-18.0625,2,2token,not_valid_noun
spatulas,sp I,-18.0625,2,2token,not_valid_noun
spatulas,Tools The,-18.0625,2,2token,incomplete_phrase
spatulas,item designed,-18.0625,2,2token,incomplete_phrase
spatulas,item use,-18.0625,2,2token,incomplete_phrase
spatulas,kni .....,-18.0625,2,2token,not_valid_noun
spatulas,cooker Perfect,-18.0625,2,2token,incomplete_phrase
spatulas,item called,-18.0625,2,2token,incomplete_phrase
spatulas,item like,-18.0625,2,2token,incomplete_phrase
spatulas,item such,-18.0625,2,2token,incomplete_phrase
spatulas,cooker a,-18.0625,2,2token,not_valid_noun
spatulas,item Read,-18.0625,2,2token,not_valid_noun
spatulas,tongs -,-18.0625,2,2token,not_valid_noun
spatulas,tongs ______,-18.0625,2,2token,not_valid_noun
spatulas,fruits ..,-18.0625,2,2token,not_valid_noun
spatulas,tongs .....,-18.0625,2,2token,not_valid_noun
spatulas,musical percussion,-18.0625,2,2token,incomplete_phrase
spatulas,fruits ________,-18.0625,2,2token,not_valid_noun
spatulas,fruits ____,-18.0625,2,2token,not_valid_noun
spatulas,thing is,-18.0625,2,2token,not_valid_noun
spatulas,things Read,-18.0625,2,2token,not_valid_noun
spatulas,pots ____,-18.0625,2,2token,not_valid_noun
spatulas,fruits .....,-18.0625,2,2token,not_valid_noun
spatulas,ladle _____,-18.0625,2,2token,not_valid_noun
spatulas,fruits cooking,-18.0625,2,2token,incomplete_phrase
spatulas,tongs a,-18.0625,2,2token,not_valid_noun
spatulas,pen Write,-18.0625,2,2token,not_valid_noun
spatulas,cup [,-18.0625,2,2token,not_valid_noun
spatulas,utensi is,-18.0625,2,2token,not_valid_noun
spatulas,cup utens,-18.0625,2,2token,incomplete_phrase
spatulas,garden hand,-18.0625,2,2token,incomplete_phrase
spatulas,fruits scissors,-18.0625,2,2token,incomplete_phrase
spatulas,pen ….,-18.0625,2,2token,not_valid_noun
spatulas,pen is,-18.0625,2,2token,not_valid_noun
spatulas,fruits on,-18.0625,2,2token,not_valid_noun
spatulas,garden We,-18.0625,2,2token,not_valid_noun
spatulas,thing A,-18.0625,2,2token,not_valid_noun
spatulas,blade __,-18.0625,2,2token,not_valid_noun
spatulas,blade type,-18.0625,2,2token,incomplete_phrase
spatulas,material the,-18.0625,2,2token,incomplete_phrase
spatulas,chops,-18.09375,2,2token,not_valid_noun
spatulas,,-18.09375,2,2token,not_valid_noun
spatulas,scissors …,-18.09375,2,2token,not_valid_noun
spatulas,scissors _________,-18.09375,2,2token,not_valid_noun
spatulas,scissors ___________,-18.09375,2,2token,not_valid_noun
spatulas,vegetables A,-18.09375,2,2token,not_valid_noun
spatulas,vegetables ......,-18.09375,2,2token,not_valid_noun
spatulas,vegetables on,-18.09375,2,2token,not_valid_noun
spatulas,scissors ____________,-18.09375,2,2token,not_valid_noun
spatulas,кух,-18.09375,2,2token,not_valid_noun
spatulas,glass is,-18.125,2,2token,not_valid_noun
spatulas,utensi for,-18.125,2,2token,incomplete_phrase
spatulas,shape Fill,-18.125,2,2token,not_valid_noun
spatulas,utensi ll,-18.125,2,2token,not_valid_noun
spatulas,forks COMPLETE,-18.125,2,2token,not_valid_noun
spatulas,………… Change,-18.125,2,2token,not_valid_noun
spatulas,bake in,-18.125,2,2token,not_valid_noun
spatulas,po a,-18.125,2,2token,not_valid_noun
spatulas,glass _____,-18.125,2,2token,not_valid_noun
spatulas,paint _,-18.125,2,2token,not_valid_noun
spatulas,cut to,-18.125,2,2token,not_valid_noun
spatulas,…………………… In,-18.125,2,2token,not_valid_noun
spatulas,…………………… –,-18.125,2,2token,not_valid_noun
spatulas,glass made,-18.125,2,2token,incomplete_phrase
spatulas,appliances,-18.125,2,2token,not_valid_noun
spatulas,paint or,-18.125,2,2token,not_valid_noun
spatulas,cut ____,-18.125,2,2token,not_valid_noun
spatulas,foods ingredient,-18.125,2,2token,not_valid_noun
spatulas,………… There,-18.125,2,2token,not_valid_noun
spatulas,………… Use,-18.125,2,2token,not_valid_noun
spatulas,piece f,-18.125,2,2token,not_valid_noun
spatulas,piece,-18.125,2,2token,incomplete_phrase
spatulas,foods ut,-18.125,2,2token,not_valid_noun
spatulas,………… They,-18.125,2,2token,not_valid_noun
spatulas,forks -,-18.125,2,2token,not_valid_noun
spatulas,forks that,-18.125,2,2token,incomplete_phrase
spatulas,appliances [,-18.125,2,2token,not_valid_noun
spatulas,forks Read,-18.125,2,2token,not_valid_noun
spatulas,"sp ,",-18.125,2,2token,not_valid_noun
spatulas,teaspoon ________,-18.125,2,2token,not_valid_noun
spatulas,dishes :,-18.125,2,2token,not_valid_noun
spatulas,cuisine ________,-18.125,2,2token,not_valid_noun
spatulas,………… Also,-18.125,2,2token,not_valid_noun
spatulas,plate is,-18.125,2,2token,not_valid_noun
spatulas,appliances you,-18.125,2,2token,incomplete_phrase
spatulas,appliances,-18.125,2,2token,not_valid_noun
spatulas,foods -,-18.125,2,2token,not_valid_noun
spatulas,appliances _____,-18.125,2,2token,not_valid_noun
spatulas,paint -,-18.125,2,2token,not_valid_noun
spatulas,Tool .....,-18.125,2,2token,not_valid_noun
spatulas,"kni ,",-18.125,2,2token,not_valid_noun
spatulas,foods .....,-18.125,2,2token,not_valid_noun
spatulas,foods ____,-18.125,2,2token,not_valid_noun
spatulas,paint by,-18.125,2,2token,not_valid_noun
spatulas,paint and,-18.125,2,2token,incomplete_phrase
spatulas,,-18.15625,2,2token,not_valid_noun
spatulas,Tools with,-18.1875,2,2token,incomplete_phrase
spatulas,Tools needed,-18.1875,2,2token,not_valid_noun
spatulas,Tools you,-18.1875,2,2token,incomplete_phrase
spatulas,kind .....,-18.1875,2,2token,not_valid_noun
spatulas,cooker with,-18.1875,2,2token,incomplete_phrase
spatulas,gadget ..,-18.1875,2,2token,not_valid_noun
spatulas,bake ingredients,-18.1875,2,2token,not_valid_noun
spatulas,bake ingredient,-18.1875,2,2token,not_valid_noun
spatulas,pots tools,-18.1875,2,2token,not_valid_noun
spatulas,bake (,-18.1875,2,2token,not_valid_noun
spatulas,Tools,-18.1875,2,2token,not_valid_noun
spatulas,sp -,-18.1875,2,2token,not_valid_noun
spatulas,cooker __,-18.1875,2,2token,not_valid_noun
spatulas,cooker [,-18.1875,2,2token,not_valid_noun
spatulas,app and,-18.1875,2,2token,incomplete_phrase
spatulas,cooker A,-18.1875,2,2token,not_valid_noun
spatulas,cooker is,-18.1875,2,2token,not_valid_noun
spatulas,app _.,-18.1875,2,2token,not_valid_noun
spatulas,verb Present,-18.1875,2,2token,incomplete_phrase
spatulas,kind if,-18.1875,2,2token,not_valid_noun
spatulas,kind Cut,-18.1875,2,2token,incomplete_phrase
spatulas,kind -,-18.1875,2,2token,not_valid_noun
spatulas,verb is,-18.1875,2,2token,not_valid_noun
spatulas,verb ______,-18.1875,2,2token,not_valid_noun
spatulas,verb Fill,-18.1875,2,2token,not_valid_noun
spatulas,[ item,-18.1875,2,2token,not_valid_noun
spatulas,sp utensils,-18.1875,2,2token,not_valid_noun
spatulas,cut off,-18.1875,2,2token,not_valid_noun
spatulas,cut .....,-18.1875,2,2token,not_valid_noun
spatulas,musical _______,-18.1875,2,2token,not_valid_noun
spatulas,fruits a,-18.1875,2,2token,not_valid_noun
spatulas,tongs Answer,-18.1875,2,2token,not_valid_noun
spatulas,ladle utens,-18.1875,2,2token,incomplete_phrase
spatulas,fruits /,-18.1875,2,2token,not_valid_noun
spatulas,tongs [,-18.1875,2,2token,not_valid_noun
spatulas,ladle A,-18.1875,2,2token,not_valid_noun
spatulas,cup ....,-18.1875,2,2token,not_valid_noun
spatulas,ladle the,-18.1875,2,2token,incomplete_phrase
spatulas,cup Personal,-18.1875,2,2token,incomplete_phrase
spatulas,tongs with,-18.1875,2,2token,incomplete_phrase
spatulas,cup _______,-18.1875,2,2token,not_valid_noun
spatulas,cup ______,-18.1875,2,2token,not_valid_noun
spatulas,pen /,-18.1875,2,2token,not_valid_noun
spatulas,cup used,-18.1875,2,2token,incomplete_phrase
spatulas,cup Use,-18.1875,2,2token,incomplete_phrase
spatulas,garden ____,-18.1875,2,2token,not_valid_noun
spatulas,pen …,-18.1875,2,2token,not_valid_noun
spatulas,pen …………,-18.1875,2,2token,not_valid_noun
spatulas,tongs _____,-18.1875,2,2token,not_valid_noun
spatulas,cup of,-18.1875,2,2token,not_valid_noun
spatulas,gadget Comple,-18.1875,2,2token,incomplete_phrase
spatulas,​,-18.21875,2,2token,not_valid_noun
spatulas,vegetables used,-18.21875,2,2token,incomplete_phrase
spatulas,vegetables ?,-18.21875,2,2token,not_valid_noun
spatulas,scissors Use,-18.21875,2,2token,incomplete_phrase
spatulas,scissors What,-18.21875,2,2token,incomplete_phrase
spatulas,scissors /,-18.21875,2,2token,not_valid_noun
spatulas,vegetables Fruit,-18.21875,2,2token,incomplete_phrase
spatulas,vegetables _,-18.21875,2,2token,not_valid_noun
spatulas,plate [,-18.25,2,2token,not_valid_noun
spatulas,"ut ,",-18.25,2,2token,not_valid_noun
spatulas,plate on,-18.25,2,2token,not_valid_noun
spatulas,plate by,-18.25,2,2token,not_valid_noun
spatulas,………… This,-18.25,2,2token,not_valid_noun
spatulas,furniture Item,-18.25,2,2token,incomplete_phrase
spatulas,po -,-18.25,2,2token,not_valid_noun
spatulas,sp for,-18.25,2,2token,not_valid_noun
spatulas,furniture ….,-18.25,2,2token,not_valid_noun
spatulas,ut -,-18.25,2,2token,not_valid_noun
spatulas,………… ……………………,-18.25,2,2token,not_valid_noun
spatulas,………… …..,-18.25,2,2token,not_valid_noun
spatulas,…………,-18.25,2,2token,not_valid_noun
spatulas,bla _.,-18.25,2,2token,not_valid_noun
spatulas,dishes at,-18.25,2,2token,not_valid_noun
spatulas,dishes,-18.25,2,2token,not_valid_noun
spatulas,foods from,-18.25,2,2token,incomplete_phrase
spatulas,foods :,-18.25,2,2token,not_valid_noun
spatulas,foods made,-18.25,2,2token,incomplete_phrase
spatulas,paint ....,-18.25,2,2token,not_valid_noun
spatulas,Tool __,-18.25,2,2token,not_valid_noun
spatulas,Tool is,-18.25,2,2token,not_valid_noun
spatulas,Tool Fill,-18.25,2,2token,not_valid_noun
spatulas,cut len,-18.25,2,2token,incomplete_phrase
spatulas,appliances ….,-18.25,2,2token,not_valid_noun
spatulas,kni __,-18.25,2,2token,not_valid_noun
spatulas,sp i,-18.25,2,2token,not_valid_noun
spatulas,shape A,-18.25,2,2token,not_valid_noun
spatulas,toy with,-18.25,2,2token,incomplete_phrase
spatulas,toy incomplete,-18.25,2,2token,not_valid_noun
spatulas,toy and,-18.25,2,2token,incomplete_phrase
spatulas,sp a,-18.25,2,2token,not_valid_noun
spatulas,writing a,-18.25,2,2token,not_valid_noun
spatulas,shape Use,-18.25,2,2token,incomplete_phrase
spatulas,writing _____,-18.25,2,2token,not_valid_noun
spatulas,writing _______,-18.25,2,2token,not_valid_noun
spatulas,writing ____,-18.25,2,2token,not_valid_noun
spatulas,shape is,-18.25,2,2token,not_valid_noun
spatulas,shape [,-18.25,2,2token,not_valid_noun
spatulas,musical (,-18.25,2,2token,not_valid_noun
spatulas,forks _____,-18.25,2,2token,not_valid_noun
spatulas,piece and,-18.25,2,2token,incomplete_phrase
spatulas,…………………… Continue,-18.25,2,2token,not_valid_noun
spatulas,shape COMPLETE,-18.25,2,2token,not_valid_noun
spatulas,shape ________,-18.25,2,2token,not_valid_noun
spatulas,shape Continue,-18.25,2,2token,not_valid_noun
spatulas,shape kitchen,-18.25,2,2token,incomplete_phrase
spatulas,…………………… complete,-18.25,2,2token,not_valid_noun
spatulas,shape /,-18.25,2,2token,not_valid_noun
spatulas,forks to,-18.25,2,2token,not_valid_noun
spatulas,forks Fill,-18.25,2,2token,not_valid_noun
spatulas,plate of,-18.25,2,2token,not_valid_noun
spatulas,can not,-18.25,2,2token,not_valid_noun
spatulas,can to,-18.25,2,2token,not_valid_noun
spatulas,…………………… How,-18.25,2,2token,not_valid_noun
spatulas,appliances COMPLETE,-18.25,2,2token,not_valid_noun
spatulas,forks Answer,-18.25,2,2token,not_valid_noun
spatulas,dishes like,-18.25,2,2token,incomplete_phrase
spatulas,app e,-18.25,2,2token,not_valid_noun
spatulas,dishes Use,-18.25,2,2token,incomplete_phrase
spatulas,dishes What,-18.25,2,2token,incomplete_phrase
spatulas,dishes from,-18.25,2,2token,incomplete_phrase
spatulas,dishes [,-18.25,2,2token,not_valid_noun
spatulas,utilisez,-18.28125,2,2token,not_valid_noun
spatulas,……………………,-18.28125,2,2token,not_valid_noun
spatulas,utens utens,-18.28125,2,2token,not_valid_noun
spatulas,utens tools,-18.28125,2,2token,not_valid_noun
spatulas,utens ____,-18.28125,2,2token,not_valid_noun
spatulas,utens is,-18.28125,2,2token,not_valid_noun
spatulas,ut is,-18.3125,2,2token,not_valid_noun
spatulas,things kitchens,-18.3125,2,2token,incomplete_phrase
spatulas,pen /.,-18.3125,2,2token,not_valid_noun
spatulas,blade a,-18.3125,2,2token,not_valid_noun
spatulas,blade :,-18.3125,2,2token,not_valid_noun
spatulas,cup that,-18.3125,2,2token,incomplete_phrase
spatulas,cup /,-18.3125,2,2token,not_valid_noun
spatulas,garden work,-18.3125,2,2token,incomplete_phrase
spatulas,Tools ____________,-18.3125,2,2token,not_valid_noun
spatulas,po s,-18.3125,2,2token,not_valid_noun
spatulas,sp ......,-18.3125,2,2token,not_valid_noun
spatulas,ut [...],-18.3125,2,2token,not_valid_noun
spatulas,kind on,-18.3125,2,2token,not_valid_noun
spatulas,ladle _,-18.3125,2,2token,not_valid_noun
spatulas,kind with,-18.3125,2,2token,not_valid_noun
spatulas,things -,-18.3125,2,2token,not_valid_noun
spatulas,things one,-18.3125,2,2token,incomplete_phrase
spatulas,cut that,-18.3125,2,2token,incomplete_phrase
spatulas,cut let,-18.3125,2,2token,incomplete_phrase
spatulas,piece ________,-18.3125,2,2token,not_valid_noun
spatulas,piece __,-18.3125,2,2token,not_valid_noun
spatulas,fruits which,-18.3125,2,2token,incomplete_phrase
spatulas,ladle …,-18.3125,2,2token,not_valid_noun
spatulas,app |,-18.3125,2,2token,not_valid_noun
spatulas,bake _________,-18.3125,2,2token,not_valid_noun
spatulas,pots of,-18.3125,2,2token,not_valid_noun
spatulas,pots Read,-18.3125,2,2token,not_valid_noun
spatulas,آش,-18.34375,2,2token,not_valid_noun
spatulas,utens which,-18.34375,2,2token,incomplete_phrase
spatulas,utens *,-18.34375,2,2token,not_valid_noun
spatulas,utens -,-18.34375,2,2token,not_valid_noun
spatulas,utens All,-18.34375,2,2token,not_valid_noun
spatulas,utensils,-18.34375,2,2token,not_valid_noun
spatulas,plate Ut,-18.375,2,2token,not_valid_noun
spatulas,plate Cut,-18.375,2,2token,incomplete_phrase
spatulas,teaspoon _______,-18.375,2,2token,not_valid_noun
spatulas,teaspoon in,-18.375,2,2token,not_valid_noun
spatulas,toy ____,-18.375,2,2token,not_valid_noun
spatulas,garden pr,-18.375,2,2token,not_valid_noun
spatulas,forks,-18.375,2,2token,not_valid_noun
spatulas,forks a,-18.375,2,2token,not_valid_noun
spatulas,toy to,-18.375,2,2token,not_valid_noun
spatulas,toy ______,-18.375,2,2token,not_valid_noun
spatulas,forks /,-18.375,2,2token,not_valid_noun
spatulas,forks ….,-18.375,2,2token,not_valid_noun
spatulas,Tool _,-18.375,2,2token,not_valid_noun
spatulas,appliances we,-18.375,2,2token,not_valid_noun
spatulas,Tool ____________,-18.375,2,2token,not_valid_noun
spatulas,appliances from,-18.375,2,2token,incomplete_phrase
spatulas,Tool Answer,-18.375,2,2token,not_valid_noun
spatulas,ut ensi,-18.375,2,2token,not_valid_noun
spatulas,furniture _,-18.375,2,2token,not_valid_noun
spatulas,…………………… This,-18.375,2,2token,not_valid_noun
spatulas,…………………… Use,-18.375,2,2token,not_valid_noun
spatulas,…………………… There,-18.375,2,2token,not_valid_noun
spatulas,…………………… Are,-18.375,2,2token,not_valid_noun
spatulas,…………………… ..,-18.375,2,2token,not_valid_noun
spatulas,………… “,-18.375,2,2token,not_valid_noun
spatulas,…………………… …………,-18.375,2,2token,not_valid_noun
spatulas,Tool The,-18.375,2,2token,incomplete_phrase
spatulas,………… –,-18.375,2,2token,not_valid_noun
spatulas,………… It,-18.375,2,2token,not_valid_noun
spatulas,………… Fruit,-18.375,2,2token,not_valid_noun
spatulas,sp thi,-18.375,2,2token,not_valid_noun
spatulas,plate Part,-18.375,2,2token,incomplete_phrase
spatulas,bake ___________,-18.375,2,2token,not_valid_noun
spatulas,writing …,-18.375,2,2token,not_valid_noun
spatulas,cut piece,-18.375,2,2token,incomplete_phrase
spatulas,appliances Fill,-18.375,2,2token,not_valid_noun
spatulas,writing and,-18.375,2,2token,incomplete_phrase
spatulas,writing (,-18.375,2,2token,not_valid_noun
spatulas,paint ____,-18.375,2,2token,not_valid_noun
spatulas,paint Related,-18.375,2,2token,incomplete_phrase
spatulas,appliances Edit,-18.375,2,2token,incomplete_phrase
spatulas,cut ____________,-18.375,2,2token,not_valid_noun
spatulas,appliances ......,-18.375,2,2token,not_valid_noun
spatulas,ut ;,-18.375,2,2token,not_valid_noun
spatulas,appliances ..,-18.375,2,2token,not_valid_noun
spatulas,appliances Comple,-18.375,2,2token,not_valid_noun
spatulas,appliances made,-18.375,2,2token,incomplete_phrase
spatulas,Ut i,-18.40625,2,2token,not_valid_noun
spatulas,Ut en,-18.40625,2,2token,not_valid_noun
spatulas,trow,-18.40625,2,2token,not_valid_noun
spatulas,utens /,-18.40625,2,2token,not_valid_noun
spatulas,……,-18.40625,2,2token,not_valid_noun
spatulas,utens $,-18.40625,2,2token,not_valid_noun
spatulas,pots cooking,-18.4375,2,2token,incomplete_phrase
spatulas,fruits Cut,-18.4375,2,2token,incomplete_phrase
spatulas,fruits Ad,-18.4375,2,2token,not_valid_noun
spatulas,bla a,-18.4375,2,2token,not_valid_noun
spatulas,sp and,-18.4375,2,2token,not_valid_noun
spatulas,cup ____,-18.4375,2,2token,not_valid_noun
spatulas,sp c,-18.4375,2,2token,not_valid_noun
spatulas,sp |,-18.4375,2,2token,not_valid_noun
spatulas,sp ding,-18.4375,2,2token,not_valid_noun
spatulas,writing in,-18.4375,2,2token,not_valid_noun
spatulas,cup Comple,-18.4375,2,2token,incomplete_phrase
spatulas,musical __,-18.4375,2,2token,not_valid_noun
spatulas,ladle ….,-18.4375,2,2token,not_valid_noun
spatulas,ladle Use,-18.4375,2,2token,incomplete_phrase
spatulas,po po,-18.4375,2,2token,not_valid_noun
spatulas,Tools Fill,-18.4375,2,2token,not_valid_noun
spatulas,piece ____,-18.4375,2,2token,not_valid_noun
spatulas,ut not,-18.4375,2,2token,not_valid_noun
spatulas,things i,-18.4375,2,2token,not_valid_noun
spatulas,things /,-18.4375,2,2token,not_valid_noun
spatulas,verb ________,-18.4375,2,2token,not_valid_noun
spatulas,musical ____________,-18.4375,2,2token,not_valid_noun
spatulas,Tools _.,-18.4375,2,2token,not_valid_noun
spatulas,pen __________,-18.4375,2,2token,not_valid_noun
spatulas,things ____,-18.4375,2,2token,not_valid_noun
spatulas,things designed,-18.4375,2,2token,incomplete_phrase
spatulas,musical musical,-18.4375,2,2token,incomplete_phrase
spatulas,cut _.,-18.4375,2,2token,not_valid_noun
spatulas,cut utens,-18.4375,2,2token,incomplete_phrase
spatulas,herramienta,-18.4375,2,2token,not_valid_noun
spatulas,cut a,-18.4375,2,2token,not_valid_noun
spatulas,utensi [,-18.4375,2,2token,not_valid_noun
spatulas,kni -,-18.4375,2,2token,not_valid_noun
spatulas,tongs Read,-18.4375,2,2token,not_valid_noun
spatulas,writing imple,-18.4375,2,2token,incomplete_phrase
spatulas,bake __,-18.4375,2,2token,not_valid_noun
spatulas,tongs COMPLETE,-18.4375,2,2token,not_valid_noun
spatulas,tongs ….,-18.4375,2,2token,not_valid_noun
spatulas,tongs Fill,-18.4375,2,2token,not_valid_noun
spatulas,pots Use,-18.4375,2,2token,incomplete_phrase
spatulas,pots What,-18.4375,2,2token,incomplete_phrase
spatulas,pots which,-18.4375,2,2token,incomplete_phrase
spatulas,pots,-18.4375,2,2token,not_valid_noun
spatulas,Ut the,-18.46875,2,2token,not_valid_noun
spatulas,shape Cut,-18.5,2,2token,incomplete_phrase
spatulas,ut he,-18.5,2,2token,not_valid_noun
spatulas,shape cooking,-18.5,2,2token,incomplete_phrase
spatulas,app or,-18.5,2,2token,not_valid_noun
spatulas,kni ?,-18.5,2,2token,not_valid_noun
spatulas,utensi How,-18.5,2,2token,incomplete_phrase
spatulas,Tool Which,-18.5,2,2token,incomplete_phrase
spatulas,appliances _.,-18.5,2,2token,not_valid_noun
spatulas,appliances …,-18.5,2,2token,not_valid_noun
spatulas,paint …,-18.5,2,2token,not_valid_noun
spatulas,…………………… You,-18.5,2,2token,not_valid_noun
spatulas,………… Take,-18.5,2,2token,not_valid_noun
spatulas,……………………,-18.5,2,2token,not_valid_noun
spatulas,ut It,-18.5,2,2token,not_valid_noun
spatulas,ut must,-18.5,2,2token,not_valid_noun
spatulas,ut to,-18.5,2,2token,not_valid_noun
spatulas,Tool the,-18.5,2,2token,incomplete_phrase
spatulas,Tool …,-18.5,2,2token,not_valid_noun
spatulas,utensi _,-18.5,2,2token,not_valid_noun
spatulas,forks [,-18.5,2,2token,not_valid_noun
spatulas,forks forks,-18.5,2,2token,not_valid_noun
spatulas,forks used,-18.5,2,2token,incomplete_phrase
spatulas,bla d,-18.5,2,2token,not_valid_noun
spatulas,forks A,-18.5,2,2token,not_valid_noun
spatulas,forks &,-18.5,2,2token,not_valid_noun
spatulas,sp on,-18.5,2,2token,not_valid_noun
spatulas,teaspoon -,-18.5,2,2token,not_valid_noun
spatulas,cut away,-18.5,2,2token,not_valid_noun
spatulas,teaspoon for,-18.5,2,2token,incomplete_phrase
spatulas,teaspoon used,-18.5,2,2token,incomplete_phrase
spatulas,teaspoon Full,-18.5,2,2token,incomplete_phrase
spatulas,teaspoon that,-18.5,2,2token,incomplete_phrase
spatulas,teaspoon /,-18.5,2,2token,not_valid_noun
spatulas,………… Select,-18.5,2,2token,not_valid_noun
spatulas,pen [,-18.5,2,2token,not_valid_noun
spatulas,pen on,-18.5,2,2token,not_valid_noun
spatulas,pen ___________,-18.5,2,2token,not_valid_noun
spatulas,………… fruits,-18.5,2,2token,not_valid_noun
spatulas,………… tools,-18.5,2,2token,not_valid_noun
spatulas,………… Can,-18.5,2,2token,not_valid_noun
spatulas,pen by,-18.5,2,2token,not_valid_noun
spatulas,………… Find,-18.5,2,2token,not_valid_noun
spatulas,cut _____,-18.5,2,2token,not_valid_noun
spatulas,toy _____,-18.5,2,2token,not_valid_noun
spatulas,toy .....,-18.5,2,2token,not_valid_noun
spatulas,bla and,-18.5,2,2token,incomplete_phrase
spatulas,sp af,-18.5,2,2token,not_valid_noun
spatulas,utens ..,-18.53125,2,2token,not_valid_noun
spatulas,utens Item,-18.53125,2,2token,incomplete_phrase
spatulas,Ut for,-18.53125,2,2token,not_valid_noun
spatulas,посу,-18.53125,2,2token,not_valid_noun
spatulas,utens ________,-18.53125,2,2token,not_valid_noun
spatulas,décide,-18.53125,2,2token,not_valid_noun
spatulas,Ut,-18.5625,2,2token,not_valid_noun
spatulas,tongs :,-18.5625,2,2token,not_valid_noun
spatulas,verb of,-18.5625,2,2token,not_valid_noun
spatulas,ut ns,-18.5625,2,2token,not_valid_noun
spatulas,ut or,-18.5625,2,2token,not_valid_noun
spatulas,ut pan,-18.5625,2,2token,not_valid_noun
spatulas,cut lt,-18.5625,2,2token,not_valid_noun
spatulas,kni ….,-18.5625,2,2token,not_valid_noun
spatulas,utensi -,-18.5625,2,2token,not_valid_noun
spatulas,utensi to,-18.5625,2,2token,not_valid_noun
spatulas,verb ____,-18.5625,2,2token,not_valid_noun
spatulas,pots _,-18.5625,2,2token,not_valid_noun
spatulas,verb with,-18.5625,2,2token,not_valid_noun
spatulas,Tools What,-18.5625,2,2token,incomplete_phrase
spatulas,ladle by,-18.5625,2,2token,not_valid_noun
spatulas,app the,-18.5625,2,2token,incomplete_phrase
spatulas,app li,-18.5625,2,2token,not_valid_noun
spatulas,ladle =,-18.5625,2,2token,not_valid_noun
spatulas,Tools __________,-18.5625,2,2token,not_valid_noun
spatulas,tongs ___________,-18.5625,2,2token,not_valid_noun
spatulas,ut you,-18.5625,2,2token,not_valid_noun
spatulas,pots,-18.5625,2,2token,not_valid_noun
spatulas,Tools __,-18.5625,2,2token,not_valid_noun
spatulas,piece [,-18.5625,2,2token,not_valid_noun
spatulas,cup -,-18.5625,2,2token,not_valid_noun
spatulas,cup to,-18.5625,2,2token,not_valid_noun
spatulas,piece de,-18.5625,2,2token,not_valid_noun
spatulas,fruits you,-18.5625,2,2token,incomplete_phrase
spatulas,bla …,-18.5625,2,2token,not_valid_noun
spatulas,fruits as,-18.5625,2,2token,not_valid_noun
spatulas,,-18.59375,2,2token,not_valid_noun
spatulas,couteau,-18.59375,2,2token,not_valid_noun
spatulas,paint that,-18.625,2,2token,incomplete_phrase
spatulas,musical Instr,-18.625,2,2token,incomplete_phrase
spatulas,utensi in,-18.625,2,2token,not_valid_noun
spatulas,paint in,-18.625,2,2token,not_valid_noun
spatulas,paint brus,-18.625,2,2token,incomplete_phrase
spatulas,musical ing,-18.625,2,2token,incomplete_phrase
spatulas,po u,-18.625,2,2token,not_valid_noun
spatulas,Tool _.,-18.625,2,2token,not_valid_noun
spatulas,Tool __________,-18.625,2,2token,not_valid_noun
spatulas,forks What,-18.625,2,2token,incomplete_phrase
spatulas,forks of,-18.625,2,2token,not_valid_noun
spatulas,forks The,-18.625,2,2token,incomplete_phrase
spatulas,sp Unger,-18.625,2,2token,not_valid_noun
spatulas,forks …,-18.625,2,2token,not_valid_noun
spatulas,po c,-18.625,2,2token,not_valid_noun
spatulas,po ten,-18.625,2,2token,not_valid_noun
spatulas,forks :,-18.625,2,2token,not_valid_noun
spatulas,po (,-18.625,2,2token,not_valid_noun
spatulas,po o,-18.625,2,2token,not_valid_noun
spatulas,app :,-18.625,2,2token,not_valid_noun
spatulas,kni the,-18.625,2,2token,incomplete_phrase
spatulas,teaspoon Answer,-18.625,2,2token,not_valid_noun
spatulas,utensi le,-18.625,2,2token,not_valid_noun
spatulas,utens [...],-18.65625,2,2token,not_valid_noun
spatulas,utens .....,-18.65625,2,2token,not_valid_noun
spatulas,utens ;,-18.65625,2,2token,not_valid_noun
spatulas,Ut of,-18.65625,2,2token,not_valid_noun
spatulas,Ut to,-18.65625,2,2token,not_valid_noun
spatulas,Ut that,-18.65625,2,2token,not_valid_noun
spatulas,Ut is,-18.65625,2,2token,not_valid_noun
spatulas,musical ….,-18.6875,2,2token,not_valid_noun
spatulas,tongs The,-18.6875,2,2token,incomplete_phrase
spatulas,tongs used,-18.6875,2,2token,incomplete_phrase
spatulas,tongs which,-18.6875,2,2token,incomplete_phrase
spatulas,tongs …,-18.6875,2,2token,not_valid_noun
spatulas,tongs ____________,-18.6875,2,2token,not_valid_noun
spatulas,po k,-18.6875,2,2token,not_valid_noun
spatulas,sp an,-18.6875,2,2token,not_valid_noun
spatulas,tongs _,-18.6875,2,2token,not_valid_noun
spatulas,kni e,-18.6875,2,2token,not_valid_noun
spatulas,pen which,-18.6875,2,2token,incomplete_phrase
spatulas,pen ……,-18.6875,2,2token,not_valid_noun
spatulas,sco .,-18.6875,2,2token,not_valid_noun
spatulas,pots The,-18.6875,2,2token,incomplete_phrase
spatulas,"pots ,",-18.6875,2,2token,not_valid_noun
spatulas,verb [,-18.6875,2,2token,not_valid_noun
spatulas,pots .....,-18.6875,2,2token,not_valid_noun
spatulas,sp $\,-18.6875,2,2token,not_valid_noun
spatulas,verb _____,-18.6875,2,2token,not_valid_noun
spatulas,app i,-18.6875,2,2token,not_valid_noun
spatulas,verb Tense,-18.6875,2,2token,incomplete_phrase
spatulas,app to,-18.6875,2,2token,not_valid_noun
spatulas,sp ad,-18.6875,2,2token,not_valid_noun
spatulas,sp if,-18.6875,2,2token,not_valid_noun
spatulas,musical wind,-18.6875,2,2token,incomplete_phrase
spatulas,Tools [,-18.6875,2,2token,not_valid_noun
spatulas,musical _,-18.6875,2,2token,not_valid_noun
spatulas,Tools ?,-18.6875,2,2token,not_valid_noun
spatulas,Tools I,-18.6875,2,2token,not_valid_noun
spatulas,pen Compare,-18.6875,2,2token,incomplete_phrase
spatulas,utensi,-18.71875,2,2token,not_valid_noun
spatulas,app ____________,-18.75,2,2token,not_valid_noun
spatulas,piece /,-18.75,2,2token,not_valid_noun
spatulas,forks,-18.75,2,2token,not_valid_noun
spatulas,piece the,-18.75,2,2token,incomplete_phrase
spatulas,forks ___________,-18.75,2,2token,not_valid_noun
spatulas,ut In,-18.75,2,2token,not_valid_noun
spatulas,Tool you,-18.75,2,2token,incomplete_phrase
spatulas,app equ,-18.75,2,2token,not_valid_noun
spatulas,ut with,-18.75,2,2token,not_valid_noun
spatulas,________,-18.75,2,2token,not_valid_noun
spatulas,app .....,-18.75,2,2token,not_valid_noun
spatulas,sp *,-18.75,2,2token,not_valid_noun
spatulas,Tool I,-18.75,2,2token,not_valid_noun
spatulas,utensi and,-18.75,2,2token,incomplete_phrase
spatulas,kni ____,-18.75,2,2token,not_valid_noun
spatulas,…………………… Make,-18.75,2,2token,not_valid_noun
spatulas,teaspoon to,-18.75,2,2token,not_valid_noun
spatulas,bla do,-18.75,2,2token,not_valid_noun
spatulas,bla ---,-18.75,2,2token,not_valid_noun
spatulas,forks ......,-18.75,2,2token,not_valid_noun
spatulas,kni ..,-18.75,2,2token,not_valid_noun
spatulas,utensi ......,-18.75,2,2token,not_valid_noun
spatulas,kni _.,-18.75,2,2token,not_valid_noun
spatulas,kni de,-18.75,2,2token,not_valid_noun
spatulas,kni g,-18.75,2,2token,not_valid_noun
spatulas,utens The,-18.78125,2,2token,incomplete_phrase
spatulas,utens,-18.78125,2,2token,not_valid_noun
spatulas,utens at,-18.78125,2,2token,not_valid_noun
spatulas,utens you,-18.78125,2,2token,incomplete_phrase
spatulas,verb COMPLETE,-18.8125,2,2token,not_valid_noun
spatulas,app __________,-18.8125,2,2token,not_valid_noun
spatulas,verb Comple,-18.8125,2,2token,incomplete_phrase
spatulas,ut at,-18.8125,2,2token,not_valid_noun
spatulas,sp or,-18.8125,2,2token,not_valid_noun
spatulas,sp This,-18.8125,2,2token,not_valid_noun
spatulas,pots …,-18.8125,2,2token,not_valid_noun
spatulas,pots Fill,-18.8125,2,2token,not_valid_noun
spatulas,ut all,-18.8125,2,2token,not_valid_noun
spatulas,app ___________,-18.8125,2,2token,not_valid_noun
spatulas,app [].,-18.8125,2,2token,not_valid_noun
spatulas,pots [,-18.8125,2,2token,not_valid_noun
spatulas,cup _____,-18.8125,2,2token,not_valid_noun
spatulas,musical string,-18.8125,2,2token,incomplete_phrase
spatulas,utensi or,-18.8125,2,2token,not_valid_noun
spatulas,kni (...),-18.8125,2,2token,not_valid_noun
spatulas,app …………,-18.8125,2,2token,not_valid_noun
spatulas,app [...],-18.8125,2,2token,not_valid_noun
spatulas,app __,-18.8125,2,2token,not_valid_noun
spatulas,app a,-18.8125,2,2token,not_valid_noun
spatulas,bla (),-18.8125,2,2token,not_valid_noun
spatulas,sp ........,-18.8125,2,2token,not_valid_noun
spatulas,cup is,-18.8125,2,2token,not_valid_noun
spatulas,piece _,-18.8125,2,2token,not_valid_noun
spatulas,po What,-18.8125,2,2token,not_valid_noun
spatulas,piece from,-18.8125,2,2token,incomplete_phrase
spatulas,tongs _________,-18.8125,2,2token,not_valid_noun
spatulas,tongs Correct,-18.8125,2,2token,not_valid_noun
spatulas,(...),-18.84375,2,2token,not_valid_noun
spatulas,инструменты,-18.84375,2,2token,not_valid_noun
spatulas,sp it,-18.875,2,2token,not_valid_noun
spatulas,sp ….,-18.875,2,2token,not_valid_noun
spatulas,toy -,-18.875,2,2token,not_valid_noun
spatulas,app ali,-18.875,2,2token,not_valid_noun
spatulas,teaspoon a,-18.875,2,2token,not_valid_noun
spatulas,ut tools,-18.875,2,2token,not_valid_noun
spatulas,teaspoon of,-18.875,2,2token,not_valid_noun
spatulas,ut ?,-18.875,2,2token,not_valid_noun
spatulas,utensils,-18.875,2,2token,not_valid_noun
spatulas,ut ......,-18.875,2,2token,not_valid_noun
spatulas,…………………… in,-18.875,2,2token,not_valid_noun
spatulas,app rat,-18.875,2,2token,incomplete_phrase
spatulas,piece used,-18.875,2,2token,incomplete_phrase
spatulas,forks _________,-18.875,2,2token,not_valid_noun
spatulas,forks .......,-18.875,2,2token,not_valid_noun
spatulas,toy Set,-18.875,2,2token,incomplete_phrase
spatulas,…………………… Choose,-18.875,2,2token,not_valid_noun
spatulas,…………………… and,-18.875,2,2token,not_valid_noun
spatulas,…………………… …..,-18.875,2,2token,not_valid_noun
spatulas,toy ____________,-18.875,2,2token,not_valid_noun
spatulas,bla blah,-18.875,2,2token,incomplete_phrase
spatulas,ut il,-18.875,2,2token,not_valid_noun
spatulas,moyens,-18.90625,2,2token,not_valid_noun
spatulas,cup __,-18.9375,2,2token,not_valid_noun
spatulas,po is,-18.9375,2,2token,not_valid_noun
spatulas,pots :,-18.9375,2,2token,not_valid_noun
spatulas,cup True,-18.9375,2,2token,incomplete_phrase
spatulas,cup Example,-18.9375,2,2token,not_valid_noun
spatulas,sp pointing,-18.9375,2,2token,not_valid_noun
spatulas,verb Verb,-18.9375,2,2token,incomplete_phrase
spatulas,cup a,-18.9375,2,2token,not_valid_noun
spatulas,bla ____,-18.9375,2,2token,not_valid_noun
spatulas,utensi el,-18.9375,2,2token,not_valid_noun
spatulas,cup ___,-18.9375,2,2token,not_valid_noun
spatulas,verb _,-18.9375,2,2token,not_valid_noun
spatulas,cup _________,-18.9375,2,2token,not_valid_noun
spatulas,pots ad,-18.9375,2,2token,not_valid_noun
spatulas,pots on,-18.9375,2,2token,not_valid_noun
spatulas,pots __,-18.9375,2,2token,not_valid_noun
spatulas,tongs is,-18.9375,2,2token,not_valid_noun
spatulas,tongs ......,-18.9375,2,2token,not_valid_noun
spatulas,tongs .......,-18.9375,2,2token,not_valid_noun
spatulas,sco,-18.9375,2,2token,not_valid_noun
spatulas,verb .....,-18.9375,2,2token,not_valid_noun
spatulas,tongs A,-18.9375,2,2token,not_valid_noun
spatulas,cup Final,-18.9375,2,2token,incomplete_phrase
spatulas,verb which,-18.9375,2,2token,incomplete_phrase
spatulas,kni t,-18.9375,2,2token,not_valid_noun
spatulas,kni [...],-18.9375,2,2token,not_valid_noun
spatulas,verb a,-18.9375,2,2token,not_valid_noun
spatulas,"Ut ,",-18.96875,2,2token,not_valid_noun
spatulas,arbets,-18.96875,2,2token,not_valid_noun
spatulas,…………………… or,-19.0,2,2token,not_valid_noun
spatulas,…………………… Also,-19.0,2,2token,not_valid_noun
spatulas,forks ..,-19.0,2,2token,not_valid_noun
spatulas,forks which,-19.0,2,2token,incomplete_phrase
spatulas,…………………… tools,-19.0,2,2token,not_valid_noun
spatulas,app ance,-19.0,2,2token,not_valid_noun
spatulas,…………………… Material,-19.0,2,2token,not_valid_noun
spatulas,musical In,-19.0,2,2token,not_valid_noun
spatulas,teaspoon A,-19.0,2,2token,not_valid_noun
spatulas,teaspoon are,-19.0,2,2token,incomplete_phrase
spatulas,musical ?,-19.0,2,2token,not_valid_noun
spatulas,kitchen,-19.0,2,2token,incomplete_phrase
spatulas,teaspoon ______,-19.0,2,2token,not_valid_noun
spatulas,sco p,-19.0,2,2token,not_valid_noun
spatulas,teaspoon [,-19.0,2,2token,not_valid_noun
spatulas,teaspoon The,-19.0,2,2token,incomplete_phrase
spatulas,Ut /,-19.03125,2,2token,not_valid_noun
spatulas,sco ops,-19.0625,2,2token,not_valid_noun
spatulas,tongs Use,-19.0625,2,2token,incomplete_phrase
spatulas,kni Fe,-19.0625,2,2token,not_valid_noun
spatulas,cuillère,-19.0625,2,2token,not_valid_noun
spatulas,ut You,-19.0625,2,2token,not_valid_noun
spatulas,.,-19.0625,2,2token,not_valid_noun
spatulas,kni ......,-19.0625,2,2token,not_valid_noun
spatulas,ut can,-19.0625,2,2token,not_valid_noun
spatulas,spoons,-19.0625,2,2token,not_valid_noun
spatulas,cup :,-19.0625,2,2token,not_valid_noun
spatulas,app The,-19.0625,2,2token,incomplete_phrase
spatulas,verb /,-19.0625,2,2token,not_valid_noun
spatulas,verb Form,-19.0625,2,2token,incomplete_phrase
spatulas,verb present,-19.0625,2,2token,incomplete_phrase
spatulas,po ​,-19.0625,2,2token,not_valid_noun
spatulas,bla (...),-19.0625,2,2token,not_valid_noun
spatulas,bla —,-19.0625,2,2token,not_valid_noun
spatulas,bla n,-19.0625,2,2token,not_valid_noun
spatulas,utensi o,-19.0625,2,2token,not_valid_noun
spatulas,cup .....,-19.0625,2,2token,not_valid_noun
spatulas,piece with,-19.0625,2,2token,incomplete_phrase
spatulas,utensi of,-19.0625,2,2token,not_valid_noun
spatulas,cup What,-19.0625,2,2token,incomplete_phrase
spatulas,cup complete,-19.0625,2,2token,not_valid_noun
spatulas,,-19.09375,2,2token,not_valid_noun
spatulas,cuillère,-19.09375,2,2token,not_valid_noun
spatulas,Ut or,-19.09375,2,2token,not_valid_noun
spatulas,инструментов,-19.09375,2,2token,not_valid_noun
spatulas,\_,-19.09375,2,2token,not_valid_noun
spatulas,teaspoon ____,-19.125,2,2token,not_valid_noun
spatulas,kni of,-19.125,2,2token,not_valid_noun
spatulas,teaspoon Use,-19.125,2,2token,incomplete_phrase
spatulas,bla e,-19.125,2,2token,not_valid_noun
spatulas,po made,-19.125,2,2token,not_valid_noun
spatulas,…………………… Fruit,-19.125,2,2token,not_valid_noun
spatulas,po p,-19.125,2,2token,not_valid_noun
spatulas,po I,-19.125,2,2token,not_valid_noun
spatulas,toy completed,-19.125,2,2token,not_valid_noun
spatulas,toy Fill,-19.125,2,2token,not_valid_noun
spatulas,"forks ,",-19.125,2,2token,not_valid_noun
spatulas,kni If,-19.125,2,2token,not_valid_noun
spatulas,toy …,-19.125,2,2token,not_valid_noun
spatulas,…………………… ?,-19.125,2,2token,not_valid_noun
spatulas,utensi [...],-19.125,2,2token,not_valid_noun
spatulas,utensi ..,-19.125,2,2token,not_valid_noun
spatulas,piece .....,-19.125,2,2token,not_valid_noun
spatulas,ut The,-19.125,2,2token,not_valid_noun
spatulas,teaspoon .....,-19.125,2,2token,not_valid_noun
spatulas,bla c,-19.1875,2,2token,not_valid_noun
spatulas,bla b,-19.1875,2,2token,not_valid_noun
spatulas,sco ...,-19.1875,2,2token,not_valid_noun
spatulas,cuchara,-19.1875,2,2token,not_valid_noun
spatulas,tongs /,-19.1875,2,2token,not_valid_noun
spatulas,tongs by,-19.1875,2,2token,not_valid_noun
spatulas,po ….,-19.1875,2,2token,not_valid_noun
spatulas,cup Answer,-19.1875,2,2token,not_valid_noun
spatulas,cup _,-19.1875,2,2token,not_valid_noun
spatulas,piece ______,-19.1875,2,2token,not_valid_noun
spatulas,"bla ,",-19.1875,2,2token,not_valid_noun
spatulas,Ut ....,-19.21875,2,2token,not_valid_noun
spatulas,Ut on,-19.21875,2,2token,not_valid_noun
spatulas,teaspoon True,-19.25,2,2token,incomplete_phrase
spatulas,…………………… Ex,-19.25,2,2token,not_valid_noun
spatulas,utensi This,-19.25,2,2token,incomplete_phrase
spatulas,app y,-19.25,2,2token,not_valid_noun
spatulas,bla –,-19.25,2,2token,not_valid_noun
spatulas,piece _____,-19.25,2,2token,not_valid_noun
spatulas,piece O,-19.25,2,2token,not_valid_noun
spatulas,toy /,-19.25,2,2token,not_valid_noun
spatulas,po utensils,-19.25,2,2token,not_valid_noun
spatulas,teaspoon forks,-19.25,2,2token,incomplete_phrase
spatulas,teaspoon the,-19.25,2,2token,incomplete_phrase
spatulas,Ut a,-19.28125,2,2token,not_valid_noun
spatulas,utensi •,-19.3125,2,2token,not_valid_noun
spatulas,utensi /,-19.3125,2,2token,not_valid_noun
spatulas,kni [,-19.3125,2,2token,not_valid_noun
spatulas,bla ______,-19.3125,2,2token,not_valid_noun
spatulas,po n,-19.3125,2,2token,not_valid_noun
spatulas,app of,-19.3125,2,2token,not_valid_noun
spatulas,utensi =,-19.3125,2,2token,not_valid_noun
spatulas,kni _,-19.3125,2,2token,not_valid_noun
spatulas,Ut ens,-19.34375,2,2token,not_valid_noun
spatulas,gehören,-19.375,2,2token,not_valid_noun
spatulas,teaspoon :,-19.375,2,2token,not_valid_noun
spatulas,teaspoon _____,-19.375,2,2token,not_valid_noun
spatulas,bla [,-19.375,2,2token,not_valid_noun
spatulas,kni The,-19.375,2,2token,incomplete_phrase
spatulas,utensi the,-19.375,2,2token,incomplete_phrase
spatulas,kni to,-19.375,2,2token,not_valid_noun
spatulas,kni i,-19.375,2,2token,not_valid_noun
spatulas,utensi,-19.375,2,2token,not_valid_noun
spatulas,po [...],-19.375,2,2token,not_valid_noun
spatulas,bla nd,-19.375,2,2token,not_valid_noun
spatulas,teaspoon by,-19.375,2,2token,not_valid_noun
spatulas,teaspoon which,-19.375,2,2token,incomplete_phrase
spatulas,Complete,-19.375,2,2token,not_valid_noun
spatulas,Ut I,-19.40625,2,2token,not_valid_noun
spatulas,utensi as,-19.4375,2,2token,not_valid_noun
spatulas,utensi ____,-19.4375,2,2token,not_valid_noun
spatulas,utensi are,-19.4375,2,2token,incomplete_phrase
spatulas,po ______,-19.4375,2,2token,not_valid_noun
spatulas,sco op,-19.4375,2,2token,not_valid_noun
spatulas,cubiertos,-19.4375,2,2token,not_valid_noun
spatulas,...,-19.4375,2,2token,not_valid_noun
spatulas,po si,-19.4375,2,2token,not_valid_noun
spatulas,po in,-19.4375,2,2token,not_valid_noun
spatulas,bla She,-19.4375,2,2token,incomplete_phrase
spatulas,po son,-19.4375,2,2token,not_valid_noun
spatulas,Ut tool,-19.46875,2,2token,not_valid_noun
spatulas,Ut with,-19.46875,2,2token,not_valid_noun
spatulas,po ers,-19.5,2,2token,not_valid_noun
spatulas,po _,-19.5,2,2token,not_valid_noun
spatulas,po _____,-19.5,2,2token,not_valid_noun
spatulas,sco pal,-19.5,2,2token,incomplete_phrase
spatulas,po The,-19.5,2,2token,not_valid_noun
spatulas,po that,-19.5,2,2token,not_valid_noun
spatulas,sco po,-19.5,2,2token,not_valid_noun
spatulas,bla dy,-19.5,2,2token,not_valid_noun
spatulas,cozinha,-19.5,2,2token,not_valid_noun
spatulas,utensi li,-19.5,2,2token,not_valid_noun
spatulas,utensi that,-19.5,2,2token,incomplete_phrase
spatulas,kni ___,-19.5,2,2token,not_valid_noun
spatulas,teaspoon ….,-19.5,2,2token,not_valid_noun
spatulas,po =,-19.5,2,2token,not_valid_noun
spatulas,teaspoon What,-19.5,2,2token,incomplete_phrase
spatulas,po .....,-19.5625,2,2token,not_valid_noun
spatulas,po wer,-19.5625,2,2token,not_valid_noun
spatulas,bla hones,-19.5625,2,2token,not_valid_noun
spatulas,utensi ?,-19.5625,2,2token,not_valid_noun
spatulas,utensi a,-19.5625,2,2token,not_valid_noun
spatulas,po ________,-19.5625,2,2token,not_valid_noun
spatulas,bla ___,-19.5625,2,2token,not_valid_noun
spatulas,bla Description,-19.5625,2,2token,incomplete_phrase
spatulas,Ut n,-19.59375,2,2token,not_valid_noun
spatulas,Ut e,-19.59375,2,2token,not_valid_noun
spatulas,Ut if,-19.59375,2,2token,not_valid_noun
spatulas,bla ds,-19.625,2,2token,not_valid_noun
spatulas,po to,-19.625,2,2token,not_valid_noun
spatulas,po ate,-19.625,2,2token,not_valid_noun
spatulas,po ang,-19.625,2,2token,not_valid_noun
spatulas,bla is,-19.625,2,2token,not_valid_noun
spatulas,kni a,-19.625,2,2token,not_valid_noun
spatulas,bla t,-19.625,2,2token,not_valid_noun
spatulas,po the,-19.625,2,2token,not_valid_noun
spatulas,Ut [,-19.65625,2,2token,not_valid_noun
spatulas,Ut -,-19.65625,2,2token,not_valid_noun
spatulas,utensi –,-19.6875,2,2token,not_valid_noun
spatulas,outils,-19.6875,2,2token,not_valid_noun
spatulas,kni and,-19.6875,2,2token,incomplete_phrase
spatulas,po ut,-19.6875,2,2token,not_valid_noun
spatulas,bla _______,-19.6875,2,2token,not_valid_noun
spatulas,kni fo,-19.6875,2,2token,not_valid_noun
spatulas,kni ..........,-19.6875,2,2token,not_valid_noun
spatulas,po on,-19.6875,2,2token,not_valid_noun
spatulas,kni very,-19.6875,2,2token,incomplete_phrase
spatulas,bla .....,-19.6875,2,2token,not_valid_noun
spatulas,kni es,-19.6875,2,2token,not_valid_noun
spatulas,Ut which,-19.71875,2,2token,not_valid_noun
spatulas,kni in,-19.75,2,2token,not_valid_noun
spatulas,po ____,-19.75,2,2token,not_valid_noun
spatulas,bla ________,-19.75,2,2token,not_valid_noun
spatulas,_______,-19.75,2,2token,not_valid_noun
spatulas,po ed,-19.75,2,2token,not_valid_noun
spatulas,bla [...],-19.75,2,2token,not_valid_noun
spatulas,bla A,-19.75,2,2token,not_valid_noun
spatulas,kni s,-19.75,2,2token,not_valid_noun
spatulas,Ut ?,-19.78125,2,2token,not_valid_noun
spatulas,Ut o,-19.78125,2,2token,not_valid_noun
spatulas,Ut are,-19.78125,2,2token,not_valid_noun
spatulas,sco pas,-19.8125,2,2token,not_valid_noun
spatulas,kni :,-19.8125,2,2token,not_valid_noun
spatulas,Ut at,-19.84375,2,2token,not_valid_noun
spatulas,Ut ten,-19.84375,2,2token,not_valid_noun
spatulas,Ut …,-19.84375,2,2token,not_valid_noun
spatulas,Ut __,-19.84375,2,2token,not_valid_noun
spatulas,Ut equipment,-19.84375,2,2token,not_valid_noun
spatulas,kni von,-19.875,2,2token,not_valid_noun
spatulas,Ut from,-19.90625,2,2token,not_valid_noun
spatulas,أد,-20.0,2,2token,not_valid_noun
spatulas,Ut it,-20.03125,2,2token,not_valid_noun
spatulas,____,-20.0625,2,2token,not_valid_noun
spatulas,outil,-20.0625,2,2token,not_valid_noun
spatulas,Ut by,-20.09375,2,2token,not_valid_noun
spatulas,Ut What,-20.09375,2,2token,not_valid_noun
spatulas,sco -,-20.125,2,2token,not_valid_noun
spatulas,Ut this,-20.15625,2,2token,not_valid_noun
spatulas,Ut as,-20.15625,2,2token,not_valid_noun
spatulas,Ut all,-20.15625,2,2token,not_valid_noun
spatulas,Ut ;,-20.15625,2,2token,not_valid_noun
spatulas,ferramenta,-20.25,2,2token,not_valid_noun
spatulas,Ut d,-20.28125,2,2token,not_valid_noun
spatulas,Ut you,-20.28125,2,2token,not_valid_noun
spatulas,Ut so,-20.28125,2,2token,not_valid_noun
spatulas,Ut ..,-20.28125,2,2token,not_valid_noun
spatulas,Küche,-20.3125,2,2token,not_valid_noun
spatulas,sco …,-20.3125,2,2token,not_valid_noun
spatulas,peralatan,-20.375,2,2token,not_valid_noun
spatulas,implements,-20.375,2,2token,not_valid_noun
spatulas,__,-20.375,2,2token,not_valid_noun
spatulas,cocinar,-20.375,2,2token,not_valid_noun
spatulas,______,-20.4375,2,2token,not_valid_noun
spatulas,sco (,-20.5,2,2token,not_valid_noun
spatulas,,-20.5625,2,2token,not_valid_noun
spatulas,strumento,-20.5625,2,2token,not_valid_noun
spatulas,sco I,-20.625,2,2token,not_valid_noun
spatulas,dụng,-20.625,2,2token,not_valid_noun
spatulas,кухо,-20.6875,2,2token,not_valid_noun
spatulas,alat,-20.6875,2,2token,not_valid_noun
spatulas,cucchiaio,-20.6875,2,2token,not_valid_noun
spatulas,sco oper,-20.6875,2,2token,not_valid_noun
spatulas,_____,-20.75,2,2token,not_valid_noun
spatulas,खा,-20.8125,2,2token,not_valid_noun
spatulas,Cut,-20.8125,2,2token,incomplete_phrase
spatulas,masak,-20.875,2,2token,not_valid_noun
spatulas,____________,-20.875,2,2token,not_valid_noun
spatulas,___________,-20.875,2,2token,not_valid_noun
spatulas,memasak,-20.875,2,2token,not_valid_noun
spatulas,,-20.875,2,2token,not_valid_noun
spatulas,répondre,-20.9375,2,2token,not_valid_noun
spatulas,cooking,-20.9375,2,2token,incomplete_phrase
spatulas,medición,-20.9375,2,2token,not_valid_noun
spatulas,sco li,-21.0,2,2token,not_valid_noun
spatulas,sco –,-21.0625,2,2token,not_valid_noun
spatulas,instrumento,-21.125,2,2token,not_valid_noun
spatulas,sco ol,-21.125,2,2token,not_valid_noun
spatulas,sco k,-21.125,2,2token,not_valid_noun
spatulas,sco pa,-21.125,2,2token,not_valid_noun
spatulas,sco $,-21.1875,2,2token,not_valid_noun
spatulas,sco Once,-21.25,2,2token,incomplete_phrase
spatulas,sco e,-21.25,2,2token,not_valid_noun
spatulas,sco i,-21.3125,2,2token,not_valid_noun
spatulas,sco wal,-21.375,2,2token,not_valid_noun
spatulas,sco and,-21.5,2,2token,incomplete_phrase
spatulas,sco mobs,-21.5625,2,2token,not_valid_noun
spatulas,sco P,-21.75,2,2token,not_valid_noun
spatulas,sco ols,-21.8125,2,2token,not_valid_noun
spatulas,sco or,-21.8125,2,2token,not_valid_noun
spatulas,sco OPER,-21.875,2,2token,not_valid_noun
spatulas,sco th,-21.875,2,2token,not_valid_noun
spatulas,sco The,-21.9375,2,2token,incomplete_phrase
spatulas,sco,-21.9375,2,2token,not_valid_noun
spatulas,sco pol,-22.0,2,2token,incomplete_phrase
spatulas,sco ep,-22.0625,2,2token,not_valid_noun
spatulas,sco [...],-22.125,2,2token,not_valid_noun
spatulas,sco to,-22.1875,2,2token,not_valid_noun
spatulas,sco,-22.1875,2,2token,not_valid_noun
spatulas,sco This,-22.1875,2,2token,incomplete_phrase
spatulas,sco opp,-22.25,2,2token,not_valid_noun
spatulas,sco ot,-22.25,2,2token,not_valid_noun
spatulas,sco ....,-22.25,2,2token,not_valid_noun
spatulas,sco Open,-22.25,2,2token,incomplete_phrase
spatulas,sco $\,-22.3125,2,2token,not_valid_noun
spatulas,sco Oper,-22.3125,2,2token,not_valid_noun
spatulas,sco Pas,-22.3125,2,2token,not_valid_noun
