noun1,predicted_hypernym,log_prob,num_tokens,strategy,filter_reason
crows,birds,-2.546875,1,single_token,not_valid_noun
crows,bird Complete,-4.390625,2,2token,not_valid_noun
crows,bird .,-5.515625,2,2token,not_valid_noun
crows,.,-5.6875,1,single_token,not_valid_noun
crows,______,-5.6875,1,single_token,not_valid_noun
crows,...,-5.8125,1,single_token,not_valid_noun
crows,____,-5.9375,1,single_token,not_valid_noun
crows,,-5.9375,1,single_token,not_valid_noun
crows,________,-5.9375,1,single_token,not_valid_noun
crows,animals,-6.4375,1,single_token,not_valid_noun
crows,. Complete,-6.50390625,2,2token,not_valid_noun
crows,a,-6.6875,1,single_token,not_valid_noun
crows,_______,-6.6875,1,single_token,not_valid_noun
crows,birds Complete,-6.765625,2,2token,not_valid_noun
crows,(,-6.8125,1,single_token,not_valid_noun
crows,a bird,-6.880859375,2,2token,not_valid_noun
crows,bird (,-6.890625,2,2token,not_valid_noun
crows,_____,-6.9375,1,single_token,not_valid_noun
crows,_________,-7.3125,1,single_token,not_valid_noun
crows,___,-7.3125,1,single_token,not_valid_noun
crows,bird complete,-7.390625,2,2token,not_valid_noun
crows,....,-7.4375,1,single_token,not_valid_noun
crows,…,-7.5,1,single_token,not_valid_noun
crows,____________,-7.625,1,single_token,not_valid_noun
crows,black,-7.625,1,single_token,incomplete_phrase
crows,song,-7.75,1,single_token,incomplete_phrase
crows,animal Complete,-7.765625,2,2token,not_valid_noun
crows,... Complete,-7.859375,2,2token,not_valid_noun
crows,__,-7.875,1,single_token,not_valid_noun
crows,bird ...,-7.890625,2,2token,not_valid_noun
crows,birds .,-7.890625,2,2token,not_valid_noun
crows,_,-7.9375,1,single_token,not_valid_noun
crows,___________,-7.9375,1,single_token,not_valid_noun
crows,wild,-8.0625,1,single_token,incomplete_phrase
crows,__________,-8.0625,1,single_token,not_valid_noun
crows,bird ....,-8.140625,2,2token,not_valid_noun
crows,bird and,-8.234375,2,2token,incomplete_phrase
crows,bird in,-8.234375,2,2token,not_valid_noun
crows,bird Fill,-8.359375,2,2token,not_valid_noun
crows,c,-8.4375,1,single_token,not_valid_noun
crows,.....,-8.5,1,single_token,not_valid_noun
crows,?,-8.5625,1,single_token,not_valid_noun
crows,….,-8.5625,1,single_token,not_valid_noun
crows,bird or,-8.609375,2,2token,not_valid_noun
crows,bird -,-8.609375,2,2token,not_valid_noun
crows,_____ .,-8.640625,2,2token,not_valid_noun
crows,..,-8.6875,1,single_token,not_valid_noun
crows,_.,-8.6875,1,single_token,not_valid_noun
crows,big,-8.6875,1,single_token,not_valid_noun
crows,:,-8.6875,1,single_token,not_valid_noun
crows,.... Complete,-8.7265625,2,2token,not_valid_noun
crows,sea,-8.75,1,single_token,incomplete_phrase
crows,Birds,-8.75,1,single_token,not_valid_noun
crows,_____ Complete,-8.765625,2,2token,not_valid_noun
crows,birds,-8.765625,2,2token,not_valid_noun
crows,_________ .,-8.8359375,2,2token,not_valid_noun
crows,……,-8.875,1,single_token,not_valid_noun
crows,......,-8.875,1,single_token,not_valid_noun
crows,animal .,-8.890625,2,2token,not_valid_noun
crows,______ .,-8.9375,2,2token,not_valid_noun
crows,f,-8.9375,1,single_token,not_valid_noun
crows,avian,-8.9375,1,single_token,not_valid_noun
crows,______ Complete,-8.9375,2,2token,not_valid_noun
crows,what,-8.9375,1,single_token,not_valid_noun
crows,large,-9.0,1,single_token,incomplete_phrase
crows,-,-9.0,1,single_token,not_valid_noun
crows,bird that,-9.109375,2,2token,incomplete_phrase
crows,[,-9.125,1,single_token,not_valid_noun
crows,birds (,-9.140625,2,2token,not_valid_noun
crows,___ .,-9.1640625,2,2token,not_valid_noun
crows,___ Complete,-9.1640625,2,2token,not_valid_noun
crows,kind,-9.1875,1,single_token,incomplete_phrase
crows,mammals,-9.1875,1,single_token,not_valid_noun
crows,flying,-9.1875,1,single_token,incomplete_phrase
crows,bird The,-9.234375,2,2token,incomplete_phrase
crows,bird with,-9.234375,2,2token,incomplete_phrase
crows,bird COMPLETE,-9.234375,2,2token,not_valid_noun
crows,,-9.3125,1,single_token,not_valid_noun
crows,........,-9.3125,1,single_token,not_valid_noun
crows,of,-9.3125,1,single_token,not_valid_noun
crows,.........,-9.3125,1,single_token,not_valid_noun
crows,bird _______,-9.359375,2,2token,not_valid_noun
crows,bird A,-9.359375,2,2token,not_valid_noun
crows,bird fruit,-9.359375,2,2token,incomplete_phrase
crows,.......,-9.375,1,single_token,not_valid_noun
crows,small,-9.375,1,single_token,incomplete_phrase
crows,. .,-9.375,2,2token,not_valid_noun
crows,an,-9.375,1,single_token,not_valid_noun
crows,type,-9.375,1,single_token,incomplete_phrase
crows,. birds,-9.375,2,2token,not_valid_noun
crows,_________ Complete,-9.453125,2,2token,not_valid_noun
crows,bird a,-9.484375,2,2token,not_valid_noun
crows,avi,-9.5,1,single_token,not_valid_noun
crows,…………,-9.5,1,single_token,not_valid_noun
crows,kind of,-9.5078125,2,2token,not_valid_noun
crows,",",-9.5625,1,single_token,not_valid_noun
crows,the,-9.5625,1,single_token,not_valid_noun
crows,… Complete,-9.59375,2,2token,not_valid_noun
crows,... Read,-9.609375,2,2token,not_valid_noun
crows,...,-9.609375,2,2token,not_valid_noun
crows,bird Write,-9.609375,2,2token,incomplete_phrase
crows,bird Answer,-9.609375,2,2token,not_valid_noun
crows,bird :,-9.609375,2,2token,not_valid_noun
crows,bird of,-9.609375,2,2token,not_valid_noun
crows,bird .....,-9.609375,2,2token,not_valid_noun
crows,bird ________,-9.609375,2,2token,not_valid_noun
crows,.,-9.625,2,2token,not_valid_noun
crows,/,-9.625,1,single_token,not_valid_noun
crows,? Complete,-9.6328125,2,2token,not_valid_noun
crows,type of,-9.6640625,2,2token,not_valid_noun
crows,bir,-9.6875,1,single_token,not_valid_noun
crows,__________ .,-9.703125,2,2token,not_valid_noun
crows,bird /,-9.734375,2,2token,not_valid_noun
crows,bird which,-9.734375,2,2token,incomplete_phrase
crows,bird Read,-9.734375,2,2token,not_valid_noun
crows,bird What,-9.734375,2,2token,incomplete_phrase
crows,bird is,-9.734375,2,2token,not_valid_noun
crows,. bird,-9.75,2,2token,not_valid_noun
crows,A,-9.75,1,single_token,not_valid_noun
crows,an animal,-9.7578125,2,2token,not_valid_noun
crows,…. Complete,-9.7890625,2,2token,not_valid_noun
crows,_. Complete,-9.8046875,2,2token,not_valid_noun
crows,________ .,-9.84375,2,2token,not_valid_noun
crows,..... Complete,-9.84375,2,2token,not_valid_noun
crows,bird by,-9.859375,2,2token,not_valid_noun
crows,_______ .,-9.859375,2,2token,not_valid_noun
crows,bird ______,-9.859375,2,2token,not_valid_noun
crows,... A,-9.875,2,2token,not_valid_noun
crows,.. Complete,-9.9375,2,2token,not_valid_noun
crows,: Complete,-9.9453125,2,2token,not_valid_noun
crows,__________ Complete,-9.953125,2,2token,not_valid_noun
crows,_ .,-9.96875,2,2token,not_valid_noun
crows,of bird,-9.98046875,2,2token,not_valid_noun
crows,_______ Complete,-9.984375,2,2token,not_valid_noun
crows,bird _,-9.984375,2,2token,not_valid_noun
crows,bird to,-9.984375,2,2token,not_valid_noun
crows,bird [,-9.984375,2,2token,not_valid_noun
crows,bird ____,-9.984375,2,2token,not_valid_noun
crows,bird _____,-9.984375,2,2token,not_valid_noun
crows,... a,-10.0,2,2token,not_valid_noun
crows,birds and,-10.015625,2,2token,incomplete_phrase
crows,birds complete,-10.015625,2,2token,not_valid_noun
crows,…..,-10.0625,1,single_token,not_valid_noun
crows,...........,-10.0625,1,single_token,not_valid_noun
crows,$\,-10.0625,1,single_token,not_valid_noun
crows,Bird Complete,-10.109375,2,2token,not_valid_noun
crows,bird ..,-10.109375,2,2token,not_valid_noun
crows,bird the,-10.109375,2,2token,not_valid_noun
crows,. Fill,-10.125,2,2token,not_valid_noun
crows,... ...,-10.125,2,2token,not_valid_noun
crows,_____ (,-10.140625,2,2token,not_valid_noun
crows,____ .,-10.15625,2,2token,not_valid_noun
crows,e,-10.1875,1,single_token,not_valid_noun
crows,_ Complete,-10.21875,2,2token,not_valid_noun
crows,_ bird,-10.21875,2,2token,not_valid_noun
crows,bird but,-10.234375,2,2token,incomplete_phrase
crows,feathered,-10.25,1,single_token,not_valid_noun
crows,... crows,-10.25,2,2token,not_valid_noun
crows,... What,-10.25,2,2token,not_valid_noun
crows,b,-10.25,1,single_token,not_valid_noun
crows,... (,-10.25,2,2token,not_valid_noun
crows,birds in,-10.265625,2,2token,not_valid_noun
crows,...... Complete,-10.265625,2,2token,not_valid_noun
crows,animal complete,-10.265625,2,2token,not_valid_noun
crows,animal (,-10.265625,2,2token,not_valid_noun
crows,living,-10.3125,1,single_token,incomplete_phrase
crows,bird True,-10.359375,2,2token,incomplete_phrase
crows,bird are,-10.359375,2,2token,incomplete_phrase
crows,bird …,-10.359375,2,2token,not_valid_noun
crows,bird Correct,-10.359375,2,2token,not_valid_noun
crows,n,-10.375,1,single_token,not_valid_noun
crows,. A,-10.375,2,2token,not_valid_noun
crows,birds ...,-10.390625,2,2token,not_valid_noun
crows,and,-10.4375,1,single_token,not_valid_noun
crows,_________ (,-10.453125,2,2token,not_valid_noun
crows,"bird ,",-10.484375,2,2token,not_valid_noun
crows,bird called,-10.484375,2,2token,incomplete_phrase
crows,. What,-10.5,2,2token,not_valid_noun
crows,bad,-10.5,1,single_token,incomplete_phrase
crows,p,-10.5,1,single_token,not_valid_noun
crows,... birds,-10.5,2,2token,not_valid_noun
crows,<,-10.5,1,single_token,not_valid_noun
crows,. The,-10.5,2,2token,not_valid_noun
crows,fin,-10.5,1,single_token,incomplete_phrase
crows,birds ....,-10.515625,2,2token,not_valid_noun
crows,animals Complete,-10.53125,2,2token,not_valid_noun
crows,mammal Complete,-10.53125,2,2token,not_valid_noun
crows,the bird,-10.55078125,2,2token,not_valid_noun
crows,...............,-10.5625,1,single_token,not_valid_noun
crows,............,-10.5625,1,single_token,not_valid_noun
crows,birds or,-10.609375,2,2token,not_valid_noun
crows,bird I,-10.609375,2,2token,not_valid_noun
crows,... Fill,-10.625,2,2token,not_valid_noun
crows,-.,-10.625,1,single_token,not_valid_noun
crows,a birds,-10.625,2,2token,not_valid_noun
crows,....... Complete,-10.6328125,2,2token,not_valid_noun
crows,_____,-10.640625,2,2token,not_valid_noun
crows,domestic,-10.6875,1,single_token,incomplete_phrase
crows,______ (,-10.6875,2,2token,not_valid_noun
crows,birds Fill,-10.734375,2,2token,not_valid_noun
crows,which,-10.75,1,single_token,not_valid_noun
crows,... .,-10.75,2,2token,not_valid_noun
crows,. a,-10.75,2,2token,not_valid_noun
crows,. Write,-10.75,2,2token,not_valid_noun
crows,... -,-10.75,2,2token,not_valid_noun
crows,( bird,-10.78125,2,2token,not_valid_noun
crows,___,-10.796875,2,2token,not_valid_noun
crows,___ (,-10.796875,2,2token,not_valid_noun
crows,.............,-10.8125,1,single_token,not_valid_noun
crows,forest,-10.8125,1,single_token,incomplete_phrase
crows,this,-10.8125,1,single_token,not_valid_noun
crows,____________ .,-10.828125,2,2token,not_valid_noun
crows,_ _,-10.84375,2,2token,not_valid_noun
crows,…… Complete,-10.84375,2,2token,not_valid_noun
crows,", Complete",-10.84375,2,2token,not_valid_noun
crows,......... Complete,-10.84375,2,2token,not_valid_noun
crows,... fruit,-10.875,2,2token,not_valid_noun
crows,my,-10.875,1,single_token,not_valid_noun
crows,_____ bird,-10.890625,2,2token,not_valid_noun
crows,fowl Complete,-10.921875,2,2token,not_valid_noun
crows,What,-10.9375,1,single_token,not_valid_noun
crows,cor,-10.9375,1,single_token,incomplete_phrase
crows,______ bird,-10.9375,2,2token,not_valid_noun
crows,\_,-10.9375,1,single_token,not_valid_noun
crows,..............,-10.9375,1,single_token,not_valid_noun
crows,..........,-10.9375,1,single_token,not_valid_noun
crows,… A,-10.96875,2,2token,not_valid_noun
crows,… Read,-10.96875,2,2token,not_valid_noun
crows,…,-10.96875,2,2token,not_valid_noun
crows,of birds,-10.984375,2,2token,not_valid_noun
crows,w,-11.0,1,single_token,not_valid_noun
crows,member,-11.0,1,single_token,incomplete_phrase
crows,F,-11.0,1,single_token,not_valid_noun
crows,part,-11.0,1,single_token,incomplete_phrase
crows,o,-11.0,1,single_token,not_valid_noun
crows,"...,",-11.0,1,single_token,not_valid_noun
crows,. (,-11.0,2,2token,not_valid_noun
crows,……………………,-11.0,1,single_token,not_valid_noun
crows,crow Complete,-11.03125,2,2token,not_valid_noun
crows,___ bird,-11.046875,2,2token,not_valid_noun
crows,av,-11.0625,1,single_token,not_valid_noun
crows,The,-11.0625,1,single_token,not_valid_noun
crows,grey,-11.0625,1,single_token,incomplete_phrase
crows,or,-11.0625,1,single_token,not_valid_noun
crows,?.,-11.0625,1,single_token,not_valid_noun
crows,______,-11.0625,2,2token,not_valid_noun
crows,,-11.0625,1,single_token,not_valid_noun
crows,_________,-11.078125,2,2token,not_valid_noun
crows,birds that,-11.109375,2,2token,incomplete_phrase
crows,birds -,-11.109375,2,2token,not_valid_noun
crows,birds of,-11.109375,2,2token,not_valid_noun
crows,fe,-11.125,1,single_token,not_valid_noun
crows,. fruit,-11.125,2,2token,not_valid_noun
crows,s,-11.125,1,single_token,not_valid_noun
crows,many,-11.125,1,single_token,not_valid_noun
crows,... The,-11.125,2,2token,not_valid_noun
crows,... More,-11.125,2,2token,not_valid_noun
crows,member of,-11.12890625,2,2token,not_valid_noun
crows,ra,-11.1875,1,single_token,not_valid_noun
crows,d,-11.1875,1,single_token,not_valid_noun
crows,in,-11.1875,1,single_token,not_valid_noun
crows,singing,-11.1875,1,single_token,incomplete_phrase
crows,other,-11.1875,1,single_token,not_valid_noun
crows,___________ Complete,-11.203125,2,2token,not_valid_noun
crows,__________ (,-11.203125,2,2token,not_valid_noun
crows,… Continue,-11.21875,2,2token,not_valid_noun
crows,… What,-11.21875,2,2token,not_valid_noun
crows,. animals,-11.25,2,2token,not_valid_noun
crows,. Which,-11.25,2,2token,not_valid_noun
crows,. Choose,-11.25,2,2token,not_valid_noun
crows,. animal,-11.25,2,2token,not_valid_noun
crows,_____ Fill,-11.25,2,2token,not_valid_noun
crows,Bird .,-11.25,2,2token,not_valid_noun
crows,/ kind,-11.25,2,2token,not_valid_noun
crows,... bird,-11.25,2,2token,not_valid_noun
crows,/ a,-11.25,2,2token,not_valid_noun
crows,animal that,-11.265625,2,2token,incomplete_phrase
crows,animal ...,-11.265625,2,2token,not_valid_noun
crows,[ ],-11.296875,2,2token,not_valid_noun
crows,______ ______,-11.3125,2,2token,not_valid_noun
crows,….. Complete,-11.3125,2,2token,not_valid_noun
crows,bar,-11.3125,1,single_token,incomplete_phrase
crows,X,-11.3125,1,single_token,not_valid_noun
crows,BIRDS,-11.3125,1,single_token,not_valid_noun
crows,.(,-11.3125,1,single_token,not_valid_noun
crows,are,-11.3125,1,single_token,not_valid_noun
crows,that,-11.3125,1,single_token,not_valid_noun
crows,___________ .,-11.328125,2,2token,not_valid_noun
crows,_________ Fill,-11.34375,2,2token,not_valid_noun
crows,_______ (,-11.34375,2,2token,not_valid_noun
crows,-. Complete,-11.359375,2,2token,not_valid_noun
crows,an bird,-11.375,2,2token,not_valid_noun
crows,crows,-11.375,1,single_token,not_valid_noun
crows,wood,-11.375,1,single_token,incomplete_phrase
crows,animal ....,-11.390625,2,2token,not_valid_noun
crows,........... Complete,-11.421875,2,2token,not_valid_noun
crows,*,-11.4375,1,single_token,not_valid_noun
crows,common,-11.4375,1,single_token,incomplete_phrase
crows,is,-11.4375,1,single_token,not_valid_noun
crows,----,-11.4375,1,single_token,not_valid_noun
crows,---,-11.4375,1,single_token,not_valid_noun
crows,- Complete,-11.453125,2,2token,not_valid_noun
crows,- .,-11.453125,2,2token,not_valid_noun
crows,… The,-11.46875,2,2token,not_valid_noun
crows,....,-11.46875,2,2token,not_valid_noun
crows,birds Answer,-11.484375,2,2token,not_valid_noun
crows,birds with,-11.484375,2,2token,incomplete_phrase
crows,........ Complete,-11.5,2,2token,not_valid_noun
crows,. In,-11.5,2,2token,not_valid_noun
crows,animal in,-11.515625,2,2token,not_valid_noun
crows,animal or,-11.515625,2,2token,not_valid_noun
crows,part of,-11.5546875,2,2token,not_valid_noun
crows,______ birds,-11.5625,2,2token,not_valid_noun
crows,Av,-11.5625,1,single_token,not_valid_noun
crows,talking,-11.5625,1,single_token,incomplete_phrase
crows,{,-11.5625,1,single_token,not_valid_noun
crows,per,-11.5625,1,single_token,not_valid_noun
crows,I,-11.5625,1,single_token,not_valid_noun
crows,: birds,-11.578125,2,2token,not_valid_noun
crows,: bird,-11.578125,2,2token,not_valid_noun
crows,chicken Complete,-11.59375,2,2token,not_valid_noun
crows,. crows,-11.625,2,2token,not_valid_noun
crows,–,-11.625,1,single_token,not_valid_noun
crows,winged,-11.625,1,single_token,not_valid_noun
crows,ani,-11.625,1,single_token,incomplete_phrase
crows,farm,-11.625,1,single_token,incomplete_phrase
crows,_____ _____,-11.625,2,2token,not_valid_noun
crows,\,-11.625,1,single_token,not_valid_noun
crows,,-11.625,1,single_token,not_valid_noun
crows,beautiful,-11.625,1,single_token,not_valid_noun
crows,... complete,-11.625,2,2token,not_valid_noun
crows,sing,-11.625,1,single_token,not_valid_noun
crows,. complete,-11.625,2,2token,not_valid_noun
crows,_____ birds,-11.625,2,2token,not_valid_noun
crows,... is,-11.625,2,2token,not_valid_noun
crows,... Show,-11.625,2,2token,not_valid_noun
crows,____ Complete,-11.65625,2,2token,not_valid_noun
crows,the birds,-11.671875,2,2token,not_valid_noun
crows,kinds,-11.6875,1,single_token,not_valid_noun
crows,carni,-11.6875,1,single_token,not_valid_noun
crows,______ Fill,-11.6875,2,2token,not_valid_noun
crows,white,-11.6875,1,single_token,incomplete_phrase
crows,pec,-11.6875,1,single_token,not_valid_noun
crows,C,-11.6875,1,single_token,not_valid_noun
crows,This,-11.6875,1,single_token,not_valid_noun
crows,.... birds,-11.71875,2,2token,not_valid_noun
crows,_______ bird,-11.71875,2,2token,not_valid_noun
crows,_________ bird,-11.71875,2,2token,not_valid_noun
crows,… fruit,-11.71875,2,2token,not_valid_noun
crows,_ birds,-11.71875,2,2token,not_valid_noun
crows,.... .,-11.71875,2,2token,not_valid_noun
crows,birds The,-11.734375,2,2token,incomplete_phrase
crows,birds COMPLETE,-11.734375,2,2token,not_valid_noun
crows,? .,-11.75,2,2token,not_valid_noun
crows,... Crows,-11.75,2,2token,not_valid_noun
crows,Black,-11.75,1,single_token,incomplete_phrase
crows,v,-11.75,1,single_token,not_valid_noun
crows,a animal,-11.75,2,2token,not_valid_noun
crows,. Use,-11.75,2,2token,not_valid_noun
crows,. Read,-11.75,2,2token,not_valid_noun
crows,. ...,-11.75,2,2token,not_valid_noun
crows,... of,-11.75,2,2token,not_valid_noun
crows,_____ ____,-11.75,2,2token,not_valid_noun
crows,_____ animal,-11.75,2,2token,not_valid_noun
crows,___ birds,-11.78125,2,2token,not_valid_noun
crows,____ ____,-11.78125,2,2token,not_valid_noun
crows,animals .,-11.78125,2,2token,not_valid_noun
crows,bea,-11.8125,1,single_token,not_valid_noun
crows,be,-11.8125,1,single_token,not_valid_noun
crows,pea,-11.8125,1,single_token,incomplete_phrase
crows,',-11.8125,1,single_token,not_valid_noun
crows,__________,-11.828125,2,2token,not_valid_noun
crows,_,-11.84375,2,2token,not_valid_noun
crows,.... A,-11.84375,2,2token,not_valid_noun
crows,_______,-11.84375,2,2token,not_valid_noun
crows,birds _______,-11.859375,2,2token,not_valid_noun
crows,of animal,-11.859375,2,2token,not_valid_noun
crows,birds which,-11.859375,2,2token,incomplete_phrase
crows,birds A,-11.859375,2,2token,not_valid_noun
crows,birds /,-11.859375,2,2token,not_valid_noun
crows,birds Write,-11.859375,2,2token,incomplete_phrase
crows,------,-11.875,1,single_token,not_valid_noun
crows,​,-11.875,1,single_token,not_valid_noun
crows,how,-11.875,1,single_token,not_valid_noun
crows,types,-11.875,1,single_token,not_valid_noun
crows,... Write,-11.875,2,2token,not_valid_noun
crows,... Continue,-11.875,2,2token,not_valid_noun
crows,... Answer,-11.875,2,2token,not_valid_noun
crows,a mammal,-11.875,2,2token,not_valid_noun
crows,gray,-11.875,1,single_token,incomplete_phrase
crows,... In,-11.875,2,2token,not_valid_noun
crows,What is,-11.8984375,2,2token,not_valid_noun
crows,( ),-11.90625,2,2token,not_valid_noun
crows,mammal .,-11.90625,2,2token,not_valid_noun
crows,animal and,-11.921875,2,2token,incomplete_phrase
crows,animal called,-11.921875,2,2token,incomplete_phrase
crows,the animal,-11.921875,2,2token,not_valid_noun
crows,animal Fill,-11.921875,2,2token,not_valid_noun
crows,tall,-11.9375,1,single_token,incomplete_phrase
crows,parrot Complete,-11.9375,2,2token,not_valid_noun
crows,foo,-11.9375,1,single_token,incomplete_phrase
crows,herb,-11.9375,1,single_token,incomplete_phrase
crows,______ _______,-11.9375,2,2token,not_valid_noun
crows,__ .,-11.9375,2,2token,not_valid_noun
crows,eat,-11.9375,1,single_token,not_valid_noun
crows,these,-11.9375,1,single_token,not_valid_noun
crows,x,-11.9375,1,single_token,not_valid_noun
crows,land,-11.9375,1,single_token,incomplete_phrase
crows,red,-11.9375,1,single_token,not_valid_noun
crows,=,-11.9375,1,single_token,not_valid_noun
crows,can,-11.9375,1,single_token,incomplete_phrase
crows,par,-11.9375,1,single_token,incomplete_phrase
crows,funny,-11.9375,1,single_token,incomplete_phrase
crows,- bird,-11.953125,2,2token,not_valid_noun
crows,o bird,-11.953125,2,2token,not_valid_noun
crows,.... Fill,-11.96875,2,2token,not_valid_noun
crows,_ animal,-11.96875,2,2token,not_valid_noun
crows,_________ birds,-11.96875,2,2token,not_valid_noun
crows,________ (,-11.96875,2,2token,not_valid_noun
crows,_ _.,-11.96875,2,2token,not_valid_noun
crows,… a,-11.96875,2,2token,not_valid_noun
crows,birds :,-11.984375,2,2token,not_valid_noun
crows,fly Complete,-11.984375,2,2token,not_valid_noun
crows,BIRD Complete,-11.984375,2,2token,not_valid_noun
crows,birds What,-11.984375,2,2token,incomplete_phrase
crows,birds a,-11.984375,2,2token,not_valid_noun
crows,,-12.0,1,single_token,not_valid_noun
crows,... Find,-12.0,2,2token,not_valid_noun
crows,a kind,-12.0,2,2token,not_valid_noun
crows,$,-12.0,1,single_token,not_valid_noun
crows,-------,-12.0,1,single_token,not_valid_noun
crows,fish Complete,-12.0,2,2token,not_valid_noun
crows,being,-12.0,1,single_token,not_valid_noun
crows,_____ ______,-12.0,2,2token,not_valid_noun
crows,. I,-12.0,2,2token,not_valid_noun
crows,............ Complete,-12.0234375,2,2token,not_valid_noun
crows,___ Fill,-12.03125,2,2token,not_valid_noun
crows,____ (,-12.03125,2,2token,not_valid_noun
crows,____ bird,-12.03125,2,2token,not_valid_noun
crows,Birds Complete,-12.03125,2,2token,not_valid_noun
crows,?. Complete,-12.03515625,2,2token,not_valid_noun
crows,A bird,-12.046875,2,2token,not_valid_noun
crows,P,-12.0625,1,single_token,not_valid_noun
crows,famous,-12.0625,1,single_token,not_valid_noun
crows,black and,-12.0625,2,2token,not_valid_noun
crows,some,-12.0625,1,single_token,incomplete_phrase
crows,[].,-12.0625,1,single_token,not_valid_noun
crows,__________ bird,-12.09375,2,2token,not_valid_noun
crows,..... .,-12.09375,2,2token,not_valid_noun
crows,......... .,-12.09375,2,2token,not_valid_noun
crows,… crows,-12.09375,2,2token,not_valid_noun
crows,… birds,-12.09375,2,2token,not_valid_noun
crows,… (,-12.09375,2,2token,not_valid_noun
crows,.... (,-12.09375,2,2token,not_valid_noun
crows,_ (,-12.09375,2,2token,not_valid_noun
crows,_______ birds,-12.09375,2,2token,not_valid_noun
crows,_______ _______,-12.09375,2,2token,not_valid_noun
crows,birds but,-12.109375,2,2token,incomplete_phrase
crows,birds,-12.109375,2,2token,not_valid_noun
crows,birds Read,-12.109375,2,2token,not_valid_noun
crows,birds .....,-12.109375,2,2token,not_valid_noun
crows,birds ________,-12.109375,2,2token,not_valid_noun
crows,birds ______,-12.109375,2,2token,not_valid_noun
crows,_____ ...,-12.125,2,2token,not_valid_noun
crows,... I,-12.125,2,2token,not_valid_noun
crows,who,-12.125,1,single_token,not_valid_noun
crows,se,-12.125,1,single_token,not_valid_noun
crows,... Select,-12.125,2,2token,not_valid_noun
crows,a crow,-12.125,2,2token,not_valid_noun
crows,... are,-12.125,2,2token,not_valid_noun
crows,war,-12.125,1,single_token,incomplete_phrase
crows,big black,-12.125,2,2token,incomplete_phrase
crows,___ ____,-12.15625,2,2token,not_valid_noun
crows,poultry Complete,-12.15625,2,2token,not_valid_noun
crows,species of,-12.15625,2,2token,not_valid_noun
crows,in the,-12.16796875,2,2token,not_valid_noun
crows,animal _______,-12.171875,2,2token,not_valid_noun
crows,A Complete,-12.171875,2,2token,not_valid_noun
crows,animal with,-12.171875,2,2token,incomplete_phrase
crows,you,-12.1875,1,single_token,not_valid_noun
crows,non,-12.1875,1,single_token,not_valid_noun
crows,native,-12.1875,1,single_token,incomplete_phrase
crows,____________ Complete,-12.1875,2,2token,not_valid_noun
crows,fowl .,-12.1875,2,2token,not_valid_noun
crows,(),-12.1875,1,single_token,not_valid_noun
crows,ce,-12.1875,1,single_token,not_valid_noun
crows,passer,-12.1875,1,single_token,incomplete_phrase
crows,loud,-12.1875,1,single_token,not_valid_noun
crows,- -,-12.203125,2,2token,not_valid_noun
crows,............... Complete,-12.2109375,2,2token,not_valid_noun
crows,… Fill,-12.21875,2,2token,not_valid_noun
crows,… .,-12.21875,2,2token,not_valid_noun
crows,________ bird,-12.21875,2,2token,not_valid_noun
crows,.... a,-12.21875,2,2token,not_valid_noun
crows,.....,-12.21875,2,2token,not_valid_noun
crows,__________ Fill,-12.21875,2,2token,not_valid_noun
crows,birds [,-12.234375,2,2token,not_valid_noun
crows,birds,-12.234375,2,2token,not_valid_noun
crows,birds _____,-12.234375,2,2token,not_valid_noun
crows,birds ____,-12.234375,2,2token,not_valid_noun
crows,,-12.25,1,single_token,not_valid_noun
crows,ornith,-12.25,1,single_token,incomplete_phrase
crows,creatures,-12.25,1,single_token,not_valid_noun
crows,sh,-12.25,1,single_token,not_valid_noun
crows,. This,-12.25,2,2token,not_valid_noun
crows,. Answer,-12.25,2,2token,not_valid_noun
crows,... You,-12.25,2,2token,not_valid_noun
crows,........ .,-12.25,2,2token,not_valid_noun
crows,... and,-12.25,2,2token,not_valid_noun
crows,... ?,-12.25,2,2token,not_valid_noun
crows,... See,-12.25,2,2token,not_valid_noun
crows,... Which,-12.25,2,2token,not_valid_noun
crows,... COMPLETE,-12.25,2,2token,not_valid_noun
crows,and Complete,-12.265625,2,2token,not_valid_noun
crows,___ animal,-12.28125,2,2token,not_valid_noun
crows,< >,-12.28125,2,2token,not_valid_noun
crows,____ birds,-12.28125,2,2token,not_valid_noun
crows,............. Complete,-12.296875,2,2token,not_valid_noun
crows,animal COMPLETE,-12.296875,2,2token,not_valid_noun
crows,animal -,-12.296875,2,2token,not_valid_noun
crows,animal ________,-12.296875,2,2token,not_valid_noun
crows,______ animal,-12.3125,2,2token,not_valid_noun
crows,______ ____,-12.3125,2,2token,not_valid_noun
crows,-----------,-12.3125,1,single_token,not_valid_noun
crows,???,-12.3125,1,single_token,not_valid_noun
crows,: a,-12.328125,2,2token,not_valid_noun
crows,:,-12.328125,2,2token,not_valid_noun
crows,_ Fill,-12.34375,2,2token,not_valid_noun
crows,_________ animal,-12.34375,2,2token,not_valid_noun
crows,__________ birds,-12.34375,2,2token,not_valid_noun
crows,avian Complete,-12.34375,2,2token,not_valid_noun
crows,… Fruit,-12.34375,2,2token,not_valid_noun
crows,… ...,-12.34375,2,2token,not_valid_noun
crows,..... birds,-12.34375,2,2token,not_valid_noun
crows,birds ..,-12.359375,2,2token,not_valid_noun
crows,birds by,-12.359375,2,2token,not_valid_noun
crows,birds to,-12.359375,2,2token,not_valid_noun
crows,... the,-12.375,2,2token,not_valid_noun
crows,;,-12.375,1,single_token,not_valid_noun
crows,on,-12.375,1,single_token,not_valid_noun
crows,... How,-12.375,2,2token,not_valid_noun
crows,... We,-12.375,2,2token,not_valid_noun
crows,a .,-12.375,2,2token,not_valid_noun
crows,a ______,-12.375,2,2token,not_valid_noun
crows,a,-12.375,2,2token,not_valid_noun
crows,/ type,-12.375,2,2token,not_valid_noun
crows,... more,-12.375,2,2token,not_valid_noun
crows,... Fruit,-12.375,2,2token,not_valid_noun
crows,. How,-12.375,2,2token,not_valid_noun
crows,. Find,-12.375,2,2token,not_valid_noun
crows,. Birds,-12.375,2,2token,not_valid_noun
crows,"""",-12.375,1,single_token,not_valid_noun
crows,??,-12.375,1,single_token,not_valid_noun
crows,to,-12.375,1,single_token,not_valid_noun
crows,_____ _______,-12.375,2,2token,not_valid_noun
crows,... Birds,-12.375,2,2token,not_valid_noun
crows,live,-12.375,1,single_token,not_valid_noun
crows,.............. Complete,-12.390625,2,2token,not_valid_noun
crows,and a,-12.390625,2,2token,not_valid_noun
crows,___ ___,-12.40625,2,2token,not_valid_noun
crows,animal ____,-12.421875,2,2token,not_valid_noun
crows,the crow,-12.421875,2,2token,not_valid_noun
crows,e bird,-12.421875,2,2token,not_valid_noun
crows,______ ________,-12.4375,2,2token,not_valid_noun
crows,(...),-12.4375,1,single_token,not_valid_noun
crows,fowl (,-12.4375,2,2token,not_valid_noun
crows,,-12.4375,1,single_token,not_valid_noun
crows,.. .,-12.4375,2,2token,not_valid_noun
crows,..,-12.4375,2,2token,not_valid_noun
crows,(?),-12.4375,1,single_token,not_valid_noun
crows,they,-12.4375,1,single_token,not_valid_noun
crows,little,-12.4375,1,single_token,incomplete_phrase
crows,,-12.4375,1,single_token,not_valid_noun
crows,example,-12.4375,1,single_token,not_valid_noun
crows,: .,-12.453125,2,2token,not_valid_noun
crows,class of,-12.46875,2,2token,not_valid_noun
crows,________ birds,-12.46875,2,2token,not_valid_noun
crows,.... bird,-12.46875,2,2token,not_valid_noun
crows,.... What,-12.46875,2,2token,not_valid_noun
crows,… In,-12.46875,2,2token,not_valid_noun
crows,yellow,-12.5,1,single_token,incomplete_phrase
crows,_____ animals,-12.5,2,2token,not_valid_noun
crows,?,-12.5,2,2token,not_valid_noun
crows,,-12.5,1,single_token,not_valid_noun
crows,,-12.5,1,single_token,not_valid_noun
crows,sp,-12.5,1,single_token,not_valid_noun
crows,----------,-12.5,1,single_token,not_valid_noun
crows,... animal,-12.5,2,2token,not_valid_noun
crows,. Correct,-12.5,2,2token,not_valid_noun
crows,????,-12.5,1,single_token,not_valid_noun
crows,cro,-12.5,1,single_token,incomplete_phrase
crows,■,-12.5,1,single_token,not_valid_noun
crows,. There,-12.5,2,2token,not_valid_noun
crows,. Select,-12.5,2,2token,not_valid_noun
crows,. We,-12.5,2,2token,not_valid_noun
crows,large black,-12.5,2,2token,incomplete_phrase
crows,... View,-12.5,2,2token,not_valid_noun
crows,"... ,",-12.5,2,2token,not_valid_noun
crows,... An,-12.5,2,2token,not_valid_noun
crows,... [,-12.5,2,2token,not_valid_noun
crows,... Use,-12.5,2,2token,not_valid_noun
crows,... animals,-12.5,2,2token,not_valid_noun
crows,,-12.5,1,single_token,not_valid_noun
crows,......,-12.515625,2,2token,not_valid_noun
crows,...... .,-12.515625,2,2token,not_valid_noun
crows,animals,-12.53125,2,2token,not_valid_noun
crows,___ animals,-12.53125,2,2token,not_valid_noun
crows,…. A,-12.53125,2,2token,not_valid_noun
crows,….,-12.53125,2,2token,not_valid_noun
crows,____ Fill,-12.53125,2,2token,not_valid_noun
crows,.......... Complete,-12.5390625,2,2token,not_valid_noun
crows,are a,-12.546875,2,2token,not_valid_noun
crows,animal ______,-12.546875,2,2token,not_valid_noun
crows,,-12.5625,1,single_token,not_valid_noun
crows,______ _____,-12.5625,2,2token,not_valid_noun
crows,j,-12.5625,1,single_token,not_valid_noun
crows,different,-12.5625,1,single_token,not_valid_noun
crows,,-12.5625,1,single_token,not_valid_noun
crows,smart,-12.5625,1,single_token,incomplete_phrase
crows,___________ (,-12.5625,2,2token,not_valid_noun
crows,____________ (,-12.5625,2,2token,not_valid_noun
crows,i,-12.5625,1,single_token,not_valid_noun
crows,- birds,-12.578125,2,2token,not_valid_noun
crows,_________ ________,-12.59375,2,2token,not_valid_noun
crows,… Answer,-12.59375,2,2token,not_valid_noun
crows,… Crows,-12.59375,2,2token,not_valid_noun
crows,..... bird,-12.59375,2,2token,not_valid_noun
crows,_______ Fill,-12.59375,2,2token,not_valid_noun
crows,_________ ...,-12.59375,2,2token,not_valid_noun
crows,"birds ,",-12.609375,2,2token,not_valid_noun
crows,birds Correct,-12.609375,2,2token,not_valid_noun
crows,birds is,-12.609375,2,2token,not_valid_noun
crows,...,-12.625,2,2token,not_valid_noun
crows,_____ A,-12.625,2,2token,not_valid_noun
crows,a ________,-12.625,2,2token,not_valid_noun
crows,,-12.625,1,single_token,not_valid_noun
crows,very,-12.625,1,single_token,not_valid_noun
crows,me,-12.625,1,single_token,not_valid_noun
crows,chickens,-12.625,1,single_token,not_valid_noun
crows,tame,-12.625,1,single_token,not_valid_noun
crows,parrots,-12.625,1,single_token,not_valid_noun
crows,. If,-12.625,2,2token,not_valid_noun
crows,/ are,-12.625,2,2token,not_valid_noun
crows,. Explain,-12.625,2,2token,not_valid_noun
crows,. Give,-12.625,2,2token,not_valid_noun
crows,why,-12.625,1,single_token,not_valid_noun
crows,night,-12.625,1,single_token,incomplete_phrase
crows,as,-12.625,1,single_token,not_valid_noun
crows,_____ of,-12.625,2,2token,not_valid_noun
crows,____ _.,-12.65625,2,2token,not_valid_noun
crows,( animal,-12.65625,2,2token,not_valid_noun
crows,…. Fill,-12.65625,2,2token,not_valid_noun
crows,D,-12.6875,1,single_token,not_valid_noun
crows,Animals,-12.6875,1,single_token,not_valid_noun
crows,r,-12.6875,1,single_token,not_valid_noun
crows,not,-12.6875,1,single_token,not_valid_noun
crows,we,-12.6875,1,single_token,not_valid_noun
crows,so,-12.6875,1,single_token,not_valid_noun
crows,con,-12.6875,1,single_token,incomplete_phrase
crows,great,-12.6875,1,single_token,incomplete_phrase
crows,,-12.6875,1,single_token,not_valid_noun
crows,,-12.6875,1,single_token,not_valid_noun
crows,,-12.6875,1,single_token,not_valid_noun
crows,beast Complete,-12.6875,2,2token,not_valid_noun
crows,no,-12.6875,1,single_token,not_valid_noun
crows,like,-12.6875,1,single_token,incomplete_phrase
crows,real,-12.6875,1,single_token,incomplete_phrase
crows,(-,-12.6875,1,single_token,not_valid_noun
crows,,-12.6875,1,single_token,not_valid_noun
crows,clever,-12.6875,1,single_token,not_valid_noun
crows,trees,-12.6875,1,single_token,not_valid_noun
crows,mag,-12.6875,1,single_token,incomplete_phrase
crows,fi,-12.6875,1,single_token,not_valid_noun
crows,,-12.6875,1,single_token,not_valid_noun
crows,•,-12.6875,1,single_token,not_valid_noun
crows,-----,-12.6875,1,single_token,not_valid_noun
crows,,-12.6875,1,single_token,not_valid_noun
crows,______ animals,-12.6875,2,2token,not_valid_noun
crows,__ bird,-12.6875,2,2token,not_valid_noun
crows,noisy,-12.6875,1,single_token,not_valid_noun
crows,exotic,-12.6875,1,single_token,not_valid_noun
crows,dark,-12.6875,1,single_token,incomplete_phrase
crows,them,-12.6875,1,single_token,not_valid_noun
crows,dangerous,-12.6875,1,single_token,not_valid_noun
crows,plural,-12.6875,1,single_token,incomplete_phrase
crows,gra,-12.6875,1,single_token,incomplete_phrase
crows,-,-12.703125,2,2token,not_valid_noun
crows,…… Fill,-12.71875,2,2token,not_valid_noun
crows,insect Complete,-12.71875,2,2token,not_valid_noun
crows,", ,",-12.71875,2,2token,not_valid_noun
crows,.........,-12.71875,2,2token,not_valid_noun
crows,.... The,-12.71875,2,2token,not_valid_noun
crows,.... Read,-12.71875,2,2token,not_valid_noun
crows,_________ of,-12.71875,2,2token,not_valid_noun
crows,", .",-12.71875,2,2token,not_valid_noun
crows,… bird,-12.71875,2,2token,not_valid_noun
crows,… Birds,-12.71875,2,2token,not_valid_noun
crows,… I,-12.71875,2,2token,not_valid_noun
crows,_________ animals,-12.71875,2,2token,not_valid_noun
crows,birds from,-12.734375,2,2token,incomplete_phrase
crows,birds …,-12.734375,2,2token,not_valid_noun
crows,birds Download,-12.734375,2,2token,not_valid_noun
crows,birds the,-12.734375,2,2token,not_valid_noun
crows,. Identify,-12.75,2,2token,not_valid_noun
crows,. ________,-12.75,2,2token,not_valid_noun
crows,t,-12.75,1,single_token,not_valid_noun
crows,Bird complete,-12.75,2,2token,not_valid_noun
crows,. Do,-12.75,2,2token,not_valid_noun
crows,household,-12.75,1,single_token,incomplete_phrase
crows,English,-12.75,1,single_token,incomplete_phrase
crows,. They,-12.75,2,2token,not_valid_noun
crows,. You,-12.75,2,2token,not_valid_noun
crows,. An,-12.75,2,2token,not_valid_noun
crows,.,-12.75,2,2token,not_valid_noun
crows,,-12.75,1,single_token,not_valid_noun
crows,_____ a,-12.75,2,2token,not_valid_noun
crows,fish .,-12.75,2,2token,not_valid_noun
crows,_____ and,-12.75,2,2token,not_valid_noun
crows,a (,-12.75,2,2token,not_valid_noun
crows,a ____,-12.75,2,2token,not_valid_noun
crows,he,-12.75,1,single_token,not_valid_noun
crows,h,-12.75,1,single_token,not_valid_noun
crows,*.,-12.75,1,single_token,not_valid_noun
crows,_____ ________,-12.75,2,2token,not_valid_noun
crows,"..., Complete",-12.75,2,2token,not_valid_noun
crows,...... bird,-12.765625,2,2token,not_valid_noun
crows,___ ...,-12.78125,2,2token,not_valid_noun
crows,____,-12.78125,2,2token,not_valid_noun
crows,animal /,-12.796875,2,2token,not_valid_noun
crows,animal :,-12.796875,2,2token,not_valid_noun
crows,animal which,-12.796875,2,2token,incomplete_phrase
crows,wea,-12.8125,1,single_token,incomplete_phrase
crows,those,-12.8125,1,single_token,not_valid_noun
crows,intelligent,-12.8125,1,single_token,not_valid_noun
crows,which animal,-12.8125,2,2token,not_valid_noun
crows,which bird,-12.8125,2,2token,not_valid_noun
crows,______ of,-12.8125,2,2token,not_valid_noun
crows,..... Fill,-12.84375,2,2token,not_valid_noun
crows,..... (,-12.84375,2,2token,not_valid_noun
crows,… This,-12.84375,2,2token,not_valid_noun
crows,__________ animal,-12.84375,2,2token,not_valid_noun
crows,_________ _________,-12.84375,2,2token,not_valid_noun
crows,.... crows,-12.84375,2,2token,not_valid_noun
crows,…… .,-12.84375,2,2token,not_valid_noun
crows,……,-12.84375,2,2token,not_valid_noun
crows,birds Example,-12.859375,2,2token,not_valid_noun
crows,birds _,-12.859375,2,2token,not_valid_noun
crows,...... birds,-12.875,2,2token,not_valid_noun
crows,? bird,-12.875,2,2token,not_valid_noun
crows,. Match,-12.875,2,2token,not_valid_noun
crows,pokemon,-12.875,1,single_token,not_valid_noun
crows,cr,-12.875,1,single_token,not_valid_noun
crows,a ...,-12.875,2,2token,not_valid_noun
crows,a black,-12.875,2,2token,not_valid_noun
crows,ow,-12.875,1,single_token,not_valid_noun
crows,gre,-12.875,1,single_token,not_valid_noun
crows,Fe,-12.875,1,single_token,not_valid_noun
crows,—,-12.875,1,single_token,not_valid_noun
crows,.......,-12.875,2,2token,not_valid_noun
crows,....... .,-12.875,2,2token,not_valid_noun
crows,_____ ....,-12.875,2,2token,not_valid_noun
crows,_____ The,-12.875,2,2token,not_valid_noun
crows,,-12.875,1,single_token,not_valid_noun
crows,m,-12.875,1,single_token,not_valid_noun
crows,/ of,-12.875,2,2token,not_valid_noun
crows,_____ What,-12.875,2,2token,not_valid_noun
crows,. Add,-12.875,2,2token,not_valid_noun
crows,is a,-12.890625,2,2token,not_valid_noun
crows,What are,-12.8984375,2,2token,not_valid_noun
crows,crow .,-12.90625,2,2token,not_valid_noun
crows,animals (,-12.90625,2,2token,not_valid_noun
crows,…. The,-12.90625,2,2token,not_valid_noun
crows,crow (,-12.90625,2,2token,not_valid_noun
crows,…. birds,-12.90625,2,2token,not_valid_noun
crows,___ _,-12.90625,2,2token,not_valid_noun
crows,___ _.,-12.90625,2,2token,not_valid_noun
crows,song .,-12.90625,2,2token,not_valid_noun
crows,mammal (,-12.90625,2,2token,not_valid_noun
crows,animal _____,-12.921875,2,2token,not_valid_noun
crows,animal .....,-12.921875,2,2token,not_valid_noun
crows,........... .,-12.921875,2,2token,not_valid_noun
crows,or bird,-12.9296875,2,2token,not_valid_noun
crows,crit,-12.9375,1,single_token,not_valid_noun
crows,--------,-12.9375,1,single_token,not_valid_noun
crows,_. Fill,-12.9375,2,2token,not_valid_noun
crows,xxx,-12.9375,1,single_token,not_valid_noun
crows,______ ...,-12.9375,2,2token,not_valid_noun
crows,______ A,-12.9375,2,2token,not_valid_noun
crows,l,-12.9375,1,single_token,not_valid_noun
crows,|,-12.9375,1,single_token,not_valid_noun
crows,colorful,-12.9375,1,single_token,not_valid_noun
crows,"_,",-12.9375,1,single_token,not_valid_noun
crows,--,-12.9375,1,single_token,not_valid_noun
crows,ca,-12.9375,1,single_token,not_valid_noun
crows,because,-12.9375,1,single_token,not_valid_noun
crows,: complete,-12.9375,2,2token,not_valid_noun
crows,: animal,-12.9375,2,2token,not_valid_noun
crows,.. bird,-12.9375,2,2token,not_valid_noun
crows,.. birds,-12.9375,2,2token,not_valid_noun
crows,- (,-12.953125,2,2token,not_valid_noun
crows,… Find,-12.96875,2,2token,not_valid_noun
crows,… More,-12.96875,2,2token,not_valid_noun
crows,_________ _______,-12.96875,2,2token,not_valid_noun
crows,wildlife Complete,-12.96875,2,2token,not_valid_noun
crows,… There,-12.96875,2,2token,not_valid_noun
crows,..... A,-12.96875,2,2token,not_valid_noun
crows,_______ ______,-12.96875,2,2token,not_valid_noun
crows,_______ ________,-12.96875,2,2token,not_valid_noun
crows,", bird",-12.96875,2,2token,not_valid_noun
crows,", but",-12.96875,2,2token,not_valid_noun
crows,owl Complete,-12.96875,2,2token,not_valid_noun
crows,________,-12.96875,2,2token,not_valid_noun
crows,chicken .,-12.96875,2,2token,not_valid_noun
crows,pigeon Complete,-12.96875,2,2token,not_valid_noun
crows,natural,-13.0,1,single_token,incomplete_phrase
crows,for,-13.0,1,single_token,not_valid_noun
crows,do,-13.0,1,single_token,not_valid_noun
crows,. These,-13.0,2,2token,not_valid_noun
crows,mac,-13.0,1,single_token,incomplete_phrase
crows,Bird (,-13.0,2,2token,not_valid_noun
crows,ba,-13.0,1,single_token,not_valid_noun
crows,http,-13.0,1,single_token,not_valid_noun
crows,a fowl,-13.0,2,2token,not_valid_noun
crows,a type,-13.0,2,2token,not_valid_noun
crows,a _______,-13.0,2,2token,not_valid_noun
crows,. the,-13.0,2,2token,not_valid_noun
crows,. is,-13.0,2,2token,not_valid_noun
crows,. -,-13.0,2,2token,not_valid_noun
crows,. It,-13.0,2,2token,not_valid_noun
crows,------------,-13.0,1,single_token,not_valid_noun
crows,--------------,-13.0,1,single_token,not_valid_noun
crows,---------,-13.0,1,single_token,not_valid_noun
crows,? birds,-13.0,2,2token,not_valid_noun
crows,kind Complete,-13.0,2,2token,not_valid_noun
crows,[...],-13.0,1,single_token,not_valid_noun
crows,jungle,-13.0,1,single_token,incomplete_phrase
crows,_____ in,-13.0,2,2token,not_valid_noun
crows,what kind,-13.03125,2,2token,not_valid_noun
crows,…. What,-13.03125,2,2token,not_valid_noun
crows,animal Answer,-13.046875,2,2token,not_valid_noun
crows,pest Complete,-13.046875,2,2token,not_valid_noun
crows,[ ].,-13.046875,2,2token,not_valid_noun
crows,animal of,-13.046875,2,2token,not_valid_noun
crows,pet Complete,-13.0625,2,2token,not_valid_noun
crows,bir ...,-13.0625,2,2token,not_valid_noun
crows,Avi,-13.0625,1,single_token,not_valid_noun
crows,Ani,-13.0625,1,single_token,incomplete_phrase
crows,colourful,-13.0625,1,single_token,not_valid_noun
crows,ea,-13.0625,1,single_token,not_valid_noun
crows,(...,-13.0625,1,single_token,not_valid_noun
crows,: (,-13.0625,2,2token,not_valid_noun
crows,____________,-13.0625,2,2token,not_valid_noun
crows,___________,-13.0625,2,2token,not_valid_noun
crows,______ a,-13.0625,2,2token,not_valid_noun
crows,B,-13.0625,1,single_token,not_valid_noun
crows,words,-13.0625,1,single_token,not_valid_noun
crows,They,-13.0625,1,single_token,not_valid_noun
crows,_________ and,-13.09375,2,2token,not_valid_noun
crows,… You,-13.09375,2,2token,not_valid_noun
crows,… Write,-13.09375,2,2token,not_valid_noun
crows,… Which,-13.09375,2,2token,not_valid_noun
crows,_______ animal,-13.09375,2,2token,not_valid_noun
crows,… We,-13.09375,2,2token,not_valid_noun
crows,… How,-13.09375,2,2token,not_valid_noun
crows,", and",-13.09375,2,2token,not_valid_noun
crows,… They,-13.09375,2,2token,not_valid_noun
crows,", a",-13.09375,2,2token,not_valid_noun
crows,", birds",-13.09375,2,2token,not_valid_noun
crows,… -,-13.09375,2,2token,not_valid_noun
crows,BIRD .,-13.09375,2,2token,not_valid_noun
crows,c .,-13.09375,2,2token,not_valid_noun
crows,..... crows,-13.09375,2,2token,not_valid_noun
crows,..... a,-13.09375,2,2token,not_valid_noun
crows,.... ?,-13.09375,2,2token,not_valid_noun
crows,.... Write,-13.09375,2,2token,not_valid_noun
crows,_________ A,-13.09375,2,2token,not_valid_noun
crows,of animals,-13.109375,2,2token,not_valid_noun
crows,mam,-13.125,1,single_token,incomplete_phrase
crows,/ bird,-13.125,2,2token,not_valid_noun
crows,cold,-13.125,1,single_token,incomplete_phrase
crows,These,-13.125,1,single_token,not_valid_noun
crows,_____ or,-13.125,2,2token,not_valid_noun
crows,,-13.125,1,single_token,not_valid_noun
crows,,-13.125,1,single_token,not_valid_noun
crows,giant,-13.125,1,single_token,incomplete_phrase
crows,at,-13.125,1,single_token,not_valid_noun
crows,...... (,-13.125,2,2token,not_valid_noun
crows,........,-13.125,2,2token,not_valid_noun
crows,with,-13.125,1,single_token,not_valid_noun
crows,social,-13.125,1,single_token,incomplete_phrase
crows,(,-13.15625,2,2token,not_valid_noun
crows,mammals Complete,-13.15625,2,2token,not_valid_noun
crows,___ a,-13.15625,2,2token,not_valid_noun
crows,poultry .,-13.15625,2,2token,not_valid_noun
crows,___ and,-13.15625,2,2token,not_valid_noun
crows,my bird,-13.15625,2,2token,not_valid_noun
crows,animal a,-13.171875,2,2token,not_valid_noun
crows,animal from,-13.171875,2,2token,incomplete_phrase
crows,animal Read,-13.171875,2,2token,not_valid_noun
crows,animal _,-13.171875,2,2token,not_valid_noun
crows,animal A,-13.171875,2,2token,not_valid_noun
crows,or a,-13.171875,2,2token,not_valid_noun
crows,____________ Fill,-13.1875,2,2token,not_valid_noun
crows,\(,-13.1875,1,single_token,not_valid_noun
crows,______ in,-13.1875,2,2token,not_valid_noun
crows,pes,-13.1875,1,single_token,incomplete_phrase
crows,AV,-13.1875,1,single_token,not_valid_noun
crows,______ and,-13.1875,2,2token,not_valid_noun
crows,ugly,-13.1875,1,single_token,not_valid_noun
crows,pe,-13.1875,1,single_token,not_valid_noun
crows,wings,-13.1875,1,single_token,not_valid_noun
crows,g,-13.1875,1,single_token,not_valid_noun
crows,.-,-13.1875,1,single_token,not_valid_noun
crows,·,-13.1875,1,single_token,not_valid_noun
crows,R,-13.1875,1,single_token,not_valid_noun
crows,migratory,-13.1875,1,single_token,not_valid_noun
crows,vogel,-13.1875,1,single_token,not_valid_noun
crows,............... .,-13.203125,2,2token,not_valid_noun
crows,_________ a,-13.21875,2,2token,not_valid_noun
crows,_ animals,-13.21875,2,2token,not_valid_noun
crows,.... fruit,-13.21875,2,2token,not_valid_noun
crows,_________ The,-13.21875,2,2token,not_valid_noun
crows,.... animals,-13.21875,2,2token,not_valid_noun
crows,.... ...,-13.21875,2,2token,not_valid_noun
crows,________ ________,-13.21875,2,2token,not_valid_noun
crows,__________ of,-13.21875,2,2token,not_valid_noun
crows,tree Complete,-13.21875,2,2token,not_valid_noun
crows,fly .,-13.21875,2,2token,not_valid_noun
crows,......... bird,-13.21875,2,2token,not_valid_noun
crows,......... birds,-13.21875,2,2token,not_valid_noun
crows,of .,-13.234375,2,2token,not_valid_noun
crows,ps,-13.25,1,single_token,not_valid_noun
crows,Ost,-13.25,1,single_token,not_valid_noun
crows,a fish,-13.25,2,2token,not_valid_noun
crows,a wild,-13.25,2,2token,not_valid_noun
crows,a pet,-13.25,2,2token,not_valid_noun
crows,https,-13.25,1,single_token,not_valid_noun
crows,:(,-13.25,1,single_token,not_valid_noun
crows,"..., but",-13.25,2,2token,not_valid_noun
crows,a big,-13.25,2,2token,not_valid_noun
crows,a parrot,-13.25,2,2token,not_valid_noun
crows,? Fill,-13.25,2,2token,not_valid_noun
crows,inse,-13.25,1,single_token,not_valid_noun
crows,mars,-13.25,1,single_token,incomplete_phrase
crows,members,-13.25,1,single_token,not_valid_noun
crows,all,-13.25,1,single_token,not_valid_noun
crows,but,-13.25,1,single_token,not_valid_noun
crows,_____ _,-13.25,2,2token,not_valid_noun
crows,_____ complete,-13.25,2,2token,not_valid_noun
crows,two,-13.25,1,single_token,incomplete_phrase
crows,Avian,-13.25,1,single_token,not_valid_noun
crows,............ .,-13.265625,2,2token,not_valid_noun
crows,…. a,-13.28125,2,2token,not_valid_noun
crows,c bird,-13.28125,2,2token,not_valid_noun
crows,…. (,-13.28125,2,2token,not_valid_noun
crows,___ _____,-13.28125,2,2token,not_valid_noun
crows,Birds .,-13.28125,2,2token,not_valid_noun
crows,Animal Complete,-13.28125,2,2token,not_valid_noun
crows,feather .,-13.28125,2,2token,not_valid_noun
crows,what animal,-13.28125,2,2token,not_valid_noun
crows,What kind,-13.28125,2,2token,not_valid_noun
crows,car .,-13.28125,2,2token,not_valid_noun
crows,animal ..,-13.296875,2,2token,not_valid_noun
crows,animal but,-13.296875,2,2token,incomplete_phrase
crows,animal What,-13.296875,2,2token,incomplete_phrase
crows,animal to,-13.296875,2,2token,not_valid_noun
crows,animal The,-13.296875,2,2token,incomplete_phrase
crows,A kind,-13.296875,2,2token,not_valid_noun
crows,names,-13.3125,1,single_token,not_valid_noun
crows,/.,-13.3125,1,single_token,not_valid_noun
crows,chir,-13.3125,1,single_token,not_valid_noun
crows,rare,-13.3125,1,single_token,not_valid_noun
crows,round,-13.3125,1,single_token,incomplete_phrase
crows,_. A,-13.3125,2,2token,not_valid_noun
crows,.. Read,-13.3125,2,2token,not_valid_noun
crows,al,-13.3125,1,single_token,not_valid_noun
crows,_.,-13.3125,2,2token,not_valid_noun
crows,_. What,-13.3125,2,2token,not_valid_noun
crows,it,-13.3125,1,single_token,not_valid_noun
crows,Ps,-13.3125,1,single_token,not_valid_noun
crows,which kind,-13.3125,2,2token,not_valid_noun
crows,______ complete,-13.3125,2,2token,not_valid_noun
crows,eagle Complete,-13.3125,2,2token,not_valid_noun
crows,______ ....,-13.3125,2,2token,not_valid_noun
crows,.. A,-13.3125,2,2token,not_valid_noun
crows,known,-13.3125,1,single_token,not_valid_noun
crows,means,-13.3125,1,single_token,not_valid_noun
crows,.. Fill,-13.3125,2,2token,not_valid_noun
crows,: Fill,-13.3125,2,2token,not_valid_noun
crows,that live,-13.328125,2,2token,not_valid_noun
crows,_________,-13.34375,2,2token,not_valid_noun
crows,… If,-13.34375,2,2token,not_valid_noun
crows,… Show,-13.34375,2,2token,not_valid_noun
crows,.... complete,-13.34375,2,2token,not_valid_noun
crows,_______ animals,-13.34375,2,2token,not_valid_noun
crows,…… (,-13.34375,2,2token,not_valid_noun
crows,… …,-13.34375,2,2token,not_valid_noun
crows,_________ ______,-13.34375,2,2token,not_valid_noun
crows,__________ animals,-13.34375,2,2token,not_valid_noun
crows,_________,-13.34375,2,2token,not_valid_noun
crows,old,-13.375,1,single_token,incomplete_phrase
crows,/ an,-13.375,2,2token,not_valid_noun
crows,/ kinds,-13.375,2,2token,not_valid_noun
crows,/ species,-13.375,2,2token,not_valid_noun
crows,....... birds,-13.375,2,2token,not_valid_noun
crows,...... Fill,-13.375,2,2token,not_valid_noun
crows,k,-13.375,1,single_token,not_valid_noun
crows,? ?,-13.375,2,2token,not_valid_noun
crows,ma,-13.375,1,single_token,not_valid_noun
crows,by,-13.375,1,single_token,not_valid_noun
crows,E,-13.375,1,single_token,not_valid_noun
crows,pi,-13.375,1,single_token,not_valid_noun
crows,games,-13.375,1,single_token,not_valid_noun
crows,having,-13.375,1,single_token,not_valid_noun
crows,a _____,-13.375,2,2token,not_valid_noun
crows,a chicken,-13.375,2,2token,not_valid_noun
crows,game Complete,-13.375,2,2token,not_valid_noun
crows,predatory,-13.375,1,single_token,not_valid_noun
crows,V,-13.375,1,single_token,not_valid_noun
crows,ar,-13.375,1,single_token,not_valid_noun
crows,Wild,-13.375,1,single_token,incomplete_phrase
crows,anim,-13.375,1,single_token,not_valid_noun
crows,and birds,-13.390625,2,2token,not_valid_noun
crows,___ A,-13.40625,2,2token,not_valid_noun
crows,what ?,-13.40625,2,2token,not_valid_noun
crows,X Complete,-13.40625,2,2token,not_valid_noun
crows,…. crows,-13.40625,2,2token,not_valid_noun
crows,animals complete,-13.40625,2,2token,not_valid_noun
crows,f ______,-13.40625,2,2token,not_valid_noun
crows,___ ______,-13.40625,2,2token,not_valid_noun
crows,…. Read,-13.40625,2,2token,not_valid_noun
crows,family of,-13.421875,2,2token,not_valid_noun
crows,this kind,-13.421875,2,2token,incomplete_phrase
crows,...........,-13.421875,2,2token,not_valid_noun
crows,___________ bird,-13.4375,2,2token,not_valid_noun
crows,which is,-13.4375,2,2token,not_valid_noun
crows,______ The,-13.4375,2,2token,not_valid_noun
crows,___________ birds,-13.4375,2,2token,not_valid_noun
crows,African,-13.4375,1,single_token,incomplete_phrase
crows,"...""",-13.4375,1,single_token,not_valid_noun
crows,Many,-13.4375,1,single_token,not_valid_noun
crows,British,-13.4375,1,single_token,incomplete_phrase
crows,* bird,-13.4375,2,2token,not_valid_noun
crows,S,-13.4375,1,single_token,not_valid_noun
crows,,-13.4375,1,single_token,not_valid_noun
crows,four,-13.4375,1,single_token,incomplete_phrase
crows,where,-13.4375,1,single_token,not_valid_noun
crows,`,-13.4375,1,single_token,not_valid_noun
crows,fel,-13.4375,1,single_token,not_valid_noun
crows,pets,-13.4375,1,single_token,not_valid_noun
crows,scary,-13.4375,1,single_token,not_valid_noun
crows,.. a,-13.4375,2,2token,not_valid_noun
crows,_. The,-13.4375,2,2token,not_valid_noun
crows,__________ ...,-13.46875,2,2token,not_valid_noun
crows,- animal,-13.46875,2,2token,not_valid_noun
crows,monkey Complete,-13.46875,2,2token,not_valid_noun
crows,.... Select,-13.46875,2,2token,not_valid_noun
crows,.... I,-13.46875,2,2token,not_valid_noun
crows,c,-13.46875,2,2token,not_valid_noun
crows,- Fill,-13.46875,2,2token,not_valid_noun
crows,_______ of,-13.46875,2,2token,not_valid_noun
crows,c ...,-13.46875,2,2token,not_valid_noun
crows,_ ...,-13.46875,2,2token,not_valid_noun
crows,avian .,-13.46875,2,2token,not_valid_noun
crows,of a,-13.46875,2,2token,not_valid_noun
crows,......... (,-13.46875,2,2token,not_valid_noun
crows,__________ ________,-13.46875,2,2token,not_valid_noun
crows,The crow,-13.46875,2,2token,not_valid_noun
crows,birdie Complete,-13.484375,2,2token,not_valid_noun
crows,e birds,-13.484375,2,2token,not_valid_noun
crows,sim,-13.5,1,single_token,incomplete_phrase
crows,bip,-13.5,1,single_token,not_valid_noun
crows,fea,-13.5,1,single_token,incomplete_phrase
crows,vertebrates,-13.5,1,single_token,not_valid_noun
crows,ro,-13.5,1,single_token,not_valid_noun
crows,_____ [,-13.5,2,2token,not_valid_noun
crows,_____ _.,-13.5,2,2token,not_valid_noun
crows,y,-13.5,1,single_token,not_valid_noun
crows,In,-13.5,1,single_token,not_valid_noun
crows,American,-13.5,1,single_token,incomplete_phrase
crows,none,-13.5,1,single_token,incomplete_phrase
crows,hai,-13.5,1,single_token,not_valid_noun
crows,_____ -,-13.5,2,2token,not_valid_noun
crows,a _________,-13.5,2,2token,not_valid_noun
crows,? (,-13.5,2,2token,not_valid_noun
crows,? A,-13.5,2,2token,not_valid_noun
crows,....... bird,-13.5,2,2token,not_valid_noun
crows,...... A,-13.5,2,2token,not_valid_noun
crows,...... a,-13.5,2,2token,not_valid_noun
crows,....... Fill,-13.5,2,2token,not_valid_noun
crows,? complete,-13.5,2,2token,not_valid_noun
crows,........ (,-13.5,2,2token,not_valid_noun
crows,bir .,-13.5,2,2token,not_valid_noun
crows,name of,-13.515625,2,2token,not_valid_noun
crows,and are,-13.515625,2,2token,not_valid_noun
crows,name for,-13.515625,2,2token,incomplete_phrase
crows,feather Complete,-13.53125,2,2token,not_valid_noun
crows,…. Write,-13.53125,2,2token,not_valid_noun
crows,f _______,-13.53125,2,2token,not_valid_noun
crows,___ of,-13.53125,2,2token,not_valid_noun
crows,___ __,-13.53125,2,2token,not_valid_noun
crows,___ _______,-13.53125,2,2token,not_valid_noun
crows,___ are,-13.53125,2,2token,not_valid_noun
crows,___ complete,-13.53125,2,2token,not_valid_noun
crows,___ The,-13.53125,2,2token,not_valid_noun
crows,…. .,-13.53125,2,2token,not_valid_noun
crows,f ________,-13.53125,2,2token,not_valid_noun
crows,( ).,-13.53125,2,2token,not_valid_noun
crows,the word,-13.546875,2,2token,not_valid_noun
crows,animal …,-13.546875,2,2token,not_valid_noun
crows,animal ___________,-13.546875,2,2token,not_valid_noun
crows,animal [,-13.546875,2,2token,not_valid_noun
crows,animal is,-13.546875,2,2token,not_valid_noun
crows,the sky,-13.546875,2,2token,not_valid_noun
crows,animal ….,-13.546875,2,2token,not_valid_noun
crows,It,-13.5625,1,single_token,not_valid_noun
crows,().,-13.5625,1,single_token,not_valid_noun
crows,N,-13.5625,1,single_token,not_valid_noun
crows,!,-13.5625,1,single_token,not_valid_noun
crows,garden,-13.5625,1,single_token,incomplete_phrase
crows,interesting,-13.5625,1,single_token,not_valid_noun
crows,ve,-13.5625,1,single_token,not_valid_noun
crows,Cor,-13.5625,1,single_token,incomplete_phrase
crows,make,-13.5625,1,single_token,incomplete_phrase
crows,We,-13.5625,1,single_token,not_valid_noun
crows,each,-13.5625,1,single_token,incomplete_phrase
crows,?????,-13.5625,1,single_token,not_valid_noun
crows,domesticated,-13.5625,1,single_token,not_valid_noun
crows,****,-13.5625,1,single_token,not_valid_noun
crows,Large,-13.5625,1,single_token,incomplete_phrase
crows,ne,-13.5625,1,single_token,not_valid_noun
crows,AVI,-13.5625,1,single_token,not_valid_noun
crows,bi,-13.5625,1,single_token,not_valid_noun
crows,mo,-13.5625,1,single_token,not_valid_noun
crows,Other,-13.5625,1,single_token,not_valid_noun
crows,sings,-13.5625,1,single_token,not_valid_noun
crows,*****,-13.5625,1,single_token,not_valid_noun
crows,\[,-13.5625,1,single_token,not_valid_noun
crows,_. Write,-13.5625,2,2token,not_valid_noun
crows,,-13.5625,1,single_token,not_valid_noun
crows,stories,-13.5625,1,single_token,not_valid_noun
crows,hoo,-13.5625,1,single_token,not_valid_noun
crows,______ or,-13.5625,2,2token,not_valid_noun
crows,——,-13.5625,1,single_token,not_valid_noun
crows,geese,-13.5625,1,single_token,not_valid_noun
crows,pigeons,-13.5625,1,single_token,not_valid_noun
crows,flies,-13.5625,1,single_token,not_valid_noun
crows,harmful,-13.5625,1,single_token,not_valid_noun
crows,My,-13.5625,1,single_token,not_valid_noun
crows,%,-13.5625,1,single_token,not_valid_noun
crows,omni,-13.5625,1,single_token,not_valid_noun
crows,strong,-13.5625,1,single_token,not_valid_noun
crows,answer,-13.5625,1,single_token,not_valid_noun
crows,etc,-13.5625,1,single_token,not_valid_noun
crows,am,-13.5625,1,single_token,not_valid_noun
crows,_ a,-13.59375,2,2token,not_valid_noun
crows,.... animal,-13.59375,2,2token,not_valid_noun
crows,.... Answer,-13.59375,2,2token,not_valid_noun
crows,.... -,-13.59375,2,2token,not_valid_noun
crows,_________ in,-13.59375,2,2token,not_valid_noun
crows,avian (,-13.59375,2,2token,not_valid_noun
crows,_______ ____,-13.59375,2,2token,not_valid_noun
crows,… When,-13.59375,2,2token,not_valid_noun
crows,The sentence,-13.59375,2,2token,not_valid_noun
crows,_______ A,-13.59375,2,2token,not_valid_noun
crows,..... The,-13.59375,2,2token,not_valid_noun
crows,_________ -,-13.59375,2,2token,not_valid_noun
crows,creature Complete,-13.59375,2,2token,not_valid_noun
crows,_________ ___________,-13.59375,2,2token,not_valid_noun
crows,_________ What,-13.59375,2,2token,not_valid_noun
crows,… complete,-13.59375,2,2token,not_valid_noun
crows,… Choose,-13.59375,2,2token,not_valid_noun
crows,… ?,-13.59375,2,2token,not_valid_noun
crows,small black,-13.59375,2,2token,incomplete_phrase
crows,a Bird,-13.625,2,2token,not_valid_noun
crows,ver,-13.625,1,single_token,not_valid_noun
crows,has,-13.625,1,single_token,not_valid_noun
crows,several,-13.625,1,single_token,not_valid_noun
crows,bir,-13.625,2,2token,not_valid_noun
crows,wild ...,-13.625,2,2token,not_valid_noun
crows,their,-13.625,1,single_token,incomplete_phrase
crows,_____ fruit,-13.625,2,2token,not_valid_noun
crows,ci,-13.625,1,single_token,not_valid_noun
crows,examples,-13.625,1,single_token,not_valid_noun
crows,pen,-13.625,1,single_token,not_valid_noun
crows,coloured,-13.625,1,single_token,not_valid_noun
crows,stupid,-13.625,1,single_token,incomplete_phrase
crows,colored,-13.625,1,single_token,incomplete_phrase
crows,squ,-13.625,1,single_token,not_valid_noun
crows,bread,-13.625,1,single_token,not_valid_noun
crows,er,-13.625,1,single_token,not_valid_noun
crows,ang,-13.625,1,single_token,not_valid_noun
crows,dirty,-13.625,1,single_token,not_valid_noun
crows,buzz,-13.625,1,single_token,incomplete_phrase
crows,___ or,-13.65625,2,2token,not_valid_noun
crows,f bird,-13.65625,2,2token,not_valid_noun
crows,f ____,-13.65625,2,2token,not_valid_noun
crows,f .,-13.65625,2,2token,not_valid_noun
crows,f,-13.65625,2,2token,not_valid_noun
crows,…. In,-13.65625,2,2token,not_valid_noun
crows,( birds,-13.65625,2,2token,not_valid_noun
crows,…. bird,-13.65625,2,2token,not_valid_noun
crows,are Complete,-13.671875,2,2token,not_valid_noun
crows,............. .,-13.671875,2,2token,not_valid_noun
crows,animal Write,-13.671875,2,2token,not_valid_noun
crows,animal ......,-13.671875,2,2token,not_valid_noun
crows,______ -,-13.6875,2,2token,not_valid_noun
crows,: animals,-13.6875,2,2token,not_valid_noun
crows,parrot .,-13.6875,2,2token,not_valid_noun
crows,local,-13.6875,1,single_token,incomplete_phrase
crows,___________ Fill,-13.6875,2,2token,not_valid_noun
crows,….. birds,-13.6875,2,2token,not_valid_noun
crows,the same,-13.6875,2,2token,not_valid_noun
crows,ti,-13.6875,1,single_token,not_valid_noun
crows,pictures,-13.6875,1,single_token,not_valid_noun
crows,._,-13.6875,1,single_token,not_valid_noun
crows,::,-13.6875,1,single_token,not_valid_noun
crows,:-,-13.6875,1,single_token,not_valid_noun
crows,WHAT,-13.6875,1,single_token,not_valid_noun
crows,mythical,-13.6875,1,single_token,not_valid_noun
crows,__ _.,-13.6875,2,2token,not_valid_noun
crows,The word,-13.71875,2,2token,not_valid_noun
crows,…… A,-13.71875,2,2token,not_valid_noun
crows,", which",-13.71875,2,2token,not_valid_noun
crows,- a,-13.71875,2,2token,not_valid_noun
crows,_________ _.,-13.71875,2,2token,not_valid_noun
crows,_________ _,-13.71875,2,2token,not_valid_noun
crows,_________ complete,-13.71875,2,2token,not_valid_noun
crows,_________ ....,-13.71875,2,2token,not_valid_noun
crows,_________ [,-13.71875,2,2token,not_valid_noun
crows,… See,-13.71875,2,2token,not_valid_noun
crows,.... Choose,-13.71875,2,2token,not_valid_noun
crows,.... In,-13.71875,2,2token,not_valid_noun
crows,…… bird,-13.71875,2,2token,not_valid_noun
crows,…… a,-13.71875,2,2token,not_valid_noun
crows,......... Fill,-13.71875,2,2token,not_valid_noun
crows,_______ _____,-13.71875,2,2token,not_valid_noun
crows,of the,-13.71875,2,2token,not_valid_noun
crows,… An,-13.71875,2,2token,not_valid_noun
crows,… Select,-13.71875,2,2token,not_valid_noun
crows,_____ I,-13.75,2,2token,not_valid_noun
crows,ordinary,-13.75,1,single_token,incomplete_phrase
crows,both,-13.75,1,single_token,not_valid_noun
crows,planes,-13.75,1,single_token,not_valid_noun
crows,? a,-13.75,2,2token,not_valid_noun
crows,os,-13.75,1,single_token,not_valid_noun
crows,W,-13.75,1,single_token,not_valid_noun
crows,?...,-13.75,1,single_token,not_valid_noun
crows,bo,-13.75,1,single_token,not_valid_noun
crows,_____ are,-13.75,2,2token,not_valid_noun
crows,....... (,-13.75,2,2token,not_valid_noun
crows,_____ Select,-13.75,2,2token,not_valid_noun
crows,_____,-13.75,2,2token,not_valid_noun
crows,aerop,-13.75,1,single_token,not_valid_noun
crows,dinosaurs,-13.75,1,single_token,not_valid_noun
crows,pests,-13.75,1,single_token,not_valid_noun
crows,endangered,-13.75,1,single_token,not_valid_noun
crows,qu,-13.75,1,single_token,not_valid_noun
crows,Class,-13.75,1,single_token,incomplete_phrase
crows,vertebrate Complete,-13.765625,2,2token,not_valid_noun
crows,.............. .,-13.765625,2,2token,not_valid_noun
crows,___ What,-13.78125,2,2token,not_valid_noun
crows,___ ..,-13.78125,2,2token,not_valid_noun
crows,…. fruit,-13.78125,2,2token,not_valid_noun
crows,___ in,-13.78125,2,2token,not_valid_noun
crows,___ fruit,-13.78125,2,2token,not_valid_noun
crows,f ...,-13.78125,2,2token,not_valid_noun
crows,animals in,-13.78125,2,2token,not_valid_noun
crows,mammal complete,-13.78125,2,2token,not_valid_noun
crows,my friend,-13.78125,2,2token,not_valid_noun
crows,( _,-13.78125,2,2token,not_valid_noun
crows,animals that,-13.78125,2,2token,incomplete_phrase
crows,duck Complete,-13.796875,2,2token,not_valid_noun
crows,[…],-13.8125,1,single_token,not_valid_noun
crows,‘,-13.8125,1,single_token,not_valid_noun
crows,: crow,-13.8125,2,2token,not_valid_noun
crows,: :,-13.8125,2,2token,not_valid_noun
crows,nocturnal,-13.8125,1,single_token,not_valid_noun
crows,(_,-13.8125,1,single_token,not_valid_noun
crows,→,-13.8125,1,single_token,not_valid_noun
crows,arch,-13.8125,1,single_token,incomplete_phrase
crows,: ...,-13.8125,2,2token,not_valid_noun
crows,______ _,-13.8125,2,2token,not_valid_noun
crows,pl,-13.8125,1,single_token,not_valid_noun
crows,wild .,-13.8125,2,2token,not_valid_noun
crows,…..,-13.8125,2,2token,not_valid_noun
crows,______ What,-13.8125,2,2token,not_valid_noun
crows,______ fruit,-13.8125,2,2token,not_valid_noun
crows,.. (,-13.8125,2,2token,not_valid_noun
crows,An,-13.8125,1,single_token,not_valid_noun
crows,ho,-13.8125,1,single_token,not_valid_noun
crows,that lives,-13.828125,2,2token,incomplete_phrase
crows,__________ and,-13.84375,2,2token,not_valid_noun
crows,_________ ____,-13.84375,2,2token,not_valid_noun
crows,many kinds,-13.84375,2,2token,incomplete_phrase
crows,", too",-13.84375,2,2token,not_valid_noun
crows,… It,-13.84375,2,2token,not_valid_noun
crows,… Use,-13.84375,2,2token,not_valid_noun
crows,… Bird,-13.84375,2,2token,not_valid_noun
crows,..... What,-13.84375,2,2token,not_valid_noun
crows,..... Read,-13.84375,2,2token,not_valid_noun
crows,… Translate,-13.84375,2,2token,not_valid_noun
crows,_________ ?,-13.84375,2,2token,not_valid_noun
crows,"_________ ,",-13.84375,2,2token,not_valid_noun
crows,… Correct,-13.84375,2,2token,not_valid_noun
crows,… [,-13.84375,2,2token,not_valid_noun
crows,… is,-13.84375,2,2token,not_valid_noun
crows,_ ____,-13.84375,2,2token,not_valid_noun
crows,---- Complete,-13.84375,2,2token,not_valid_noun
crows,_________ ____________,-13.84375,2,2token,not_valid_noun
crows,ape Complete,-13.859375,2,2token,not_valid_noun
crows,...... crows,-13.875,2,2token,not_valid_noun
crows,/ not,-13.875,2,2token,not_valid_noun
crows,rep,-13.875,1,single_token,incomplete_phrase
crows,chi,-13.875,1,single_token,incomplete_phrase
crows,long,-13.875,1,single_token,not_valid_noun
crows,cute,-13.875,1,single_token,not_valid_noun
crows,a large,-13.875,2,2token,not_valid_noun
crows,rob,-13.875,1,single_token,not_valid_noun
crows,civ,-13.875,1,single_token,not_valid_noun
crows,Latin,-13.875,1,single_token,incomplete_phrase
crows,rodents,-13.875,1,single_token,not_valid_noun
crows,Vogel,-13.875,1,single_token,not_valid_noun
crows,_____ that,-13.875,2,2token,not_valid_noun
crows,huge,-13.875,1,single_token,not_valid_noun
crows,Common,-13.875,1,single_token,incomplete_phrase
crows,monkeys,-13.875,1,single_token,not_valid_noun
crows,a creature,-13.875,2,2token,not_valid_noun
crows,foreign,-13.875,1,single_token,not_valid_noun
crows,"_____ ,",-13.875,2,2token,not_valid_noun
crows,an insect,-13.875,2,2token,not_valid_noun
crows,_____ Correct,-13.875,2,2token,not_valid_noun
crows,_____ _________,-13.875,2,2token,not_valid_noun
crows,_____ In,-13.875,2,2token,not_valid_noun
crows,_____ ?,-13.875,2,2token,not_valid_noun
crows,_____ :,-13.875,2,2token,not_valid_noun
crows,a song,-13.875,2,2token,not_valid_noun
crows,a feather,-13.875,2,2token,not_valid_noun
crows,her,-13.875,1,single_token,not_valid_noun
crows,heavy,-13.875,1,single_token,incomplete_phrase
crows,? What,-13.875,2,2token,not_valid_noun
crows,apes,-13.875,1,single_token,not_valid_noun
crows,pter,-13.875,1,single_token,not_valid_noun
crows,/ sort,-13.875,2,2token,not_valid_noun
crows,and the,-13.890625,2,2token,not_valid_noun
crows,.......... .,-13.90625,2,2token,not_valid_noun
crows,___ ....,-13.90625,2,2token,not_valid_noun
crows,___ ________,-13.90625,2,2token,not_valid_noun
crows,animal _________,-13.921875,2,2token,not_valid_noun
crows,animal by,-13.921875,2,2token,not_valid_noun
crows,........... birds,-13.921875,2,2token,not_valid_noun
crows,animal too,-13.921875,2,2token,not_valid_noun
crows,or are,-13.921875,2,2token,not_valid_noun
crows,______ _________,-13.9375,2,2token,not_valid_noun
crows,__,-13.9375,2,2token,not_valid_noun
crows,.. What,-13.9375,2,2token,not_valid_noun
crows,____________ _.,-13.9375,2,2token,not_valid_noun
crows,____________ birds,-13.9375,2,2token,not_valid_noun
crows,_. In,-13.9375,2,2token,not_valid_noun
crows,_. complete,-13.9375,2,2token,not_valid_noun
crows,the animals,-13.9375,2,2token,not_valid_noun
crows,________ _.,-13.9375,2,2token,not_valid_noun
crows,_. (,-13.9375,2,2token,not_valid_noun
crows,_. a,-13.9375,2,2token,not_valid_noun
crows,: A,-13.9375,2,2token,not_valid_noun
crows,….. bird,-13.9375,2,2token,not_valid_noun
crows,............... birds,-13.953125,2,2token,not_valid_noun
crows,...............,-13.953125,2,2token,not_valid_noun
crows,symbol of,-13.953125,2,2token,not_valid_noun
crows,that are,-13.953125,2,2token,incomplete_phrase
crows,- animals,-13.96875,2,2token,not_valid_noun
crows,- _,-13.96875,2,2token,not_valid_noun
crows,_______ in,-13.96875,2,2token,not_valid_noun
crows,chicken (,-13.96875,2,2token,not_valid_noun
crows,_________ or,-13.96875,2,2token,not_valid_noun
crows,_______ The,-13.96875,2,2token,not_valid_noun
crows,__________ a,-13.96875,2,2token,not_valid_noun
crows,_ A,-13.96875,2,2token,not_valid_noun
crows,_ _______,-13.96875,2,2token,not_valid_noun
crows,_______ a,-13.96875,2,2token,not_valid_noun
crows,_______ and,-13.96875,2,2token,not_valid_noun
crows,…… birds,-13.96875,2,2token,not_valid_noun
crows,f _____,-13.96875,2,2token,not_valid_noun
crows,_________ are,-13.96875,2,2token,not_valid_noun
crows,.... Correct,-13.96875,2,2token,not_valid_noun
crows,", complete",-13.96875,2,2token,not_valid_noun
crows,dog Complete,-13.96875,2,2token,not_valid_noun
crows,ed,-14.0,1,single_token,not_valid_noun
crows,____ A,-14.0,2,2token,not_valid_noun
crows,Which,-14.0,1,single_token,not_valid_noun
crows,fru,-14.0,1,single_token,not_valid_noun
crows,mang,-14.0,1,single_token,incomplete_phrase
crows,strange,-14.0,1,single_token,not_valid_noun
crows,ee,-14.0,1,single_token,not_valid_noun
crows,poisonous,-14.0,1,single_token,not_valid_noun
crows,_____,-14.0,2,2token,not_valid_noun
crows,a ___,-14.0,2,2token,not_valid_noun
crows,a __,-14.0,2,2token,not_valid_noun
crows,too,-14.0,1,single_token,not_valid_noun
crows,american,-14.0,1,single_token,incomplete_phrase
crows,pt,-14.0,1,single_token,not_valid_noun
crows,Big,-14.0,1,single_token,not_valid_noun
crows,piece,-14.0,1,single_token,incomplete_phrase
crows,cra,-14.0,1,single_token,not_valid_noun
crows,? The,-14.0,2,2token,not_valid_noun
crows,Bird ...,-14.0,2,2token,not_valid_noun
crows,a ....,-14.0,2,2token,not_valid_noun
crows,super,-14.0,1,single_token,incomplete_phrase
crows,........ The,-14.0,2,2token,not_valid_noun
crows,...... ?,-14.0,2,2token,not_valid_noun
crows,,-14.0,1,single_token,not_valid_noun
crows,...... animal,-14.0,2,2token,not_valid_noun
crows,and .,-14.015625,2,2token,not_valid_noun
crows,............,-14.015625,2,2token,not_valid_noun
crows,[ blank,-14.03125,2,2token,not_valid_noun
crows,animals and,-14.03125,2,2token,incomplete_phrase
crows,___ Select,-14.03125,2,2token,not_valid_noun
crows,___,-14.03125,2,2token,not_valid_noun
crows,…. Answer,-14.03125,2,2token,not_valid_noun
crows,word Complete,-14.03125,2,2token,not_valid_noun
crows,what bird,-14.03125,2,2token,not_valid_noun
crows,___ -,-14.03125,2,2token,not_valid_noun
crows,........... bird,-14.046875,2,2token,not_valid_noun
crows,........... Fill,-14.046875,2,2token,not_valid_noun
crows,__ _,-14.0625,2,2token,not_valid_noun
crows,hon,-14.0625,1,single_token,incomplete_phrase
crows,: crows,-14.0625,2,2token,not_valid_noun
crows,"______ ,",-14.0625,2,2token,not_valid_noun
crows,….. Fill,-14.0625,2,2token,not_valid_noun
crows,______,-14.0625,2,2token,not_valid_noun
crows,______,-14.0625,2,2token,not_valid_noun
crows,______ _.,-14.0625,2,2token,not_valid_noun
crows,when,-14.0625,1,single_token,not_valid_noun
crows,….. .,-14.0625,2,2token,not_valid_noun
crows,which of,-14.0625,2,2token,not_valid_noun
crows,+,-14.0625,1,single_token,not_valid_noun
crows,if,-14.0625,1,single_token,not_valid_noun
crows,musical,-14.0625,1,single_token,incomplete_phrase
crows,cant,-14.0625,1,single_token,incomplete_phrase
crows,poll,-14.0625,1,single_token,incomplete_phrase
crows,popular,-14.0625,1,single_token,not_valid_noun
crows,.. crows,-14.0625,2,2token,not_valid_noun
crows,.. ?,-14.0625,2,2token,not_valid_noun
crows,.*,-14.0625,1,single_token,not_valid_noun
crows,________ _______,-14.0625,2,2token,not_valid_noun
crows,meme,-14.0625,1,single_token,not_valid_noun
crows,special,-14.0625,1,single_token,incomplete_phrase
crows,called,-14.0625,1,single_token,not_valid_noun
crows,marine,-14.0625,1,single_token,incomplete_phrase
crows,.. The,-14.0625,2,2token,not_valid_noun
crows,hard,-14.0625,1,single_token,not_valid_noun
crows,How,-14.0625,1,single_token,not_valid_noun
crows,field,-14.0625,1,single_token,incomplete_phrase
crows,=>,-14.0625,1,single_token,not_valid_noun
crows,str,-14.0625,1,single_token,not_valid_noun
crows,pla,-14.0625,1,single_token,not_valid_noun
crows,mar,-14.0625,1,single_token,incomplete_phrase
crows,rapt,-14.0625,1,single_token,not_valid_noun
crows,fancy,-14.0625,1,single_token,incomplete_phrase
crows,mall,-14.0625,1,single_token,incomplete_phrase
crows,../,-14.0625,1,single_token,not_valid_noun
crows,rap,-14.0625,1,single_token,incomplete_phrase
crows,which are,-14.0625,2,2token,not_valid_noun
crows,____________ bird,-14.0625,2,2token,not_valid_noun
crows,warm,-14.0625,1,single_token,not_valid_noun
crows,pray,-14.0625,1,single_token,not_valid_noun
crows,A birds,-14.0625,2,2token,not_valid_noun
crows,,-14.0625,1,single_token,not_valid_noun
crows,black feathered,-14.0625,2,2token,not_valid_noun
crows,bat Complete,-14.078125,2,2token,not_valid_noun
crows,that is,-14.078125,2,2token,not_valid_noun
crows,.... ....,-14.09375,2,2token,not_valid_noun
crows,of crow,-14.09375,2,2token,not_valid_noun
crows,.... Which,-14.09375,2,2token,not_valid_noun
crows,", they",-14.09375,2,2token,not_valid_noun
crows,", the",-14.09375,2,2token,not_valid_noun
crows,_________ fruit,-14.09375,2,2token,not_valid_noun
crows,The crows,-14.09375,2,2token,not_valid_noun
crows,…… Continue,-14.09375,2,2token,not_valid_noun
crows,..... animal,-14.09375,2,2token,not_valid_noun
crows,..... animals,-14.09375,2,2token,not_valid_noun
crows,_______,-14.09375,2,2token,not_valid_noun
crows,__________ A,-14.09375,2,2token,not_valid_noun
crows,..... Write,-14.09375,2,2token,not_valid_noun
crows,..... ?,-14.09375,2,2token,not_valid_noun
crows,__________ The,-14.09375,2,2token,not_valid_noun
crows,_______ ...,-14.09375,2,2token,not_valid_noun
crows,_ ______,-14.09375,2,2token,not_valid_noun
crows,reptile Complete,-14.109375,2,2token,not_valid_noun
crows,I bird,-14.109375,2,2token,not_valid_noun
crows,angry,-14.125,1,single_token,not_valid_noun
crows,_____ is,-14.125,2,2token,not_valid_noun
crows,_____ COMPLETE,-14.125,2,2token,not_valid_noun
crows,shaped,-14.125,1,single_token,not_valid_noun
crows,friends,-14.125,1,single_token,not_valid_noun
crows,about,-14.125,1,single_token,not_valid_noun
crows,a __________,-14.125,2,2token,not_valid_noun
crows,J,-14.125,1,single_token,not_valid_noun
crows,jack,-14.125,1,single_token,incomplete_phrase
crows,a pigeon,-14.125,2,2token,not_valid_noun
crows,'.,-14.125,1,single_token,not_valid_noun
crows,end,-14.125,1,single_token,incomplete_phrase
crows,a species,-14.125,2,2token,not_valid_noun
crows,? fruit,-14.125,2,2token,not_valid_noun
crows,plans,-14.125,1,single_token,not_valid_noun
crows,? ...,-14.125,2,2token,not_valid_noun
crows,br,-14.125,1,single_token,not_valid_noun
crows,....... crows,-14.125,2,2token,not_valid_noun
crows,....... A,-14.125,2,2token,not_valid_noun
crows,_(,-14.125,1,single_token,not_valid_noun
crows,/ birds,-14.125,2,2token,not_valid_noun
crows,_____ Write,-14.125,2,2token,not_valid_noun
crows,_____ Read,-14.125,2,2token,not_valid_noun
crows,predators,-14.125,1,single_token,not_valid_noun
crows,".,",-14.125,1,single_token,not_valid_noun
crows,☐,-14.125,1,single_token,not_valid_noun
crows,african,-14.125,1,single_token,incomplete_phrase
crows,bald,-14.125,1,single_token,not_valid_noun
crows,"-,",-14.125,1,single_token,not_valid_noun
crows,##,-14.125,1,single_token,not_valid_noun
crows,............ birds,-14.140625,2,2token,not_valid_noun
crows,…. Which,-14.15625,2,2token,not_valid_noun
crows,…. Choose,-14.15625,2,2token,not_valid_noun
crows,…. ...,-14.15625,2,2token,not_valid_noun
crows,…. I,-14.15625,2,2token,not_valid_noun
crows,poultry (,-14.15625,2,2token,not_valid_noun
crows,What do,-14.15625,2,2token,not_valid_noun
crows,___,-14.15625,2,2token,not_valid_noun
crows,what is,-14.15625,2,2token,not_valid_noun
crows,___ I,-14.15625,2,2token,not_valid_noun
crows,song,-14.15625,2,2token,incomplete_phrase
crows,___ is,-14.15625,2,2token,not_valid_noun
crows,raven Complete,-14.15625,2,2token,not_valid_noun
crows,animals or,-14.15625,2,2token,not_valid_noun
crows,( noun,-14.15625,2,2token,not_valid_noun
crows,animals ...,-14.15625,2,2token,not_valid_noun
crows,___ [,-14.15625,2,2token,not_valid_noun
crows,are birds,-14.171875,2,2token,not_valid_noun
crows,........... (,-14.1875,2,2token,not_valid_noun
crows,canada,-14.1875,1,single_token,incomplete_phrase
crows,fowl or,-14.1875,2,2token,not_valid_noun
crows,black .,-14.1875,2,2token,not_valid_noun
crows,__ birds,-14.1875,2,2token,not_valid_noun
crows,L,-14.1875,1,single_token,not_valid_noun
crows,thing that,-14.1875,2,2token,incomplete_phrase
crows,______ ?,-14.1875,2,2token,not_valid_noun
crows,_. fruit,-14.1875,2,2token,not_valid_noun
crows,flat,-14.1875,1,single_token,incomplete_phrase
crows,shapes,-14.1875,1,single_token,not_valid_noun
crows,______ are,-14.1875,2,2token,not_valid_noun
crows,________,-14.1875,2,2token,not_valid_noun
crows,______ Select,-14.1875,2,2token,not_valid_noun
crows,the family,-14.1875,2,2token,not_valid_noun
crows,fle,-14.1875,1,single_token,not_valid_noun
crows,classified,-14.1875,1,single_token,incomplete_phrase
crows,nb,-14.1875,1,single_token,not_valid_noun
crows,_. Which,-14.1875,2,2token,not_valid_noun
crows,sca,-14.1875,1,single_token,not_valid_noun
crows,songs,-14.1875,1,single_token,not_valid_noun
crows,○,-14.1875,1,single_token,not_valid_noun
crows,: The,-14.1875,2,2token,not_valid_noun
crows,go,-14.1875,1,single_token,not_valid_noun
crows,another,-14.1875,1,single_token,incomplete_phrase
crows,q,-14.1875,1,single_token,not_valid_noun
crows,earth,-14.1875,1,single_token,incomplete_phrase
crows,there,-14.1875,1,single_token,incomplete_phrase
crows,______ :,-14.1875,2,2token,not_valid_noun
crows,______ [,-14.1875,2,2token,not_valid_noun
crows,............... bird,-14.203125,2,2token,not_valid_noun
crows,.... Find,-14.21875,2,2token,not_valid_noun
crows,_ ________,-14.21875,2,2token,not_valid_noun
crows,.... COMPLETE,-14.21875,2,2token,not_valid_noun
crows,_________ __________,-14.21875,2,2token,not_valid_noun
crows,.... is,-14.21875,2,2token,not_valid_noun
crows,_ fly,-14.21875,2,2token,not_valid_noun
crows,_ __,-14.21875,2,2token,not_valid_noun
crows,BIRD (,-14.21875,2,2token,not_valid_noun
crows,__________ __________,-14.21875,2,2token,not_valid_noun
crows,__________ complete,-14.21875,2,2token,not_valid_noun
crows,__________ _______,-14.21875,2,2token,not_valid_noun
crows,__________,-14.21875,2,2token,not_valid_noun
crows,..... fruit,-14.21875,2,2token,not_valid_noun
crows,creature .,-14.21875,2,2token,not_valid_noun
crows,_ -,-14.21875,2,2token,not_valid_noun
crows,_________ I,-14.21875,2,2token,not_valid_noun
crows,__________ ___________,-14.21875,2,2token,not_valid_noun
crows,tax,-14.25,1,single_token,incomplete_phrase
crows,ac,-14.25,1,single_token,not_valid_noun
crows,a ____________,-14.25,2,2token,not_valid_noun
crows,**,-14.25,1,single_token,not_valid_noun
crows,（,-14.25,1,single_token,not_valid_noun
crows,a _,-14.25,2,2token,not_valid_noun
crows,ha,-14.25,1,single_token,not_valid_noun
crows,? Correct,-14.25,2,2token,not_valid_noun
crows,adjective Complete,-14.25,2,2token,not_valid_noun
crows,aa,-14.25,1,single_token,not_valid_noun
crows,tropical,-14.25,1,single_token,not_valid_noun
crows,ir,-14.25,1,single_token,not_valid_noun
crows,hom,-14.25,1,single_token,not_valid_noun
crows,ni,-14.25,1,single_token,not_valid_noun
crows,(_),-14.25,1,single_token,not_valid_noun
crows,....... a,-14.25,2,2token,not_valid_noun
crows,wild,-14.25,2,2token,incomplete_phrase
crows,mor,-14.25,1,single_token,not_valid_noun
crows,,-14.25,1,single_token,not_valid_noun
crows,_____ Birds,-14.25,2,2token,not_valid_noun
crows,...... Read,-14.25,2,2token,not_valid_noun
crows,"..., a",-14.25,2,2token,not_valid_noun
crows,/ animal,-14.25,2,2token,not_valid_noun
crows,_____ Answer,-14.25,2,2token,not_valid_noun
crows,____ a,-14.25,2,2token,not_valid_noun
crows,_____ .....,-14.25,2,2token,not_valid_noun
crows,fish (,-14.25,2,2token,not_valid_noun
crows,____ and,-14.25,2,2token,not_valid_noun
crows,...... The,-14.25,2,2token,not_valid_noun
crows,reptiles,-14.25,1,single_token,not_valid_noun
crows,high,-14.25,1,single_token,incomplete_phrase
crows,far,-14.25,1,single_token,incomplete_phrase
crows,and they,-14.265625,2,2token,not_valid_noun
crows,and bird,-14.265625,2,2token,not_valid_noun
crows,..............,-14.265625,2,2token,not_valid_noun
crows,fruit Complete,-14.28125,2,2token,not_valid_noun
crows,___ ?,-14.28125,2,2token,not_valid_noun
crows,people Complete,-14.28125,2,2token,not_valid_noun
crows,c a,-14.28125,2,2token,not_valid_noun
crows,What does,-14.28125,2,2token,not_valid_noun
crows,( a,-14.28125,2,2token,not_valid_noun
crows,crow ...,-14.28125,2,2token,not_valid_noun
crows,ave .,-14.296875,2,2token,not_valid_noun
crows,.............,-14.296875,2,2token,not_valid_noun
crows,............. birds,-14.296875,2,2token,not_valid_noun
crows,__ (,-14.3125,2,2token,not_valid_noun
crows,mon,-14.3125,1,single_token,incomplete_phrase
crows,: -,-14.3125,2,2token,not_valid_noun
crows,:,-14.3125,2,2token,not_valid_noun
crows,hungry,-14.3125,1,single_token,not_valid_noun
crows,______ I,-14.3125,2,2token,not_valid_noun
crows,the .,-14.3125,2,2token,not_valid_noun
crows,the world,-14.3125,2,2token,not_valid_noun
crows,A crow,-14.3125,2,2token,not_valid_noun
crows,………… .,-14.3125,2,2token,not_valid_noun
crows,A complete,-14.3125,2,2token,not_valid_noun
crows,mi,-14.3125,1,single_token,not_valid_noun
crows,dumb,-14.3125,1,single_token,not_valid_noun
crows,______ that,-14.3125,2,2token,not_valid_noun
crows,plat,-14.3125,1,single_token,incomplete_phrase
crows,________ Fill,-14.3125,2,2token,not_valid_noun
crows,________,-14.3125,2,2token,not_valid_noun
crows,Kind,-14.3125,1,single_token,incomplete_phrase
crows,______ Write,-14.3125,2,2token,not_valid_noun
crows,______ Correct,-14.3125,2,2token,not_valid_noun
crows,______ ___________,-14.3125,2,2token,not_valid_noun
crows,______ COMPLETE,-14.3125,2,2token,not_valid_noun
crows,...),-14.3125,1,single_token,not_valid_noun
crows,animate,-14.3125,1,single_token,not_valid_noun
crows,cim,-14.3125,1,single_token,not_valid_noun
crows,hou,-14.3125,1,single_token,not_valid_noun
crows,every,-14.3125,1,single_token,incomplete_phrase
crows,sad,-14.3125,1,single_token,not_valid_noun
crows,bu,-14.3125,1,single_token,not_valid_noun
crows,co,-14.3125,1,single_token,not_valid_noun
crows,", (",-14.34375,2,2token,not_valid_noun
crows,",",-14.34375,2,2token,not_valid_noun
crows,", not",-14.34375,2,2token,not_valid_noun
crows,_ The,-14.34375,2,2token,not_valid_noun
crows,_________ is,-14.34375,2,2token,not_valid_noun
crows,__________ -,-14.34375,2,2token,not_valid_noun
crows,_______ What,-14.34375,2,2token,not_valid_noun
crows,_______ _________,-14.34375,2,2token,not_valid_noun
crows,_______ ?,-14.34375,2,2token,not_valid_noun
crows,_________ :,-14.34375,2,2token,not_valid_noun
crows,_________ In,-14.34375,2,2token,not_valid_noun
crows,_________ _____,-14.34375,2,2token,not_valid_noun
crows,plane Complete,-14.34375,2,2token,not_valid_noun
crows,The answer,-14.34375,2,2token,not_valid_noun
crows,_______,-14.34375,2,2token,not_valid_noun
crows,_______ -,-14.34375,2,2token,not_valid_noun
crows,__________,-14.34375,2,2token,not_valid_noun
crows,.... and,-14.34375,2,2token,not_valid_noun
crows,.... Use,-14.34375,2,2token,not_valid_noun
crows,…… complete,-14.34375,2,2token,not_valid_noun
crows,n bird,-14.359375,2,2token,not_valid_noun
crows,\_ .,-14.359375,2,2token,not_valid_noun
crows,\_ \_,-14.359375,2,2token,not_valid_noun
crows,I have,-14.359375,2,2token,not_valid_noun
crows,hawk Complete,-14.359375,2,2token,not_valid_noun
crows,........ A,-14.375,2,2token,not_valid_noun
crows,........ a,-14.375,2,2token,not_valid_noun
crows,...... complete,-14.375,2,2token,not_valid_noun
crows,...... What,-14.375,2,2token,not_valid_noun
crows,____ animal,-14.375,2,2token,not_valid_noun
crows,a tree,-14.375,2,2token,not_valid_noun
crows,ae,-14.375,1,single_token,not_valid_noun
crows,Pokémon,-14.375,1,single_token,not_valid_noun
crows,____ _____,-14.375,2,2token,not_valid_noun
crows,_____ with,-14.375,2,2token,not_valid_noun
crows,/ is,-14.375,2,2token,not_valid_noun
crows,your,-14.375,1,single_token,incomplete_phrase
crows,ali,-14.375,1,single_token,not_valid_noun
crows,vo,-14.375,1,single_token,not_valid_noun
crows,mad,-14.375,1,single_token,not_valid_noun
crows,write,-14.375,1,single_token,not_valid_noun
crows,plu,-14.375,1,single_token,not_valid_noun
crows,dead,-14.375,1,single_token,incomplete_phrase
crows,/ the,-14.375,2,2token,not_valid_noun
crows,ancient,-14.375,1,single_token,incomplete_phrase
crows,a person,-14.375,2,2token,not_valid_noun
crows,a small,-14.375,2,2token,not_valid_noun
crows,a food,-14.375,2,2token,not_valid_noun
crows,a -,-14.375,2,2token,not_valid_noun
crows,? crows,-14.375,2,2token,not_valid_noun
crows,st,-14.375,1,single_token,not_valid_noun
crows,........ Fill,-14.375,2,2token,not_valid_noun
crows,"..., ...",-14.375,2,2token,not_valid_noun
crows,____ in,-14.375,2,2token,not_valid_noun
crows,Bird Fill,-14.375,2,2token,not_valid_noun
crows,everyday,-14.375,1,single_token,incomplete_phrase
crows,........ birds,-14.375,2,2token,not_valid_noun
crows,a ___________,-14.375,2,2token,not_valid_noun
crows,............ bird,-14.390625,2,2token,not_valid_noun
crows,and crows,-14.390625,2,2token,not_valid_noun
crows,___ that,-14.40625,2,2token,not_valid_noun
crows,n ...,-14.40625,2,2token,not_valid_noun
crows,mammals .,-14.40625,2,2token,not_valid_noun
crows,Birds,-14.40625,2,2token,not_valid_noun
crows,animals ....,-14.40625,2,2token,not_valid_noun
crows,..........,-14.40625,2,2token,not_valid_noun
crows,are bird,-14.421875,2,2token,not_valid_noun
crows,.. Answer,-14.4375,2,2token,not_valid_noun
crows,.. fruit,-14.4375,2,2token,not_valid_noun
crows,sentence,-14.4375,1,single_token,not_valid_noun
crows,--- .,-14.4375,2,2token,not_valid_noun
crows,________ a,-14.4375,2,2token,not_valid_noun
crows,______ In,-14.4375,2,2token,not_valid_noun
crows,e,-14.4375,2,2token,not_valid_noun
crows,bir d,-14.4375,2,2token,not_valid_noun
crows,….. (,-14.4375,2,2token,not_valid_noun
crows,: Write,-14.4375,2,2token,not_valid_noun
crows,: Select,-14.4375,2,2token,not_valid_noun
crows,ai,-14.4375,1,single_token,not_valid_noun
crows,belong,-14.4375,1,single_token,not_valid_noun
crows,….. A,-14.4375,2,2token,not_valid_noun
crows,fowl complete,-14.4375,2,2token,not_valid_noun
crows,A,-14.4375,2,2token,not_valid_noun
crows,eg,-14.4375,1,single_token,not_valid_noun
crows,named,-14.4375,1,single_token,not_valid_noun
crows,talks,-14.4375,1,single_token,not_valid_noun
crows,b,-14.4375,2,2token,not_valid_noun
crows,Why,-14.4375,1,single_token,not_valid_noun
crows,______ is,-14.4375,2,2token,not_valid_noun
crows,Pokemon,-14.4375,1,single_token,not_valid_noun
crows,insec,-14.4375,1,single_token,not_valid_noun
crows,,-14.4375,1,single_token,not_valid_noun
crows,way,-14.4375,1,single_token,not_valid_noun
crows,parts,-14.4375,1,single_token,not_valid_noun
crows,.. ...,-14.4375,2,2token,not_valid_noun
crows,________ animal,-14.4375,2,2token,not_valid_noun
crows,___________ ________,-14.4375,2,2token,not_valid_noun
crows,the black,-14.4375,2,2token,not_valid_noun
crows,______ crows,-14.4375,2,2token,not_valid_noun
crows,________ in,-14.4375,2,2token,not_valid_noun
crows,________ and,-14.4375,2,2token,not_valid_noun
crows,boo,-14.4375,1,single_token,incomplete_phrase
crows,.. animal,-14.4375,2,2token,not_valid_noun
crows,.. complete,-14.4375,2,2token,not_valid_noun
crows,______ ​,-14.4375,2,2token,not_valid_noun
crows,______ Read,-14.4375,2,2token,not_valid_noun
crows,that can,-14.453125,2,2token,incomplete_phrase
crows,other kind,-14.453125,2,2token,incomplete_phrase
crows,_ Bird,-14.46875,2,2token,not_valid_noun
crows,_ fruit,-14.46875,2,2token,not_valid_noun
crows,......... The,-14.46875,2,2token,not_valid_noun
crows,......... crows,-14.46875,2,2token,not_valid_noun
crows,......... A,-14.46875,2,2token,not_valid_noun
crows,- Select,-14.46875,2,2token,not_valid_noun
crows,_______ or,-14.46875,2,2token,not_valid_noun
crows,_________ Select,-14.46875,2,2token,not_valid_noun
crows,__________ ______,-14.46875,2,2token,not_valid_noun
crows,__________ in,-14.46875,2,2token,not_valid_noun
crows,many different,-14.46875,2,2token,not_valid_noun
crows,__________ _,-14.46875,2,2token,not_valid_noun
crows,__________ What,-14.46875,2,2token,not_valid_noun
crows,__________ fruit,-14.46875,2,2token,not_valid_noun
crows,__________ ____,-14.46875,2,2token,not_valid_noun
crows,__________ are,-14.46875,2,2token,not_valid_noun
crows,_______ complete,-14.46875,2,2token,not_valid_noun
crows,_______ _,-14.46875,2,2token,not_valid_noun
crows,_________ crows,-14.46875,2,2token,not_valid_noun
crows,_________ Animal,-14.46875,2,2token,not_valid_noun
crows,_________ Write,-14.46875,2,2token,not_valid_noun
crows,…… The,-14.46875,2,2token,not_valid_noun
crows,…… What,-14.46875,2,2token,not_valid_noun
crows,-. Fill,-14.484375,2,2token,not_valid_noun
crows,I am,-14.484375,2,2token,not_valid_noun
crows,"..., and",-14.5,2,2token,not_valid_noun
crows,oiseau,-14.5,1,single_token,not_valid_noun
crows,....... The,-14.5,2,2token,not_valid_noun
crows,"..., birds",-14.5,2,2token,not_valid_noun
crows,anat,-14.5,1,single_token,incomplete_phrase
crows,Mag,-14.5,1,single_token,incomplete_phrase
crows,Some,-14.5,1,single_token,incomplete_phrase
crows,voc,-14.5,1,single_token,not_valid_noun
crows,larger,-14.5,1,single_token,not_valid_noun
crows,qua,-14.5,1,single_token,incomplete_phrase
crows,-------------,-14.5,1,single_token,not_valid_noun
crows,(?,-14.5,1,single_token,not_valid_noun
crows,Bird COMPLETE,-14.5,2,2token,not_valid_noun
crows,Bird ....,-14.5,2,2token,not_valid_noun
crows,flew,-14.5,1,single_token,not_valid_noun
crows,looking,-14.5,1,single_token,incomplete_phrase
crows,annoying,-14.5,1,single_token,incomplete_phrase
crows,nice,-14.5,1,single_token,incomplete_phrase
crows,Bird and,-14.5,2,2token,incomplete_phrase
crows,Bird -,-14.5,2,2token,not_valid_noun
crows,? animal,-14.5,2,2token,not_valid_noun
crows,Bird in,-14.5,2,2token,not_valid_noun
crows,from,-14.5,1,single_token,not_valid_noun
crows,z,-14.5,1,single_token,not_valid_noun
crows,pr,-14.5,1,single_token,not_valid_noun
crows,ta,-14.5,1,single_token,not_valid_noun
crows,(.,-14.5,1,single_token,not_valid_noun
crows,woodland,-14.5,1,single_token,incomplete_phrase
crows,de,-14.5,1,single_token,not_valid_noun
crows,/ variety,-14.5,2,2token,not_valid_noun
crows,large ...,-14.5,2,2token,not_valid_noun
crows,Raven Complete,-14.5,2,2token,not_valid_noun
crows,an avian,-14.5,2,2token,not_valid_noun
crows,____ or,-14.5,2,2token,not_valid_noun
crows,____ _,-14.5,2,2token,not_valid_noun
crows,____ animals,-14.5,2,2token,not_valid_noun
crows,cri,-14.5,1,single_token,not_valid_noun
crows,a flying,-14.5,2,2token,not_valid_noun
crows,a car,-14.5,2,2token,not_valid_noun
crows,feet,-14.5,1,single_token,not_valid_noun
crows,a beast,-14.5,2,2token,not_valid_noun
crows,kind .,-14.5,2,2token,not_valid_noun
crows,...... animals,-14.5,2,2token,not_valid_noun
crows,~,-14.5,1,single_token,not_valid_noun
crows,sc,-14.5,1,single_token,not_valid_noun
crows,[,-14.53125,2,2token,not_valid_noun
crows,forest dwell,-14.53125,2,2token,incomplete_phrase
crows,f (,-14.53125,2,2token,not_valid_noun
crows,"___ ,",-14.53125,2,2token,not_valid_noun
crows,person Complete,-14.53125,2,2token,not_valid_noun
crows,___ Animal,-14.53125,2,2token,not_valid_noun
crows,___ Answer,-14.53125,2,2token,not_valid_noun
crows,…. This,-14.53125,2,2token,not_valid_noun
crows,my name,-14.53125,2,2token,not_valid_noun
crows,…. ?,-14.53125,2,2token,not_valid_noun
crows,…. complete,-14.53125,2,2token,not_valid_noun
crows,song (,-14.53125,2,2token,not_valid_noun
crows,…. Correct,-14.53125,2,2token,not_valid_noun
crows,mammal ...,-14.53125,2,2token,not_valid_noun
crows,mammal and,-14.53125,2,2token,incomplete_phrase
crows,this is,-14.546875,2,2token,not_valid_noun
crows,............. bird,-14.546875,2,2token,not_valid_noun
crows,in a,-14.546875,2,2token,not_valid_noun
crows,ung,-14.5625,1,single_token,not_valid_noun
crows,busy,-14.5625,1,single_token,not_valid_noun
crows,mong,-14.5625,1,single_token,incomplete_phrase
crows,nasty,-14.5625,1,single_token,not_valid_noun
crows,ducks,-14.5625,1,single_token,not_valid_noun
crows,(-),-14.5625,1,single_token,not_valid_noun
crows,□,-14.5625,1,single_token,not_valid_noun
crows,….. a,-14.5625,2,2token,not_valid_noun
crows,….. crows,-14.5625,2,2token,not_valid_noun
crows,[],-14.5625,1,single_token,not_valid_noun
crows,cla,-14.5625,1,single_token,not_valid_noun
crows,similar,-14.5625,1,single_token,not_valid_noun
crows,West,-14.5625,1,single_token,incomplete_phrase
crows,friendly,-14.5625,1,single_token,incomplete_phrase
crows,bud,-14.5625,1,single_token,incomplete_phrase
crows,cir,-14.5625,1,single_token,not_valid_noun
crows,micro,-14.5625,1,single_token,incomplete_phrase
crows,lives,-14.5625,1,single_token,not_valid_noun
crows,fir,-14.5625,1,single_token,incomplete_phrase
crows,___________ animals,-14.5625,2,2token,not_valid_noun
crows,___________ of,-14.5625,2,2token,not_valid_noun
crows,CR,-14.5625,1,single_token,not_valid_noun
crows,had,-14.5625,1,single_token,not_valid_noun
crows,li,-14.5625,1,single_token,not_valid_noun
crows,th,-14.5625,1,single_token,not_valid_noun
crows,: the,-14.5625,2,2token,not_valid_noun
crows,yes,-14.5625,1,single_token,not_valid_noun
crows,______ with,-14.5625,2,2token,not_valid_noun
crows,dic,-14.5625,1,single_token,not_valid_noun
crows,_. birds,-14.5625,2,2token,not_valid_noun
crows,".""",-14.5625,1,single_token,not_valid_noun
crows,PE,-14.5625,1,single_token,not_valid_noun
crows,useless,-14.5625,1,single_token,not_valid_noun
crows,(=,-14.5625,1,single_token,not_valid_noun
crows,cars,-14.5625,1,single_token,not_valid_noun
crows,____________ animals,-14.5625,2,2token,not_valid_noun
crows,black,-14.5625,2,2token,incomplete_phrase
crows,European,-14.5625,1,single_token,incomplete_phrase
crows,food Complete,-14.5625,2,2token,not_valid_noun
crows,food .,-14.5625,2,2token,not_valid_noun
crows,walking,-14.5625,1,single_token,incomplete_phrase
crows,…”,-14.5625,1,single_token,not_valid_noun
crows,cl,-14.5625,1,single_token,not_valid_noun
crows,If,-14.5625,1,single_token,not_valid_noun
crows,urban,-14.5625,1,single_token,not_valid_noun
crows,: ________,-14.5625,2,2token,not_valid_noun
crows,which animals,-14.5625,2,2token,not_valid_noun
crows,.. animals,-14.5625,2,2token,not_valid_noun
crows,sha,-14.5625,1,single_token,incomplete_phrase
crows,*,-14.5625,2,2token,not_valid_noun
crows,.. ..,-14.5625,2,2token,not_valid_noun
crows,* Complete,-14.5625,2,2token,not_valid_noun
crows,: _,-14.5625,2,2token,not_valid_noun
crows,>,-14.5625,1,single_token,not_valid_noun
crows,beast .,-14.5625,2,2token,not_valid_noun
crows,airplanes,-14.5625,1,single_token,not_valid_noun
crows,most,-14.5625,1,single_token,not_valid_noun
crows,_. I,-14.5625,2,2token,not_valid_noun
crows,the sea,-14.5625,2,2token,not_valid_noun
crows,also,-14.5625,1,single_token,not_valid_noun
crows,@,-14.5625,1,single_token,not_valid_noun
crows,......... animal,-14.59375,2,2token,not_valid_noun
crows,......... a,-14.59375,2,2token,not_valid_noun
crows,owl .,-14.59375,2,2token,not_valid_noun
crows,"_______ ,",-14.59375,2,2token,not_valid_noun
crows,_________ Read,-14.59375,2,2token,not_valid_noun
crows,..... ...,-14.59375,2,2token,not_valid_noun
crows,_________ They,-14.59375,2,2token,not_valid_noun
crows,avian,-14.59375,2,2token,not_valid_noun
crows,pigeon .,-14.59375,2,2token,not_valid_noun
crows,_________ that,-14.59375,2,2token,not_valid_noun
crows,dinosaur Complete,-14.59375,2,2token,not_valid_noun
crows,.... _,-14.59375,2,2token,not_valid_noun
crows,.... This,-14.59375,2,2token,not_valid_noun
crows,", animal",-14.59375,2,2token,not_valid_noun
crows,.... An,-14.59375,2,2token,not_valid_noun
crows,__________ _________,-14.59375,2,2token,not_valid_noun
crows,"__________ ,",-14.59375,2,2token,not_valid_noun
crows,..... I,-14.59375,2,2token,not_valid_noun
crows,..... -,-14.59375,2,2token,not_valid_noun
crows,..... Choose,-14.59375,2,2token,not_valid_noun
crows,..... Select,-14.59375,2,2token,not_valid_noun
crows,..... complete,-14.59375,2,2token,not_valid_noun
crows,_ What,-14.59375,2,2token,not_valid_noun
crows,_ mammal,-14.59375,2,2token,not_valid_noun
crows,_ fish,-14.59375,2,2token,not_valid_noun
crows,__________ ____________,-14.59375,2,2token,not_valid_noun
crows,....,-14.59375,2,2token,not_valid_noun
crows,The following,-14.59375,2,2token,not_valid_noun
crows,-.,-14.609375,2,2token,not_valid_noun
crows,unclean,-14.625,1,single_token,not_valid_noun
crows,Crows,-14.625,1,single_token,not_valid_noun
crows,sociable,-14.625,1,single_token,incomplete_phrase
crows,,-14.625,1,single_token,not_valid_noun
crows,foe,-14.625,1,single_token,not_valid_noun
crows,Par,-14.625,1,single_token,incomplete_phrase
crows,птица,-14.625,1,single_token,not_valid_noun
crows,There,-14.625,1,single_token,incomplete_phrase
crows,us,-14.625,1,single_token,not_valid_noun
crows,owls,-14.625,1,single_token,not_valid_noun
crows,鳥,-14.625,1,single_token,not_valid_noun
crows,eagles,-14.625,1,single_token,not_valid_noun
crows,an .,-14.625,2,2token,not_valid_noun
crows,wat,-14.625,1,single_token,not_valid_noun
crows,poo,-14.625,1,single_token,not_valid_noun
crows,modern,-14.625,1,single_token,incomplete_phrase
crows,SE,-14.625,1,single_token,not_valid_noun
crows,kin,-14.625,1,single_token,not_valid_noun
crows,Bir,-14.625,1,single_token,not_valid_noun
crows,vet,-14.625,1,single_token,not_valid_noun
crows,North,-14.625,1,single_token,incomplete_phrase
crows,latin,-14.625,1,single_token,incomplete_phrase
crows,migrate,-14.625,1,single_token,not_valid_noun
crows,nouns,-14.625,1,single_token,not_valid_noun
crows,â,-14.625,1,single_token,not_valid_noun
crows,a word,-14.625,2,2token,not_valid_noun
crows,ga,-14.625,1,single_token,not_valid_noun
crows,Type,-14.625,1,single_token,incomplete_phrase
crows,wi,-14.625,1,single_token,not_valid_noun
crows,,-14.625,1,single_token,not_valid_noun
crows,........ What,-14.625,2,2token,not_valid_noun
crows,____ What,-14.625,2,2token,not_valid_noun
crows,sparrows,-14.625,1,single_token,not_valid_noun
crows,____ ______,-14.625,2,2token,not_valid_noun
crows,cy,-14.625,1,single_token,not_valid_noun
crows,“,-14.625,1,single_token,not_valid_noun
crows,peoples,-14.625,1,single_token,not_valid_noun
crows,pu,-14.625,1,single_token,not_valid_noun
crows,●,-14.625,1,single_token,not_valid_noun
crows,doing,-14.625,1,single_token,not_valid_noun
crows,making,-14.625,1,single_token,incomplete_phrase
crows,pri,-14.625,1,single_token,not_valid_noun
crows,Eagles,-14.625,1,single_token,not_valid_noun
crows,____ Select,-14.625,2,2token,not_valid_noun
crows,a sea,-14.625,2,2token,not_valid_noun
crows,a lot,-14.625,2,2token,not_valid_noun
crows,...... Write,-14.625,2,2token,not_valid_noun
crows,"..., they",-14.625,2,2token,not_valid_noun
crows,pat,-14.625,1,single_token,incomplete_phrase
crows,Can,-14.625,1,single_token,incomplete_phrase
crows,O,-14.625,1,single_token,not_valid_noun
crows,sa,-14.625,1,single_token,not_valid_noun
crows,Do,-14.625,1,single_token,not_valid_noun
crows,ost,-14.625,1,single_token,not_valid_noun
crows,? _,-14.625,2,2token,not_valid_noun
crows,an,-14.625,2,2token,not_valid_noun
crows,BLACK,-14.625,1,single_token,incomplete_phrase
crows,an owl,-14.625,2,2token,not_valid_noun
crows,? animals,-14.625,2,2token,not_valid_noun
crows,.............. birds,-14.640625,2,2token,not_valid_noun
crows,w ...,-14.640625,2,2token,not_valid_noun
crows,…. We,-14.65625,2,2token,not_valid_noun
crows,mammal with,-14.65625,2,2token,incomplete_phrase
crows,…. Select,-14.65625,2,2token,not_valid_noun
crows,…. Use,-14.65625,2,2token,not_valid_noun
crows,…. How,-14.65625,2,2token,not_valid_noun
crows,Birds complete,-14.65625,2,2token,not_valid_noun
crows,what .,-14.65625,2,2token,not_valid_noun
crows,…. You,-14.65625,2,2token,not_valid_noun
crows,mammal that,-14.65625,2,2token,incomplete_phrase
crows,feather (,-14.65625,2,2token,not_valid_noun
crows,fruit .,-14.65625,2,2token,not_valid_noun
crows,…. Find,-14.65625,2,2token,not_valid_noun
crows,…. animals,-14.65625,2,2token,not_valid_noun
crows,............ Fill,-14.65625,2,2token,not_valid_noun
crows,species Complete,-14.65625,2,2token,not_valid_noun
crows,............ (,-14.65625,2,2token,not_valid_noun
crows,___ Choose,-14.65625,2,2token,not_valid_noun
crows,___ :,-14.65625,2,2token,not_valid_noun
crows,___ They,-14.65625,2,2token,not_valid_noun
crows,___ There,-14.65625,2,2token,not_valid_noun
crows,___ fish,-14.65625,2,2token,not_valid_noun
crows,___ In,-14.65625,2,2token,not_valid_noun
crows,or birds,-14.671875,2,2token,not_valid_noun
crows,or animal,-14.671875,2,2token,not_valid_noun
crows,the kind,-14.6875,2,2token,not_valid_noun
crows,smaller,-14.6875,1,single_token,not_valid_noun
crows,more,-14.6875,1,single_token,incomplete_phrase
crows,animals with,-14.6875,2,2token,incomplete_phrase
crows,………… Complete,-14.6875,2,2token,not_valid_noun
crows,get,-14.6875,1,single_token,not_valid_noun
crows,parrot (,-14.6875,2,2token,not_valid_noun
crows,human Complete,-14.6875,2,2token,not_valid_noun
crows,e .,-14.6875,2,2token,not_valid_noun
crows,A .,-14.6875,2,2token,not_valid_noun
crows,which birds,-14.6875,2,2token,not_valid_noun
crows,Sea,-14.6875,1,single_token,incomplete_phrase
crows,black ...,-14.6875,2,2token,not_valid_noun
crows,_. Choose,-14.6875,2,2token,not_valid_noun
crows,________ A,-14.6875,2,2token,not_valid_noun
crows,.. Write,-14.6875,2,2token,not_valid_noun
crows,moving,-14.6875,1,single_token,not_valid_noun
crows,hear,-14.6875,1,single_token,not_valid_noun
crows,yard,-14.6875,1,single_token,incomplete_phrase
crows,aquatic,-14.6875,1,single_token,incomplete_phrase
crows,sized,-14.6875,1,single_token,not_valid_noun
crows,G,-14.6875,1,single_token,not_valid_noun
crows,female,-14.6875,1,single_token,incomplete_phrase
crows,eyes,-14.6875,1,single_token,not_valid_noun
crows,fowl ...,-14.6875,2,2token,not_valid_noun
crows,: COMPLETE,-14.6875,2,2token,not_valid_noun
crows,: fish,-14.6875,2,2token,not_valid_noun
crows,used,-14.6875,1,single_token,not_valid_noun
crows,than,-14.6875,1,single_token,not_valid_noun
crows,: ____,-14.6875,2,2token,not_valid_noun
crows,best,-14.6875,1,single_token,incomplete_phrase
crows,******,-14.6875,1,single_token,not_valid_noun
crows,cer,-14.6875,1,single_token,not_valid_noun
crows,//,-14.6875,1,single_token,not_valid_noun
crows,->,-14.6875,1,single_token,not_valid_noun
crows,whether,-14.6875,1,single_token,not_valid_noun
crows,scaven,-14.6875,1,single_token,not_valid_noun
crows,frightened,-14.6875,1,single_token,not_valid_noun
crows,【,-14.6875,1,single_token,not_valid_noun
crows,o birds,-14.703125,2,2token,not_valid_noun
crows,---- .,-14.71875,2,2token,not_valid_noun
crows,fly (,-14.71875,2,2token,not_valid_noun
crows,insect .,-14.71875,2,2token,not_valid_noun
crows,of of,-14.71875,2,2token,not_valid_noun
crows,-. A,-14.71875,2,2token,not_valid_noun
crows,- A,-14.71875,2,2token,not_valid_noun
crows,of ...,-14.71875,2,2token,not_valid_noun
crows,", or",-14.71875,2,2token,not_valid_noun
crows,.... We,-14.71875,2,2token,not_valid_noun
crows,__________ or,-14.71875,2,2token,not_valid_noun
crows,......... animals,-14.71875,2,2token,not_valid_noun
crows,.... There,-14.71875,2,2token,not_valid_noun
crows,", as",-14.71875,2,2token,not_valid_noun
crows,", ...",-14.71875,2,2token,not_valid_noun
crows,", because",-14.71875,2,2token,not_valid_noun
crows,.... You,-14.71875,2,2token,not_valid_noun
crows,car (,-14.71875,2,2token,not_valid_noun
crows,.... are,-14.71875,2,2token,not_valid_noun
crows,__________ ?,-14.71875,2,2token,not_valid_noun
crows,.... ____,-14.71875,2,2token,not_valid_noun
crows,.... How,-14.71875,2,2token,not_valid_noun
crows,.... Birds,-14.71875,2,2token,not_valid_noun
crows,____ The,-14.75,2,2token,not_valid_noun
crows,bir …,-14.75,2,2token,not_valid_noun
crows,...... fruit,-14.75,2,2token,not_valid_noun
crows,? I,-14.75,2,2token,not_valid_noun
crows,____ fill,-14.75,2,2token,not_valid_noun
crows,____ fruit,-14.75,2,2token,not_valid_noun
crows,____ of,-14.75,2,2token,not_valid_noun
crows,wild …,-14.75,2,2token,not_valid_noun
crows,_______ ....,-14.75,2,2token,not_valid_noun
crows,/ some,-14.75,2,2token,not_valid_noun
crows,........ bird,-14.75,2,2token,not_valid_noun
crows,/ many,-14.75,2,2token,not_valid_noun
crows,.............. bird,-14.765625,2,2token,not_valid_noun
crows,my pet,-14.78125,2,2token,not_valid_noun
crows,.......... birds,-14.78125,2,2token,not_valid_noun
crows,what animals,-14.78125,2,2token,not_valid_noun
crows,…. Birds,-14.78125,2,2token,not_valid_noun
crows,and complete,-14.78125,2,2token,not_valid_noun
crows,?.,-14.78125,2,2token,not_valid_noun
crows,name Complete,-14.78125,2,2token,not_valid_noun
crows,s .,-14.78125,2,2token,not_valid_noun
crows,( ________,-14.78125,2,2token,not_valid_noun
crows,crow or,-14.78125,2,2token,not_valid_noun
crows,What bird,-14.78125,2,2token,not_valid_noun
crows,X .,-14.78125,2,2token,not_valid_noun
crows,n .,-14.78125,2,2token,not_valid_noun
crows,Animal .,-14.78125,2,2token,not_valid_noun
crows,[ _,-14.78125,2,2token,not_valid_noun
crows,meat Complete,-14.78125,2,2token,not_valid_noun
crows,in this,-14.796875,2,2token,not_valid_noun
crows,sparrow Complete,-14.796875,2,2token,not_valid_noun
crows,bes,-14.8125,1,single_token,incomplete_phrase
crows,animals Fill,-14.8125,2,2token,not_valid_noun
crows,hum,-14.8125,1,single_token,incomplete_phrase
crows,.. I,-14.8125,2,2token,not_valid_noun
crows,__ __,-14.8125,2,2token,not_valid_noun
crows,: Read,-14.8125,2,2token,not_valid_noun
crows,:),-14.8125,1,single_token,not_valid_noun
crows,--- Complete,-14.8125,2,2token,not_valid_noun
crows,scare,-14.8125,1,single_token,incomplete_phrase
crows,noises,-14.8125,1,single_token,not_valid_noun
crows,while,-14.8125,1,single_token,incomplete_phrase
crows,inf,-14.8125,1,single_token,incomplete_phrase
crows,true,-14.8125,1,single_token,incomplete_phrase
crows,da,-14.8125,1,single_token,not_valid_noun
crows,Verte,-14.8125,1,single_token,not_valid_noun
crows,ornamental,-14.8125,1,single_token,incomplete_phrase
crows,(…),-14.8125,1,single_token,not_valid_noun
crows,arti,-14.8125,1,single_token,not_valid_noun
crows,: Choose,-14.8125,2,2token,not_valid_noun
crows,gran,-14.8125,1,single_token,not_valid_noun
crows,fowl and,-14.8125,2,2token,incomplete_phrase
crows,whose,-14.8125,1,single_token,not_valid_noun
crows,wonderful,-14.8125,1,single_token,not_valid_noun
crows,liv,-14.8125,1,single_token,incomplete_phrase
crows,tiny,-14.8125,1,single_token,not_valid_noun
crows,places,-14.8125,1,single_token,not_valid_noun
crows,Car,-14.8125,1,single_token,incomplete_phrase
crows,A B,-14.8125,2,2token,not_valid_noun
crows,pra,-14.8125,1,single_token,not_valid_noun
crows,Asian,-14.8125,1,single_token,incomplete_phrase
crows,***,-14.8125,1,single_token,not_valid_noun
crows,。,-14.8125,1,single_token,not_valid_noun
crows,:/,-14.8125,1,single_token,not_valid_noun
crows,creepy,-14.8125,1,single_token,not_valid_noun
crows,visitors,-14.8125,1,single_token,not_valid_noun
crows,pass,-14.8125,1,single_token,incomplete_phrase
crows,….. The,-14.8125,2,2token,not_valid_noun
crows,mammal ....,-14.8125,2,2token,not_valid_noun
crows,_. ...,-14.8125,2,2token,not_valid_noun
crows,mammal or,-14.8125,2,2token,not_valid_noun
crows,_. Use,-14.8125,2,2token,not_valid_noun
crows,_. Explain,-14.8125,2,2token,not_valid_noun
crows,that eat,-14.828125,2,2token,incomplete_phrase
crows,..... Answer,-14.84375,2,2token,not_valid_noun
crows,n,-14.84375,2,2token,not_valid_noun
crows,creature (,-14.84375,2,2token,not_valid_noun
crows,creature that,-14.84375,2,2token,incomplete_phrase
crows,_ _____,-14.84375,2,2token,not_valid_noun
crows,of,-14.84375,2,2token,not_valid_noun
crows,.... of,-14.84375,2,2token,not_valid_noun
crows,__________ [,-14.84375,2,2token,not_valid_noun
crows,.... More,-14.84375,2,2token,not_valid_noun
crows,..... In,-14.84375,2,2token,not_valid_noun
crows,The complete,-14.84375,2,2token,not_valid_noun
crows,turkey Complete,-14.84375,2,2token,not_valid_noun
crows,-. The,-14.84375,2,2token,not_valid_noun
crows,_ and,-14.84375,2,2token,not_valid_noun
crows,"_ ,",-14.84375,2,2token,not_valid_noun
crows,_ Birds,-14.84375,2,2token,not_valid_noun
crows,_ Answer,-14.84375,2,2token,not_valid_noun
crows,_ ..,-14.84375,2,2token,not_valid_noun
crows,c ____,-14.84375,2,2token,not_valid_noun
crows,_ of,-14.84375,2,2token,not_valid_noun
crows,aeroplane Complete,-14.84375,2,2token,not_valid_noun
crows,tree .,-14.84375,2,2token,not_valid_noun
crows,............... Fill,-14.84375,2,2token,not_valid_noun
crows,c …,-14.84375,2,2token,not_valid_noun
crows,............... (,-14.84375,2,2token,not_valid_noun
crows,__________ is,-14.84375,2,2token,not_valid_noun
crows,......... What,-14.84375,2,2token,not_valid_noun
crows,- fly,-14.84375,2,2token,not_valid_noun
crows,.... Explain,-14.84375,2,2token,not_valid_noun
crows,I don,-14.859375,2,2token,not_valid_noun
crows,BIRDS Complete,-14.859375,2,2token,not_valid_noun
crows,vill,-14.875,1,single_token,not_valid_noun
crows,apart,-14.875,1,single_token,not_valid_noun
crows,families,-14.875,1,single_token,not_valid_noun
crows,____ _______,-14.875,2,2token,not_valid_noun
crows,big ...,-14.875,2,2token,not_valid_noun
crows,...... ...,-14.875,2,2token,not_valid_noun
crows,? ________,-14.875,2,2token,not_valid_noun
crows,/ color,-14.875,2,2token,not_valid_noun
crows,british,-14.875,1,single_token,incomplete_phrase
crows,_______ fruit,-14.875,2,2token,not_valid_noun
crows,_______ are,-14.875,2,2token,not_valid_noun
crows,_______ :,-14.875,2,2token,not_valid_noun
crows,____ I,-14.875,2,2token,not_valid_noun
crows,....... What,-14.875,2,2token,not_valid_noun
crows,FE,-14.875,1,single_token,not_valid_noun
crows,_______ ___________,-14.875,2,2token,not_valid_noun
crows,believe,-14.875,1,single_token,not_valid_noun
crows,Bird that,-14.875,2,2token,incomplete_phrase
crows,aerial,-14.875,1,single_token,incomplete_phrase
crows,Examples,-14.875,1,single_token,not_valid_noun
crows,........ ...,-14.875,2,2token,not_valid_noun
crows,Ø,-14.875,1,single_token,not_valid_noun
crows,fruits,-14.875,1,single_token,not_valid_noun
crows,........ animal,-14.875,2,2token,not_valid_noun
crows,........ Write,-14.875,2,2token,not_valid_noun
crows,scared,-14.875,1,single_token,not_valid_noun
crows,"..., crows",-14.875,2,2token,not_valid_noun
crows,gri,-14.875,1,single_token,not_valid_noun
crows,_______ Correct,-14.875,2,2token,not_valid_noun
crows,.( bird,-14.875,2,2token,not_valid_noun
crows,gab,-14.875,1,single_token,incomplete_phrase
crows,_______ Write,-14.875,2,2token,not_valid_noun
crows,found,-14.875,1,single_token,incomplete_phrase
crows,gal,-14.875,1,single_token,incomplete_phrase
crows,/ colour,-14.875,2,2token,not_valid_noun
crows,useful,-14.875,1,single_token,not_valid_noun
crows,cannot,-14.875,1,single_token,not_valid_noun
crows,five,-14.875,1,single_token,incomplete_phrase
crows,/ group,-14.875,2,2token,not_valid_noun
crows,Bird or,-14.875,2,2token,not_valid_noun
crows,w bird,-14.890625,2,2token,not_valid_noun
crows,crow is,-14.90625,2,2token,not_valid_noun
crows,word .,-14.90625,2,2token,not_valid_noun
crows,…. There,-14.90625,2,2token,not_valid_noun
crows,name .,-14.90625,2,2token,not_valid_noun
crows,and fruit,-14.90625,2,2token,not_valid_noun
crows,my favourite,-14.90625,2,2token,not_valid_noun
crows,type .,-14.90625,2,2token,not_valid_noun
crows,what are,-14.90625,2,2token,not_valid_noun
crows,my favorite,-14.90625,2,2token,not_valid_noun
crows,what,-14.90625,2,2token,not_valid_noun
crows,…. -,-14.90625,2,2token,not_valid_noun
crows,............. Fill,-14.90625,2,2token,not_valid_noun
crows,c ....,-14.90625,2,2token,not_valid_noun
crows,species .,-14.90625,2,2token,not_valid_noun
crows,c ______,-14.90625,2,2token,not_valid_noun
crows,in birds,-14.921875,2,2token,not_valid_noun
crows,.\,-14.9375,1,single_token,not_valid_noun
crows,airline,-14.9375,1,single_token,not_valid_noun
crows,___________ ___________,-14.9375,2,2token,not_valid_noun
crows,sam,-14.9375,1,single_token,incomplete_phrase
crows,ground,-14.9375,1,single_token,incomplete_phrase
crows,Our,-14.9375,1,single_token,incomplete_phrase
crows,___________ animal,-14.9375,2,2token,not_valid_noun
crows,vis,-14.9375,1,single_token,incomplete_phrase
crows,thi,-14.9375,1,single_token,not_valid_noun
crows,flown,-14.9375,1,single_token,not_valid_noun
crows,verv,-14.9375,1,single_token,not_valid_noun
crows,humans,-14.9375,1,single_token,not_valid_noun
crows,________ ______,-14.9375,2,2token,not_valid_noun
crows,the class,-14.9375,2,2token,not_valid_noun
crows,bul,-14.9375,1,single_token,not_valid_noun
crows,flying .,-14.9375,2,2token,not_valid_noun
crows,….. What,-14.9375,2,2token,not_valid_noun
crows,un,-14.9375,1,single_token,not_valid_noun
crows,Canada,-14.9375,1,single_token,incomplete_phrase
crows,_:,-14.9375,1,single_token,not_valid_noun
crows,••,-14.9375,1,single_token,not_valid_noun
crows,¬,-14.9375,1,single_token,not_valid_noun
crows,.. Choose,-14.9375,2,2token,not_valid_noun
crows,.. -,-14.9375,2,2token,not_valid_noun
crows,_. Correct,-14.9375,2,2token,not_valid_noun
crows,_. _,-14.9375,2,2token,not_valid_noun
crows,fowl ....,-14.9375,2,2token,not_valid_noun
crows,predator Complete,-14.9375,2,2token,not_valid_noun
crows,dir,-14.9375,1,single_token,not_valid_noun
crows,the,-14.9375,2,2token,not_valid_noun
crows,customers,-14.9375,1,single_token,not_valid_noun
crows,[',-14.9375,1,single_token,not_valid_noun
crows,which type,-14.9375,2,2token,not_valid_noun
crows,bright,-14.9375,1,single_token,not_valid_noun
crows,So,-14.9375,1,single_token,not_valid_noun
crows,________ animals,-14.9375,2,2token,not_valid_noun
crows,________ ____,-14.9375,2,2token,not_valid_noun
crows,har,-14.9375,1,single_token,not_valid_noun
crows,_. .,-14.9375,2,2token,not_valid_noun
crows,".... ,",-14.96875,2,2token,not_valid_noun
crows,…… Read,-14.96875,2,2token,not_valid_noun
crows,..... Correct,-14.96875,2,2token,not_valid_noun
crows,_,-14.96875,2,2token,not_valid_noun
crows,< bird,-14.96875,2,2token,not_valid_noun
crows,.... Match,-14.96875,2,2token,not_valid_noun
crows,…… ..,-14.96875,2,2token,not_valid_noun
crows,c o,-14.96875,2,2token,not_valid_noun
crows,__________ ....,-14.96875,2,2token,not_valid_noun
crows,__________ crows,-14.96875,2,2token,not_valid_noun
crows,__________ _.,-14.96875,2,2token,not_valid_noun
crows,The correct,-14.96875,2,2token,not_valid_noun
crows,", Fill",-14.96875,2,2token,not_valid_noun
crows,", animals",-14.96875,2,2token,not_valid_noun
crows,cat Complete,-14.96875,2,2token,not_valid_noun
crows,- -.,-14.96875,2,2token,not_valid_noun
crows,- of,-14.96875,2,2token,not_valid_noun
crows,__________ :,-14.96875,2,2token,not_valid_noun
crows,- I,-14.96875,2,2token,not_valid_noun
crows,d bird,-14.96875,2,2token,not_valid_noun
crows,_,-14.96875,2,2token,not_valid_noun
crows,_ Read,-14.96875,2,2token,not_valid_noun
crows,_ I,-14.96875,2,2token,not_valid_noun
crows,f a,-14.96875,2,2token,not_valid_noun
crows,f __,-14.96875,2,2token,not_valid_noun
crows,f -,-14.96875,2,2token,not_valid_noun
crows,......... fruit,-14.96875,2,2token,not_valid_noun
crows,...... I,-15.0,2,2token,not_valid_noun
crows,fierce,-15.0,1,single_token,not_valid_noun
crows,_______ I,-15.0,2,2token,not_valid_noun
crows,cran,-15.0,1,single_token,incomplete_phrase
crows,ones,-15.0,1,single_token,not_valid_noun
crows,Pri,-15.0,1,single_token,not_valid_noun
crows,( crow,-15.0,2,2token,not_valid_noun
crows,Bird The,-15.0,2,2token,incomplete_phrase
crows,bra,-15.0,1,single_token,incomplete_phrase
crows,fish ...,-15.0,2,2token,not_valid_noun
crows,____,-15.0,2,2token,not_valid_noun
crows,........ fruit,-15.0,2,2token,not_valid_noun
crows,public,-15.0,1,single_token,incomplete_phrase
crows,Per,-15.0,1,single_token,not_valid_noun
crows,"..., because",-15.0,2,2token,not_valid_noun
crows,T,-15.0,1,single_token,not_valid_noun
crows,"..., (",-15.0,2,2token,not_valid_noun
crows,"..., which",-15.0,2,2token,not_valid_noun
crows,fa,-15.0,1,single_token,not_valid_noun
crows,#,-15.0,1,single_token,not_valid_noun
crows,cop,-15.0,1,single_token,incomplete_phrase
crows,"..., the",-15.0,2,2token,not_valid_noun
crows,fee,-15.0,1,single_token,incomplete_phrase
crows,tools,-15.0,1,single_token,not_valid_noun
crows,plants,-15.0,1,single_token,not_valid_noun
crows,gram,-15.0,1,single_token,incomplete_phrase
crows,TYPE,-15.0,1,single_token,incomplete_phrase
crows,bigger,-15.0,1,single_token,not_valid_noun
crows,larg,-15.0,1,single_token,not_valid_noun
crows,symbols,-15.0,1,single_token,not_valid_noun
crows,an ...,-15.0,2,2token,not_valid_noun
crows,migrating,-15.0,1,single_token,not_valid_noun
crows,moll,-15.0,1,single_token,incomplete_phrase
crows,unlike,-15.0,1,single_token,not_valid_noun
crows,an birds,-15.0,2,2token,not_valid_noun
crows,XXX,-15.0,1,single_token,not_valid_noun
crows,ﬁ,-15.0,1,single_token,not_valid_noun
crows,_______ [,-15.0,2,2token,not_valid_noun
crows,---------------,-15.0,1,single_token,not_valid_noun
crows,( .,-15.0,2,2token,not_valid_noun
crows,_______ Select,-15.0,2,2token,not_valid_noun
crows,_______ _.,-15.0,2,2token,not_valid_noun
crows,_______ is,-15.0,2,2token,not_valid_noun
crows,____ Answer,-15.0,2,2token,not_valid_noun
crows,.............. Fill,-15.03125,2,2token,not_valid_noun
crows,[ bird,-15.03125,2,2token,not_valid_noun
crows,Birds (,-15.03125,2,2token,not_valid_noun
crows,?. Fill,-15.03125,2,2token,not_valid_noun
crows,…. …,-15.03125,2,2token,not_valid_noun
crows,What type,-15.03125,2,2token,not_valid_noun
crows,.......... Fill,-15.03125,2,2token,not_valid_noun
crows,What animal,-15.03125,2,2token,not_valid_noun
crows,............. (,-15.03125,2,2token,not_valid_noun
crows,and,-15.03125,2,2token,not_valid_noun
crows,rat Complete,-15.03125,2,2token,not_valid_noun
crows,crow and,-15.03125,2,2token,incomplete_phrase
crows,crow in,-15.03125,2,2token,not_valid_noun
crows,___________ A,-15.0625,2,2token,not_valid_noun
crows,frightening,-15.0625,1,single_token,incomplete_phrase
crows,´,-15.0625,1,single_token,not_valid_noun
crows,________ that,-15.0625,2,2token,not_valid_noun
crows,________ The,-15.0625,2,2token,not_valid_noun
crows,________ of,-15.0625,2,2token,not_valid_noun
crows,___________ _______,-15.0625,2,2token,not_valid_noun
crows,singers,-15.0625,1,single_token,not_valid_noun
crows,-(,-15.0625,1,single_token,not_valid_noun
crows,________ ?,-15.0625,2,2token,not_valid_noun
crows,boring,-15.0625,1,single_token,incomplete_phrase
crows,flying ...,-15.0625,2,2token,not_valid_noun
crows,�,-15.0625,1,single_token,not_valid_noun
crows,"(,",-15.0625,1,single_token,not_valid_noun
crows,ﬂ,-15.0625,1,single_token,not_valid_noun
crows,ect,-15.0625,1,single_token,not_valid_noun
crows,鸟,-15.0625,1,single_token,not_valid_noun
crows,black or,-15.0625,2,2token,not_valid_noun
crows,terrible,-15.0625,1,single_token,not_valid_noun
crows,___________,-15.0625,2,2token,not_valid_noun
crows,mammal in,-15.0625,2,2token,not_valid_noun
crows,* *,-15.0625,2,2token,not_valid_noun
crows,* birds,-15.0625,2,2token,not_valid_noun
crows,* .,-15.0625,2,2token,not_valid_noun
crows,animals _______,-15.0625,2,2token,not_valid_noun
crows,_. Answer,-15.0625,2,2token,not_valid_noun
crows,_. How,-15.0625,2,2token,not_valid_noun
crows,........... The,-15.0625,2,2token,not_valid_noun
crows,........... A,-15.0625,2,2token,not_valid_noun
crows,cheap,-15.0625,1,single_token,not_valid_noun
crows,........... a,-15.0625,2,2token,not_valid_noun
crows,_. If,-15.0625,2,2token,not_valid_noun
crows,$.,-15.0625,1,single_token,not_valid_noun
crows,certain,-15.0625,1,single_token,not_valid_noun
crows,____________ of,-15.0625,2,2token,not_valid_noun
crows,figures,-15.0625,1,single_token,not_valid_noun
crows,A A,-15.0625,2,2token,not_valid_noun
crows,well,-15.0625,1,single_token,incomplete_phrase
crows,was,-15.0625,1,single_token,not_valid_noun
crows,able,-15.0625,1,single_token,not_valid_noun
crows,unusual,-15.0625,1,single_token,not_valid_noun
crows,: fruit,-15.0625,2,2token,not_valid_noun
crows,: What,-15.0625,2,2token,not_valid_noun
crows,: ______,-15.0625,2,2token,not_valid_noun
crows,civil,-15.0625,1,single_token,not_valid_noun
crows,Cir,-15.0625,1,single_token,incomplete_phrase
crows,typical,-15.0625,1,single_token,not_valid_noun
crows,verte,-15.0625,1,single_token,not_valid_noun
crows,bab,-15.0625,1,single_token,incomplete_phrase
crows,Dal,-15.0625,1,single_token,incomplete_phrase
crows,thing Complete,-15.0625,2,2token,not_valid_noun
crows,____________ animal,-15.0625,2,2token,not_valid_noun
crows,____________ ____________,-15.0625,2,2token,not_valid_noun
crows,…………,-15.0625,2,2token,not_valid_noun
crows,.. In,-15.0625,2,2token,not_valid_noun
crows,hen Complete,-15.0625,2,2token,not_valid_noun
crows,......... ?,-15.09375,2,2token,not_valid_noun
crows,of fowl,-15.09375,2,2token,not_valid_noun
crows,of mammal,-15.09375,2,2token,not_valid_noun
crows,c _____,-15.09375,2,2token,not_valid_noun
crows,- ...,-15.09375,2,2token,not_valid_noun
crows,fly or,-15.09375,2,2token,not_valid_noun
crows,..... Birds,-15.09375,2,2token,not_valid_noun
crows,owl (,-15.09375,2,2token,not_valid_noun
crows,of (,-15.09375,2,2token,not_valid_noun
crows,..... crow,-15.09375,2,2token,not_valid_noun
crows,__________ _____,-15.09375,2,2token,not_valid_noun
crows,- _.,-15.09375,2,2token,not_valid_noun
crows,c (,-15.09375,2,2token,not_valid_noun
crows,noise Complete,-15.09375,2,2token,not_valid_noun
crows,__________ that,-15.09375,2,2token,not_valid_noun
crows,- Birds,-15.09375,2,2token,not_valid_noun
crows,many other,-15.09375,2,2token,not_valid_noun
crows,wildlife .,-15.09375,2,2token,not_valid_noun
crows,birdie .,-15.09375,2,2token,not_valid_noun
crows,", so",-15.09375,2,2token,not_valid_noun
crows,_ Animal,-15.09375,2,2token,not_valid_noun
crows,I think,-15.109375,2,2token,not_valid_noun
crows,I can,-15.109375,2,2token,not_valid_noun
crows,crows Complete,-15.109375,2,2token,not_valid_noun
crows,fli,-15.125,1,single_token,not_valid_noun
crows,ph,-15.125,1,single_token,not_valid_noun
crows,versatile,-15.125,1,single_token,not_valid_noun
crows,Flying,-15.125,1,single_token,incomplete_phrase
crows,greg,-15.125,1,single_token,incomplete_phrase
crows,....... Read,-15.125,2,2token,not_valid_noun
crows,an ______,-15.125,2,2token,not_valid_noun
crows,seen,-15.125,1,single_token,not_valid_noun
crows,tou,-15.125,1,single_token,not_valid_noun
crows,books,-15.125,1,single_token,not_valid_noun
crows,Great,-15.125,1,single_token,incomplete_phrase
crows,vegetables,-15.125,1,single_token,not_valid_noun
crows,Australian,-15.125,1,single_token,incomplete_phrase
crows,www,-15.125,1,single_token,not_valid_noun
crows,fu,-15.125,1,single_token,not_valid_noun
crows,],-15.125,1,single_token,not_valid_noun
crows,hot,-15.125,1,single_token,not_valid_noun
crows,_______ that,-15.125,2,2token,not_valid_noun
crows,uh,-15.125,1,single_token,not_valid_noun
crows,Answer,-15.125,1,single_token,not_valid_noun
crows,such,-15.125,1,single_token,not_valid_noun
crows,leg,-15.125,1,single_token,incomplete_phrase
crows,Bird is,-15.125,2,2token,not_valid_noun
crows,( type,-15.125,2,2token,not_valid_noun
crows,/,-15.125,2,2token,not_valid_noun
crows,,-15.125,1,single_token,not_valid_noun
crows,game .,-15.125,2,2token,not_valid_noun
crows,_______ crows,-15.125,2,2token,not_valid_noun
crows,/ breed,-15.125,2,2token,not_valid_noun
crows,~~,-15.125,1,single_token,not_valid_noun
crows,clu,-15.125,1,single_token,not_valid_noun
crows,_______ Read,-15.125,2,2token,not_valid_noun
crows,nn,-15.125,1,single_token,not_valid_noun
crows,silly,-15.125,1,single_token,incomplete_phrase
crows,........ I,-15.125,2,2token,not_valid_noun
crows,........ animals,-15.125,2,2token,not_valid_noun
crows,_______ Choose,-15.125,2,2token,not_valid_noun
crows,....... animal,-15.125,2,2token,not_valid_noun
crows,? In,-15.125,2,2token,not_valid_noun
crows,? Select,-15.125,2,2token,not_valid_noun
crows,then,-15.125,1,single_token,not_valid_noun
crows,birds,-15.125,2,2token,not_valid_noun
crows,ap,-15.125,1,single_token,not_valid_noun
crows,Ornith,-15.125,1,single_token,incomplete_phrase
crows,? _______,-15.125,2,2token,not_valid_noun
crows,...... Select,-15.125,2,2token,not_valid_noun
crows,....... fruit,-15.125,2,2token,not_valid_noun
crows,....... complete,-15.125,2,2token,not_valid_noun
crows,....... ...,-15.125,2,2token,not_valid_noun
crows,primary,-15.125,1,single_token,incomplete_phrase
crows,is the,-15.140625,2,2token,not_valid_noun
crows,is Complete,-15.140625,2,2token,not_valid_noun
crows,song ...,-15.15625,2,2token,not_valid_noun
crows,?. What,-15.15625,2,2token,not_valid_noun
crows,my .,-15.15625,2,2token,not_valid_noun
crows,my friends,-15.15625,2,2token,not_valid_noun
crows,type,-15.15625,2,2token,incomplete_phrase
crows,…. Fruit,-15.15625,2,2token,not_valid_noun
crows,f _,-15.15625,2,2token,not_valid_noun
crows,…. COMPLETE,-15.15625,2,2token,not_valid_noun
crows,…. Identify,-15.15625,2,2token,not_valid_noun
crows,.......... bird,-15.15625,2,2token,not_valid_noun
crows,…. They,-15.15625,2,2token,not_valid_noun
crows,…. If,-15.15625,2,2token,not_valid_noun
crows,…. An,-15.15625,2,2token,not_valid_noun
crows,?. The,-15.15625,2,2token,not_valid_noun
crows,crow ....,-15.15625,2,2token,not_valid_noun
crows,meat .,-15.15625,2,2token,not_valid_noun
crows,and animals,-15.15625,2,2token,not_valid_noun
crows,fowls Complete,-15.171875,2,2token,not_valid_noun
crows,………… (,-15.1875,2,2token,not_valid_noun
crows,food for,-15.1875,2,2token,incomplete_phrase
crows,or an,-15.1875,2,2token,not_valid_noun
crows,el,-15.1875,1,single_token,not_valid_noun
crows,cre,-15.1875,1,single_token,not_valid_noun
crows,He,-15.1875,1,single_token,not_valid_noun
crows,question,-15.1875,1,single_token,not_valid_noun
crows,All,-15.1875,1,single_token,not_valid_noun
crows,hal,-15.1875,1,single_token,incomplete_phrase
crows,animals which,-15.1875,2,2token,incomplete_phrase
crows,made,-15.1875,1,single_token,not_valid_noun
crows,noun Complete,-15.1875,2,2token,not_valid_noun
crows,:.,-15.1875,1,single_token,not_valid_noun
crows,this .,-15.1875,2,2token,not_valid_noun
crows,pet .,-15.1875,2,2token,not_valid_noun
crows,ele,-15.1875,1,single_token,not_valid_noun
crows,black ________,-15.1875,2,2token,not_valid_noun
crows,black ______,-15.1875,2,2token,not_valid_noun
crows,raptor Complete,-15.1875,2,2token,not_valid_noun
crows,___________ a,-15.1875,2,2token,not_valid_noun
crows,As,-15.1875,1,single_token,not_valid_noun
crows,___________,-15.1875,2,2token,not_valid_noun
crows,mu,-15.1875,1,single_token,not_valid_noun
crows,Interesting,-15.1875,1,single_token,not_valid_noun
crows,osp,-15.1875,1,single_token,not_valid_noun
crows,….. fruit,-15.1875,2,2token,not_valid_noun
crows,symbol Complete,-15.1875,2,2token,not_valid_noun
crows,___________ ...,-15.1875,2,2token,not_valid_noun
crows,Native,-15.1875,1,single_token,incomplete_phrase
crows,fec,-15.1875,1,single_token,not_valid_noun
crows,: fly,-15.1875,2,2token,not_valid_noun
crows,planning,-15.1875,1,single_token,not_valid_noun
crows,multiple,-15.1875,1,single_token,incomplete_phrase
crows,eagle .,-15.1875,2,2token,not_valid_noun
crows,feral,-15.1875,1,single_token,not_valid_noun
crows,Omni,-15.1875,1,single_token,not_valid_noun
crows,OW,-15.1875,1,single_token,not_valid_noun
crows,A word,-15.1875,2,2token,not_valid_noun
crows,A type,-15.1875,2,2token,not_valid_noun
crows,________ What,-15.1875,2,2token,not_valid_noun
crows,nde,-15.1875,1,single_token,not_valid_noun
crows,____________ _,-15.1875,2,2token,not_valid_noun
crows,________ -,-15.1875,2,2token,not_valid_noun
crows,_. This,-15.1875,2,2token,not_valid_noun
crows,________ fruit,-15.1875,2,2token,not_valid_noun
crows,RSP,-15.1875,1,single_token,not_valid_noun
crows,,-15.1875,1,single_token,not_valid_noun
crows,_. Read,-15.1875,2,2token,not_valid_noun
crows,fl,-15.1875,1,single_token,not_valid_noun
crows,unique,-15.1875,1,single_token,not_valid_noun
crows,: They,-15.1875,2,2token,not_valid_noun
crows,shiny,-15.1875,1,single_token,not_valid_noun
crows,BIG,-15.1875,1,single_token,not_valid_noun
crows,: an,-15.1875,2,2token,not_valid_noun
crows,_. Find,-15.1875,2,2token,not_valid_noun
crows,%.,-15.1875,1,single_token,not_valid_noun
crows,afraid,-15.1875,1,single_token,not_valid_noun
crows,Small,-15.1875,1,single_token,incomplete_phrase
crows,desert,-15.1875,1,single_token,incomplete_phrase
crows,colours,-15.1875,1,single_token,not_valid_noun
crows,ms,-15.1875,1,single_token,not_valid_noun
crows,__________ Select,-15.21875,2,2token,not_valid_noun
crows,__________ Animal,-15.21875,2,2token,not_valid_noun
crows,......... Read,-15.21875,2,2token,not_valid_noun
crows,......... Write,-15.21875,2,2token,not_valid_noun
crows,small ...,-15.21875,2,2token,not_valid_noun
crows,__________ I,-15.21875,2,2token,not_valid_noun
crows,", an",-15.21875,2,2token,not_valid_noun
crows,", etc",-15.21875,2,2token,not_valid_noun
crows,The first,-15.21875,2,2token,not_valid_noun
crows,The birds,-15.21875,2,2token,not_valid_noun
crows,f ___________,-15.21875,2,2token,not_valid_noun
crows,chicken complete,-15.21875,2,2token,not_valid_noun
crows,__________ Correct,-15.21875,2,2token,not_valid_noun
crows,.....,-15.21875,2,2token,not_valid_noun
crows,_ ....,-15.21875,2,2token,not_valid_noun
crows,chicken ...,-15.21875,2,2token,not_valid_noun
crows,chicken and,-15.21875,2,2token,incomplete_phrase
crows,_ ?,-15.21875,2,2token,not_valid_noun
crows,bad .,-15.21875,2,2token,not_valid_noun
crows,bad tempered,-15.21875,2,2token,not_valid_noun
crows,- ________,-15.21875,2,2token,not_valid_noun
crows,- ____,-15.21875,2,2token,not_valid_noun
crows,- ______,-15.21875,2,2token,not_valid_noun
crows,The bird,-15.21875,2,2token,not_valid_noun
crows,The Complete,-15.21875,2,2token,not_valid_noun
crows,of wild,-15.21875,2,2token,not_valid_noun
crows,I know,-15.234375,2,2token,not_valid_noun
crows,_______ In,-15.25,2,2token,not_valid_noun
crows,_______ ____________,-15.25,2,2token,not_valid_noun
crows,sm,-15.25,1,single_token,not_valid_noun
crows,You,-15.25,1,single_token,not_valid_noun
crows,kind (,-15.25,2,2token,not_valid_noun
crows,belongs,-15.25,1,single_token,not_valid_noun
crows,heter,-15.25,1,single_token,not_valid_noun
crows,cari,-15.25,1,single_token,not_valid_noun
crows,_______ Birds,-15.25,2,2token,not_valid_noun
crows,###,-15.25,1,single_token,not_valid_noun
crows,vi,-15.25,1,single_token,not_valid_noun
crows,pretty,-15.25,1,single_token,not_valid_noun
crows,lang,-15.25,1,single_token,not_valid_noun
crows,speak,-15.25,1,single_token,not_valid_noun
crows,articles,-15.25,1,single_token,not_valid_noun
crows,orders,-15.25,1,single_token,not_valid_noun
crows,big,-15.25,2,2token,not_valid_noun
crows,fighting,-15.25,1,single_token,incomplete_phrase
crows,sharp,-15.25,1,single_token,incomplete_phrase
crows,identify,-15.25,1,single_token,not_valid_noun
crows,odd,-15.25,1,single_token,not_valid_noun
crows,...... -,-15.25,2,2token,not_valid_noun
crows,....... ?,-15.25,2,2token,not_valid_noun
crows,lovely,-15.25,1,single_token,incomplete_phrase
crows,shy,-15.25,1,single_token,not_valid_noun
crows,/ part,-15.25,2,2token,not_valid_noun
crows,large brown,-15.25,2,2token,incomplete_phrase
crows,large grey,-15.25,2,2token,incomplete_phrase
crows,____ Birds,-15.25,2,2token,not_valid_noun
crows,_______,-15.25,2,2token,not_valid_noun
crows,? and,-15.25,2,2token,not_valid_noun
crows,"? ,",-15.25,2,2token,not_valid_noun
crows,? ....,-15.25,2,2token,not_valid_noun
crows,? COMPLETE,-15.25,2,2token,not_valid_noun
crows,tre,-15.25,1,single_token,not_valid_noun
crows,,-15.25,1,single_token,not_valid_noun
crows,K,-15.25,1,single_token,not_valid_noun
crows,col,-15.25,1,single_token,incomplete_phrase
crows,spec,-15.25,1,single_token,incomplete_phrase
crows,je,-15.25,1,single_token,not_valid_noun
crows,THE,-15.25,1,single_token,not_valid_noun
crows,____ is,-15.25,2,2token,not_valid_noun
crows,____ -,-15.25,2,2token,not_valid_noun
crows,"..., not",-15.25,2,2token,not_valid_noun
crows,"..., too",-15.25,2,2token,not_valid_noun
crows,multi,-15.25,1,single_token,not_valid_noun
crows,When,-15.25,1,single_token,not_valid_noun
crows,vog,-15.25,1,single_token,not_valid_noun
crows,cai,-15.25,1,single_token,not_valid_noun
crows,:::,-15.25,1,single_token,not_valid_noun
crows,( verb,-15.25,2,2token,not_valid_noun
crows,Bird of,-15.25,2,2token,not_valid_noun
crows,Bird A,-15.25,2,2token,not_valid_noun
crows,Bird _______,-15.25,2,2token,not_valid_noun
crows,crow that,-15.25,2,2token,incomplete_phrase
crows,crow -,-15.25,2,2token,not_valid_noun
crows,crow complete,-15.25,2,2token,not_valid_noun
crows,is .,-15.265625,2,2token,not_valid_noun
crows,n _______,-15.28125,2,2token,not_valid_noun
crows,.............. (,-15.28125,2,2token,not_valid_noun
crows,o,-15.28125,2,2token,not_valid_noun
crows,species in,-15.28125,2,2token,not_valid_noun
crows,what (,-15.28125,2,2token,not_valid_noun
crows,…. Crows,-15.28125,2,2token,not_valid_noun
crows,…. Match,-15.28125,2,2token,not_valid_noun
crows,…. When,-15.28125,2,2token,not_valid_noun
crows,n a,-15.28125,2,2token,not_valid_noun
crows,c -,-15.28125,2,2token,not_valid_noun
crows,c r,-15.28125,2,2token,not_valid_noun
crows,[ birds,-15.28125,2,2token,not_valid_noun
crows,.......... (,-15.28125,2,2token,not_valid_noun
crows,mammals (,-15.28125,2,2token,not_valid_noun
crows,….,-15.28125,2,2token,not_valid_noun
crows,are crows,-15.296875,2,2token,not_valid_noun
crows,goose Complete,-15.296875,2,2token,not_valid_noun
crows,the wild,-15.3125,2,2token,not_valid_noun
crows,A ________,-15.3125,2,2token,not_valid_noun
crows,____________,-15.3125,2,2token,not_valid_noun
crows,____________ a,-15.3125,2,2token,not_valid_noun
crows,.. Find,-15.3125,2,2token,not_valid_noun
crows,.. COMPLETE,-15.3125,2,2token,not_valid_noun
crows,_. We,-15.3125,2,2token,not_valid_noun
crows,________ or,-15.3125,2,2token,not_valid_noun
crows,em,-15.3125,1,single_token,not_valid_noun
crows,A large,-15.3125,2,2token,not_valid_noun
crows,A (,-15.3125,2,2token,not_valid_noun
crows,A sentence,-15.3125,2,2token,not_valid_noun
crows,........... What,-15.3125,2,2token,not_valid_noun
crows,: _____,-15.3125,2,2token,not_valid_noun
crows,........... crows,-15.3125,2,2token,not_valid_noun
crows,: I,-15.3125,2,2token,not_valid_noun
crows,A ______,-15.3125,2,2token,not_valid_noun
crows,three,-15.3125,1,single_token,incomplete_phrase
crows,: _______,-15.3125,2,2token,not_valid_noun
crows,____________ and,-15.3125,2,2token,not_valid_noun
crows,.. _,-15.3125,2,2token,not_valid_noun
crows,the name,-15.3125,2,2token,not_valid_noun
crows,the species,-15.3125,2,2token,not_valid_noun
crows,over,-15.3125,1,single_token,incomplete_phrase
crows,answers,-15.3125,1,single_token,not_valid_noun
crows,vol,-15.3125,1,single_token,incomplete_phrase
crows,pop,-15.3125,1,single_token,incomplete_phrase
crows,around,-15.3125,1,single_token,not_valid_noun
crows,mammal Fill,-15.3125,2,2token,not_valid_noun
crows,...',-15.3125,1,single_token,not_valid_noun
crows,Introduction,-15.3125,1,single_token,incomplete_phrase
crows,sho,-15.3125,1,single_token,not_valid_noun
crows,beast (,-15.3125,2,2token,not_valid_noun
crows,fo,-15.3125,1,single_token,not_valid_noun
crows,___________ and,-15.3125,2,2token,not_valid_noun
crows,___________ What,-15.3125,2,2token,not_valid_noun
crows,the big,-15.3125,2,2token,not_valid_noun
crows,fill,-15.3125,1,single_token,not_valid_noun
crows,objects,-15.3125,1,single_token,not_valid_noun
crows,young,-15.3125,1,single_token,incomplete_phrase
crows,～,-15.3125,1,single_token,not_valid_noun
crows,dr,-15.3125,1,single_token,not_valid_noun
crows,cool,-15.3125,1,single_token,incomplete_phrase
crows,various,-15.3125,1,single_token,not_valid_noun
crows,spe,-15.3125,1,single_token,not_valid_noun
crows,¿,-15.3125,1,single_token,not_valid_noun
crows,fishes,-15.3125,1,single_token,not_valid_noun
crows,black colored,-15.3125,2,2token,incomplete_phrase
crows,important,-15.3125,1,single_token,not_valid_noun
crows,""".",-15.3125,1,single_token,not_valid_noun
crows,orth,-15.3125,1,single_token,incomplete_phrase
crows,short,-15.3125,1,single_token,incomplete_phrase
crows,letters,-15.3125,1,single_token,not_valid_noun
crows,numerous,-15.3125,1,single_token,not_valid_noun
crows,grou,-15.3125,1,single_token,not_valid_noun
crows,€.,-15.3125,1,single_token,not_valid_noun
crows,beau,-15.3125,1,single_token,incomplete_phrase
crows,rainforest,-15.3125,1,single_token,not_valid_noun
crows,LARGE,-15.3125,1,single_token,incomplete_phrase
crows,p,-15.3125,2,2token,not_valid_noun
crows,scientists,-15.3125,1,single_token,not_valid_noun
crows,b ...,-15.3125,2,2token,not_valid_noun
crows,Mammals,-15.3125,1,single_token,not_valid_noun
crows,orto,-15.3125,1,single_token,not_valid_noun
crows,_. There,-15.3125,2,2token,not_valid_noun
crows,____________ ________,-15.3125,2,2token,not_valid_noun
crows,up,-15.3125,1,single_token,not_valid_noun
crows,__ ____,-15.3125,2,2token,not_valid_noun
crows,symbol for,-15.3125,2,2token,incomplete_phrase
crows,ab,-15.3125,1,single_token,not_valid_noun
crows,the ______,-15.3125,2,2token,not_valid_noun
crows,the forest,-15.3125,2,2token,not_valid_noun
crows,ave (,-15.3125,2,2token,not_valid_noun
crows,read,-15.3125,1,single_token,not_valid_noun
crows,animals of,-15.3125,2,2token,not_valid_noun
crows,among,-15.3125,1,single_token,not_valid_noun
crows,animals COMPLETE,-15.3125,2,2token,not_valid_noun
crows,animals -,-15.3125,2,2token,not_valid_noun
crows,", such",-15.34375,2,2token,not_valid_noun
crows,__________ In,-15.34375,2,2token,not_valid_noun
crows,__________ COMPLETE,-15.34375,2,2token,not_valid_noun
crows,s,-15.34375,2,2token,not_valid_noun
crows,chicken or,-15.34375,2,2token,not_valid_noun
crows,..... and,-15.34375,2,2token,not_valid_noun
crows,..... Which,-15.34375,2,2token,not_valid_noun
crows,BIRD ...,-15.34375,2,2token,not_valid_noun
crows,- The,-15.34375,2,2token,not_valid_noun
crows,- Choose,-15.34375,2,2token,not_valid_noun
crows,-. What,-15.34375,2,2token,not_valid_noun
crows,of Bird,-15.34375,2,2token,not_valid_noun
crows,- Bird,-15.34375,2,2token,not_valid_noun
crows,- [,-15.34375,2,2token,not_valid_noun
crows,wood pec,-15.34375,2,2token,incomplete_phrase
crows,fly ...,-15.34375,2,2token,not_valid_noun
crows,pigeon (,-15.34375,2,2token,not_valid_noun
crows,__________ Write,-15.34375,2,2token,not_valid_noun
crows,......... ...,-15.34375,2,2token,not_valid_noun
crows,< animal,-15.34375,2,2token,not_valid_noun
crows,..... _______,-15.34375,2,2token,not_valid_noun
crows,..... ....,-15.34375,2,2token,not_valid_noun
crows,..... _,-15.34375,2,2token,not_valid_noun
crows,? ______,-15.375,2,2token,not_valid_noun
crows,legendary,-15.375,1,single_token,not_valid_noun
crows,Classification,-15.375,1,single_token,incomplete_phrase
crows,or is,-15.375,2,2token,not_valid_noun
crows,amazing,-15.375,1,single_token,not_valid_noun
crows,inj,-15.375,1,single_token,not_valid_noun
crows,wild ______,-15.375,2,2token,not_valid_noun
crows,Bird ________,-15.375,2,2token,not_valid_noun
crows,( ____,-15.375,2,2token,not_valid_noun
crows,Bird :,-15.375,2,2token,not_valid_noun
crows,Bird with,-15.375,2,2token,incomplete_phrase
crows,Indian,-15.375,1,single_token,incomplete_phrase
crows,Part,-15.375,1,single_token,incomplete_phrase
crows,parents,-15.375,1,single_token,not_valid_noun
crows,mig,-15.375,1,single_token,incomplete_phrase
crows,weird,-15.375,1,single_token,incomplete_phrase
crows,? ____,-15.375,2,2token,not_valid_noun
crows,? Choose,-15.375,2,2token,not_valid_noun
crows,? Read,-15.375,2,2token,not_valid_noun
crows,looks,-15.375,1,single_token,not_valid_noun
crows,sit,-15.375,1,single_token,not_valid_noun
crows,gar,-15.375,1,single_token,incomplete_phrase
crows,sou,-15.375,1,single_token,incomplete_phrase
crows,nu,-15.375,1,single_token,not_valid_noun
crows,cli,-15.375,1,single_token,not_valid_noun
crows,........ ....,-15.375,2,2token,not_valid_noun
crows,sil,-15.375,1,single_token,incomplete_phrase
crows,........ Read,-15.375,2,2token,not_valid_noun
crows,eff,-15.375,1,single_token,not_valid_noun
crows,na,-15.375,1,single_token,not_valid_noun
crows,pa,-15.375,1,single_token,not_valid_noun
crows,don,-15.375,1,single_token,incomplete_phrase
crows,por,-15.375,1,single_token,not_valid_noun
crows,sub,-15.375,1,single_token,incomplete_phrase
crows,numbers,-15.375,1,single_token,not_valid_noun
crows,? -,-15.375,2,2token,not_valid_noun
crows,except,-15.375,1,single_token,not_valid_noun
crows,SH,-15.375,1,single_token,not_valid_noun
crows,gan,-15.375,1,single_token,not_valid_noun
crows,male,-15.375,1,single_token,incomplete_phrase
crows,peng,-15.375,1,single_token,not_valid_noun
crows,Passer,-15.375,1,single_token,incomplete_phrase
crows,********,-15.375,1,single_token,not_valid_noun
crows,outdoor,-15.375,1,single_token,incomplete_phrase
crows,xx,-15.375,1,single_token,not_valid_noun
crows,bl,-15.375,1,single_token,not_valid_noun
crows,large .,-15.375,2,2token,not_valid_noun
crows,/ fruit,-15.375,2,2token,not_valid_noun
crows,nor,-15.375,1,single_token,not_valid_noun
crows,Y,-15.375,1,single_token,not_valid_noun
crows,scientific,-15.375,1,single_token,not_valid_noun
crows,furry,-15.375,1,single_token,incomplete_phrase
crows,(/,-15.375,1,single_token,not_valid_noun
crows,,-15.375,1,single_token,not_valid_noun
crows,ferocious,-15.375,1,single_token,not_valid_noun
crows,Kinds,-15.375,1,single_token,not_valid_noun
crows,b ________,-15.375,2,2token,not_valid_noun
crows,edible,-15.375,1,single_token,incomplete_phrase
crows,european,-15.375,1,single_token,incomplete_phrase
crows,te,-15.375,1,single_token,not_valid_noun
crows,she,-15.375,1,single_token,not_valid_noun
crows,____ are,-15.375,2,2token,not_valid_noun
crows,____ crows,-15.375,2,2token,not_valid_noun
crows,vicious,-15.375,1,single_token,not_valid_noun
crows,Size,-15.375,1,single_token,incomplete_phrase
crows,...... Answer,-15.375,2,2token,not_valid_noun
crows,...... crow,-15.375,2,2token,not_valid_noun
crows,imaginary,-15.375,1,single_token,incomplete_phrase
crows,big .,-15.375,2,2token,not_valid_noun
crows,[-,-15.375,1,single_token,not_valid_noun
crows,breeds,-15.375,1,single_token,not_valid_noun
crows,Cr,-15.375,1,single_token,not_valid_noun
crows,Anim,-15.375,1,single_token,not_valid_noun
crows,Mars,-15.375,1,single_token,incomplete_phrase
crows,big brown,-15.375,2,2token,incomplete_phrase
crows,ana,-15.375,1,single_token,incomplete_phrase
crows,whereas,-15.375,1,single_token,not_valid_noun
crows,cn,-15.375,1,single_token,not_valid_noun
crows,CI,-15.375,1,single_token,not_valid_noun
crows,►,-15.375,1,single_token,not_valid_noun
crows,ong,-15.375,1,single_token,not_valid_noun
crows,"—,",-15.375,1,single_token,not_valid_noun
crows,[?],-15.375,1,single_token,not_valid_noun
crows,....... Write,-15.375,2,2token,not_valid_noun
crows,/ ...,-15.375,2,2token,not_valid_noun
crows,...... Choose,-15.375,2,2token,not_valid_noun
crows,....... animals,-15.375,2,2token,not_valid_noun
crows,F A,-15.375,2,2token,not_valid_noun
crows,"..., bird",-15.375,2,2token,not_valid_noun
crows,F,-15.375,2,2token,not_valid_noun
crows,kind,-15.375,2,2token,incomplete_phrase
crows,laughing,-15.375,1,single_token,not_valid_noun
crows,inhabitants,-15.375,1,single_token,not_valid_noun
crows,poems,-15.375,1,single_token,not_valid_noun
crows,"..., complete",-15.375,2,2token,not_valid_noun
crows,po,-15.375,1,single_token,not_valid_noun
crows,english,-15.375,1,single_token,incomplete_phrase
crows,fish in,-15.375,2,2token,not_valid_noun
crows,fish ....,-15.375,2,2token,not_valid_noun
crows,n ______,-15.40625,2,2token,not_valid_noun
crows,f i,-15.40625,2,2token,not_valid_noun
crows,and an,-15.40625,2,2token,not_valid_noun
crows,and have,-15.40625,2,2token,not_valid_noun
crows,feather ...,-15.40625,2,2token,not_valid_noun
crows,feather in,-15.40625,2,2token,not_valid_noun
crows,?. A,-15.40625,2,2token,not_valid_noun
crows,and is,-15.40625,2,2token,not_valid_noun
crows,type (,-15.40625,2,2token,not_valid_noun
crows,species (,-15.40625,2,2token,not_valid_noun
crows,…. is,-15.40625,2,2token,not_valid_noun
crows,…. It,-15.40625,2,2token,not_valid_noun
crows,…. Continue,-15.40625,2,2token,not_valid_noun
crows,What can,-15.40625,2,2token,not_valid_noun
crows,feathers Complete,-15.40625,2,2token,not_valid_noun
crows,my family,-15.40625,2,2token,not_valid_noun
crows,car ...,-15.40625,2,2token,not_valid_noun
crows,mur,-15.4375,1,single_token,not_valid_noun
crows,ring,-15.4375,1,single_token,incomplete_phrase
crows,pel,-15.4375,1,single_token,not_valid_noun
crows,built,-15.4375,1,single_token,not_valid_noun
crows,jokes,-15.4375,1,single_token,not_valid_noun
crows,―,-15.4375,1,single_token,not_valid_noun
crows,ay,-15.4375,1,single_token,not_valid_noun
crows,din,-15.4375,1,single_token,incomplete_phrase
crows,Domestic,-15.4375,1,single_token,incomplete_phrase
crows,spin,-15.4375,1,single_token,incomplete_phrase
crows,avi ...,-15.4375,2,2token,not_valid_noun
crows,adult,-15.4375,1,single_token,incomplete_phrase
crows,talked,-15.4375,1,single_token,not_valid_noun
crows,AU,-15.4375,1,single_token,not_valid_noun
crows,sci,-15.4375,1,single_token,not_valid_noun
crows,symbol in,-15.4375,2,2token,not_valid_noun
crows,cunt,-15.4375,1,single_token,not_valid_noun
crows,...,-15.4375,1,single_token,not_valid_noun
crows,Example,-15.4375,1,single_token,not_valid_noun
crows,$-$,-15.4375,1,single_token,not_valid_noun
crows,[.,-15.4375,1,single_token,not_valid_noun
crows,myths,-15.4375,1,single_token,not_valid_noun
crows,___________ The,-15.4375,2,2token,not_valid_noun
crows,pied,-15.4375,1,single_token,not_valid_noun
crows,INTRODUCTION,-15.4375,1,single_token,incomplete_phrase
crows,​​,-15.4375,1,single_token,not_valid_noun
crows,precious,-15.4375,1,single_token,not_valid_noun
crows,violent,-15.4375,1,single_token,not_valid_noun
crows,animated,-15.4375,1,single_token,not_valid_noun
crows,woods,-15.4375,1,single_token,not_valid_noun
crows,cp,-15.4375,1,single_token,not_valid_noun
crows,enemies,-15.4375,1,single_token,not_valid_noun
crows,the ____,-15.4375,2,2token,not_valid_noun
crows,the order,-15.4375,2,2token,not_valid_noun
crows,the (,-15.4375,2,2token,not_valid_noun
crows,vil,-15.4375,1,single_token,not_valid_noun
crows,whe,-15.4375,1,single_token,incomplete_phrase
crows,Mr,-15.4375,1,single_token,not_valid_noun
crows,quad,-15.4375,1,single_token,incomplete_phrase
crows,Name,-15.4375,1,single_token,incomplete_phrase
crows,),-15.4375,1,single_token,not_valid_noun
crows,Mar,-15.4375,1,single_token,incomplete_phrase
crows,fil,-15.4375,1,single_token,not_valid_noun
crows,Christmas,-15.4375,1,single_token,incomplete_phrase
crows,cul,-15.4375,1,single_token,not_valid_noun
crows,DC,-15.4375,1,single_token,not_valid_noun
crows,___________ ______,-15.4375,2,2token,not_valid_noun
crows,﻿,-15.4375,1,single_token,not_valid_noun
crows,spi,-15.4375,1,single_token,not_valid_noun
crows,mutant,-15.4375,1,single_token,incomplete_phrase
crows,"?,",-15.4375,1,single_token,not_valid_noun
crows,bh,-15.4375,1,single_token,not_valid_noun
crows,vt,-15.4375,1,single_token,not_valid_noun
crows,plains,-15.4375,1,single_token,not_valid_noun
crows,w,-15.4375,2,2token,not_valid_noun
crows,___________ ____________,-15.4375,2,2token,not_valid_noun
crows,feathered .,-15.4375,2,2token,not_valid_noun
crows,fowl that,-15.4375,2,2token,incomplete_phrase
crows,fowl Fill,-15.4375,2,2token,not_valid_noun
crows,fowl [,-15.4375,2,2token,not_valid_noun
crows,▪,-15.4375,1,single_token,not_valid_noun
crows,an eagle,-15.4375,2,2token,not_valid_noun
crows,animals ________,-15.4375,2,2token,not_valid_noun
crows,mammal _______,-15.4375,2,2token,not_valid_noun
crows,animals called,-15.4375,2,2token,not_valid_noun
crows,quadru,-15.4375,1,single_token,not_valid_noun
crows,xxxx,-15.4375,1,single_token,not_valid_noun
crows,indian,-15.4375,1,single_token,incomplete_phrase
crows,ANIMALS,-15.4375,1,single_token,not_valid_noun
crows,mythological,-15.4375,1,single_token,not_valid_noun
crows,jin,-15.4375,1,single_token,incomplete_phrase
crows,marsh,-15.4375,1,single_token,incomplete_phrase
crows,: ?,-15.4375,2,2token,not_valid_noun
crows,: ....,-15.4375,2,2token,not_valid_noun
crows,learn,-15.4375,1,single_token,not_valid_noun
crows,….. animals,-15.4375,2,2token,not_valid_noun
crows,________ are,-15.4375,2,2token,not_valid_noun
crows,: mammal,-15.4375,2,2token,not_valid_noun
crows,: mammals,-15.4375,2,2token,not_valid_noun
crows,hi,-15.4375,1,single_token,not_valid_noun
crows,.. Select,-15.4375,2,2token,not_valid_noun
crows,_. crows,-15.4375,2,2token,not_valid_noun
crows,_. Fruit,-15.4375,2,2token,not_valid_noun
crows,_. Give,-15.4375,2,2token,not_valid_noun
crows,.. Use,-15.4375,2,2token,not_valid_noun
crows,_. You,-15.4375,2,2token,not_valid_noun
crows,........... animal,-15.4375,2,2token,not_valid_noun
crows,________ I,-15.4375,2,2token,not_valid_noun
crows,that eats,-15.4375,2,2token,incomplete_phrase
crows,:,-15.4375,2,2token,not_valid_noun
crows,": ,",-15.4375,2,2token,not_valid_noun
crows,: Answer,-15.4375,2,2token,not_valid_noun
crows,women,-15.4375,1,single_token,not_valid_noun
crows,black -,-15.4375,2,2token,not_valid_noun
crows,which has,-15.4375,2,2token,not_valid_noun
crows,bir (,-15.4375,2,2token,not_valid_noun
crows,A _______,-15.4375,2,2token,not_valid_noun
crows,____________ A,-15.4375,2,2token,not_valid_noun
crows,activities,-15.4375,1,single_token,not_valid_noun
crows,p ...,-15.4375,2,2token,not_valid_noun
crows,new,-15.4375,1,single_token,not_valid_noun
crows,M,-15.4375,1,single_token,not_valid_noun
crows,hawks,-15.4375,1,single_token,not_valid_noun
crows,eaten,-15.4375,1,single_token,not_valid_noun
crows,pid,-15.4375,1,single_token,not_valid_noun
crows,Al,-15.4375,1,single_token,not_valid_noun
crows,largest,-15.4375,1,single_token,not_valid_noun
crows,hu,-15.4375,1,single_token,not_valid_noun
crows,tele,-15.4375,1,single_token,incomplete_phrase
crows,rather,-15.4375,1,single_token,not_valid_noun
crows,mixed,-15.4375,1,single_token,not_valid_noun
crows,met,-15.4375,1,single_token,not_valid_noun
crows,under,-15.4375,1,single_token,not_valid_noun
crows,app,-15.4375,1,single_token,not_valid_noun
crows,pre,-15.4375,1,single_token,not_valid_noun
crows,vegetable Complete,-15.4375,2,2token,not_valid_noun
crows,A :,-15.4375,2,2token,not_valid_noun
crows,A animal,-15.4375,2,2token,not_valid_noun
crows,A fruit,-15.4375,2,2token,not_valid_noun
crows,A _____,-15.4375,2,2token,not_valid_noun
crows,fla,-15.4375,1,single_token,not_valid_noun
crows,wise,-15.4375,1,single_token,incomplete_phrase
crows,features,-15.4375,1,single_token,not_valid_noun
crows,PR,-15.4375,1,single_token,not_valid_noun
crows,* animal,-15.4375,2,2token,not_valid_noun
crows,* (,-15.4375,2,2token,not_valid_noun
crows,Read,-15.4375,1,single_token,not_valid_noun
crows,ord,-15.4375,1,single_token,not_valid_noun
crows,((,-15.4375,1,single_token,not_valid_noun
crows,bon,-15.4375,1,single_token,not_valid_noun
crows,Mac,-15.4375,1,single_token,incomplete_phrase
crows,A is,-15.4375,2,2token,not_valid_noun
crows,The sentences,-15.46875,2,2token,not_valid_noun
crows,......... complete,-15.46875,2,2token,not_valid_noun
crows,The verb,-15.46875,2,2token,not_valid_noun
crows,The two,-15.46875,2,2token,not_valid_noun
crows,of fish,-15.46875,2,2token,not_valid_noun
crows,creature in,-15.46875,2,2token,not_valid_noun
crows,f _________,-15.46875,2,2token,not_valid_noun
crows,avian ...,-15.46875,2,2token,not_valid_noun
crows,monkey .,-15.46875,2,2token,not_valid_noun
crows,…… animal,-15.46875,2,2token,not_valid_noun
crows,in bird,-15.46875,2,2token,not_valid_noun
crows,s bird,-15.46875,2,2token,not_valid_noun
crows,small wild,-15.46875,2,2token,incomplete_phrase
crows,", I",-15.46875,2,2token,not_valid_noun
crows,…… Write,-15.46875,2,2token,not_valid_noun
crows,many types,-15.46875,2,2token,incomplete_phrase
crows,……,-15.46875,2,2token,not_valid_noun
crows,_ _________,-15.46875,2,2token,not_valid_noun
crows,birdie (,-15.46875,2,2token,not_valid_noun
crows,\_ bird,-15.46875,2,2token,not_valid_noun
crows,_ complete,-15.46875,2,2token,not_valid_noun
crows,_ [,-15.46875,2,2token,not_valid_noun
crows,..... of,-15.46875,2,2token,not_valid_noun
crows,..... is,-15.46875,2,2token,not_valid_noun
crows,..... ____,-15.46875,2,2token,not_valid_noun
crows,..... ________,-15.46875,2,2token,not_valid_noun
crows,..... Use,-15.46875,2,2token,not_valid_noun
crows,..... They,-15.46875,2,2token,not_valid_noun
crows,..... ______,-15.46875,2,2token,not_valid_noun
crows,- Answer,-15.46875,2,2token,not_valid_noun
crows,-,-15.46875,2,2token,not_valid_noun
crows,- noun,-15.46875,2,2token,not_valid_noun
crows,_ owl,-15.46875,2,2token,not_valid_noun
crows,_ :,-15.46875,2,2token,not_valid_noun
crows,_ are,-15.46875,2,2token,not_valid_noun
crows,_ in,-15.46875,2,2token,not_valid_noun
crows,...... Correct,-15.5,2,2token,not_valid_noun
crows,p _____,-15.5,2,2token,not_valid_noun
crows,or animals,-15.5,2,2token,not_valid_noun
crows,fish complete,-15.5,2,2token,not_valid_noun
crows,is bird,-15.5,2,2token,not_valid_noun
crows,is it,-15.5,2,2token,not_valid_noun
crows,is an,-15.5,2,2token,not_valid_noun
crows,....... -,-15.5,2,2token,not_valid_noun
crows,? Write,-15.5,2,2token,not_valid_noun
crows,Sim,-15.5,1,single_token,incomplete_phrase
crows,AN,-15.5,1,single_token,not_valid_noun
crows,Pat,-15.5,1,single_token,incomplete_phrase
crows,South,-15.5,1,single_token,incomplete_phrase
crows,...],-15.5,1,single_token,not_valid_noun
crows,ns,-15.5,1,single_token,not_valid_noun
crows,beings,-15.5,1,single_token,not_valid_noun
crows,sorts,-15.5,1,single_token,not_valid_noun
crows,nuts,-15.5,1,single_token,not_valid_noun
crows,dav,-15.5,1,single_token,not_valid_noun
crows,ss,-15.5,1,single_token,not_valid_noun
crows,nig,-15.5,1,single_token,incomplete_phrase
crows,gr,-15.5,1,single_token,not_valid_noun
crows,var,-15.5,1,single_token,not_valid_noun
crows,makes,-15.5,1,single_token,not_valid_noun
crows,od,-15.5,1,single_token,not_valid_noun
crows,ban,-15.5,1,single_token,incomplete_phrase
crows,difficult,-15.5,1,single_token,not_valid_noun
crows,wooden,-15.5,1,single_token,not_valid_noun
crows,Mig,-15.5,1,single_token,incomplete_phrase
crows,di,-15.5,1,single_token,not_valid_noun
crows,verbs,-15.5,1,single_token,not_valid_noun
crows,im,-15.5,1,single_token,not_valid_noun
crows,gu,-15.5,1,single_token,not_valid_noun
crows,si,-15.5,1,single_token,not_valid_noun
crows,Is,-15.5,1,single_token,not_valid_noun
crows,? ?.,-15.5,2,2token,not_valid_noun
crows,/ types,-15.5,2,2token,not_valid_noun
crows,cartoons,-15.5,1,single_token,not_valid_noun
crows,,-15.5,1,single_token,not_valid_noun
crows,........ crows,-15.5,2,2token,not_valid_noun
crows,........ are,-15.5,2,2token,not_valid_noun
crows,fw,-15.5,1,single_token,not_valid_noun
crows,? Which,-15.5,2,2token,not_valid_noun
crows,? Answer,-15.5,2,2token,not_valid_noun
crows,xy,-15.5,1,single_token,not_valid_noun
crows,big ___,-15.5,2,2token,not_valid_noun
crows,big ____,-15.5,2,2token,not_valid_noun
crows,big ______,-15.5,2,2token,not_valid_noun
crows,____ that,-15.5,2,2token,not_valid_noun
crows,( _______,-15.5,2,2token,not_valid_noun
crows,big grey,-15.5,2,2token,incomplete_phrase
crows,sce,-15.5,1,single_token,not_valid_noun
crows,berries,-15.5,1,single_token,not_valid_noun
crows,Bird Answer,-15.5,2,2token,not_valid_noun
crows,large flying,-15.5,2,2token,incomplete_phrase
crows,Raven .,-15.5,2,2token,not_valid_noun
crows,wild (,-15.5,2,2token,not_valid_noun
crows,…. of,-15.53125,2,2token,not_valid_noun
crows,and animal,-15.53125,2,2token,not_valid_noun
crows,[ .,-15.53125,2,2token,not_valid_noun
crows,............ A,-15.53125,2,2token,not_valid_noun
crows,are .,-15.53125,2,2token,not_valid_noun
crows,c ….,-15.53125,2,2token,not_valid_noun
crows,are you,-15.53125,2,2token,not_valid_noun
crows,name (,-15.53125,2,2token,not_valid_noun
crows,Animal complete,-15.53125,2,2token,not_valid_noun
crows,<,-15.53125,2,2token,not_valid_noun
crows,n ________,-15.53125,2,2token,not_valid_noun
crows,spo,-15.5625,1,single_token,not_valid_noun
crows,///,-15.5625,1,single_token,not_valid_noun
crows,an animals,-15.5625,2,2token,not_valid_noun
crows,explain,-15.5625,1,single_token,not_valid_noun
crows,ved,-15.5625,1,single_token,not_valid_noun
crows,aggressive,-15.5625,1,single_token,not_valid_noun
crows,mist,-15.5625,1,single_token,incomplete_phrase
crows,bil,-15.5625,1,single_token,not_valid_noun
crows,./,-15.5625,1,single_token,not_valid_noun
crows,NAME,-15.5625,1,single_token,incomplete_phrase
crows,sung,-15.5625,1,single_token,incomplete_phrase
crows,mega,-15.5625,1,single_token,not_valid_noun
crows,hip,-15.5625,1,single_token,incomplete_phrase
crows,west,-15.5625,1,single_token,incomplete_phrase
crows,its,-15.5625,1,single_token,not_valid_noun
crows,ter,-15.5625,1,single_token,not_valid_noun
crows,birthday,-15.5625,1,single_token,incomplete_phrase
crows,$(,-15.5625,1,single_token,not_valid_noun
crows,sem,-15.5625,1,single_token,not_valid_noun
crows,Se,-15.5625,1,single_token,not_valid_noun
crows,u,-15.5625,1,single_token,not_valid_noun
crows,lo,-15.5625,1,single_token,not_valid_noun
crows,A person,-15.5625,2,2token,not_valid_noun
crows,which can,-15.5625,2,2token,not_valid_noun
crows,black _______,-15.5625,2,2token,not_valid_noun
crows,wild ____,-15.5625,2,2token,not_valid_noun
crows,the ...,-15.5625,2,2token,not_valid_noun
crows,which one,-15.5625,2,2token,not_valid_noun
crows,animals :,-15.5625,2,2token,not_valid_noun
crows,the eagle,-15.5625,2,2token,not_valid_noun
crows,___________ in,-15.5625,2,2token,not_valid_noun
crows,___________ complete,-15.5625,2,2token,not_valid_noun
crows,_. Do,-15.5625,2,2token,not_valid_noun
crows,_. Please,-15.5625,2,2token,not_valid_noun
crows,fowl -,-15.5625,2,2token,not_valid_noun
crows,: __,-15.5625,2,2token,not_valid_noun
crows,fowl /,-15.5625,2,2token,not_valid_noun
crows,: In,-15.5625,2,2token,not_valid_noun
crows,mammal -,-15.5625,2,2token,not_valid_noun
crows,flying,-15.5625,2,2token,incomplete_phrase
crows,mammal COMPLETE,-15.5625,2,2token,not_valid_noun
crows,fowl COMPLETE,-15.5625,2,2token,not_valid_noun
crows,___________ fruit,-15.5625,2,2token,not_valid_noun
crows,b bird,-15.5625,2,2token,not_valid_noun
crows,.. Birds,-15.5625,2,2token,not_valid_noun
crows,….. Read,-15.5625,2,2token,not_valid_noun
crows,_. Draw,-15.5625,2,2token,not_valid_noun
crows,ave Complete,-15.5625,2,2token,not_valid_noun
crows,_. Why,-15.5625,2,2token,not_valid_noun
crows,........... animals,-15.5625,2,2token,not_valid_noun
crows,........... complete,-15.5625,2,2token,not_valid_noun
crows,____________ The,-15.5625,2,2token,not_valid_noun
crows,____________ crows,-15.5625,2,2token,not_valid_noun
crows,____________ Select,-15.5625,2,2token,not_valid_noun
crows,which group,-15.5625,2,2token,not_valid_noun
crows,,-15.5625,1,single_token,not_valid_noun
crows,Vog,-15.5625,1,single_token,incomplete_phrase
crows,${,-15.5625,1,single_token,not_valid_noun
crows,fowl _______,-15.5625,2,2token,not_valid_noun
crows,animals ______,-15.5625,2,2token,not_valid_noun
crows,I Complete,-15.59375,2,2token,not_valid_noun
crows,f ly,-15.59375,2,2token,not_valid_noun
crows,f o,-15.59375,2,2token,not_valid_noun
crows,f A,-15.59375,2,2token,not_valid_noun
crows,I,-15.59375,2,2token,not_valid_noun
crows,in nature,-15.59375,2,2token,not_valid_noun
crows,many kind,-15.59375,2,2token,incomplete_phrase
crows,c _______,-15.59375,2,2token,not_valid_noun
crows,......... I,-15.59375,2,2token,not_valid_noun
crows,c ________,-15.59375,2,2token,not_valid_noun
crows,BIRD COMPLETE,-15.59375,2,2token,not_valid_noun
crows,-. Which,-15.59375,2,2token,not_valid_noun
crows,I birds,-15.59375,2,2token,not_valid_noun
crows,", like",-15.59375,2,2token,not_valid_noun
crows,", are",-15.59375,2,2token,not_valid_noun
crows,", in",-15.59375,2,2token,not_valid_noun
crows,in,-15.59375,2,2token,not_valid_noun
crows,-. -,-15.59375,2,2token,not_valid_noun
crows,-. Write,-15.59375,2,2token,not_valid_noun
crows,small brown,-15.59375,2,2token,incomplete_phrase
crows,-,-15.59375,2,2token,not_valid_noun
crows,_ They,-15.59375,2,2token,not_valid_noun
crows,in my,-15.59375,2,2token,not_valid_noun
crows,..... This,-15.59375,2,2token,not_valid_noun
crows,f owl,-15.59375,2,2token,not_valid_noun
crows,f …,-15.59375,2,2token,not_valid_noun
crows,av .,-15.59375,2,2token,not_valid_noun
crows,- _______,-15.59375,2,2token,not_valid_noun
crows,_ or,-15.59375,2,2token,not_valid_noun
crows,............... A,-15.59375,2,2token,not_valid_noun
crows,....... Select,-15.625,2,2token,not_valid_noun
crows,.( ),-15.625,2,2token,not_valid_noun
crows,........ Answer,-15.625,2,2token,not_valid_noun
crows,...... COMPLETE,-15.625,2,2token,not_valid_noun
crows,...... In,-15.625,2,2token,not_valid_noun
crows,....... I,-15.625,2,2token,not_valid_noun
crows,fac,-15.625,1,single_token,not_valid_noun
crows,/ example,-15.625,2,2token,not_valid_noun
crows,F bird,-15.625,2,2token,not_valid_noun
crows,/ one,-15.625,2,2token,not_valid_noun
crows,w .,-15.625,2,2token,not_valid_noun
crows,F .,-15.625,2,2token,not_valid_noun
crows,____ [,-15.625,2,2token,not_valid_noun
crows,b a,-15.625,2,2token,not_valid_noun
crows,su,-15.625,1,single_token,not_valid_noun
crows,/ they,-15.625,2,2token,not_valid_noun
crows,/ number,-15.625,2,2token,not_valid_noun
crows,/ (,-15.625,2,2token,not_valid_noun
crows,"..., or",-15.625,2,2token,not_valid_noun
crows,large,-15.625,2,2token,incomplete_phrase
crows,meer,-15.625,1,single_token,not_valid_noun
crows,CA,-15.625,1,single_token,not_valid_noun
crows,jobs,-15.625,1,single_token,not_valid_noun
crows,vertebrate .,-15.625,2,2token,not_valid_noun
crows,fam,-15.625,1,single_token,incomplete_phrase
crows,an ________,-15.625,2,2token,not_valid_noun
crows,an object,-15.625,2,2token,not_valid_noun
crows,( ...,-15.625,2,2token,not_valid_noun
crows,w ________,-15.625,2,2token,not_valid_noun
crows,scree,-15.625,1,single_token,incomplete_phrase
crows,prehistoric,-15.625,1,single_token,not_valid_noun
crows,ef,-15.625,1,single_token,not_valid_noun
crows,Plan,-15.625,1,single_token,incomplete_phrase
crows,ding,-15.625,1,single_token,incomplete_phrase
crows,Pt,-15.625,1,single_token,not_valid_noun
crows,uk,-15.625,1,single_token,not_valid_noun
crows,b (,-15.625,2,2token,not_valid_noun
crows,either,-15.625,1,single_token,not_valid_noun
crows,big flying,-15.625,2,2token,incomplete_phrase
crows,Bird ______,-15.625,2,2token,not_valid_noun
crows,Bird Write,-15.625,2,2token,incomplete_phrase
crows,( ______,-15.625,2,2token,not_valid_noun
crows,sto,-15.625,1,single_token,not_valid_noun
crows,( adjective,-15.625,2,2token,not_valid_noun
crows,Bird What,-15.625,2,2token,incomplete_phrase
crows,"( ),",-15.625,2,2token,not_valid_noun
crows,fe ...,-15.65625,2,2token,not_valid_noun
crows,What did,-15.65625,2,2token,not_valid_noun
crows,mammals,-15.65625,2,2token,not_valid_noun
crows,?. Write,-15.65625,2,2token,not_valid_noun
crows,and of,-15.65625,2,2token,not_valid_noun
crows,and ...,-15.65625,2,2token,not_valid_noun
crows,and can,-15.65625,2,2token,not_valid_noun
crows,and so,-15.65625,2,2token,not_valid_noun
crows,............ a,-15.65625,2,2token,not_valid_noun
crows,pest .,-15.65625,2,2token,not_valid_noun
crows,song and,-15.65625,2,2token,incomplete_phrase
crows,X (,-15.65625,2,2token,not_valid_noun
crows,X,-15.65625,2,2token,not_valid_noun
crows,............ animal,-15.65625,2,2token,not_valid_noun
crows,what birds,-15.65625,2,2token,not_valid_noun
crows,sea .,-15.65625,2,2token,not_valid_noun
crows,sea a,-15.65625,2,2token,not_valid_noun
crows,what you,-15.65625,2,2token,not_valid_noun
crows,what in,-15.65625,2,2token,not_valid_noun
crows,what type,-15.65625,2,2token,not_valid_noun
crows,c ___,-15.65625,2,2token,not_valid_noun
crows,avi (,-15.65625,2,2token,not_valid_noun
crows,c .....,-15.65625,2,2token,not_valid_noun
crows,n i,-15.65625,2,2token,not_valid_noun
crows,raven .,-15.65625,2,2token,not_valid_noun
crows,duck .,-15.6875,2,2token,not_valid_noun
crows,___________ _________,-15.6875,2,2token,not_valid_noun
crows,___________ ____,-15.6875,2,2token,not_valid_noun
crows,avi .,-15.6875,2,2token,not_valid_noun
crows,the ________,-15.6875,2,2token,not_valid_noun
crows,the chicken,-15.6875,2,2token,not_valid_noun
crows,that have,-15.6875,2,2token,incomplete_phrase
crows,_. Add,-15.6875,2,2token,not_valid_noun
crows,_. When,-15.6875,2,2token,not_valid_noun
crows,_. -,-15.6875,2,2token,not_valid_noun
crows,_. apples,-15.6875,2,2token,not_valid_noun
crows,said,-15.6875,1,single_token,not_valid_noun
crows,es,-15.6875,1,single_token,not_valid_noun
crows,-:,-15.6875,1,single_token,not_valid_noun
crows,plump,-15.6875,1,single_token,incomplete_phrase
crows,naughty,-15.6875,1,single_token,not_valid_noun
crows,__(,-15.6875,1,single_token,not_valid_noun
crows,extinct,-15.6875,1,single_token,not_valid_noun
crows,guinea,-15.6875,1,single_token,incomplete_phrase
crows,classify,-15.6875,1,single_token,not_valid_noun
crows,cruel,-15.6875,1,single_token,not_valid_noun
crows,ey,-15.6875,1,single_token,not_valid_noun
crows,falling,-15.6875,1,single_token,not_valid_noun
crows,weak,-15.6875,1,single_token,not_valid_noun
crows,spread,-15.6875,1,single_token,not_valid_noun
crows,.. They,-15.6875,2,2token,not_valid_noun
crows,vor,-15.6875,1,single_token,not_valid_noun
crows,See,-15.6875,1,single_token,incomplete_phrase
crows,six,-15.6875,1,single_token,incomplete_phrase
crows,questions,-15.6875,1,single_token,not_valid_noun
crows,bal,-15.6875,1,single_token,incomplete_phrase
crows,job,-15.6875,1,single_token,not_valid_noun
crows,low,-15.6875,1,single_token,incomplete_phrase
crows,ill,-15.6875,1,single_token,incomplete_phrase
crows,near,-15.6875,1,single_token,not_valid_noun
crows,given,-15.6875,1,single_token,incomplete_phrase
crows,Sch,-15.6875,1,single_token,not_valid_noun
crows,US,-15.6875,1,single_token,not_valid_noun
crows,daily,-15.6875,1,single_token,incomplete_phrase
crows,tur,-15.6875,1,single_token,not_valid_noun
crows,moun,-15.6875,1,single_token,incomplete_phrase
crows,ii,-15.6875,1,single_token,not_valid_noun
crows,Figure,-15.6875,1,single_token,incomplete_phrase
crows,….. Write,-15.6875,2,2token,not_valid_noun
crows,….. animal,-15.6875,2,2token,not_valid_noun
crows,.. Correct,-15.6875,2,2token,not_valid_noun
crows,.. Continue,-15.6875,2,2token,not_valid_noun
crows,la,-15.6875,1,single_token,not_valid_noun
crows,e ...,-15.6875,2,2token,not_valid_noun
crows,food (,-15.6875,2,2token,not_valid_noun
crows,animals ____,-15.6875,2,2token,not_valid_noun
crows,animals Answer,-15.6875,2,2token,not_valid_noun
crows,animals /,-15.6875,2,2token,not_valid_noun
crows,fowl in,-15.6875,2,2token,not_valid_noun
crows,........... Write,-15.6875,2,2token,not_valid_noun
crows,: are,-15.6875,2,2token,not_valid_noun
crows,: fill,-15.6875,2,2token,not_valid_noun
crows,: of,-15.6875,2,2token,not_valid_noun
crows,beak Complete,-15.6875,2,2token,not_valid_noun
crows,cur,-15.6875,1,single_token,incomplete_phrase
crows,No,-15.6875,1,single_token,not_valid_noun
crows,which means,-15.6875,2,2token,not_valid_noun
crows,fowl ______,-15.6875,2,2token,not_valid_noun
crows,fowl of,-15.6875,2,2token,not_valid_noun
crows,the _______,-15.6875,2,2token,not_valid_noun
crows,the mammal,-15.6875,2,2token,not_valid_noun
crows,A parrot,-15.6875,2,2token,not_valid_noun
crows,A and,-15.6875,2,2token,not_valid_noun
crows,A _________,-15.6875,2,2token,not_valid_noun
crows,--- bird,-15.6875,2,2token,not_valid_noun
crows,hen .,-15.6875,2,2token,not_valid_noun
crows,black coloured,-15.6875,2,2token,not_valid_noun
crows,bir Continue,-15.6875,2,2token,not_valid_noun
crows,the tree,-15.6875,2,2token,not_valid_noun
crows,I believe,-15.71875,2,2token,not_valid_noun
crows,…… I,-15.71875,2,2token,not_valid_noun
crows,…… fruit,-15.71875,2,2token,not_valid_noun
crows,", ________",-15.71875,2,2token,not_valid_noun
crows,"..... ,",-15.71875,2,2token,not_valid_noun
crows,d,-15.71875,2,2token,not_valid_noun
crows,..... There,-15.71875,2,2token,not_valid_noun
crows,..... COMPLETE,-15.71875,2,2token,not_valid_noun
crows,BIRDS .,-15.71875,2,2token,not_valid_noun
crows,wood peck,-15.71875,2,2token,incomplete_phrase
crows,- Animals,-15.71875,2,2token,not_valid_noun
crows,domestic .,-15.71875,2,2token,not_valid_noun
crows,-. In,-15.71875,2,2token,not_valid_noun
crows,-. birds,-15.71875,2,2token,not_valid_noun
crows,- the,-15.71875,2,2token,not_valid_noun
crows,..... An,-15.71875,2,2token,not_valid_noun
crows,............... crows,-15.71875,2,2token,not_valid_noun
crows,............... The,-15.71875,2,2token,not_valid_noun
crows,............... animal,-15.71875,2,2token,not_valid_noun
crows,............... animals,-15.71875,2,2token,not_valid_noun
crows,avian that,-15.71875,2,2token,incomplete_phrase
crows,............... a,-15.71875,2,2token,not_valid_noun
crows,of ____,-15.71875,2,2token,not_valid_noun
crows,of ______,-15.71875,2,2token,not_valid_noun
crows,many of,-15.71875,2,2token,not_valid_noun
crows,- and,-15.71875,2,2token,not_valid_noun
crows,......... -,-15.71875,2,2token,not_valid_noun
crows,of an,-15.71875,2,2token,not_valid_noun
crows,song or,-15.71875,2,2token,not_valid_noun
crows,song that,-15.71875,2,2token,incomplete_phrase
crows,song of,-15.71875,2,2token,not_valid_noun
crows,song Complete,-15.71875,2,2token,not_valid_noun
crows,dog .,-15.71875,2,2token,not_valid_noun
crows,small flying,-15.71875,2,2token,incomplete_phrase
crows,d .,-15.71875,2,2token,not_valid_noun
crows,......... Select,-15.71875,2,2token,not_valid_noun
crows,Z,-15.75,1,single_token,not_valid_noun
crows,reptile .,-15.75,2,2token,not_valid_noun
crows,? fly,-15.75,2,2token,not_valid_noun
crows,big size,-15.75,2,2token,incomplete_phrase
crows,an a,-15.75,2,2token,not_valid_noun
crows,........ They,-15.75,2,2token,not_valid_noun
crows,an avi,-15.75,2,2token,not_valid_noun
crows,? _____,-15.75,2,2token,not_valid_noun
crows,an ____,-15.75,2,2token,not_valid_noun
crows,an (,-15.75,2,2token,not_valid_noun
crows,toothed,-15.75,1,single_token,not_valid_noun
crows,ofthe,-15.75,1,single_token,incomplete_phrase
crows,"..., ...,",-15.75,2,2token,not_valid_noun
crows,flee,-15.75,1,single_token,not_valid_noun
crows,avatar,-15.75,1,single_token,not_valid_noun
crows,vật,-15.75,1,single_token,not_valid_noun
crows,DIN,-15.75,1,single_token,incomplete_phrase
crows,",,",-15.75,1,single_token,not_valid_noun
crows,after,-15.75,1,single_token,not_valid_noun
crows,? Birds,-15.75,2,2token,not_valid_noun
crows,........ complete,-15.75,2,2token,not_valid_noun
crows,an _______,-15.75,2,2token,not_valid_noun
crows,sorry,-15.75,1,single_token,not_valid_noun
crows,favourite,-15.75,1,single_token,not_valid_noun
crows,attractive,-15.75,1,single_token,not_valid_noun
crows,noble,-15.75,1,single_token,incomplete_phrase
crows,writes,-15.75,1,single_token,not_valid_noun
crows,____ with,-15.75,2,2token,not_valid_noun
crows,____ Bird,-15.75,2,2token,not_valid_noun
crows,stars,-15.75,1,single_token,not_valid_noun
crows,____ ________,-15.75,2,2token,not_valid_noun
crows,especially,-15.75,1,single_token,not_valid_noun
crows,pou,-15.75,1,single_token,not_valid_noun
crows,groups,-15.75,1,single_token,not_valid_noun
crows,пти,-15.75,1,single_token,not_valid_noun
crows,п,-15.75,1,single_token,not_valid_noun
crows,monsters,-15.75,1,single_token,not_valid_noun
crows,Bird _____,-15.75,2,2token,not_valid_noun
crows,Bird /,-15.75,2,2token,not_valid_noun
crows,bur,-15.75,1,single_token,incomplete_phrase
crows,Wood,-15.75,1,single_token,incomplete_phrase
crows,mus,-15.75,1,single_token,incomplete_phrase
crows,famili,-15.75,1,single_token,not_valid_noun
crows,video,-15.75,1,single_token,incomplete_phrase
crows,____ noun,-15.75,2,2token,not_valid_noun
crows,____ __,-15.75,2,2token,not_valid_noun
crows,e Bird,-15.75,2,2token,not_valid_noun
crows,____ food,-15.75,2,2token,not_valid_noun
crows,____ but,-15.75,2,2token,not_valid_noun
crows,____ How,-15.75,2,2token,not_valid_noun
crows,^,-15.75,1,single_token,not_valid_noun
crows,____ :,-15.75,2,2token,not_valid_noun
crows,lan,-15.75,1,single_token,incomplete_phrase
crows,/*,-15.75,1,single_token,not_valid_noun
crows,...... Continue,-15.75,2,2token,not_valid_noun
crows,...... is,-15.75,2,2token,not_valid_noun
crows,fish and,-15.75,2,2token,incomplete_phrase
crows,....... Answer,-15.75,2,2token,not_valid_noun
crows,is birds,-15.75,2,2token,not_valid_noun
crows,...... Birds,-15.75,2,2token,not_valid_noun
crows,[...,-15.75,1,single_token,not_valid_noun
crows,"...,",-15.75,2,2token,not_valid_noun
crows,large feathered,-15.75,2,2token,not_valid_noun
crows,chicken ....,-15.75,2,2token,not_valid_noun
crows,/ all,-15.75,2,2token,not_valid_noun
crows,member in,-15.75,2,2token,not_valid_noun
crows,Noah,-15.75,1,single_token,incomplete_phrase
crows,.:,-15.75,1,single_token,not_valid_noun
crows,frighten,-15.75,1,single_token,not_valid_noun
crows,clothe,-15.75,1,single_token,not_valid_noun
crows,ste,-15.75,1,single_token,not_valid_noun
crows,sly,-15.75,1,single_token,not_valid_noun
crows,dan,-15.75,1,single_token,incomplete_phrase
crows,cho,-15.75,1,single_token,incomplete_phrase
crows,fri,-15.75,1,single_token,not_valid_noun
crows,IN,-15.75,1,single_token,not_valid_noun
crows,australian,-15.75,1,single_token,incomplete_phrase
crows,rsp,-15.75,1,single_token,not_valid_noun
crows,*******,-15.75,1,single_token,not_valid_noun
crows,⭐,-15.75,1,single_token,not_valid_noun
crows,c _,-15.78125,2,2token,not_valid_noun
crows,poultry complete,-15.78125,2,2token,not_valid_noun
crows,Birds are,-15.78125,2,2token,incomplete_phrase
crows,and kind,-15.78125,2,2token,not_valid_noun
crows,and (,-15.78125,2,2token,not_valid_noun
crows,what we,-15.78125,2,2token,not_valid_noun
crows,my dog,-15.78125,2,2token,not_valid_noun
crows,what ...,-15.78125,2,2token,not_valid_noun
crows,pest in,-15.78125,2,2token,not_valid_noun
crows,............ The,-15.78125,2,2token,not_valid_noun
crows,verb Complete,-15.78125,2,2token,not_valid_noun
crows,are not,-15.78125,2,2token,not_valid_noun
crows,.......... The,-15.78125,2,2token,not_valid_noun
crows,............. A,-15.78125,2,2token,not_valid_noun
crows,in animals,-15.78125,2,2token,not_valid_noun
crows,in English,-15.78125,2,2token,not_valid_noun
crows,f Read,-15.78125,2,2token,not_valid_noun
crows,in Australia,-15.78125,2,2token,not_valid_noun
crows,............. The,-15.78125,2,2token,not_valid_noun
crows,f __________,-15.78125,2,2token,not_valid_noun
crows,.......... A,-15.78125,2,2token,not_valid_noun
crows,............ animals,-15.78125,2,2token,not_valid_noun
crows,X bird,-15.78125,2,2token,not_valid_noun
crows,............ What,-15.78125,2,2token,not_valid_noun
crows,A species,-15.8125,2,2token,not_valid_noun
crows,the of,-15.8125,2,2token,not_valid_noun
crows,which creature,-15.8125,2,2token,not_valid_noun
crows,fowl ____,-15.8125,2,2token,not_valid_noun
crows,animals .....,-15.8125,2,2token,not_valid_noun
crows,animals Read,-15.8125,2,2token,not_valid_noun
crows,animals,-15.8125,2,2token,not_valid_noun
crows,the avian,-15.8125,2,2token,not_valid_noun
crows,the group,-15.8125,2,2token,not_valid_noun
crows,animals from,-15.8125,2,2token,incomplete_phrase
crows,animals _____,-15.8125,2,2token,not_valid_noun
crows,A ____,-15.8125,2,2token,not_valid_noun
crows,animals to,-15.8125,2,2token,not_valid_noun
crows,flight .,-15.8125,2,2token,not_valid_noun
crows,this type,-15.8125,2,2token,incomplete_phrase
crows,___________ -,-15.8125,2,2token,not_valid_noun
crows,___________ _,-15.8125,2,2token,not_valid_noun
crows,* a,-15.8125,2,2token,not_valid_noun
crows,animals but,-15.8125,2,2token,incomplete_phrase
crows,___________ Write,-15.8125,2,2token,not_valid_noun
crows,other than,-15.8125,2,2token,not_valid_noun
crows,other living,-15.8125,2,2token,incomplete_phrase
crows,other kinds,-15.8125,2,2token,incomplete_phrase
crows,.. This,-15.8125,2,2token,not_valid_noun
crows,........... ?,-15.8125,2,2token,not_valid_noun
crows,________ is,-15.8125,2,2token,not_valid_noun
crows,.. Draw,-15.8125,2,2token,not_valid_noun
crows,.. Which,-15.8125,2,2token,not_valid_noun
crows,........... ...,-15.8125,2,2token,not_valid_noun
crows,beak .,-15.8125,2,2token,not_valid_noun
crows,black _____,-15.8125,2,2token,not_valid_noun
crows,black (,-15.8125,2,2token,not_valid_noun
crows,_. COMPLETE,-15.8125,2,2token,not_valid_noun
crows,b .,-15.8125,2,2token,not_valid_noun
crows,that has,-15.8125,2,2token,incomplete_phrase
crows,_. __,-15.8125,2,2token,not_valid_noun
crows,mammal ____,-15.8125,2,2token,not_valid_noun
crows,Sh,-15.8125,1,single_token,not_valid_noun
crows,anti,-15.8125,1,single_token,incomplete_phrase
crows,online,-15.8125,1,single_token,not_valid_noun
crows,mammal Answer,-15.8125,2,2token,not_valid_noun
crows,________ but,-15.8125,2,2token,not_valid_noun
crows,_. Identify,-15.8125,2,2token,not_valid_noun
crows,_. Select,-15.8125,2,2token,not_valid_noun
crows,________ _,-15.8125,2,2token,not_valid_noun
crows,_. It,-15.8125,2,2token,not_valid_noun
crows,_. An,-15.8125,2,2token,not_valid_noun
crows,____________ What,-15.8125,2,2token,not_valid_noun
crows,____________ in,-15.8125,2,2token,not_valid_noun
crows,bat .,-15.8125,2,2token,not_valid_noun
crows,le,-15.8125,1,single_token,not_valid_noun
crows,without,-15.8125,1,single_token,not_valid_noun
crows,ww,-15.8125,1,single_token,not_valid_noun
crows,electric,-15.8125,1,single_token,incomplete_phrase
crows,playing,-15.8125,1,single_token,not_valid_noun
crows,French,-15.8125,1,single_token,incomplete_phrase
crows,UK,-15.8125,1,single_token,not_valid_noun
crows,meta,-15.8125,1,single_token,incomplete_phrase
crows,followed,-15.8125,1,single_token,not_valid_noun
crows,Who,-15.8125,1,single_token,not_valid_noun
crows,helping,-15.8125,1,single_token,incomplete_phrase
crows,organic,-15.8125,1,single_token,incomplete_phrase
crows,absent,-15.8125,1,single_token,not_valid_noun
crows,nt,-15.8125,1,single_token,not_valid_noun
crows,mammal ________,-15.8125,2,2token,not_valid_noun
crows,fallen,-15.8125,1,single_token,not_valid_noun
crows,apar,-15.8125,1,single_token,incomplete_phrase
crows,pp,-15.8125,1,single_token,not_valid_noun
crows,deadly,-15.8125,1,single_token,not_valid_noun
crows,veg,-15.8125,1,single_token,not_valid_noun
crows,*_,-15.8125,1,single_token,not_valid_noun
crows,Anat,-15.8125,1,single_token,incomplete_phrase
crows,corm,-15.8125,1,single_token,incomplete_phrase
crows,aerob,-15.8125,1,single_token,not_valid_noun
crows,fr,-15.8125,1,single_token,not_valid_noun
crows,Ed,-15.8125,1,single_token,not_valid_noun
crows,primitive,-15.8125,1,single_token,incomplete_phrase
crows,normal,-15.8125,1,single_token,incomplete_phrase
crows,or type,-15.8125,2,2token,not_valid_noun
crows,parrot complete,-15.8125,2,2token,not_valid_noun
crows,parrot ...,-15.8125,2,2token,not_valid_noun
crows,p ________,-15.8125,2,2token,not_valid_noun
crows,grey .,-15.8125,2,2token,not_valid_noun
crows,p __________,-15.8125,2,2token,not_valid_noun
crows,"- ,",-15.84375,2,2token,not_valid_noun
crows,- Animal,-15.84375,2,2token,not_valid_noun
crows,......... Choose,-15.84375,2,2token,not_valid_noun
crows,..... are,-15.84375,2,2token,not_valid_noun
crows,The noun,-15.84375,2,2token,not_valid_noun
crows,The adjective,-15.84375,2,2token,not_valid_noun
crows,small .,-15.84375,2,2token,not_valid_noun
crows,The fruit,-15.84375,2,2token,not_valid_noun
crows,", fruit",-15.84375,2,2token,not_valid_noun
crows,The animals,-15.84375,2,2token,not_valid_noun
crows,The difference,-15.84375,2,2token,not_valid_noun
crows,The above,-15.84375,2,2token,not_valid_noun
crows,The number,-15.84375,2,2token,not_valid_noun
crows,The name,-15.84375,2,2token,not_valid_noun
crows,-. a,-15.84375,2,2token,not_valid_noun
crows,-. .,-15.84375,2,2token,not_valid_noun
crows,< .,-15.84375,2,2token,not_valid_noun
crows,I .,-15.84375,2,2token,not_valid_noun
crows,many .,-15.84375,2,2token,not_valid_noun
crows,..... Bird,-15.84375,2,2token,not_valid_noun
crows,..... We,-15.84375,2,2token,not_valid_noun
crows,…… ……,-15.84375,2,2token,not_valid_noun
crows,f ___,-15.84375,2,2token,not_valid_noun
crows,…… Answer,-15.84375,2,2token,not_valid_noun
crows,…… Select,-15.84375,2,2token,not_valid_noun
crows,creature called,-15.84375,2,2token,incomplete_phrase
crows,n e,-15.84375,2,2token,not_valid_noun
crows,f ____________,-15.84375,2,2token,not_valid_noun
crows,", crows",-15.84375,2,2token,not_valid_noun
crows,", while",-15.84375,2,2token,not_valid_noun
crows,sea ...,-15.84375,2,2token,not_valid_noun
crows,tree (,-15.84375,2,2token,not_valid_noun
crows,-. Choose,-15.84375,2,2token,not_valid_noun
crows,BIRD ....,-15.84375,2,2token,not_valid_noun
crows,- in,-15.84375,2,2token,not_valid_noun
crows,- is,-15.84375,2,2token,not_valid_noun
crows,- ?,-15.84375,2,2token,not_valid_noun
crows,####,-15.875,1,single_token,not_valid_noun
crows,",.",-15.875,1,single_token,not_valid_noun
crows,......,-15.875,2,2token,not_valid_noun
crows,"..., etc",-15.875,2,2token,not_valid_noun
crows,"..., I",-15.875,2,2token,not_valid_noun
crows,"..., so",-15.875,2,2token,not_valid_noun
crows,"..., .",-15.875,2,2token,not_valid_noun
crows,large wild,-15.875,2,2token,incomplete_phrase
crows,adj,-15.875,1,single_token,not_valid_noun
crows,{...,-15.875,1,single_token,not_valid_noun
crows,,-15.875,1,single_token,not_valid_noun
crows,( _____,-15.875,2,2token,not_valid_noun
crows,? in,-15.875,2,2token,not_valid_noun
crows,? is,-15.875,2,2token,not_valid_noun
crows,para,-15.875,1,single_token,incomplete_phrase
crows,bir ....,-15.875,2,2token,not_valid_noun
crows,particular,-15.875,1,single_token,incomplete_phrase
crows,bri,-15.875,1,single_token,not_valid_noun
crows,sw,-15.875,1,single_token,not_valid_noun
crows,wor,-15.875,1,single_token,not_valid_noun
crows,north,-15.875,1,single_token,incomplete_phrase
crows,shooting,-15.875,1,single_token,incomplete_phrase
crows,neither,-15.875,1,single_token,not_valid_noun
crows,national,-15.875,1,single_token,incomplete_phrase
crows,proud,-15.875,1,single_token,not_valid_noun
crows,expensive,-15.875,1,single_token,not_valid_noun
crows,fantastic,-15.875,1,single_token,not_valid_noun
crows,cic,-15.875,1,single_token,not_valid_noun
crows,negative,-15.875,1,single_token,incomplete_phrase
crows,south,-15.875,1,single_token,incomplete_phrase
crows,lap,-15.875,1,single_token,incomplete_phrase
crows,©,-15.875,1,single_token,not_valid_noun
crows,disgusting,-15.875,1,single_token,not_valid_noun
crows,helpers,-15.875,1,single_token,not_valid_noun
crows,sayings,-15.875,1,single_token,not_valid_noun
crows,hens,-15.875,1,single_token,not_valid_noun
crows,...... of,-15.875,2,2token,not_valid_noun
crows,Bird which,-15.875,2,2token,incomplete_phrase
crows,Bird .....,-15.875,2,2token,not_valid_noun
crows,Bird Read,-15.875,2,2token,not_valid_noun
crows,vertebrate (,-15.875,2,2token,not_valid_noun
crows,? There,-15.875,2,2token,not_valid_noun
crows,........ ..,-15.875,2,2token,not_valid_noun
crows,? crow,-15.875,2,2token,not_valid_noun
crows,magical,-15.875,1,single_token,not_valid_noun
crows,vocal,-15.875,1,single_token,incomplete_phrase
crows,Talk,-15.875,1,single_token,incomplete_phrase
crows,...... Bird,-15.875,2,2token,not_valid_noun
crows,...... and,-15.875,2,2token,not_valid_noun
crows,"...... ,",-15.875,2,2token,not_valid_noun
crows,...... Which,-15.875,2,2token,not_valid_noun
crows,...... ....,-15.875,2,2token,not_valid_noun
crows,sky .,-15.875,2,2token,not_valid_noun
crows,....... crow,-15.875,2,2token,not_valid_noun
crows,....... In,-15.875,2,2token,not_valid_noun
crows,....... Choose,-15.875,2,2token,not_valid_noun
crows,"..., ,",-15.875,2,2token,not_valid_noun
crows,....... ....,-15.875,2,2token,not_valid_noun
crows,___________,-15.875,2,2token,not_valid_noun
crows,____ complete,-15.875,2,2token,not_valid_noun
crows,inte,-15.875,1,single_token,not_valid_noun
crows,Qu,-15.875,1,single_token,not_valid_noun
crows,been,-15.875,1,single_token,not_valid_noun
crows,Ra,-15.875,1,single_token,not_valid_noun
crows,were,-15.875,1,single_token,not_valid_noun
crows,au,-15.875,1,single_token,not_valid_noun
crows,U,-15.875,1,single_token,not_valid_noun
crows,ex,-15.875,1,single_token,not_valid_noun
crows,/ plural,-15.875,2,2token,not_valid_noun
crows,/ animals,-15.875,2,2token,not_valid_noun
crows,/ size,-15.875,2,2token,not_valid_noun
crows,/ A,-15.875,2,2token,not_valid_noun
crows,my,-15.90625,2,2token,not_valid_noun
crows,............. animal,-15.90625,2,2token,not_valid_noun
crows,............. a,-15.90625,2,2token,not_valid_noun
crows,............. animals,-15.90625,2,2token,not_valid_noun
crows,What word,-15.90625,2,2token,not_valid_noun
crows,What animals,-15.90625,2,2token,not_valid_noun
crows,fruit (,-15.90625,2,2token,not_valid_noun
crows,name the,-15.90625,2,2token,incomplete_phrase
crows,living .,-15.90625,2,2token,not_valid_noun
crows,are crow,-15.90625,2,2token,not_valid_noun
crows,poultry ...,-15.90625,2,2token,not_valid_noun
crows,e ______,-15.90625,2,2token,not_valid_noun
crows,.......... crows,-15.90625,2,2token,not_valid_noun
crows,family Complete,-15.90625,2,2token,not_valid_noun
crows,............ crows,-15.90625,2,2token,not_valid_noun
crows,[ ?,-15.90625,2,2token,not_valid_noun
crows,in .,-15.90625,2,2token,not_valid_noun
crows,.......... a,-15.90625,2,2token,not_valid_noun
crows,and crow,-15.90625,2,2token,not_valid_noun
crows,av ...,-15.90625,2,2token,not_valid_noun
crows,________ Animal,-15.9375,2,2token,not_valid_noun
crows,________ [,-15.9375,2,2token,not_valid_noun
crows,________ _________,-15.9375,2,2token,not_valid_noun
crows,flying …,-15.9375,2,2token,not_valid_noun
crows,this (,-15.9375,2,2token,not_valid_noun
crows,________ with,-15.9375,2,2token,not_valid_noun
crows,___________ crows,-15.9375,2,2token,not_valid_noun
crows,wild ________,-15.9375,2,2token,not_valid_noun
crows,faces,-15.9375,1,single_token,not_valid_noun
crows,oc,-15.9375,1,single_token,not_valid_noun
crows,describe,-15.9375,1,single_token,not_valid_noun
crows,organis,-15.9375,1,single_token,not_valid_noun
crows,Asia,-15.9375,1,single_token,not_valid_noun
crows,Very,-15.9375,1,single_token,not_valid_noun
crows,thin,-15.9375,1,single_token,not_valid_noun
crows,ava,-15.9375,1,single_token,incomplete_phrase
crows,\{,-15.9375,1,single_token,not_valid_noun
crows,lively,-15.9375,1,single_token,not_valid_noun
crows,ain,-15.9375,1,single_token,not_valid_noun
crows,§,-15.9375,1,single_token,not_valid_noun
crows,.. Explain,-15.9375,2,2token,not_valid_noun
crows,____________ ____,-15.9375,2,2token,not_valid_noun
crows,____________ ___________,-15.9375,2,2token,not_valid_noun
crows,____________ -,-15.9375,2,2token,not_valid_noun
crows,illegal,-15.9375,1,single_token,not_valid_noun
crows,........... fruit,-15.9375,2,2token,not_valid_noun
crows,____________,-15.9375,2,2token,not_valid_noun
crows,….. Choose,-15.9375,2,2token,not_valid_noun
crows,….. ?,-15.9375,2,2token,not_valid_noun
crows,inver,-15.9375,1,single_token,not_valid_noun
crows,europe,-15.9375,1,single_token,not_valid_noun
crows,sap,-15.9375,1,single_token,incomplete_phrase
crows,Quiz,-15.9375,1,single_token,incomplete_phrase
crows,Pea,-15.9375,1,single_token,incomplete_phrase
crows,bugs,-15.9375,1,single_token,not_valid_noun
crows,____________ Write,-15.9375,2,2token,not_valid_noun
crows,.. An,-15.9375,2,2token,not_valid_noun
crows,.. There,-15.9375,2,2token,not_valid_noun
crows,.. crow,-15.9375,2,2token,not_valid_noun
crows,other .,-15.9375,2,2token,not_valid_noun
crows,missing,-15.9375,1,single_token,not_valid_noun
crows,black ___,-15.9375,2,2token,not_valid_noun
crows,black _________,-15.9375,2,2token,not_valid_noun
crows,fowl Answer,-15.9375,2,2token,not_valid_noun
crows,fowl ________,-15.9375,2,2token,not_valid_noun
crows,fictional,-15.9375,1,single_token,not_valid_noun
crows,wikipedia,-15.9375,1,single_token,not_valid_noun
crows,prairie,-15.9375,1,single_token,incomplete_phrase
crows,dn,-15.9375,1,single_token,not_valid_noun
crows,Vocabulary,-15.9375,1,single_token,incomplete_phrase
crows,,-15.9375,1,single_token,not_valid_noun
crows,mocking,-15.9375,1,single_token,not_valid_noun
crows,Galli,-15.9375,1,single_token,incomplete_phrase
crows,Angry,-15.9375,1,single_token,not_valid_noun
crows,MY,-15.9375,1,single_token,not_valid_noun
crows,neutral,-15.9375,1,single_token,incomplete_phrase
crows,cranes,-15.9375,1,single_token,not_valid_noun
crows,.',-15.9375,1,single_token,not_valid_noun
crows,everywhere,-15.9375,1,single_token,not_valid_noun
crows,mou,-15.9375,1,single_token,incomplete_phrase
crows,sav,-15.9375,1,single_token,not_valid_noun
crows,Fin,-15.9375,1,single_token,incomplete_phrase
crows,pred,-15.9375,1,single_token,not_valid_noun
crows,Ca,-15.9375,1,single_token,not_valid_noun
crows,£,-15.9375,1,single_token,not_valid_noun
crows,OR,-15.9375,1,single_token,not_valid_noun
crows,amp,-15.9375,1,single_token,not_valid_noun
crows,invent,-15.9375,1,single_token,not_valid_noun
crows,nes,-15.9375,1,single_token,not_valid_noun
crows,feathered ...,-15.9375,2,2token,not_valid_noun
crows,bij,-15.9375,1,single_token,not_valid_noun
crows,.. Bird,-15.9375,2,2token,not_valid_noun
crows,drinks,-15.9375,1,single_token,not_valid_noun
crows,_. They,-15.9375,2,2token,not_valid_noun
crows,_. All,-15.9375,2,2token,not_valid_noun
crows,whom,-15.9375,1,single_token,not_valid_noun
crows,sometimes,-15.9375,1,single_token,not_valid_noun
crows,lar,-15.9375,1,single_token,not_valid_noun
crows,cats,-15.9375,1,single_token,not_valid_noun
crows,chip,-15.9375,1,single_token,incomplete_phrase
crows,das,-15.9375,1,single_token,incomplete_phrase
crows,ou,-15.9375,1,single_token,not_valid_noun
crows,less,-15.9375,1,single_token,not_valid_noun
crows,sch,-15.9375,1,single_token,not_valid_noun
crows,diseases,-15.9375,1,single_token,not_valid_noun
crows,take,-15.9375,1,single_token,incomplete_phrase
crows,which class,-15.9375,2,2token,not_valid_noun
crows,before,-15.9375,1,single_token,not_valid_noun
crows,include,-15.9375,1,single_token,not_valid_noun
crows,sat,-15.9375,1,single_token,incomplete_phrase
crows,animals What,-15.9375,2,2token,incomplete_phrase
crows,Identify,-15.9375,1,single_token,not_valid_noun
crows,prim,-15.9375,1,single_token,not_valid_noun
crows,stuffed,-15.9375,1,single_token,not_valid_noun
crows,africa,-15.9375,1,single_token,not_valid_noun
crows,Red,-15.9375,1,single_token,not_valid_noun
crows,ing,-15.9375,1,single_token,not_valid_noun
crows,ep,-15.9375,1,single_token,not_valid_noun
crows,Each,-15.9375,1,single_token,incomplete_phrase
crows,fal,-15.9375,1,single_token,not_valid_noun
crows,wh,-15.9375,1,single_token,not_valid_noun
crows,electronic,-15.9375,1,single_token,not_valid_noun
crows,um,-15.9375,1,single_token,not_valid_noun
crows,never,-15.9375,1,single_token,not_valid_noun
crows,Word,-15.9375,1,single_token,incomplete_phrase
crows,powerful,-15.9375,1,single_token,not_valid_noun
crows,use,-15.9375,1,single_token,incomplete_phrase
crows,merry,-15.9375,1,single_token,not_valid_noun
crows,A group,-15.9375,2,2token,not_valid_noun
crows,A animals,-15.9375,2,2token,not_valid_noun
crows,vist,-15.9375,1,single_token,not_valid_noun
crows,›,-15.9375,1,single_token,not_valid_noun
crows,,-15.9375,1,single_token,not_valid_noun
crows,vets,-15.9375,1,single_token,not_valid_noun
crows,min,-15.9375,1,single_token,incomplete_phrase
crows,him,-15.9375,1,single_token,not_valid_noun
crows,b Read,-15.9375,2,2token,not_valid_noun
crows,mas,-15.9375,1,single_token,incomplete_phrase
crows,animals a,-15.9375,2,2token,not_valid_noun
crows,animals A,-15.9375,2,2token,not_valid_noun
crows,clo,-15.9375,1,single_token,not_valid_noun
crows,Bar,-15.9375,1,single_token,incomplete_phrase
crows,??????,-15.9375,1,single_token,not_valid_noun
crows,mammal ______,-15.9375,2,2token,not_valid_noun
crows,Vögel,-15.9375,1,single_token,not_valid_noun
crows,pesky,-15.9375,1,single_token,not_valid_noun
crows,caged,-15.9375,1,single_token,not_valid_noun
crows,〈,-15.9375,1,single_token,not_valid_noun
crows,___________ or,-15.9375,2,2token,not_valid_noun
crows,___________ Select,-15.9375,2,2token,not_valid_noun
crows,the most,-15.9375,2,2token,not_valid_noun
crows,………… A,-15.9375,2,2token,not_valid_noun
crows,the food,-15.9375,2,2token,not_valid_noun
crows,the fowl,-15.9375,2,2token,not_valid_noun
crows,avi …,-15.9375,2,2token,not_valid_noun
crows,human .,-15.9375,2,2token,not_valid_noun
crows,- complete,-15.96875,2,2token,not_valid_noun
crows,…… Choose,-15.96875,2,2token,not_valid_noun
crows,BIRD complete,-15.96875,2,2token,not_valid_noun
crows,- What,-15.96875,2,2token,not_valid_noun
crows,…… animals,-15.96875,2,2token,not_valid_noun
crows,-. (,-15.96875,2,2token,not_valid_noun
crows,< a,-15.96875,2,2token,not_valid_noun
crows,of mammals,-15.96875,2,2token,not_valid_noun
crows,of crows,-15.96875,2,2token,not_valid_noun
crows,small,-15.96875,2,2token,incomplete_phrase
crows,The kind,-15.96875,2,2token,not_valid_noun
crows,The words,-15.96875,2,2token,not_valid_noun
crows,The sun,-15.96875,2,2token,not_valid_noun
crows,The plural,-15.96875,2,2token,not_valid_noun
crows,c ......,-15.96875,2,2token,not_valid_noun
crows,car in,-15.96875,2,2token,not_valid_noun
crows,c A,-15.96875,2,2token,not_valid_noun
crows,- _____,-15.96875,2,2token,not_valid_noun
crows,insect (,-15.96875,2,2token,not_valid_noun
crows,noise .,-15.96875,2,2token,not_valid_noun
crows,............... What,-15.96875,2,2token,not_valid_noun
crows,", __",-15.96875,2,2token,not_valid_noun
crows,I I,-15.96875,2,2token,not_valid_noun
crows,......... are,-15.96875,2,2token,not_valid_noun
crows,I animal,-15.96875,2,2token,not_valid_noun
crows,", crow",-15.96875,2,2token,not_valid_noun
crows,", ____",-15.96875,2,2token,not_valid_noun
crows,", is",-15.96875,2,2token,not_valid_noun
crows,rats,-16.0,1,single_token,not_valid_noun
crows,Earth,-16.0,1,single_token,incomplete_phrase
crows,calls,-16.0,1,single_token,not_valid_noun
crows,Learn,-16.0,1,single_token,not_valid_noun
crows,...... They,-16.0,2,2token,not_valid_noun
crows,...... are,-16.0,2,2token,not_valid_noun
crows,Wikipedia,-16.0,1,single_token,not_valid_noun
crows,AI,-16.0,1,single_token,not_valid_noun
crows,meg,-16.0,1,single_token,incomplete_phrase
crows,Clever,-16.0,1,single_token,not_valid_noun
crows,vir,-16.0,1,single_token,not_valid_noun
crows,⇒,-16.0,1,single_token,not_valid_noun
crows,Ali,-16.0,1,single_token,not_valid_noun
crows,Blue,-16.0,1,single_token,incomplete_phrase
crows,favorite,-16.0,1,single_token,incomplete_phrase
crows,lack,-16.0,1,single_token,incomplete_phrase
crows,Charles,-16.0,1,single_token,incomplete_phrase
crows,{},-16.0,1,single_token,not_valid_noun
crows,pin,-16.0,1,single_token,incomplete_phrase
crows,neigh,-16.0,1,single_token,incomplete_phrase
crows,top,-16.0,1,single_token,not_valid_noun
crows,give,-16.0,1,single_token,incomplete_phrase
crows,?,-16.0,2,2token,not_valid_noun
crows,vultures,-16.0,1,single_token,not_valid_noun
crows,big white,-16.0,2,2token,incomplete_phrase
crows,big feathered,-16.0,2,2token,not_valid_noun
crows,.,-16.0,1,single_token,not_valid_noun
crows,videogame,-16.0,1,single_token,not_valid_noun
crows,⠀,-16.0,1,single_token,not_valid_noun
crows,greyish,-16.0,1,single_token,not_valid_noun
crows,iri,-16.0,1,single_token,not_valid_noun
crows,flocks,-16.0,1,single_token,not_valid_noun
crows,unidentified,-16.0,1,single_token,not_valid_noun
crows,foolish,-16.0,1,single_token,not_valid_noun
crows,crow with,-16.0,2,2token,not_valid_noun
crows,tetra,-16.0,1,single_token,incomplete_phrase
crows,ANSWER,-16.0,1,single_token,not_valid_noun
crows,WILD,-16.0,1,single_token,incomplete_phrase
crows,Important,-16.0,1,single_token,not_valid_noun
crows,macro,-16.0,1,single_token,incomplete_phrase
crows,habits,-16.0,1,single_token,not_valid_noun
crows,frequent,-16.0,1,single_token,not_valid_noun
crows,...... Use,-16.0,2,2token,not_valid_noun
crows,indigenous,-16.0,1,single_token,not_valid_noun
crows,magnificent,-16.0,1,single_token,not_valid_noun
crows,"..., ....",-16.0,2,2token,not_valid_noun
crows,water .,-16.0,2,2token,not_valid_noun
crows,"..., as",-16.0,2,2token,not_valid_noun
crows,or,-16.0,2,2token,not_valid_noun
crows,ra ...,-16.0,2,2token,not_valid_noun
crows,large sea,-16.0,2,2token,incomplete_phrase
crows,Bird ____,-16.0,2,2token,not_valid_noun
crows,is,-16.0,2,2token,not_valid_noun
crows,( animals,-16.0,2,2token,not_valid_noun
crows,........ is,-16.0,2,2token,not_valid_noun
crows,/ flying,-16.0,2,2token,not_valid_noun
crows,/ pair,-16.0,2,2token,not_valid_noun
crows,/ member,-16.0,2,2token,not_valid_noun
crows,/ family,-16.0,2,2token,not_valid_noun
crows,/ different,-16.0,2,2token,not_valid_noun
crows,kind ...,-16.0,2,2token,not_valid_noun
crows,/ no,-16.0,2,2token,not_valid_noun
crows,/ class,-16.0,2,2token,not_valid_noun
crows,/ any,-16.0,2,2token,not_valid_noun
crows,....... is,-16.0,2,2token,not_valid_noun
crows,....... are,-16.0,2,2token,not_valid_noun
crows,....... Correct,-16.0,2,2token,not_valid_noun
crows,/ have,-16.0,2,2token,not_valid_noun
crows,chicken COMPLETE,-16.0,2,2token,not_valid_noun
crows,/ or,-16.0,2,2token,not_valid_noun
crows,____ ?,-16.0,2,2token,not_valid_noun
crows,____ In,-16.0,2,2token,not_valid_noun
crows,____,-16.0,2,2token,not_valid_noun
crows,____ ...,-16.0,2,2token,not_valid_noun
crows,poss,-16.0,1,single_token,incomplete_phrase
crows,artificial,-16.0,1,single_token,not_valid_noun
crows,MC,-16.0,1,single_token,not_valid_noun
crows,reading,-16.0,1,single_token,not_valid_noun
crows,H,-16.0,1,single_token,not_valid_noun
crows,New,-16.0,1,single_token,not_valid_noun
crows,between,-16.0,1,single_token,not_valid_noun
crows,cap,-16.0,1,single_token,incomplete_phrase
crows,...... ​,-16.0,2,2token,not_valid_noun
crows,...... ________,-16.0,2,2token,not_valid_noun
crows,...... ____,-16.0,2,2token,not_valid_noun
crows,...... ______,-16.0,2,2token,not_valid_noun
crows,people .,-16.03125,2,2token,not_valid_noun
crows,pest (,-16.03125,2,2token,not_valid_noun
crows,and ____,-16.03125,2,2token,not_valid_noun
crows,and ________,-16.03125,2,2token,not_valid_noun
crows,and black,-16.03125,2,2token,not_valid_noun
crows,and also,-16.03125,2,2token,not_valid_noun
crows,What other,-16.03125,2,2token,not_valid_noun
crows,feather d,-16.03125,2,2token,not_valid_noun
crows,and and,-16.03125,2,2token,not_valid_noun
crows,?. In,-16.03125,2,2token,not_valid_noun
crows,.............. A,-16.03125,2,2token,not_valid_noun
crows,Birds in,-16.03125,2,2token,not_valid_noun
crows,?. (,-16.03125,2,2token,not_valid_noun
crows,avi -,-16.03125,2,2token,not_valid_noun
crows,Birds of,-16.03125,2,2token,not_valid_noun
crows,?. Which,-16.03125,2,2token,not_valid_noun
crows,Birds and,-16.03125,2,2token,incomplete_phrase
crows,are animal,-16.03125,2,2token,not_valid_noun
crows,poultry or,-16.03125,2,2token,not_valid_noun
crows,poultry and,-16.03125,2,2token,incomplete_phrase
crows,............. crows,-16.03125,2,2token,not_valid_noun
crows,feathers .,-16.03125,2,2token,not_valid_noun
crows,which we,-16.0625,2,2token,not_valid_noun
crows,song in,-16.0625,2,2token,not_valid_noun
crows,black ....,-16.0625,2,2token,not_valid_noun
crows,__ Complete,-16.0625,2,2token,not_valid_noun
crows,mammal which,-16.0625,2,2token,incomplete_phrase
crows,or .,-16.0625,2,2token,not_valid_noun
crows,mammal _,-16.0625,2,2token,not_valid_noun
crows,mammal called,-16.0625,2,2token,incomplete_phrase
crows,A -,-16.0625,2,2token,not_valid_noun
crows,A creature,-16.0625,2,2token,not_valid_noun
crows,….. Select,-16.0625,2,2token,not_valid_noun
crows,….. complete,-16.0625,2,2token,not_valid_noun
crows,….. Correct,-16.0625,2,2token,not_valid_noun
crows,which lives,-16.0625,2,2token,not_valid_noun
crows,which ?,-16.0625,2,2token,not_valid_noun
crows,that we,-16.0625,2,2token,not_valid_noun
crows,grey ...,-16.0625,2,2token,not_valid_noun
crows,noun .,-16.0625,2,2token,not_valid_noun
crows,raptor (,-16.0625,2,2token,not_valid_noun
crows,black ____,-16.0625,2,2token,not_valid_noun
crows,….. In,-16.0625,2,2token,not_valid_noun
crows,__ Fill,-16.0625,2,2token,not_valid_noun
crows,.. of,-16.0625,2,2token,not_valid_noun
crows,.. is,-16.0625,2,2token,not_valid_noun
crows,..,-16.0625,2,2token,not_valid_noun
crows,__ and,-16.0625,2,2token,not_valid_noun
crows,flying (,-16.0625,2,2token,not_valid_noun
crows,p ______,-16.0625,2,2token,not_valid_noun
crows,__ animal,-16.0625,2,2token,not_valid_noun
crows,__ a,-16.0625,2,2token,not_valid_noun
crows,___________ Correct,-16.0625,2,2token,not_valid_noun
crows,___________ _____,-16.0625,2,2token,not_valid_noun
crows,______,-16.0625,2,2token,not_valid_noun
crows,___________ __________,-16.0625,2,2token,not_valid_noun
crows,wild song,-16.0625,2,2token,incomplete_phrase
crows,___________ :,-16.0625,2,2token,not_valid_noun
crows,thing (,-16.0625,2,2token,not_valid_noun
crows,symbol .,-16.0625,2,2token,not_valid_noun
crows,………… bird,-16.0625,2,2token,not_valid_noun
crows,w ______,-16.0625,2,2token,not_valid_noun
crows,________ :,-16.0625,2,2token,not_valid_noun
crows,………… birds,-16.0625,2,2token,not_valid_noun
crows,A pair,-16.0625,2,2token,not_valid_noun
crows,A list,-16.0625,2,2token,not_valid_noun
crows,fowl :,-16.0625,2,2token,not_valid_noun
crows,animals ..,-16.0625,2,2token,not_valid_noun
crows,animals The,-16.0625,2,2token,incomplete_phrase
crows,pet (,-16.0625,2,2token,not_valid_noun
crows,________ Find,-16.0625,2,2token,not_valid_noun
crows,________ because,-16.0625,2,2token,not_valid_noun
crows,parrot and,-16.0625,2,2token,incomplete_phrase
crows,parrot or,-16.0625,2,2token,not_valid_noun
crows,mammal Read,-16.0625,2,2token,not_valid_noun
crows,bir ds,-16.0625,2,2token,not_valid_noun
crows,…… COMPLETE,-16.09375,2,2token,not_valid_noun
crows,......... is,-16.09375,2,2token,not_valid_noun
crows,......... ....,-16.09375,2,2token,not_valid_noun
crows,......... In,-16.09375,2,2token,not_valid_noun
crows,avian or,-16.09375,2,2token,not_valid_noun
crows,…… crows,-16.09375,2,2token,not_valid_noun
crows,- /,-16.09375,2,2token,not_valid_noun
crows,- word,-16.09375,2,2token,not_valid_noun
crows,......... and,-16.09375,2,2token,not_valid_noun
crows,......... _______,-16.09375,2,2token,not_valid_noun
crows,…… …,-16.09375,2,2token,not_valid_noun
crows,…… fill,-16.09375,2,2token,not_valid_noun
crows,", The",-16.09375,2,2token,not_valid_noun
crows,", that",-16.09375,2,2token,not_valid_noun
crows,", i",-16.09375,2,2token,not_valid_noun
crows,", _______",-16.09375,2,2token,not_valid_noun
crows,", Write",-16.09375,2,2token,not_valid_noun
crows,", ....",-16.09375,2,2token,not_valid_noun
crows,of black,-16.09375,2,2token,not_valid_noun
crows,of song,-16.09375,2,2token,not_valid_noun
crows,of ________,-16.09375,2,2token,not_valid_noun
crows,", there",-16.09375,2,2token,not_valid_noun
crows,", They",-16.09375,2,2token,not_valid_noun
crows,…… food,-16.09375,2,2token,not_valid_noun
crows,of ....,-16.09375,2,2token,not_valid_noun
crows,BIRD -,-16.09375,2,2token,not_valid_noun
crows,…… Correct,-16.09375,2,2token,not_valid_noun
crows,…… ….,-16.09375,2,2token,not_valid_noun
crows,wildlife in,-16.09375,2,2token,not_valid_noun
crows,wildlife (,-16.09375,2,2token,not_valid_noun
crows,fly in,-16.09375,2,2token,not_valid_noun
crows,---- (,-16.09375,2,2token,not_valid_noun
crows,bad,-16.09375,2,2token,incomplete_phrase
crows,sea ____,-16.09375,2,2token,not_valid_noun
crows,c i,-16.09375,2,2token,not_valid_noun
crows,wood .,-16.09375,2,2token,not_valid_noun
crows,f r,-16.09375,2,2token,not_valid_noun
crows,---- bird,-16.09375,2,2token,not_valid_noun
crows,small feathered,-16.09375,2,2token,not_valid_noun
crows,…… There,-16.09375,2,2token,not_valid_noun
crows,…… They,-16.09375,2,2token,not_valid_noun
crows,......... of,-16.09375,2,2token,not_valid_noun
crows,specific,-16.125,1,single_token,incomplete_phrase
crows,large flight,-16.125,2,2token,incomplete_phrase
crows,large gray,-16.125,2,2token,incomplete_phrase
crows,Bird [,-16.125,2,2token,not_valid_noun
crows,Bird ..,-16.125,2,2token,not_valid_noun
crows,Bird Correct,-16.125,2,2token,not_valid_noun
crows,ch,-16.125,1,single_token,not_valid_noun
crows,false,-16.125,1,single_token,not_valid_noun
crows,For,-16.125,1,single_token,not_valid_noun
crows,crow [,-16.125,2,2token,not_valid_noun
crows,...... _,-16.125,2,2token,not_valid_noun
crows,collective,-16.125,1,single_token,incomplete_phrase
crows,tet,-16.125,1,single_token,not_valid_noun
crows,Wing,-16.125,1,single_token,incomplete_phrase
crows,opposite,-16.125,1,single_token,incomplete_phrase
crows,secondary,-16.125,1,single_token,incomplete_phrase
crows,gather,-16.125,1,single_token,incomplete_phrase
crows,grand,-16.125,1,single_token,incomplete_phrase
crows,num,-16.125,1,single_token,not_valid_noun
crows,/ very,-16.125,2,2token,not_valid_noun
crows,/ black,-16.125,2,2token,not_valid_noun
crows,/ Complete,-16.125,2,2token,not_valid_noun
crows,........ In,-16.125,2,2token,not_valid_noun
crows,........ ........,-16.125,2,2token,not_valid_noun
crows,bak,-16.125,1,single_token,not_valid_noun
crows,"[""",-16.125,1,single_token,not_valid_noun
crows,fis,-16.125,1,single_token,not_valid_noun
crows,kn,-16.125,1,single_token,not_valid_noun
crows,ook,-16.125,1,single_token,not_valid_noun
crows,Cro,-16.125,1,single_token,incomplete_phrase
crows,(@,-16.125,1,single_token,not_valid_noun
crows,passing,-16.125,1,single_token,incomplete_phrase
crows,pc,-16.125,1,single_token,not_valid_noun
crows,carrying,-16.125,1,single_token,not_valid_noun
crows,hundreds,-16.125,1,single_token,not_valid_noun
crows,hanging,-16.125,1,single_token,incomplete_phrase
crows,Complete,-16.125,1,single_token,not_valid_noun
crows,nick,-16.125,1,single_token,incomplete_phrase
crows,sb,-16.125,1,single_token,not_valid_noun
crows,clouds,-16.125,1,single_token,not_valid_noun
crows,pho,-16.125,1,single_token,incomplete_phrase
crows,classifications,-16.125,1,single_token,not_valid_noun
crows,ame,-16.125,1,single_token,incomplete_phrase
crows,varieties,-16.125,1,single_token,not_valid_noun
crows,Beautiful,-16.125,1,single_token,not_valid_noun
crows,beli,-16.125,1,single_token,not_valid_noun
crows,nim,-16.125,1,single_token,incomplete_phrase
crows,mr,-16.125,1,single_token,not_valid_noun
crows,OTHER,-16.125,1,single_token,not_valid_noun
crows,grains,-16.125,1,single_token,not_valid_noun
crows,song _,-16.125,2,2token,not_valid_noun
crows,song Download,-16.125,2,2token,not_valid_noun
crows,ske,-16.125,1,single_token,not_valid_noun
crows,"..., such",-16.125,2,2token,not_valid_noun
crows,€,-16.125,1,single_token,not_valid_noun
crows,Os,-16.125,1,single_token,not_valid_noun
crows,Non,-16.125,1,single_token,incomplete_phrase
crows,Sing,-16.125,1,single_token,not_valid_noun
crows,zo,-16.125,1,single_token,not_valid_noun
crows,apo,-16.125,1,single_token,not_valid_noun
crows,fre,-16.125,1,single_token,not_valid_noun
crows,None,-16.125,1,single_token,incomplete_phrase
crows,ru,-16.125,1,single_token,not_valid_noun
crows,cet,-16.125,1,single_token,not_valid_noun
crows,nd,-16.125,1,single_token,not_valid_noun
crows,mc,-16.125,1,single_token,not_valid_noun
crows,CN,-16.125,1,single_token,not_valid_noun
crows,dull,-16.125,1,single_token,not_valid_noun
crows,.(,-16.125,2,2token,not_valid_noun
crows,Cre,-16.125,1,single_token,not_valid_noun
crows,bel,-16.125,1,single_token,incomplete_phrase
crows,Dan,-16.125,1,single_token,incomplete_phrase
crows,higher,-16.125,1,single_token,not_valid_noun
crows,ze,-16.125,1,single_token,not_valid_noun
crows,chicken that,-16.125,2,2token,incomplete_phrase
crows,wa,-16.125,1,single_token,not_valid_noun
crows,regular,-16.125,1,single_token,incomplete_phrase
crows,Yes,-16.125,1,single_token,not_valid_noun
crows,sau,-16.125,1,single_token,not_valid_noun
crows,poly,-16.125,1,single_token,incomplete_phrase
crows,spoken,-16.125,1,single_token,not_valid_noun
crows,Relative,-16.125,1,single_token,incomplete_phrase
crows,apex,-16.125,1,single_token,incomplete_phrase
crows,chord,-16.125,1,single_token,incomplete_phrase
crows,tweets,-16.125,1,single_token,not_valid_noun
crows,fiel,-16.125,1,single_token,not_valid_noun
crows,unpleasant,-16.125,1,single_token,not_valid_noun
crows,cac,-16.125,1,single_token,not_valid_noun
crows,daytime,-16.125,1,single_token,incomplete_phrase
crows,aliens,-16.125,1,single_token,not_valid_noun
crows,song Birds,-16.125,2,2token,incomplete_phrase
crows,song -,-16.125,2,2token,not_valid_noun
crows,gad,-16.125,1,single_token,incomplete_phrase
crows,"..., Fill",-16.125,2,2token,not_valid_noun
crows,enter,-16.125,1,single_token,not_valid_noun
crows,working,-16.125,1,single_token,incomplete_phrase
crows,CAR,-16.125,1,single_token,incomplete_phrase
crows,ful,-16.125,1,single_token,not_valid_noun
crows,gag,-16.125,1,single_token,incomplete_phrase
crows,wow,-16.125,1,single_token,not_valid_noun
crows,migra,-16.125,1,single_token,not_valid_noun
crows,canadian,-16.125,1,single_token,incomplete_phrase
crows,doves,-16.125,1,single_token,not_valid_noun
crows,Corm,-16.125,1,single_token,incomplete_phrase
crows,XXXX,-16.125,1,single_token,not_valid_noun
crows,-.-,-16.125,1,single_token,not_valid_noun
crows,Rav,-16.125,1,single_token,not_valid_noun
crows,${\,-16.125,1,single_token,not_valid_noun
crows,cil,-16.125,1,single_token,not_valid_noun
crows,spotted,-16.125,1,single_token,not_valid_noun
crows,hedge,-16.125,1,single_token,incomplete_phrase
crows,carn,-16.125,1,single_token,not_valid_noun
crows,,-16.125,1,single_token,not_valid_noun
crows,ð,-16.125,1,single_token,not_valid_noun
crows,relat,-16.125,1,single_token,not_valid_noun
crows,[/,-16.125,1,single_token,not_valid_noun
crows,del,-16.125,1,single_token,incomplete_phrase
crows,op,-16.125,1,single_token,not_valid_noun
crows,Or,-16.125,1,single_token,not_valid_noun
crows,а,-16.125,1,single_token,not_valid_noun
crows,mis,-16.125,1,single_token,not_valid_noun
crows,always,-16.125,1,single_token,not_valid_noun
crows,ev,-16.125,1,single_token,not_valid_noun
crows,says,-16.125,1,single_token,not_valid_noun
crows,That,-16.125,1,single_token,not_valid_noun
crows,....... and,-16.125,2,2token,not_valid_noun
crows,"....... ,",-16.125,2,2token,not_valid_noun
crows,....... COMPLETE,-16.125,2,2token,not_valid_noun
crows,,-16.125,1,single_token,not_valid_noun
crows,--->,-16.125,1,single_token,not_valid_noun
crows,?,-16.125,2,2token,not_valid_noun
crows,? of,-16.125,2,2token,not_valid_noun
crows,? If,-16.125,2,2token,not_valid_noun
crows,? How,-16.125,2,2token,not_valid_noun
crows,( ?,-16.125,2,2token,not_valid_noun
crows,ape .,-16.125,2,2token,not_valid_noun
crows,pro,-16.125,1,single_token,incomplete_phrase
crows,Gr,-16.125,1,single_token,not_valid_noun
crows,mol,-16.125,1,single_token,not_valid_noun
crows,To,-16.125,1,single_token,not_valid_noun
crows,Co,-16.125,1,single_token,not_valid_noun
crows,On,-16.125,1,single_token,not_valid_noun
crows,cas,-16.125,1,single_token,not_valid_noun
crows,ad,-16.125,1,single_token,not_valid_noun
crows,dis,-16.125,1,single_token,incomplete_phrase
crows,ri,-16.125,1,single_token,not_valid_noun
crows,\\,-16.125,1,single_token,not_valid_noun
crows,horned,-16.125,1,single_token,not_valid_noun
crows,==========,-16.125,1,single_token,not_valid_noun
crows,mal,-16.125,1,single_token,incomplete_phrase
crows,com,-16.125,1,single_token,not_valid_noun
crows,( choose,-16.125,2,2token,not_valid_noun
crows,( fill,-16.125,2,2token,not_valid_noun
crows,( insert,-16.125,2,2token,not_valid_noun
crows,( mammal,-16.125,2,2token,not_valid_noun
crows,large dark,-16.125,2,2token,incomplete_phrase
crows,large …,-16.125,2,2token,not_valid_noun
crows,...... _______,-16.125,2,2token,not_valid_noun
crows,Bird the,-16.125,2,2token,incomplete_phrase
crows,.............. a,-16.15625,2,2token,not_valid_noun
crows,and eat,-16.15625,2,2token,not_valid_noun
crows,n the,-16.15625,2,2token,not_valid_noun
crows,............ ...,-16.15625,2,2token,not_valid_noun
crows,............ Write,-16.15625,2,2token,not_valid_noun
crows,.............. animal,-16.15625,2,2token,not_valid_noun
crows,and in,-16.15625,2,2token,not_valid_noun
crows,.............. The,-16.15625,2,2token,not_valid_noun
crows,in our,-16.15625,2,2token,not_valid_noun
crows,species that,-16.15625,2,2token,incomplete_phrase
crows,are,-16.15625,2,2token,not_valid_noun
crows,are animals,-16.15625,2,2token,not_valid_noun
crows,car on,-16.15625,2,2token,not_valid_noun
crows,person .,-16.15625,2,2token,not_valid_noun
crows,c $\,-16.15625,2,2token,not_valid_noun
crows,c Bird,-16.15625,2,2token,not_valid_noun
crows,n birds,-16.15625,2,2token,not_valid_noun
crows,my neighbor,-16.15625,2,2token,not_valid_noun
crows,my neighbour,-16.15625,2,2token,not_valid_noun
crows,............. What,-16.15625,2,2token,not_valid_noun
crows,…………………… .,-16.15625,2,2token,not_valid_noun
crows,feather and,-16.15625,2,2token,incomplete_phrase
crows,fe .,-16.15625,2,2token,not_valid_noun
crows,my kind,-16.15625,2,2token,not_valid_noun
crows,my god,-16.15625,2,2token,not_valid_noun
crows,s ...,-16.15625,2,2token,not_valid_noun
crows,poultry ....,-16.15625,2,2token,not_valid_noun
crows,what ?.,-16.15625,2,2token,not_valid_noun
crows,.......... What,-16.15625,2,2token,not_valid_noun
crows,animals,-16.1875,2,2token,not_valid_noun
crows,fowl _____,-16.1875,2,2token,not_valid_noun
crows,an egg,-16.1875,2,2token,not_valid_noun
crows,___________ Birds,-16.1875,2,2token,not_valid_noun
crows,p ___________,-16.1875,2,2token,not_valid_noun
crows,animals [,-16.1875,2,2token,not_valid_noun
crows,animals Write,-16.1875,2,2token,incomplete_phrase
crows,animals …,-16.1875,2,2token,not_valid_noun
crows,fowl .....,-16.1875,2,2token,not_valid_noun
crows,b _____,-16.1875,2,2token,not_valid_noun
crows,song is,-16.1875,2,2token,not_valid_noun
crows,b -,-16.1875,2,2token,not_valid_noun
crows,____________ Choose,-16.1875,2,2token,not_valid_noun
crows,____________ fruit,-16.1875,2,2token,not_valid_noun
crows,song ____,-16.1875,2,2token,not_valid_noun
crows,____________ or,-16.1875,2,2token,not_valid_noun
crows,.. food,-16.1875,2,2token,not_valid_noun
crows,.. are,-16.1875,2,2token,not_valid_noun
crows,.. We,-16.1875,2,2token,not_valid_noun
crows,.. How,-16.1875,2,2token,not_valid_noun
crows,bir Read,-16.1875,2,2token,not_valid_noun
crows,A good,-16.1875,2,2token,not_valid_noun
crows,A the,-16.1875,2,2token,not_valid_noun
crows,ave ...,-16.1875,2,2token,not_valid_noun
crows,____________ fill,-16.1875,2,2token,not_valid_noun
crows,….. ...,-16.1875,2,2token,not_valid_noun
crows,which have,-16.1875,2,2token,not_valid_noun
crows,which I,-16.1875,2,2token,not_valid_noun
crows,….. I,-16.1875,2,2token,not_valid_noun
crows,____________ I,-16.1875,2,2token,not_valid_noun
crows,mammal because,-16.1875,2,2token,incomplete_phrase
crows,mammal _____,-16.1875,2,2token,not_valid_noun
crows,mammal :,-16.1875,2,2token,not_valid_noun
crows,mammal [,-16.1875,2,2token,not_valid_noun
crows,black sea,-16.1875,2,2token,incomplete_phrase
crows,black winged,-16.1875,2,2token,not_valid_noun
crows,the type,-16.1875,2,2token,not_valid_noun
crows,the song,-16.1875,2,2token,not_valid_noun
crows,the zoo,-16.1875,2,2token,not_valid_noun
crows,the parrot,-16.1875,2,2token,not_valid_noun
crows,………… The,-16.1875,2,2token,not_valid_noun
crows,________ Answer,-16.1875,2,2token,not_valid_noun
crows,________ Bird,-16.1875,2,2token,not_valid_noun
crows,mammal a,-16.1875,2,2token,not_valid_noun
crows,F _,-16.1875,2,2token,not_valid_noun
crows,wild ___,-16.1875,2,2token,not_valid_noun
crows,___________ I,-16.1875,2,2token,not_valid_noun
crows,___________ ?,-16.1875,2,2token,not_valid_noun
crows,"___________ ,",-16.1875,2,2token,not_valid_noun
crows,___________ Choose,-16.1875,2,2token,not_valid_noun
crows,beast or,-16.1875,2,2token,not_valid_noun
crows,beast complete,-16.1875,2,2token,not_valid_noun
crows,......... crow,-16.21875,2,2token,not_valid_noun
crows,......... Answer,-16.21875,2,2token,not_valid_noun
crows,......... Correct,-16.21875,2,2token,not_valid_noun
crows,…… ?,-16.21875,2,2token,not_valid_noun
crows,", with",-16.21875,2,2token,not_valid_noun
crows,…… How,-16.21875,2,2token,not_valid_noun
crows,…… _,-16.21875,2,2token,not_valid_noun
crows,", ..",-16.21875,2,2token,not_valid_noun
crows,creature of,-16.21875,2,2token,not_valid_noun
crows,", _",-16.21875,2,2token,not_valid_noun
crows,- Read,-16.21875,2,2token,not_valid_noun
crows,......... They,-16.21875,2,2token,not_valid_noun
crows,c __,-16.21875,2,2token,not_valid_noun
crows,The sky,-16.21875,2,2token,not_valid_noun
crows,avian ____,-16.21875,2,2token,not_valid_noun
crows,o r,-16.21875,2,2token,not_valid_noun
crows,The book,-16.21875,2,2token,not_valid_noun
crows,The most,-16.21875,2,2token,not_valid_noun
crows,The underlined,-16.21875,2,2token,not_valid_noun
crows,dinosaur .,-16.21875,2,2token,not_valid_noun
crows,small grey,-16.21875,2,2token,incomplete_phrase
crows,of food,-16.21875,2,2token,not_valid_noun
crows,of _______,-16.21875,2,2token,not_valid_noun
crows,"......... ,",-16.21875,2,2token,not_valid_noun
crows,BIRD in,-16.21875,2,2token,not_valid_noun
crows,BIRD that,-16.21875,2,2token,incomplete_phrase
crows,- they,-16.21875,2,2token,not_valid_noun
crows,talk .,-16.21875,2,2token,not_valid_noun
crows,............... Write,-16.21875,2,2token,not_valid_noun
crows,- are,-16.21875,2,2token,not_valid_noun
crows,----,-16.21875,2,2token,not_valid_noun
crows,......... _,-16.21875,2,2token,not_valid_noun
crows,............... fruit,-16.21875,2,2token,not_valid_noun
crows,............... ...,-16.21875,2,2token,not_valid_noun
crows,The,-16.21875,2,2token,not_valid_noun
crows,Bird _,-16.25,2,2token,not_valid_noun
crows,........ .....,-16.25,2,2token,not_valid_noun
crows,....... of,-16.25,2,2token,not_valid_noun
crows,....... .....,-16.25,2,2token,not_valid_noun
crows,digital,-16.25,1,single_token,incomplete_phrase
crows,scre,-16.25,1,single_token,not_valid_noun
crows,b i,-16.25,2,2token,not_valid_noun
crows,inter,-16.25,1,single_token,incomplete_phrase
crows,........ and,-16.25,2,2token,not_valid_noun
crows,........ -,-16.25,2,2token,not_valid_noun
crows,chicken -,-16.25,2,2token,not_valid_noun
crows,chicken in,-16.25,2,2token,not_valid_noun
crows,........ food,-16.25,2,2token,not_valid_noun
crows,happy,-16.25,1,single_token,not_valid_noun
crows,into,-16.25,1,single_token,not_valid_noun
crows,follow,-16.25,1,single_token,not_valid_noun
crows,game (,-16.25,2,2token,not_valid_noun
crows,(',-16.25,1,single_token,not_valid_noun
crows,kind is,-16.25,2,2token,not_valid_noun
crows,kind a,-16.25,2,2token,not_valid_noun
crows,"..., like",-16.25,2,2token,not_valid_noun
crows,"..., are",-16.25,2,2token,not_valid_noun
crows,"..., in",-16.25,2,2token,not_valid_noun
crows,( oiseau,-16.25,2,2token,not_valid_noun
crows,( BIRD,-16.25,2,2token,not_valid_noun
crows,( fly,-16.25,2,2token,not_valid_noun
crows,mut,-16.25,1,single_token,not_valid_noun
crows,"..., animals",-16.25,2,2token,not_valid_noun
crows,cit,-16.25,1,single_token,incomplete_phrase
crows,XX,-16.25,1,single_token,not_valid_noun
crows,vul,-16.25,1,single_token,not_valid_noun
crows,PL,-16.25,1,single_token,not_valid_noun
crows,Sc,-16.25,1,single_token,not_valid_noun
crows,Most,-16.25,1,single_token,not_valid_noun
crows,Microsoft,-16.25,1,single_token,incomplete_phrase
crows,Description,-16.25,1,single_token,incomplete_phrase
crows,jew,-16.25,1,single_token,incomplete_phrase
crows,private,-16.25,1,single_token,incomplete_phrase
crows,related,-16.25,1,single_token,not_valid_noun
crows,til,-16.25,1,single_token,not_valid_noun
crows,Are,-16.25,1,single_token,not_valid_noun
crows,cru,-16.25,1,single_token,not_valid_noun
crows,jewellery,-16.25,1,single_token,not_valid_noun
crows,tro,-16.25,1,single_token,not_valid_noun
crows,emoji,-16.25,1,single_token,not_valid_noun
crows,( ],-16.25,2,2token,not_valid_noun
crows,cha,-16.25,1,single_token,incomplete_phrase
crows,Er,-16.25,1,single_token,not_valid_noun
crows,soft,-16.25,1,single_token,not_valid_noun
crows,sel,-16.25,1,single_token,not_valid_noun
crows,coc,-16.25,1,single_token,not_valid_noun
crows,der,-16.25,1,single_token,not_valid_noun
crows,neat,-16.25,1,single_token,not_valid_noun
crows,indoor,-16.25,1,single_token,not_valid_noun
crows,envi,-16.25,1,single_token,not_valid_noun
crows,cb,-16.25,1,single_token,not_valid_noun
crows,meals,-16.25,1,single_token,not_valid_noun
crows,COR,-16.25,1,single_token,incomplete_phrase
crows,curious,-16.25,1,single_token,not_valid_noun
crows,tired,-16.25,1,single_token,not_valid_noun
crows,”.,-16.25,1,single_token,not_valid_noun
crows,ete,-16.25,1,single_token,not_valid_noun
crows,or the,-16.25,2,2token,not_valid_noun
crows,Ans,-16.25,1,single_token,not_valid_noun
crows,{\,-16.25,1,single_token,not_valid_noun
crows,bare,-16.25,1,single_token,not_valid_noun
crows,Games,-16.25,1,single_token,not_valid_noun
crows,```,-16.25,1,single_token,not_valid_noun
crows,farmland,-16.25,1,single_token,not_valid_noun
crows,animale,-16.25,1,single_token,not_valid_noun
crows,flyers,-16.25,1,single_token,not_valid_noun
crows,avar,-16.25,1,single_token,incomplete_phrase
crows,fried,-16.25,1,single_token,not_valid_noun
crows,tasty,-16.25,1,single_token,not_valid_noun
crows,forests,-16.25,1,single_token,not_valid_noun
crows,anth,-16.25,1,single_token,incomplete_phrase
crows,ROB,-16.25,1,single_token,incomplete_phrase
crows,filler,-16.25,1,single_token,not_valid_noun
crows,peri,-16.25,1,single_token,incomplete_phrase
crows,villagers,-16.25,1,single_token,not_valid_noun
crows,KIND,-16.25,1,single_token,incomplete_phrase
crows,ebook,-16.25,1,single_token,not_valid_noun
crows,goodbye,-16.25,1,single_token,not_valid_noun
crows,(*),-16.25,1,single_token,not_valid_noun
crows,bar .,-16.25,2,2token,not_valid_noun
crows,plati,-16.25,1,single_token,incomplete_phrase
crows,!.,-16.25,1,single_token,not_valid_noun
crows,ugl,-16.25,1,single_token,not_valid_noun
crows,#####,-16.25,1,single_token,not_valid_noun
crows,fairytale,-16.25,1,single_token,not_valid_noun
crows,big red,-16.25,2,2token,incomplete_phrase
crows,hea,-16.25,1,single_token,not_valid_noun
crows,.”,-16.25,1,single_token,not_valid_noun
crows,adjective .,-16.25,2,2token,not_valid_noun
crows,.),-16.25,1,single_token,not_valid_noun
crows,($\,-16.25,1,single_token,not_valid_noun
crows,Bird …,-16.25,2,2token,not_valid_noun
crows,Bird Name,-16.25,2,2token,incomplete_phrase
crows,Bird True,-16.25,2,2token,incomplete_phrase
crows,flying ______,-16.25,2,2token,not_valid_noun
crows,large ______,-16.25,2,2token,not_valid_noun
crows,large size,-16.25,2,2token,incomplete_phrase
crows,Bird Which,-16.25,2,2token,incomplete_phrase
crows,Bird Comple,-16.25,2,2token,incomplete_phrase
crows,"( ,",-16.25,2,2token,not_valid_noun
crows,is not,-16.25,2,2token,not_valid_noun
crows,fish or,-16.25,2,2token,not_valid_noun
crows,Bird a,-16.25,2,2token,not_valid_noun
crows,Bird In,-16.25,2,2token,not_valid_noun
crows,"Bird ,",-16.25,2,2token,not_valid_noun
crows,crow are,-16.25,2,2token,incomplete_phrase
crows,crow :,-16.25,2,2token,not_valid_noun
crows,crow /,-16.25,2,2token,not_valid_noun
crows,crow …,-16.25,2,2token,not_valid_noun
crows,...... An,-16.25,2,2token,not_valid_noun
crows,...... This,-16.25,2,2token,not_valid_noun
crows,are an,-16.28125,2,2token,not_valid_noun
crows,are the,-16.28125,2,2token,not_valid_noun
crows,............. Write,-16.28125,2,2token,not_valid_noun
crows,fe,-16.28125,2,2token,not_valid_noun
crows,What about,-16.28125,2,2token,not_valid_noun
crows,my mother,-16.28125,2,2token,not_valid_noun
crows,in an,-16.28125,2,2token,not_valid_noun
crows,.......... animal,-16.28125,2,2token,not_valid_noun
crows,What was,-16.28125,2,2token,not_valid_noun
crows,mammals and,-16.28125,2,2token,incomplete_phrase
crows,What color,-16.28125,2,2token,not_valid_noun
crows,What would,-16.28125,2,2token,not_valid_noun
crows,What Is,-16.28125,2,2token,not_valid_noun
crows,mammals complete,-16.28125,2,2token,not_valid_noun
crows,and some,-16.28125,2,2token,not_valid_noun
crows,and there,-16.28125,2,2token,not_valid_noun
crows,and live,-16.28125,2,2token,not_valid_noun
crows,name in,-16.28125,2,2token,not_valid_noun
crows,fruit or,-16.28125,2,2token,not_valid_noun
crows,fruit ...,-16.28125,2,2token,not_valid_noun
crows,Birds ...,-16.28125,2,2token,not_valid_noun
crows,and fish,-16.28125,2,2token,not_valid_noun
crows,f ow,-16.28125,2,2token,not_valid_noun
crows,name is,-16.28125,2,2token,not_valid_noun
crows,f the,-16.28125,2,2token,not_valid_noun
crows,word in,-16.28125,2,2token,not_valid_noun
crows,feather on,-16.28125,2,2token,not_valid_noun
crows,n -,-16.28125,2,2token,not_valid_noun
crows,and fly,-16.28125,2,2token,not_valid_noun
crows,and apples,-16.28125,2,2token,not_valid_noun
crows,and feathers,-16.28125,2,2token,not_valid_noun
crows,and ______,-16.28125,2,2token,not_valid_noun
crows,and _______,-16.28125,2,2token,not_valid_noun
crows,c h,-16.28125,2,2token,not_valid_noun
crows,the ....,-16.3125,2,2token,not_valid_noun
crows,vegetable .,-16.3125,2,2token,not_valid_noun
crows,the flying,-16.3125,2,2token,not_valid_noun
crows,the air,-16.3125,2,2token,not_valid_noun
crows,the _,-16.3125,2,2token,not_valid_noun
crows,the creature,-16.3125,2,2token,not_valid_noun
crows,the ___,-16.3125,2,2token,not_valid_noun
crows,the fruit,-16.3125,2,2token,not_valid_noun
crows,p ____,-16.3125,2,2token,not_valid_noun
crows,________ fly,-16.3125,2,2token,not_valid_noun
crows,________ ___________,-16.3125,2,2token,not_valid_noun
crows,"________ ,",-16.3125,2,2token,not_valid_noun
crows,or kind,-16.3125,2,2token,not_valid_noun
crows,or ...,-16.3125,2,2token,not_valid_noun
crows,or (,-16.3125,2,2token,not_valid_noun
crows,________ species,-16.3125,2,2token,not_valid_noun
crows,________ They,-16.3125,2,2token,not_valid_noun
crows,p …,-16.3125,2,2token,not_valid_noun
crows,the color,-16.3125,2,2token,not_valid_noun
crows,bir -,-16.3125,2,2token,not_valid_noun
crows,A chicken,-16.3125,2,2token,not_valid_noun
crows,A __,-16.3125,2,2token,not_valid_noun
crows,black a,-16.3125,2,2token,not_valid_noun
crows,predator .,-16.3125,2,2token,not_valid_noun
crows,which family,-16.3125,2,2token,not_valid_noun
crows,which fly,-16.3125,2,2token,not_valid_noun
crows,"black ,",-16.3125,2,2token,not_valid_noun
crows,feathered,-16.3125,2,2token,not_valid_noun
crows,black flying,-16.3125,2,2token,incomplete_phrase
crows,black black,-16.3125,2,2token,incomplete_phrase
crows,__,-16.3125,2,2token,not_valid_noun
crows,animals ….,-16.3125,2,2token,not_valid_noun
crows,mammal is,-16.3125,2,2token,not_valid_noun
crows,mammal A,-16.3125,2,2token,not_valid_noun
crows,mammal of,-16.3125,2,2token,not_valid_noun
crows,mammal but,-16.3125,2,2token,incomplete_phrase
crows,A a,-16.3125,2,2token,not_valid_noun
crows,mammal .....,-16.3125,2,2token,not_valid_noun
crows,mammal /,-16.3125,2,2token,not_valid_noun
crows,A book,-16.3125,2,2token,not_valid_noun
crows,e _______,-16.3125,2,2token,not_valid_noun
crows,____________ _______,-16.3125,2,2token,not_valid_noun
crows,A number,-16.3125,2,2token,not_valid_noun
crows,e animal,-16.3125,2,2token,not_valid_noun
crows,b the,-16.3125,2,2token,not_valid_noun
crows,b e,-16.3125,2,2token,not_valid_noun
crows,thing .,-16.3125,2,2token,not_valid_noun
crows,........... Read,-16.3125,2,2token,not_valid_noun
crows,........... I,-16.3125,2,2token,not_valid_noun
crows,A The,-16.3125,2,2token,not_valid_noun
crows,eagle (,-16.3125,2,2token,not_valid_noun
crows,p i,-16.3125,2,2token,not_valid_noun
crows,A __________,-16.3125,2,2token,not_valid_noun
crows,A mammal,-16.3125,2,2token,not_valid_noun
crows,fowl which,-16.3125,2,2token,incomplete_phrase
crows,color Complete,-16.3125,2,2token,not_valid_noun
crows,--- (,-16.3125,2,2token,not_valid_noun
crows,* Fill,-16.3125,2,2token,not_valid_noun
crows,___________ ....,-16.3125,2,2token,not_valid_noun
crows,___________ In,-16.3125,2,2token,not_valid_noun
crows,___________ are,-16.3125,2,2token,not_valid_noun
crows,w …,-16.3125,2,2token,not_valid_noun
crows,beast of,-16.3125,2,2token,not_valid_noun
crows,o .,-16.34375,2,2token,not_valid_noun
crows,o ______,-16.34375,2,2token,not_valid_noun
crows,c birds,-16.34375,2,2token,not_valid_noun
crows,---- birds,-16.34375,2,2token,not_valid_noun
crows,.........,-16.34375,2,2token,not_valid_noun
crows,......... ..,-16.34375,2,2token,not_valid_noun
crows,c _________,-16.34375,2,2token,not_valid_noun
crows,I hope,-16.34375,2,2token,not_valid_noun
crows,......... COMPLETE,-16.34375,2,2token,not_valid_noun
crows,…… goose,-16.34375,2,2token,not_valid_noun
crows,…… An,-16.34375,2,2token,not_valid_noun
crows,-. fruit,-16.34375,2,2token,not_valid_noun
crows,n (,-16.34375,2,2token,not_valid_noun
crows,of Birds,-16.34375,2,2token,not_valid_noun
crows,-. Correct,-16.34375,2,2token,not_valid_noun
crows,- :,-16.34375,2,2token,not_valid_noun
crows,cat .,-16.34375,2,2token,not_valid_noun
crows,insect complete,-16.34375,2,2token,not_valid_noun
crows,sea,-16.34375,2,2token,incomplete_phrase
crows,wildlife complete,-16.34375,2,2token,not_valid_noun
crows,......... Birds,-16.34375,2,2token,not_valid_noun
crows,< (,-16.34375,2,2token,not_valid_noun
crows,car is,-16.34375,2,2token,not_valid_noun
crows,plane .,-16.34375,2,2token,not_valid_noun
crows,av …,-16.34375,2,2token,not_valid_noun
crows,fly and,-16.34375,2,2token,not_valid_noun
crows,......... ________,-16.34375,2,2token,not_valid_noun
crows,avi,-16.34375,2,2token,not_valid_noun
crows,…… Explain,-16.34375,2,2token,not_valid_noun
crows,The best,-16.34375,2,2token,not_valid_noun
crows,The food,-16.34375,2,2token,not_valid_noun
crows,domestic ...,-16.34375,2,2token,not_valid_noun
crows,The animal,-16.34375,2,2token,not_valid_noun
crows,BIRD and,-16.34375,2,2token,incomplete_phrase
crows,BIRD Fill,-16.34375,2,2token,not_valid_noun
crows,BIRD or,-16.34375,2,2token,not_valid_noun
crows,____________,-16.375,2,2token,not_valid_noun
crows,rod,-16.375,1,single_token,incomplete_phrase
crows,ble,-16.375,1,single_token,not_valid_noun
crows,CL,-16.375,1,single_token,not_valid_noun
crows,bla,-16.375,1,single_token,not_valid_noun
crows,aqu,-16.375,1,single_token,not_valid_noun
crows,ty,-16.375,1,single_token,not_valid_noun
crows,delicious,-16.375,1,single_token,incomplete_phrase
crows,........ Are,-16.375,2,2token,not_valid_noun
crows,........ How,-16.375,2,2token,not_valid_noun
crows,F O,-16.375,2,2token,not_valid_noun
crows,( /,-16.375,2,2token,not_valid_noun
crows,F I,-16.375,2,2token,not_valid_noun
crows,Jack,-16.375,1,single_token,incomplete_phrase
crows,....... Crows,-16.375,2,2token,not_valid_noun
crows,wild living,-16.375,2,2token,incomplete_phrase
crows,( __,-16.375,2,2token,not_valid_noun
crows,(,-16.375,2,2token,not_valid_noun
crows,....... .......,-16.375,2,2token,not_valid_noun
crows,........ .......,-16.375,2,2token,not_valid_noun
crows,chicken with,-16.375,2,2token,incomplete_phrase
crows,chicken is,-16.375,2,2token,not_valid_noun
crows,....... Which,-16.375,2,2token,not_valid_noun
crows,....... Birds,-16.375,2,2token,not_valid_noun
crows,........ Explain,-16.375,2,2token,not_valid_noun
crows,e ____,-16.375,2,2token,not_valid_noun
crows,crow COMPLETE,-16.375,2,2token,not_valid_noun
crows,tu,-16.375,1,single_token,not_valid_noun
crows,big sea,-16.375,2,2token,incomplete_phrase
crows,or in,-16.375,2,2token,not_valid_noun
crows,( páss,-16.375,2,2token,not_valid_noun
crows,"..., crow",-16.375,2,2token,not_valid_noun
crows,according,-16.375,1,single_token,not_valid_noun
crows,Pl,-16.375,1,single_token,not_valid_noun
crows,big blue,-16.375,2,2token,incomplete_phrase
crows,,-16.375,1,single_token,not_valid_noun
crows,big wild,-16.375,2,2token,incomplete_phrase
crows,only,-16.375,1,single_token,not_valid_noun
crows,Ar,-16.375,1,single_token,not_valid_noun
crows,re,-16.375,1,single_token,not_valid_noun
crows,large white,-16.375,2,2token,incomplete_phrase
crows,Q,-16.375,1,single_token,not_valid_noun
crows,large ____,-16.375,2,2token,not_valid_noun
crows,large song,-16.375,2,2token,incomplete_phrase
crows,....... _,-16.375,2,2token,not_valid_noun
crows,b ____,-16.375,2,2token,not_valid_noun
crows,flying ____,-16.375,2,2token,not_valid_noun
crows,crow Comple,-16.375,2,2token,incomplete_phrase
crows,Be,-16.375,1,single_token,not_valid_noun
crows,could,-16.375,1,single_token,not_valid_noun
crows,ge,-16.375,1,single_token,not_valid_noun
crows,cam,-16.375,1,single_token,incomplete_phrase
crows,including,-16.375,1,single_token,not_valid_noun
crows,arr,-16.375,1,single_token,not_valid_noun
crows,ki,-16.375,1,single_token,not_valid_noun
crows,Mon,-16.375,1,single_token,incomplete_phrase
crows,aw,-16.375,1,single_token,not_valid_noun
crows,please,-16.375,1,single_token,not_valid_noun
crows,Cl,-16.375,1,single_token,not_valid_noun
crows,om,-16.375,1,single_token,not_valid_noun
crows,major,-16.375,1,single_token,incomplete_phrase
crows,colour Complete,-16.375,2,2token,not_valid_noun
crows,complete,-16.375,1,single_token,not_valid_noun
crows,hor,-16.375,1,single_token,not_valid_noun
crows,Of,-16.375,1,single_token,not_valid_noun
crows,bring,-16.375,1,single_token,not_valid_noun
crows,CD,-16.375,1,single_token,not_valid_noun
crows,ox,-16.375,1,single_token,not_valid_noun
crows,cau,-16.375,1,single_token,not_valid_noun
crows,usually,-16.375,1,single_token,not_valid_noun
crows,Avon,-16.375,1,single_token,not_valid_noun
crows,roti,-16.375,1,single_token,not_valid_noun
crows,filthy,-16.375,1,single_token,not_valid_noun
crows,marvelous,-16.375,1,single_token,not_valid_noun
crows,Ã,-16.375,1,single_token,not_valid_noun
crows,👀,-16.375,1,single_token,not_valid_noun
crows,,-16.375,1,single_token,not_valid_noun
crows,simple,-16.375,1,single_token,incomplete_phrase
crows,Am,-16.375,1,single_token,not_valid_noun
crows,Europe,-16.375,1,single_token,not_valid_noun
crows,ANI,-16.375,1,single_token,incomplete_phrase
crows,ρ,-16.375,1,single_token,not_valid_noun
crows,><,-16.375,1,single_token,not_valid_noun
crows,ï,-16.375,1,single_token,not_valid_noun
crows,chattering,-16.375,1,single_token,incomplete_phrase
crows,fg,-16.375,1,single_token,not_valid_noun
crows,oe,-16.375,1,single_token,not_valid_noun
crows,gry,-16.375,1,single_token,not_valid_noun
crows,OO,-16.375,1,single_token,not_valid_noun
crows,(:,-16.375,1,single_token,not_valid_noun
crows,CRO,-16.375,1,single_token,incomplete_phrase
crows,greedy,-16.375,1,single_token,not_valid_noun
crows,nesting,-16.375,1,single_token,not_valid_noun
crows,Hawks,-16.375,1,single_token,not_valid_noun
crows,majestic,-16.375,1,single_token,not_valid_noun
crows,ƒ,-16.375,1,single_token,not_valid_noun
crows,hardy,-16.375,1,single_token,incomplete_phrase
crows,Nis,-16.375,1,single_token,not_valid_noun
crows,gai,-16.375,1,single_token,not_valid_noun
crows,bate,-16.375,1,single_token,not_valid_noun
crows,stolen,-16.375,1,single_token,not_valid_noun
crows,horrible,-16.375,1,single_token,not_valid_noun
crows,{.,-16.375,1,single_token,not_valid_noun
crows,Sort,-16.375,1,single_token,incomplete_phrase
crows,decorative,-16.375,1,single_token,not_valid_noun
crows,mysterious,-16.375,1,single_token,not_valid_noun
crows,ark,-16.375,1,single_token,not_valid_noun
crows,fascinating,-16.375,1,single_token,not_valid_noun
crows,greet,-16.375,1,single_token,not_valid_noun
crows,bony,-16.375,1,single_token,not_valid_noun
crows,synonyms,-16.375,1,single_token,not_valid_noun
crows,pokémon,-16.375,1,single_token,not_valid_noun
crows,hostile,-16.375,1,single_token,incomplete_phrase
crows,rav,-16.375,1,single_token,not_valid_noun
crows,Unlike,-16.375,1,single_token,not_valid_noun
crows,heavenly,-16.375,1,single_token,not_valid_noun
crows,causing,-16.375,1,single_token,incomplete_phrase
crows,cookie,-16.375,1,single_token,not_valid_noun
crows,beca,-16.375,1,single_token,not_valid_noun
crows,Darwin,-16.375,1,single_token,not_valid_noun
crows,aer,-16.375,1,single_token,incomplete_phrase
crows,sees,-16.375,1,single_token,not_valid_noun
crows,hunting,-16.375,1,single_token,incomplete_phrase
crows,filling,-16.375,1,single_token,not_valid_noun
crows,dece,-16.375,1,single_token,not_valid_noun
crows,Types,-16.375,1,single_token,not_valid_noun
crows,Disney,-16.375,1,single_token,not_valid_noun
crows,commonly,-16.375,1,single_token,not_valid_noun
crows,sentences,-16.375,1,single_token,not_valid_noun
crows,besides,-16.375,1,single_token,not_valid_noun
crows,%(,-16.375,1,single_token,not_valid_noun
crows,pil,-16.375,1,single_token,not_valid_noun
crows,blow,-16.375,1,single_token,incomplete_phrase
crows,WE,-16.375,1,single_token,not_valid_noun
crows,Both,-16.375,1,single_token,not_valid_noun
crows,QU,-16.375,1,single_token,not_valid_noun
crows,viv,-16.375,1,single_token,not_valid_noun
crows,infer,-16.375,1,single_token,not_valid_noun
crows,golden,-16.375,1,single_token,not_valid_noun
crows,adapt,-16.375,1,single_token,not_valid_noun
crows,ante,-16.375,1,single_token,incomplete_phrase
crows,Write,-16.375,1,single_token,not_valid_noun
crows,seeds,-16.375,1,single_token,not_valid_noun
crows,criminals,-16.375,1,single_token,not_valid_noun
crows,gib,-16.375,1,single_token,incomplete_phrase
crows,likes,-16.375,1,single_token,not_valid_noun
crows,cere,-16.375,1,single_token,incomplete_phrase
crows,'',-16.375,1,single_token,not_valid_noun
crows,Mary,-16.375,1,single_token,incomplete_phrase
crows,indi,-16.375,1,single_token,not_valid_noun
crows,Where,-16.375,1,single_token,not_valid_noun
crows,proto,-16.375,1,single_token,incomplete_phrase
crows,Ir,-16.375,1,single_token,not_valid_noun
crows,silver,-16.375,1,single_token,incomplete_phrase
crows,wants,-16.375,1,single_token,not_valid_noun
crows,commercial,-16.375,1,single_token,incomplete_phrase
crows,Old,-16.375,1,single_token,incomplete_phrase
crows,ves,-16.375,1,single_token,not_valid_noun
crows,persons,-16.375,1,single_token,not_valid_noun
crows,definitions,-16.375,1,single_token,not_valid_noun
crows,Peng,-16.375,1,single_token,not_valid_noun
crows,mot,-16.375,1,single_token,incomplete_phrase
crows,abstract,-16.375,1,single_token,incomplete_phrase
crows,creat,-16.375,1,single_token,not_valid_noun
crows,wide,-16.375,1,single_token,not_valid_noun
crows,send,-16.375,1,single_token,not_valid_noun
crows,π,-16.375,1,single_token,not_valid_noun
crows,TV,-16.375,1,single_token,not_valid_noun
crows,prop,-16.375,1,single_token,incomplete_phrase
crows,tar,-16.375,1,single_token,incomplete_phrase
crows,White,-16.375,1,single_token,incomplete_phrase
crows,fish Answer,-16.375,2,2token,not_valid_noun
crows,fish Fill,-16.375,2,2token,not_valid_noun
crows,an __,-16.375,2,2token,not_valid_noun
crows,an ___,-16.375,2,2token,not_valid_noun
crows,crow of,-16.375,2,2token,not_valid_noun
crows,.............. What,-16.40625,2,2token,not_valid_noun
crows,.............. animals,-16.40625,2,2token,not_valid_noun
crows,.............. crows,-16.40625,2,2token,not_valid_noun
crows,car /,-16.40625,2,2token,not_valid_noun
crows,car -,-16.40625,2,2token,not_valid_noun
crows,type Complete,-16.40625,2,2token,not_valid_noun
crows,what fruit,-16.40625,2,2token,not_valid_noun
crows,Animal (,-16.40625,2,2token,not_valid_noun
crows,fruit and,-16.40625,2,2token,incomplete_phrase
crows,verb .,-16.40625,2,2token,not_valid_noun
crows,X birds,-16.40625,2,2token,not_valid_noun
crows,d ______,-16.40625,2,2token,not_valid_noun
crows,in India,-16.40625,2,2token,not_valid_noun
crows,feather or,-16.40625,2,2token,not_valid_noun
crows,feather is,-16.40625,2,2token,not_valid_noun
crows,.......... Write,-16.40625,2,2token,not_valid_noun
crows,av (,-16.40625,2,2token,not_valid_noun
crows,blue .,-16.40625,2,2token,not_valid_noun
crows,rat .,-16.40625,2,2token,not_valid_noun
crows,word (,-16.40625,2,2token,not_valid_noun
crows,word processing,-16.40625,2,2token,incomplete_phrase
crows,and I,-16.40625,2,2token,not_valid_noun
crows,and ravens,-16.40625,2,2token,not_valid_noun
crows,my sister,-16.40625,2,2token,not_valid_noun
crows,my birds,-16.40625,2,2token,not_valid_noun
crows,pest to,-16.40625,2,2token,not_valid_noun
crows,n __________,-16.40625,2,2token,not_valid_noun
crows,............ complete,-16.40625,2,2token,not_valid_noun
crows,forest .,-16.40625,2,2token,not_valid_noun
crows,animals who,-16.4375,2,2token,incomplete_phrase
crows,___________ is,-16.4375,2,2token,not_valid_noun
crows,mammal …,-16.4375,2,2token,not_valid_noun
crows,___________ Read,-16.4375,2,2token,not_valid_noun
crows,………… a,-16.4375,2,2token,not_valid_noun
crows,________,-16.4375,2,2token,not_valid_noun
crows,animals _,-16.4375,2,2token,not_valid_noun
crows,wild _____,-16.4375,2,2token,not_valid_noun
crows,wild or,-16.4375,2,2token,not_valid_noun
crows,w _______,-16.4375,2,2token,not_valid_noun
crows,animals on,-16.4375,2,2token,not_valid_noun
crows,fowl …,-16.4375,2,2token,not_valid_noun
crows,bir ..,-16.4375,2,2token,not_valid_noun
crows,bir The,-16.4375,2,2token,incomplete_phrase
crows,which you,-16.4375,2,2token,not_valid_noun
crows,which word,-16.4375,2,2token,not_valid_noun
crows,A _,-16.4375,2,2token,not_valid_noun
crows,A class,-16.4375,2,2token,not_valid_noun
crows,b ______,-16.4375,2,2token,not_valid_noun
crows,__ -,-16.4375,2,2token,not_valid_noun
crows,…..,-16.4375,2,2token,not_valid_noun
crows,….. …,-16.4375,2,2token,not_valid_noun
crows,….. Birds,-16.4375,2,2token,not_valid_noun
crows,….. Answer,-16.4375,2,2token,not_valid_noun
crows,bat (,-16.4375,2,2token,not_valid_noun
crows,____________ that,-16.4375,2,2token,not_valid_noun
crows,c e,-16.4375,2,2token,not_valid_noun
crows,A big,-16.4375,2,2token,not_valid_noun
crows,A ...,-16.4375,2,2token,not_valid_noun
crows,A ),-16.4375,2,2token,not_valid_noun
crows,that you,-16.4375,2,2token,not_valid_noun
crows,fowls .,-16.4375,2,2token,not_valid_noun
crows,raptor .,-16.4375,2,2token,not_valid_noun
crows,c the,-16.4375,2,2token,not_valid_noun
crows,which species,-16.4375,2,2token,not_valid_noun
crows,this Complete,-16.4375,2,2token,not_valid_noun
crows,thing in,-16.4375,2,2token,not_valid_noun
crows,this,-16.4375,2,2token,not_valid_noun
crows,thing to,-16.4375,2,2token,not_valid_noun
crows,__ of,-16.4375,2,2token,not_valid_noun
crows,________ Read,-16.4375,2,2token,not_valid_noun
crows,________ Complete,-16.4375,2,2token,not_valid_noun
crows,________ There,-16.4375,2,2token,not_valid_noun
crows,--- Fill,-16.4375,2,2token,not_valid_noun
crows,---,-16.4375,2,2token,not_valid_noun
crows,* Choose,-16.4375,2,2token,not_valid_noun
crows,parrot ....,-16.4375,2,2token,not_valid_noun
crows,parrot in,-16.4375,2,2token,not_valid_noun
crows,animals too,-16.4375,2,2token,not_valid_noun
crows,fowl with,-16.4375,2,2token,incomplete_phrase
crows,......... There,-16.46875,2,2token,not_valid_noun
crows,......... This,-16.46875,2,2token,not_valid_noun
crows,class .,-16.46875,2,2token,not_valid_noun
crows,owl and,-16.46875,2,2token,incomplete_phrase
crows,fly ______,-16.46875,2,2token,not_valid_noun
crows,I fly,-16.46875,2,2token,not_valid_noun
crows,avian -,-16.46875,2,2token,not_valid_noun
crows,\_ (,-16.46875,2,2token,not_valid_noun
crows,-. I,-16.46875,2,2token,not_valid_noun
crows,…… and,-16.46875,2,2token,not_valid_noun
crows,The are,-16.46875,2,2token,not_valid_noun
crows,The phrase,-16.46875,2,2token,not_valid_noun
crows,avian ______,-16.46875,2,2token,not_valid_noun
crows,small …,-16.46875,2,2token,not_valid_noun
crows,car or,-16.46875,2,2token,not_valid_noun
crows,of sea,-16.46875,2,2token,not_valid_noun
crows,......... .....,-16.46875,2,2token,not_valid_noun
crows,f ....,-16.46875,2,2token,not_valid_noun
crows,f l,-16.46875,2,2token,not_valid_noun
crows,…… Bird,-16.46875,2,2token,not_valid_noun
crows,class in,-16.46875,2,2token,not_valid_noun
crows,class (,-16.46875,2,2token,not_valid_noun
crows,bad ______,-16.46875,2,2token,not_valid_noun
crows,in class,-16.46875,2,2token,not_valid_noun
crows,f or,-16.46875,2,2token,not_valid_noun
crows,f I,-16.46875,2,2token,not_valid_noun
crows,f birds,-16.46875,2,2token,not_valid_noun
crows,e creature,-16.46875,2,2token,not_valid_noun
crows,of,-16.46875,2,2token,not_valid_noun
crows,creature or,-16.46875,2,2token,not_valid_noun
crows,turkey .,-16.46875,2,2token,not_valid_noun
crows,of _,-16.46875,2,2token,not_valid_noun
crows,of chicken,-16.46875,2,2token,not_valid_noun
crows,of …,-16.46875,2,2token,not_valid_noun
crows,of creature,-16.46875,2,2token,not_valid_noun
crows,............... ?,-16.46875,2,2token,not_valid_noun
crows,n _____,-16.46875,2,2token,not_valid_noun
crows,crow The,-16.5,2,2token,incomplete_phrase
crows,PC,-16.5,1,single_token,not_valid_noun
crows,FIN,-16.5,1,single_token,incomplete_phrase
crows,"..., what",-16.5,2,2token,not_valid_noun
crows,blog,-16.5,1,single_token,not_valid_noun
crows,mountains,-16.5,1,single_token,not_valid_noun
crows,dining,-16.5,1,single_token,incomplete_phrase
crows,military,-16.5,1,single_token,incomplete_phrase
crows,existing,-16.5,1,single_token,not_valid_noun
crows,Philadelphia,-16.5,1,single_token,not_valid_noun
crows,shore,-16.5,1,single_token,incomplete_phrase
crows,crow Read,-16.5,2,2token,not_valid_noun
crows,Bird I,-16.5,2,2token,not_valid_noun
crows,crow on,-16.5,2,2token,not_valid_noun
crows,large ___,-16.5,2,2token,not_valid_noun
crows,vic,-16.5,1,single_token,incomplete_phrase
crows,often,-16.5,1,single_token,not_valid_noun
crows,Gri,-16.5,1,single_token,not_valid_noun
crows,twenty,-16.5,1,single_token,incomplete_phrase
crows,tap,-16.5,1,single_token,incomplete_phrase
crows,protect,-16.5,1,single_token,not_valid_noun
crows,........ Select,-16.5,2,2token,not_valid_noun
crows,........ Animals,-16.5,2,2token,not_valid_noun
crows,fled,-16.5,1,single_token,not_valid_noun
crows,lady,-16.5,1,single_token,incomplete_phrase
crows,(*,-16.5,1,single_token,not_valid_noun
crows,wearing,-16.5,1,single_token,incomplete_phrase
crows,( -,-16.5,2,2token,not_valid_noun
crows,"..., for",-16.5,2,2token,not_valid_noun
crows,"..., fruit",-16.5,2,2token,not_valid_noun
crows,c This,-16.5,2,2token,not_valid_noun
crows,c creature,-16.5,2,2token,not_valid_noun
crows,aut,-16.5,1,single_token,not_valid_noun
crows,kitchen,-16.5,1,single_token,incomplete_phrase
crows,eight,-16.5,1,single_token,incomplete_phrase
crows,CO,-16.5,1,single_token,not_valid_noun
crows,Gre,-16.5,1,single_token,not_valid_noun
crows,CH,-16.5,1,single_token,not_valid_noun
crows,-->,-16.5,1,single_token,not_valid_noun
crows,residents,-16.5,1,single_token,not_valid_noun
crows,fables,-16.5,1,single_token,not_valid_noun
crows,Pter,-16.5,1,single_token,not_valid_noun
crows,diurnal,-16.5,1,single_token,not_valid_noun
crows,aci,-16.5,1,single_token,not_valid_noun
crows,sth,-16.5,1,single_token,not_valid_noun
crows,penguins,-16.5,1,single_token,not_valid_noun
crows,unkind,-16.5,1,single_token,not_valid_noun
crows,....... ________,-16.5,2,2token,not_valid_noun
crows,....... _______,-16.5,2,2token,not_valid_noun
crows,notes,-16.5,1,single_token,not_valid_noun
crows,exciting,-16.5,1,single_token,not_valid_noun
crows,maths,-16.5,1,single_token,not_valid_noun
crows,−,-16.5,1,single_token,not_valid_noun
crows,pir,-16.5,1,single_token,incomplete_phrase
crows,pleasant,-16.5,1,single_token,not_valid_noun
crows,( ].,-16.5,2,2token,not_valid_noun
crows,b :,-16.5,2,2token,not_valid_noun
crows,b r,-16.5,2,2token,not_valid_noun
crows,sq,-16.5,1,single_token,not_valid_noun
crows,b The,-16.5,2,2token,not_valid_noun
crows,imagine,-16.5,1,single_token,not_valid_noun
crows,gh,-16.5,1,single_token,not_valid_noun
crows,massive,-16.5,1,single_token,not_valid_noun
crows,gym,-16.5,1,single_token,incomplete_phrase
crows,mont,-16.5,1,single_token,incomplete_phrase
crows,vr,-16.5,1,single_token,not_valid_noun
crows,ib,-16.5,1,single_token,not_valid_noun
crows,bac,-16.5,1,single_token,incomplete_phrase
crows,organisms,-16.5,1,single_token,not_valid_noun
crows,…),-16.5,1,single_token,not_valid_noun
crows,figur,-16.5,1,single_token,not_valid_noun
crows,e a,-16.5,2,2token,not_valid_noun
crows,b _______,-16.5,2,2token,not_valid_noun
crows,song …,-16.5,2,2token,not_valid_noun
crows,song ________,-16.5,2,2token,not_valid_noun
crows,piti,-16.5,1,single_token,not_valid_noun
crows,mono,-16.5,1,single_token,incomplete_phrase
crows,mim,-16.5,1,single_token,incomplete_phrase
crows,asian,-16.5,1,single_token,incomplete_phrase
crows,impo,-16.5,1,single_token,not_valid_noun
crows,inve,-16.5,1,single_token,not_valid_noun
crows,big _____,-16.5,2,2token,not_valid_noun
crows,big _______,-16.5,2,2token,not_valid_noun
crows,Im,-16.5,1,single_token,not_valid_noun
crows,comp,-16.5,1,single_token,not_valid_noun
crows,Con,-16.5,1,single_token,incomplete_phrase
crows,( Bird,-16.5,2,2token,not_valid_noun
crows,F (,-16.5,2,2token,not_valid_noun
crows,wanting,-16.5,1,single_token,not_valid_noun
crows,inven,-16.5,1,single_token,not_valid_noun
crows,peculiar,-16.5,1,single_token,not_valid_noun
crows,dense,-16.5,1,single_token,not_valid_noun
crows,attract,-16.5,1,single_token,not_valid_noun
crows,Halloween,-16.5,1,single_token,incomplete_phrase
crows,complain,-16.5,1,single_token,not_valid_noun
crows,sne,-16.5,1,single_token,not_valid_noun
crows,../../,-16.5,1,single_token,not_valid_noun
crows,brilliant,-16.5,1,single_token,not_valid_noun
crows,obj,-16.5,1,single_token,not_valid_noun
crows,Vir,-16.5,1,single_token,not_valid_noun
crows,choose,-16.5,1,single_token,not_valid_noun
crows,sco,-16.5,1,single_token,not_valid_noun
crows,fol,-16.5,1,single_token,not_valid_noun
crows,instead,-16.5,1,single_token,not_valid_noun
crows,Good,-16.5,1,single_token,incomplete_phrase
crows,wo,-16.5,1,single_token,not_valid_noun
crows,"""""",-16.5,1,single_token,not_valid_noun
crows,dev,-16.5,1,single_token,incomplete_phrase
crows,rv,-16.5,1,single_token,not_valid_noun
crows,parasitic,-16.5,1,single_token,not_valid_noun
crows,deciduous,-16.5,1,single_token,not_valid_noun
crows,.( birds,-16.5,2,2token,not_valid_noun
crows,♥,-16.5,1,single_token,not_valid_noun
crows,big …,-16.5,2,2token,not_valid_noun
crows,big (,-16.5,2,2token,not_valid_noun
crows,big and,-16.5,2,2token,not_valid_noun
crows,gentle,-16.5,1,single_token,not_valid_noun
crows,cm,-16.5,1,single_token,not_valid_noun
crows,||,-16.5,1,single_token,not_valid_noun
crows,With,-16.5,1,single_token,not_valid_noun
crows,San,-16.5,1,single_token,incomplete_phrase
crows,‎,-16.5,1,single_token,not_valid_noun
crows,oi,-16.5,1,single_token,not_valid_noun
crows,gulls,-16.5,1,single_token,not_valid_noun
crows,big gray,-16.5,2,2token,incomplete_phrase
crows,big ________,-16.5,2,2token,not_valid_noun
crows,bir birds,-16.5,2,2token,not_valid_noun
crows,phe,-16.5,1,single_token,not_valid_noun
crows,aaa,-16.5,1,single_token,not_valid_noun
crows,bir /,-16.5,2,2token,not_valid_noun
crows,,-16.5,1,single_token,not_valid_noun
crows,........ ?,-16.5,2,2token,not_valid_noun
crows,........,-16.5,2,2token,not_valid_noun
crows,........ There,-16.5,2,2token,not_valid_noun
crows,........ Some,-16.5,2,2token,not_valid_noun
crows,cries,-16.5,1,single_token,not_valid_noun
crows,........ All,-16.5,2,2token,not_valid_noun
crows,pollo,-16.5,1,single_token,not_valid_noun
crows,....... They,-16.5,2,2token,not_valid_noun
crows,....... Use,-16.5,2,2token,not_valid_noun
crows,est,-16.5,1,single_token,not_valid_noun
crows,hel,-16.5,1,single_token,not_valid_noun
crows,sk,-16.5,1,single_token,not_valid_noun
crows,add,-16.5,1,single_token,incomplete_phrase
crows,entertain,-16.5,1,single_token,not_valid_noun
crows,open,-16.5,1,single_token,incomplete_phrase
crows,Ver,-16.5,1,single_token,not_valid_noun
crows,contra,-16.5,1,single_token,incomplete_phrase
crows,II,-16.5,1,single_token,not_valid_noun
crows,metre,-16.5,1,single_token,not_valid_noun
crows,harmless,-16.5,1,single_token,not_valid_noun
crows,animais,-16.5,1,single_token,not_valid_noun
crows,cass,-16.5,1,single_token,incomplete_phrase
crows,""".""",-16.5,1,single_token,not_valid_noun
crows,domesti,-16.5,1,single_token,not_valid_noun
crows,....... This,-16.5,2,2token,not_valid_noun
crows,.......,-16.5,2,2token,not_valid_noun
crows,w (,-16.5,2,2token,not_valid_noun
crows,c c,-16.5,2,2token,not_valid_noun
crows,c and,-16.5,2,2token,not_valid_noun
crows,crow _____,-16.5,2,2token,not_valid_noun
crows,are they,-16.53125,2,2token,not_valid_noun
crows,blue and,-16.53125,2,2token,not_valid_noun
crows,family .,-16.53125,2,2token,not_valid_noun
crows,family (,-16.53125,2,2token,not_valid_noun
crows,type ...,-16.53125,2,2token,not_valid_noun
crows,feather of,-16.53125,2,2token,not_valid_noun
crows,species called,-16.53125,2,2token,incomplete_phrase
crows,species or,-16.53125,2,2token,not_valid_noun
crows,Birds Fill,-16.53125,2,2token,not_valid_noun
crows,Birds -,-16.53125,2,2token,not_valid_noun
crows,type in,-16.53125,2,2token,not_valid_noun
crows,what ____,-16.53125,2,2token,not_valid_noun
crows,meat (,-16.53125,2,2token,not_valid_noun
crows,…………………… (,-16.53125,2,2token,not_valid_noun
crows,n ____,-16.53125,2,2token,not_valid_noun
crows,pest that,-16.53125,2,2token,incomplete_phrase
crows,name or,-16.53125,2,2token,not_valid_noun
crows,............ fruit,-16.53125,2,2token,not_valid_noun
crows,............ ?,-16.53125,2,2token,not_valid_noun
crows,What birds,-16.53125,2,2token,not_valid_noun
crows,mammals that,-16.53125,2,2token,incomplete_phrase
crows,and _____,-16.53125,2,2token,not_valid_noun
crows,"and ,",-16.53125,2,2token,not_valid_noun
crows,and one,-16.53125,2,2token,not_valid_noun
crows,.......... fruit,-16.53125,2,2token,not_valid_noun
crows,.......... animals,-16.53125,2,2token,not_valid_noun
crows,d _____,-16.53125,2,2token,not_valid_noun
crows,…………………… Complete,-16.53125,2,2token,not_valid_noun
crows,are there,-16.53125,2,2token,not_valid_noun
crows,............. fruit,-16.53125,2,2token,not_valid_noun
crows,my brother,-16.53125,2,2token,not_valid_noun
crows,?. a,-16.53125,2,2token,not_valid_noun
crows,d _______,-16.53125,2,2token,not_valid_noun
crows,car [,-16.53125,2,2token,not_valid_noun
crows,are complete,-16.53125,2,2token,not_valid_noun
crows,d ____,-16.53125,2,2token,not_valid_noun
crows,[ ...,-16.53125,2,2token,not_valid_noun
crows,[ a,-16.53125,2,2token,not_valid_noun
crows,word that,-16.53125,2,2token,incomplete_phrase
crows,mammal The,-16.5625,2,2token,incomplete_phrase
crows,* Select,-16.5625,2,2token,not_valid_noun
crows,c is,-16.5625,2,2token,not_valid_noun
crows,which includes,-16.5625,2,2token,not_valid_noun
crows,mammal to,-16.5625,2,2token,not_valid_noun
crows,which,-16.5625,2,2token,not_valid_noun
crows,mammal ..,-16.5625,2,2token,not_valid_noun
crows,w ....,-16.5625,2,2token,not_valid_noun
crows,........... Select,-16.5625,2,2token,not_valid_noun
crows,........... Choose,-16.5625,2,2token,not_valid_noun
crows,mammal What,-16.5625,2,2token,incomplete_phrase
crows,animals for,-16.5625,2,2token,incomplete_phrase
crows,........... -,-16.5625,2,2token,not_valid_noun
crows,........... In,-16.5625,2,2token,not_valid_noun
crows,b c,-16.5625,2,2token,not_valid_noun
crows,fowl The,-16.5625,2,2token,incomplete_phrase
crows,an .....,-16.5625,2,2token,not_valid_noun
crows,an _____,-16.5625,2,2token,not_valid_noun
crows,F _____,-16.5625,2,2token,not_valid_noun
crows,F a,-16.5625,2,2token,not_valid_noun
crows,part .,-16.5625,2,2token,not_valid_noun
crows,F ______,-16.5625,2,2token,not_valid_noun
crows,p .,-16.5625,2,2token,not_valid_noun
crows,p _______,-16.5625,2,2token,not_valid_noun
crows,parrot that,-16.5625,2,2token,incomplete_phrase
crows,parrot Fill,-16.5625,2,2token,not_valid_noun
crows,___________ [,-16.5625,2,2token,not_valid_noun
crows,___________ ​,-16.5625,2,2token,not_valid_noun
crows,that I,-16.5625,2,2token,not_valid_noun
crows,song _______,-16.5625,2,2token,not_valid_noun
crows,____________ is,-16.5625,2,2token,not_valid_noun
crows,animals by,-16.5625,2,2token,not_valid_noun
crows,grey,-16.5625,2,2token,incomplete_phrase
crows,duck (,-16.5625,2,2token,not_valid_noun
crows,………… …………,-16.5625,2,2token,not_valid_noun
crows,____________ In,-16.5625,2,2token,not_valid_noun
crows,an ....,-16.5625,2,2token,not_valid_noun
crows,part in,-16.5625,2,2token,not_valid_noun
crows,fowl fruit,-16.5625,2,2token,incomplete_phrase
crows,fowl but,-16.5625,2,2token,incomplete_phrase
crows,fowl _,-16.5625,2,2token,not_valid_noun
crows,fowl ..,-16.5625,2,2token,not_valid_noun
crows,____________ are,-16.5625,2,2token,not_valid_noun
crows,__ are,-16.5625,2,2token,not_valid_noun
crows,____________ but,-16.5625,2,2token,not_valid_noun
crows,____________ Name,-16.5625,2,2token,not_valid_noun
crows,____________ ...,-16.5625,2,2token,not_valid_noun
crows,............... complete,-16.59375,2,2token,not_valid_noun
crows,The definition,-16.59375,2,2token,not_valid_noun
crows,o ...,-16.59375,2,2token,not_valid_noun
crows,pigeon ...,-16.59375,2,2token,not_valid_noun
crows,I (,-16.59375,2,2token,not_valid_noun
crows,............... Read,-16.59375,2,2token,not_valid_noun
crows,car ....,-16.59375,2,2token,not_valid_noun
crows,fly ____,-16.59375,2,2token,not_valid_noun
crows,fly ________,-16.59375,2,2token,not_valid_noun
crows,owl or,-16.59375,2,2token,not_valid_noun
crows,creature with,-16.59375,2,2token,incomplete_phrase
crows,......... Use,-16.59375,2,2token,not_valid_noun
crows,......... Which,-16.59375,2,2token,not_valid_noun
crows,......... Explain,-16.59375,2,2token,not_valid_noun
crows,......... ______,-16.59375,2,2token,not_valid_noun
crows,The last,-16.59375,2,2token,not_valid_noun
crows,The given,-16.59375,2,2token,not_valid_noun
crows,The tree,-16.59375,2,2token,not_valid_noun
crows,The Great,-16.59375,2,2token,not_valid_noun
crows,aeroplane .,-16.59375,2,2token,not_valid_noun
crows,monkey (,-16.59375,2,2token,not_valid_noun
crows,-. complete,-16.59375,2,2token,not_valid_noun
crows,creature ...,-16.59375,2,2token,not_valid_noun
crows,of this,-16.59375,2,2token,not_valid_noun
crows,of _____,-16.59375,2,2token,not_valid_noun
crows,of feathers,-16.59375,2,2token,not_valid_noun
crows,of all,-16.59375,2,2token,not_valid_noun
crows,d ...,-16.59375,2,2token,not_valid_noun
crows,of ..,-16.59375,2,2token,not_valid_noun
crows,d i,-16.59375,2,2token,not_valid_noun
crows,.........,-16.59375,2,2token,not_valid_noun
crows,avian [,-16.59375,2,2token,not_valid_noun
crows,n =,-16.59375,2,2token,not_valid_noun
crows,n o,-16.59375,2,2token,not_valid_noun
crows,avian _.,-16.59375,2,2token,not_valid_noun
crows,…… fly,-16.59375,2,2token,not_valid_noun
crows,avian in,-16.59375,2,2token,not_valid_noun
crows,avian and,-16.59375,2,2token,not_valid_noun
crows,…… If,-16.59375,2,2token,not_valid_noun
crows,……,-16.59375,2,2token,not_valid_noun
crows,I want,-16.59375,2,2token,not_valid_noun
crows,…… In,-16.59375,2,2token,not_valid_noun
crows,…… are,-16.59375,2,2token,not_valid_noun
crows,nat,-16.625,1,single_token,incomplete_phrase
crows,hy,-16.625,1,single_token,not_valid_noun
crows,птиц,-16.625,2,2token,not_valid_noun
crows,compared,-16.625,1,single_token,not_valid_noun
crows,b birds,-16.625,2,2token,not_valid_noun
crows,maybe,-16.625,1,single_token,not_valid_noun
crows,dim,-16.625,1,single_token,not_valid_noun
crows,fixed,-16.625,1,single_token,not_valid_noun
crows,sal,-16.625,1,single_token,incomplete_phrase
crows,resp,-16.625,1,single_token,not_valid_noun
crows,che,-16.625,1,single_token,incomplete_phrase
crows,ape (,-16.625,2,2token,not_valid_noun
crows,game ...,-16.625,2,2token,not_valid_noun
crows,using,-16.625,1,single_token,not_valid_noun
crows,bre,-16.625,1,single_token,not_valid_noun
crows,game of,-16.625,2,2token,not_valid_noun
crows,self,-16.625,1,single_token,incomplete_phrase
crows,Ad,-16.625,1,single_token,not_valid_noun
crows,ins,-16.625,1,single_token,not_valid_noun
crows,Un,-16.625,1,single_token,not_valid_noun
crows,big yellow,-16.625,2,2token,incomplete_phrase
crows,........ Choose,-16.625,2,2token,not_valid_noun
crows,chicken Fill,-16.625,2,2token,not_valid_noun
crows,chicken _______,-16.625,2,2token,not_valid_noun
crows,students,-16.625,1,single_token,not_valid_noun
crows,........,-16.625,2,2token,not_valid_noun
crows,........ We,-16.625,2,2token,not_valid_noun
crows,........ An,-16.625,2,2token,not_valid_noun
crows,large (,-16.625,2,2token,not_valid_noun
crows,parag,-16.625,1,single_token,not_valid_noun
crows,$/,-16.625,1,single_token,not_valid_noun
crows,wetland,-16.625,1,single_token,not_valid_noun
crows,kind kind,-16.625,2,2token,incomplete_phrase
crows,======,-16.625,1,single_token,not_valid_noun
crows,"\,\",-16.625,1,single_token,not_valid_noun
crows,........ Many,-16.625,2,2token,not_valid_noun
crows,become,-16.625,1,single_token,not_valid_noun
crows,bir _____,-16.625,2,2token,not_valid_noun
crows,hawk .,-16.625,2,2token,not_valid_noun
crows,quick,-16.625,1,single_token,incomplete_phrase
crows,crow .....,-16.625,2,2token,not_valid_noun
crows,big beautiful,-16.625,2,2token,not_valid_noun
crows,pq,-16.625,1,single_token,not_valid_noun
crows,airborne,-16.625,1,single_token,not_valid_noun
crows,?-,-16.625,1,single_token,not_valid_noun
crows,cetera,-16.625,1,single_token,not_valid_noun
crows,tweeting,-16.625,1,single_token,not_valid_noun
crows,dishonest,-16.625,1,single_token,not_valid_noun
crows,$_{\,-16.625,1,single_token,not_valid_noun
crows,"..., an",-16.625,2,2token,not_valid_noun
crows,"..., e",-16.625,2,2token,not_valid_noun
crows,Carni,-16.625,1,single_token,incomplete_phrase
crows,Avic,-16.625,1,single_token,not_valid_noun
crows,blackish,-16.625,1,single_token,not_valid_noun
crows,Raven is,-16.625,2,2token,not_valid_noun
crows,"..., you",-16.625,2,2token,not_valid_noun
crows,"..., that",-16.625,2,2token,not_valid_noun
crows,"..., i",-16.625,2,2token,not_valid_noun
crows,wn,-16.625,1,single_token,not_valid_noun
crows,OC,-16.625,1,single_token,not_valid_noun
crows,p a,-16.625,2,2token,not_valid_noun
crows,....... ......,-16.625,2,2token,not_valid_noun
crows,....... There,-16.625,2,2token,not_valid_noun
crows,( plural,-16.625,2,2token,not_valid_noun
crows,( A,-16.625,2,2token,not_valid_noun
crows,....... :,-16.625,2,2token,not_valid_noun
crows,generic,-16.625,1,single_token,incomplete_phrase
crows,(+,-16.625,1,single_token,not_valid_noun
crows,farming,-16.625,1,single_token,incomplete_phrase
crows,SI,-16.625,1,single_token,not_valid_noun
crows,storytelling,-16.625,1,single_token,not_valid_noun
crows,pv,-16.625,1,single_token,not_valid_noun
crows,speci,-16.625,1,single_token,not_valid_noun
crows,Jungle,-16.625,1,single_token,incomplete_phrase
crows,asia,-16.625,1,single_token,not_valid_noun
crows,ck,-16.625,1,single_token,not_valid_noun
crows,perro,-16.625,1,single_token,not_valid_noun
crows,dum,-16.625,1,single_token,not_valid_noun
crows,Â,-16.625,1,single_token,not_valid_noun
crows,cree,-16.625,1,single_token,incomplete_phrase
crows,countryside,-16.625,1,single_token,incomplete_phrase
crows,destructive,-16.625,1,single_token,not_valid_noun
crows,Pec,-16.625,1,single_token,not_valid_noun
crows,pathetic,-16.625,1,single_token,not_valid_noun
crows,an Animal,-16.625,2,2token,not_valid_noun
crows,iam,-16.625,1,single_token,not_valid_noun
crows,PRED,-16.625,1,single_token,not_valid_noun
crows,✔,-16.625,1,single_token,not_valid_noun
crows,corne,-16.625,1,single_token,not_valid_noun
crows,aq,-16.625,1,single_token,not_valid_noun
crows,cw,-16.625,1,single_token,not_valid_noun
crows,ñ,-16.625,1,single_token,not_valid_noun
crows,een,-16.625,1,single_token,not_valid_noun
crows,furn,-16.625,1,single_token,not_valid_noun
crows,blo,-16.625,1,single_token,incomplete_phrase
crows,protected,-16.625,1,single_token,not_valid_noun
crows,Chi,-16.625,1,single_token,incomplete_phrase
crows,logo,-16.625,1,single_token,not_valid_noun
crows,dom,-16.625,1,single_token,incomplete_phrase
crows,wal,-16.625,1,single_token,not_valid_noun
crows,wy,-16.625,1,single_token,not_valid_noun
crows,Cer,-16.625,1,single_token,not_valid_noun
crows,difer,-16.625,1,single_token,not_valid_noun
crows,studies,-16.625,1,single_token,not_valid_noun
crows,mud,-16.625,1,single_token,incomplete_phrase
crows,yeah,-16.625,1,single_token,not_valid_noun
crows,Member,-16.625,1,single_token,incomplete_phrase
crows,compare,-16.625,1,single_token,incomplete_phrase
crows,sy,-16.625,1,single_token,not_valid_noun
crows,Rep,-16.625,1,single_token,incomplete_phrase
crows,delivery,-16.625,1,single_token,incomplete_phrase
crows,Find,-16.625,1,single_token,incomplete_phrase
crows,aper,-16.625,1,single_token,incomplete_phrase
crows,cel,-16.625,1,single_token,not_valid_noun
crows,creative,-16.625,1,single_token,not_valid_noun
crows,dol,-16.625,1,single_token,incomplete_phrase
crows,fer,-16.625,1,single_token,not_valid_noun
crows,amer,-16.625,1,single_token,not_valid_noun
crows,tam,-16.625,1,single_token,incomplete_phrase
crows,usual,-16.625,1,single_token,not_valid_noun
crows,ans,-16.625,1,single_token,not_valid_noun
crows,lawn,-16.625,1,single_token,incomplete_phrase
crows,handsome,-16.625,1,single_token,not_valid_noun
crows,Pes,-16.625,1,single_token,incomplete_phrase
crows,explanation,-16.625,1,single_token,not_valid_noun
crows,×,-16.625,1,single_token,not_valid_noun
crows,Circle,-16.625,1,single_token,incomplete_phrase
crows,disney,-16.625,1,single_token,not_valid_noun
crows,Myth,-16.625,1,single_token,incomplete_phrase
crows,walks,-16.625,1,single_token,not_valid_noun
crows,carro,-16.625,1,single_token,not_valid_noun
crows,ah,-16.625,1,single_token,not_valid_noun
crows,abc,-16.625,1,single_token,not_valid_noun
crows,holy,-16.625,1,single_token,incomplete_phrase
crows,Smart,-16.625,1,single_token,incomplete_phrase
crows,killing,-16.625,1,single_token,incomplete_phrase
crows,biological,-16.625,1,single_token,not_valid_noun
crows,nervous,-16.625,1,single_token,not_valid_noun
crows,worldwide,-16.625,1,single_token,not_valid_noun
crows,ø,-16.625,1,single_token,not_valid_noun
crows,.( a,-16.625,2,2token,not_valid_noun
crows,fabulous,-16.625,1,single_token,not_valid_noun
crows,avo,-16.625,1,single_token,incomplete_phrase
crows,Ms,-16.625,1,single_token,not_valid_noun
crows,Zealand,-16.625,1,single_token,not_valid_noun
crows,c ow,-16.625,2,2token,not_valid_noun
crows,wid,-16.625,1,single_token,incomplete_phrase
crows,machines,-16.625,1,single_token,not_valid_noun
crows,mighty,-16.625,1,single_token,not_valid_noun
crows,Aven,-16.625,1,single_token,not_valid_noun
crows,Mang,-16.625,1,single_token,incomplete_phrase
crows,my animal,-16.65625,2,2token,not_valid_noun
crows,f $\,-16.65625,2,2token,not_valid_noun
crows,s (,-16.65625,2,2token,not_valid_noun
crows,and their,-16.65625,2,2token,not_valid_noun
crows,and ....,-16.65625,2,2token,not_valid_noun
crows,What else,-16.65625,2,2token,not_valid_noun
crows,what -,-16.65625,2,2token,not_valid_noun
crows,what creature,-16.65625,2,2token,not_valid_noun
crows,what Animal,-16.65625,2,2token,not_valid_noun
crows,raven (,-16.65625,2,2token,not_valid_noun
crows,Birds ....,-16.65625,2,2token,not_valid_noun
crows,"[ ],",-16.65625,2,2token,not_valid_noun
crows,[ __,-16.65625,2,2token,not_valid_noun
crows,[,-16.65625,2,2token,not_valid_noun
crows,.............. Write,-16.65625,2,2token,not_valid_noun
crows,?. complete,-16.65625,2,2token,not_valid_noun
crows,feather ....,-16.65625,2,2token,not_valid_noun
crows,type or,-16.65625,2,2token,not_valid_noun
crows,Birds COMPLETE,-16.65625,2,2token,not_valid_noun
crows,What you,-16.65625,2,2token,not_valid_noun
crows,What a,-16.65625,2,2token,not_valid_noun
crows,n ....,-16.65625,2,2token,not_valid_noun
crows,What fruit,-16.65625,2,2token,not_valid_noun
crows,What makes,-16.65625,2,2token,not_valid_noun
crows,What part,-16.65625,2,2token,not_valid_noun
crows,s p,-16.65625,2,2token,not_valid_noun
crows,fruit ....,-16.65625,2,2token,not_valid_noun
crows,in ...,-16.65625,2,2token,not_valid_noun
crows,in animal,-16.65625,2,2token,not_valid_noun
crows,……………………,-16.65625,2,2token,not_valid_noun
crows,What colour,-16.65625,2,2token,not_valid_noun
crows,forest dwelling,-16.65625,2,2token,incomplete_phrase
crows,Birds that,-16.65625,2,2token,incomplete_phrase
crows,n word,-16.65625,2,2token,not_valid_noun
crows,this :,-16.6875,2,2token,not_valid_noun
crows,b ir,-16.6875,2,2token,not_valid_noun
crows,song th,-16.6875,2,2token,not_valid_noun
crows,….. _______,-16.6875,2,2token,not_valid_noun
crows,….. Which,-16.6875,2,2token,not_valid_noun
crows,that .,-16.6875,2,2token,not_valid_noun
crows,thing called,-16.6875,2,2token,incomplete_phrase
crows,wild and,-16.6875,2,2token,not_valid_noun
crows,wild ....,-16.6875,2,2token,not_valid_noun
crows,thing with,-16.6875,2,2token,incomplete_phrase
crows,"fowl ,",-16.6875,2,2token,not_valid_noun
crows,__ animals,-16.6875,2,2token,not_valid_noun
crows,an adjective,-16.6875,2,2token,not_valid_noun
crows,an _________,-16.6875,2,2token,not_valid_noun
crows,feathered (,-16.6875,2,2token,not_valid_noun
crows,an example,-16.6875,2,2token,not_valid_noun
crows,e …,-16.6875,2,2token,not_valid_noun
crows,….. There,-16.6875,2,2token,not_valid_noun
crows,e (,-16.6875,2,2token,not_valid_noun
crows,parrot COMPLETE,-16.6875,2,2token,not_valid_noun
crows,sparrow .,-16.6875,2,2token,not_valid_noun
crows,"........... ,",-16.6875,2,2token,not_valid_noun
crows,........... crow,-16.6875,2,2token,not_valid_noun
crows,p _________,-16.6875,2,2token,not_valid_noun
crows,mammal Edit,-16.6875,2,2token,incomplete_phrase
crows,........... and,-16.6875,2,2token,not_valid_noun
crows,........... is,-16.6875,2,2token,not_valid_noun
crows,parrot with,-16.6875,2,2token,incomplete_phrase
crows,food ...,-16.6875,2,2token,not_valid_noun
crows,common wild,-16.6875,2,2token,incomplete_phrase
crows,part,-16.6875,2,2token,incomplete_phrase
crows,which live,-16.6875,2,2token,not_valid_noun
crows,which .,-16.6875,2,2token,not_valid_noun
crows,* A,-16.6875,2,2token,not_valid_noun
crows,c aws,-16.6875,2,2token,not_valid_noun
crows,The other,-16.71875,2,2token,not_valid_noun
crows,The children,-16.71875,2,2token,not_valid_noun
crows,The students,-16.71875,2,2token,not_valid_noun
crows,The teacher,-16.71875,2,2token,not_valid_noun
crows,-. If,-16.71875,2,2token,not_valid_noun
crows,-. Use,-16.71875,2,2token,not_valid_noun
crows,f $,-16.71875,2,2token,not_valid_noun
crows,-. Answer,-16.71875,2,2token,not_valid_noun
crows,…… This,-16.71875,2,2token,not_valid_noun
crows,fly Related,-16.71875,2,2token,not_valid_noun
crows,insect ...,-16.71875,2,2token,not_valid_noun
crows,-. This,-16.71875,2,2token,not_valid_noun
crows,car that,-16.71875,2,2token,incomplete_phrase
crows,dog (,-16.71875,2,2token,not_valid_noun
crows,avian …,-16.71875,2,2token,not_valid_noun
crows,avian /,-16.71875,2,2token,not_valid_noun
crows,avian ....,-16.71875,2,2token,not_valid_noun
crows,d e,-16.71875,2,2token,not_valid_noun
crows,avian _______,-16.71875,2,2token,not_valid_noun
crows,many many,-16.71875,2,2token,not_valid_noun
crows,s Read,-16.71875,2,2token,not_valid_noun
crows,s a,-16.71875,2,2token,not_valid_noun
crows,BIRDS,-16.71875,2,2token,not_valid_noun
crows,book .,-16.71875,2,2token,not_valid_noun
crows,e ....,-16.71875,2,2token,not_valid_noun
crows,The is,-16.71875,2,2token,not_valid_noun
crows,…… ...,-16.71875,2,2token,not_valid_noun
crows,< _,-16.71875,2,2token,not_valid_noun
crows,in Canada,-16.71875,2,2token,not_valid_noun
crows,in New,-16.71875,2,2token,not_valid_noun
crows,of feather,-16.71875,2,2token,not_valid_noun
crows,< class,-16.71875,2,2token,not_valid_noun
crows,I like,-16.71875,2,2token,not_valid_noun
crows,…… –,-16.71875,2,2token,not_valid_noun
crows,of flying,-16.71875,2,2token,not_valid_noun
crows,of living,-16.71875,2,2token,not_valid_noun
crows,amphibians,-16.75,1,single_token,not_valid_noun
crows,smal,-16.75,1,single_token,not_valid_noun
crows,Adj,-16.75,1,single_token,not_valid_noun
crows,crafty,-16.75,1,single_token,not_valid_noun
crows,DEFINITION,-16.75,1,single_token,incomplete_phrase
crows,veloci,-16.75,1,single_token,not_valid_noun
crows,backyard,-16.75,1,single_token,not_valid_noun
crows,________,-16.75,2,2token,not_valid_noun
crows,&#,-16.75,1,single_token,not_valid_noun
crows,"*,",-16.75,1,single_token,not_valid_noun
crows,Cs,-16.75,1,single_token,not_valid_noun
crows,Pied,-16.75,1,single_token,incomplete_phrase
crows,.;,-16.75,1,single_token,not_valid_noun
crows,quadril,-16.75,1,single_token,not_valid_noun
crows,CIM,-16.75,1,single_token,incomplete_phrase
crows,peregr,-16.75,1,single_token,not_valid_noun
crows,"(),",-16.75,1,single_token,not_valid_noun
crows,Artic,-16.75,1,single_token,not_valid_noun
crows,==>,-16.75,1,single_token,not_valid_noun
crows,✨,-16.75,1,single_token,not_valid_noun
crows,miscellaneous,-16.75,1,single_token,not_valid_noun
crows,{-,-16.75,1,single_token,not_valid_noun
crows,dun,-16.75,1,single_token,incomplete_phrase
crows,pairs,-16.75,1,single_token,not_valid_noun
crows,ry,-16.75,1,single_token,not_valid_noun
crows,fish _______,-16.75,2,2token,not_valid_noun
crows,fish -,-16.75,2,2token,not_valid_noun
crows,crow ..,-16.75,2,2token,not_valid_noun
crows,Several,-16.75,1,single_token,not_valid_noun
crows,sak,-16.75,1,single_token,incomplete_phrase
crows,enormous,-16.75,1,single_token,not_valid_noun
crows,wol,-16.75,1,single_token,not_valid_noun
crows,jumping,-16.75,1,single_token,not_valid_noun
crows,visits,-16.75,1,single_token,not_valid_noun
crows,typeof,-16.75,1,single_token,not_valid_noun
crows,literary,-16.75,1,single_token,not_valid_noun
crows,is called,-16.75,2,2token,not_valid_noun
crows,is there,-16.75,2,2token,not_valid_noun
crows,crow _______,-16.75,2,2token,not_valid_noun
crows,scavenging,-16.75,1,single_token,not_valid_noun
crows,c in,-16.75,2,2token,not_valid_noun
crows,vesel,-16.75,1,single_token,not_valid_noun
crows,crow What,-16.75,2,2token,incomplete_phrase
crows,crow completes,-16.75,2,2token,not_valid_noun
crows,crow _,-16.75,2,2token,not_valid_noun
crows,"crow ,",-16.75,2,2token,not_valid_noun
crows,veggie,-16.75,1,single_token,not_valid_noun
crows,rai,-16.75,1,single_token,not_valid_noun
crows,is (,-16.75,2,2token,not_valid_noun
crows,c :,-16.75,2,2token,not_valid_noun
crows,minib,-16.75,1,single_token,not_valid_noun
crows,¯,-16.75,1,single_token,not_valid_noun
crows,c are,-16.75,2,2token,not_valid_noun
crows,c The,-16.75,2,2token,not_valid_noun
crows,biggest,-16.75,1,single_token,not_valid_noun
crows,homes,-16.75,1,single_token,not_valid_noun
crows,voy,-16.75,1,single_token,not_valid_noun
crows,Pi,-16.75,1,single_token,not_valid_noun
crows,Sel,-16.75,1,single_token,not_valid_noun
crows,helpful,-16.75,1,single_token,not_valid_noun
crows,sl,-16.75,1,single_token,not_valid_noun
crows,song /,-16.75,2,2token,not_valid_noun
crows,chicken :,-16.75,2,2token,not_valid_noun
crows,........ Animal,-16.75,2,2token,not_valid_noun
crows,chicken _____,-16.75,2,2token,not_valid_noun
crows,gos,-16.75,1,single_token,incomplete_phrase
crows,french,-16.75,1,single_token,incomplete_phrase
crows,centi,-16.75,1,single_token,not_valid_noun
crows,tne,-16.75,1,single_token,not_valid_noun
crows,........ This,-16.75,2,2token,not_valid_noun
crows,tir,-16.75,1,single_token,not_valid_noun
crows,sacred,-16.75,1,single_token,not_valid_noun
crows,Za,-16.75,1,single_token,not_valid_noun
crows,az,-16.75,1,single_token,not_valid_noun
crows,images,-16.75,1,single_token,not_valid_noun
crows,pal,-16.75,1,single_token,incomplete_phrase
crows,Pr,-16.75,1,single_token,not_valid_noun
crows,Another,-16.75,1,single_token,incomplete_phrase
crows,Canadian,-16.75,1,single_token,incomplete_phrase
crows,stor,-16.75,1,single_token,not_valid_noun
crows,vu,-16.75,1,single_token,not_valid_noun
crows,pis,-16.75,1,single_token,not_valid_noun
crows,or mammal,-16.75,2,2token,not_valid_noun
crows,mp,-16.75,1,single_token,not_valid_noun
crows,shit,-16.75,1,single_token,not_valid_noun
crows,”,-16.75,1,single_token,not_valid_noun
crows,Je,-16.75,1,single_token,not_valid_noun
crows,once,-16.75,1,single_token,not_valid_noun
crows,Sha,-16.75,1,single_token,incomplete_phrase
crows,Special,-16.75,1,single_token,incomplete_phrase
crows,magn,-16.75,1,single_token,not_valid_noun
crows,SC,-16.75,1,single_token,not_valid_noun
crows,w ____,-16.75,2,2token,not_valid_noun
crows,Best,-16.75,1,single_token,incomplete_phrase
crows,NO,-16.75,1,single_token,not_valid_noun
crows,NE,-16.75,1,single_token,not_valid_noun
crows,deep,-16.75,1,single_token,incomplete_phrase
crows,pret,-16.75,1,single_token,not_valid_noun
crows,il,-16.75,1,single_token,not_valid_noun
crows,cour,-16.75,1,single_token,not_valid_noun
crows,Raven (,-16.75,2,2token,not_valid_noun
crows,stra,-16.75,1,single_token,incomplete_phrase
crows,kind ____,-16.75,2,2token,not_valid_noun
crows,large sized,-16.75,2,2token,not_valid_noun
crows,arg,-16.75,1,single_token,not_valid_noun
crows,shall,-16.75,1,single_token,not_valid_noun
crows,uni,-16.75,1,single_token,not_valid_noun
crows,create,-16.75,1,single_token,not_valid_noun
crows,really,-16.75,1,single_token,not_valid_noun
crows,let,-16.75,1,single_token,incomplete_phrase
crows,af,-16.75,1,single_token,not_valid_noun
crows,Su,-16.75,1,single_token,not_valid_noun
crows,Vul,-16.75,1,single_token,not_valid_noun
crows,wild black,-16.75,2,2token,incomplete_phrase
crows,aard,-16.75,1,single_token,not_valid_noun
crows,oy,-16.75,1,single_token,not_valid_noun
crows,angels,-16.75,1,single_token,not_valid_noun
crows,cem,-16.75,1,single_token,not_valid_noun
crows,.......... Read,-16.78125,2,2token,not_valid_noun
crows,.......... ...,-16.78125,2,2token,not_valid_noun
crows,?. If,-16.78125,2,2token,not_valid_noun
crows,name a,-16.78125,2,2token,not_valid_noun
crows,name that,-16.78125,2,2token,incomplete_phrase
crows,............ Read,-16.78125,2,2token,not_valid_noun
crows,and not,-16.78125,2,2token,not_valid_noun
crows,What should,-16.78125,2,2token,not_valid_noun
crows,and other,-16.78125,2,2token,not_valid_noun
crows,[,-16.78125,2,2token,not_valid_noun
crows,?. ?,-16.78125,2,2token,not_valid_noun
crows,and we,-16.78125,2,2token,not_valid_noun
crows,?. Correct,-16.78125,2,2token,not_valid_noun
crows,?. Choose,-16.78125,2,2token,not_valid_noun
crows,?. Answer,-16.78125,2,2token,not_valid_noun
crows,?. How,-16.78125,2,2token,not_valid_noun
crows,X X,-16.78125,2,2token,not_valid_noun
crows,?. I,-16.78125,2,2token,not_valid_noun
crows,type a,-16.78125,2,2token,not_valid_noun
crows,are kind,-16.78125,2,2token,not_valid_noun
crows,are ...,-16.78125,2,2token,not_valid_noun
crows,f Bird,-16.78125,2,2token,not_valid_noun
crows,what I,-16.78125,2,2token,not_valid_noun
crows,forest,-16.78125,2,2token,incomplete_phrase
crows,.............. complete,-16.78125,2,2token,not_valid_noun
crows,singing .,-16.78125,2,2token,not_valid_noun
crows,what ______,-16.78125,2,2token,not_valid_noun
crows,fowls (,-16.8125,2,2token,not_valid_noun
crows,* _,-16.8125,2,2token,not_valid_noun
crows,_____,-16.8125,2,2token,not_valid_noun
crows,….. Fruit,-16.8125,2,2token,not_valid_noun
crows,….. Continue,-16.8125,2,2token,not_valid_noun
crows,flying wild,-16.8125,2,2token,incomplete_phrase
crows,____________ Find,-16.8125,2,2token,not_valid_noun
crows,____________ food,-16.8125,2,2token,not_valid_noun
crows,wild _,-16.8125,2,2token,not_valid_noun
crows,poultry in,-16.8125,2,2token,not_valid_noun
crows,Birds The,-16.8125,2,2token,incomplete_phrase
crows,noun (,-16.8125,2,2token,not_valid_noun
crows,feather ____,-16.8125,2,2token,not_valid_noun
crows,flight (,-16.8125,2,2token,not_valid_noun
crows,__ or,-16.8125,2,2token,not_valid_noun
crows,feathered wild,-16.8125,2,2token,incomplete_phrase
crows,flying ________,-16.8125,2,2token,not_valid_noun
crows,other type,-16.8125,2,2token,incomplete_phrase
crows,goose .,-16.8125,2,2token,not_valid_noun
crows,--- birds,-16.8125,2,2token,not_valid_noun
crows,__ _______,-16.8125,2,2token,not_valid_noun
crows,__ fruit,-16.8125,2,2token,not_valid_noun
crows,__ A,-16.8125,2,2token,not_valid_noun
crows,__ in,-16.8125,2,2token,not_valid_noun
crows,bir _,-16.8125,2,2token,not_valid_noun
crows,...........,-16.8125,2,2token,not_valid_noun
crows,an …,-16.8125,2,2token,not_valid_noun
crows,parrot -,-16.8125,2,2token,not_valid_noun
crows,fowl a,-16.8125,2,2token,not_valid_noun
crows,fowl A,-16.8125,2,2token,not_valid_noun
crows,fowl =,-16.8125,2,2token,not_valid_noun
crows,fowl is,-16.8125,2,2token,not_valid_noun
crows,fowl called,-16.8125,2,2token,incomplete_phrase
crows,symbol (,-16.8125,2,2token,not_valid_noun
crows,........... Use,-16.8125,2,2token,not_valid_noun
crows,sea (,-16.8125,2,2token,not_valid_noun
crows,e ________,-16.8125,2,2token,not_valid_noun
crows,an article,-16.8125,2,2token,not_valid_noun
crows,____________ Answer,-16.8125,2,2token,not_valid_noun
crows,........... are,-16.8125,2,2token,not_valid_noun
crows,Birds or,-16.8125,2,2token,not_valid_noun
crows,mammal from,-16.8125,2,2token,incomplete_phrase
crows,mammal Correct,-16.8125,2,2token,not_valid_noun
crows,….. and,-16.8125,2,2token,not_valid_noun
crows,….. -,-16.8125,2,2token,not_valid_noun
crows,….. Use,-16.8125,2,2token,not_valid_noun
crows,….. crow,-16.8125,2,2token,not_valid_noun
crows,poultry Fill,-16.8125,2,2token,not_valid_noun
crows,predator (,-16.8125,2,2token,not_valid_noun
crows,part (,-16.8125,2,2token,not_valid_noun
crows,….. ________,-16.8125,2,2token,not_valid_noun
crows,____________ They,-16.8125,2,2token,not_valid_noun
crows,e _____,-16.8125,2,2token,not_valid_noun
crows,poultry -,-16.8125,2,2token,not_valid_noun
crows,____________ noun,-16.8125,2,2token,not_valid_noun
crows,beak (,-16.8125,2,2token,not_valid_noun
crows,….. Bird,-16.8125,2,2token,not_valid_noun
crows,____________ Circle,-16.8125,2,2token,not_valid_noun
crows,song $\,-16.8125,2,2token,not_valid_noun
crows,song about,-16.8125,2,2token,incomplete_phrase
crows,____________ How,-16.8125,2,2token,not_valid_noun
crows,an mammal,-16.8125,2,2token,not_valid_noun
crows,mammal by,-16.8125,2,2token,not_valid_noun
crows,an aeroplane,-16.8125,2,2token,not_valid_noun
crows,b ....,-16.8125,2,2token,not_valid_noun
crows,an airplane,-16.8125,2,2token,not_valid_noun
crows,____________ -.,-16.8125,2,2token,not_valid_noun
crows,poultry COMPLETE,-16.8125,2,2token,not_valid_noun
crows,fowl ….,-16.8125,2,2token,not_valid_noun
crows,____________ [,-16.8125,2,2token,not_valid_noun
crows,my ________,-16.84375,2,2token,not_valid_noun
crows,fly -,-16.84375,2,2token,not_valid_noun
crows,I would,-16.84375,2,2token,not_valid_noun
crows,---- Fill,-16.84375,2,2token,not_valid_noun
crows,my life,-16.84375,2,2token,not_valid_noun
crows,avian which,-16.84375,2,2token,incomplete_phrase
crows,my first,-16.84375,2,2token,not_valid_noun
crows,of -,-16.84375,2,2token,not_valid_noun
crows,fly ....,-16.84375,2,2token,not_valid_noun
crows,n _________,-16.84375,2,2token,not_valid_noun
crows,domestic farm,-16.84375,2,2token,incomplete_phrase
crows,fly [,-16.84375,2,2token,not_valid_noun
crows,of what,-16.84375,2,2token,not_valid_noun
crows,f What,-16.84375,2,2token,not_valid_noun
crows,small size,-16.84375,2,2token,incomplete_phrase
crows,owl complete,-16.84375,2,2token,not_valid_noun
crows,in your,-16.84375,2,2token,not_valid_noun
crows,pigeon or,-16.84375,2,2token,not_valid_noun
crows,small song,-16.84375,2,2token,incomplete_phrase
crows,o animal,-16.84375,2,2token,not_valid_noun
crows,in Africa,-16.84375,2,2token,not_valid_noun
crows,< br,-16.84375,2,2token,not_valid_noun
crows,\_ $\,-16.84375,2,2token,not_valid_noun
crows,owl ...,-16.84375,2,2token,not_valid_noun
crows,many,-16.84375,2,2token,not_valid_noun
crows,many colored,-16.84375,2,2token,incomplete_phrase
crows,many -,-16.84375,2,2token,not_valid_noun
crows,n ___________,-16.84375,2,2token,not_valid_noun
crows,I will,-16.84375,2,2token,not_valid_noun
crows,-. How,-16.84375,2,2token,not_valid_noun
crows,The next,-16.84375,2,2token,not_valid_noun
crows,< insert,-16.84375,2,2token,not_valid_noun
crows,The world,-16.84375,2,2token,not_valid_noun
crows,I ...,-16.84375,2,2token,not_valid_noun
crows,The English,-16.84375,2,2token,not_valid_noun
crows,creature from,-16.84375,2,2token,incomplete_phrase
crows,d a,-16.84375,2,2token,not_valid_noun
crows,owl that,-16.84375,2,2token,incomplete_phrase
crows,birdie or,-16.84375,2,2token,not_valid_noun
crows,-. crows,-16.84375,2,2token,not_valid_noun
crows,n …………,-16.84375,2,2token,not_valid_noun
crows,n A,-16.84375,2,2token,not_valid_noun
crows,domestic or,-16.84375,2,2token,not_valid_noun
crows,-. There,-16.84375,2,2token,not_valid_noun
crows,I saw,-16.84375,2,2token,not_valid_noun
crows,of wildlife,-16.84375,2,2token,not_valid_noun
crows,of fly,-16.84375,2,2token,not_valid_noun
crows,"of ,",-16.84375,2,2token,not_valid_noun
crows,tree ...,-16.84375,2,2token,not_valid_noun
crows,of people,-16.84375,2,2token,not_valid_noun
crows,reptile (,-16.875,2,2token,not_valid_noun
crows,Plat,-16.875,1,single_token,incomplete_phrase
crows,dal,-16.875,1,single_token,incomplete_phrase
crows,further,-16.875,1,single_token,not_valid_noun
crows,tal,-16.875,1,single_token,incomplete_phrase
crows,nos,-16.875,1,single_token,not_valid_noun
crows,pick,-16.875,1,single_token,incomplete_phrase
crows,Then,-16.875,1,single_token,not_valid_noun
crows,aren,-16.875,1,single_token,not_valid_noun
crows,big f,-16.875,2,2token,not_valid_noun
crows,пер,-16.875,1,single_token,not_valid_noun
crows,Story,-16.875,1,single_token,incomplete_phrase
crows,joined,-16.875,1,single_token,not_valid_noun
crows,Italian,-16.875,1,single_token,incomplete_phrase
crows,defe,-16.875,1,single_token,not_valid_noun
crows,big big,-16.875,2,2token,not_valid_noun
crows,grown,-16.875,1,single_token,not_valid_noun
crows,bars,-16.875,1,single_token,not_valid_noun
crows,Dark,-16.875,1,single_token,incomplete_phrase
crows,poi,-16.875,1,single_token,incomplete_phrase
crows,qq,-16.875,1,single_token,not_valid_noun
crows,morph,-16.875,1,single_token,not_valid_noun
crows,sere,-16.875,1,single_token,not_valid_noun
crows,Pe,-16.875,1,single_token,not_valid_noun
crows,At,-16.875,1,single_token,not_valid_noun
crows,dry,-16.875,1,single_token,incomplete_phrase
crows,vel,-16.875,1,single_token,not_valid_noun
crows,Si,-16.875,1,single_token,not_valid_noun
crows,chicken Answer,-16.875,2,2token,not_valid_noun
crows,chicken ______,-16.875,2,2token,not_valid_noun
crows,learned,-16.875,1,single_token,not_valid_noun
crows,laws,-16.875,1,single_token,not_valid_noun
crows,england,-16.875,1,single_token,not_valid_noun
crows,Ba,-16.875,1,single_token,not_valid_noun
crows,sac,-16.875,1,single_token,incomplete_phrase
crows,basic,-16.875,1,single_token,incomplete_phrase
crows,Every,-16.875,1,single_token,incomplete_phrase
crows,gl,-16.875,1,single_token,not_valid_noun
crows,viagra,-16.875,1,single_token,not_valid_noun
crows,excellent,-16.875,1,single_token,not_valid_noun
crows,workers,-16.875,1,single_token,not_valid_noun
crows,opp,-16.875,1,single_token,not_valid_noun
crows,"(""",-16.875,1,single_token,not_valid_noun
crows,flu,-16.875,1,single_token,incomplete_phrase
crows,pieces,-16.875,1,single_token,not_valid_noun
crows,Les,-16.875,1,single_token,incomplete_phrase
crows,ʻ,-16.875,1,single_token,not_valid_noun
crows,:-(,-16.875,1,single_token,not_valid_noun
crows,hardworking,-16.875,1,single_token,not_valid_noun
crows,!...,-16.875,1,single_token,not_valid_noun
crows,annual,-16.875,1,single_token,incomplete_phrase
crows,done,-16.875,1,single_token,not_valid_noun
crows,until,-16.875,1,single_token,not_valid_noun
crows,Har,-16.875,1,single_token,not_valid_noun
crows,Social,-16.875,1,single_token,incomplete_phrase
crows,large and,-16.875,2,2token,not_valid_noun
crows,grim,-16.875,1,single_token,not_valid_noun
crows,★,-16.875,1,single_token,not_valid_noun
crows,Classi,-16.875,1,single_token,not_valid_noun
crows,wild c,-16.875,2,2token,not_valid_noun
crows,kind :,-16.875,2,2token,not_valid_noun
crows,cus,-16.875,1,single_token,not_valid_noun
crows,striped,-16.875,1,single_token,not_valid_noun
crows,verses,-16.875,1,single_token,not_valid_noun
crows,chim,-16.875,1,single_token,not_valid_noun
crows,WI,-16.875,1,single_token,not_valid_noun
crows,fug,-16.875,1,single_token,not_valid_noun
crows,crow which,-16.875,2,2token,incomplete_phrase
crows,refers,-16.875,1,single_token,not_valid_noun
crows,p e,-16.875,2,2token,not_valid_noun
crows,aero,-16.875,1,single_token,incomplete_phrase
crows,shi,-16.875,1,single_token,incomplete_phrase
crows,flo,-16.875,1,single_token,incomplete_phrase
crows,following,-16.875,1,single_token,incomplete_phrase
crows,cu,-16.875,1,single_token,not_valid_noun
crows,crow called,-16.875,2,2token,incomplete_phrase
crows,fish Read,-16.875,2,2token,not_valid_noun
crows,fish [,-16.875,2,2token,not_valid_noun
crows,ag,-16.875,1,single_token,not_valid_noun
crows,fish with,-16.875,2,2token,not_valid_noun
crows,fish that,-16.875,2,2token,incomplete_phrase
crows,res,-16.875,1,single_token,not_valid_noun
crows,crow A,-16.875,2,2token,not_valid_noun
crows,tive,-16.875,1,single_token,not_valid_noun
crows,is ...,-16.875,2,2token,not_valid_noun
crows,epi,-16.875,1,single_token,not_valid_noun
crows,big feather,-16.875,2,2token,incomplete_phrase
crows,big ugly,-16.875,2,2token,not_valid_noun
crows,big bad,-16.875,2,2token,incomplete_phrase
crows,F _______,-16.875,2,2token,not_valid_noun
crows,DAL,-16.875,1,single_token,incomplete_phrase
crows,hw,-16.875,1,single_token,not_valid_noun
crows,( creature,-16.875,2,2token,not_valid_noun
crows,( what,-16.875,2,2token,not_valid_noun
crows,( (,-16.875,2,2token,not_valid_noun
crows,ome,-16.875,1,single_token,not_valid_noun
crows,large blue,-16.875,2,2token,incomplete_phrase
crows,VOC,-16.875,1,single_token,not_valid_noun
crows,piercing,-16.875,1,single_token,not_valid_noun
crows,c ..,-16.875,2,2token,not_valid_noun
crows,an ____________,-16.875,2,2token,not_valid_noun
crows,an fowl,-16.875,2,2token,not_valid_noun
crows,an ape,-16.875,2,2token,not_valid_noun
crows,an -,-16.875,2,2token,not_valid_noun
crows,an e,-16.875,2,2token,not_valid_noun
crows,crow the,-16.875,2,2token,incomplete_phrase
crows,Me,-16.875,1,single_token,not_valid_noun
crows,is this,-16.875,2,2token,not_valid_noun
crows,large _____,-16.875,2,2token,not_valid_noun
crows,large ________,-16.875,2,2token,not_valid_noun
crows,SMALL,-16.875,1,single_token,incomplete_phrase
crows,seas,-16.875,1,single_token,incomplete_phrase
crows,cyber,-16.875,1,single_token,not_valid_noun
crows,Answers,-16.875,1,single_token,not_valid_noun
crows,bills,-16.875,1,single_token,not_valid_noun
crows,"..., ..",-16.875,2,2token,not_valid_noun
crows,"..., is",-16.875,2,2token,not_valid_noun
crows,,-16.875,1,single_token,not_valid_noun
crows,cd,-16.875,1,single_token,not_valid_noun
crows,drinking,-16.875,1,single_token,incomplete_phrase
crows,Those,-16.875,1,single_token,not_valid_noun
crows,wicked,-16.875,1,single_token,not_valid_noun
crows,：,-16.875,1,single_token,not_valid_noun
crows,❤️,-16.875,1,single_token,not_valid_noun
crows,fou,-16.875,1,single_token,not_valid_noun
crows,птиц,-16.875,1,single_token,not_valid_noun
crows,◦,-16.875,1,single_token,not_valid_noun
crows,preen,-16.875,1,single_token,not_valid_noun
crows,chimpanze,-16.875,1,single_token,not_valid_noun
crows,scar,-16.875,1,single_token,incomplete_phrase
crows,pier,-16.875,1,single_token,incomplete_phrase
crows,causes,-16.875,1,single_token,not_valid_noun
crows,aid,-16.875,1,single_token,not_valid_noun
crows,Because,-16.875,1,single_token,not_valid_noun
crows,lose,-16.875,1,single_token,not_valid_noun
crows,dc,-16.875,1,single_token,not_valid_noun
crows,halloween,-16.875,1,single_token,incomplete_phrase
crows,Welcome,-16.875,1,single_token,incomplete_phrase
crows,w _____,-16.875,2,2token,not_valid_noun
crows,VER,-16.875,1,single_token,not_valid_noun
crows,Useful,-16.875,1,single_token,not_valid_noun
crows,$$,-16.875,1,single_token,not_valid_noun
crows,Choose,-16.875,1,single_token,not_valid_noun
crows,).,-16.875,1,single_token,not_valid_noun
crows,beg,-16.875,1,single_token,not_valid_noun
crows,hol,-16.875,1,single_token,not_valid_noun
crows,cal,-16.875,1,single_token,not_valid_noun
crows,did,-16.875,1,single_token,not_valid_noun
crows,And,-16.875,1,single_token,not_valid_noun
crows,off,-16.875,1,single_token,not_valid_noun
crows,ser,-16.875,1,single_token,incomplete_phrase
crows,set,-16.875,1,single_token,incomplete_phrase
crows,alike,-16.875,1,single_token,not_valid_noun
crows,et,-16.875,1,single_token,not_valid_noun
crows,animales,-16.875,1,single_token,not_valid_noun
crows,Atlantic,-16.875,1,single_token,incomplete_phrase
crows,dino,-16.875,1,single_token,not_valid_noun
crows,describes,-16.875,1,single_token,not_valid_noun
crows,recorded,-16.875,1,single_token,not_valid_noun
crows,VI,-16.875,1,single_token,not_valid_noun
crows,adjective (,-16.875,2,2token,not_valid_noun
crows,bc,-16.875,1,single_token,not_valid_noun
crows,nons,-16.875,1,single_token,not_valid_noun
crows,Sit,-16.875,1,single_token,not_valid_noun
crows,ct,-16.875,1,single_token,not_valid_noun
crows,ari,-16.875,1,single_token,not_valid_noun
crows,val,-16.875,1,single_token,incomplete_phrase
crows,f =,-16.90625,2,2token,not_valid_noun
crows,.............. fruit,-16.90625,2,2token,not_valid_noun
crows,X Y,-16.90625,2,2token,not_valid_noun
crows,mammals with,-16.90625,2,2token,incomplete_phrase
crows,d (,-16.90625,2,2token,not_valid_noun
crows,s ________,-16.90625,2,2token,not_valid_noun
crows,.......... ?,-16.90625,2,2token,not_valid_noun
crows,f e,-16.90625,2,2token,not_valid_noun
crows,are fruit,-16.90625,2,2token,not_valid_noun
crows,X ____,-16.90625,2,2token,not_valid_noun
crows,car $\,-16.90625,2,2token,not_valid_noun
crows,type A,-16.90625,2,2token,not_valid_noun
crows,............. complete,-16.90625,2,2token,not_valid_noun
crows,............. ...,-16.90625,2,2token,not_valid_noun
crows,n The,-16.90625,2,2token,not_valid_noun
crows,are of,-16.90625,2,2token,not_valid_noun
crows,are are,-16.90625,2,2token,not_valid_noun
crows,s ______,-16.90625,2,2token,not_valid_noun
crows,what _____,-16.90625,2,2token,not_valid_noun
crows,pest complete,-16.90625,2,2token,not_valid_noun
crows,word for,-16.90625,2,2token,incomplete_phrase
crows,what do,-16.90625,2,2token,not_valid_noun
crows,What we,-16.90625,2,2token,not_valid_noun
crows,[ type,-16.90625,2,2token,not_valid_noun
crows,flying _____,-16.9375,2,2token,not_valid_noun
crows,that,-16.9375,2,2token,not_valid_noun
crows,food in,-16.9375,2,2token,not_valid_noun
crows,food that,-16.9375,2,2token,incomplete_phrase
crows,bir ____,-16.9375,2,2token,not_valid_noun
crows,__ ______,-16.9375,2,2token,not_valid_noun
crows,sea ​​,-16.9375,2,2token,not_valid_noun
crows,that feed,-16.9375,2,2token,incomplete_phrase
crows,__ fly,-16.9375,2,2token,not_valid_noun
crows,__ is,-16.9375,2,2token,not_valid_noun
crows,fowl Read,-16.9375,2,2token,not_valid_noun
crows,fowl ___________,-16.9375,2,2token,not_valid_noun
crows,that kind,-16.9375,2,2token,incomplete_phrase
crows,c l,-16.9375,2,2token,not_valid_noun
crows,that make,-16.9375,2,2token,incomplete_phrase
crows,that people,-16.9375,2,2token,incomplete_phrase
crows,or of,-16.9375,2,2token,not_valid_noun
crows,….. This,-16.9375,2,2token,not_valid_noun
crows,b _________,-16.9375,2,2token,not_valid_noun
crows,….. An,-16.9375,2,2token,not_valid_noun
crows,flight of,-16.9375,2,2token,not_valid_noun
crows,avian _,-16.9375,2,2token,not_valid_noun
crows,e are,-16.9375,2,2token,not_valid_noun
crows,grey and,-16.9375,2,2token,incomplete_phrase
crows,….. _,-16.9375,2,2token,not_valid_noun
crows,….. Identify,-16.9375,2,2token,not_valid_noun
crows,wild ..,-16.9375,2,2token,not_valid_noun
crows,common house,-16.9375,2,2token,incomplete_phrase
crows,….. Crows,-16.9375,2,2token,not_valid_noun
crows,….. ______,-16.9375,2,2token,not_valid_noun
crows,ave Fill,-16.9375,2,2token,not_valid_noun
crows,........... of,-16.9375,2,2token,not_valid_noun
crows,avian ________,-16.9375,2,2token,not_valid_noun
crows,........... ....,-16.9375,2,2token,not_valid_noun
crows,........... COMPLETE,-16.9375,2,2token,not_valid_noun
crows,c n,-16.9375,2,2token,not_valid_noun
crows,* ...,-16.9375,2,2token,not_valid_noun
crows,mammal ......,-16.9375,2,2token,not_valid_noun
crows,"mammal ,",-16.9375,2,2token,not_valid_noun
crows,* animals,-16.9375,2,2token,not_valid_noun
crows,b is,-16.9375,2,2token,not_valid_noun
crows,__ ___,-16.9375,2,2token,not_valid_noun
crows,feathered bip,-16.9375,2,2token,incomplete_phrase
crows,other word,-16.9375,2,2token,incomplete_phrase
crows,........... Answer,-16.9375,2,2token,not_valid_noun
crows,tree or,-16.96875,2,2token,not_valid_noun
crows,n …,-16.96875,2,2token,not_valid_noun
crows,............... I,-16.96875,2,2token,not_valid_noun
crows,bar,-16.96875,2,2token,incomplete_phrase
crows,\_ \,-16.96875,2,2token,not_valid_noun
crows,\_ birds,-16.96875,2,2token,not_valid_noun
crows,BIRDS (,-16.96875,2,2token,not_valid_noun
crows,fe (,-16.96875,2,2token,not_valid_noun
crows,book Complete,-16.96875,2,2token,not_valid_noun
crows,fly …,-16.96875,2,2token,not_valid_noun
crows,fly complete,-16.96875,2,2token,not_valid_noun
crows,pigeon complete,-16.96875,2,2token,not_valid_noun
crows,pigeon ....,-16.96875,2,2token,not_valid_noun
crows,small winged,-16.96875,2,2token,not_valid_noun
crows,I ate,-16.96875,2,2token,not_valid_noun
crows,bad _______,-16.96875,2,2token,not_valid_noun
crows,owl is,-16.96875,2,2token,not_valid_noun
crows,fly A,-16.96875,2,2token,not_valid_noun
crows,fly /,-16.96875,2,2token,not_valid_noun
crows,I do,-16.96875,2,2token,not_valid_noun
crows,I see,-16.96875,2,2token,not_valid_noun
crows,of f,-16.96875,2,2token,not_valid_noun
crows,domestic,-16.96875,2,2token,incomplete_phrase
crows,creature which,-16.96875,2,2token,incomplete_phrase
crows,dinosaur (,-16.96875,2,2token,not_valid_noun
crows,I The,-16.96875,2,2token,not_valid_noun
crows,pigeon and,-16.96875,2,2token,incomplete_phrase
crows,-. Select,-16.96875,2,2token,not_valid_noun
crows,I eat,-16.96875,2,2token,not_valid_noun
crows,an intelligent,-17.0,2,2token,not_valid_noun
crows,More,-17.0,1,single_token,incomplete_phrase
crows,Gra,-17.0,1,single_token,incomplete_phrase
crows,tri,-17.0,1,single_token,not_valid_noun
crows,kind in,-17.0,2,2token,not_valid_noun
crows,kind and,-17.0,2,2token,incomplete_phrase
crows,kind or,-17.0,2,2token,not_valid_noun
crows,den,-17.0,1,single_token,not_valid_noun
crows,($,-17.0,1,single_token,not_valid_noun
crows,√,-17.0,1,single_token,not_valid_noun
crows,Look,-17.0,1,single_token,incomplete_phrase
crows,fluffy,-17.0,1,single_token,not_valid_noun
crows,allied,-17.0,1,single_token,not_valid_noun
crows,SEA,-17.0,1,single_token,incomplete_phrase
crows,is is,-17.0,2,2token,not_valid_noun
crows,ll,-17.0,1,single_token,not_valid_noun
crows,wild [,-17.0,2,2token,not_valid_noun
crows,PAR,-17.0,1,single_token,incomplete_phrase
crows,Pla,-17.0,1,single_token,not_valid_noun
crows,internet,-17.0,1,single_token,not_valid_noun
crows,tv,-17.0,1,single_token,not_valid_noun
crows,an air,-17.0,2,2token,not_valid_noun
crows,？,-17.0,1,single_token,not_valid_noun
crows,👍,-17.0,1,single_token,not_valid_noun
crows,wild _______,-17.0,2,2token,not_valid_noun
crows,wild _________,-17.0,2,2token,not_valid_noun
crows,rumour,-17.0,1,single_token,not_valid_noun
crows,,-17.0,1,single_token,not_valid_noun
crows,nong,-17.0,1,single_token,not_valid_noun
crows,zoos,-17.0,1,single_token,not_valid_noun
crows,птицы,-17.0,1,single_token,not_valid_noun
crows,du,-17.0,1,single_token,not_valid_noun
crows,oon,-17.0,1,single_token,not_valid_noun
crows,%{,-17.0,1,single_token,not_valid_noun
crows,cities,-17.0,1,single_token,not_valid_noun
crows,mostly,-17.0,1,single_token,not_valid_noun
crows,gli,-17.0,1,single_token,not_valid_noun
crows,Coloured,-17.0,1,single_token,not_valid_noun
crows,nicknames,-17.0,1,single_token,not_valid_noun
crows,unfriendly,-17.0,1,single_token,not_valid_noun
crows,COMMON,-17.0,1,single_token,incomplete_phrase
crows,kinda,-17.0,1,single_token,not_valid_noun
crows,circular,-17.0,1,single_token,incomplete_phrase
crows,☆,-17.0,1,single_token,not_valid_noun
crows,ends,-17.0,1,single_token,not_valid_noun
crows,muni,-17.0,1,single_token,not_valid_noun
crows,doi,-17.0,1,single_token,not_valid_noun
crows,Ta,-17.0,1,single_token,not_valid_noun
crows,gigantic,-17.0,1,single_token,not_valid_noun
crows,fier,-17.0,1,single_token,not_valid_noun
crows,av,-17.0,2,2token,not_valid_noun
crows,Rare,-17.0,1,single_token,not_valid_noun
crows,makeup,-17.0,1,single_token,not_valid_noun
crows,representatives,-17.0,1,single_token,not_valid_noun
crows,mv,-17.0,1,single_token,not_valid_noun
crows,squir,-17.0,1,single_token,not_valid_noun
crows,Nes,-17.0,1,single_token,not_valid_noun
crows,( or,-17.0,2,2token,not_valid_noun
crows,gor,-17.0,1,single_token,incomplete_phrase
crows,Different,-17.0,1,single_token,not_valid_noun
crows,( word,-17.0,2,2token,not_valid_noun
crows,wild fe,-17.0,2,2token,not_valid_noun
crows,aven,-17.0,1,single_token,not_valid_noun
crows,( _.,-17.0,2,2token,not_valid_noun
crows,anne,-17.0,1,single_token,incomplete_phrase
crows,paintings,-17.0,1,single_token,not_valid_noun
crows,wee,-17.0,1,single_token,incomplete_phrase
crows,unwanted,-17.0,1,single_token,not_valid_noun
crows,questi,-17.0,1,single_token,not_valid_noun
crows,entertaining,-17.0,1,single_token,not_valid_noun
crows,F birds,-17.0,2,2token,not_valid_noun
crows,F owl,-17.0,2,2token,not_valid_noun
crows,ethical,-17.0,1,single_token,not_valid_noun
crows,burger,-17.0,1,single_token,not_valid_noun
crows,ie,-17.0,1,single_token,not_valid_noun
crows,Ideas,-17.0,1,single_token,incomplete_phrase
crows,( write,-17.0,2,2token,not_valid_noun
crows,Au,-17.0,1,single_token,not_valid_noun
crows,c or,-17.0,2,2token,not_valid_noun
crows,c aw,-17.0,2,2token,not_valid_noun
crows,voi,-17.0,1,single_token,not_valid_noun
crows,hairy,-17.0,1,single_token,not_valid_noun
crows,cereals,-17.0,1,single_token,not_valid_noun
crows,♦,-17.0,1,single_token,not_valid_noun
crows,cages,-17.0,1,single_token,not_valid_noun
crows,spooky,-17.0,1,single_token,not_valid_noun
crows,pies,-17.0,1,single_token,not_valid_noun
crows,describing,-17.0,1,single_token,not_valid_noun
crows,PD,-17.0,1,single_token,not_valid_noun
crows,😢,-17.0,1,single_token,not_valid_noun
crows,Owls,-17.0,1,single_token,not_valid_noun
crows,gadgets,-17.0,1,single_token,not_valid_noun
crows,agile,-17.0,1,single_token,not_valid_noun
crows,hippo,-17.0,1,single_token,incomplete_phrase
crows,plentiful,-17.0,1,single_token,not_valid_noun
crows,pf,-17.0,1,single_token,not_valid_noun
crows,hats,-17.0,1,single_token,not_valid_noun
crows,].,-17.0,1,single_token,not_valid_noun
crows,Foo,-17.0,1,single_token,incomplete_phrase
crows,brightly,-17.0,1,single_token,not_valid_noun
crows,Thanksgiving,-17.0,1,single_token,incomplete_phrase
crows,abnormal,-17.0,1,single_token,not_valid_noun
crows,😍,-17.0,1,single_token,not_valid_noun
crows,airlines,-17.0,1,single_token,not_valid_noun
crows,an organism,-17.0,2,2token,not_valid_noun
crows,$?,-17.0,1,single_token,not_valid_noun
crows,Prat,-17.0,1,single_token,incomplete_phrase
crows,thread,-17.0,1,single_token,not_valid_noun
crows,tw,-17.0,1,single_token,not_valid_noun
crows,or other,-17.0,2,2token,not_valid_noun
crows,ses,-17.0,1,single_token,not_valid_noun
crows,email,-17.0,1,single_token,not_valid_noun
crows,quite,-17.0,1,single_token,not_valid_noun
crows,Pili,-17.0,1,single_token,incomplete_phrase
crows,pek,-17.0,1,single_token,not_valid_noun
crows,ingredient,-17.0,1,single_token,not_valid_noun
crows,falls,-17.0,1,single_token,not_valid_noun
crows,lor,-17.0,1,single_token,not_valid_noun
crows,consumers,-17.0,1,single_token,not_valid_noun
crows,categor,-17.0,1,single_token,not_valid_noun
crows,<-,-17.0,1,single_token,not_valid_noun
crows,peli,-17.0,1,single_token,not_valid_noun
crows,visiting,-17.0,1,single_token,incomplete_phrase
crows,NA,-17.0,1,single_token,not_valid_noun
crows,sle,-17.0,1,single_token,not_valid_noun
crows,burung,-17.0,1,single_token,not_valid_noun
crows,coronavirus,-17.0,1,single_token,not_valid_noun
crows,Vic,-17.0,1,single_token,incomplete_phrase
crows,Edit,-17.0,1,single_token,not_valid_noun
crows,chicken ________,-17.0,2,2token,not_valid_noun
crows,perched,-17.0,1,single_token,not_valid_noun
crows,BIRD The,-17.0,2,2token,incomplete_phrase
crows,United,-17.0,1,single_token,incomplete_phrase
crows,Like,-17.0,1,single_token,incomplete_phrase
crows,takes,-17.0,1,single_token,not_valid_noun
crows,Windows,-17.0,1,single_token,not_valid_noun
crows,tells,-17.0,1,single_token,not_valid_noun
crows,orang,-17.0,1,single_token,incomplete_phrase
crows,citizens,-17.0,1,single_token,not_valid_noun
crows,curved,-17.0,1,single_token,not_valid_noun
crows,game in,-17.0,2,2token,not_valid_noun
crows,MA,-17.0,1,single_token,not_valid_noun
crows,Del,-17.0,1,single_token,incomplete_phrase
crows,villa,-17.0,1,single_token,incomplete_phrase
crows,Thanks,-17.0,1,single_token,incomplete_phrase
crows,cleaning,-17.0,1,single_token,incomplete_phrase
crows,sky (,-17.0,2,2token,not_valid_noun
crows,sea ______,-17.0,2,2token,not_valid_noun
crows,f ---,-17.0,2,2token,not_valid_noun
crows,f light,-17.0,2,2token,not_valid_noun
crows,f in,-17.0,2,2token,not_valid_noun
crows,pointy,-17.0,1,single_token,not_valid_noun
crows,wading,-17.0,1,single_token,incomplete_phrase
crows,nearby,-17.0,1,single_token,not_valid_noun
crows,laptop,-17.0,1,single_token,not_valid_noun
crows,nerv,-17.0,1,single_token,not_valid_noun
crows,is animal,-17.0,2,2token,not_valid_noun
crows,mai,-17.0,1,single_token,not_valid_noun
crows,ces,-17.0,1,single_token,not_valid_noun
crows,should,-17.0,1,single_token,not_valid_noun
crows,reg,-17.0,1,single_token,incomplete_phrase
crows,Far,-17.0,1,single_token,incomplete_phrase
crows,AP,-17.0,1,single_token,not_valid_noun
crows,bun,-17.0,1,single_token,not_valid_noun
crows,diverse,-17.0,1,single_token,not_valid_noun
crows,mechanical,-17.0,1,single_token,not_valid_noun
crows,ville,-17.0,1,single_token,not_valid_noun
crows,directions,-17.0,1,single_token,not_valid_noun
crows,large winged,-17.0,2,2token,not_valid_noun
crows,large ..,-17.0,2,2token,not_valid_noun
crows,Super,-17.0,1,single_token,incomplete_phrase
crows,taking,-17.0,1,single_token,incomplete_phrase
crows,Whats,-17.0,1,single_token,incomplete_phrase
crows,blu,-17.0,1,single_token,not_valid_noun
crows,theyre,-17.0,1,single_token,incomplete_phrase
crows,Qua,-17.0,1,single_token,incomplete_phrase
crows,roost,-17.0,1,single_token,incomplete_phrase
crows,MAM,-17.0,1,single_token,incomplete_phrase
crows,song ______,-17.0,2,2token,not_valid_noun
crows,song _____,-17.0,2,2token,not_valid_noun
crows,song ....,-17.0,2,2token,not_valid_noun
crows,experts,-17.0,1,single_token,not_valid_noun
crows,subjects,-17.0,1,single_token,not_valid_noun
crows,‐,-17.0,1,single_token,not_valid_noun
crows,christmas,-17.0,1,single_token,incomplete_phrase
crows,vag,-17.0,1,single_token,not_valid_noun
crows,cs,-17.0,1,single_token,not_valid_noun
crows,excre,-17.0,1,single_token,not_valid_noun
crows,羽,-17.0,1,single_token,not_valid_noun
crows,////,-17.0,1,single_token,not_valid_noun
crows,.( Fill,-17.0,2,2token,not_valid_noun
crows,arbore,-17.0,1,single_token,not_valid_noun
crows,meats,-17.0,1,single_token,not_valid_noun
crows,,-17.0,1,single_token,not_valid_noun
crows,big sized,-17.0,2,2token,not_valid_noun
crows,single,-17.0,1,single_token,incomplete_phrase
crows,movies,-17.0,1,single_token,not_valid_noun
crows,dam,-17.0,1,single_token,incomplete_phrase
crows,ol,-17.0,1,single_token,not_valid_noun
crows,medical,-17.0,1,single_token,incomplete_phrase
crows,Bal,-17.0,1,single_token,incomplete_phrase
crows,England,-17.0,1,single_token,not_valid_noun
crows,biotic,-17.0,1,single_token,not_valid_noun
crows,wild be,-17.0,2,2token,not_valid_noun
crows,wild b,-17.0,2,2token,not_valid_noun
crows,Talking,-17.0,1,single_token,incomplete_phrase
crows,mea,-17.0,1,single_token,not_valid_noun
crows,half,-17.0,1,single_token,incomplete_phrase
crows,nie,-17.0,1,single_token,not_valid_noun
crows,terms,-17.0,1,single_token,not_valid_noun
crows,broad,-17.0,1,single_token,incomplete_phrase
crows,According,-17.0,1,single_token,not_valid_noun
crows,big fat,-17.0,2,2token,incomplete_phrase
crows,crow ______,-17.0,2,2token,not_valid_noun
crows,crow ….,-17.0,2,2token,not_valid_noun
crows,crow ......,-17.0,2,2token,not_valid_noun
crows,crow Total,-17.0,2,2token,incomplete_phrase
crows,crow to,-17.0,2,2token,not_valid_noun
crows,crow a,-17.0,2,2token,not_valid_noun
crows,fish :,-17.0,2,2token,not_valid_noun
crows,hang,-17.0,1,single_token,not_valid_noun
crows,big flight,-17.0,2,2token,incomplete_phrase
crows,his,-17.0,1,single_token,incomplete_phrase
crows,que,-17.0,1,single_token,not_valid_noun
crows,&,-17.0,1,single_token,not_valid_noun
crows,og,-17.0,1,single_token,not_valid_noun
crows,exist,-17.0,1,single_token,not_valid_noun
crows,against,-17.0,1,single_token,not_valid_noun
crows,Raven or,-17.0,2,2token,not_valid_noun
crows,"..., __",-17.0,2,2token,not_valid_noun
crows,prefer,-17.0,1,single_token,not_valid_noun
crows,"..., with",-17.0,2,2token,not_valid_noun
crows,invert,-17.0,1,single_token,not_valid_noun
crows,oa,-17.0,1,single_token,not_valid_noun
crows,niger,-17.0,1,single_token,not_valid_noun
crows,avis,-17.0,1,single_token,not_valid_noun
crows,cooked,-17.0,1,single_token,not_valid_noun
crows,adapted,-17.0,1,single_token,not_valid_noun
crows,sec,-17.0,1,single_token,incomplete_phrase
crows,int,-17.0,1,single_token,incomplete_phrase
crows,"..., while",-17.0,2,2token,not_valid_noun
crows,ven,-17.0,1,single_token,not_valid_noun
crows,fab,-17.0,1,single_token,not_valid_noun
crows,snak,-17.0,1,single_token,not_valid_noun
crows,grayish,-17.0,1,single_token,not_valid_noun
crows,plucked,-17.0,1,single_token,not_valid_noun
crows,fish ____,-17.0,2,2token,not_valid_noun
crows,fish .....,-17.0,2,2token,not_valid_noun
crows,Popular,-17.0,1,single_token,not_valid_noun
crows,races,-17.0,1,single_token,not_valid_noun
crows,==,-17.0,1,single_token,not_valid_noun
crows,mun,-17.0,1,single_token,incomplete_phrase
crows,cen,-17.0,1,single_token,not_valid_noun
crows,wre,-17.0,1,single_token,not_valid_noun
crows,baseball,-17.0,1,single_token,incomplete_phrase
crows,⚫,-17.0,1,single_token,not_valid_noun
crows,wra,-17.0,1,single_token,not_valid_noun
crows,rs,-17.0,1,single_token,not_valid_noun
crows,AA,-17.0,1,single_token,not_valid_noun
crows,"..., animal",-17.0,2,2token,not_valid_noun
crows,mik,-17.0,1,single_token,not_valid_noun
crows,in which,-17.03125,2,2token,not_valid_noun
crows,person (,-17.03125,2,2token,not_valid_noun
crows,living,-17.03125,2,2token,incomplete_phrase
crows,What the,-17.03125,2,2token,not_valid_noun
crows,What am,-17.03125,2,2token,not_valid_noun
crows,What will,-17.03125,2,2token,not_valid_noun
crows,What I,-17.03125,2,2token,not_valid_noun
crows,............. Read,-17.03125,2,2token,not_valid_noun
crows,mammals in,-17.03125,2,2token,not_valid_noun
crows,in human,-17.03125,2,2token,not_valid_noun
crows,What kinds,-17.03125,2,2token,not_valid_noun
crows,pest for,-17.03125,2,2token,incomplete_phrase
crows,are (,-17.03125,2,2token,not_valid_noun
crows,people (,-17.03125,2,2token,not_valid_noun
crows,mammals ...,-17.03125,2,2token,not_valid_noun
crows,What happens,-17.03125,2,2token,not_valid_noun
crows,.......... complete,-17.03125,2,2token,not_valid_noun
crows,.............. Read,-17.03125,2,2token,not_valid_noun
crows,.............. ...,-17.03125,2,2token,not_valid_noun
crows,wood Peck,-17.03125,2,2token,incomplete_phrase
crows,name given,-17.03125,2,2token,incomplete_phrase
crows,car :,-17.03125,2,2token,not_valid_noun
crows,blue black,-17.03125,2,2token,incomplete_phrase
crows,............ ....,-17.03125,2,2token,not_valid_noun
crows,............ I,-17.03125,2,2token,not_valid_noun
crows,............ -,-17.03125,2,2token,not_valid_noun
crows,?. ...,-17.03125,2,2token,not_valid_noun
crows,n .....,-17.03125,2,2token,not_valid_noun
crows,forest living,-17.03125,2,2token,incomplete_phrase
crows,............ ..,-17.03125,2,2token,not_valid_noun
crows,............ In,-17.03125,2,2token,not_valid_noun
crows,............ Select,-17.03125,2,2token,not_valid_noun
crows,n ......,-17.03125,2,2token,not_valid_noun
crows,what can,-17.0625,2,2token,not_valid_noun
crows,what …,-17.0625,2,2token,not_valid_noun
crows,flying _______,-17.0625,2,2token,not_valid_noun
crows,an _,-17.0625,2,2token,not_valid_noun
crows,an American,-17.0625,2,2token,not_valid_noun
crows,Birds A,-17.0625,2,2token,not_valid_noun
crows,………… ….,-17.0625,2,2token,not_valid_noun
crows,………… fruit,-17.0625,2,2token,not_valid_noun
crows,………… …,-17.0625,2,2token,not_valid_noun
crows,feather flying,-17.0625,2,2token,incomplete_phrase
crows,this ...,-17.0625,2,2token,not_valid_noun
crows,feather that,-17.0625,2,2token,incomplete_phrase
crows,feather -,-17.0625,2,2token,not_valid_noun
crows,feather …,-17.0625,2,2token,not_valid_noun
crows,_________,-17.0625,2,2token,not_valid_noun
crows,Birds Answer,-17.0625,2,2token,not_valid_noun
crows,what ________,-17.0625,2,2token,not_valid_noun
crows,f More,-17.0625,2,2token,not_valid_noun
crows,what kinds,-17.0625,2,2token,not_valid_noun
crows,which the,-17.0625,2,2token,not_valid_noun
crows,grey coloured,-17.0625,2,2token,incomplete_phrase
crows,feather _____,-17.0625,2,2token,not_valid_noun
crows,bir ….,-17.0625,2,2token,not_valid_noun
crows,__ Bird,-17.0625,2,2token,not_valid_noun
crows,c $,-17.0625,2,2token,not_valid_noun
crows,c –,-17.0625,2,2token,not_valid_noun
crows,........... Correct,-17.0625,2,2token,not_valid_noun
crows,........... Birds,-17.0625,2,2token,not_valid_noun
crows,pet in,-17.0625,2,2token,not_valid_noun
crows,__ The,-17.0625,2,2token,not_valid_noun
crows,e -,-17.0625,2,2token,not_valid_noun
crows,food to,-17.0625,2,2token,not_valid_noun
crows,bir .....,-17.0625,2,2token,not_valid_noun
crows,fowl by,-17.0625,2,2token,not_valid_noun
crows,big __,-17.0625,2,2token,not_valid_noun
crows,fowl are,-17.0625,2,2token,incomplete_phrase
crows,fowl to,-17.0625,2,2token,not_valid_noun
crows,that ...,-17.0625,2,2token,not_valid_noun
crows,fowl What,-17.0625,2,2token,incomplete_phrase
crows,….. COMPLETE,-17.0625,2,2token,not_valid_noun
crows,parrot Correct,-17.0625,2,2token,not_valid_noun
crows,….. They,-17.0625,2,2token,not_valid_noun
crows,….. We,-17.0625,2,2token,not_valid_noun
crows,........... There,-17.0625,2,2token,not_valid_noun
crows,beast that,-17.0625,2,2token,incomplete_phrase
crows,parrot is,-17.0625,2,2token,not_valid_noun
crows,* Read,-17.0625,2,2token,not_valid_noun
crows,pigeon is,-17.0625,2,2token,not_valid_noun
crows,* Answer,-17.0625,2,2token,not_valid_noun
crows,b word,-17.0625,2,2token,not_valid_noun
crows,poultry Answer,-17.0625,2,2token,not_valid_noun
crows,beast COMPLETE,-17.0625,2,2token,not_valid_noun
crows,........... _,-17.0625,2,2token,not_valid_noun
crows,common .,-17.0625,2,2token,not_valid_noun
crows,bir This,-17.0625,2,2token,incomplete_phrase
crows,-. ...,-17.09375,2,2token,not_valid_noun
crows,fe _____,-17.09375,2,2token,not_valid_noun
crows,fe …,-17.09375,2,2token,not_valid_noun
crows,plane (,-17.09375,2,2token,not_valid_noun
crows,in England,-17.09375,2,2token,not_valid_noun
crows,ra …,-17.09375,2,2token,not_valid_noun
crows,noise (,-17.09375,2,2token,not_valid_noun
crows,bad (,-17.09375,2,2token,not_valid_noun
crows,bad ...,-17.09375,2,2token,not_valid_noun
crows,small ____,-17.09375,2,2token,not_valid_noun
crows,in America,-17.09375,2,2token,not_valid_noun
crows,my ______,-17.09375,2,2token,not_valid_noun
crows,my word,-17.09375,2,2token,not_valid_noun
crows,............... of,-17.09375,2,2token,not_valid_noun
crows,talk (,-17.09375,2,2token,not_valid_noun
crows,creature ....,-17.09375,2,2token,not_valid_noun
crows,tree in,-17.09375,2,2token,not_valid_noun
crows,my country,-17.09375,2,2token,not_valid_noun
crows,my parents,-17.09375,2,2token,not_valid_noun
crows,many are,-17.09375,2,2token,incomplete_phrase
crows,many in,-17.09375,2,2token,not_valid_noun
crows,many legged,-17.09375,2,2token,not_valid_noun
crows,many coloured,-17.09375,2,2token,not_valid_noun
crows,many a,-17.09375,2,2token,not_valid_noun
crows,s of,-17.09375,2,2token,not_valid_noun
crows,talk Show,-17.09375,2,2token,incomplete_phrase
crows,-. Explain,-17.09375,2,2token,not_valid_noun
crows,............... In,-17.09375,2,2token,not_valid_noun
crows,............... -,-17.09375,2,2token,not_valid_noun
crows,birdie ...,-17.09375,2,2token,not_valid_noun
crows,small ______,-17.09375,2,2token,not_valid_noun
crows,fei,-17.125,1,single_token,incomplete_phrase
crows,kic,-17.125,1,single_token,not_valid_noun
crows,Migrate,-17.125,1,single_token,not_valid_noun
crows,Fea,-17.125,1,single_token,incomplete_phrase
crows,voic,-17.125,1,single_token,not_valid_noun
crows,▸,-17.125,1,single_token,not_valid_noun
crows,<.,-17.125,1,single_token,not_valid_noun
crows,Magnificent,-17.125,1,single_token,not_valid_noun
crows,=====,-17.125,1,single_token,not_valid_noun
crows,sydney,-17.125,1,single_token,not_valid_noun
crows,cowardly,-17.125,1,single_token,not_valid_noun
crows,gliding,-17.125,1,single_token,incomplete_phrase
crows,ined,-17.125,1,single_token,not_valid_noun
crows,civilized,-17.125,1,single_token,not_valid_noun
crows,bans,-17.125,1,single_token,not_valid_noun
crows,$[\,-17.125,1,single_token,not_valid_noun
crows,loadImage,-17.125,1,single_token,not_valid_noun
crows,invertebrates,-17.125,1,single_token,not_valid_noun
crows,fly _______,-17.125,2,2token,not_valid_noun
crows,fly Download,-17.125,2,2token,not_valid_noun
crows,fly like,-17.125,2,2token,incomplete_phrase
crows,fly by,-17.125,2,2token,not_valid_noun
crows,p ....,-17.125,2,2token,not_valid_noun
crows,chicken Read,-17.125,2,2token,not_valid_noun
crows,chicken /,-17.125,2,2token,not_valid_noun
crows,chicken which,-17.125,2,2token,incomplete_phrase
crows,chicken are,-17.125,2,2token,incomplete_phrase
crows,BIRD /,-17.125,2,2token,not_valid_noun
crows,cont,-17.125,1,single_token,not_valid_noun
crows,с,-17.125,1,single_token,not_valid_noun
crows,und,-17.125,1,single_token,not_valid_noun
crows,large avian,-17.125,2,2token,not_valid_noun
crows,large land,-17.125,2,2token,incomplete_phrase
crows,"large ,",-17.125,2,2token,not_valid_noun
crows,options,-17.125,1,single_token,incomplete_phrase
crows,problems,-17.125,1,single_token,not_valid_noun
crows,almost,-17.125,1,single_token,not_valid_noun
crows,„,-17.125,1,single_token,not_valid_noun
crows,double,-17.125,1,single_token,incomplete_phrase
crows,easy,-17.125,1,single_token,not_valid_noun
crows,Dr,-17.125,1,single_token,not_valid_noun
crows,Ho,-17.125,1,single_token,not_valid_noun
crows,unt,-17.125,1,single_token,not_valid_noun
crows,RE,-17.125,1,single_token,not_valid_noun
crows,Ha,-17.125,1,single_token,not_valid_noun
crows,vs,-17.125,1,single_token,not_valid_noun
crows,प,-17.125,1,single_token,not_valid_noun
crows,is that,-17.125,2,2token,not_valid_noun
crows,understand,-17.125,1,single_token,not_valid_noun
crows,One,-17.125,1,single_token,incomplete_phrase
crows,Not,-17.125,1,single_token,not_valid_noun
crows,crows .,-17.125,2,2token,not_valid_noun
crows,crows are,-17.125,2,2token,incomplete_phrase
crows,crows (,-17.125,2,2token,not_valid_noun
crows,Meme,-17.125,1,single_token,not_valid_noun
crows,Aerop,-17.125,1,single_token,not_valid_noun
crows,irritating,-17.125,1,single_token,not_valid_noun
crows,lice,-17.125,1,single_token,not_valid_noun
crows,hunted,-17.125,1,single_token,not_valid_noun
crows,dem,-17.125,1,single_token,not_valid_noun
crows,Go,-17.125,1,single_token,not_valid_noun
crows,ng,-17.125,1,single_token,not_valid_noun
crows,BIRD with,-17.125,2,2token,incomplete_phrase
crows,fish ________,-17.125,2,2token,not_valid_noun
crows,jewels,-17.125,1,single_token,not_valid_noun
crows,phil,-17.125,1,single_token,incomplete_phrase
crows,Pek,-17.125,1,single_token,not_valid_noun
crows,Clu,-17.125,1,single_token,not_valid_noun
crows,statues,-17.125,1,single_token,not_valid_noun
crows,colour .,-17.125,2,2token,not_valid_noun
crows,feeds,-17.125,1,single_token,not_valid_noun
crows,splendid,-17.125,1,single_token,not_valid_noun
crows,doo,-17.125,1,single_token,not_valid_noun
crows,PASS,-17.125,1,single_token,incomplete_phrase
crows,diy,-17.125,1,single_token,not_valid_noun
crows,unfortunate,-17.125,1,single_token,incomplete_phrase
crows,tricks,-17.125,1,single_token,not_valid_noun
crows,^^,-17.125,1,single_token,not_valid_noun
crows,insane,-17.125,1,single_token,not_valid_noun
crows,kings,-17.125,1,single_token,not_valid_noun
crows,Plans,-17.125,1,single_token,not_valid_noun
crows,plo,-17.125,1,single_token,not_valid_noun
crows,mer,-17.125,1,single_token,incomplete_phrase
crows,must,-17.125,1,single_token,incomplete_phrase
crows,squirrels,-17.125,1,single_token,not_valid_noun
crows,w animal,-17.125,2,2token,not_valid_noun
crows,tim,-17.125,1,single_token,incomplete_phrase
crows,(<,-17.125,1,single_token,not_valid_noun
crows,Ved,-17.125,1,single_token,not_valid_noun
crows,PRIM,-17.125,1,single_token,not_valid_noun
crows,aro,-17.125,1,single_token,not_valid_noun
crows,nal,-17.125,1,single_token,not_valid_noun
crows,celebrities,-17.125,1,single_token,not_valid_noun
crows,$^{,-17.125,1,single_token,not_valid_noun
crows,arche,-17.125,1,single_token,incomplete_phrase
crows,DF,-17.125,1,single_token,not_valid_noun
crows,jer,-17.125,1,single_token,not_valid_noun
crows,amusing,-17.125,1,single_token,not_valid_noun
crows,pn,-17.125,1,single_token,not_valid_noun
crows,member (,-17.125,2,2token,not_valid_noun
crows,states,-17.125,1,single_token,not_valid_noun
crows,international,-17.125,1,single_token,incomplete_phrase
crows,AL,-17.125,1,single_token,not_valid_noun
crows,France,-17.125,1,single_token,not_valid_noun
crows,uns,-17.125,1,single_token,not_valid_noun
crows,heard,-17.125,1,single_token,not_valid_noun
crows,Sam,-17.125,1,single_token,incomplete_phrase
crows,$<$,-17.125,1,single_token,not_valid_noun
crows,Ugly,-17.125,1,single_token,not_valid_noun
crows,ind,-17.125,1,single_token,incomplete_phrase
crows,grow,-17.125,1,single_token,not_valid_noun
crows,bas,-17.125,1,single_token,incomplete_phrase
crows,( I,-17.125,2,2token,not_valid_noun
crows,flying a,-17.125,2,2token,not_valid_noun
crows,adi,-17.125,1,single_token,not_valid_noun
crows,hous,-17.125,1,single_token,incomplete_phrase
crows,SP,-17.125,1,single_token,not_valid_noun
crows,sed,-17.125,1,single_token,not_valid_noun
crows,uses,-17.125,1,single_token,not_valid_noun
crows,helps,-17.125,1,single_token,not_valid_noun
crows,mir,-17.125,1,single_token,incomplete_phrase
crows,ger,-17.125,1,single_token,incomplete_phrase
crows,fresh,-17.125,1,single_token,not_valid_noun
crows,standing,-17.125,1,single_token,incomplete_phrase
crows,Gran,-17.125,1,single_token,not_valid_noun
crows,finished,-17.125,1,single_token,not_valid_noun
crows,knows,-17.125,1,single_token,not_valid_noun
crows,separate,-17.125,1,single_token,incomplete_phrase
crows,alive,-17.125,1,single_token,not_valid_noun
crows,cv,-17.125,1,single_token,not_valid_noun
crows,dy,-17.125,1,single_token,not_valid_noun
crows,Meta,-17.125,1,single_token,incomplete_phrase
crows,visible,-17.125,1,single_token,not_valid_noun
crows,clas,-17.125,1,single_token,not_valid_noun
crows,alpha,-17.125,1,single_token,incomplete_phrase
crows,MS,-17.125,1,single_token,not_valid_noun
crows,Download,-17.125,1,single_token,not_valid_noun
crows,awesome,-17.125,1,single_token,not_valid_noun
crows,helped,-17.125,1,single_token,not_valid_noun
crows,rhe,-17.125,1,single_token,not_valid_noun
crows,imit,-17.125,1,single_token,not_valid_noun
crows,dorm,-17.125,1,single_token,incomplete_phrase
crows,Eg,-17.125,1,single_token,not_valid_noun
crows,FAQ,-17.125,1,single_token,not_valid_noun
crows,Fact,-17.125,1,single_token,incomplete_phrase
crows,MON,-17.125,1,single_token,incomplete_phrase
crows,cep,-17.125,1,single_token,incomplete_phrase
crows,CE,-17.125,1,single_token,not_valid_noun
crows,hawk (,-17.125,2,2token,not_valid_noun
crows,"..., except",-17.125,2,2token,not_valid_noun
crows,"..., They",-17.125,2,2token,not_valid_noun
crows,just,-17.125,1,single_token,not_valid_noun
crows,en,-17.125,1,single_token,not_valid_noun
crows,HELP,-17.125,1,single_token,incomplete_phrase
crows,tama,-17.125,1,single_token,incomplete_phrase
crows,screaming,-17.125,1,single_token,incomplete_phrase
crows,spp,-17.125,1,single_token,not_valid_noun
crows,( the,-17.125,2,2token,not_valid_noun
crows,XYZ,-17.125,1,single_token,not_valid_noun
crows,burung,-17.125,2,2token,not_valid_noun
crows,lit,-17.125,1,single_token,incomplete_phrase
crows,ke,-17.125,1,single_token,not_valid_noun
crows,char,-17.125,1,single_token,incomplete_phrase
crows,sta,-17.125,1,single_token,not_valid_noun
crows,BI,-17.125,1,single_token,not_valid_noun
crows,awful,-17.125,1,single_token,not_valid_noun
crows,vert,-17.125,1,single_token,not_valid_noun
crows,Present,-17.125,1,single_token,incomplete_phrase
crows,widget,-17.125,1,single_token,not_valid_noun
crows,Birds,-17.125,2,2token,not_valid_noun
crows,f plane,-17.125,2,2token,not_valid_noun
crows,Arial,-17.125,1,single_token,not_valid_noun
crows,Twe,-17.125,1,single_token,incomplete_phrase
crows,binoculars,-17.125,1,single_token,not_valid_noun
crows,bir ---,-17.125,2,2token,not_valid_noun
crows,or something,-17.125,2,2token,not_valid_noun
crows,or not,-17.125,2,2token,not_valid_noun
crows,chicken ____,-17.125,2,2token,not_valid_noun
crows,chicken .....,-17.125,2,2token,not_valid_noun
crows,celestial,-17.125,1,single_token,not_valid_noun
crows,d ________,-17.15625,2,2token,not_valid_noun
crows,.......... I,-17.15625,2,2token,not_valid_noun
crows,.............. ?,-17.15625,2,2token,not_valid_noun
crows,my house,-17.15625,2,2token,not_valid_noun
crows,name and,-17.15625,2,2token,incomplete_phrase
crows,fruit too,-17.15625,2,2token,not_valid_noun
crows,?. .,-17.15625,2,2token,not_valid_noun
crows,feathers (,-17.15625,2,2token,not_valid_noun
crows,e is,-17.15625,2,2token,not_valid_noun
crows,e __,-17.15625,2,2token,not_valid_noun
crows,............. In,-17.15625,2,2token,not_valid_noun
crows,............. ?,-17.15625,2,2token,not_valid_noun
crows,n animal,-17.15625,2,2token,not_valid_noun
crows,............ Choose,-17.15625,2,2token,not_valid_noun
crows,............ Answer,-17.15625,2,2token,not_valid_noun
crows,............ of,-17.15625,2,2token,not_valid_noun
crows,............. Select,-17.15625,2,2token,not_valid_noun
crows,............. I,-17.15625,2,2token,not_valid_noun
crows,............. Choose,-17.15625,2,2token,not_valid_noun
crows,mammals or,-17.15625,2,2token,not_valid_noun
crows,p -,-17.1875,2,2token,not_valid_noun
crows,........... ________,-17.1875,2,2token,not_valid_noun
crows,Birds _______,-17.1875,2,2token,not_valid_noun
crows,b o,-17.1875,2,2token,not_valid_noun
crows,...........,-17.1875,2,2token,not_valid_noun
crows,* -,-17.1875,2,2token,not_valid_noun
crows,food ....,-17.1875,2,2token,not_valid_noun
crows,owl in,-17.1875,2,2token,not_valid_noun
crows,........... They,-17.1875,2,2token,not_valid_noun
crows,........... This,-17.1875,2,2token,not_valid_noun
crows,........... ..,-17.1875,2,2token,not_valid_noun
crows,feather A,-17.1875,2,2token,not_valid_noun
crows,what or,-17.1875,2,2token,not_valid_noun
crows,f av,-17.1875,2,2token,not_valid_noun
crows,other (,-17.1875,2,2token,not_valid_noun
crows,feathered living,-17.1875,2,2token,incomplete_phrase
crows,which begins,-17.1875,2,2token,not_valid_noun
crows,which kinds,-17.1875,2,2token,not_valid_noun
crows,this and,-17.1875,2,2token,incomplete_phrase
crows,__ Birds,-17.1875,2,2token,not_valid_noun
crows,beast in,-17.1875,2,2token,not_valid_noun
crows,F the,-17.1875,2,2token,not_valid_noun
crows,F ________,-17.1875,2,2token,not_valid_noun
crows,w ….,-17.1875,2,2token,not_valid_noun
crows,p (,-17.1875,2,2token,not_valid_noun
crows,song [,-17.1875,2,2token,not_valid_noun
crows,bir in,-17.1875,2,2token,not_valid_noun
crows,bir of,-17.1875,2,2token,not_valid_noun
crows,пти,-17.1875,2,2token,not_valid_noun
crows,avian is,-17.1875,2,2token,not_valid_noun
crows,thing which,-17.1875,2,2token,incomplete_phrase
crows,avian _____,-17.1875,2,2token,not_valid_noun
crows,beast and,-17.1875,2,2token,incomplete_phrase
crows,--- animal,-17.1875,2,2token,not_valid_noun
crows,that makes,-17.1875,2,2token,incomplete_phrase
crows,c d,-17.1875,2,2token,not_valid_noun
crows,beast ...,-17.1875,2,2token,not_valid_noun
crows,human (,-17.1875,2,2token,not_valid_noun
crows,symbol used,-17.1875,2,2token,incomplete_phrase
crows,…..,-17.1875,2,2token,not_valid_noun
crows,parrot Answer,-17.1875,2,2token,not_valid_noun
crows,parrot which,-17.1875,2,2token,incomplete_phrase
crows,hen (,-17.1875,2,2token,not_valid_noun
crows,that belong,-17.1875,2,2token,not_valid_noun
crows,this in,-17.1875,2,2token,not_valid_noun
crows,what :,-17.1875,2,2token,not_valid_noun
crows,what _______,-17.1875,2,2token,not_valid_noun
crows,what A,-17.1875,2,2token,not_valid_noun
crows,bir is,-17.1875,2,2token,not_valid_noun
crows,an american,-17.1875,2,2token,not_valid_noun
crows,--- ---,-17.1875,2,2token,not_valid_noun
crows,………… food,-17.1875,2,2token,not_valid_noun
crows,sea …,-17.1875,2,2token,not_valid_noun
crows,which eats,-17.1875,2,2token,not_valid_noun
crows,an ......,-17.1875,2,2token,not_valid_noun
crows,\_ _,-17.21875,2,2token,not_valid_noun
crows,-. An,-17.21875,2,2token,not_valid_noun
crows,............... Birds,-17.21875,2,2token,not_valid_noun
crows,...............,-17.21875,2,2token,not_valid_noun
crows,............... Choose,-17.21875,2,2token,not_valid_noun
crows,-. Give,-17.21875,2,2token,not_valid_noun
crows,-. Read,-17.21875,2,2token,not_valid_noun
crows,-. We,-17.21875,2,2token,not_valid_noun
crows,............... Correct,-17.21875,2,2token,not_valid_noun
crows,many (,-17.21875,2,2token,not_valid_noun
crows,monkey complete,-17.21875,2,2token,not_valid_noun
crows,many small,-17.21875,2,2token,incomplete_phrase
crows,cat (,-17.21875,2,2token,not_valid_noun
crows,n ........,-17.21875,2,2token,not_valid_noun
crows,small (,-17.21875,2,2token,not_valid_noun
crows,many feathered,-17.21875,2,2token,not_valid_noun
crows,< ?,-17.21875,2,2token,not_valid_noun
crows,birdie that,-17.21875,2,2token,incomplete_phrase
crows,s i,-17.21875,2,2token,not_valid_noun
crows,living (,-17.21875,2,2token,not_valid_noun
crows,bad for,-17.21875,2,2token,not_valid_noun
crows,__________,-17.25,2,2token,not_valid_noun
crows,classifying,-17.25,1,single_token,not_valid_noun
crows,menacing,-17.25,1,single_token,not_valid_noun
crows,celeb,-17.25,1,single_token,not_valid_noun
crows,avon,-17.25,1,single_token,not_valid_noun
crows,or two,-17.25,2,2token,not_valid_noun
crows,chicken [,-17.25,2,2token,not_valid_noun
crows,chicken but,-17.25,2,2token,incomplete_phrase
crows,or sometimes,-17.25,2,2token,not_valid_noun
crows,ig,-17.25,1,single_token,not_valid_noun
crows,remote,-17.25,1,single_token,incomplete_phrase
crows,PS,-17.25,1,single_token,not_valid_noun
crows,nar,-17.25,1,single_token,incomplete_phrase
crows,:,-17.25,1,single_token,not_valid_noun
crows,descend,-17.25,1,single_token,not_valid_noun
crows,Indigenous,-17.25,1,single_token,incomplete_phrase
crows,distant,-17.25,1,single_token,not_valid_noun
crows,brit,-17.25,1,single_token,incomplete_phrase
crows,elementary,-17.25,1,single_token,incomplete_phrase
crows,lazy,-17.25,1,single_token,not_valid_noun
crows,painful,-17.25,1,single_token,not_valid_noun
crows,+.,-17.25,1,single_token,not_valid_noun
crows,imitate,-17.25,1,single_token,not_valid_noun
crows,St,-17.25,1,single_token,not_valid_noun
crows,countable,-17.25,1,single_token,not_valid_noun
crows,-),-17.25,1,single_token,not_valid_noun
crows,sentient,-17.25,1,single_token,not_valid_noun
crows,inventors,-17.25,1,single_token,not_valid_noun
crows,beaut,-17.25,1,single_token,not_valid_noun
crows,marvellous,-17.25,1,single_token,not_valid_noun
crows,unnamed,-17.25,1,single_token,not_valid_noun
crows,droppings,-17.25,1,single_token,not_valid_noun
crows,/\,-17.25,1,single_token,not_valid_noun
crows,attracted,-17.25,1,single_token,not_valid_noun
crows,hoof,-17.25,1,single_token,incomplete_phrase
crows,organisation,-17.25,1,single_token,not_valid_noun
crows,ts,-17.25,1,single_token,not_valid_noun
crows,bir ......,-17.25,2,2token,not_valid_noun
crows,mous,-17.25,1,single_token,not_valid_noun
crows,ork,-17.25,1,single_token,not_valid_noun
crows,mythic,-17.25,1,single_token,not_valid_noun
crows,,-17.25,1,single_token,not_valid_noun
crows,harsh,-17.25,1,single_token,not_valid_noun
crows,pert,-17.25,1,single_token,not_valid_noun
crows,"..., there",-17.25,2,2token,not_valid_noun
crows,Spanish,-17.25,1,single_token,incomplete_phrase
crows,legs,-17.25,1,single_token,not_valid_noun
crows,THIS,-17.25,1,single_token,not_valid_noun
crows,sar,-17.25,1,single_token,incomplete_phrase
crows,eggs,-17.25,1,single_token,not_valid_noun
crows,Indonesia,-17.25,1,single_token,not_valid_noun
crows,bob,-17.25,1,single_token,incomplete_phrase
crows,========,-17.25,1,single_token,not_valid_noun
crows,"""."",",-17.25,1,single_token,not_valid_noun
crows,savoury,-17.25,1,single_token,not_valid_noun
crows,valuable,-17.25,1,single_token,incomplete_phrase
crows,ese,-17.25,1,single_token,not_valid_noun
crows,presents,-17.25,1,single_token,not_valid_noun
crows,PART,-17.25,1,single_token,incomplete_phrase
crows,wr,-17.25,1,single_token,not_valid_noun
crows,crypto,-17.25,1,single_token,incomplete_phrase
crows,{',-17.25,1,single_token,not_valid_noun
crows,silent,-17.25,1,single_token,not_valid_noun
crows,wondering,-17.25,1,single_token,not_valid_noun
crows,large f,-17.25,2,2token,not_valid_noun
crows,large water,-17.25,2,2token,incomplete_phrase
crows,large ....,-17.25,2,2token,not_valid_noun
crows,middle,-17.25,1,single_token,incomplete_phrase
crows,ker,-17.25,1,single_token,incomplete_phrase
crows,is one,-17.25,2,2token,not_valid_noun
crows,legends,-17.25,1,single_token,not_valid_noun
crows,spelling,-17.25,1,single_token,incomplete_phrase
crows,spectacular,-17.25,1,single_token,incomplete_phrase
crows,Eat,-17.25,1,single_token,not_valid_noun
crows,wasted,-17.25,1,single_token,not_valid_noun
crows,diving,-17.25,1,single_token,incomplete_phrase
crows,pseudo,-17.25,1,single_token,incomplete_phrase
crows,planets,-17.25,1,single_token,not_valid_noun
crows,forbidden,-17.25,1,single_token,not_valid_noun
crows,an crow,-17.25,2,2token,not_valid_noun
crows,memes,-17.25,1,single_token,not_valid_noun
crows,ji,-17.25,1,single_token,not_valid_noun
crows,vile,-17.25,1,single_token,not_valid_noun
crows,playful,-17.25,1,single_token,not_valid_noun
crows,terrestrial,-17.25,1,single_token,not_valid_noun
crows,yer,-17.25,1,single_token,incomplete_phrase
crows,adjective and,-17.25,2,2token,not_valid_noun
crows,adjective that,-17.25,2,2token,incomplete_phrase
crows,crow type,-17.25,2,2token,incomplete_phrase
crows,fish are,-17.25,2,2token,incomplete_phrase
crows,spain,-17.25,1,single_token,not_valid_noun
crows,\],-17.25,1,single_token,not_valid_noun
crows,Barb,-17.25,1,single_token,incomplete_phrase
crows,Gal,-17.25,1,single_token,incomplete_phrase
crows,While,-17.25,1,single_token,incomplete_phrase
crows,measures,-17.25,1,single_token,not_valid_noun
crows,carried,-17.25,1,single_token,not_valid_noun
crows,.( animal,-17.25,2,2token,not_valid_noun
crows,arrange,-17.25,1,single_token,not_valid_noun
crows,broken,-17.25,1,single_token,not_valid_noun
crows,alter,-17.25,1,single_token,not_valid_noun
crows,Saint,-17.25,1,single_token,incomplete_phrase
crows,Bad,-17.25,1,single_token,incomplete_phrase
crows,bru,-17.25,1,single_token,not_valid_noun
crows,ben,-17.25,1,single_token,incomplete_phrase
crows,since,-17.25,1,single_token,not_valid_noun
crows,Pre,-17.25,1,single_token,incomplete_phrase
crows,agricultural,-17.25,1,single_token,not_valid_noun
crows,an aircraft,-17.25,2,2token,not_valid_noun
crows,an ___________,-17.25,2,2token,not_valid_noun
crows,bok,-17.25,1,single_token,not_valid_noun
crows,dro,-17.25,1,single_token,not_valid_noun
crows,ple,-17.25,1,single_token,not_valid_noun
crows,va,-17.25,1,single_token,not_valid_noun
crows,global,-17.25,1,single_token,not_valid_noun
crows,ther,-17.25,1,single_token,incomplete_phrase
crows,True,-17.25,1,single_token,incomplete_phrase
crows,East,-17.25,1,single_token,incomplete_phrase
crows,isn,-17.25,1,single_token,not_valid_noun
crows,pul,-17.25,1,single_token,incomplete_phrase
crows,ants,-17.25,1,single_token,not_valid_noun
crows,vegan,-17.25,1,single_token,not_valid_noun
crows,Strong,-17.25,1,single_token,not_valid_noun
crows,kind _______,-17.25,2,2token,not_valid_noun
crows,als,-17.25,1,single_token,not_valid_noun
crows,wel,-17.25,1,single_token,not_valid_noun
crows,told,-17.25,1,single_token,not_valid_noun
crows,includes,-17.25,1,single_token,not_valid_noun
crows,Any,-17.25,1,single_token,incomplete_phrase
crows,associated,-17.25,1,single_token,not_valid_noun
crows,member .,-17.25,2,2token,not_valid_noun
crows,kind that,-17.25,2,2token,incomplete_phrase
crows,kind ________,-17.25,2,2token,not_valid_noun
crows,rel,-17.25,1,single_token,incomplete_phrase
crows,next,-17.25,1,single_token,not_valid_noun
crows,Sp,-17.25,1,single_token,not_valid_noun
crows,nonexistent,-17.25,1,single_token,not_valid_noun
crows,trapped,-17.25,1,single_token,not_valid_noun
crows,Brazilian,-17.25,1,single_token,incomplete_phrase
crows,Plymouth,-17.25,1,single_token,incomplete_phrase
crows,wasting,-17.25,1,single_token,incomplete_phrase
crows,invasive,-17.25,1,single_token,not_valid_noun
crows,Fow,-17.25,1,single_token,incomplete_phrase
crows,away,-17.25,1,single_token,not_valid_noun
crows,ann,-17.25,1,single_token,incomplete_phrase
crows,ever,-17.25,1,single_token,not_valid_noun
crows,mem,-17.25,1,single_token,incomplete_phrase
crows,based,-17.25,1,single_token,not_valid_noun
crows,Uni,-17.25,1,single_token,incomplete_phrase
crows,pol,-17.25,1,single_token,incomplete_phrase
crows,stri,-17.25,1,single_token,not_valid_noun
crows,ja,-17.25,1,single_token,not_valid_noun
crows,Bu,-17.25,1,single_token,not_valid_noun
crows,":,",-17.25,1,single_token,not_valid_noun
crows,cites,-17.25,1,single_token,not_valid_noun
crows,EXCEPT,-17.25,1,single_token,not_valid_noun
crows,Chick,-17.25,1,single_token,incomplete_phrase
crows,=(,-17.25,1,single_token,not_valid_noun
crows,or flying,-17.25,2,2token,not_valid_noun
crows,song a,-17.25,2,2token,not_valid_noun
crows,mj,-17.25,1,single_token,not_valid_noun
crows,benefic,-17.25,1,single_token,not_valid_noun
crows,Chir,-17.25,1,single_token,incomplete_phrase
crows,====,-17.25,1,single_token,not_valid_noun
crows,typ,-17.25,1,single_token,not_valid_noun
crows,fly Example,-17.25,2,2token,not_valid_noun
crows,sky ...,-17.25,2,2token,not_valid_noun
crows,sky dwell,-17.25,2,2token,incomplete_phrase
crows,w i,-17.25,2,2token,not_valid_noun
crows,w _,-17.25,2,2token,not_valid_noun
crows,creature /,-17.25,2,2token,not_valid_noun
crows,creature living,-17.25,2,2token,incomplete_phrase
crows,pip,-17.25,1,single_token,incomplete_phrase
crows,serial,-17.25,1,single_token,incomplete_phrase
crows,arguments,-17.25,1,single_token,not_valid_noun
crows,b and,-17.25,2,2token,not_valid_noun
crows,sn,-17.25,1,single_token,not_valid_noun
crows,kg,-17.25,1,single_token,not_valid_noun
crows,Internet,-17.25,1,single_token,not_valid_noun
crows,PH,-17.25,1,single_token,not_valid_noun
crows,Lan,-17.25,1,single_token,incomplete_phrase
crows,lived,-17.25,1,single_token,not_valid_noun
crows,hos,-17.25,1,single_token,not_valid_noun
crows,monstrous,-17.25,1,single_token,not_valid_noun
crows,atlantic,-17.25,1,single_token,incomplete_phrase
crows,grassland,-17.25,1,single_token,incomplete_phrase
crows,ubiquitous,-17.25,1,single_token,not_valid_noun
crows,():,-17.25,1,single_token,not_valid_noun
crows,munt,-17.25,1,single_token,incomplete_phrase
crows,cak,-17.25,1,single_token,not_valid_noun
crows,GRAM,-17.25,1,single_token,incomplete_phrase
crows,e e,-17.25,2,2token,not_valid_noun
crows,?. This,-17.28125,2,2token,not_valid_noun
crows,my cousin,-17.28125,2,2token,not_valid_noun
crows,meat eating,-17.28125,2,2token,incomplete_phrase
crows,............ and,-17.28125,2,2token,not_valid_noun
crows,X ________,-17.28125,2,2token,not_valid_noun
crows,X ______,-17.28125,2,2token,not_valid_noun
crows,............ Correct,-17.28125,2,2token,not_valid_noun
crows,ra,-17.28125,2,2token,not_valid_noun
crows,in France,-17.28125,2,2token,not_valid_noun
crows,in town,-17.28125,2,2token,not_valid_noun
crows,name to,-17.28125,2,2token,not_valid_noun
crows,.......... In,-17.28125,2,2token,not_valid_noun
crows,.......... Choose,-17.28125,2,2token,not_valid_noun
crows,.......... Select,-17.28125,2,2token,not_valid_noun
crows,my ...,-17.28125,2,2token,not_valid_noun
crows,my father,-17.28125,2,2token,not_valid_noun
crows,my dear,-17.28125,2,2token,not_valid_noun
crows,species ...,-17.28125,2,2token,not_valid_noun
crows,?. Find,-17.28125,2,2token,not_valid_noun
crows,?. Use,-17.28125,2,2token,not_valid_noun
crows,What to,-17.28125,2,2token,not_valid_noun
crows,?. Give,-17.28125,2,2token,not_valid_noun
crows,............ crow,-17.28125,2,2token,not_valid_noun
crows,............ Birds,-17.28125,2,2token,not_valid_noun
crows,n is,-17.28125,2,2token,not_valid_noun
crows,this sentence,-17.3125,2,2token,not_valid_noun
crows,avian :,-17.3125,2,2token,not_valid_noun
crows,avian with,-17.3125,2,2token,not_valid_noun
crows,an apple,-17.3125,2,2token,not_valid_noun
crows,flying in,-17.3125,2,2token,not_valid_noun
crows,what else,-17.3125,2,2token,not_valid_noun
crows,f The,-17.3125,2,2token,not_valid_noun
crows,song |,-17.3125,2,2token,not_valid_noun
crows,song for,-17.3125,2,2token,incomplete_phrase
crows,symbol that,-17.3125,2,2token,incomplete_phrase
crows,symbol on,-17.3125,2,2token,not_valid_noun
crows,__ ________,-17.3125,2,2token,not_valid_noun
crows,what sort,-17.3125,2,2token,not_valid_noun
crows,f Classification,-17.3125,2,2token,not_valid_noun
crows,avi –,-17.3125,2,2token,not_valid_noun
crows,b in,-17.3125,2,2token,not_valid_noun
crows,f and,-17.3125,2,2token,not_valid_noun
crows,common garden,-17.3125,2,2token,incomplete_phrase
crows,common ____,-17.3125,2,2token,not_valid_noun
crows,w o,-17.3125,2,2token,not_valid_noun
crows,feather ________,-17.3125,2,2token,not_valid_noun
crows,poultry /,-17.3125,2,2token,not_valid_noun
crows,poultry :,-17.3125,2,2token,not_valid_noun
crows,poultry _______,-17.3125,2,2token,not_valid_noun
crows,insect ....,-17.3125,2,2token,not_valid_noun
crows,song the,-17.3125,2,2token,incomplete_phrase
crows,w -,-17.3125,2,2token,not_valid_noun
crows,bir and,-17.3125,2,2token,incomplete_phrase
crows,common black,-17.3125,2,2token,incomplete_phrase
crows,or part,-17.3125,2,2token,not_valid_noun
crows,or have,-17.3125,2,2token,not_valid_noun
crows,f you,-17.3125,2,2token,not_valid_noun
crows,feather are,-17.3125,2,2token,incomplete_phrase
crows,feather ______,-17.3125,2,2token,not_valid_noun
crows,__,-17.3125,2,2token,not_valid_noun
crows,beak and,-17.3125,2,2token,not_valid_noun
crows,* Bird,-17.3125,2,2token,not_valid_noun
crows,other flying,-17.3125,2,2token,incomplete_phrase
crows,other wild,-17.3125,2,2token,incomplete_phrase
crows,* [,-17.3125,2,2token,not_valid_noun
crows,* fly,-17.3125,2,2token,not_valid_noun
crows,bir the,-17.3125,2,2token,incomplete_phrase
crows,__ food,-17.3125,2,2token,not_valid_noun
crows,__ ?,-17.3125,2,2token,not_valid_noun
crows,__ that,-17.3125,2,2token,not_valid_noun
crows,other,-17.3125,2,2token,not_valid_noun
crows,__ I,-17.3125,2,2token,not_valid_noun
crows,other ...,-17.3125,2,2token,not_valid_noun
crows,what word,-17.3125,2,2token,not_valid_noun
crows,thing of,-17.3125,2,2token,not_valid_noun
crows,car and,-17.3125,2,2token,incomplete_phrase
crows,tree complete,-17.3125,2,2token,not_valid_noun
crows,mammals ....,-17.3125,2,2token,not_valid_noun
crows,beast ....,-17.3125,2,2token,not_valid_noun
crows,ave and,-17.3125,2,2token,incomplete_phrase
crows,* noun,-17.3125,2,2token,not_valid_noun
crows,pigeon in,-17.3125,2,2token,not_valid_noun
crows,[ BLANK,-17.3125,2,2token,not_valid_noun
crows,eagle or,-17.3125,2,2token,not_valid_noun
crows,eagle eagle,-17.3125,2,2token,incomplete_phrase
crows,p (...),-17.3125,2,2token,not_valid_noun
crows,owl -,-17.3125,2,2token,not_valid_noun
crows,........... Which,-17.3125,2,2token,not_valid_noun
crows,avian Download,-17.3125,2,2token,not_valid_noun
crows,color .,-17.3125,2,2token,not_valid_noun
crows,which a,-17.3125,2,2token,not_valid_noun
crows,grey or,-17.3125,2,2token,not_valid_noun
crows,grey __,-17.3125,2,2token,not_valid_noun
crows,which (,-17.3125,2,2token,not_valid_noun
crows,which ...,-17.3125,2,2token,not_valid_noun
crows,grey ______,-17.3125,2,2token,not_valid_noun
crows,feathered _.,-17.3125,2,2token,not_valid_noun
crows,-. Find,-17.34375,2,2token,not_valid_noun
crows,-. Identify,-17.34375,2,2token,not_valid_noun
crows,-. You,-17.34375,2,2token,not_valid_noun
crows,bad example,-17.34375,2,2token,not_valid_noun
crows,small gray,-17.34375,2,2token,incomplete_phrase
crows,living ...,-17.34375,2,2token,not_valid_noun
crows,"............... ,",-17.34375,2,2token,not_valid_noun
crows,-. When,-17.34375,2,2token,not_valid_noun
crows,-. Add,-17.34375,2,2token,not_valid_noun
crows,............... Answer,-17.34375,2,2token,not_valid_noun
crows,............... Select,-17.34375,2,2token,not_valid_noun
crows,o (,-17.34375,2,2token,not_valid_noun
crows,............... ....,-17.34375,2,2token,not_valid_noun
crows,-. Match,-17.34375,2,2token,not_valid_noun
crows,-. Birds,-17.34375,2,2token,not_valid_noun
crows,n Bird,-17.34375,2,2token,not_valid_noun
crows,turkey (,-17.34375,2,2token,not_valid_noun
crows,............... crow,-17.34375,2,2token,not_valid_noun
crows,plane or,-17.34375,2,2token,not_valid_noun
crows,bad o,-17.34375,2,2token,not_valid_noun
crows,small flight,-17.34375,2,2token,incomplete_phrase
crows,in other,-17.34375,2,2token,not_valid_noun
crows,small white,-17.34375,2,2token,incomplete_phrase
crows,small dark,-17.34375,2,2token,incomplete_phrase
crows,I is,-17.34375,2,2token,not_valid_noun
crows,padi,-17.375,1,single_token,not_valid_noun
crows,Dinosaurs,-17.375,1,single_token,not_valid_noun
crows,`.,-17.375,1,single_token,not_valid_noun
crows,rati,-17.375,1,single_token,not_valid_noun
crows,scaring,-17.375,1,single_token,not_valid_noun
crows,Describe,-17.375,1,single_token,not_valid_noun
crows,dinos,-17.375,1,single_token,not_valid_noun
crows,Welsh,-17.375,1,single_token,incomplete_phrase
crows,selfish,-17.375,1,single_token,not_valid_noun
crows,scho,-17.375,1,single_token,incomplete_phrase
crows,MAG,-17.375,1,single_token,incomplete_phrase
crows,wil,-17.375,1,single_token,not_valid_noun
crows,wich,-17.375,1,single_token,not_valid_noun
crows,bata,-17.375,1,single_token,not_valid_noun
crows,anthropo,-17.375,1,single_token,incomplete_phrase
crows,Archae,-17.375,1,single_token,incomplete_phrase
crows,haw,-17.375,1,single_token,incomplete_phrase
crows,parks,-17.375,1,single_token,not_valid_noun
crows,b u,-17.375,2,2token,not_valid_noun
crows,fie,-17.375,1,single_token,incomplete_phrase
crows,Definition,-17.375,1,single_token,incomplete_phrase
crows,fau,-17.375,1,single_token,not_valid_noun
crows,fly _____,-17.375,2,2token,not_valid_noun
crows,large type,-17.375,2,2token,incomplete_phrase
crows,Ib,-17.375,1,single_token,not_valid_noun
crows,relating,-17.375,1,single_token,not_valid_noun
crows,Nice,-17.375,1,single_token,incomplete_phrase
crows,।,-17.375,1,single_token,not_valid_noun
crows,phi,-17.375,1,single_token,incomplete_phrase
crows,is and,-17.375,2,2token,not_valid_noun
crows,graceful,-17.375,1,single_token,not_valid_noun
crows,shri,-17.375,1,single_token,not_valid_noun
crows,cram,-17.375,1,single_token,not_valid_noun
crows,postcard,-17.375,1,single_token,not_valid_noun
crows,RAP,-17.375,1,single_token,incomplete_phrase
crows,abundant,-17.375,1,single_token,not_valid_noun
crows,Fel,-17.375,1,single_token,not_valid_noun
crows,Ow,-17.375,1,single_token,not_valid_noun
crows,\',-17.375,1,single_token,not_valid_noun
crows,famil,-17.375,1,single_token,not_valid_noun
crows,$*,-17.375,1,single_token,not_valid_noun
crows,"""?",-17.375,1,single_token,not_valid_noun
crows,.( crow,-17.375,2,2token,not_valid_noun
crows,geometric,-17.375,1,single_token,not_valid_noun
crows,seasonal,-17.375,1,single_token,incomplete_phrase
crows,climbing,-17.375,1,single_token,incomplete_phrase
crows,invisible,-17.375,1,single_token,not_valid_noun
crows,medieval,-17.375,1,single_token,not_valid_noun
crows,Pit,-17.375,1,single_token,incomplete_phrase
crows,iv,-17.375,1,single_token,not_valid_noun
crows,Living,-17.375,1,single_token,incomplete_phrase
crows,rd,-17.375,1,single_token,not_valid_noun
crows,teh,-17.375,1,single_token,not_valid_noun
crows,carriers,-17.375,1,single_token,not_valid_noun
crows,Plu,-17.375,1,single_token,not_valid_noun
crows,AE,-17.375,1,single_token,not_valid_noun
crows,FS,-17.375,1,single_token,not_valid_noun
crows,dozens,-17.375,1,single_token,not_valid_noun
crows,continuous,-17.375,1,single_token,not_valid_noun
crows,feelings,-17.375,1,single_token,not_valid_noun
crows,semi,-17.375,1,single_token,incomplete_phrase
crows,HO,-17.375,1,single_token,not_valid_noun
crows,car …,-17.375,2,2token,not_valid_noun
crows,car .....,-17.375,2,2token,not_valid_noun
crows,loo,-17.375,1,single_token,incomplete_phrase
crows,mild,-17.375,1,single_token,not_valid_noun
crows,ela,-17.375,1,single_token,not_valid_noun
crows,PT,-17.375,1,single_token,not_valid_noun
crows,Ces,-17.375,1,single_token,not_valid_noun
crows,Ga,-17.375,1,single_token,not_valid_noun
crows,vast,-17.375,1,single_token,not_valid_noun
crows,Forest,-17.375,1,single_token,incomplete_phrase
crows,farms,-17.375,1,single_token,not_valid_noun
crows,voices,-17.375,1,single_token,not_valid_noun
crows,eh,-17.375,1,single_token,not_valid_noun
crows,beloved,-17.375,1,single_token,incomplete_phrase
crows,w a,-17.375,2,2token,not_valid_noun
crows,w A,-17.375,2,2token,not_valid_noun
crows,creature and,-17.375,2,2token,incomplete_phrase
crows,creature -,-17.375,2,2token,not_valid_noun
crows,F R,-17.375,2,2token,not_valid_noun
crows,large meat,-17.375,2,2token,incomplete_phrase
crows,starting,-17.375,1,single_token,incomplete_phrase
crows,sei,-17.375,1,single_token,not_valid_noun
crows,cafe,-17.375,1,single_token,not_valid_noun
crows,racing,-17.375,1,single_token,incomplete_phrase
crows,Pred,-17.375,1,single_token,incomplete_phrase
crows,Sou,-17.375,1,single_token,incomplete_phrase
crows,edit,-17.375,1,single_token,not_valid_noun
crows,healthy,-17.375,1,single_token,not_valid_noun
crows,ye,-17.375,1,single_token,not_valid_noun
crows,kind are,-17.375,2,2token,incomplete_phrase
crows,kind _,-17.375,2,2token,not_valid_noun
crows,kind …,-17.375,2,2token,not_valid_noun
crows,kind ______,-17.375,2,2token,not_valid_noun
crows,highland,-17.375,1,single_token,incomplete_phrase
crows,Penguins,-17.375,1,single_token,not_valid_noun
crows,diners,-17.375,1,single_token,not_valid_noun
crows,sneaky,-17.375,1,single_token,not_valid_noun
crows,vulgar,-17.375,1,single_token,not_valid_noun
crows,dine,-17.375,1,single_token,not_valid_noun
crows,SING,-17.375,1,single_token,not_valid_noun
crows,tailed,-17.375,1,single_token,not_valid_noun
crows,👉,-17.375,1,single_token,not_valid_noun
crows,wis,-17.375,1,single_token,incomplete_phrase
crows,nag,-17.375,1,single_token,incomplete_phrase
crows,western,-17.375,1,single_token,incomplete_phrase
crows,fn,-17.375,1,single_token,not_valid_noun
crows,$(\,-17.375,1,single_token,not_valid_noun
crows,Cas,-17.375,1,single_token,not_valid_noun
crows,replace,-17.375,1,single_token,not_valid_noun
crows,thier,-17.375,1,single_token,not_valid_noun
crows,pran,-17.375,1,single_token,not_valid_noun
crows,Pp,-17.375,1,single_token,not_valid_noun
crows,ew,-17.375,1,single_token,not_valid_noun
crows,crea,-17.375,1,single_token,not_valid_noun
crows,pato,-17.375,1,single_token,incomplete_phrase
crows,BIRD What,-17.375,2,2token,incomplete_phrase
crows,BIRD Read,-17.375,2,2token,not_valid_noun
crows,BIRD ..,-17.375,2,2token,not_valid_noun
crows,BIRD .....,-17.375,2,2token,not_valid_noun
crows,BIRD A,-17.375,2,2token,not_valid_noun
crows,BIRD but,-17.375,2,2token,incomplete_phrase
crows,Jat,-17.375,1,single_token,incomplete_phrase
crows,amuse,-17.375,1,single_token,not_valid_noun
crows,[_,-17.375,1,single_token,not_valid_noun
crows,nont,-17.375,1,single_token,not_valid_noun
crows,feeders,-17.375,1,single_token,not_valid_noun
crows,Colorful,-17.375,1,single_token,not_valid_noun
crows,By,-17.375,1,single_token,not_valid_noun
crows,buying,-17.375,1,single_token,not_valid_noun
crows,Walk,-17.375,1,single_token,incomplete_phrase
crows,depending,-17.375,1,single_token,not_valid_noun
crows,attach,-17.375,1,single_token,not_valid_noun
crows,methods,-17.375,1,single_token,not_valid_noun
crows,dar,-17.375,1,single_token,incomplete_phrase
crows,cand,-17.375,1,single_token,not_valid_noun
crows,active,-17.375,1,single_token,incomplete_phrase
crows,flying _,-17.375,2,2token,not_valid_noun
crows,flying ani,-17.375,2,2token,incomplete_phrase
crows,flying ___,-17.375,2,2token,not_valid_noun
crows,NIM,-17.375,1,single_token,incomplete_phrase
crows,circling,-17.375,1,single_token,not_valid_noun
crows,asa,-17.375,1,single_token,incomplete_phrase
crows,percussion,-17.375,1,single_token,incomplete_phrase
crows,adaptable,-17.375,1,single_token,not_valid_noun
crows,pos,-17.375,1,single_token,not_valid_noun
crows,Ro,-17.375,1,single_token,not_valid_noun
crows,!=,-17.375,1,single_token,not_valid_noun
crows,adjective or,-17.375,2,2token,not_valid_noun
crows,adjective complete,-17.375,2,2token,not_valid_noun
crows,milli,-17.375,1,single_token,not_valid_noun
crows,Their,-17.375,1,single_token,incomplete_phrase
crows,exc,-17.375,1,single_token,not_valid_noun
crows,Question,-17.375,1,single_token,not_valid_noun
crows,fic,-17.375,1,single_token,not_valid_noun
crows,П,-17.375,1,single_token,not_valid_noun
crows,Ins,-17.375,1,single_token,not_valid_noun
crows,b Black,-17.375,2,2token,not_valid_noun
crows,fish ______,-17.375,2,2token,not_valid_noun
crows,fish The,-17.375,2,2token,incomplete_phrase
crows,fish ..,-17.375,2,2token,not_valid_noun
crows,fish _____,-17.375,2,2token,not_valid_noun
crows,sea b,-17.375,2,2token,not_valid_noun
crows,AD,-17.375,1,single_token,not_valid_noun
crows,download,-17.375,1,single_token,not_valid_noun
crows,Also,-17.375,1,single_token,not_valid_noun
crows,legal,-17.375,1,single_token,not_valid_noun
crows,passed,-17.375,1,single_token,not_valid_noun
crows,girls,-17.375,1,single_token,not_valid_noun
crows,Amazon,-17.375,1,single_token,incomplete_phrase
crows,Br,-17.375,1,single_token,not_valid_noun
crows,Action,-17.375,1,single_token,incomplete_phrase
crows,stat,-17.375,1,single_token,not_valid_noun
crows,Get,-17.375,1,single_token,not_valid_noun
crows,benef,-17.375,1,single_token,not_valid_noun
crows,getting,-17.375,1,single_token,incomplete_phrase
crows,Web,-17.375,1,single_token,incomplete_phrase
crows,OF,-17.375,1,single_token,not_valid_noun
crows,happ,-17.375,1,single_token,not_valid_noun
crows,got,-17.375,1,single_token,not_valid_noun
crows,Gu,-17.375,1,single_token,not_valid_noun
crows,Sec,-17.375,1,single_token,incomplete_phrase
crows,des,-17.375,1,single_token,not_valid_noun
crows,tra,-17.375,1,single_token,incomplete_phrase
crows,ob,-17.375,1,single_token,not_valid_noun
crows,bir _______,-17.375,2,2token,not_valid_noun
crows,bir t,-17.375,2,2token,not_valid_noun
crows,bir de,-17.375,2,2token,not_valid_noun
crows,bir I,-17.375,2,2token,not_valid_noun
crows,bir :,-17.375,2,2token,not_valid_noun
crows,bir If,-17.375,2,2token,not_valid_noun
crows,song which,-17.375,2,2token,incomplete_phrase
crows,song .....,-17.375,2,2token,not_valid_noun
crows,song …………,-17.375,2,2token,not_valid_noun
crows,song _________,-17.375,2,2token,not_valid_noun
crows,or creature,-17.375,2,2token,not_valid_noun
crows,fruit in,-17.375,2,2token,not_valid_noun
crows,chicken of,-17.375,2,2token,not_valid_noun
crows,chicken The,-17.375,2,2token,incomplete_phrase
crows,chicken _,-17.375,2,2token,not_valid_noun
crows,chicken …,-17.375,2,2token,not_valid_noun
crows,chicken Full,-17.375,2,2token,incomplete_phrase
crows,e _,-17.375,2,2token,not_valid_noun
crows,water (,-17.375,2,2token,not_valid_noun
crows,?. COMPLETE,-17.40625,2,2token,not_valid_noun
crows,?. Select,-17.40625,2,2token,not_valid_noun
crows,?. Explain,-17.40625,2,2token,not_valid_noun
crows,?. fruit,-17.40625,2,2token,not_valid_noun
crows,s -,-17.40625,2,2token,not_valid_noun
crows,What Are,-17.40625,2,2token,not_valid_noun
crows,<,-17.40625,2,2token,not_valid_noun
crows,word is,-17.40625,2,2token,not_valid_noun
crows,meat and,-17.40625,2,2token,incomplete_phrase
crows,............. Birds,-17.40625,2,2token,not_valid_noun
crows,What food,-17.40625,2,2token,not_valid_noun
crows,my ____,-17.40625,2,2token,not_valid_noun
crows,What were,-17.40625,2,2token,not_valid_noun
crows,What two,-17.40625,2,2token,not_valid_noun
crows,e =,-17.40625,2,2token,not_valid_noun
crows,species from,-17.40625,2,2token,incomplete_phrase
crows,X Fill,-17.40625,2,2token,not_valid_noun
crows,people in,-17.40625,2,2token,not_valid_noun
crows,............ are,-17.40625,2,2token,not_valid_noun
crows,............ is,-17.40625,2,2token,not_valid_noun
crows,............,-17.40625,2,2token,not_valid_noun
crows,Animal ...,-17.40625,2,2token,not_valid_noun
crows,in Britain,-17.40625,2,2token,not_valid_noun
crows,..............,-17.40625,2,2token,not_valid_noun
crows,.......... crow,-17.40625,2,2token,not_valid_noun
crows,feathers and,-17.40625,2,2token,incomplete_phrase
crows,.............. I,-17.40625,2,2token,not_valid_noun
crows,name ...,-17.40625,2,2token,not_valid_noun
crows,.............. Select,-17.40625,2,2token,not_valid_noun
crows,in flight,-17.40625,2,2token,not_valid_noun
crows,d The,-17.40625,2,2token,not_valid_noun
crows,pest on,-17.40625,2,2token,not_valid_noun
crows,raven or,-17.40625,2,2token,not_valid_noun
crows,blue j,-17.40625,2,2token,not_valid_noun
crows,…………………… a,-17.40625,2,2token,not_valid_noun
crows,…………………… A,-17.40625,2,2token,not_valid_noun
crows,species and,-17.40625,2,2token,incomplete_phrase
crows,species on,-17.40625,2,2token,not_valid_noun
crows,............. and,-17.40625,2,2token,not_valid_noun
crows,this or,-17.4375,2,2token,not_valid_noun
crows,this group,-17.4375,2,2token,incomplete_phrase
crows,which in,-17.4375,2,2token,not_valid_noun
crows,which they,-17.4375,2,2token,not_valid_noun
crows,which other,-17.4375,2,2token,not_valid_noun
crows,which food,-17.4375,2,2token,not_valid_noun
crows,--- a,-17.4375,2,2token,not_valid_noun
crows,sea ________,-17.4375,2,2token,not_valid_noun
crows,e >,-17.4375,2,2token,not_valid_noun
crows,........... Find,-17.4375,2,2token,not_valid_noun
crows,........... the,-17.4375,2,2token,not_valid_noun
crows,........... :,-17.4375,2,2token,not_valid_noun
crows,........... An,-17.4375,2,2token,not_valid_noun
crows,type is,-17.4375,2,2token,not_valid_noun
crows,small sea,-17.4375,2,2token,incomplete_phrase
crows,--- -,-17.4375,2,2token,not_valid_noun
crows,--- Select,-17.4375,2,2token,not_valid_noun
crows,parrot _______,-17.4375,2,2token,not_valid_noun
crows,common ...,-17.4375,2,2token,not_valid_noun
crows,eagle complete,-17.4375,2,2token,not_valid_noun
crows,which ones,-17.4375,2,2token,not_valid_noun
crows,which eat,-17.4375,2,2token,not_valid_noun
crows,sea _______,-17.4375,2,2token,not_valid_noun
crows,eagle and,-17.4375,2,2token,incomplete_phrase
crows,poultry is,-17.4375,2,2token,not_valid_noun
crows,poultry .....,-17.4375,2,2token,not_valid_noun
crows,owl COMPLETE,-17.4375,2,2token,not_valid_noun
crows,pigeon -,-17.4375,2,2token,not_valid_noun
crows,pigeon COMPLETE,-17.4375,2,2token,not_valid_noun
crows,insect COMPLETE,-17.4375,2,2token,not_valid_noun
crows,poultry ____,-17.4375,2,2token,not_valid_noun
crows,poultry ________,-17.4375,2,2token,not_valid_noun
crows,that (,-17.4375,2,2token,not_valid_noun
crows,insect or,-17.4375,2,2token,not_valid_noun
crows,__ fish,-17.4375,2,2token,not_valid_noun
crows,………… ……,-17.4375,2,2token,not_valid_noun
crows,common household,-17.4375,2,2token,incomplete_phrase
crows,common ______,-17.4375,2,2token,not_valid_noun
crows,ave or,-17.4375,2,2token,not_valid_noun
crows,bir or,-17.4375,2,2token,not_valid_noun
crows,feathered ______,-17.4375,2,2token,not_valid_noun
crows,thing or,-17.4375,2,2token,not_valid_noun
crows,F ____,-17.4375,2,2token,not_valid_noun
crows,w birds,-17.4375,2,2token,not_valid_noun
crows,[ Select,-17.4375,2,2token,not_valid_noun
crows,feathered ____,-17.4375,2,2token,not_valid_noun
crows,poultry ______,-17.4375,2,2token,not_valid_noun
crows,feathered land,-17.4375,2,2token,incomplete_phrase
crows,Birds ________,-17.4375,2,2token,not_valid_noun
crows,Birds ______,-17.4375,2,2token,not_valid_noun
crows,e of,-17.4375,2,2token,not_valid_noun
crows,[ Blank,-17.4375,2,2token,not_valid_noun
crows,Birds with,-17.4375,2,2token,incomplete_phrase
crows,Birds :,-17.4375,2,2token,not_valid_noun
crows,Birds What,-17.4375,2,2token,incomplete_phrase
crows,what Complete,-17.4375,2,2token,not_valid_noun
crows,I cannot,-17.46875,2,2token,not_valid_noun
crows,I a,-17.46875,2,2token,not_valid_noun
crows,I What,-17.46875,2,2token,not_valid_noun
crows,o f,-17.46875,2,2token,not_valid_noun
crows,o ____,-17.46875,2,2token,not_valid_noun
crows,............... and,-17.46875,2,2token,not_valid_noun
crows,domestic ________,-17.46875,2,2token,not_valid_noun
crows,\_,-17.46875,2,2token,not_valid_noun
crows,I flew,-17.46875,2,2token,not_valid_noun
crows,I dont,-17.46875,2,2token,not_valid_noun
crows,s pec,-17.46875,2,2token,not_valid_noun
crows,many years,-17.46875,2,2token,incomplete_phrase
crows,wildlife ...,-17.46875,2,2token,not_valid_noun
crows,av of,-17.46875,2,2token,not_valid_noun
crows,plane ...,-17.46875,2,2token,not_valid_noun
crows,in india,-17.46875,2,2token,not_valid_noun
crows,-.,-17.46875,2,2token,not_valid_noun
crows,-. bird,-17.46875,2,2token,not_valid_noun
crows,............... They,-17.46875,2,2token,not_valid_noun
crows,I fish,-17.46875,2,2token,not_valid_noun
crows,many ...,-17.46875,2,2token,not_valid_noun
crows,domestic ______,-17.46875,2,2token,not_valid_noun
crows,...............,-17.46875,2,2token,not_valid_noun
crows,............... ..,-17.46875,2,2token,not_valid_noun
crows,F or,-17.5,2,2token,not_valid_noun
crows,p p,-17.5,2,2token,not_valid_noun
crows,kind ....,-17.5,2,2token,not_valid_noun
crows,.( .,-17.5,2,2token,not_valid_noun
crows,p [,-17.5,2,2token,not_valid_noun
crows,ave ....,-17.5,2,2token,not_valid_noun
crows,ave a,-17.5,2,2token,not_valid_noun
crows,fly ​,-17.5,2,2token,not_valid_noun
crows,She,-17.5,1,single_token,not_valid_noun
crows,available,-17.5,1,single_token,not_valid_noun
crows,__ _____,-17.5,2,2token,not_valid_noun
crows,fly a,-17.5,2,2token,not_valid_noun
crows,kind _____,-17.5,2,2token,not_valid_noun
crows,sea _____,-17.5,2,2token,not_valid_noun
crows,acti,-17.5,1,single_token,incomplete_phrase
crows,Ind,-17.5,1,single_token,incomplete_phrase
crows,differ,-17.5,1,single_token,not_valid_noun
crows,BIRD Write,-17.5,2,2token,incomplete_phrase
crows,BIRD is,-17.5,2,2token,not_valid_noun
crows,De,-17.5,1,single_token,not_valid_noun
crows,Amer,-17.5,1,single_token,not_valid_noun
crows,b I,-17.5,2,2token,not_valid_noun
crows,sea or,-17.5,2,2token,not_valid_noun
crows,sea and,-17.5,2,2token,incomplete_phrase
crows,fish …,-17.5,2,2token,not_valid_noun
crows,sea -,-17.5,2,2token,not_valid_noun
crows,fish A,-17.5,2,2token,not_valid_noun
crows,BIRD of,-17.5,2,2token,not_valid_noun
crows,BIRD which,-17.5,2,2token,incomplete_phrase
crows,chicken to,-17.5,2,2token,not_valid_noun
crows,or more,-17.5,2,2token,not_valid_noun
crows,is in,-17.5,2,2token,not_valid_noun
crows,ave ____,-17.5,2,2token,not_valid_noun
crows,rec,-17.5,1,single_token,not_valid_noun
crows,during,-17.5,1,single_token,not_valid_noun
crows,las,-17.5,1,single_token,incomplete_phrase
crows,BIRD …,-17.5,2,2token,not_valid_noun
crows,fly .....,-17.5,2,2token,not_valid_noun
crows,fly is,-17.5,2,2token,not_valid_noun
crows,Raven and,-17.5,2,2token,incomplete_phrase
crows,fly away,-17.5,2,2token,not_valid_noun
crows,fly Read,-17.5,2,2token,not_valid_noun
crows,............. of,-17.53125,2,2token,not_valid_noun
crows,............ _,-17.53125,2,2token,not_valid_noun
crows,............. is,-17.53125,2,2token,not_valid_noun
crows,............ They,-17.53125,2,2token,not_valid_noun
crows,?. When,-17.53125,2,2token,not_valid_noun
crows,?. Read,-17.53125,2,2token,not_valid_noun
crows,my cat,-17.53125,2,2token,not_valid_noun
crows,word of,-17.53125,2,2token,not_valid_noun
crows,n .......,-17.53125,2,2token,not_valid_noun
crows,s birds,-17.53125,2,2token,not_valid_noun
crows,fe ....,-17.53125,2,2token,not_valid_noun
crows,What has,-17.53125,2,2token,not_valid_noun
crows,fe ______,-17.53125,2,2token,not_valid_noun
crows,?. You,-17.53125,2,2token,not_valid_noun
crows,n animals,-17.53125,2,2token,not_valid_noun
crows,s _____,-17.53125,2,2token,not_valid_noun
crows,in North,-17.53125,2,2token,not_valid_noun
crows,d ....,-17.53125,2,2token,not_valid_noun
crows,s _______,-17.53125,2,2token,not_valid_noun
crows,What,-17.53125,2,2token,not_valid_noun
crows,X _______,-17.53125,2,2token,not_valid_noun
crows,in Europe,-17.53125,2,2token,not_valid_noun
crows,blue ____,-17.53125,2,2token,not_valid_noun
crows,blue ______,-17.53125,2,2token,not_valid_noun
crows,............ COMPLETE,-17.53125,2,2token,not_valid_noun
crows,o c,-17.53125,2,2token,not_valid_noun
crows,............ Which,-17.53125,2,2token,not_valid_noun
crows,o _____,-17.53125,2,2token,not_valid_noun
crows,my (,-17.53125,2,2token,not_valid_noun
crows,my best,-17.53125,2,2token,not_valid_noun
crows,in flying,-17.53125,2,2token,not_valid_noun
crows,.......... and,-17.53125,2,2token,not_valid_noun
crows,in general,-17.53125,2,2token,not_valid_noun
crows,are called,-17.53125,2,2token,not_valid_noun
crows,are some,-17.53125,2,2token,not_valid_noun
crows,............. -,-17.53125,2,2token,not_valid_noun
crows,.............. Choose,-17.53125,2,2token,not_valid_noun
crows,in all,-17.53125,2,2token,not_valid_noun
crows,.............. In,-17.53125,2,2token,not_valid_noun
crows,X _____,-17.53125,2,2token,not_valid_noun
crows,X ...,-17.53125,2,2token,not_valid_noun
crows,"............ ,",-17.53125,2,2token,not_valid_noun
crows,sparrow (,-17.5625,2,2token,not_valid_noun
crows,poultry _____,-17.5625,2,2token,not_valid_noun
crows,F Bird,-17.5625,2,2token,not_valid_noun
crows,car :),-17.5625,2,2token,not_valid_noun
crows,tree and,-17.5625,2,2token,incomplete_phrase
crows,feather _.,-17.5625,2,2token,not_valid_noun
crows,Birds,-17.5625,2,2token,not_valid_noun
crows,Birds Write,-17.5625,2,2token,incomplete_phrase
crows,Birds _____,-17.5625,2,2token,not_valid_noun
crows,poultry [,-17.5625,2,2token,not_valid_noun
crows,small and,-17.5625,2,2token,not_valid_noun
crows,what _,-17.5625,2,2token,not_valid_noun
crows,feather [,-17.5625,2,2token,not_valid_noun
crows,feather ......,-17.5625,2,2token,not_valid_noun
crows,feather the,-17.5625,2,2token,incomplete_phrase
crows,F ...,-17.5625,2,2token,not_valid_noun
crows,small red,-17.5625,2,2token,incomplete_phrase
crows,what a,-17.5625,2,2token,not_valid_noun
crows,small ________,-17.5625,2,2token,not_valid_noun
crows,food and,-17.5625,2,2token,incomplete_phrase
crows,feather _______,-17.5625,2,2token,not_valid_noun
crows,owl which,-17.5625,2,2token,incomplete_phrase
crows,that like,-17.5625,2,2token,incomplete_phrase
crows,or they,-17.5625,2,2token,not_valid_noun
crows,or you,-17.5625,2,2token,not_valid_noun
crows,that likes,-17.5625,2,2token,incomplete_phrase
crows,parrot /,-17.5625,2,2token,not_valid_noun
crows,parrot :,-17.5625,2,2token,not_valid_noun
crows,flying ....,-17.5625,2,2token,not_valid_noun
crows,bir s,-17.5625,2,2token,not_valid_noun
crows,flying land,-17.5625,2,2token,incomplete_phrase
crows,other of,-17.5625,2,2token,not_valid_noun
crows,other small,-17.5625,2,2token,incomplete_phrase
crows,other types,-17.5625,2,2token,incomplete_phrase
crows,"bir ,",-17.5625,2,2token,not_valid_noun
crows,feathered be,-17.5625,2,2token,not_valid_noun
crows,* The,-17.5625,2,2token,not_valid_noun
crows,feathered …,-17.5625,2,2token,not_valid_noun
crows,this a,-17.5625,2,2token,not_valid_noun
crows,this -,-17.5625,2,2token,not_valid_noun
crows,which fruit,-17.5625,2,2token,not_valid_noun
crows,song called,-17.5625,2,2token,incomplete_phrase
crows,which part,-17.5625,2,2token,not_valid_noun
crows,grey colored,-17.5625,2,2token,incomplete_phrase
crows,flight ...,-17.5625,2,2token,not_valid_noun
crows,grey (,-17.5625,2,2token,not_valid_noun
crows,grey ____,-17.5625,2,2token,not_valid_noun
crows,b __,-17.5625,2,2token,not_valid_noun
crows,………… ..,-17.5625,2,2token,not_valid_noun
crows,which flies,-17.5625,2,2token,not_valid_noun
crows,which belongs,-17.5625,2,2token,not_valid_noun
crows,which category,-17.5625,2,2token,not_valid_noun
crows,noun or,-17.5625,2,2token,not_valid_noun
crows,beast with,-17.5625,2,2token,incomplete_phrase
crows,type and,-17.5625,2,2token,incomplete_phrase
crows,avian,-17.5625,2,2token,not_valid_noun
crows,type ____,-17.5625,2,2token,not_valid_noun
crows,e and,-17.5625,2,2token,not_valid_noun
crows,I heard,-17.59375,2,2token,not_valid_noun
crows,I was,-17.59375,2,2token,not_valid_noun
crows,I the,-17.59375,2,2token,not_valid_noun
crows,< and,-17.59375,2,2token,not_valid_noun
crows,< Select,-17.59375,2,2token,not_valid_noun
crows,wildlife that,-17.59375,2,2token,incomplete_phrase
crows,o o,-17.59375,2,2token,not_valid_noun
crows,o the,-17.59375,2,2token,not_valid_noun
crows,o ________,-17.59375,2,2token,not_valid_noun
crows,o _______,-17.59375,2,2token,not_valid_noun
crows,wood Pec,-17.59375,2,2token,incomplete_phrase
crows,talk about,-17.59375,2,2token,not_valid_noun
crows,monkey ...,-17.59375,2,2token,not_valid_noun
crows,noise in,-17.59375,2,2token,not_valid_noun
crows,............... is,-17.59375,2,2token,not_valid_noun
crows,............... are,-17.59375,2,2token,not_valid_noun
crows,............... _,-17.59375,2,2token,not_valid_noun
crows,............... There,-17.59375,2,2token,not_valid_noun
crows,............... ________,-17.59375,2,2token,not_valid_noun
crows,............... COMPLETE,-17.59375,2,2token,not_valid_noun
crows,birdie in,-17.59375,2,2token,not_valid_noun
crows,birdie and,-17.59375,2,2token,incomplete_phrase
crows,birdie complete,-17.59375,2,2token,not_valid_noun
crows,bar of,-17.59375,2,2token,not_valid_noun
crows,bar (,-17.59375,2,2token,not_valid_noun
crows,-. Do,-17.59375,2,2token,not_valid_noun
crows,-. animals,-17.59375,2,2token,not_valid_noun
crows,aeroplane (,-17.59375,2,2token,not_valid_noun
crows,in Germany,-17.59375,2,2token,not_valid_noun
crows,living …,-17.59375,2,2token,not_valid_noun
crows,domestic ____,-17.59375,2,2token,not_valid_noun
crows,many winged,-17.59375,2,2token,not_valid_noun
crows,I live,-17.59375,2,2token,not_valid_noun
crows,e the,-17.59375,2,2token,not_valid_noun
crows,fish _,-17.625,2,2token,not_valid_noun
crows,flying -,-17.625,2,2token,not_valid_noun
crows,ave _______,-17.625,2,2token,not_valid_noun
crows,__ ..,-17.625,2,2token,not_valid_noun
crows,flying or,-17.625,2,2token,not_valid_noun
crows,song Th,-17.625,2,2token,not_valid_noun
crows,flying _.,-17.625,2,2token,not_valid_noun
crows,vertebrate ...,-17.625,2,2token,not_valid_noun
crows,avi ans,-17.625,2,2token,not_valid_noun
crows,BIRD :,-17.625,2,2token,not_valid_noun
crows,BIRD [,-17.625,2,2token,not_valid_noun
crows,chicken A,-17.625,2,2token,not_valid_noun
crows,chicken a,-17.625,2,2token,not_valid_noun
crows,chicken ..,-17.625,2,2token,not_valid_noun
crows,colour (,-17.625,2,2token,not_valid_noun
crows,F -,-17.625,2,2token,not_valid_noun
crows,game and,-17.625,2,2token,incomplete_phrase
crows,creature on,-17.625,2,2token,not_valid_noun
crows,creature complete,-17.625,2,2token,not_valid_noun
crows,creature _______,-17.625,2,2token,not_valid_noun
crows,creature to,-17.625,2,2token,not_valid_noun
crows,game that,-17.625,2,2token,incomplete_phrase
crows,game _,-17.625,2,2token,not_valid_noun
crows,or mammals,-17.625,2,2token,not_valid_noun
crows,is also,-17.625,2,2token,not_valid_noun
crows,.( Choose,-17.625,2,2token,not_valid_noun
crows,.( Complete,-17.625,2,2token,not_valid_noun
crows,sea /,-17.625,2,2token,not_valid_noun
crows,crows,-17.625,2,2token,not_valid_noun
crows,bir b,-17.625,2,2token,not_valid_noun
crows,bir that,-17.625,2,2token,incomplete_phrase
crows,bir ______,-17.625,2,2token,not_valid_noun
crows,or people,-17.625,2,2token,not_valid_noun
crows,adjective is,-17.625,2,2token,not_valid_noun
crows,living ____,-17.65625,2,2token,not_valid_noun
crows,verb (,-17.65625,2,2token,not_valid_noun
crows,feathers are,-17.65625,2,2token,incomplete_phrase
crows,?. Identify,-17.65625,2,2token,not_valid_noun
crows,?. There,-17.65625,2,2token,not_valid_noun
crows,?. Do,-17.65625,2,2token,not_valid_noun
crows,forest (,-17.65625,2,2token,not_valid_noun
crows,feathers in,-17.65625,2,2token,not_valid_noun
crows,singing,-17.65625,2,2token,incomplete_phrase
crows,person who,-17.65625,2,2token,incomplete_phrase
crows,.......... Birds,-17.65625,2,2token,not_valid_noun
crows,people who,-17.65625,2,2token,incomplete_phrase
crows,What Do,-17.65625,2,2token,not_valid_noun
crows,.......... -,-17.65625,2,2token,not_valid_noun
crows,.............. and,-17.65625,2,2token,not_valid_noun
crows,species with,-17.65625,2,2token,incomplete_phrase
crows,X _,-17.65625,2,2token,not_valid_noun
crows,X and,-17.65625,2,2token,not_valid_noun
crows,X in,-17.65625,2,2token,not_valid_noun
crows,species ....,-17.65625,2,2token,not_valid_noun
crows,.............. -,-17.65625,2,2token,not_valid_noun
crows,.............. are,-17.65625,2,2token,not_valid_noun
crows,?. We,-17.65625,2,2token,not_valid_noun
crows,What have,-17.65625,2,2token,not_valid_noun
crows,d the,-17.65625,2,2token,not_valid_noun
crows,".......... ,",-17.65625,2,2token,not_valid_noun
crows,.......... ....,-17.65625,2,2token,not_valid_noun
crows,............ There,-17.65625,2,2token,not_valid_noun
crows,pest COMPLETE,-17.65625,2,2token,not_valid_noun
crows,............ .......,-17.65625,2,2token,not_valid_noun
crows,............ Explain,-17.65625,2,2token,not_valid_noun
crows,<,-17.65625,2,2token,not_valid_noun
crows,my mom,-17.65625,2,2token,not_valid_noun
crows,< fruit,-17.65625,2,2token,not_valid_noun
crows,are ____,-17.65625,2,2token,not_valid_noun
crows,............. ....,-17.65625,2,2token,not_valid_noun
crows,blue -,-17.65625,2,2token,not_valid_noun
crows,............. _,-17.65625,2,2token,not_valid_noun
crows,............. Answer,-17.65625,2,2token,not_valid_noun
crows,............ .....,-17.65625,2,2token,not_valid_noun
crows,............ This,-17.65625,2,2token,not_valid_noun
crows,rat (,-17.65625,2,2token,not_valid_noun
crows,.............,-17.65625,2,2token,not_valid_noun
crows,.......... of,-17.65625,2,2token,not_valid_noun
crows,.......... Answer,-17.65625,2,2token,not_valid_noun
crows,.......... Use,-17.65625,2,2token,not_valid_noun
crows,small feather,-17.6875,2,2token,incomplete_phrase
crows,feather a,-17.6875,2,2token,not_valid_noun
crows,what species,-17.6875,2,2token,not_valid_noun
crows,e _________,-17.6875,2,2token,not_valid_noun
crows,what food,-17.6875,2,2token,not_valid_noun
crows,poultry that,-17.6875,2,2token,incomplete_phrase
crows,symbol to,-17.6875,2,2token,not_valid_noun
crows,noun that,-17.6875,2,2token,incomplete_phrase
crows,e ..,-17.6875,2,2token,not_valid_noun
crows,tree that,-17.6875,2,2token,incomplete_phrase
crows,poultry are,-17.6875,2,2token,incomplete_phrase
crows,tree ....,-17.6875,2,2token,not_valid_noun
crows,* I,-17.6875,2,2token,not_valid_noun
crows,part time,-17.6875,2,2token,incomplete_phrase
crows,color (,-17.6875,2,2token,not_valid_noun
crows,feather .....,-17.6875,2,2token,not_valid_noun
crows,feather /,-17.6875,2,2token,not_valid_noun
crows,what ....,-17.6875,2,2token,not_valid_noun
crows,owl ....,-17.6875,2,2token,not_valid_noun
crows,eagle ...,-17.6875,2,2token,not_valid_noun
crows,car with,-17.6875,2,2token,incomplete_phrase
crows,* crow,-17.6875,2,2token,not_valid_noun
crows,that Live,-17.6875,2,2token,not_valid_noun
crows,pet ...,-17.6875,2,2token,not_valid_noun
crows,pet or,-17.6875,2,2token,not_valid_noun
crows,eagle COMPLETE,-17.6875,2,2token,not_valid_noun
crows,parrot ________,-17.6875,2,2token,not_valid_noun
crows,this sort,-17.6875,2,2token,incomplete_phrase
crows,bir Is,-17.6875,2,2token,not_valid_noun
crows,beast Read,-17.6875,2,2token,not_valid_noun
crows,…………,-17.6875,2,2token,not_valid_noun
crows,noun verb,-17.6875,2,2token,incomplete_phrase
crows,raptor that,-17.6875,2,2token,incomplete_phrase
crows,* Write,-17.6875,2,2token,not_valid_noun
crows,………… Fill,-17.6875,2,2token,not_valid_noun
crows,………… I,-17.6875,2,2token,not_valid_noun
crows,………… They,-17.6875,2,2token,not_valid_noun
crows,song they,-17.6875,2,2token,incomplete_phrase
crows,small blue,-17.6875,2,2token,incomplete_phrase
crows,beast Answer,-17.6875,2,2token,not_valid_noun
crows,which makes,-17.6875,2,2token,not_valid_noun
crows,which belong,-17.6875,2,2token,not_valid_noun
crows,grey _______,-17.6875,2,2token,not_valid_noun
crows,song with,-17.6875,2,2token,incomplete_phrase
crows,song The,-17.6875,2,2token,incomplete_phrase
crows,or can,-17.6875,2,2token,not_valid_noun
crows,feathered ani,-17.6875,2,2token,incomplete_phrase
crows,common,-17.6875,2,2token,incomplete_phrase
crows,p Read,-17.6875,2,2token,not_valid_noun
crows,I love,-17.71875,2,2token,not_valid_noun
crows,< /,-17.71875,2,2token,not_valid_noun
crows,I _,-17.71875,2,2token,not_valid_noun
crows,I could,-17.71875,2,2token,not_valid_noun
crows,I agree,-17.71875,2,2token,not_valid_noun
crows,-. To,-17.71875,2,2token,not_valid_noun
crows,av _,-17.71875,2,2token,not_valid_noun
crows,many sorts,-17.71875,2,2token,incomplete_phrase
crows,-. They,-17.71875,2,2token,not_valid_noun
crows,n I,-17.71875,2,2token,not_valid_noun
crows,s ....,-17.71875,2,2token,not_valid_noun
crows,in (,-17.71875,2,2token,not_valid_noun
crows,my and,-17.71875,2,2token,not_valid_noun
crows,my species,-17.71875,2,2token,not_valid_noun
crows,I :,-17.71875,2,2token,not_valid_noun
crows,I A,-17.71875,2,2token,not_valid_noun
crows,wood,-17.71875,2,2token,incomplete_phrase
crows,book (,-17.71875,2,2token,not_valid_noun
crows,............... This,-17.71875,2,2token,not_valid_noun
crows,$\ rule,-17.71875,2,2token,not_valid_noun
crows,............... Crows,-17.71875,2,2token,not_valid_noun
crows,dog complete,-17.71875,2,2token,not_valid_noun
crows,---- animal,-17.71875,2,2token,not_valid_noun
crows,-. It,-17.71875,2,2token,not_valid_noun
crows,............... Which,-17.71875,2,2token,not_valid_noun
crows,............... .....,-17.71875,2,2token,not_valid_noun
crows,-. _,-17.71875,2,2token,not_valid_noun
crows,wildlife and,-17.71875,2,2token,incomplete_phrase
crows,in London,-17.71875,2,2token,not_valid_noun
crows,in their,-17.71875,2,2token,not_valid_noun
crows,d _________,-17.71875,2,2token,not_valid_noun
crows,-. Name,-17.71875,2,2token,not_valid_noun
crows,domestic …,-17.71875,2,2token,not_valid_noun
crows,< animals,-17.71875,2,2token,not_valid_noun
crows,< fill,-17.71875,2,2token,not_valid_noun
crows,-. Some,-17.71875,2,2token,not_valid_noun
crows,chicken Correct,-17.75,2,2token,not_valid_noun
crows,BIRD _______,-17.75,2,2token,not_valid_noun
crows,"BIRD ,",-17.75,2,2token,not_valid_noun
crows,BIRD _,-17.75,2,2token,not_valid_noun
crows,vertebrate that,-17.75,2,2token,incomplete_phrase
crows,BIRD a,-17.75,2,2token,not_valid_noun
crows,oiseau,-17.75,2,2token,not_valid_noun
crows,vertebrate and,-17.75,2,2token,not_valid_noun
crows,flying creat,-17.75,2,2token,incomplete_phrase
crows,__ fill,-17.75,2,2token,not_valid_noun
crows,kind o,-17.75,2,2token,not_valid_noun
crows,kind -,-17.75,2,2token,not_valid_noun
crows,__ [,-17.75,2,2token,not_valid_noun
crows,ave …,-17.75,2,2token,not_valid_noun
crows,__ name,-17.75,2,2token,not_valid_noun
crows,reptile complete,-17.75,2,2token,not_valid_noun
crows,BIRD ….,-17.75,2,2token,not_valid_noun
crows,p r,-17.75,2,2token,not_valid_noun
crows,adjective in,-17.75,2,2token,not_valid_noun
crows,BIRD by,-17.75,2,2token,not_valid_noun
crows,flying ____________,-17.75,2,2token,not_valid_noun
crows,creature like,-17.75,2,2token,incomplete_phrase
crows,creature who,-17.75,2,2token,incomplete_phrase
crows,hawk complete,-17.75,2,2token,not_valid_noun
crows,fly ____________,-17.75,2,2token,not_valid_noun
crows,fly Original,-17.75,2,2token,incomplete_phrase
crows,"fly ,",-17.75,2,2token,not_valid_noun
crows,fly |,-17.75,2,2token,not_valid_noun
crows,fly –,-17.75,2,2token,not_valid_noun
crows,p Grou,-17.75,2,2token,not_valid_noun
crows,chicken by,-17.75,2,2token,not_valid_noun
crows,car $,-17.75,2,2token,not_valid_noun
crows,is animals,-17.75,2,2token,not_valid_noun
crows,is or,-17.75,2,2token,not_valid_noun
crows,is ....,-17.75,2,2token,not_valid_noun
crows,w __________,-17.75,2,2token,not_valid_noun
crows,[,-17.75,2,2token,not_valid_noun
crows,[ ]:,-17.75,2,2token,not_valid_noun
crows,b animals,-17.75,2,2token,not_valid_noun
crows,b ___________,-17.75,2,2token,not_valid_noun
crows,word or,-17.78125,2,2token,not_valid_noun
crows,............ Use,-17.78125,2,2token,not_valid_noun
crows,............. Which,-17.78125,2,2token,not_valid_noun
crows,............. crow,-17.78125,2,2token,not_valid_noun
crows,............ ________,-17.78125,2,2token,not_valid_noun
crows,............. ________,-17.78125,2,2token,not_valid_noun
crows,pest or,-17.78125,2,2token,not_valid_noun
crows,............. Correct,-17.78125,2,2token,not_valid_noun
crows,my children,-17.78125,2,2token,not_valid_noun
crows,............,-17.78125,2,2token,not_valid_noun
crows,o ....,-17.78125,2,2token,not_valid_noun
crows,species /,-17.78125,2,2token,not_valid_noun
crows,…………………… bird,-17.78125,2,2token,not_valid_noun
crows,blue ...,-17.78125,2,2token,not_valid_noun
crows,............. are,-17.78125,2,2token,not_valid_noun
crows,.............. is,-17.78125,2,2token,not_valid_noun
crows,name ....,-17.78125,2,2token,not_valid_noun
crows,species which,-17.78125,2,2token,incomplete_phrase
crows,............. ..,-17.78125,2,2token,not_valid_noun
crows,............. There,-17.78125,2,2token,not_valid_noun
crows,............ How,-17.78125,2,2token,not_valid_noun
crows,Animal Fill,-17.78125,2,2token,not_valid_noun
crows,X complete,-17.78125,2,2token,not_valid_noun
crows,X fruit,-17.78125,2,2token,not_valid_noun
crows,…………………… The,-17.78125,2,2token,not_valid_noun
crows,…………………… birds,-17.78125,2,2token,not_valid_noun
crows,my _____,-17.78125,2,2token,not_valid_noun
crows,feathers ...,-17.78125,2,2token,not_valid_noun
crows,living creat,-17.78125,2,2token,incomplete_phrase
crows,< <,-17.78125,2,2token,not_valid_noun
crows,< select,-17.78125,2,2token,not_valid_noun
crows,< or,-17.78125,2,2token,not_valid_noun
crows,my heart,-17.78125,2,2token,not_valid_noun
crows,my avi,-17.78125,2,2token,not_valid_noun
crows,?. Why,-17.78125,2,2token,not_valid_noun
crows,?. Please,-17.78125,2,2token,not_valid_noun
crows,?. -,-17.78125,2,2token,not_valid_noun
crows,s ____,-17.78125,2,2token,not_valid_noun
crows,s and,-17.78125,2,2token,not_valid_noun
crows,?. Match,-17.78125,2,2token,not_valid_noun
crows,?. birds,-17.78125,2,2token,not_valid_noun
crows,person in,-17.78125,2,2token,not_valid_noun
crows,.......... They,-17.78125,2,2token,not_valid_noun
crows,Animal that,-17.78125,2,2token,incomplete_phrase
crows,living in,-17.78125,2,2token,not_valid_noun
crows,What ?,-17.78125,2,2token,not_valid_noun
crows,..........,-17.78125,2,2token,not_valid_noun
crows,What comes,-17.78125,2,2token,not_valid_noun
crows,.......... This,-17.78125,2,2token,not_valid_noun
crows,.......... Correct,-17.78125,2,2token,not_valid_noun
crows,Animal COMPLETE,-17.78125,2,2token,not_valid_noun
crows,poultry which,-17.8125,2,2token,incomplete_phrase
crows,poultry _,-17.8125,2,2token,not_valid_noun
crows,e in,-17.8125,2,2token,not_valid_noun
crows,small ___,-17.8125,2,2token,not_valid_noun
crows,what,-17.8125,2,2token,not_valid_noun
crows,what the,-17.8125,2,2token,not_valid_noun
crows,sea _,-17.8125,2,2token,not_valid_noun
crows,food eaten,-17.8125,2,2token,incomplete_phrase
crows,"small ,",-17.8125,2,2token,not_valid_noun
crows,grey …,-17.8125,2,2token,not_valid_noun
crows,grey black,-17.8125,2,2token,incomplete_phrase
crows,grey part,-17.8125,2,2token,incomplete_phrase
crows,grey -,-17.8125,2,2token,not_valid_noun
crows,grey in,-17.8125,2,2token,not_valid_noun
crows,small land,-17.8125,2,2token,incomplete_phrase
crows,grey ___,-17.8125,2,2token,not_valid_noun
crows,grey ________,-17.8125,2,2token,not_valid_noun
crows,predator of,-17.8125,2,2token,not_valid_noun
crows,predator in,-17.8125,2,2token,not_valid_noun
crows,tree -,-17.8125,2,2token,not_valid_noun
crows,car ........,-17.8125,2,2token,not_valid_noun
crows,noun in,-17.8125,2,2token,not_valid_noun
crows,grey feathered,-17.8125,2,2token,not_valid_noun
crows,*,-17.8125,2,2token,not_valid_noun
crows,* Edit,-17.8125,2,2token,not_valid_noun
crows,w _________,-17.8125,2,2token,not_valid_noun
crows,thing you,-17.8125,2,2token,incomplete_phrase
crows,symbol or,-17.8125,2,2token,not_valid_noun
crows,b =,-17.8125,2,2token,not_valid_noun
crows,small _____,-17.8125,2,2token,not_valid_noun
crows,feather ….,-17.8125,2,2token,not_valid_noun
crows,Birds /,-17.8125,2,2token,not_valid_noun
crows,part ____,-17.8125,2,2token,not_valid_noun
crows,b ea,-17.8125,2,2token,not_valid_noun
crows,e d,-17.8125,2,2token,not_valid_noun
crows,poultry Read,-17.8125,2,2token,not_valid_noun
crows,poultry ..,-17.8125,2,2token,not_valid_noun
crows,or kinds,-17.8125,2,2token,not_valid_noun
crows,common domestic,-17.8125,2,2token,incomplete_phrase
crows,this of,-17.8125,2,2token,not_valid_noun
crows,bir __,-17.8125,2,2token,not_valid_noun
crows,or some,-17.8125,2,2token,not_valid_noun
crows,or belong,-17.8125,2,2token,not_valid_noun
crows,insect in,-17.8125,2,2token,not_valid_noun
crows,that the,-17.8125,2,2token,incomplete_phrase
crows,that do,-17.8125,2,2token,not_valid_noun
crows,that build,-17.8125,2,2token,incomplete_phrase
crows,that feeds,-17.8125,2,2token,incomplete_phrase
crows,goose (,-17.8125,2,2token,not_valid_noun
crows,parrot ____,-17.8125,2,2token,not_valid_noun
crows,common ________,-17.8125,2,2token,not_valid_noun
crows,parrot _____,-17.8125,2,2token,not_valid_noun
crows,parrot …,-17.8125,2,2token,not_valid_noun
crows,parrot .....,-17.8125,2,2token,not_valid_noun
crows,common in,-17.8125,2,2token,not_valid_noun
crows,p __,-17.8125,2,2token,not_valid_noun
crows,what part,-17.8125,2,2token,not_valid_noun
crows,what other,-17.8125,2,2token,not_valid_noun
crows,avi /,-17.8125,2,2token,not_valid_noun
crows,what living,-17.8125,2,2token,not_valid_noun
crows,beak is,-17.8125,2,2token,not_valid_noun
crows,duck ...,-17.8125,2,2token,not_valid_noun
crows,noun and,-17.8125,2,2token,incomplete_phrase
crows,mammals which,-17.8125,2,2token,incomplete_phrase
crows,mammals Fill,-17.8125,2,2token,not_valid_noun
crows,what thing,-17.8125,2,2token,not_valid_noun
crows,vegetable (,-17.8125,2,2token,not_valid_noun
crows,what /,-17.8125,2,2token,not_valid_noun
crows,food or,-17.8125,2,2token,not_valid_noun
crows,Birds a,-17.8125,2,2token,not_valid_noun
crows,Birds,-17.8125,2,2token,not_valid_noun
crows,wildlife or,-17.84375,2,2token,not_valid_noun
crows,I Can,-17.84375,2,2token,not_valid_noun
crows,in Japan,-17.84375,2,2token,not_valid_noun
crows,domestic and,-17.84375,2,2token,not_valid_noun
crows,in South,-17.84375,2,2token,not_valid_noun
crows,............... We,-17.84375,2,2token,not_valid_noun
crows,............... Bird,-17.84375,2,2token,not_valid_noun
crows,I use,-17.84375,2,2token,not_valid_noun
crows,e ….,-17.84375,2,2token,not_valid_noun
crows,talk to,-17.84375,2,2token,not_valid_noun
crows,I mammal,-17.84375,2,2token,not_valid_noun
crows,s …,-17.84375,2,2token,not_valid_noun
crows,n of,-17.84375,2,2token,not_valid_noun
crows,fe ________,-17.84375,2,2token,not_valid_noun
crows,many varieties,-17.84375,2,2token,incomplete_phrase
crows,many ________,-17.84375,2,2token,not_valid_noun
crows,many and,-17.84375,2,2token,not_valid_noun
crows,many black,-17.84375,2,2token,incomplete_phrase
crows,< name,-17.84375,2,2token,not_valid_noun
crows,or n,-17.875,2,2token,not_valid_noun
crows,bir db,-17.875,2,2token,not_valid_noun
crows,or fish,-17.875,2,2token,not_valid_noun
crows,bir …………,-17.875,2,2token,not_valid_noun
crows,bir ……,-17.875,2,2token,not_valid_noun
crows,or eat,-17.875,2,2token,not_valid_noun
crows,game ______,-17.875,2,2token,not_valid_noun
crows,fly ___________,-17.875,2,2token,not_valid_noun
crows,fish which,-17.875,2,2token,incomplete_phrase
crows,[ adjective,-17.875,2,2token,not_valid_noun
crows,chicken the,-17.875,2,2token,incomplete_phrase
crows,fish Edit,-17.875,2,2token,incomplete_phrase
crows,fruit -,-17.875,2,2token,not_valid_noun
crows,birdie with,-17.875,2,2token,not_valid_noun
crows,BIRD ________,-17.875,2,2token,not_valid_noun
crows,cor .,-17.875,2,2token,not_valid_noun
crows,water ...,-17.875,2,2token,not_valid_noun
crows,water f,-17.875,2,2token,not_valid_noun
crows,water ______,-17.875,2,2token,not_valid_noun
crows,reptile ...,-17.875,2,2token,not_valid_noun
crows,b |,-17.875,2,2token,not_valid_noun
crows,species -,-17.875,2,2token,not_valid_noun
crows,b __________,-17.875,2,2token,not_valid_noun
crows,hawk or,-17.875,2,2token,not_valid_noun
crows,ape COMPLETE,-17.875,2,2token,not_valid_noun
crows,water ____,-17.875,2,2token,not_valid_noun
crows,member ...,-17.875,2,2token,not_valid_noun
crows,ape complete,-17.875,2,2token,not_valid_noun
crows,w $\,-17.875,2,2token,not_valid_noun
crows,F i,-17.875,2,2token,not_valid_noun
crows,"__ ,",-17.875,2,2token,not_valid_noun
crows,fish is,-17.875,2,2token,not_valid_noun
crows,__ ...,-17.875,2,2token,not_valid_noun
crows,__ Answer,-17.875,2,2token,not_valid_noun
crows,adjective verb,-17.875,2,2token,incomplete_phrase
crows,ave -,-17.875,2,2token,not_valid_noun
crows,[ -,-17.875,2,2token,not_valid_noun
crows,ave ______,-17.875,2,2token,not_valid_noun
crows,creature :,-17.875,2,2token,not_valid_noun
crows,car ..,-17.875,2,2token,not_valid_noun
crows,creature ______,-17.875,2,2token,not_valid_noun
crows,e ___________,-17.875,2,2token,not_valid_noun
crows,creature Read,-17.875,2,2token,not_valid_noun
crows,car Complete,-17.875,2,2token,not_valid_noun
crows,creature Fill,-17.875,2,2token,not_valid_noun
crows,creature Answer,-17.875,2,2token,not_valid_noun
crows,.( Write,-17.875,2,2token,not_valid_noun
crows,is ____,-17.875,2,2token,not_valid_noun
crows,[ (,-17.875,2,2token,not_valid_noun
crows,__ What,-17.875,2,2token,not_valid_noun
crows,[ ),-17.875,2,2token,not_valid_noun
crows,"[ ,",-17.875,2,2token,not_valid_noun
crows,chicken because,-17.875,2,2token,incomplete_phrase
crows,vertebrate with,-17.875,2,2token,not_valid_noun
crows,[ ____,-17.875,2,2token,not_valid_noun
crows,fruit that,-17.875,2,2token,incomplete_phrase
crows,avi and,-17.875,2,2token,incomplete_phrase
crows,or fruit,-17.875,2,2token,not_valid_noun
crows,__ |,-17.875,2,2token,not_valid_noun
crows,What belongs,-17.90625,2,2token,not_valid_noun
crows,name it,-17.90625,2,2token,not_valid_noun
crows,name on,-17.90625,2,2token,not_valid_noun
crows,o i,-17.90625,2,2token,not_valid_noun
crows,.............. of,-17.90625,2,2token,not_valid_noun
crows,What words,-17.90625,2,2token,not_valid_noun
crows,What Kind,-17.90625,2,2token,not_valid_noun
crows,blue or,-17.90625,2,2token,not_valid_noun
crows,word ...,-17.90625,2,2token,not_valid_noun
crows,blue (,-17.90625,2,2token,not_valid_noun
crows,What could,-17.90625,2,2token,not_valid_noun
crows,What time,-17.90625,2,2token,not_valid_noun
crows,Animal ....,-17.90625,2,2token,not_valid_noun
crows,raven ...,-17.90625,2,2token,not_valid_noun
crows,word used,-17.90625,2,2token,incomplete_phrase
crows,raven and,-17.90625,2,2token,incomplete_phrase
crows,family in,-17.90625,2,2token,not_valid_noun
crows,............. This,-17.90625,2,2token,not_valid_noun
crows,pest Answer,-17.90625,2,2token,not_valid_noun
crows,my garden,-17.90625,2,2token,not_valid_noun
crows,o a,-17.90625,2,2token,not_valid_noun
crows,my _______,-17.90625,2,2token,not_valid_noun
crows,.............. ....,-17.90625,2,2token,not_valid_noun
crows,.......... COMPLETE,-17.90625,2,2token,not_valid_noun
crows,.......... _______,-17.90625,2,2token,not_valid_noun
crows,.......... ________,-17.90625,2,2token,not_valid_noun
crows,.......... are,-17.90625,2,2token,not_valid_noun
crows,.......... is,-17.90625,2,2token,not_valid_noun
crows,.............. Birds,-17.90625,2,2token,not_valid_noun
crows,my parrot,-17.90625,2,2token,not_valid_noun
crows,............. Use,-17.90625,2,2token,not_valid_noun
crows,............. They,-17.90625,2,2token,not_valid_noun
crows,my mind,-17.90625,2,2token,not_valid_noun
crows,............. goose,-17.90625,2,2token,not_valid_noun
crows,............. COMPLETE,-17.90625,2,2token,not_valid_noun
crows,…………………… Write,-17.90625,2,2token,not_valid_noun
crows,forest ...,-17.90625,2,2token,not_valid_noun
crows,av i,-17.90625,2,2token,not_valid_noun
crows,feathers on,-17.90625,2,2token,not_valid_noun
crows,d _,-17.90625,2,2token,not_valid_noun
crows,n in,-17.90625,2,2token,not_valid_noun
crows,in english,-17.90625,2,2token,not_valid_noun
crows,F E,-17.9375,2,2token,not_valid_noun
crows,F The,-17.9375,2,2token,not_valid_noun
crows,feather :,-17.9375,2,2token,not_valid_noun
crows,Birds Read,-17.9375,2,2token,not_valid_noun
crows,Birds ____,-17.9375,2,2token,not_valid_noun
crows,hen or,-17.9375,2,2token,not_valid_noun
crows,feather Fill,-17.9375,2,2token,not_valid_noun
crows,"feather ,",-17.9375,2,2token,not_valid_noun
crows,sea ....,-17.9375,2,2token,not_valid_noun
crows,F of,-17.9375,2,2token,not_valid_noun
crows,b or,-17.9375,2,2token,not_valid_noun
crows,--- animals,-17.9375,2,2token,not_valid_noun
crows,w .....,-17.9375,2,2token,not_valid_noun
crows,w The,-17.9375,2,2token,not_valid_noun
crows,thing living,-17.9375,2,2token,incomplete_phrase
crows,parrot ______,-17.9375,2,2token,not_valid_noun
crows,parrot A,-17.9375,2,2token,not_valid_noun
crows,bir –,-17.9375,2,2token,not_valid_noun
crows,owl Fill,-17.9375,2,2token,not_valid_noun
crows,pigeon with,-17.9375,2,2token,incomplete_phrase
crows,or common,-17.9375,2,2token,not_valid_noun
crows,parrot [,-17.9375,2,2token,not_valid_noun
crows,common song,-17.9375,2,2token,incomplete_phrase
crows,grey sea,-17.9375,2,2token,incomplete_phrase
crows,noun is,-17.9375,2,2token,not_valid_noun
crows,this that,-17.9375,2,2token,incomplete_phrase
crows,[ A,-17.9375,2,2token,not_valid_noun
crows,[ insert,-17.9375,2,2token,not_valid_noun
crows,food -,-17.9375,2,2token,not_valid_noun
crows,duck or,-17.9375,2,2token,not_valid_noun
crows,this flying,-17.9375,2,2token,incomplete_phrase
crows,beast -,-17.9375,2,2token,not_valid_noun
crows,beast /,-17.9375,2,2token,not_valid_noun
crows,this part,-17.9375,2,2token,incomplete_phrase
crows,type the,-17.9375,2,2token,incomplete_phrase
crows,type ....,-17.9375,2,2token,not_valid_noun
crows,beast Fill,-17.9375,2,2token,not_valid_noun
crows,pet Fill,-17.9375,2,2token,not_valid_noun
crows,bir i,-17.9375,2,2token,not_valid_noun
crows,mammals Answer,-17.9375,2,2token,not_valid_noun
crows,mammals are,-17.9375,2,2token,incomplete_phrase
crows,mammals COMPLETE,-17.9375,2,2token,not_valid_noun
crows,insect Fill,-17.9375,2,2token,not_valid_noun
crows,insect Read,-17.9375,2,2token,not_valid_noun
crows,insect and,-17.9375,2,2token,incomplete_phrase
crows,that belongs,-17.9375,2,2token,incomplete_phrase
crows,that a,-17.9375,2,2token,not_valid_noun
crows,that look,-17.9375,2,2token,incomplete_phrase
crows,mammals -,-17.9375,2,2token,not_valid_noun
crows,poultry A,-17.9375,2,2token,not_valid_noun
crows,predator that,-17.9375,2,2token,incomplete_phrase
crows,tree with,-17.9375,2,2token,incomplete_phrase
crows,p ….,-17.9375,2,2token,not_valid_noun
crows,feather The,-17.9375,2,2token,incomplete_phrase
crows,feather D,-17.9375,2,2token,not_valid_noun
crows,Birds is,-17.9375,2,2token,not_valid_noun
crows,Birds In,-17.9375,2,2token,not_valid_noun
crows,Birds which,-17.9375,2,2token,incomplete_phrase
crows,I Read,-17.96875,2,2token,not_valid_noun
crows,I mean,-17.96875,2,2token,not_valid_noun
crows,\_ _.,-17.96875,2,2token,not_valid_noun
crows,---- -,-17.96875,2,2token,not_valid_noun
crows,---- a,-17.96875,2,2token,not_valid_noun
crows,---- animals,-17.96875,2,2token,not_valid_noun
crows,---- ____,-17.96875,2,2token,not_valid_noun
crows,my crow,-17.96875,2,2token,not_valid_noun
crows,my __,-17.96875,2,2token,not_valid_noun
crows,my beloved,-17.96875,2,2token,not_valid_noun
crows,in zoo,-17.96875,2,2token,not_valid_noun
crows,in some,-17.96875,2,2token,not_valid_noun
crows,in fact,-17.96875,2,2token,not_valid_noun
crows,............... the,-17.96875,2,2token,not_valid_noun
crows,domestic (,-17.96875,2,2token,not_valid_noun
crows,domestic /,-17.96875,2,2token,not_valid_noun
crows,s c,-17.96875,2,2token,not_valid_noun
crows,n __,-17.96875,2,2token,not_valid_noun
crows,d …,-17.96875,2,2token,not_valid_noun
crows,many more,-17.96875,2,2token,incomplete_phrase
crows,n ed,-17.96875,2,2token,not_valid_noun
crows,in large,-17.96875,2,2token,not_valid_noun
crows,e n,-17.96875,2,2token,not_valid_noun
crows,in in,-17.96875,2,2token,not_valid_noun
crows,car like,-18.0,2,2token,incomplete_phrase
crows,p o,-18.0,2,2token,not_valid_noun
crows,w ......,-18.0,2,2token,not_valid_noun
crows,BIRD ______,-18.0,2,2token,not_valid_noun
crows,sky ____,-18.0,2,2token,not_valid_noun
crows,F __,-18.0,2,2token,not_valid_noun
crows,fly with,-18.0,2,2token,not_valid_noun
crows,fly ….,-18.0,2,2token,not_valid_noun
crows,kind the,-18.0,2,2token,incomplete_phrase
crows,av Which,-18.0,2,2token,not_valid_noun
crows,is ________,-18.0,2,2token,not_valid_noun
crows,kind complete,-18.0,2,2token,not_valid_noun
crows,game ____,-18.0,2,2token,not_valid_noun
crows,game Show,-18.0,2,2token,incomplete_phrase
crows,game -,-18.0,2,2token,not_valid_noun
crows,fly The,-18.0,2,2token,incomplete_phrase
crows,fly type,-18.0,2,2token,incomplete_phrase
crows,birdie ....,-18.0,2,2token,not_valid_noun
crows,species _______,-18.0,2,2token,not_valid_noun
crows,fish ......,-18.0,2,2token,not_valid_noun
crows,fish What,-18.0,2,2token,not_valid_noun
crows,fish Correct,-18.0,2,2token,not_valid_noun
crows,species complete,-18.0,2,2token,not_valid_noun
crows,feathered _______,-18.0,2,2token,not_valid_noun
crows,w mammal,-18.0,2,2token,not_valid_noun
crows,car –,-18.0,2,2token,not_valid_noun
crows,member,-18.0,2,2token,incomplete_phrase
crows,creature ________,-18.0,2,2token,not_valid_noun
crows,b ____________,-18.0,2,2token,not_valid_noun
crows,is my,-18.0,2,2token,not_valid_noun
crows,Raven ...,-18.0,2,2token,not_valid_noun
crows,fish COMPLETE,-18.0,2,2token,not_valid_noun
crows,fish by,-18.0,2,2token,not_valid_noun
crows,fish to,-18.0,2,2token,not_valid_noun
crows,fish ….,-18.0,2,2token,not_valid_noun
crows,fish a,-18.0,2,2token,not_valid_noun
crows,BIRD ____,-18.0,2,2token,not_valid_noun
crows,e fowl,-18.0,2,2token,not_valid_noun
crows,e m,-18.0,2,2token,not_valid_noun
crows,fruit crows,-18.0,2,2token,incomplete_phrase
crows,fruit as,-18.0,2,2token,not_valid_noun
crows,BIRD True,-18.0,2,2token,incomplete_phrase
crows,crows and,-18.0,2,2token,incomplete_phrase
crows,is are,-18.0,2,2token,not_valid_noun
crows,is kind,-18.0,2,2token,not_valid_noun
crows,fruit to,-18.0,2,2token,not_valid_noun
crows,s o,-18.03125,2,2token,not_valid_noun
crows,?. Circle,-18.03125,2,2token,not_valid_noun
crows,singing ...,-18.03125,2,2token,not_valid_noun
crows,people complete,-18.03125,2,2token,not_valid_noun
crows,in people,-18.03125,2,2token,not_valid_noun
crows,e $\,-18.03125,2,2token,not_valid_noun
crows,?. crows,-18.03125,2,2token,not_valid_noun
crows,d -,-18.03125,2,2token,not_valid_noun
crows,X animal,-18.03125,2,2token,not_valid_noun
crows,.............. There,-18.03125,2,2token,not_valid_noun
crows,.............. crow,-18.03125,2,2token,not_valid_noun
crows,.............. ..,-18.03125,2,2token,not_valid_noun
crows,.............. Which,-18.03125,2,2token,not_valid_noun
crows,".............. ,",-18.03125,2,2token,not_valid_noun
crows,.............. They,-18.03125,2,2token,not_valid_noun
crows,..............,-18.03125,2,2token,not_valid_noun
crows,o Bird,-18.03125,2,2token,not_valid_noun
crows,meat in,-18.03125,2,2token,not_valid_noun
crows,.............. goose,-18.03125,2,2token,not_valid_noun
crows,.............. COMPLETE,-18.03125,2,2token,not_valid_noun
crows,.............. Correct,-18.03125,2,2token,not_valid_noun
crows,.............. ________,-18.03125,2,2token,not_valid_noun
crows,word with,-18.03125,2,2token,incomplete_phrase
crows,word -,-18.03125,2,2token,not_valid_noun
crows,..........,-18.03125,2,2token,not_valid_noun
crows,.......... We,-18.03125,2,2token,not_valid_noun
crows,"< ,",-18.03125,2,2token,not_valid_noun
crows,< -,-18.03125,2,2token,not_valid_noun
crows,.............. _,-18.03125,2,2token,not_valid_noun
crows,.......... Which,-18.03125,2,2token,not_valid_noun
crows,.......... Explain,-18.03125,2,2token,not_valid_noun
crows,.......... .....,-18.03125,2,2token,not_valid_noun
crows,.......... There,-18.03125,2,2token,not_valid_noun
crows,n ___,-18.03125,2,2token,not_valid_noun
crows,n at,-18.03125,2,2token,not_valid_noun
crows,?. Draw,-18.03125,2,2token,not_valid_noun
crows,?. Is,-18.03125,2,2token,not_valid_noun
crows,?. It,-18.03125,2,2token,not_valid_noun
crows,?. Add,-18.03125,2,2token,not_valid_noun
crows,word to,-18.03125,2,2token,not_valid_noun
crows,.............. Answer,-18.03125,2,2token,not_valid_noun
crows,pest which,-18.03125,2,2token,incomplete_phrase
crows,pest and,-18.03125,2,2token,incomplete_phrase
crows,pest ...,-18.03125,2,2token,not_valid_noun
crows,are A,-18.03125,2,2token,not_valid_noun
crows,are is,-18.03125,2,2token,not_valid_noun
crows,"............. ,",-18.03125,2,2token,not_valid_noun
crows,are and,-18.03125,2,2token,not_valid_noun
crows,are ________,-18.03125,2,2token,not_valid_noun
crows,?. An,-18.03125,2,2token,not_valid_noun
crows,............. How,-18.03125,2,2token,not_valid_noun
crows,............. .....,-18.03125,2,2token,not_valid_noun
crows,name ____,-18.03125,2,2token,not_valid_noun
crows,............. Explain,-18.03125,2,2token,not_valid_noun
crows,X The,-18.03125,2,2token,not_valid_noun
crows,.............,-18.03125,2,2token,not_valid_noun
crows,parrot by,-18.0625,2,2token,not_valid_noun
crows,parrot The,-18.0625,2,2token,incomplete_phrase
crows,parrot are,-18.0625,2,2token,incomplete_phrase
crows,b ___,-18.0625,2,2token,not_valid_noun
crows,F Which,-18.0625,2,2token,not_valid_noun
crows,F o,-18.0625,2,2token,not_valid_noun
crows,thing on,-18.0625,2,2token,not_valid_noun
crows,tree ____,-18.0625,2,2token,not_valid_noun
crows,raptor or,-18.0625,2,2token,not_valid_noun
crows,predator complete,-18.0625,2,2token,not_valid_noun
crows,feather which,-18.0625,2,2token,incomplete_phrase
crows,feather with,-18.0625,2,2token,incomplete_phrase
crows,feather by,-18.0625,2,2token,not_valid_noun
crows,eagle is,-18.0625,2,2token,not_valid_noun
crows,tree COMPLETE,-18.0625,2,2token,not_valid_noun
crows,this ____,-18.0625,2,2token,not_valid_noun
crows,pet that,-18.0625,2,2token,incomplete_phrase
crows,pet complete,-18.0625,2,2token,not_valid_noun
crows,owl Answer,-18.0625,2,2token,not_valid_noun
crows,owl are,-18.0625,2,2token,incomplete_phrase
crows,grey her,-18.0625,2,2token,incomplete_phrase
crows,grey ....,-18.0625,2,2token,not_valid_noun
crows,parrot because,-18.0625,2,2token,incomplete_phrase
crows,pet for,-18.0625,2,2token,not_valid_noun
crows,parrot a,-18.0625,2,2token,not_valid_noun
crows,parrot Read,-18.0625,2,2token,not_valid_noun
crows,parrot ..,-18.0625,2,2token,not_valid_noun
crows,parrot called,-18.0625,2,2token,incomplete_phrase
crows,parrot Full,-18.0625,2,2token,incomplete_phrase
crows,this activity,-18.0625,2,2token,incomplete_phrase
crows,food of,-18.0625,2,2token,not_valid_noun
crows,that c,-18.0625,2,2token,not_valid_noun
crows,poultry Full,-18.0625,2,2token,incomplete_phrase
crows,poultry ​,-18.0625,2,2token,not_valid_noun
crows,poultry The,-18.0625,2,2token,incomplete_phrase
crows,poultry …,-18.0625,2,2token,not_valid_noun
crows,poultry with,-18.0625,2,2token,incomplete_phrase
crows,poultry a,-18.0625,2,2token,not_valid_noun
crows,type -,-18.0625,2,2token,not_valid_noun
crows,type :,-18.0625,2,2token,not_valid_noun
crows,type that,-18.0625,2,2token,incomplete_phrase
crows,that perch,-18.0625,2,2token,incomplete_phrase
crows,grey _____,-18.0625,2,2token,not_valid_noun
crows,this means,-18.0625,2,2token,incomplete_phrase
crows,pigeon English,-18.0625,2,2token,incomplete_phrase
crows,pigeon that,-18.0625,2,2token,incomplete_phrase
crows,[,-18.0625,2,2token,not_valid_noun
crows,mammals _______,-18.0625,2,2token,not_valid_noun
crows,ave [,-18.0625,2,2token,not_valid_noun
crows,ave is,-18.0625,2,2token,not_valid_noun
crows,ave in,-18.0625,2,2token,not_valid_noun
crows,other name,-18.0625,2,2token,incomplete_phrase
crows,[ the,-18.0625,2,2token,not_valid_noun
crows,[ c,-18.0625,2,2token,not_valid_noun
crows,ave ________,-18.0625,2,2token,not_valid_noun
crows,ave _____,-18.0625,2,2token,not_valid_noun
crows,ra .,-18.0625,2,2token,not_valid_noun
crows,poultry Correct,-18.0625,2,2token,not_valid_noun
crows,fin .,-18.0625,2,2token,not_valid_noun
crows,__ crow,-18.0625,2,2token,not_valid_noun
crows,beak ...,-18.0625,2,2token,not_valid_noun
crows,__ Select,-18.0625,2,2token,not_valid_noun
crows,Birds ..,-18.0625,2,2token,not_valid_noun
crows,Birds .....,-18.0625,2,2token,not_valid_noun
crows,class called,-18.09375,2,2token,incomplete_phrase
crows,< answer,-18.09375,2,2token,not_valid_noun
crows,< span,-18.09375,2,2token,not_valid_noun
crows,n ...........,-18.09375,2,2token,not_valid_noun
crows,n g,-18.09375,2,2token,not_valid_noun
crows,noise that,-18.09375,2,2token,incomplete_phrase
crows,---- complete,-18.09375,2,2token,not_valid_noun
crows,---- of,-18.09375,2,2token,not_valid_noun
crows,---- A,-18.09375,2,2token,not_valid_noun
crows,o …,-18.09375,2,2token,not_valid_noun
crows,dog or,-18.09375,2,2token,not_valid_noun
crows,s $\,-18.09375,2,2token,not_valid_noun
crows,s :,-18.09375,2,2token,not_valid_noun
crows,fe [,-18.09375,2,2token,not_valid_noun
crows,fe ____,-18.09375,2,2token,not_valid_noun
crows,fe -,-18.09375,2,2token,not_valid_noun
crows,o animals,-18.09375,2,2token,not_valid_noun
crows,plane in,-18.09375,2,2token,not_valid_noun
crows,b ave,-18.125,2,2token,not_valid_noun
crows,fruit .....,-18.125,2,2token,not_valid_noun
crows,monkey and,-18.125,2,2token,incomplete_phrase
crows,creature ____,-18.125,2,2token,not_valid_noun
crows,water in,-18.125,2,2token,not_valid_noun
crows,ape ...,-18.125,2,2token,not_valid_noun
crows,fruit of,-18.125,2,2token,not_valid_noun
crows,b Answer,-18.125,2,2token,not_valid_noun
crows,b …,-18.125,2,2token,not_valid_noun
crows,feathered kind,-18.125,2,2token,incomplete_phrase
crows,species is,-18.125,2,2token,not_valid_noun
crows,feathered ________,-18.125,2,2token,not_valid_noun
crows,game is,-18.125,2,2token,not_valid_noun
crows,feathered flying,-18.125,2,2token,incomplete_phrase
crows,BIRD Full,-18.125,2,2token,incomplete_phrase
crows,fruit Fill,-18.125,2,2token,not_valid_noun
crows,fruit ____,-18.125,2,2token,not_valid_noun
crows,reptile ....,-18.125,2,2token,not_valid_noun
crows,b $\,-18.125,2,2token,not_valid_noun
crows,b –,-18.125,2,2token,not_valid_noun
crows,cor ...,-18.125,2,2token,not_valid_noun
crows,water ________,-18.125,2,2token,not_valid_noun
crows,fish /,-18.125,2,2token,not_valid_noun
crows,car ….,-18.125,2,2token,not_valid_noun
crows,fly …………,-18.125,2,2token,not_valid_noun
crows,is used,-18.125,2,2token,not_valid_noun
crows,ape or,-18.125,2,2token,not_valid_noun
crows,sea shore,-18.125,2,2token,incomplete_phrase
crows,fly that,-18.125,2,2token,incomplete_phrase
crows,kind,-18.125,2,2token,incomplete_phrase
crows,car I,-18.125,2,2token,not_valid_noun
crows,or fly,-18.125,2,2token,not_valid_noun
crows,or species,-18.125,2,2token,not_valid_noun
crows,is what,-18.125,2,2token,not_valid_noun
crows,meat ____,-18.125,2,2token,not_valid_noun
crows,or sound,-18.125,2,2token,not_valid_noun
crows,species :,-18.125,2,2token,not_valid_noun
crows,species ____,-18.125,2,2token,not_valid_noun
crows,birdie /,-18.125,2,2token,not_valid_noun
crows,monkey COMPLETE,-18.125,2,2token,not_valid_noun
crows,meat ...,-18.125,2,2token,not_valid_noun
crows,game or,-18.125,2,2token,not_valid_noun
crows,game for,-18.125,2,2token,incomplete_phrase
crows,game _______,-18.125,2,2token,not_valid_noun
crows,meat or,-18.125,2,2token,not_valid_noun
crows,game called,-18.125,2,2token,incomplete_phrase
crows,game ________,-18.125,2,2token,not_valid_noun
crows,fish In,-18.125,2,2token,not_valid_noun
crows,fish Answers,-18.125,2,2token,not_valid_noun
crows,people ...,-18.15625,2,2token,not_valid_noun
crows,.......... _,-18.15625,2,2token,not_valid_noun
crows,.......... :,-18.15625,2,2token,not_valid_noun
crows,word and,-18.15625,2,2token,incomplete_phrase
crows,name /,-18.15625,2,2token,not_valid_noun
crows,name :,-18.15625,2,2token,not_valid_noun
crows,o e,-18.15625,2,2token,not_valid_noun
crows,.............. ​,-18.15625,2,2token,not_valid_noun
crows,Animal or,-18.15625,2,2token,not_valid_noun
crows,?.,-18.15625,2,2token,not_valid_noun
crows,person ...,-18.15625,2,2token,not_valid_noun
crows,word _______,-18.15625,2,2token,not_valid_noun
crows,word from,-18.15625,2,2token,incomplete_phrase
crows,living ________,-18.15625,2,2token,not_valid_noun
crows,n ……,-18.15625,2,2token,not_valid_noun
crows,are in,-18.15625,2,2token,not_valid_noun
crows,are ______,-18.15625,2,2token,not_valid_noun
crows,?. For,-18.15625,2,2token,not_valid_noun
crows,word building,-18.15625,2,2token,incomplete_phrase
crows,word ....,-18.15625,2,2token,not_valid_noun
crows,.............. Explain,-18.15625,2,2token,not_valid_noun
crows,o -,-18.15625,2,2token,not_valid_noun
crows,Animal in,-18.15625,2,2token,not_valid_noun
crows,blue in,-18.15625,2,2token,not_valid_noun
crows,blue __,-18.15625,2,2token,not_valid_noun
crows,blue _____,-18.15625,2,2token,not_valid_noun
crows,are all,-18.15625,2,2token,not_valid_noun
crows,pest of,-18.15625,2,2token,not_valid_noun
crows,n –,-18.15625,2,2token,not_valid_noun
crows,e ___,-18.15625,2,2token,not_valid_noun
crows,X is,-18.15625,2,2token,not_valid_noun
crows,X ....,-18.15625,2,2token,not_valid_noun
crows,are Crows,-18.15625,2,2token,not_valid_noun
crows,word end,-18.15625,2,2token,incomplete_phrase
crows,are fish,-18.15625,2,2token,not_valid_noun
crows,F Other,-18.1875,2,2token,not_valid_noun
crows,car Key,-18.1875,2,2token,incomplete_phrase
crows,car ________,-18.1875,2,2token,not_valid_noun
crows,[ [,-18.1875,2,2token,not_valid_noun
crows,[ animal,-18.1875,2,2token,not_valid_noun
crows,b _,-18.1875,2,2token,not_valid_noun
crows,thing we,-18.1875,2,2token,not_valid_noun
crows,thing like,-18.1875,2,2token,incomplete_phrase
crows,car are,-18.1875,2,2token,incomplete_phrase
crows,F =,-18.1875,2,2token,not_valid_noun
crows,eagle in,-18.1875,2,2token,not_valid_noun
crows,pet and,-18.1875,2,2token,incomplete_phrase
crows,owl with,-18.1875,2,2token,incomplete_phrase
crows,owl :,-18.1875,2,2token,not_valid_noun
crows,that help,-18.1875,2,2token,incomplete_phrase
crows,that in,-18.1875,2,2token,not_valid_noun
crows,e Birds,-18.1875,2,2token,not_valid_noun
crows,e ---,-18.1875,2,2token,not_valid_noun
crows,e [,-18.1875,2,2token,not_valid_noun
crows,beast _______,-18.1875,2,2token,not_valid_noun
crows,other big,-18.1875,2,2token,not_valid_noun
crows,parrot but,-18.1875,2,2token,incomplete_phrase
crows,feathered crit,-18.1875,2,2token,incomplete_phrase
crows,parrot Download,-18.1875,2,2token,not_valid_noun
crows,that walk,-18.1875,2,2token,incomplete_phrase
crows,that lay,-18.1875,2,2token,incomplete_phrase
crows,that often,-18.1875,2,2token,not_valid_noun
crows,insect Answer,-18.1875,2,2token,not_valid_noun
crows,that flew,-18.1875,2,2token,incomplete_phrase
crows,that walks,-18.1875,2,2token,incomplete_phrase
crows,that Complete,-18.1875,2,2token,not_valid_noun
crows,common (,-18.1875,2,2token,not_valid_noun
crows,pigeon are,-18.1875,2,2token,incomplete_phrase
crows,pigeon Answer,-18.1875,2,2token,not_valid_noun
crows,pigeon Correct,-18.1875,2,2token,not_valid_noun
crows,type o,-18.1875,2,2token,not_valid_noun
crows,type on,-18.1875,2,2token,not_valid_noun
crows,type …,-18.1875,2,2token,not_valid_noun
crows,type _____,-18.1875,2,2token,not_valid_noun
crows,duck and,-18.1875,2,2token,incomplete_phrase
crows,птица,-18.1875,2,2token,not_valid_noun
crows,* ________,-18.1875,2,2token,not_valid_noun
crows,car at,-18.1875,2,2token,not_valid_noun
crows,………… ?,-18.1875,2,2token,not_valid_noun
crows,………… Write,-18.1875,2,2token,not_valid_noun
crows,tree Answer,-18.1875,2,2token,not_valid_noun
crows,or …,-18.1875,2,2token,not_valid_noun
crows,or name,-18.1875,2,2token,not_valid_noun
crows,"or ,",-18.1875,2,2token,not_valid_noun
crows,or family,-18.1875,2,2token,not_valid_noun
crows,* *.,-18.1875,2,2token,not_valid_noun
crows,hen and,-18.1875,2,2token,incomplete_phrase
crows,bat ...,-18.1875,2,2token,not_valid_noun
crows,bat complete,-18.1875,2,2token,not_valid_noun
crows,wildlife of,-18.1875,2,2token,not_valid_noun
crows,avi which,-18.1875,2,2token,incomplete_phrase
crows,wildlife COMPLETE,-18.1875,2,2token,not_valid_noun
crows,wildlife ....,-18.1875,2,2token,not_valid_noun
crows,beak in,-18.1875,2,2token,not_valid_noun
crows,flight Complete,-18.1875,2,2token,not_valid_noun
crows,flight ____,-18.1875,2,2token,not_valid_noun
crows,dog ...,-18.1875,2,2token,not_valid_noun
crows,flight less,-18.1875,2,2token,incomplete_phrase
crows,"Birds ,",-18.1875,2,2token,not_valid_noun
crows,Birds English,-18.1875,2,2token,incomplete_phrase
crows,Birds Are,-18.1875,2,2token,incomplete_phrase
crows,Birds Correct,-18.1875,2,2token,not_valid_noun
crows,av a,-18.21875,2,2token,not_valid_noun
crows,av which,-18.21875,2,2token,not_valid_noun
crows,BIRDS ...,-18.21875,2,2token,not_valid_noun
crows,av ________,-18.21875,2,2token,not_valid_noun
crows,---- Correct,-18.21875,2,2token,not_valid_noun
crows,class A,-18.21875,2,2token,not_valid_noun
crows,BIRDS COMPLETE,-18.21875,2,2token,not_valid_noun
crows,---- ...,-18.21875,2,2token,not_valid_noun
crows,d ......,-18.21875,2,2token,not_valid_noun
crows,s The,-18.21875,2,2token,not_valid_noun
crows,d ___________,-18.21875,2,2token,not_valid_noun
crows,\_ animal,-18.21875,2,2token,not_valid_noun
crows,game ..,-18.25,2,2token,not_valid_noun
crows,is to,-18.25,2,2token,not_valid_noun
crows,avi in,-18.25,2,2token,not_valid_noun
crows,fish for,-18.25,2,2token,not_valid_noun
crows,name -,-18.25,2,2token,not_valid_noun
crows,b ---,-18.25,2,2token,not_valid_noun
crows,is of,-18.25,2,2token,not_valid_noun
crows,or and,-18.25,2,2token,not_valid_noun
crows,fruit are,-18.25,2,2token,incomplete_phrase
crows,b black,-18.25,2,2token,not_valid_noun
crows,creature What,-18.25,2,2token,incomplete_phrase
crows,p What,-18.25,2,2token,not_valid_noun
crows,vertebrate in,-18.25,2,2token,not_valid_noun
crows,monkey ....,-18.25,2,2token,not_valid_noun
crows,monkey Fill,-18.25,2,2token,not_valid_noun
crows,birdie COMPLETE,-18.25,2,2token,not_valid_noun
crows,e g,-18.25,2,2token,not_valid_noun
crows,e .....,-18.25,2,2token,not_valid_noun
crows,birdie Fill,-18.25,2,2token,not_valid_noun
crows,birdie -,-18.25,2,2token,not_valid_noun
crows,fish from,-18.25,2,2token,incomplete_phrase
crows,species ______,-18.25,2,2token,not_valid_noun
crows,fruit with,-18.25,2,2token,incomplete_phrase
crows,fruit :,-18.25,2,2token,not_valid_noun
crows,F F,-18.25,2,2token,not_valid_noun
crows,BIRD –,-18.25,2,2token,not_valid_noun
crows,BIRD because,-18.25,2,2token,incomplete_phrase
crows,BIRD _____,-18.25,2,2token,not_valid_noun
crows,BIRD the,-18.25,2,2token,incomplete_phrase
crows,fruit complete,-18.25,2,2token,not_valid_noun
crows,adjective for,-18.25,2,2token,not_valid_noun
crows,adjective to,-18.25,2,2token,not_valid_noun
crows,fish the,-18.25,2,2token,incomplete_phrase
crows,species ________,-18.25,2,2token,not_valid_noun
crows,fish of,-18.25,2,2token,not_valid_noun
crows,or _,-18.25,2,2token,not_valid_noun
crows,sea crit,-18.25,2,2token,incomplete_phrase
crows,car //,-18.25,2,2token,not_valid_noun
crows,fruit is,-18.25,2,2token,not_valid_noun
crows,member from,-18.25,2,2token,incomplete_phrase
crows,____,-18.25,2,2token,not_valid_noun
crows,kind =,-18.25,2,2token,not_valid_noun
crows,sea in,-18.25,2,2token,not_valid_noun
crows,.............. This,-18.28125,2,2token,not_valid_noun
crows,word on,-18.28125,2,2token,not_valid_noun
crows,living be,-18.28125,2,2token,not_valid_noun
crows,X ray,-18.28125,2,2token,not_valid_noun
crows,d __________,-18.28125,2,2token,not_valid_noun
crows,d of,-18.28125,2,2token,not_valid_noun
crows,d in,-18.28125,2,2token,not_valid_noun
crows,d is,-18.28125,2,2token,not_valid_noun
crows,blue ________,-18.28125,2,2token,not_valid_noun
crows,< symbol,-18.28125,2,2token,not_valid_noun
crows,< ...,-18.28125,2,2token,not_valid_noun
crows,.............. :,-18.28125,2,2token,not_valid_noun
crows,.............. Use,-18.28125,2,2token,not_valid_noun
crows,Animal _______,-18.28125,2,2token,not_valid_noun
crows,Animal ______,-18.28125,2,2token,not_valid_noun
crows,o _,-18.28125,2,2token,not_valid_noun
crows,forest in,-18.28125,2,2token,not_valid_noun
crows,forest -,-18.28125,2,2token,not_valid_noun
crows,fe _______,-18.28125,2,2token,not_valid_noun
crows,X What,-18.28125,2,2token,not_valid_noun
crows,o ce,-18.28125,2,2token,not_valid_noun
crows,n ____________,-18.28125,2,2token,not_valid_noun
crows,X -,-18.28125,2,2token,not_valid_noun
crows,are ....,-18.28125,2,2token,not_valid_noun
crows,…………………… …,-18.28125,2,2token,not_valid_noun
crows,beak or,-18.3125,2,2token,not_valid_noun
crows,mammals ____,-18.3125,2,2token,not_valid_noun
crows,other large,-18.3125,2,2token,incomplete_phrase
crows,[ word,-18.3125,2,2token,not_valid_noun
crows,beast [,-18.3125,2,2token,not_valid_noun
crows,* fish,-18.3125,2,2token,not_valid_noun
crows,beast called,-18.3125,2,2token,incomplete_phrase
crows,[ _____,-18.3125,2,2token,not_valid_noun
crows,e aves,-18.3125,2,2token,not_valid_noun
crows,Birds Which,-18.3125,2,2token,incomplete_phrase
crows,car crows,-18.3125,2,2token,incomplete_phrase
crows,Birds How,-18.3125,2,2token,incomplete_phrase
crows,Birds Comple,-18.3125,2,2token,incomplete_phrase
crows,F L,-18.3125,2,2token,not_valid_noun
crows,beast :,-18.3125,2,2token,not_valid_noun
crows,feathered [,-18.3125,2,2token,not_valid_noun
crows,mammals of,-18.3125,2,2token,not_valid_noun
crows,ave /,-18.3125,2,2token,not_valid_noun
crows,type /,-18.3125,2,2token,not_valid_noun
crows,fowls or,-18.3125,2,2token,not_valid_noun
crows,this big,-18.3125,2,2token,not_valid_noun
crows,pigeon :,-18.3125,2,2token,not_valid_noun
crows,pigeon /,-18.3125,2,2token,not_valid_noun
crows,type _,-18.3125,2,2token,not_valid_noun
crows,duck complete,-18.3125,2,2token,not_valid_noun
crows,type _______,-18.3125,2,2token,not_valid_noun
crows,food is,-18.3125,2,2token,not_valid_noun
crows,avi ....,-18.3125,2,2token,not_valid_noun
crows,food .....,-18.3125,2,2token,not_valid_noun
crows,grey ..,-18.3125,2,2token,not_valid_noun
crows,hen ...,-18.3125,2,2token,not_valid_noun
crows,Birds the,-18.3125,2,2token,incomplete_phrase
crows,avi or,-18.3125,2,2token,not_valid_noun
crows,птицы,-18.3125,2,2token,not_valid_noun
crows,av _____,-18.3125,2,2token,not_valid_noun
crows,wildlife Answer,-18.3125,2,2token,not_valid_noun
crows,this A,-18.3125,2,2token,not_valid_noun
crows,tree is,-18.3125,2,2token,not_valid_noun
crows,Birds [,-18.3125,2,2token,not_valid_noun
crows,………… In,-18.3125,2,2token,not_valid_noun
crows,owl called,-18.3125,2,2token,incomplete_phrase
crows,pet COMPLETE,-18.3125,2,2token,not_valid_noun
crows,[ verb,-18.3125,2,2token,not_valid_noun
crows,ave that,-18.3125,2,2token,incomplete_phrase
crows,feathered or,-18.3125,2,2token,not_valid_noun
crows,eagle that,-18.3125,2,2token,incomplete_phrase
crows,eagle -,-18.3125,2,2token,not_valid_noun
crows,insect -,-18.3125,2,2token,not_valid_noun
crows,pest ....,-18.3125,2,2token,not_valid_noun
crows,e The,-18.3125,2,2token,not_valid_noun
crows,talk a,-18.34375,2,2token,not_valid_noun
crows,o b,-18.34375,2,2token,not_valid_noun
crows,fe :,-18.34375,2,2token,not_valid_noun
crows,fe bird,-18.34375,2,2token,not_valid_noun
crows,< in,-18.34375,2,2token,not_valid_noun
crows,d ….,-18.34375,2,2token,not_valid_noun
crows,talk of,-18.34375,2,2token,not_valid_noun
crows,talk ...,-18.34375,2,2token,not_valid_noun
crows,book Read,-18.34375,2,2token,not_valid_noun
crows,n American,-18.34375,2,2token,not_valid_noun
crows,turkey ...,-18.34375,2,2token,not_valid_noun
crows,---- ....,-18.34375,2,2token,not_valid_noun
crows,class or,-18.34375,2,2token,not_valid_noun
crows,plane that,-18.34375,2,2token,incomplete_phrase
crows,d r,-18.34375,2,2token,not_valid_noun
crows,---- Select,-18.34375,2,2token,not_valid_noun
crows,domestic wild,-18.34375,2,2token,incomplete_phrase
crows,"n ,",-18.34375,2,2token,not_valid_noun
crows,n t,-18.34375,2,2token,not_valid_noun
crows,fe .....,-18.34375,2,2token,not_valid_noun
crows,s ____________,-18.34375,2,2token,not_valid_noun
crows,domestic avi,-18.34375,2,2token,incomplete_phrase
crows,plane flying,-18.34375,2,2token,incomplete_phrase
crows,game :,-18.375,2,2token,not_valid_noun
crows,kind,-18.375,2,2token,incomplete_phrase
crows,kind .....,-18.375,2,2token,not_valid_noun
crows,av animals,-18.375,2,2token,not_valid_noun
crows,crows complete,-18.375,2,2token,not_valid_noun
crows,crows in,-18.375,2,2token,not_valid_noun
crows,BIRD not,-18.375,2,2token,incomplete_phrase
crows,is fruit,-18.375,2,2token,not_valid_noun
crows,is :,-18.375,2,2token,not_valid_noun
crows,.( Read,-18.375,2,2token,not_valid_noun
crows,avi a,-18.375,2,2token,not_valid_noun
crows,.( A,-18.375,2,2token,not_valid_noun
crows,.( Select,-18.375,2,2token,not_valid_noun
crows,sky is,-18.375,2,2token,not_valid_noun
crows,sky …,-18.375,2,2token,not_valid_noun
crows,kind ___,-18.375,2,2token,not_valid_noun
crows,antwoord,-18.375,2,2token,not_valid_noun
crows,kind [,-18.375,2,2token,not_valid_noun
crows,kind on,-18.375,2,2token,not_valid_noun
crows,kind A,-18.375,2,2token,not_valid_noun
crows,game /,-18.375,2,2token,not_valid_noun
crows,game to,-18.375,2,2token,not_valid_noun
crows,reptile or,-18.375,2,2token,not_valid_noun
crows,kind __,-18.375,2,2token,not_valid_noun
crows,kind ?,-18.375,2,2token,not_valid_noun
crows,meat -,-18.375,2,2token,not_valid_noun
crows,hawk and,-18.375,2,2token,incomplete_phrase
crows,species are,-18.375,2,2token,incomplete_phrase
crows,species Answer,-18.375,2,2token,not_valid_noun
crows,kind Read,-18.375,2,2token,not_valid_noun
crows,kind Of,-18.375,2,2token,not_valid_noun
crows,e animals,-18.375,2,2token,not_valid_noun
crows,w ……,-18.375,2,2token,not_valid_noun
crows,creature a,-18.375,2,2token,not_valid_noun
crows,creature …,-18.375,2,2token,not_valid_noun
crows,p ......,-18.375,2,2token,not_valid_noun
crows,bar ...,-18.375,2,2token,not_valid_noun
crows,creature .....,-18.375,2,2token,not_valid_noun
crows,creature _____,-18.375,2,2token,not_valid_noun
crows,p A,-18.375,2,2token,not_valid_noun
crows,p _,-18.375,2,2token,not_valid_noun
crows,name ______,-18.375,2,2token,not_valid_noun
crows,name _____,-18.375,2,2token,not_valid_noun
crows,vertebrate ....,-18.375,2,2token,not_valid_noun
crows,vertebrate living,-18.375,2,2token,incomplete_phrase
crows,part ...,-18.375,2,2token,not_valid_noun
crows,part the,-18.375,2,2token,incomplete_phrase
crows,part that,-18.375,2,2token,incomplete_phrase
crows,BIRD I,-18.375,2,2token,not_valid_noun
crows,family ...,-18.40625,2,2token,not_valid_noun
crows,X a,-18.40625,2,2token,not_valid_noun
crows,X Choose,-18.40625,2,2token,not_valid_noun
crows,family that,-18.40625,2,2token,incomplete_phrase
crows,X A,-18.40625,2,2token,not_valid_noun
crows,X or,-18.40625,2,2token,not_valid_noun
crows,< the,-18.40625,2,2token,not_valid_noun
crows,word ______,-18.40625,2,2token,not_valid_noun
crows,cor,-18.40625,2,2token,incomplete_phrase
crows,Animal ________,-18.40625,2,2token,not_valid_noun
crows,Animal ____,-18.40625,2,2token,not_valid_noun
crows,Animal and,-18.40625,2,2token,incomplete_phrase
crows,Animal -,-18.40625,2,2token,not_valid_noun
crows,person or,-18.40625,2,2token,not_valid_noun
crows,blue sea,-18.40625,2,2token,incomplete_phrase
crows,blue _______,-18.40625,2,2token,not_valid_noun
crows,fe _________,-18.40625,2,2token,not_valid_noun
crows,d __,-18.40625,2,2token,not_valid_noun
crows,d o,-18.40625,2,2token,not_valid_noun
crows,…………………… fruit,-18.40625,2,2token,not_valid_noun
crows,o k,-18.40625,2,2token,not_valid_noun
crows,are type,-18.40625,2,2token,not_valid_noun
crows,are black,-18.40625,2,2token,not_valid_noun
crows,are wild,-18.40625,2,2token,not_valid_noun
crows,are _______,-18.40625,2,2token,not_valid_noun
crows,d .....,-18.40625,2,2token,not_valid_noun
crows,s the,-18.40625,2,2token,not_valid_noun
crows,e Read,-18.4375,2,2token,not_valid_noun
crows,--- of,-18.4375,2,2token,not_valid_noun
crows,human ...,-18.4375,2,2token,not_valid_noun
crows,part _______,-18.4375,2,2token,not_valid_noun
crows,part or,-18.4375,2,2token,not_valid_noun
crows,part a,-18.4375,2,2token,not_valid_noun
crows,symbol ...,-18.4375,2,2token,not_valid_noun
crows,[ ________,-18.4375,2,2token,not_valid_noun
crows,tree :,-18.4375,2,2token,not_valid_noun
crows,Birds but,-18.4375,2,2token,incomplete_phrase
crows,Birds I,-18.4375,2,2token,not_valid_noun
crows,F you,-18.4375,2,2token,not_valid_noun
crows,--- fruit,-18.4375,2,2token,not_valid_noun
crows,--- _,-18.4375,2,2token,not_valid_noun
crows,bat or,-18.4375,2,2token,not_valid_noun
crows,bat and,-18.4375,2,2token,incomplete_phrase
crows,vegetable ...,-18.4375,2,2token,not_valid_noun
crows,symbol and,-18.4375,2,2token,incomplete_phrase
crows,insect :,-18.4375,2,2token,not_valid_noun
crows,owl Correct,-18.4375,2,2token,not_valid_noun
crows,common _____,-18.4375,2,2token,not_valid_noun
crows,* Use,-18.4375,2,2token,not_valid_noun
crows,* ?,-18.4375,2,2token,not_valid_noun
crows,* What,-18.4375,2,2token,not_valid_noun
crows,* ______,-18.4375,2,2token,not_valid_noun
crows,*,-18.4375,2,2token,not_valid_noun
crows,* ____,-18.4375,2,2token,not_valid_noun
crows,o is,-18.4375,2,2token,not_valid_noun
crows,o n,-18.4375,2,2token,not_valid_noun
crows,insect .....,-18.4375,2,2token,not_valid_noun
crows,food _______,-18.4375,2,2token,not_valid_noun
crows,wildlife -,-18.4375,2,2token,not_valid_noun
crows,wildlife ____,-18.4375,2,2token,not_valid_noun
crows,…………,-18.4375,2,2token,not_valid_noun
crows,………… There,-18.4375,2,2token,not_valid_noun
crows,………… Continue,-18.4375,2,2token,not_valid_noun
crows,………… Correct,-18.4375,2,2token,not_valid_noun
crows,av ____,-18.4375,2,2token,not_valid_noun
crows,avi that,-18.4375,2,2token,incomplete_phrase
crows,pet ....,-18.4375,2,2token,not_valid_noun
crows,pet ____,-18.4375,2,2token,not_valid_noun
crows,pigeon [,-18.4375,2,2token,not_valid_noun
crows,owl because,-18.4375,2,2token,incomplete_phrase
crows,owl Read,-18.4375,2,2token,not_valid_noun
crows,type called,-18.4375,2,2token,incomplete_phrase
crows,this are,-18.4375,2,2token,incomplete_phrase
crows,mammals ________,-18.4375,2,2token,not_valid_noun
crows,eagle ....,-18.4375,2,2token,not_valid_noun
crows,p Continue,-18.4375,2,2token,not_valid_noun
crows,type with,-18.4375,2,2token,incomplete_phrase
crows,duck ....,-18.4375,2,2token,not_valid_noun
crows,living ______,-18.4375,2,2token,not_valid_noun
crows,type ________,-18.4375,2,2token,not_valid_noun
crows,beast ____,-18.4375,2,2token,not_valid_noun
crows,other ______,-18.4375,2,2token,not_valid_noun
crows,other ________,-18.4375,2,2token,not_valid_noun
crows,mammals who,-18.4375,2,2token,incomplete_phrase
crows,[ C,-18.4375,2,2token,not_valid_noun
crows,beak of,-18.4375,2,2token,not_valid_noun
crows,beak ....,-18.4375,2,2token,not_valid_noun
crows,raptor ...,-18.4375,2,2token,not_valid_noun
crows,raptor and,-18.4375,2,2token,incomplete_phrase
crows,av ______,-18.46875,2,2token,not_valid_noun
crows,---- crows,-18.46875,2,2token,not_valid_noun
crows,---- _.,-18.46875,2,2token,not_valid_noun
crows,class ____,-18.46875,2,2token,not_valid_noun
crows,class that,-18.46875,2,2token,incomplete_phrase
crows,class :,-18.46875,2,2token,not_valid_noun
crows,d animal,-18.46875,2,2token,not_valid_noun
crows,class ...,-18.46875,2,2token,not_valid_noun
crows,\_ ..,-18.46875,2,2token,not_valid_noun
crows,ra (,-18.46875,2,2token,not_valid_noun
crows,domestic ___,-18.46875,2,2token,not_valid_noun
crows,domestic _,-18.46875,2,2token,not_valid_noun
crows,s in,-18.46875,2,2token,not_valid_noun
crows,< blank,-18.46875,2,2token,not_valid_noun
crows,s species,-18.46875,2,2token,not_valid_noun
crows,talk Complete,-18.46875,2,2token,not_valid_noun
crows,talk ____,-18.46875,2,2token,not_valid_noun
crows,cat ...,-18.46875,2,2token,not_valid_noun
crows,talk in,-18.46875,2,2token,not_valid_noun
crows,domestic a,-18.46875,2,2token,not_valid_noun
crows,car Total,-18.5,2,2token,incomplete_phrase
crows,vertebrate complete,-18.5,2,2token,not_valid_noun
crows,species living,-18.5,2,2token,incomplete_phrase
crows,species to,-18.5,2,2token,not_valid_noun
crows,name with,-18.5,2,2token,incomplete_phrase
crows,creature A,-18.5,2,2token,not_valid_noun
crows,fruit from,-18.5,2,2token,incomplete_phrase
crows,water _______,-18.5,2,2token,not_valid_noun
crows,av /,-18.5,2,2token,not_valid_noun
crows,av -,-18.5,2,2token,not_valid_noun
crows,game Download,-18.5,2,2token,not_valid_noun
crows,game on,-18.5,2,2token,not_valid_noun
crows,ape and,-18.5,2,2token,incomplete_phrase
crows,sky -,-18.5,2,2token,not_valid_noun
crows,avi [,-18.5,2,2token,not_valid_noun
crows,car ____,-18.5,2,2token,not_valid_noun
crows,w Bird,-18.5,2,2token,not_valid_noun
crows,creature such,-18.5,2,2token,incomplete_phrase
crows,o ----,-18.5,2,2token,not_valid_noun
crows,monkey or,-18.5,2,2token,not_valid_noun
crows,vertebrate Fill,-18.5,2,2token,not_valid_noun
crows,.( ).,-18.5,2,2token,not_valid_noun
crows,F Word,-18.5,2,2token,not_valid_noun
crows,meat for,-18.5,2,2token,incomplete_phrase
crows,w or,-18.5,2,2token,not_valid_noun
crows,e —,-18.5,2,2token,not_valid_noun
crows,is A,-18.5,2,2token,not_valid_noun
crows,is _______,-18.5,2,2token,not_valid_noun
crows,creature Comple,-18.5,2,2token,incomplete_phrase
crows,game ....,-18.5,2,2token,not_valid_noun
crows,e at,-18.5,2,2token,not_valid_noun
crows,car The,-18.5,2,2token,incomplete_phrase
crows,kind if,-18.5,2,2token,not_valid_noun
crows,kind to,-18.5,2,2token,not_valid_noun
crows,name this,-18.5,2,2token,incomplete_phrase
crows,person ....,-18.53125,2,2token,not_valid_noun
crows,s are,-18.53125,2,2token,not_valid_noun
crows,singing (,-18.53125,2,2token,not_valid_noun
crows,feathers of,-18.53125,2,2token,not_valid_noun
crows,are we,-18.53125,2,2token,not_valid_noun
crows,fe ......,-18.53125,2,2token,not_valid_noun
crows,s s,-18.53125,2,2token,not_valid_noun
crows,are mammals,-18.53125,2,2token,not_valid_noun
crows,domestic __,-18.53125,2,2token,not_valid_noun
crows,family or,-18.53125,2,2token,not_valid_noun
crows,d birds,-18.53125,2,2token,not_valid_noun
crows,X animals,-18.53125,2,2token,not_valid_noun
crows,are or,-18.53125,2,2token,not_valid_noun
crows,person complete,-18.53125,2,2token,not_valid_noun
crows,are these,-18.53125,2,2token,not_valid_noun
crows,are :,-18.53125,2,2token,not_valid_noun
crows,are flying,-18.53125,2,2token,not_valid_noun
crows,feathers or,-18.53125,2,2token,not_valid_noun
crows,feathers ....,-18.53125,2,2token,not_valid_noun
crows,are _____,-18.53125,2,2token,not_valid_noun
crows,are one,-18.53125,2,2token,not_valid_noun
crows,part ________,-18.5625,2,2token,not_valid_noun
crows,pet /,-18.5625,2,2token,not_valid_noun
crows,"avi ,",-18.5625,2,2token,not_valid_noun
crows,pest Full,-18.5625,2,2token,incomplete_phrase
crows,thing ...,-18.5625,2,2token,not_valid_noun
crows,thing -,-18.5625,2,2token,not_valid_noun
crows,pet to,-18.5625,2,2token,not_valid_noun
crows,wildlife /,-18.5625,2,2token,not_valid_noun
crows,wildlife on,-18.5625,2,2token,not_valid_noun
crows,wildlife ______,-18.5625,2,2token,not_valid_noun
crows,< an,-18.5625,2,2token,not_valid_noun
crows,< em,-18.5625,2,2token,not_valid_noun
crows,pigeon by,-18.5625,2,2token,not_valid_noun
crows,pigeon Read,-18.5625,2,2token,not_valid_noun
crows,pigeon …,-18.5625,2,2token,not_valid_noun
crows,o d,-18.5625,2,2token,not_valid_noun
crows,duck COMPLETE,-18.5625,2,2token,not_valid_noun
crows,predator or,-18.5625,2,2token,not_valid_noun
crows,predator and,-18.5625,2,2token,incomplete_phrase
crows,type [,-18.5625,2,2token,not_valid_noun
crows,type ______,-18.5625,2,2token,not_valid_noun
crows,tree _____,-18.5625,2,2token,not_valid_noun
crows,food :,-18.5625,2,2token,not_valid_noun
crows,insect /,-18.5625,2,2token,not_valid_noun
crows,grey _,-18.5625,2,2token,not_valid_noun
crows,noun ...,-18.5625,2,2token,not_valid_noun
crows,food on,-18.5625,2,2token,not_valid_noun
crows,color of,-18.5625,2,2token,not_valid_noun
crows,___,-18.5625,2,2token,not_valid_noun
crows,F animal,-18.5625,2,2token,not_valid_noun
crows,F P,-18.5625,2,2token,not_valid_noun
crows,flight ________,-18.5625,2,2token,not_valid_noun
crows,tree /,-18.5625,2,2token,not_valid_noun
crows,food with,-18.5625,2,2token,incomplete_phrase
crows,raven is,-18.5625,2,2token,not_valid_noun
crows,owl a,-18.5625,2,2token,not_valid_noun
crows,beast ______,-18.5625,2,2token,not_valid_noun
crows,other -,-18.5625,2,2token,not_valid_noun
crows,pigeon ..,-18.5625,2,2token,not_valid_noun
crows,owl by,-18.5625,2,2token,not_valid_noun
crows,owl A,-18.5625,2,2token,not_valid_noun
crows,people ....,-18.5625,2,2token,not_valid_noun
crows,owl The,-18.5625,2,2token,incomplete_phrase
crows,owl but,-18.5625,2,2token,incomplete_phrase
crows,owl [,-18.5625,2,2token,not_valid_noun
crows,owl _______,-18.5625,2,2token,not_valid_noun
crows,other :,-18.5625,2,2token,not_valid_noun
crows,ave .....,-18.5625,2,2token,not_valid_noun
crows,ave ..,-18.5625,2,2token,not_valid_noun
crows,ave _,-18.5625,2,2token,not_valid_noun
crows,ave of,-18.5625,2,2token,not_valid_noun
crows,car you,-18.5625,2,2token,incomplete_phrase
crows,* C,-18.5625,2,2token,not_valid_noun
crows,* :,-18.5625,2,2token,not_valid_noun
crows,--- A,-18.5625,2,2token,not_valid_noun
crows,* Birds,-18.5625,2,2token,not_valid_noun
crows,* flying,-18.5625,2,2token,not_valid_noun
crows,* mammal,-18.5625,2,2token,not_valid_noun
crows,---,-18.5625,2,2token,not_valid_noun
crows,--- I,-18.5625,2,2token,not_valid_noun
crows,--- ...,-18.5625,2,2token,not_valid_noun
crows,other ____,-18.5625,2,2token,not_valid_noun
crows,p I,-18.5625,2,2token,not_valid_noun
crows,mammals called,-18.5625,2,2token,not_valid_noun
crows,p of,-18.5625,2,2token,not_valid_noun
crows,mammals ______,-18.5625,2,2token,not_valid_noun
crows,mammals Read,-18.5625,2,2token,not_valid_noun
crows,dog and,-18.5625,2,2token,incomplete_phrase
crows,Animal :,-18.5625,2,2token,not_valid_noun
crows,Animal Answer,-18.5625,2,2token,not_valid_noun
crows,mammals but,-18.5625,2,2token,incomplete_phrase
crows,noise making,-18.59375,2,2token,incomplete_phrase
crows,plane and,-18.59375,2,2token,incomplete_phrase
crows,BIRDS ....,-18.59375,2,2token,not_valid_noun
crows,BIRDS complete,-18.59375,2,2token,not_valid_noun
crows,av <,-18.59375,2,2token,not_valid_noun
crows,aeroplane ...,-18.59375,2,2token,not_valid_noun
crows,av animal,-18.59375,2,2token,not_valid_noun
crows,s .....,-18.59375,2,2token,not_valid_noun
crows,cat complete,-18.59375,2,2token,not_valid_noun
crows,BIRDS in,-18.59375,2,2token,not_valid_noun
crows,---- fruit,-18.59375,2,2token,not_valid_noun
crows,---- The,-18.59375,2,2token,not_valid_noun
crows,---- in,-18.59375,2,2token,not_valid_noun
crows,---- ----,-18.59375,2,2token,not_valid_noun
crows,---- ______,-18.59375,2,2token,not_valid_noun
crows,turkey or,-18.59375,2,2token,not_valid_noun
crows,d mammal,-18.59375,2,2token,not_valid_noun
crows,fe lt,-18.59375,2,2token,not_valid_noun
crows,dinosaur ...,-18.59375,2,2token,not_valid_noun
crows,dinosaur complete,-18.59375,2,2token,not_valid_noun
crows,book ...,-18.59375,2,2token,not_valid_noun
crows,talk and,-18.59375,2,2token,not_valid_noun
crows,Raven are,-18.625,2,2token,incomplete_phrase
crows,species _____,-18.625,2,2token,not_valid_noun
crows,$\ _,-18.625,2,2token,not_valid_noun
crows,avi animals,-18.625,2,2token,not_valid_noun
crows,sky and,-18.625,2,2token,incomplete_phrase
crows,p …………,-18.625,2,2token,not_valid_noun
crows,adjective -,-18.625,2,2token,not_valid_noun
crows,p The,-18.625,2,2token,not_valid_noun
crows,fruit a,-18.625,2,2token,not_valid_noun
crows,sky living,-18.625,2,2token,incomplete_phrase
crows,ape Fill,-18.625,2,2token,not_valid_noun
crows,creature [,-18.625,2,2token,not_valid_noun
crows,o an,-18.625,2,2token,not_valid_noun
crows,is _____,-18.625,2,2token,not_valid_noun
crows,is crow,-18.625,2,2token,not_valid_noun
crows,monkey in,-18.625,2,2token,not_valid_noun
crows,Raven complete,-18.625,2,2token,not_valid_noun
crows,sky ______,-18.625,2,2token,not_valid_noun
crows,creature The,-18.625,2,2token,incomplete_phrase
crows,.( Use,-18.625,2,2token,not_valid_noun
crows,o __,-18.625,2,2token,not_valid_noun
crows,word which,-18.625,2,2token,incomplete_phrase
crows,word meaning,-18.625,2,2token,incomplete_phrase
crows,.( fill,-18.625,2,2token,not_valid_noun
crows,< subject,-18.625,2,2token,not_valid_noun
crows,< I,-18.625,2,2token,not_valid_noun
crows,word Final,-18.625,2,2token,incomplete_phrase
crows,vertebrate which,-18.625,2,2token,incomplete_phrase
crows,member the,-18.625,2,2token,incomplete_phrase
crows,F ___________,-18.625,2,2token,not_valid_noun
crows,Vögel,-18.625,2,2token,not_valid_noun
crows,F U,-18.625,2,2token,not_valid_noun
crows,F and,-18.625,2,2token,not_valid_noun
crows,F e,-18.625,2,2token,not_valid_noun
crows,F :,-18.625,2,2token,not_valid_noun
crows,species [,-18.625,2,2token,not_valid_noun
crows,fruit for,-18.625,2,2token,incomplete_phrase
crows,vertebrate or,-18.625,2,2token,not_valid_noun
crows,fruit The,-18.625,2,2token,incomplete_phrase
crows,reptile Fill,-18.625,2,2token,not_valid_noun
crows,reptile and,-18.625,2,2token,incomplete_phrase
crows,name from,-18.625,2,2token,incomplete_phrase
crows,Raven -,-18.625,2,2token,not_valid_noun
crows,is true,-18.625,2,2token,not_valid_noun
crows,w What,-18.625,2,2token,not_valid_noun
crows,crows or,-18.625,2,2token,not_valid_noun
crows,member or,-18.625,2,2token,not_valid_noun
crows,creature is,-18.625,2,2token,not_valid_noun
crows,game …,-18.625,2,2token,not_valid_noun
crows,fe I,-18.65625,2,2token,not_valid_noun
crows,X,-18.65625,2,2token,not_valid_noun
crows,X of,-18.65625,2,2token,not_valid_noun
crows,X,-18.65625,2,2token,not_valid_noun
crows,forest wild,-18.65625,2,2token,incomplete_phrase
crows,forest crit,-18.65625,2,2token,incomplete_phrase
crows,singing and,-18.65625,2,2token,incomplete_phrase
crows,family and,-18.65625,2,2token,incomplete_phrase
crows,domestic _______,-18.65625,2,2token,not_valid_noun
crows,blue part,-18.65625,2,2token,incomplete_phrase
crows,X Read,-18.65625,2,2token,not_valid_noun
crows,X Finish,-18.65625,2,2token,not_valid_noun
crows,…………………… ….,-18.65625,2,2token,not_valid_noun
crows,o creature,-18.65625,2,2token,not_valid_noun
crows,s _________,-18.65625,2,2token,not_valid_noun
crows,s Bird,-18.65625,2,2token,not_valid_noun
crows,are …,-18.65625,2,2token,not_valid_noun
crows,fe li,-18.65625,2,2token,not_valid_noun
crows,are food,-18.65625,2,2token,not_valid_noun
crows,mammals _____,-18.6875,2,2token,not_valid_noun
crows,mammals to,-18.6875,2,2token,not_valid_noun
crows,mammals :,-18.6875,2,2token,not_valid_noun
crows,pet of,-18.6875,2,2token,not_valid_noun
crows,Animal _____,-18.6875,2,2token,not_valid_noun
crows,mammals Edit,-18.6875,2,2token,incomplete_phrase
crows,………… What,-18.6875,2,2token,not_valid_noun
crows,mammals animals,-18.6875,2,2token,not_valid_noun
crows,insect with,-18.6875,2,2token,not_valid_noun
crows,p $,-18.6875,2,2token,not_valid_noun
crows,part -,-18.6875,2,2token,not_valid_noun
crows,---,-18.6875,2,2token,not_valid_noun
crows,mammals /,-18.6875,2,2token,not_valid_noun
crows,mammals [,-18.6875,2,2token,not_valid_noun
crows,beast ________,-18.6875,2,2token,not_valid_noun
crows,beast but,-18.6875,2,2token,incomplete_phrase
crows,beast .....,-18.6875,2,2token,not_valid_noun
crows,raven complete,-18.6875,2,2token,not_valid_noun
crows,flight and,-18.6875,2,2token,incomplete_phrase
crows,flight or,-18.6875,2,2token,not_valid_noun
crows,flight _____,-18.6875,2,2token,not_valid_noun
crows,beast like,-18.6875,2,2token,incomplete_phrase
crows,beast …,-18.6875,2,2token,not_valid_noun
crows,p ___,-18.6875,2,2token,not_valid_noun
crows,p This,-18.6875,2,2token,not_valid_noun
crows,food Source,-18.6875,2,2token,incomplete_phrase
crows,food _____,-18.6875,2,2token,not_valid_noun
crows,food ____,-18.6875,2,2token,not_valid_noun
crows,* Question,-18.6875,2,2token,not_valid_noun
crows,* adjective,-18.6875,2,2token,not_valid_noun
crows,* of,-18.6875,2,2token,not_valid_noun
crows,* Enter,-18.6875,2,2token,not_valid_noun
crows,* the,-18.6875,2,2token,not_valid_noun
crows,pet -,-18.6875,2,2token,not_valid_noun
crows,pet Answer,-18.6875,2,2token,not_valid_noun
crows,common _______,-18.6875,2,2token,not_valid_noun
crows,owl the,-18.6875,2,2token,incomplete_phrase
crows,human ____,-18.6875,2,2token,not_valid_noun
crows,p –,-18.6875,2,2token,not_valid_noun
crows,* __,-18.6875,2,2token,not_valid_noun
crows,* Animal,-18.6875,2,2token,not_valid_noun
crows,< your,-18.6875,2,2token,not_valid_noun
crows,w and,-18.6875,2,2token,not_valid_noun
crows,people with,-18.6875,2,2token,incomplete_phrase
crows,--- and,-18.6875,2,2token,not_valid_noun
crows,flight ______,-18.6875,2,2token,not_valid_noun
crows,food ______,-18.6875,2,2token,not_valid_noun
crows,beast ..,-18.6875,2,2token,not_valid_noun
crows,food from,-18.6875,2,2token,incomplete_phrase
crows,ave Answer,-18.6875,2,2token,not_valid_noun
crows,pigeon _____,-18.6875,2,2token,not_valid_noun
crows,food …,-18.6875,2,2token,not_valid_noun
crows,ave Read,-18.6875,2,2token,not_valid_noun
crows,type I,-18.6875,2,2token,not_valid_noun
crows,beast which,-18.6875,2,2token,incomplete_phrase
crows,[ animals,-18.6875,2,2token,not_valid_noun
crows,ave with,-18.6875,2,2token,incomplete_phrase
crows,type Write,-18.6875,2,2token,incomplete_phrase
crows,type Of,-18.6875,2,2token,not_valid_noun
crows,tree A,-18.6875,2,2token,not_valid_noun
crows,< is,-18.6875,2,2token,not_valid_noun
crows,ave __,-18.6875,2,2token,not_valid_noun
crows,type to,-18.6875,2,2token,not_valid_noun
crows,< e,-18.6875,2,2token,not_valid_noun
crows,pest _______,-18.6875,2,2token,not_valid_noun
crows,pest -,-18.6875,2,2token,not_valid_noun
crows,symbol which,-18.6875,2,2token,incomplete_phrase
crows,mammals a,-18.6875,2,2token,not_valid_noun
crows,mammals,-18.6875,2,2token,not_valid_noun
crows,dog in,-18.6875,2,2token,not_valid_noun
crows,fowls and,-18.6875,2,2token,incomplete_phrase
crows,turkey complete,-18.71875,2,2token,not_valid_noun
crows,turkey and,-18.71875,2,2token,incomplete_phrase
crows,s ___________,-18.71875,2,2token,not_valid_noun
crows,s _,-18.71875,2,2token,not_valid_noun
crows,cat or,-18.71875,2,2token,not_valid_noun
crows,o my,-18.71875,2,2token,not_valid_noun
crows,fe ​,-18.71875,2,2token,not_valid_noun
crows,fe _,-18.71875,2,2token,not_valid_noun
crows,fe l,-18.71875,2,2token,not_valid_noun
crows,s ……,-18.71875,2,2token,not_valid_noun
crows,talk ______,-18.71875,2,2token,not_valid_noun
crows,aeroplane complete,-18.71875,2,2token,not_valid_noun
crows,class and,-18.71875,2,2token,incomplete_phrase
crows,BIRDS and,-18.71875,2,2token,incomplete_phrase
crows,d d,-18.71875,2,2token,not_valid_noun
crows,class ________,-18.71875,2,2token,not_valid_noun
crows,\_ a,-18.71875,2,2token,not_valid_noun
crows,"---- ,",-18.71875,2,2token,not_valid_noun
crows,word by,-18.75,2,2token,not_valid_noun
crows,[ X,-18.75,2,2token,not_valid_noun
crows,[ Birds,-18.75,2,2token,not_valid_noun
crows,Raven in,-18.75,2,2token,not_valid_noun
crows,.( animals,-18.75,2,2token,not_valid_noun
crows,creature COMPLETE,-18.75,2,2token,not_valid_noun
crows,creature ….,-18.75,2,2token,not_valid_noun
crows,.( I,-18.75,2,2token,not_valid_noun
crows,[ +,-18.75,2,2token,not_valid_noun
crows,.( the,-18.75,2,2token,not_valid_noun
crows,monkey -,-18.75,2,2token,not_valid_noun
crows,birdie Read,-18.75,2,2token,not_valid_noun
crows,birdie of,-18.75,2,2token,not_valid_noun
crows,hawk COMPLETE,-18.75,2,2token,not_valid_noun
crows,reptile COMPLETE,-18.75,2,2token,not_valid_noun
crows,< number,-18.75,2,2token,not_valid_noun
crows,< word,-18.75,2,2token,not_valid_noun
crows,name _______,-18.75,2,2token,not_valid_noun
crows,game Answer,-18.75,2,2token,not_valid_noun
crows,crows ...,-18.75,2,2token,not_valid_noun
crows,crows that,-18.75,2,2token,incomplete_phrase
crows,word _____,-18.75,2,2token,not_valid_noun
crows,p and,-18.75,2,2token,not_valid_noun
crows,word ____,-18.75,2,2token,not_valid_noun
crows,word ________,-18.75,2,2token,not_valid_noun
crows,p ____________,-18.75,2,2token,not_valid_noun
crows,word End,-18.75,2,2token,incomplete_phrase
crows,living on,-18.75,2,2token,not_valid_noun
crows,living p,-18.75,2,2token,not_valid_noun
crows,meat ....,-18.75,2,2token,not_valid_noun
crows,living or,-18.75,2,2token,not_valid_noun
crows,meat ________,-18.75,2,2token,not_valid_noun
crows,creature at,-18.75,2,2token,not_valid_noun
crows,creature by,-18.75,2,2token,not_valid_noun
crows,hawk that,-18.75,2,2token,incomplete_phrase
crows,creature ..,-18.75,2,2token,not_valid_noun
crows,Raven a,-18.75,2,2token,not_valid_noun
crows,.( ...,-18.75,2,2token,not_valid_noun
crows,word are,-18.75,2,2token,incomplete_phrase
crows,adjective a,-18.75,2,2token,not_valid_noun
crows,domestic house,-18.75,2,2token,incomplete_phrase
crows,fruit flying,-18.75,2,2token,incomplete_phrase
crows,game _____,-18.75,2,2token,not_valid_noun
crows,ape ....,-18.75,2,2token,not_valid_noun
crows,word Find,-18.75,2,2token,incomplete_phrase
crows,domestic _____,-18.75,2,2token,not_valid_noun
crows,species A,-18.75,2,2token,not_valid_noun
crows,avi of,-18.75,2,2token,not_valid_noun
crows,water _____,-18.75,2,2token,not_valid_noun
crows,av e,-18.75,2,2token,not_valid_noun
crows,avi ;,-18.75,2,2token,not_valid_noun
crows,species Fill,-18.75,2,2token,not_valid_noun
crows,species known,-18.75,2,2token,incomplete_phrase
crows,species _,-18.75,2,2token,not_valid_noun
crows,water -,-18.75,2,2token,not_valid_noun
crows,species a,-18.75,2,2token,not_valid_noun
crows,avi ….,-18.75,2,2token,not_valid_noun
crows,name [,-18.75,2,2token,not_valid_noun
crows,name ________,-18.75,2,2token,not_valid_noun
crows,fruit ..,-18.75,2,2token,not_valid_noun
crows,vertebrate -,-18.75,2,2token,not_valid_noun
crows,word .....,-18.75,2,2token,not_valid_noun
crows,is …,-18.75,2,2token,not_valid_noun
crows,name by,-18.75,2,2token,not_valid_noun
crows,ra co,-18.75,2,2token,not_valid_noun
crows,adjective of,-18.75,2,2token,not_valid_noun
crows,species for,-18.75,2,2token,incomplete_phrase
crows,fruit _____,-18.75,2,2token,not_valid_noun
crows,F in,-18.75,2,2token,not_valid_noun
crows,is your,-18.75,2,2token,not_valid_noun
crows,w ild,-18.75,2,2token,not_valid_noun
crows,is ______,-18.75,2,2token,not_valid_noun
crows,meat is,-18.75,2,2token,not_valid_noun
crows,w ___________,-18.75,2,2token,not_valid_noun
crows,blue ___,-18.78125,2,2token,not_valid_noun
crows,o w,-18.78125,2,2token,not_valid_noun
crows,…………………… They,-18.78125,2,2token,not_valid_noun
crows,s or,-18.78125,2,2token,not_valid_noun
crows,o [,-18.78125,2,2token,not_valid_noun
crows,feathers that,-18.78125,2,2token,incomplete_phrase
crows,d .......,-18.78125,2,2token,not_valid_noun
crows,X species,-18.78125,2,2token,not_valid_noun
crows,d ____________,-18.78125,2,2token,not_valid_noun
crows,X _________,-18.78125,2,2token,not_valid_noun
crows,X Select,-18.78125,2,2token,not_valid_noun
crows,family to,-18.78125,2,2token,not_valid_noun
crows,X __,-18.78125,2,2token,not_valid_noun
crows,family ____,-18.78125,2,2token,not_valid_noun
crows,singing in,-18.78125,2,2token,not_valid_noun
crows,wildlife ________,-18.8125,2,2token,not_valid_noun
crows,tree ______,-18.8125,2,2token,not_valid_noun
crows,wildlife _______,-18.8125,2,2token,not_valid_noun
crows,wildlife _____,-18.8125,2,2token,not_valid_noun
crows,mammals _,-18.8125,2,2token,not_valid_noun
crows,mammals A,-18.8125,2,2token,not_valid_noun
crows,mammals because,-18.8125,2,2token,incomplete_phrase
crows,dog ....,-18.8125,2,2token,not_valid_noun
crows,vegetable ....,-18.8125,2,2token,not_valid_noun
crows,dog Fill,-18.8125,2,2token,not_valid_noun
crows,pest because,-18.8125,2,2token,incomplete_phrase
crows,dog COMPLETE,-18.8125,2,2token,not_valid_noun
crows,pest :,-18.8125,2,2token,not_valid_noun
crows,………… Also,-18.8125,2,2token,not_valid_noun
crows,symbol is,-18.8125,2,2token,not_valid_noun
crows,pest /,-18.8125,2,2token,not_valid_noun
crows,person with,-18.8125,2,2token,incomplete_phrase
crows,predator ...,-18.8125,2,2token,not_valid_noun
crows,pigeon which,-18.8125,2,2token,incomplete_phrase
crows,pigeon .....,-18.8125,2,2token,not_valid_noun
crows,owl Full,-18.8125,2,2token,incomplete_phrase
crows,owl ________,-18.8125,2,2token,not_valid_noun
crows,owl ____,-18.8125,2,2token,not_valid_noun
crows,hen ....,-18.8125,2,2token,not_valid_noun
crows,type if,-18.8125,2,2token,not_valid_noun
crows,hen is,-18.8125,2,2token,not_valid_noun
crows,food complete,-18.8125,2,2token,not_valid_noun
crows,food Read,-18.8125,2,2token,not_valid_noun
crows,type .....,-18.8125,2,2token,not_valid_noun
crows,food which,-18.8125,2,2token,incomplete_phrase
crows,food ..,-18.8125,2,2token,not_valid_noun
crows,food Item,-18.8125,2,2token,incomplete_phrase
crows,noun -,-18.8125,2,2token,not_valid_noun
crows,beast _____,-18.8125,2,2token,not_valid_noun
crows,tree …,-18.8125,2,2token,not_valid_noun
crows,tree Full,-18.8125,2,2token,incomplete_phrase
crows,tree .....,-18.8125,2,2token,not_valid_noun
crows,tree ________,-18.8125,2,2token,not_valid_noun
crows,food Fill,-18.8125,2,2token,not_valid_noun
crows,type f,-18.8125,2,2token,not_valid_noun
crows,beast Incomplete,-18.8125,2,2token,not_valid_noun
crows,mammals .....,-18.8125,2,2token,not_valid_noun
crows,--- ?,-18.8125,2,2token,not_valid_noun
crows,flight in,-18.8125,2,2token,not_valid_noun
crows,tree The,-18.8125,2,2token,incomplete_phrase
crows,p <,-18.8125,2,2token,not_valid_noun
crows,owl …,-18.8125,2,2token,not_valid_noun
crows,beast Comple,-18.8125,2,2token,incomplete_phrase
crows,owl ______,-18.8125,2,2token,not_valid_noun
crows,w …..,-18.8125,2,2token,not_valid_noun
crows,F all,-18.8125,2,2token,not_valid_noun
crows,F C,-18.8125,2,2token,not_valid_noun
crows,raven ....,-18.8125,2,2token,not_valid_noun
crows,beast ….,-18.8125,2,2token,not_valid_noun
crows,raven in,-18.8125,2,2token,not_valid_noun
crows,raven that,-18.8125,2,2token,incomplete_phrase
crows,other a,-18.8125,2,2token,not_valid_noun
crows,bat ....,-18.8125,2,2token,not_valid_noun
crows,--- fly,-18.8125,2,2token,not_valid_noun
crows,--- food,-18.8125,2,2token,not_valid_noun
crows,common type,-18.8125,2,2token,incomplete_phrase
crows,common or,-18.8125,2,2token,not_valid_noun
crows,common ___,-18.8125,2,2token,not_valid_noun
crows,owl /,-18.8125,2,2token,not_valid_noun
crows,bar in,-18.8125,2,2token,not_valid_noun
crows,--- _______,-18.8125,2,2token,not_valid_noun
crows,av in,-18.8125,2,2token,not_valid_noun
crows,pet with,-18.8125,2,2token,not_valid_noun
crows,"--- ,",-18.8125,2,2token,not_valid_noun
crows,………… How,-18.8125,2,2token,not_valid_noun
crows,part ______,-18.8125,2,2token,not_valid_noun
crows,insect …,-18.8125,2,2token,not_valid_noun
crows,avi ______,-18.8125,2,2token,not_valid_noun
crows,bat is,-18.8125,2,2token,not_valid_noun
crows,………… This,-18.8125,2,2token,not_valid_noun
crows,………… Example,-18.8125,2,2token,not_valid_noun
crows,< birds,-18.8125,2,2token,not_valid_noun
crows,pest Fill,-18.8125,2,2token,not_valid_noun
crows,symbol ....,-18.8125,2,2token,not_valid_noun
crows,Animal The,-18.8125,2,2token,incomplete_phrase
crows,Animal A,-18.8125,2,2token,not_valid_noun
crows,mammals,-18.8125,2,2token,not_valid_noun
crows,---- and,-18.84375,2,2token,not_valid_noun
crows,---- I,-18.84375,2,2token,not_valid_noun
crows,---- _,-18.84375,2,2token,not_valid_noun
crows,---- _______,-18.84375,2,2token,not_valid_noun
crows,---- _____,-18.84375,2,2token,not_valid_noun
crows,wood (,-18.84375,2,2token,not_valid_noun
crows,av _______,-18.84375,2,2token,not_valid_noun
crows,\_ animals,-18.84375,2,2token,not_valid_noun
crows,fe /,-18.84375,2,2token,not_valid_noun
crows,book ....,-18.84375,2,2token,not_valid_noun
crows,book about,-18.84375,2,2token,incomplete_phrase
crows,s __,-18.84375,2,2token,not_valid_noun
crows,s animals,-18.84375,2,2token,not_valid_noun
crows,s aves,-18.84375,2,2token,not_valid_noun
crows,o The,-18.84375,2,2token,not_valid_noun
crows,----,-18.84375,2,2token,not_valid_noun
crows,noise ...,-18.84375,2,2token,not_valid_noun
crows,----,-18.84375,2,2token,not_valid_noun
crows,plane is,-18.84375,2,2token,not_valid_noun
crows,d I,-18.84375,2,2token,not_valid_noun
crows,class on,-18.84375,2,2token,not_valid_noun
crows,class a,-18.84375,2,2token,not_valid_noun
crows,d animals,-18.84375,2,2token,not_valid_noun
crows,o p,-18.84375,2,2token,not_valid_noun
crows,o ---,-18.84375,2,2token,not_valid_noun
crows,o ….,-18.84375,2,2token,not_valid_noun
crows,o _________,-18.84375,2,2token,not_valid_noun
crows,< circle,-18.875,2,2token,not_valid_noun
crows,F are,-18.875,2,2token,not_valid_noun
crows,name are,-18.875,2,2token,incomplete_phrase
crows,name Give,-18.875,2,2token,incomplete_phrase
crows,avi i,-18.875,2,2token,not_valid_noun
crows,F /,-18.875,2,2token,not_valid_noun
crows,F is,-18.875,2,2token,not_valid_noun
crows,av =,-18.875,2,2token,not_valid_noun
crows,is _,-18.875,2,2token,not_valid_noun
crows,vertebrate _______,-18.875,2,2token,not_valid_noun
crows,domestic ani,-18.875,2,2token,incomplete_phrase
crows,fruit eating,-18.875,2,2token,incomplete_phrase
crows,water and,-18.875,2,2token,incomplete_phrase
crows,fruit ________,-18.875,2,2token,not_valid_noun
crows,ape that,-18.875,2,2token,incomplete_phrase
crows,adjective adjectives,-18.875,2,2token,incomplete_phrase
crows,fruit the,-18.875,2,2token,incomplete_phrase
crows,fruit ......,-18.875,2,2token,not_valid_noun
crows,ra __,-18.875,2,2token,not_valid_noun
crows,species ….,-18.875,2,2token,not_valid_noun
crows,adjective ...,-18.875,2,2token,not_valid_noun
crows,creature but,-18.875,2,2token,incomplete_phrase
crows,name as,-18.875,2,2token,not_valid_noun
crows,species …,-18.875,2,2token,not_valid_noun
crows,is any,-18.875,2,2token,not_valid_noun
crows,name ….,-18.875,2,2token,not_valid_noun
crows,living _______,-18.875,2,2token,not_valid_noun
crows,p ……,-18.875,2,2token,not_valid_noun
crows,p is,-18.875,2,2token,not_valid_noun
crows,p t,-18.875,2,2token,not_valid_noun
crows,is The,-18.875,2,2token,not_valid_noun
crows,"is ,",-18.875,2,2token,not_valid_noun
crows,colour ...,-18.875,2,2token,not_valid_noun
crows,colour of,-18.875,2,2token,not_valid_noun
crows,[ :,-18.875,2,2token,not_valid_noun
crows,sky or,-18.875,2,2token,not_valid_noun
crows,[ =,-18.875,2,2token,not_valid_noun
crows,w I,-18.875,2,2token,not_valid_noun
crows,living _____,-18.875,2,2token,not_valid_noun
crows,p .....,-18.875,2,2token,not_valid_noun
crows,is on,-18.875,2,2token,not_valid_noun
crows,meat _,-18.875,2,2token,not_valid_noun
crows,fruit /,-18.875,2,2token,not_valid_noun
crows,is very,-18.875,2,2token,not_valid_noun
crows,X Correct,-18.90625,2,2token,not_valid_noun
crows,ra ……,-18.90625,2,2token,not_valid_noun
crows,family called,-18.90625,2,2token,incomplete_phrase
crows,family is,-18.90625,2,2token,not_valid_noun
crows,"X ,",-18.90625,2,2token,not_valid_noun
crows,family with,-18.90625,2,2token,incomplete_phrase
crows,d or,-18.90625,2,2token,not_valid_noun
crows,d ___,-18.90625,2,2token,not_valid_noun
crows,s ......,-18.90625,2,2token,not_valid_noun
crows,fe If,-18.90625,2,2token,not_valid_noun
crows,…………………… food,-18.90625,2,2token,not_valid_noun
crows,fe ….,-18.90625,2,2token,not_valid_noun
crows,d …………,-18.90625,2,2token,not_valid_noun
crows,o ___,-18.90625,2,2token,not_valid_noun
crows,fe $,-18.90625,2,2token,not_valid_noun
crows,fe ed,-18.90625,2,2token,not_valid_noun
crows,verb ...,-18.90625,2,2token,not_valid_noun
crows,wood ______,-18.90625,2,2token,not_valid_noun
crows,verb in,-18.90625,2,2token,not_valid_noun
crows,symbol from,-18.9375,2,2token,incomplete_phrase
crows,symbol _______,-18.9375,2,2token,not_valid_noun
crows,thing is,-18.9375,2,2token,not_valid_noun
crows,Animal with,-18.9375,2,2token,not_valid_noun
crows,Animal What,-18.9375,2,2token,incomplete_phrase
crows,………… It,-18.9375,2,2token,not_valid_noun
crows,………… You,-18.9375,2,2token,not_valid_noun
crows,………… To,-18.9375,2,2token,not_valid_noun
crows,………… Fruit,-18.9375,2,2token,not_valid_noun
crows,pet _____,-18.9375,2,2token,not_valid_noun
crows,color in,-18.9375,2,2token,not_valid_noun
crows,forest and,-18.9375,2,2token,incomplete_phrase
crows,forest or,-18.9375,2,2token,not_valid_noun
crows,noun _______,-18.9375,2,2token,not_valid_noun
crows,avi =,-18.9375,2,2token,not_valid_noun
crows,F __________,-18.9375,2,2token,not_valid_noun
crows,F …,-18.9375,2,2token,not_valid_noun
crows,thing /,-18.9375,2,2token,not_valid_noun
crows,pest _____,-18.9375,2,2token,not_valid_noun
crows,………… –,-18.9375,2,2token,not_valid_noun
crows,………… of,-18.9375,2,2token,not_valid_noun
crows,beast Edit,-18.9375,2,2token,incomplete_phrase
crows,beast to,-18.9375,2,2token,not_valid_noun
crows,beast is,-18.9375,2,2token,not_valid_noun
crows,beast by,-18.9375,2,2token,not_valid_noun
crows,food are,-18.9375,2,2token,incomplete_phrase
crows,w [,-18.9375,2,2token,not_valid_noun
crows,food Answer,-18.9375,2,2token,not_valid_noun
crows,w /,-18.9375,2,2token,not_valid_noun
crows,food ________,-18.9375,2,2token,not_valid_noun
crows,noun of,-18.9375,2,2token,not_valid_noun
crows,w h,-18.9375,2,2token,not_valid_noun
crows,w the,-18.9375,2,2token,not_valid_noun
crows,food /,-18.9375,2,2token,not_valid_noun
crows,sparrow and,-18.9375,2,2token,incomplete_phrase
crows,raptor with,-18.9375,2,2token,incomplete_phrase
crows,sparrow ...,-18.9375,2,2token,not_valid_noun
crows,pigeon _,-18.9375,2,2token,not_valid_noun
crows,living crea,-18.9375,2,2token,incomplete_phrase
crows,pigeon Edit,-18.9375,2,2token,incomplete_phrase
crows,[ ______,-18.9375,2,2token,not_valid_noun
crows,owl _____,-18.9375,2,2token,not_valid_noun
crows,pigeon a,-18.9375,2,2token,not_valid_noun
crows,beast ......,-18.9375,2,2token,not_valid_noun
crows,beast Completed,-18.9375,2,2token,not_valid_noun
crows,beast a,-18.9375,2,2token,not_valid_noun
crows,people or,-18.9375,2,2token,not_valid_noun
crows,people are,-18.9375,2,2token,incomplete_phrase
crows,tree Read,-18.9375,2,2token,not_valid_noun
crows,eagle with,-18.9375,2,2token,incomplete_phrase
crows,eagle are,-18.9375,2,2token,incomplete_phrase
crows,tree _______,-18.9375,2,2token,not_valid_noun
crows,tree Total,-18.9375,2,2token,incomplete_phrase
crows,tree of,-18.9375,2,2token,not_valid_noun
crows,tree [,-18.9375,2,2token,not_valid_noun
crows,tree which,-18.9375,2,2token,incomplete_phrase
crows,people and,-18.9375,2,2token,incomplete_phrase
crows,mammals from,-18.9375,2,2token,incomplete_phrase
crows,goose or,-18.9375,2,2token,not_valid_noun
crows,--- in,-18.9375,2,2token,not_valid_noun
crows,raven -,-18.9375,2,2token,not_valid_noun
crows,common and,-18.9375,2,2token,not_valid_noun
crows,bat ____,-18.9375,2,2token,not_valid_noun
crows,goose ...,-18.9375,2,2token,not_valid_noun
crows,mammals …,-18.9375,2,2token,not_valid_noun
crows,insect that,-18.9375,2,2token,incomplete_phrase
crows,insect is,-18.9375,2,2token,not_valid_noun
crows,flight :,-18.9375,2,2token,not_valid_noun
crows,flight -,-18.9375,2,2token,not_valid_noun
crows,mammals ..,-18.9375,2,2token,not_valid_noun
crows,dog -,-18.9375,2,2token,not_valid_noun
crows,fowls ...,-18.9375,2,2token,not_valid_noun
crows,fowls of,-18.9375,2,2token,not_valid_noun
crows,talk _____,-18.96875,2,2token,not_valid_noun
crows,BIRDS -,-18.96875,2,2token,not_valid_noun
crows,---- ________,-18.96875,2,2token,not_valid_noun
crows,---- or,-18.96875,2,2token,not_valid_noun
crows,av the,-18.96875,2,2token,not_valid_noun
crows,class at,-18.96875,2,2token,not_valid_noun
crows,s animal,-18.96875,2,2token,not_valid_noun
crows,cat and,-18.96875,2,2token,incomplete_phrase
crows,av and,-18.96875,2,2token,not_valid_noun
crows,wood or,-18.96875,2,2token,not_valid_noun
crows,s What,-18.96875,2,2token,not_valid_noun
crows,adjective which,-19.0,2,2token,incomplete_phrase
crows,ave =,-19.0,2,2token,not_valid_noun
crows,"ave ,",-19.0,2,2token,not_valid_noun
crows,Raven The,-19.0,2,2token,incomplete_phrase
crows,Raven that,-19.0,2,2token,incomplete_phrase
crows,sky in,-19.0,2,2token,not_valid_noun
crows,[ i,-19.0,2,2token,not_valid_noun
crows,birdie [,-19.0,2,2token,not_valid_noun
crows,meat that,-19.0,2,2token,incomplete_phrase
crows,water fow,-19.0,2,2token,incomplete_phrase
crows,name your,-19.0,2,2token,incomplete_phrase
crows,avi --------------,-19.0,2,2token,not_valid_noun
crows,avi birds,-19.0,2,2token,not_valid_noun
crows,hawk ...,-19.0,2,2token,not_valid_noun
crows,hawk is,-19.0,2,2token,not_valid_noun
crows,member o,-19.0,2,2token,not_valid_noun
crows,< something,-19.0,2,2token,not_valid_noun
crows,member on,-19.0,2,2token,not_valid_noun
crows,name you,-19.0,2,2token,incomplete_phrase
crows,name an,-19.0,2,2token,not_valid_noun
crows,name which,-19.0,2,2token,incomplete_phrase
crows,monkey :,-19.0,2,2token,not_valid_noun
crows,monkey Answer,-19.0,2,2token,not_valid_noun
crows,w of,-19.0,2,2token,not_valid_noun
crows,meat _____,-19.0,2,2token,not_valid_noun
crows,species by,-19.0,2,2token,not_valid_noun
crows,o mammal,-19.0,2,2token,not_valid_noun
crows,game with,-19.0,2,2token,incomplete_phrase
crows,Raven /,-19.0,2,2token,not_valid_noun
crows,birdie which,-19.0,2,2token,incomplete_phrase
crows,birdie :,-19.0,2,2token,not_valid_noun
crows,[ x,-19.0,2,2token,not_valid_noun
crows,p the,-19.0,2,2token,not_valid_noun
crows,colour in,-19.0,2,2token,not_valid_noun
crows,[ BIRD,-19.0,2,2token,not_valid_noun
crows,sky ________,-19.0,2,2token,not_valid_noun
crows,[ Read,-19.0,2,2token,not_valid_noun
crows,p round,-19.0,2,2token,not_valid_noun
crows,\_ -,-19.0,2,2token,not_valid_noun
crows,.( noun,-19.0,2,2token,not_valid_noun
crows,.( Bird,-19.0,2,2token,not_valid_noun
crows,.( _,-19.0,2,2token,not_valid_noun
crows,.( verb,-19.0,2,2token,not_valid_noun
crows,s e,-19.03125,2,2token,not_valid_noun
crows,fe male,-19.03125,2,2token,not_valid_noun
crows,blue _________,-19.03125,2,2token,not_valid_noun
crows,blue ___________,-19.03125,2,2token,not_valid_noun
crows,s h,-19.03125,2,2token,not_valid_noun
crows,wood eating,-19.03125,2,2token,incomplete_phrase
crows,av are,-19.03125,2,2token,not_valid_noun
crows,fe __________,-19.03125,2,2token,not_valid_noun
crows,d and,-19.03125,2,2token,not_valid_noun
crows,blue …,-19.03125,2,2token,not_valid_noun
crows,common small,-19.0625,2,2token,incomplete_phrase
crows,common kind,-19.0625,2,2token,incomplete_phrase
crows,beast from,-19.0625,2,2token,incomplete_phrase
crows,eagle :,-19.0625,2,2token,not_valid_noun
crows,wildlife Fill,-19.0625,2,2token,not_valid_noun
crows,wildlife which,-19.0625,2,2token,incomplete_phrase
crows,other sort,-19.0625,2,2token,incomplete_phrase
crows,insect ..,-19.0625,2,2token,not_valid_noun
crows,flight is,-19.0625,2,2token,not_valid_noun
crows,flight _______,-19.0625,2,2token,not_valid_noun
crows,flight the,-19.0625,2,2token,incomplete_phrase
crows,insect [,-19.0625,2,2token,not_valid_noun
crows,beak are,-19.0625,2,2token,incomplete_phrase
crows,tree to,-19.0625,2,2token,not_valid_noun
crows,"mammals ,",-19.0625,2,2token,not_valid_noun
crows,mammals What,-19.0625,2,2token,incomplete_phrase
crows,Animal of,-19.0625,2,2token,not_valid_noun
crows,pet ______,-19.0625,2,2token,not_valid_noun
crows,thing ....,-19.0625,2,2token,not_valid_noun
crows,thing I,-19.0625,2,2token,not_valid_noun
crows,pet Read,-19.0625,2,2token,not_valid_noun
crows,sparrow complete,-19.0625,2,2token,not_valid_noun
crows,thing a,-19.0625,2,2token,not_valid_noun
crows,………… …..,-19.0625,2,2token,not_valid_noun
crows,avi _.,-19.0625,2,2token,not_valid_noun
crows,< food,-19.0625,2,2token,not_valid_noun
crows,< A,-19.0625,2,2token,not_valid_noun
crows,< m,-19.0625,2,2token,not_valid_noun
crows,av that,-19.0625,2,2token,not_valid_noun
crows,avi is,-19.0625,2,2token,not_valid_noun
crows,raptor which,-19.0625,2,2token,incomplete_phrase
crows,thing and,-19.0625,2,2token,incomplete_phrase
crows,human ....,-19.0625,2,2token,not_valid_noun
crows,………… Food,-19.0625,2,2token,not_valid_noun
crows,………… “,-19.0625,2,2token,not_valid_noun
crows,part __,-19.0625,2,2token,not_valid_noun
crows,pigeon on,-19.0625,2,2token,not_valid_noun
crows,domestic f,-19.0625,2,2token,not_valid_noun
crows,other song,-19.0625,2,2token,incomplete_phrase
crows,other other,-19.0625,2,2token,not_valid_noun
crows,tree _,-19.0625,2,2token,not_valid_noun
crows,domestic black,-19.0625,2,2token,incomplete_phrase
crows,beak that,-19.0625,2,2token,incomplete_phrase
crows,p l,-19.0625,2,2token,not_valid_noun
crows,beak shaped,-19.0625,2,2token,incomplete_phrase
crows,beak -,-19.0625,2,2token,not_valid_noun
crows,beak _______,-19.0625,2,2token,not_valid_noun
crows,owl of,-19.0625,2,2token,not_valid_noun
crows,mammals like,-19.0625,2,2token,incomplete_phrase
crows,--- ______,-19.0625,2,2token,not_valid_noun
crows,--- ____,-19.0625,2,2token,not_valid_noun
crows,--- _.,-19.0625,2,2token,not_valid_noun
crows,--- or,-19.0625,2,2token,not_valid_noun
crows,mammals The,-19.0625,2,2token,incomplete_phrase
crows,--- fish,-19.0625,2,2token,not_valid_noun
crows,--- The,-19.0625,2,2token,not_valid_noun
crows,insect ….,-19.0625,2,2token,not_valid_noun
crows,mammals such,-19.0625,2,2token,incomplete_phrase
crows,common to,-19.0625,2,2token,not_valid_noun
crows,other and,-19.0625,2,2token,not_valid_noun
crows,bar and,-19.0625,2,2token,incomplete_phrase
crows,fowls complete,-19.0625,2,2token,not_valid_noun
crows,forest /,-19.0625,2,2token,not_valid_noun
crows,flies,-19.0625,2,2token,not_valid_noun
crows,…………,-19.0625,2,2token,not_valid_noun
crows,o $\,-19.0625,2,2token,not_valid_noun
crows,part from,-19.0625,2,2token,incomplete_phrase
crows,pigeon A,-19.0625,2,2token,not_valid_noun
crows,part A,-19.0625,2,2token,not_valid_noun
crows,forest …,-19.0625,2,2token,not_valid_noun
crows,part on,-19.0625,2,2token,not_valid_noun
crows,part _____,-19.0625,2,2token,not_valid_noun
crows,pigeon ____,-19.0625,2,2token,not_valid_noun
crows,pigeon The,-19.0625,2,2token,incomplete_phrase
crows,pigeon _______,-19.0625,2,2token,not_valid_noun
crows,noun a,-19.0625,2,2token,not_valid_noun
crows,o v,-19.0625,2,2token,not_valid_noun
crows,person to,-19.0625,2,2token,not_valid_noun
crows,living t,-19.0625,2,2token,not_valid_noun
crows,o and,-19.0625,2,2token,not_valid_noun
crows,av Animals,-19.0625,2,2token,not_valid_noun
crows,---- crow,-19.09375,2,2token,not_valid_noun
crows,plane ....,-19.09375,2,2token,not_valid_noun
crows,BIRDS that,-19.09375,2,2token,incomplete_phrase
crows,talk with,-19.09375,2,2token,not_valid_noun
crows,class _______,-19.09375,2,2token,not_valid_noun
crows,---- Bird,-19.09375,2,2token,not_valid_noun
crows,---- Answer,-19.09375,2,2token,not_valid_noun
crows,class C,-19.09375,2,2token,not_valid_noun
crows,class _____,-19.09375,2,2token,not_valid_noun
crows,class B,-19.09375,2,2token,not_valid_noun
crows,---- What,-19.09375,2,2token,not_valid_noun
crows,s I,-19.09375,2,2token,not_valid_noun
crows,s __________,-19.09375,2,2token,not_valid_noun
crows,d $\,-19.09375,2,2token,not_valid_noun
crows,plane …,-19.09375,2,2token,not_valid_noun
crows,plane -,-19.09375,2,2token,not_valid_noun
crows,BIRDS Fill,-19.09375,2,2token,not_valid_noun
crows,fe –,-19.09375,2,2token,not_valid_noun
crows,s t,-19.09375,2,2token,not_valid_noun
crows,ra and,-19.125,2,2token,not_valid_noun
crows,.( They,-19.125,2,2token,not_valid_noun
crows,\_ ...,-19.125,2,2token,not_valid_noun
crows,vertebrate ______,-19.125,2,2token,not_valid_noun
crows,adjective used,-19.125,2,2token,not_valid_noun
crows,adjective _______,-19.125,2,2token,not_valid_noun
crows,noise of,-19.125,2,2token,not_valid_noun
crows,adjective with,-19.125,2,2token,not_valid_noun
crows,adjective Present,-19.125,2,2token,incomplete_phrase
crows,Raven ....,-19.125,2,2token,not_valid_noun
crows,.(,-19.125,2,2token,not_valid_noun
crows,noise and,-19.125,2,2token,incomplete_phrase
crows,water Birds,-19.125,2,2token,incomplete_phrase
crows,water …,-19.125,2,2token,not_valid_noun
crows,water F,-19.125,2,2token,not_valid_noun
crows,water _,-19.125,2,2token,not_valid_noun
crows,oiseaux,-19.125,2,2token,not_valid_noun
crows,​,-19.125,2,2token,not_valid_noun
crows,game at,-19.125,2,2token,not_valid_noun
crows,game Read,-19.125,2,2token,not_valid_noun
crows,member …,-19.125,2,2token,not_valid_noun
crows,w are,-19.125,2,2token,not_valid_noun
crows,meat ______,-19.125,2,2token,not_valid_noun
crows,meat _______,-19.125,2,2token,not_valid_noun
crows,meat from,-19.125,2,2token,incomplete_phrase
crows,dinosaur ....,-19.125,2,2token,not_valid_noun
crows,dinosaur and,-19.125,2,2token,incomplete_phrase
crows,w e,-19.125,2,2token,not_valid_noun
crows,o in,-19.125,2,2token,not_valid_noun
crows,meat /,-19.125,2,2token,not_valid_noun
crows,meat of,-19.125,2,2token,not_valid_noun
crows,monkey is,-19.125,2,2token,not_valid_noun
crows,water bir,-19.125,2,2token,incomplete_phrase
crows,game Final,-19.125,2,2token,incomplete_phrase
crows,av _________,-19.125,2,2token,not_valid_noun
crows,"species ,",-19.125,2,2token,not_valid_noun
crows,< i,-19.125,2,2token,not_valid_noun
crows,< to,-19.125,2,2token,not_valid_noun
crows,avi with,-19.125,2,2token,incomplete_phrase
crows,avi _,-19.125,2,2token,not_valid_noun
crows,birdie who,-19.125,2,2token,incomplete_phrase
crows,sky flying,-19.125,2,2token,incomplete_phrase
crows,sky dwelling,-19.125,2,2token,incomplete_phrase
crows,ape ____,-19.125,2,2token,not_valid_noun
crows,X on,-19.15625,2,2token,not_valid_noun
crows,X I,-19.15625,2,2token,not_valid_noun
crows,X :,-19.15625,2,2token,not_valid_noun
crows,X [,-19.15625,2,2token,not_valid_noun
crows,X Bird,-19.15625,2,2token,not_valid_noun
crows,X that,-19.15625,2,2token,not_valid_noun
crows,verb and,-19.15625,2,2token,incomplete_phrase
crows,ra bit,-19.15625,2,2token,not_valid_noun
crows,ra ....,-19.15625,2,2token,not_valid_noun
crows,X ___,-19.15625,2,2token,not_valid_noun
crows,blue ____________,-19.15625,2,2token,not_valid_noun
crows,blue mac,-19.15625,2,2token,incomplete_phrase
crows,d Bird,-19.15625,2,2token,not_valid_noun
crows,d ..,-19.15625,2,2token,not_valid_noun
crows,d =,-19.15625,2,2token,not_valid_noun
crows,rat ...,-19.15625,2,2token,not_valid_noun
crows,wood Pigeon,-19.15625,2,2token,incomplete_phrase
crows,--- -.,-19.1875,2,2token,not_valid_noun
crows,insect to,-19.1875,2,2token,not_valid_noun
crows,flight Animal,-19.1875,2,2token,incomplete_phrase
crows,flight ....,-19.1875,2,2token,not_valid_noun
crows,flight …,-19.1875,2,2token,not_valid_noun
crows,symbol with,-19.1875,2,2token,incomplete_phrase
crows,--- >,-19.1875,2,2token,not_valid_noun
crows,sparrow or,-19.1875,2,2token,not_valid_noun
crows,ave Which,-19.1875,2,2token,incomplete_phrase
crows,--- --,-19.1875,2,2token,not_valid_noun
crows,bat -,-19.1875,2,2token,not_valid_noun
crows,bat Fill,-19.1875,2,2token,not_valid_noun
crows,fowls ....,-19.1875,2,2token,not_valid_noun
crows,bat that,-19.1875,2,2token,incomplete_phrase
crows,eagle which,-19.1875,2,2token,incomplete_phrase
crows,goose and,-19.1875,2,2token,incomplete_phrase
crows,hen /,-19.1875,2,2token,not_valid_noun
crows,ave _________,-19.1875,2,2token,not_valid_noun
crows,ave ......,-19.1875,2,2token,not_valid_noun
crows,hen that,-19.1875,2,2token,incomplete_phrase
crows,--- Answer,-19.1875,2,2token,not_valid_noun
crows,ave like,-19.1875,2,2token,incomplete_phrase
crows,beak ____,-19.1875,2,2token,not_valid_noun
crows,beak with,-19.1875,2,2token,not_valid_noun
crows,beak on,-19.1875,2,2token,not_valid_noun
crows,predator COMPLETE,-19.1875,2,2token,not_valid_noun
crows,predator to,-19.1875,2,2token,not_valid_noun
crows,eagle Correct,-19.1875,2,2token,not_valid_noun
crows,eagle but,-19.1875,2,2token,incomplete_phrase
crows,eagle a,-19.1875,2,2token,not_valid_noun
crows,wildlife with,-19.1875,2,2token,incomplete_phrase
crows,wildlife to,-19.1875,2,2token,not_valid_noun
crows,wildlife :,-19.1875,2,2token,not_valid_noun
crows,beast _,-19.1875,2,2token,not_valid_noun
crows,beast completes,-19.1875,2,2token,not_valid_noun
crows,human or,-19.1875,2,2token,not_valid_noun
crows,symbol ______,-19.1875,2,2token,not_valid_noun
crows,symbol ________,-19.1875,2,2token,not_valid_noun
crows,sky _____,-19.1875,2,2token,not_valid_noun
crows,symbol -,-19.1875,2,2token,not_valid_noun
crows,symbol /,-19.1875,2,2token,not_valid_noun
crows,symbol Read,-19.1875,2,2token,not_valid_noun
crows,fe f,-19.1875,2,2token,not_valid_noun
crows,fe e,-19.1875,2,2token,not_valid_noun
crows,duck in,-19.1875,2,2token,not_valid_noun
crows,pigeon because,-19.1875,2,2token,incomplete_phrase
crows,w d,-19.1875,2,2token,not_valid_noun
crows,w is,-19.1875,2,2token,not_valid_noun
crows,pigeon but,-19.1875,2,2token,incomplete_phrase
crows,"pigeon ,",-19.1875,2,2token,not_valid_noun
crows,w This,-19.1875,2,2token,not_valid_noun
crows,w __,-19.1875,2,2token,not_valid_noun
crows,human -,-19.1875,2,2token,not_valid_noun
crows,sky /,-19.1875,2,2token,not_valid_noun
crows,w species,-19.1875,2,2token,not_valid_noun
crows,w Read,-19.1875,2,2token,not_valid_noun
crows,av The,-19.1875,2,2token,not_valid_noun
crows,part [,-19.1875,2,2token,not_valid_noun
crows,av bird,-19.1875,2,2token,not_valid_noun
crows,avi .....,-19.1875,2,2token,not_valid_noun
crows,………… complete,-19.1875,2,2token,not_valid_noun
crows,noun with,-19.1875,2,2token,incomplete_phrase
crows,………… Fit,-19.1875,2,2token,not_valid_noun
crows,………… in,-19.1875,2,2token,not_valid_noun
crows,………… and,-19.1875,2,2token,not_valid_noun
crows,………… We,-19.1875,2,2token,not_valid_noun
crows,human Download,-19.1875,2,2token,not_valid_noun
crows,pet Shop,-19.1875,2,2token,incomplete_phrase
crows,pet _______,-19.1875,2,2token,not_valid_noun
crows,thing from,-19.1875,2,2token,incomplete_phrase
crows,thing people,-19.1875,2,2token,incomplete_phrase
crows,raptor in,-19.1875,2,2token,not_valid_noun
crows,pet …,-19.1875,2,2token,not_valid_noun
crows,pest Comple,-19.1875,2,2token,incomplete_phrase
crows,pest ____,-19.1875,2,2token,not_valid_noun
crows,pest ______,-19.1875,2,2token,not_valid_noun
crows,pet a,-19.1875,2,2token,not_valid_noun
crows,pet is,-19.1875,2,2token,not_valid_noun
crows,pet at,-19.1875,2,2token,not_valid_noun
crows,human in,-19.1875,2,2token,not_valid_noun
crows,color ...,-19.1875,2,2token,not_valid_noun
crows,insect Correct,-19.1875,2,2token,not_valid_noun
crows,Animal is,-19.1875,2,2token,not_valid_noun
crows,Animal In,-19.1875,2,2token,not_valid_noun
crows,Animal /,-19.1875,2,2token,not_valid_noun
crows,Animal .....,-19.1875,2,2token,not_valid_noun
crows,BIRDS are,-19.21875,2,2token,incomplete_phrase
crows,---- Write,-19.21875,2,2token,not_valid_noun
crows,aeroplane in,-19.21875,2,2token,not_valid_noun
crows,bar -,-19.21875,2,2token,not_valid_noun
crows,bar .....,-19.21875,2,2token,not_valid_noun
crows,book in,-19.21875,2,2token,not_valid_noun
crows,talk that,-19.21875,2,2token,not_valid_noun
crows,blue colored,-19.21875,2,2token,incomplete_phrase
crows,blue coloured,-19.21875,2,2token,not_valid_noun
crows,class is,-19.21875,2,2token,not_valid_noun
crows,wood ...,-19.21875,2,2token,not_valid_noun
crows,---- ?,-19.21875,2,2token,not_valid_noun
crows,class ______,-19.21875,2,2token,not_valid_noun
crows,d none,-19.25,2,2token,not_valid_noun
crows,".( ,",-19.25,2,2token,not_valid_noun
crows,.( fly,-19.25,2,2token,not_valid_noun
crows,ra _,-19.25,2,2token,not_valid_noun
crows,singing …,-19.25,2,2token,not_valid_noun
crows,vertebrate a,-19.25,2,2token,not_valid_noun
crows,\_ ....,-19.25,2,2token,not_valid_noun
crows,d $,-19.25,2,2token,not_valid_noun
crows,vertebrate is,-19.25,2,2token,not_valid_noun
crows,vertebrate ________,-19.25,2,2token,not_valid_noun
crows,vertebrate _,-19.25,2,2token,not_valid_noun
crows,vertebrate [,-19.25,2,2token,not_valid_noun
crows,fe and,-19.25,2,2token,not_valid_noun
crows,fe …………,-19.25,2,2token,not_valid_noun
crows,monkey that,-19.25,2,2token,incomplete_phrase
crows,monkey with,-19.25,2,2token,incomplete_phrase
crows,turkey ....,-19.25,2,2token,not_valid_noun
crows,d A,-19.25,2,2token,not_valid_noun
crows,plane with,-19.25,2,2token,incomplete_phrase
crows,.( (,-19.25,2,2token,not_valid_noun
crows,noise complete,-19.25,2,2token,not_valid_noun
crows,living _.,-19.25,2,2token,not_valid_noun
crows,living,-19.25,2,2token,incomplete_phrase
crows,dinosaur in,-19.25,2,2token,not_valid_noun
crows,fe of,-19.25,2,2token,not_valid_noun
crows,member ____,-19.25,2,2token,not_valid_noun
crows,birdie a,-19.25,2,2token,not_valid_noun
crows,birdie to,-19.25,2,2token,not_valid_noun
crows,birdie is,-19.25,2,2token,not_valid_noun
crows,birdie Correct,-19.25,2,2token,not_valid_noun
crows,birdie _______,-19.25,2,2token,not_valid_noun
crows,monkey …,-19.25,2,2token,not_valid_noun
crows,monkey _______,-19.25,2,2token,not_valid_noun
crows,birdie …,-19.25,2,2token,not_valid_noun
crows,birdie Comple,-19.25,2,2token,incomplete_phrase
crows,birdie Answer,-19.25,2,2token,not_valid_noun
crows,birdie .....,-19.25,2,2token,not_valid_noun
crows,Ornith,-19.25,2,2token,incomplete_phrase
crows,,-19.25,2,2token,not_valid_noun
crows,crows is,-19.25,2,2token,not_valid_noun
crows,game I,-19.25,2,2token,not_valid_noun
crows,,-19.25,2,2token,not_valid_noun
crows,,-19.25,2,2token,not_valid_noun
crows,part /,-19.25,2,2token,not_valid_noun
crows,species The,-19.25,2,2token,incomplete_phrase
crows,hawk ....,-19.25,2,2token,not_valid_noun
crows,av __,-19.25,2,2token,not_valid_noun
crows,av if,-19.25,2,2token,not_valid_noun
crows,species but,-19.25,2,2token,incomplete_phrase
crows,avi :,-19.25,2,2token,not_valid_noun
crows,hawk Fill,-19.25,2,2token,not_valid_noun
crows,avi ..,-19.25,2,2token,not_valid_noun
crows,ape _______,-19.25,2,2token,not_valid_noun
crows,family -,-19.28125,2,2token,not_valid_noun
crows,insect a,-19.3125,2,2token,not_valid_noun
crows,sparrow COMPLETE,-19.3125,2,2token,not_valid_noun
crows,pest ________,-19.3125,2,2token,not_valid_noun
crows,people of,-19.3125,2,2token,not_valid_noun
crows,people to,-19.3125,2,2token,not_valid_noun
crows,insect _______,-19.3125,2,2token,not_valid_noun
crows,people -,-19.3125,2,2token,not_valid_noun
crows,people COMPLETE,-19.3125,2,2token,not_valid_noun
crows,flight a,-19.3125,2,2token,not_valid_noun
crows,goose that,-19.3125,2,2token,incomplete_phrase
crows,--- complete,-19.3125,2,2token,not_valid_noun
crows,--- ....,-19.3125,2,2token,not_valid_noun
crows,--- Bird,-19.3125,2,2token,not_valid_noun
crows,flight The,-19.3125,2,2token,incomplete_phrase
crows,ave which,-19.3125,2,2token,incomplete_phrase
crows,ave ​,-19.3125,2,2token,not_valid_noun
crows,ave ___________,-19.3125,2,2token,not_valid_noun
crows,thing Read,-19.3125,2,2token,not_valid_noun
crows,ave the,-19.3125,2,2token,incomplete_phrase
crows,ave A,-19.3125,2,2token,not_valid_noun
crows,ave are,-19.3125,2,2token,incomplete_phrase
crows,ave The,-19.3125,2,2token,incomplete_phrase
crows,hen -,-19.3125,2,2token,not_valid_noun
crows,predator Fill,-19.3125,2,2token,not_valid_noun
crows,fowls in,-19.3125,2,2token,not_valid_noun
crows,eagle Answer,-19.3125,2,2token,not_valid_noun
crows,ra c,-19.3125,2,2token,not_valid_noun
crows,…………………… Fill,-19.3125,2,2token,not_valid_noun
crows,…………………… ……………………,-19.3125,2,2token,not_valid_noun
crows,symbol a,-19.3125,2,2token,not_valid_noun
crows,symbol complete,-19.3125,2,2token,not_valid_noun
crows,symbol associated,-19.3125,2,2token,incomplete_phrase
crows,pest is,-19.3125,2,2token,not_valid_noun
crows,pest [,-19.3125,2,2token,not_valid_noun
crows,pest Example,-19.3125,2,2token,not_valid_noun
crows,avi *,-19.3125,2,2token,not_valid_noun
crows,vegetable and,-19.3125,2,2token,incomplete_phrase
crows,wildlife Full,-19.3125,2,2token,incomplete_phrase
crows,wildlife at,-19.3125,2,2token,not_valid_noun
crows,wildlife _,-19.3125,2,2token,not_valid_noun
crows,sky :,-19.3125,2,2token,not_valid_noun
crows,……………………,-19.3125,2,2token,not_valid_noun
crows,…………………… I,-19.3125,2,2token,not_valid_noun
crows,…………………… “,-19.3125,2,2token,not_valid_noun
crows,duck Answer,-19.3125,2,2token,not_valid_noun
crows,duck is,-19.3125,2,2token,not_valid_noun
crows,duck that,-19.3125,2,2token,incomplete_phrase
crows,duck -,-19.3125,2,2token,not_valid_noun
crows,$\ \,-19.3125,2,2token,not_valid_noun
crows,thing for,-19.3125,2,2token,incomplete_phrase
crows,thing they,-19.3125,2,2token,incomplete_phrase
crows,………… Talk,-19.3125,2,2token,not_valid_noun
crows,………… Read,-19.3125,2,2token,not_valid_noun
crows,………… Are,-19.3125,2,2token,not_valid_noun
crows,………… Bird,-19.3125,2,2token,not_valid_noun
crows,human who,-19.3125,2,2token,incomplete_phrase
crows,__,-19.3125,2,2token,not_valid_noun
crows,noun ....,-19.3125,2,2token,not_valid_noun
crows,noun ______,-19.3125,2,2token,not_valid_noun
crows,"av ,",-19.3125,2,2token,not_valid_noun
crows,av ……,-19.3125,2,2token,not_valid_noun
crows,av __________,-19.3125,2,2token,not_valid_noun
crows,av $\,-19.3125,2,2token,not_valid_noun
crows,insect of,-19.3125,2,2token,not_valid_noun
crows,insect A,-19.3125,2,2token,not_valid_noun
crows,insect Comple,-19.3125,2,2token,incomplete_phrase
crows,insect ________,-19.3125,2,2token,not_valid_noun
crows,dog with,-19.3125,2,2token,incomplete_phrase
crows,dog _______,-19.3125,2,2token,not_valid_noun
crows,Animal which,-19.3125,2,2token,incomplete_phrase
crows,class …,-19.34375,2,2token,not_valid_noun
crows,class _,-19.34375,2,2token,not_valid_noun
crows,book or,-19.34375,2,2token,not_valid_noun
crows,wood pid,-19.34375,2,2token,incomplete_phrase
crows,class if,-19.34375,2,2token,not_valid_noun
crows,class [,-19.34375,2,2token,not_valid_noun
crows,class -,-19.34375,2,2token,not_valid_noun
crows,class /,-19.34375,2,2token,not_valid_noun
crows,---- ---,-19.34375,2,2token,not_valid_noun
crows,---- Read,-19.34375,2,2token,not_valid_noun
crows,hawk -,-19.375,2,2token,not_valid_noun
crows,talk -,-19.375,2,2token,not_valid_noun
crows,\_ of,-19.375,2,2token,not_valid_noun
crows,reptile Answer,-19.375,2,2token,not_valid_noun
crows,fe .......,-19.375,2,2token,not_valid_noun
crows,dinosaur _______,-19.375,2,2token,not_valid_noun
crows,turkey COMPLETE,-19.375,2,2token,not_valid_noun
crows,fe LO,-19.375,2,2token,not_valid_noun
crows,blue ....,-19.375,2,2token,not_valid_noun
crows,vertebrate ____,-19.375,2,2token,not_valid_noun
crows,avi ____,-19.375,2,2token,not_valid_noun
crows,vertebrate of,-19.375,2,2token,not_valid_noun
crows,adjective :,-19.375,2,2token,not_valid_noun
crows,vertebrate /,-19.375,2,2token,not_valid_noun
crows,meat :,-19.375,2,2token,not_valid_noun
crows,meat [,-19.375,2,2token,not_valid_noun
crows,av or,-19.375,2,2token,not_valid_noun
crows,av ?,-19.375,2,2token,not_valid_noun
crows,av If,-19.375,2,2token,not_valid_noun
crows,turkey in,-19.375,2,2token,not_valid_noun
crows,turkey is,-19.375,2,2token,not_valid_noun
crows,plane ..,-19.375,2,2token,not_valid_noun
crows,birdie A,-19.375,2,2token,not_valid_noun
crows,fin,-19.375,2,2token,incomplete_phrase
crows,dinosaur that,-19.375,2,2token,incomplete_phrase
crows,wood in,-19.375,2,2token,not_valid_noun
crows,,-19.375,2,2token,not_valid_noun
crows,Raven :,-19.375,2,2token,not_valid_noun
crows,meat on,-19.375,2,2token,not_valid_noun
crows,dinosaur or,-19.375,2,2token,not_valid_noun
crows,crows with,-19.375,2,2token,not_valid_noun
crows,crows -,-19.375,2,2token,not_valid_noun
crows,crows of,-19.375,2,2token,not_valid_noun
crows,,-19.375,2,2token,not_valid_noun
crows,verb or,-19.375,2,2token,not_valid_noun
crows,ave What,-19.375,2,2token,incomplete_phrase
crows,ave I,-19.375,2,2token,not_valid_noun
crows,verb ....,-19.375,2,2token,not_valid_noun
crows,ave :,-19.375,2,2token,not_valid_noun
crows,ave |,-19.375,2,2token,not_valid_noun
crows,noise to,-19.375,2,2token,not_valid_noun
crows,singing ____,-19.375,2,2token,not_valid_noun
crows,reptile in,-19.375,2,2token,not_valid_noun
crows,ape Answer,-19.375,2,2token,not_valid_noun
crows,ape -,-19.375,2,2token,not_valid_noun
crows,BIRDS or,-19.375,2,2token,not_valid_noun
crows,wildlife Comple,-19.4375,2,2token,incomplete_phrase
crows,wildlife from,-19.4375,2,2token,incomplete_phrase
crows,Animal _,-19.4375,2,2token,not_valid_noun
crows,wildlife is,-19.4375,2,2token,not_valid_noun
crows,symbol _____,-19.4375,2,2token,not_valid_noun
crows,--- Animal,-19.4375,2,2token,not_valid_noun
crows,raven with,-19.4375,2,2token,not_valid_noun
crows,raven [,-19.4375,2,2token,not_valid_noun
crows,--- fill,-19.4375,2,2token,not_valid_noun
crows,--- crows,-19.4375,2,2token,not_valid_noun
crows,sparrow is,-19.4375,2,2token,not_valid_noun
crows,thing ____,-19.4375,2,2token,not_valid_noun
crows,part to,-19.4375,2,2token,not_valid_noun
crows,part and,-19.4375,2,2token,incomplete_phrase
crows,noun /,-19.4375,2,2token,not_valid_noun
crows,noun ________,-19.4375,2,2token,not_valid_noun
crows,hen in,-19.4375,2,2token,not_valid_noun
crows,hen _______,-19.4375,2,2token,not_valid_noun
crows,hen [,-19.4375,2,2token,not_valid_noun
crows,part ....,-19.4375,2,2token,not_valid_noun
crows,raptor ....,-19.4375,2,2token,not_valid_noun
crows,raptor complete,-19.4375,2,2token,not_valid_noun
crows,predator -,-19.4375,2,2token,not_valid_noun
crows,raptor -,-19.4375,2,2token,not_valid_noun
crows,living a,-19.4375,2,2token,not_valid_noun
crows,living mam,-19.4375,2,2token,incomplete_phrase
crows,predator which,-19.4375,2,2token,incomplete_phrase
crows,thing about,-19.4375,2,2token,incomplete_phrase
crows,thing Answer,-19.4375,2,2token,not_valid_noun
crows,bat in,-19.4375,2,2token,not_valid_noun
crows,dog that,-19.4375,2,2token,incomplete_phrase
crows,dog is,-19.4375,2,2token,not_valid_noun
crows,avi |,-19.4375,2,2token,not_valid_noun
crows,people Fill,-19.4375,2,2token,not_valid_noun
crows,people _______,-19.4375,2,2token,not_valid_noun
crows,person Fill,-19.4375,2,2token,not_valid_noun
crows,duck :,-19.4375,2,2token,not_valid_noun
crows,duck with,-19.4375,2,2token,incomplete_phrase
crows,duck Related,-19.4375,2,2token,not_valid_noun
crows,vegetable complete,-19.4375,2,2token,not_valid_noun
crows,ra in,-19.4375,2,2token,not_valid_noun
crows,person -,-19.4375,2,2token,not_valid_noun
crows,people from,-19.4375,2,2token,incomplete_phrase
crows,…………………… It,-19.4375,2,2token,not_valid_noun
crows,eagle ______,-19.4375,2,2token,not_valid_noun
crows,eagle ____,-19.4375,2,2token,not_valid_noun
crows,…………………… What,-19.4375,2,2token,not_valid_noun
crows,eagle Fill,-19.4375,2,2token,not_valid_noun
crows,eagle _______,-19.4375,2,2token,not_valid_noun
crows,family _,-19.4375,2,2token,not_valid_noun
crows,family ________,-19.4375,2,2token,not_valid_noun
crows,avi ……,-19.4375,2,2token,not_valid_noun
crows,beak to,-19.4375,2,2token,not_valid_noun
crows,beak ________,-19.4375,2,2token,not_valid_noun
crows,fe ___________,-19.4375,2,2token,not_valid_noun
crows,symbol ____,-19.4375,2,2token,not_valid_noun
crows,insect The,-19.4375,2,2token,incomplete_phrase
crows,person and,-19.4375,2,2token,incomplete_phrase
crows,dog Read,-19.4375,2,2token,not_valid_noun
crows,insect by,-19.4375,2,2token,not_valid_noun
crows,Animal ..,-19.4375,2,2token,not_valid_noun
crows,member a,-19.5,2,2token,not_valid_noun
crows,forest ....,-19.5,2,2token,not_valid_noun
crows,meat Fill,-19.5,2,2token,not_valid_noun
crows,meat Read,-19.5,2,2token,not_valid_noun
crows,meat are,-19.5,2,2token,incomplete_phrase
crows,.( Give,-19.5,2,2token,not_valid_noun
crows,adjective ______,-19.5,2,2token,not_valid_noun
crows,adjective are,-19.5,2,2token,incomplete_phrase
crows,class ....,-19.5,2,2token,not_valid_noun
crows,vertebrate :,-19.5,2,2token,not_valid_noun
crows,vertebrate COMPLETE,-19.5,2,2token,not_valid_noun
crows,vertebrate Read,-19.5,2,2token,not_valid_noun
crows,avi the,-19.5,2,2token,incomplete_phrase
crows,fe wild,-19.5,2,2token,not_valid_noun
crows,reptile -,-19.5,2,2token,not_valid_noun
crows,\_ and,-19.5,2,2token,not_valid_noun
crows,fe birds,-19.5,2,2token,not_valid_noun
crows,class _.,-19.5,2,2token,not_valid_noun
crows,\_ Bird,-19.5,2,2token,not_valid_noun
crows,colour ....,-19.5,2,2token,not_valid_noun
crows,monkey ________,-19.5,2,2token,not_valid_noun
crows,forest _,-19.5,2,2token,not_valid_noun
crows,.( The,-19.5,2,2token,not_valid_noun
crows,birdie ____,-19.5,2,2token,not_valid_noun
crows,living [,-19.5,2,2token,not_valid_noun
crows,fin (,-19.5,2,2token,not_valid_noun
crows,plane /,-19.5,2,2token,not_valid_noun
crows,birdie ______,-19.5,2,2token,not_valid_noun
crows,"Raven ,",-19.5,2,2token,not_valid_noun
crows,meat with,-19.5,2,2token,incomplete_phrase
crows,monkey ____,-19.5,2,2token,not_valid_noun
crows,forest den,-19.5,2,2token,incomplete_phrase
crows,part :,-19.5,2,2token,not_valid_noun
crows,birdie ..,-19.5,2,2token,not_valid_noun
crows,birdie from,-19.5,2,2token,incomplete_phrase
crows,birdie The,-19.5,2,2token,incomplete_phrase
crows,birdie but,-19.5,2,2token,incomplete_phrase
crows,member if,-19.5,2,2token,not_valid_noun
crows,crows ....,-19.5,2,2token,not_valid_noun
crows,birdie on,-19.5,2,2token,not_valid_noun
crows,Raven with,-19.5,2,2token,incomplete_phrase
crows,Raven A,-19.5,2,2token,not_valid_noun
crows,Raven the,-19.5,2,2token,incomplete_phrase
crows,member ....,-19.5,2,2token,not_valid_noun
crows,member ofthe,-19.5,2,2token,incomplete_phrase
crows,birds,-19.5,2,2token,not_valid_noun
crows,---- is,-19.5,2,2token,not_valid_noun
crows,---- Birds,-19.5,2,2token,not_valid_noun
crows,---- COMPLETE,-19.5,2,2token,not_valid_noun
crows,BIRDS,-19.5,2,2token,not_valid_noun
crows,ape [,-19.5,2,2token,not_valid_noun
crows,verb _______,-19.5,2,2token,not_valid_noun
crows,singing or,-19.5,2,2token,not_valid_noun
crows,singing ______,-19.5,2,2token,not_valid_noun
crows,aeroplane or,-19.5,2,2token,not_valid_noun
crows,.( choose,-19.5,2,2token,not_valid_noun
crows,.( c,-19.5,2,2token,not_valid_noun
crows,talk /,-19.5,2,2token,not_valid_noun
crows,talk |,-19.5,2,2token,not_valid_noun
crows,talk _______,-19.5,2,2token,not_valid_noun
crows,talk _,-19.5,2,2token,not_valid_noun
crows,talk is,-19.5,2,2token,not_valid_noun
crows,beak ______,-19.5625,2,2token,not_valid_noun
crows,avi ________,-19.5625,2,2token,not_valid_noun
crows,insect which,-19.5625,2,2token,incomplete_phrase
crows,insect Full,-19.5625,2,2token,incomplete_phrase
crows,insect Download,-19.5625,2,2token,not_valid_noun
crows,dog :,-19.5625,2,2token,not_valid_noun
crows,avi __,-19.5625,2,2token,not_valid_noun
crows,beak for,-19.5625,2,2token,not_valid_noun
crows,…………………… ……,-19.5625,2,2token,not_valid_noun
crows,…………………… –,-19.5625,2,2token,not_valid_noun
crows,…………………… Continue,-19.5625,2,2token,not_valid_noun
crows,eagle Read,-19.5625,2,2token,not_valid_noun
crows,family /,-19.5625,2,2token,not_valid_noun
crows,bat COMPLETE,-19.5625,2,2token,not_valid_noun
crows,bat /,-19.5625,2,2token,not_valid_noun
crows,family :,-19.5625,2,2token,not_valid_noun
crows,Animal Which,-19.5625,2,2token,incomplete_phrase
crows,Animal called,-19.5625,2,2token,incomplete_phrase
crows,ra i,-19.5625,2,2token,not_valid_noun
crows,book and,-19.5625,2,2token,incomplete_phrase
crows,vegetable in,-19.5625,2,2token,not_valid_noun
crows,noun which,-19.5625,2,2token,incomplete_phrase
crows,fe i,-19.5625,2,2token,not_valid_noun
crows,book of,-19.5625,2,2token,not_valid_noun
crows,noun complete,-19.5625,2,2token,not_valid_noun
crows,raven are,-19.5625,2,2token,incomplete_phrase
crows,--- are,-19.5625,2,2token,not_valid_noun
crows,--- Correct,-19.5625,2,2token,not_valid_noun
crows,wildlife a,-19.5625,2,2token,not_valid_noun
crows,human and,-19.5625,2,2token,not_valid_noun
crows,goose ....,-19.5625,2,2token,not_valid_noun
crows,flight A,-19.5625,2,2token,not_valid_noun
crows,raven /,-19.5625,2,2token,not_valid_noun
crows,pest _,-19.5625,2,2token,not_valid_noun
crows,Animal a,-19.5625,2,2token,not_valid_noun
crows,--- ..,-19.5625,2,2token,not_valid_noun
crows,human ________,-19.5625,2,2token,not_valid_noun
crows,wildlife .....,-19.5625,2,2token,not_valid_noun
crows,wildlife such,-19.5625,2,2token,incomplete_phrase
crows,wildlife …,-19.5625,2,2token,not_valid_noun
crows,book on,-19.5625,2,2token,not_valid_noun
crows,hen Total,-19.5625,2,2token,incomplete_phrase
crows,noun are,-19.5625,2,2token,incomplete_phrase
crows,noun :,-19.5625,2,2token,not_valid_noun
crows,rat and,-19.5625,2,2token,incomplete_phrase
crows,predator ....,-19.5625,2,2token,not_valid_noun
crows,bar or,-19.5625,2,2token,not_valid_noun
crows,predator on,-19.5625,2,2token,not_valid_noun
crows,cat ....,-19.5625,2,2token,not_valid_noun
crows,Animal [,-19.5625,2,2token,not_valid_noun
crows,rat or,-19.5625,2,2token,not_valid_noun
crows,hen …,-19.5625,2,2token,not_valid_noun
crows,bar is,-19.5625,2,2token,not_valid_noun
crows,thing made,-19.5625,2,2token,incomplete_phrase
crows,thing _______,-19.5625,2,2token,not_valid_noun
crows,living and,-19.5625,2,2token,incomplete_phrase
crows,av I,-19.5625,2,2token,not_valid_noun
crows,avi except,-19.5625,2,2token,incomplete_phrase
crows,person Read,-19.5625,2,2token,not_valid_noun
crows,beak a,-19.5625,2,2token,not_valid_noun
crows,beak [,-19.5625,2,2token,not_valid_noun
crows,av because,-19.5625,2,2token,not_valid_noun
crows,av A,-19.5625,2,2token,not_valid_noun
crows,people Read,-19.5625,2,2token,not_valid_noun
crows,beak Answer,-19.5625,2,2token,not_valid_noun
crows,people Answer,-19.5625,2,2token,not_valid_noun
crows,duck [,-19.5625,2,2token,not_valid_noun
crows,feathers with,-19.5625,2,2token,incomplete_phrase
crows,Animal Correct,-19.5625,2,2token,not_valid_noun
crows,person of,-19.5625,2,2token,not_valid_noun
crows,vegetable or,-19.5625,2,2token,not_valid_noun
crows,wood …,-19.625,2,2token,not_valid_noun
crows,---- :,-19.625,2,2token,not_valid_noun
crows,ape _____,-19.625,2,2token,not_valid_noun
crows,vertebrate _____,-19.625,2,2token,not_valid_noun
crows,\_ I,-19.625,2,2token,not_valid_noun
crows,---- [,-19.625,2,2token,not_valid_noun
crows,ape in,-19.625,2,2token,not_valid_noun
crows,ape is,-19.625,2,2token,not_valid_noun
crows,ape …,-19.625,2,2token,not_valid_noun
crows,avi on,-19.625,2,2token,not_valid_noun
crows,birdie _____,-19.625,2,2token,not_valid_noun
crows,wood -,-19.625,2,2token,not_valid_noun
crows,wood /,-19.625,2,2token,not_valid_noun
crows,noise or,-19.625,2,2token,not_valid_noun
crows,Raven ..,-19.625,2,2token,not_valid_noun
crows,noise -,-19.625,2,2token,not_valid_noun
crows,crows a,-19.625,2,2token,not_valid_noun
crows,bar a,-19.625,2,2token,not_valid_noun
crows,member that,-19.625,2,2token,incomplete_phrase
crows,member _____,-19.625,2,2token,not_valid_noun
crows,……………………,-19.625,2,2token,not_valid_noun
crows,Raven which,-19.625,2,2token,incomplete_phrase
crows,verb is,-19.625,2,2token,not_valid_noun
crows,verb complete,-19.625,2,2token,not_valid_noun
crows,avi --,-19.625,2,2token,not_valid_noun
crows,Raven [,-19.625,2,2token,not_valid_noun
crows,talk ________,-19.625,2,2token,not_valid_noun
crows,talk the,-19.625,2,2token,incomplete_phrase
crows,talk on,-19.625,2,2token,not_valid_noun
crows,.( adjective,-19.625,2,2token,not_valid_noun
crows,.( Birds,-19.625,2,2token,not_valid_noun
crows,.( write,-19.625,2,2token,not_valid_noun
crows,cor (,-19.625,2,2token,not_valid_noun
crows,meat to,-19.625,2,2token,not_valid_noun
crows,av >,-19.625,2,2token,not_valid_noun
crows,aeroplane ....,-19.625,2,2token,not_valid_noun
crows,fe a,-19.625,2,2token,not_valid_noun
crows,monkey /,-19.625,2,2token,not_valid_noun
crows,monkey [,-19.625,2,2token,not_valid_noun
crows,fe is,-19.625,2,2token,not_valid_noun
crows,reptile _______,-19.625,2,2token,not_valid_noun
crows,class f,-19.625,2,2token,not_valid_noun
crows,hawk in,-19.625,2,2token,not_valid_noun
crows,adjective Ad,-19.625,2,2token,not_valid_noun
crows,adjective /,-19.625,2,2token,not_valid_noun
crows,adjective describing,-19.625,2,2token,not_valid_noun
crows,adjective Comple,-19.625,2,2token,incomplete_phrase
crows,BIRDS,-19.625,2,2token,not_valid_noun
crows,---- fish,-19.625,2,2token,not_valid_noun
crows,insect What,-19.6875,2,2token,not_valid_noun
crows,symbol Answer,-19.6875,2,2token,not_valid_noun
crows,color ....,-19.6875,2,2token,not_valid_noun
crows,cat -,-19.6875,2,2token,not_valid_noun
crows,av owl,-19.6875,2,2token,not_valid_noun
crows,symbol A,-19.6875,2,2token,not_valid_noun
crows,symbol the,-19.6875,2,2token,incomplete_phrase
crows,wildlife A,-19.6875,2,2token,not_valid_noun
crows,wildlife [,-19.6875,2,2token,not_valid_noun
crows,wildlife are,-19.6875,2,2token,incomplete_phrase
crows,people that,-19.6875,2,2token,incomplete_phrase
crows,cat is,-19.6875,2,2token,not_valid_noun
crows,people on,-19.6875,2,2token,not_valid_noun
crows,people ____,-19.6875,2,2token,not_valid_noun
crows,feathers to,-19.6875,2,2token,not_valid_noun
crows,person Answer,-19.6875,2,2token,not_valid_noun
crows,person ____,-19.6875,2,2token,not_valid_noun
crows,person COMPLETE,-19.6875,2,2token,not_valid_noun
crows,Animal …,-19.6875,2,2token,not_valid_noun
crows,"wildlife ,",-19.6875,2,2token,not_valid_noun
crows,person _______,-19.6875,2,2token,not_valid_noun
crows,Animal Write,-19.6875,2,2token,incomplete_phrase
crows,duck ..,-19.6875,2,2token,not_valid_noun
crows,duck .....,-19.6875,2,2token,not_valid_noun
crows,Animal ___________,-19.6875,2,2token,not_valid_noun
crows,singing a,-19.6875,2,2token,not_valid_noun
crows,…………………… In,-19.6875,2,2token,not_valid_noun
crows,fe Read,-19.6875,2,2token,not_valid_noun
crows,…………………… ..,-19.6875,2,2token,not_valid_noun
crows,…………………… This,-19.6875,2,2token,not_valid_noun
crows,ra [,-19.6875,2,2token,not_valid_noun
crows,part i,-19.6875,2,2token,not_valid_noun
crows,Animal Read,-19.6875,2,2token,not_valid_noun
crows,raven COMPLETE,-19.6875,2,2token,not_valid_noun
crows,fe [...],-19.6875,2,2token,not_valid_noun
crows,raptor Fill,-19.6875,2,2token,not_valid_noun
crows,eagle ..,-19.6875,2,2token,not_valid_noun
crows,eagle _____,-19.6875,2,2token,not_valid_noun
crows,eagle ________,-19.6875,2,2token,not_valid_noun
crows,singing sea,-19.6875,2,2token,incomplete_phrase
crows,singing black,-19.6875,2,2token,incomplete_phrase
crows,singing -,-19.6875,2,2token,not_valid_noun
crows,bar b,-19.6875,2,2token,not_valid_noun
crows,fowls /,-19.6875,2,2token,not_valid_noun
crows,fowls that,-19.6875,2,2token,incomplete_phrase
crows,--- What,-19.6875,2,2token,not_valid_noun
crows,--- Choose,-19.6875,2,2token,not_valid_noun
crows,raven …,-19.6875,2,2token,not_valid_noun
crows,--- is,-19.6875,2,2token,not_valid_noun
crows,predator _______,-19.6875,2,2token,not_valid_noun
crows,book is,-19.6875,2,2token,not_valid_noun
crows,bat …,-19.6875,2,2token,not_valid_noun
crows,human _,-19.6875,2,2token,not_valid_noun
crows,pest .....,-19.6875,2,2token,not_valid_noun
crows,human _______,-19.6875,2,2token,not_valid_noun
crows,human ______,-19.6875,2,2token,not_valid_noun
crows,noun A,-19.6875,2,2token,not_valid_noun
crows,predator for,-19.6875,2,2token,incomplete_phrase
crows,"insect ,",-19.6875,2,2token,not_valid_noun
crows,symbol The,-19.6875,2,2token,incomplete_phrase
crows,raptor [,-19.6875,2,2token,not_valid_noun
crows,raven Fill,-19.6875,2,2token,not_valid_noun
crows,wood and,-19.6875,2,2token,incomplete_phrase
crows,…………………… …………,-19.6875,2,2token,not_valid_noun
crows,sparrow ....,-19.6875,2,2token,not_valid_noun
crows,sparrow in,-19.6875,2,2token,not_valid_noun
crows,rat complete,-19.6875,2,2token,not_valid_noun
crows,,-19.6875,2,2token,not_valid_noun
crows,rat in,-19.6875,2,2token,not_valid_noun
crows,fin ...,-19.6875,2,2token,not_valid_noun
crows,먹,-19.6875,2,2token,not_valid_noun
crows,查看,-19.6875,2,2token,not_valid_noun
crows,\_,-19.6875,2,2token,not_valid_noun
crows,(...),-19.6875,2,2token,not_valid_noun
crows,family a,-19.6875,2,2token,not_valid_noun
crows,family are,-19.6875,2,2token,incomplete_phrase
crows,family _.,-19.6875,2,2token,not_valid_noun
crows,family …,-19.6875,2,2token,not_valid_noun
crows,eagle A,-19.6875,2,2token,not_valid_noun
crows,eagle /,-19.6875,2,2token,not_valid_noun
crows,eagle …,-19.6875,2,2token,not_valid_noun
crows,eagle because,-19.6875,2,2token,incomplete_phrase
crows,goose is,-19.6875,2,2token,not_valid_noun
crows,dog Answer,-19.6875,2,2token,not_valid_noun
crows,human is,-19.6875,2,2token,not_valid_noun
crows,thing the,-19.6875,2,2token,incomplete_phrase
crows,dinosaur ________,-19.75,2,2token,not_valid_noun
crows,reptile .....,-19.75,2,2token,not_valid_noun
crows,reptile Edit,-19.75,2,2token,incomplete_phrase
crows,dinosaur ____,-19.75,2,2token,not_valid_noun
crows,birdie by,-19.75,2,2token,not_valid_noun
crows,BIRDS The,-19.75,2,2token,incomplete_phrase
crows,monkey Read,-19.75,2,2token,not_valid_noun
crows,BIRDS of,-19.75,2,2token,not_valid_noun
crows,\_ .\,-19.75,2,2token,not_valid_noun
crows,monkey a,-19.75,2,2token,not_valid_noun
crows,reptile with,-19.75,2,2token,incomplete_phrase
crows,"birdie ,",-19.75,2,2token,not_valid_noun
crows,dinosaur Fill,-19.75,2,2token,not_valid_noun
crows,dinosaur ______,-19.75,2,2token,not_valid_noun
crows,aeroplane -,-19.75,2,2token,not_valid_noun
crows,adjective ....,-19.75,2,2token,not_valid_noun
crows,av d,-19.75,2,2token,not_valid_noun
crows,turkey -,-19.75,2,2token,not_valid_noun
crows,hawk which,-19.75,2,2token,incomplete_phrase
crows,ape ________,-19.75,2,2token,not_valid_noun
crows,member with,-19.75,2,2token,incomplete_phrase
crows,vertebrate Download,-19.75,2,2token,not_valid_noun
crows,vertebrate Answer,-19.75,2,2token,not_valid_noun
crows,hawk a,-19.75,2,2token,not_valid_noun
crows,member -,-19.75,2,2token,not_valid_noun
crows,member [,-19.75,2,2token,not_valid_noun
crows,verb noun,-19.75,2,2token,incomplete_phrase
crows,кро,-19.75,2,2token,not_valid_noun
crows,living __,-19.75,2,2token,not_valid_noun
crows,flight See,-19.75,2,2token,incomplete_phrase
crows,crows on,-19.75,2,2token,not_valid_noun
crows,member for,-19.75,2,2token,incomplete_phrase
crows,verb -,-19.75,2,2token,not_valid_noun
crows,ответы,-19.75,2,2token,not_valid_noun
crows,нет,-19.75,2,2token,not_valid_noun
crows,crows :,-19.75,2,2token,not_valid_noun
crows,monkey _____,-19.75,2,2token,not_valid_noun
crows,monkey Full,-19.75,2,2token,incomplete_phrase
crows,living ___,-19.75,2,2token,not_valid_noun
crows,plane of,-19.75,2,2token,not_valid_noun
crows,living organis,-19.75,2,2token,incomplete_phrase
crows,talk or,-19.75,2,2token,not_valid_noun
crows,flight that,-19.75,2,2token,incomplete_phrase
crows,flight Download,-19.75,2,2token,not_valid_noun
crows,plane A,-19.75,2,2token,not_valid_noun
crows,flight ___,-19.75,2,2token,not_valid_noun
crows,flight .....,-19.75,2,2token,not_valid_noun
crows,noise made,-19.75,2,2token,incomplete_phrase
crows,flight Continue,-19.75,2,2token,not_valid_noun
crows,flight ____________,-19.75,2,2token,not_valid_noun
crows,flight $\,-19.75,2,2token,not_valid_noun
crows,flight [,-19.75,2,2token,not_valid_noun
crows,av is,-19.75,2,2token,not_valid_noun
crows,reptile ________,-19.75,2,2token,not_valid_noun
crows,talk [,-19.75,2,2token,not_valid_noun
crows,reptile ______,-19.75,2,2token,not_valid_noun
crows,aeroplane that,-19.75,2,2token,incomplete_phrase
crows,ape /,-19.75,2,2token,not_valid_noun
crows,aeroplane and,-19.75,2,2token,incomplete_phrase
crows,ape with,-19.75,2,2token,incomplete_phrase
crows,feathers a,-19.8125,2,2token,not_valid_noun
crows,feathers -,-19.8125,2,2token,not_valid_noun
crows,thing _____,-19.8125,2,2token,not_valid_noun
crows,insect In,-19.8125,2,2token,not_valid_noun
crows,dog _____,-19.8125,2,2token,not_valid_noun
crows,dog ____,-19.8125,2,2token,not_valid_noun
crows,symbol because,-19.8125,2,2token,incomplete_phrase
crows,feathers the,-19.8125,2,2token,incomplete_phrase
crows,feathers is,-19.8125,2,2token,not_valid_noun
crows,dog Answers,-19.8125,2,2token,not_valid_noun
crows,insect for,-19.8125,2,2token,not_valid_noun
crows,beak the,-19.8125,2,2token,incomplete_phrase
crows,fe animal,-19.8125,2,2token,not_valid_noun
crows,part for,-19.8125,2,2token,incomplete_phrase
crows,part I,-19.8125,2,2token,not_valid_noun
crows,raven :,-19.8125,2,2token,not_valid_noun
crows,people ______,-19.8125,2,2token,not_valid_noun
crows,people ________,-19.8125,2,2token,not_valid_noun
crows,raven a,-19.8125,2,2token,not_valid_noun
crows,raptor /,-19.8125,2,2token,not_valid_noun
crows,feathers complete,-19.8125,2,2token,not_valid_noun
crows,fe Wild,-19.8125,2,2token,not_valid_noun
crows,thing ______,-19.8125,2,2token,not_valid_noun
crows,people living,-19.8125,2,2token,incomplete_phrase
crows,Animal Name,-19.8125,2,2token,incomplete_phrase
crows,Animal _________,-19.8125,2,2token,not_valid_noun
crows,Animal I,-19.8125,2,2token,not_valid_noun
crows,vegetable Fill,-19.8125,2,2token,not_valid_noun
crows,duck Correct,-19.8125,2,2token,not_valid_noun
crows,duck …,-19.8125,2,2token,not_valid_noun
crows,ra ir,-19.8125,2,2token,not_valid_noun
crows,ra ….,-19.8125,2,2token,not_valid_noun
crows,ra -,-19.8125,2,2token,not_valid_noun
crows,beak ….,-19.8125,2,2token,not_valid_noun
crows,…………………… Correct,-19.8125,2,2token,not_valid_noun
crows,…………………… There,-19.8125,2,2token,not_valid_noun
crows,raptor ____,-19.8125,2,2token,not_valid_noun
crows,raptor Answer,-19.8125,2,2token,not_valid_noun
crows,person on,-19.8125,2,2token,not_valid_noun
crows,…………………… How,-19.8125,2,2token,not_valid_noun
crows,beak :,-19.8125,2,2token,not_valid_noun
crows,beak The,-19.8125,2,2token,incomplete_phrase
crows,beak A,-19.8125,2,2token,not_valid_noun
crows,family ______,-19.8125,2,2token,not_valid_noun
crows,family _______,-19.8125,2,2token,not_valid_noun
crows,raven Answer,-19.8125,2,2token,not_valid_noun
crows,eagle .....,-19.8125,2,2token,not_valid_noun
crows,eagle flying,-19.8125,2,2token,incomplete_phrase
crows,dog /,-19.8125,2,2token,not_valid_noun
crows,noun Common,-19.8125,2,2token,incomplete_phrase
crows,family ....,-19.8125,2,2token,not_valid_noun
crows,eagle the,-19.8125,2,2token,incomplete_phrase
crows,raven which,-19.8125,2,2token,incomplete_phrase
crows,pest around,-19.8125,2,2token,not_valid_noun
crows,pest Read,-19.8125,2,2token,not_valid_noun
crows,pest …,-19.8125,2,2token,not_valid_noun
crows,fowls Fill,-19.8125,2,2token,not_valid_noun
crows,fowls Answer,-19.8125,2,2token,not_valid_noun
crows,person that,-19.8125,2,2token,incomplete_phrase
crows,living /,-19.8125,2,2token,not_valid_noun
crows,living r,-19.8125,2,2token,not_valid_noun
crows,goose Answer,-19.8125,2,2token,not_valid_noun
crows,eagle of,-19.8125,2,2token,not_valid_noun
crows,noun ____,-19.8125,2,2token,not_valid_noun
crows,bat [,-19.8125,2,2token,not_valid_noun
crows,eagle _,-19.8125,2,2token,not_valid_noun
crows,eagle The,-19.8125,2,2token,incomplete_phrase
crows,bat ______,-19.8125,2,2token,not_valid_noun
crows,bat _____,-19.8125,2,2token,not_valid_noun
crows,bar on,-19.8125,2,2token,not_valid_noun
crows,bar ......,-19.8125,2,2token,not_valid_noun
crows,bar |,-19.8125,2,2token,not_valid_noun
crows,noun for,-19.8125,2,2token,incomplete_phrase
crows,book that,-19.8125,2,2token,incomplete_phrase
crows,hen ____,-19.8125,2,2token,not_valid_noun
crows,hen ..,-19.8125,2,2token,not_valid_noun
crows,thing but,-19.8125,2,2token,incomplete_phrase
crows,hen are,-19.8125,2,2token,incomplete_phrase
crows,noun called,-19.8125,2,2token,incomplete_phrase
crows,rat ____,-19.8125,2,2token,not_valid_noun
crows,feathers ________,-19.8125,2,2token,not_valid_noun
crows,symbol meaning,-19.8125,2,2token,incomplete_phrase
crows,symbol representing,-19.8125,2,2token,incomplete_phrase
crows,symbol Fill,-19.8125,2,2token,not_valid_noun
crows,sparrow -,-19.8125,2,2token,not_valid_noun
crows,sparrow that,-19.8125,2,2token,incomplete_phrase
crows,……………………,-19.8125,2,2token,not_valid_noun
crows,color is,-19.8125,2,2token,not_valid_noun
crows,verb that,-19.875,2,2token,incomplete_phrase
crows,fin ch,-19.875,2,2token,not_valid_noun
crows,birdie I,-19.875,2,2token,not_valid_noun
crows,part ofthe,-19.875,2,2token,incomplete_phrase
crows,part _________,-19.875,2,2token,not_valid_noun
crows,part if,-19.875,2,2token,not_valid_noun
crows,part with,-19.875,2,2token,incomplete_phrase
crows,.( crows,-19.875,2,2token,not_valid_noun
crows,ra e,-19.875,2,2token,not_valid_noun
crows,member ________,-19.875,2,2token,not_valid_noun
crows,reptile ____,-19.875,2,2token,not_valid_noun
crows,reptile :,-19.875,2,2token,not_valid_noun
crows,vertebrate …,-19.875,2,2token,not_valid_noun
crows,Raven …,-19.875,2,2token,not_valid_noun
crows,member /,-19.875,2,2token,not_valid_noun
crows,member and,-19.875,2,2token,incomplete_phrase
crows,Raven _,-19.875,2,2token,not_valid_noun
crows,member _,-19.875,2,2token,not_valid_noun
crows,ra n,-19.875,2,2token,not_valid_noun
crows,noise is,-19.875,2,2token,not_valid_noun
crows,noise from,-19.875,2,2token,incomplete_phrase
crows,flight Birds,-19.875,2,2token,incomplete_phrase
crows,talk …,-19.875,2,2token,not_valid_noun
crows,talk by,-19.875,2,2token,not_valid_noun
crows,.( What,-19.875,2,2token,not_valid_noun
crows,plane ____,-19.875,2,2token,not_valid_noun
crows,flight _________,-19.875,2,2token,not_valid_noun
crows,bar ....,-19.875,2,2token,not_valid_noun
crows,monkey The,-19.875,2,2token,incomplete_phrase
crows,monkey A,-19.875,2,2token,not_valid_noun
crows,bar the,-19.875,2,2token,incomplete_phrase
crows,crows COMPLETE,-19.875,2,2token,not_valid_noun
crows,birdie called,-19.875,2,2token,incomplete_phrase
crows,birdie ________,-19.875,2,2token,not_valid_noun
crows,member to,-19.875,2,2token,not_valid_noun
crows,ape Comple,-19.875,2,2token,incomplete_phrase
crows,vertebrate because,-19.875,2,2token,not_valid_noun
crows,vertebrate but,-19.875,2,2token,not_valid_noun
crows,av ____________,-19.875,2,2token,not_valid_noun
crows,adjective Fill,-19.875,2,2token,not_valid_noun
crows,adjective Compare,-19.875,2,2token,incomplete_phrase
crows,adjective present,-19.875,2,2token,incomplete_phrase
crows,\_,-19.875,2,2token,not_valid_noun
crows,dinosaur COMPLETE,-19.875,2,2token,not_valid_noun
crows,turkey with,-19.875,2,2token,incomplete_phrase
crows,ape ______,-19.875,2,2token,not_valid_noun
crows,hawk with,-19.875,2,2token,not_valid_noun
crows,adjective COMPLETE,-19.875,2,2token,not_valid_noun
crows,ape :,-19.875,2,2token,not_valid_noun
crows,fe al,-19.875,2,2token,not_valid_noun
crows,vertebrate from,-19.875,2,2token,not_valid_noun
crows,dinosaur -,-19.875,2,2token,not_valid_noun
crows,"vertebrate ,",-19.875,2,2token,not_valid_noun
crows,reptile [,-19.875,2,2token,not_valid_noun
crows,reptile Correct,-19.875,2,2token,not_valid_noun
crows,reptile that,-19.875,2,2token,incomplete_phrase
crows,person ______,-19.9375,2,2token,not_valid_noun
crows,symbol :,-19.9375,2,2token,not_valid_noun
crows,person ________,-19.9375,2,2token,not_valid_noun
crows,feathers .....,-19.9375,2,2token,not_valid_noun
crows,feathers _______,-19.9375,2,2token,not_valid_noun
crows,wood song,-19.9375,2,2token,incomplete_phrase
crows,feathers A,-19.9375,2,2token,not_valid_noun
crows,feathers Fill,-19.9375,2,2token,not_valid_noun
crows,beak Full,-19.9375,2,2token,incomplete_phrase
crows,beak …,-19.9375,2,2token,not_valid_noun
crows,rat is,-19.9375,2,2token,not_valid_noun
crows,Animal ?,-19.9375,2,2token,not_valid_noun
crows,dog ______,-19.9375,2,2token,not_valid_noun
crows,thing under,-19.9375,2,2token,incomplete_phrase
crows,thing A,-19.9375,2,2token,not_valid_noun
crows,thing at,-19.9375,2,2token,not_valid_noun
crows,av :,-19.9375,2,2token,not_valid_noun
crows,thing :,-19.9375,2,2token,not_valid_noun
crows,cat in,-19.9375,2,2token,not_valid_noun
crows,people The,-19.9375,2,2token,incomplete_phrase
crows,wood land,-19.9375,2,2token,incomplete_phrase
crows,hen with,-19.9375,2,2token,incomplete_phrase
crows,hen ______,-19.9375,2,2token,not_valid_noun
crows,book by,-19.9375,2,2token,not_valid_noun
crows,hen Read,-19.9375,2,2token,not_valid_noun
crows,person _____,-19.9375,2,2token,not_valid_noun
crows,wood ____,-19.9375,2,2token,not_valid_noun
crows,symbol [,-19.9375,2,2token,not_valid_noun
crows,feathers The,-19.9375,2,2token,incomplete_phrase
crows,person from,-19.9375,2,2token,incomplete_phrase
crows,person is,-19.9375,2,2token,not_valid_noun
crows,wood a,-19.9375,2,2token,not_valid_noun
crows,family the,-19.9375,2,2token,incomplete_phrase
crows,noun because,-19.9375,2,2token,incomplete_phrase
crows,fowls are,-19.9375,2,2token,incomplete_phrase
crows,noun to,-19.9375,2,2token,not_valid_noun
crows,bat with,-19.9375,2,2token,incomplete_phrase
crows,predator :,-19.9375,2,2token,not_valid_noun
crows,predator /,-19.9375,2,2token,not_valid_noun
crows,predator is,-19.9375,2,2token,not_valid_noun
crows,hen ….,-19.9375,2,2token,not_valid_noun
crows,bat _______,-19.9375,2,2token,not_valid_noun
crows,hen .....,-19.9375,2,2token,not_valid_noun
crows,thing complete,-19.9375,2,2token,not_valid_noun
crows,raven ..,-19.9375,2,2token,not_valid_noun
crows,ra b,-19.9375,2,2token,not_valid_noun
crows,"Animal ,",-19.9375,2,2token,not_valid_noun
crows,singing the,-19.9375,2,2token,incomplete_phrase
crows,human …,-19.9375,2,2token,not_valid_noun
crows,human /,-19.9375,2,2token,not_valid_noun
crows,ra ________,-19.9375,2,2token,not_valid_noun
crows,ra ____,-19.9375,2,2token,not_valid_noun
crows,vegetable .....,-19.9375,2,2token,not_valid_noun
crows,raptor of,-19.9375,2,2token,not_valid_noun
crows,raptor a,-19.9375,2,2token,not_valid_noun
crows,raptor ______,-19.9375,2,2token,not_valid_noun
crows,raptor :,-19.9375,2,2token,not_valid_noun
crows,beak _____,-19.9375,2,2token,not_valid_noun
crows,raptor is,-19.9375,2,2token,not_valid_noun
crows,human ….,-19.9375,2,2token,not_valid_noun
crows,vegetable _______,-19.9375,2,2token,not_valid_noun
crows,wood ow,-20.0,2,2token,not_valid_noun
crows,part …,-20.0,2,2token,not_valid_noun
crows,\_ mammal,-20.0,2,2token,not_valid_noun
crows,\_ The,-20.0,2,2token,not_valid_noun
crows,\_ A,-20.0,2,2token,not_valid_noun
crows,hawk _______,-20.0,2,2token,not_valid_noun
crows,ape ..,-20.0,2,2token,not_valid_noun
crows,verb to,-20.0,2,2token,not_valid_noun
crows,part o,-20.0,2,2token,not_valid_noun
crows,.( ________,-20.0,2,2token,not_valid_noun
crows,".( ),",-20.0,2,2token,not_valid_noun
crows,talk ....,-20.0,2,2token,not_valid_noun
crows,flight /,-20.0,2,2token,not_valid_noun
crows,.( Vögel,-20.0,2,2token,not_valid_noun
crows,Raven Fill,-20.0,2,2token,not_valid_noun
crows,cor …,-20.0,2,2token,not_valid_noun
crows,Raven Answer,-20.0,2,2token,not_valid_noun
crows,noise they,-20.0,2,2token,incomplete_phrase
crows,noise on,-20.0,2,2token,not_valid_noun
crows,talk at,-20.0,2,2token,not_valid_noun
crows,talk A,-20.0,2,2token,not_valid_noun
crows,cor ....,-20.0,2,2token,not_valid_noun
crows,monkey ..,-20.0,2,2token,not_valid_noun
crows,monkey .....,-20.0,2,2token,not_valid_noun
crows,monkey ______,-20.0,2,2token,not_valid_noun
crows,monkey but,-20.0,2,2token,incomplete_phrase
crows,plane :,-20.0,2,2token,not_valid_noun
crows,plane [,-20.0,2,2token,not_valid_noun
crows,plane are,-20.0,2,2token,incomplete_phrase
crows,noise ....,-20.0,2,2token,not_valid_noun
crows,bar <,-20.0,2,2token,not_valid_noun
crows,colour complete,-20.0,2,2token,not_valid_noun
crows,member Of,-20.0,2,2token,not_valid_noun
crows,BIRDS .....,-20.0,2,2token,not_valid_noun
crows,BIRDS ..,-20.0,2,2token,not_valid_noun
crows,\_ ______,-20.0,2,2token,not_valid_noun
crows,BIRDS A,-20.0,2,2token,not_valid_noun
crows,BIRDS _______,-20.0,2,2token,not_valid_noun
crows,dinosaur is,-20.0,2,2token,not_valid_noun
crows,dinosaur with,-20.0,2,2token,incomplete_phrase
crows,aeroplane is,-20.0,2,2token,not_valid_noun
crows,adjective because,-20.0,2,2token,not_valid_noun
crows,adjective the,-20.0,2,2token,incomplete_phrase
crows,adjective about,-20.0,2,2token,not_valid_noun
crows,ape but,-20.0,2,2token,incomplete_phrase
crows,ape which,-20.0,2,2token,incomplete_phrase
crows,bat flying,-20.0625,2,2token,incomplete_phrase
crows,goose ____,-20.0625,2,2token,not_valid_noun
crows,bat Read,-20.0625,2,2token,not_valid_noun
crows,person A,-20.0625,2,2token,not_valid_noun
crows,bat ________,-20.0625,2,2token,not_valid_noun
crows,goose in,-20.0625,2,2token,not_valid_noun
crows,person .....,-20.0625,2,2token,not_valid_noun
crows,thing are,-20.0625,2,2token,incomplete_phrase
crows,book -,-20.0625,2,2token,not_valid_noun
crows,book _,-20.0625,2,2token,not_valid_noun
crows,color ____,-20.0625,2,2token,not_valid_noun
crows,color and,-20.0625,2,2token,incomplete_phrase
crows,people A,-20.0625,2,2token,not_valid_noun
crows,people :,-20.0625,2,2token,not_valid_noun
crows,people ..,-20.0625,2,2token,not_valid_noun
crows,people .....,-20.0625,2,2token,not_valid_noun
crows,people Correct,-20.0625,2,2token,not_valid_noun
crows,people _____,-20.0625,2,2token,not_valid_noun
crows,fowls _______,-20.0625,2,2token,not_valid_noun
crows,fowls [,-20.0625,2,2token,not_valid_noun
crows,human are,-20.0625,2,2token,incomplete_phrase
crows,noun _____,-20.0625,2,2token,not_valid_noun
crows,duck Read,-20.0625,2,2token,not_valid_noun
crows,duck Full,-20.0625,2,2token,incomplete_phrase
crows,duck ......,-20.0625,2,2token,not_valid_noun
crows,duck _______,-20.0625,2,2token,not_valid_noun
crows,beak .....,-20.0625,2,2token,not_valid_noun
crows,duck are,-20.0625,2,2token,incomplete_phrase
crows,beak _,-20.0625,2,2token,not_valid_noun
crows,"raven ,",-20.0625,2,2token,not_valid_noun
crows,family from,-20.0625,2,2token,incomplete_phrase
crows,family A,-20.0625,2,2token,not_valid_noun
crows,feathers ......,-20.0625,2,2token,not_valid_noun
crows,rat -,-20.0625,2,2token,not_valid_noun
crows,predator Answer,-20.0625,2,2token,not_valid_noun
crows,predator Comple,-20.0625,2,2token,incomplete_phrase
crows,predator because,-20.0625,2,2token,incomplete_phrase
crows,rat ....,-20.0625,2,2token,not_valid_noun
crows,feathers :,-20.0625,2,2token,not_valid_noun
crows,feathers _____,-20.0625,2,2token,not_valid_noun
crows,feathers ____,-20.0625,2,2token,not_valid_noun
crows,predator ________,-20.0625,2,2token,not_valid_noun
crows,raptor called,-20.0625,2,2token,incomplete_phrase
crows,raptor _,-20.0625,2,2token,not_valid_noun
crows,…………………… Are,-20.0625,2,2token,not_valid_noun
crows,…………………… and,-20.0625,2,2token,not_valid_noun
crows,sparrow with,-20.0625,2,2token,incomplete_phrase
crows,predator ______,-20.0625,2,2token,not_valid_noun
crows,predator ____,-20.0625,2,2token,not_valid_noun
crows,raptor _______,-20.0625,2,2token,not_valid_noun
crows,dog ________,-20.0625,2,2token,not_valid_noun
crows,dog Correct,-20.0625,2,2token,not_valid_noun
crows,raven The,-20.0625,2,2token,incomplete_phrase
crows,ra or,-20.0625,2,2token,not_valid_noun
crows,raven _,-20.0625,2,2token,not_valid_noun
crows,noun Example,-20.0625,2,2token,not_valid_noun
crows,"noun ,",-20.0625,2,2token,not_valid_noun
crows,rat that,-20.0625,2,2token,incomplete_phrase
crows,BIRDS ________,-20.125,2,2token,not_valid_noun
crows,BIRDS ____,-20.125,2,2token,not_valid_noun
crows,BIRDS but,-20.125,2,2token,incomplete_phrase
crows,BIRDS /,-20.125,2,2token,not_valid_noun
crows,BIRDS ______,-20.125,2,2token,not_valid_noun
crows,noise at,-20.125,2,2token,not_valid_noun
crows,noise Fill,-20.125,2,2token,not_valid_noun
crows,noise /,-20.125,2,2token,not_valid_noun
crows,wood cutting,-20.125,2,2token,incomplete_phrase
crows,part,-20.125,2,2token,incomplete_phrase
crows,reptile The,-20.125,2,2token,incomplete_phrase
crows,reptile _____,-20.125,2,2token,not_valid_noun
crows,reptile Read,-20.125,2,2token,not_valid_noun
crows,ape ….,-20.125,2,2token,not_valid_noun
crows,ape .....,-20.125,2,2token,not_valid_noun
crows,flight are,-20.125,2,2token,incomplete_phrase
crows,flight Read,-20.125,2,2token,not_valid_noun
crows,ape Read,-20.125,2,2token,not_valid_noun
crows,crows Comple,-20.125,2,2token,incomplete_phrase
crows,wood _____,-20.125,2,2token,not_valid_noun
crows,reptile ..,-20.125,2,2token,not_valid_noun
crows,member f,-20.125,2,2token,not_valid_noun
crows,member ______,-20.125,2,2token,not_valid_noun
crows,member is,-20.125,2,2token,not_valid_noun
crows,.( -,-20.125,2,2token,not_valid_noun
crows,.( ?,-20.125,2,2token,not_valid_noun
crows,.( oiseau,-20.125,2,2token,not_valid_noun
crows,monkey which,-20.125,2,2token,incomplete_phrase
crows,monkey ….,-20.125,2,2token,not_valid_noun
crows,singing wild,-20.125,2,2token,incomplete_phrase
crows,singing ________,-20.125,2,2token,not_valid_noun
crows,singing _______,-20.125,2,2token,not_valid_noun
crows,Raven belongs,-20.125,2,2token,incomplete_phrase
crows,turkey that,-20.125,2,2token,incomplete_phrase
crows,turkey Answer,-20.125,2,2token,not_valid_noun
crows,turkey are,-20.125,2,2token,incomplete_phrase
crows,singing is,-20.125,2,2token,not_valid_noun
crows,Raven COMPLETE,-20.125,2,2token,not_valid_noun
crows,colour or,-20.125,2,2token,not_valid_noun
crows,aeroplane with,-20.125,2,2token,incomplete_phrase
crows,colour and,-20.125,2,2token,incomplete_phrase
crows,colour is,-20.125,2,2token,not_valid_noun
crows,colour -,-20.125,2,2token,not_valid_noun
crows,talk like,-20.125,2,2token,incomplete_phrase
crows,talk ___,-20.125,2,2token,not_valid_noun
crows,talk _________,-20.125,2,2token,not_valid_noun
crows,verb ______,-20.125,2,2token,not_valid_noun
crows,talk Read,-20.125,2,2token,not_valid_noun
crows,verb Present,-20.125,2,2token,incomplete_phrase
crows,oiseau,-20.125,2,2token,not_valid_noun
crows,ra a,-20.125,2,2token,not_valid_noun
crows,plane ______,-20.125,2,2token,not_valid_noun
crows,bar /,-20.125,2,2token,not_valid_noun
crows,plane Full,-20.125,2,2token,incomplete_phrase
crows,bar i,-20.125,2,2token,not_valid_noun
crows,bar that,-20.125,2,2token,incomplete_phrase
crows,dog of,-20.1875,2,2token,not_valid_noun
crows,dog The,-20.1875,2,2token,incomplete_phrase
crows,dog [,-20.1875,2,2token,not_valid_noun
crows,bat True,-20.1875,2,2token,incomplete_phrase
crows,bat Answer,-20.1875,2,2token,not_valid_noun
crows,dog are,-20.1875,2,2token,incomplete_phrase
crows,fowls -,-20.1875,2,2token,not_valid_noun
crows,dog …,-20.1875,2,2token,not_valid_noun
crows,goose [,-20.1875,2,2token,not_valid_noun
crows,goose ______,-20.1875,2,2token,not_valid_noun
crows,raven but,-20.1875,2,2token,incomplete_phrase
crows,raven Read,-20.1875,2,2token,not_valid_noun
crows,goose -,-20.1875,2,2token,not_valid_noun
crows,hen _____,-20.1875,2,2token,not_valid_noun
crows,hen Part,-20.1875,2,2token,incomplete_phrase
crows,hen ________,-20.1875,2,2token,not_valid_noun
crows,fowls COMPLETE,-20.1875,2,2token,not_valid_noun
crows,fowls which,-20.1875,2,2token,incomplete_phrase
crows,bat because,-20.1875,2,2token,incomplete_phrase
crows,bat :,-20.1875,2,2token,not_valid_noun
crows,predator Read,-20.1875,2,2token,not_valid_noun
crows,vegetable :,-20.1875,2,2token,not_valid_noun
crows,vegetable -,-20.1875,2,2token,not_valid_noun
crows,person _,-20.1875,2,2token,not_valid_noun
crows,feathers by,-20.1875,2,2token,not_valid_noun
crows,feathers which,-20.1875,2,2token,incomplete_phrase
crows,hen which,-20.1875,2,2token,incomplete_phrase
crows,raptor _____,-20.1875,2,2token,not_valid_noun
crows,dog Comple,-20.1875,2,2token,incomplete_phrase
crows,part ___,-20.1875,2,2token,not_valid_noun
crows,cat with,-20.1875,2,2token,incomplete_phrase
crows,human _.,-20.1875,2,2token,not_valid_noun
crows,part _,-20.1875,2,2token,not_valid_noun
crows,part which,-20.1875,2,2token,incomplete_phrase
crows,feathers Read,-20.1875,2,2token,not_valid_noun
crows,rat _______,-20.1875,2,2token,not_valid_noun
crows,book for,-20.1875,2,2token,incomplete_phrase
crows,feathers ______,-20.1875,2,2token,not_valid_noun
crows,human complete,-20.1875,2,2token,not_valid_noun
crows,human Read,-20.1875,2,2token,not_valid_noun
crows,human Original,-20.1875,2,2token,incomplete_phrase
crows,human ..,-20.1875,2,2token,not_valid_noun
crows,wood is,-20.1875,2,2token,not_valid_noun
crows,wood that,-20.1875,2,2token,incomplete_phrase
crows,wood car,-20.1875,2,2token,incomplete_phrase
crows,person The,-20.1875,2,2token,incomplete_phrase
crows,person [,-20.1875,2,2token,not_valid_noun
crows,person by,-20.1875,2,2token,not_valid_noun
crows,feathers for,-20.1875,2,2token,incomplete_phrase
crows,predator _____,-20.1875,2,2token,not_valid_noun
crows,raptor COMPLETE,-20.1875,2,2token,not_valid_noun
crows,dog Incomplete,-20.1875,2,2token,not_valid_noun
crows,raptor ________,-20.1875,2,2token,not_valid_noun
crows,dog .....,-20.1875,2,2token,not_valid_noun
crows,sparrow which,-20.1875,2,2token,incomplete_phrase
crows,color or,-20.1875,2,2token,not_valid_noun
crows,human like,-20.1875,2,2token,incomplete_phrase
crows,human that,-20.1875,2,2token,incomplete_phrase
crows,duck ______,-20.1875,2,2token,not_valid_noun
crows,person /,-20.1875,2,2token,not_valid_noun
crows,beak which,-20.1875,2,2token,incomplete_phrase
crows,beak Open,-20.1875,2,2token,incomplete_phrase
crows,human __,-20.1875,2,2token,not_valid_noun
crows,duck A,-20.1875,2,2token,not_valid_noun
crows,people _,-20.1875,2,2token,not_valid_noun
crows,people at,-20.1875,2,2token,not_valid_noun
crows,noun the,-20.1875,2,2token,incomplete_phrase
crows,plane .....,-20.25,2,2token,not_valid_noun
crows,noise for,-20.25,2,2token,incomplete_phrase
crows,noise you,-20.25,2,2token,incomplete_phrase
crows,plane a,-20.25,2,2token,not_valid_noun
crows,ape Correct,-20.25,2,2token,not_valid_noun
crows,hawk are,-20.25,2,2token,incomplete_phrase
crows,hawk ____,-20.25,2,2token,not_valid_noun
crows,.( Circle,-20.25,2,2token,not_valid_noun
crows,reptile is,-20.25,2,2token,not_valid_noun
crows,.( you,-20.25,2,2token,not_valid_noun
crows,.( Please,-20.25,2,2token,not_valid_noun
crows,monkey by,-20.25,2,2token,not_valid_noun
crows,ape Incomplete,-20.25,2,2token,not_valid_noun
crows,plane Correct,-20.25,2,2token,not_valid_noun
crows,singing ....,-20.25,2,2token,not_valid_noun
crows,BIRDS Read,-20.25,2,2token,not_valid_noun
crows,dinosaur :,-20.25,2,2token,not_valid_noun
crows,dinosaur called,-20.25,2,2token,incomplete_phrase
crows,plane The,-20.25,2,2token,incomplete_phrase
crows,noise which,-20.25,2,2token,incomplete_phrase
crows,noise COMPLETE,-20.25,2,2token,not_valid_noun
crows,BIRDS with,-20.25,2,2token,incomplete_phrase
crows,monkey because,-20.25,2,2token,incomplete_phrase
crows,talk __________,-20.25,2,2token,not_valid_noun
crows,talk :,-20.25,2,2token,not_valid_noun
crows,member fo,-20.25,2,2token,not_valid_noun
crows,colour _______,-20.25,2,2token,not_valid_noun
crows,colour ____,-20.25,2,2token,not_valid_noun
crows,colour ________,-20.25,2,2token,not_valid_noun
crows,wood ________,-20.25,2,2token,not_valid_noun
crows,\_ $,-20.25,2,2token,not_valid_noun
crows,part called,-20.25,2,2token,incomplete_phrase
crows,\_ Birds,-20.25,2,2token,not_valid_noun
crows,\_ Fill,-20.25,2,2token,not_valid_noun
crows,Raven kind,-20.25,2,2token,incomplete_phrase
crows,reptile A,-20.25,2,2token,not_valid_noun
crows,Raven I,-20.25,2,2token,not_valid_noun
crows,Raven _______,-20.25,2,2token,not_valid_noun
crows,dinosaur _____,-20.25,2,2token,not_valid_noun
crows,talk for,-20.25,2,2token,not_valid_noun
crows,ra o,-20.25,2,2token,not_valid_noun
crows,turkey :,-20.25,2,2token,not_valid_noun
crows,verb Fill,-20.25,2,2token,not_valid_noun
crows,aeroplane flying,-20.25,2,2token,incomplete_phrase
crows,turkey Fill,-20.25,2,2token,not_valid_noun
crows,Raven of,-20.25,2,2token,not_valid_noun
crows,plane called,-20.25,2,2token,incomplete_phrase
crows,people ….,-20.3125,2,2token,not_valid_noun
crows,dog ..,-20.3125,2,2token,not_valid_noun
crows,people Comple,-20.3125,2,2token,incomplete_phrase
crows,people …,-20.3125,2,2token,not_valid_noun
crows,dog called,-20.3125,2,2token,incomplete_phrase
crows,bar ........,-20.3125,2,2token,not_valid_noun
crows,bat ….,-20.3125,2,2token,not_valid_noun
crows,dog but,-20.3125,2,2token,incomplete_phrase
crows,dog _,-20.3125,2,2token,not_valid_noun
crows,ra of,-20.3125,2,2token,not_valid_noun
crows,rat ________,-20.3125,2,2token,not_valid_noun
crows,rat ______,-20.3125,2,2token,not_valid_noun
crows,color ________,-20.3125,2,2token,not_valid_noun
crows,hen I,-20.3125,2,2token,not_valid_noun
crows,person Example,-20.3125,2,2token,not_valid_noun
crows,ra bird,-20.3125,2,2token,not_valid_noun
crows,predator _,-20.3125,2,2token,not_valid_noun
crows,predator with,-20.3125,2,2token,incomplete_phrase
crows,raven .....,-20.3125,2,2token,not_valid_noun
crows,book Author,-20.3125,2,2token,incomplete_phrase
crows,book ____,-20.3125,2,2token,not_valid_noun
crows,wood P,-20.3125,2,2token,not_valid_noun
crows,people [,-20.3125,2,2token,not_valid_noun
crows,book with,-20.3125,2,2token,incomplete_phrase
crows,book ..,-20.3125,2,2token,not_valid_noun
crows,people by,-20.3125,2,2token,not_valid_noun
crows,book a,-20.3125,2,2token,not_valid_noun
crows,feathers …,-20.3125,2,2token,not_valid_noun
crows,feathers from,-20.3125,2,2token,incomplete_phrase
crows,duck /,-20.3125,2,2token,not_valid_noun
crows,cat that,-20.3125,2,2token,incomplete_phrase
crows,duck The,-20.3125,2,2token,incomplete_phrase
crows,cat /,-20.3125,2,2token,not_valid_noun
crows,color _____,-20.3125,2,2token,not_valid_noun
crows,cat COMPLETE,-20.3125,2,2token,not_valid_noun
crows,cat Full,-20.3125,2,2token,incomplete_phrase
crows,cat Answer,-20.3125,2,2token,not_valid_noun
crows,color _______,-20.3125,2,2token,not_valid_noun
crows,duck Completed,-20.3125,2,2token,not_valid_noun
crows,rat [,-20.3125,2,2token,not_valid_noun
crows,rat Answer,-20.3125,2,2token,not_valid_noun
crows,raven ____,-20.3125,2,2token,not_valid_noun
crows,symbol but,-20.3125,2,2token,incomplete_phrase
crows,symbol by,-20.3125,2,2token,not_valid_noun
crows,symbol as,-20.3125,2,2token,not_valid_noun
crows,fowls like,-20.3125,2,2token,incomplete_phrase
crows,raven Continue,-20.3125,2,2token,not_valid_noun
crows,bat _,-20.3125,2,2token,not_valid_noun
crows,fowls ________,-20.3125,2,2token,not_valid_noun
crows,symbol …,-20.3125,2,2token,not_valid_noun
crows,predator who,-20.3125,2,2token,incomplete_phrase
crows,fowls with,-20.3125,2,2token,incomplete_phrase
crows,person :,-20.3125,2,2token,not_valid_noun
crows,symbol Used,-20.3125,2,2token,incomplete_phrase
crows,person …,-20.3125,2,2token,not_valid_noun
crows,person a,-20.3125,2,2token,not_valid_noun
crows,BIRDS which,-20.375,2,2token,incomplete_phrase
crows,plane Part,-20.375,2,2token,incomplete_phrase
crows,hawk ______,-20.375,2,2token,not_valid_noun
crows,plane _____,-20.375,2,2token,not_valid_noun
crows,hawk :,-20.375,2,2token,not_valid_noun
crows,hawk Answer,-20.375,2,2token,not_valid_noun
crows,ra –,-20.375,2,2token,not_valid_noun
crows,ra *,-20.375,2,2token,not_valid_noun
crows,ra ?,-20.375,2,2token,not_valid_noun
crows,aeroplane Read,-20.375,2,2token,not_valid_noun
crows,BIRDS _____,-20.375,2,2token,not_valid_noun
crows,.( an,-20.375,2,2token,not_valid_noun
crows,BIRDS :,-20.375,2,2token,not_valid_noun
crows,noise by,-20.375,2,2token,not_valid_noun
crows,reptile a,-20.375,2,2token,not_valid_noun
crows,hawk but,-20.375,2,2token,incomplete_phrase
crows,verb of,-20.375,2,2token,not_valid_noun
crows,noise ______,-20.375,2,2token,not_valid_noun
crows,noise :,-20.375,2,2token,not_valid_noun
crows,"\_ ,",-20.375,2,2token,not_valid_noun
crows,plane complete,-20.375,2,2token,not_valid_noun
crows,noise Source,-20.375,2,2token,incomplete_phrase
crows,ape Download,-20.375,2,2token,not_valid_noun
crows,"BIRDS ,",-20.375,2,2token,not_valid_noun
crows,BIRDS What,-20.375,2,2token,incomplete_phrase
crows,noise ________,-20.375,2,2token,not_valid_noun
crows,ape Full,-20.375,2,2token,incomplete_phrase
crows,dinosaur …,-20.375,2,2token,not_valid_noun
crows,crows the,-20.375,2,2token,incomplete_phrase
crows,dinosaur A,-20.375,2,2token,not_valid_noun
crows,Raven ______,-20.375,2,2token,not_valid_noun
crows,ape Continue,-20.375,2,2token,not_valid_noun
crows,monkey Comple,-20.375,2,2token,incomplete_phrase
crows,colour :,-20.375,2,2token,not_valid_noun
crows,aeroplane _______,-20.375,2,2token,not_valid_noun
crows,aeroplane Fill,-20.375,2,2token,not_valid_noun
crows,reptile _,-20.375,2,2token,not_valid_noun
crows,ape Original,-20.375,2,2token,incomplete_phrase
crows,noise the,-20.375,2,2token,incomplete_phrase
crows,member _______,-20.375,2,2token,not_valid_noun
crows,colour .....,-20.375,2,2token,not_valid_noun
crows,dinosaur _,-20.375,2,2token,not_valid_noun
crows,\_ Complete,-20.375,2,2token,not_valid_noun
crows,dinosaur [,-20.375,2,2token,not_valid_noun
crows,dinosaur /,-20.375,2,2token,not_valid_noun
crows,people /,-20.4375,2,2token,not_valid_noun
crows,dog A,-20.4375,2,2token,not_valid_noun
crows,dog a,-20.4375,2,2token,not_valid_noun
crows,dog to,-20.4375,2,2token,not_valid_noun
crows,rat Related,-20.4375,2,2token,not_valid_noun
crows,rat :,-20.4375,2,2token,not_valid_noun
crows,cat _______,-20.4375,2,2token,not_valid_noun
crows,rat _____,-20.4375,2,2token,not_valid_noun
crows,ra ___,-20.4375,2,2token,not_valid_noun
crows,"hen ,",-20.4375,2,2token,not_valid_noun
crows,hen COMPLETE,-20.4375,2,2token,not_valid_noun
crows,people ?,-20.4375,2,2token,not_valid_noun
crows,bar e,-20.4375,2,2token,not_valid_noun
crows,bar I,-20.4375,2,2token,not_valid_noun
crows,feathers /,-20.4375,2,2token,not_valid_noun
crows,fin and,-20.4375,2,2token,incomplete_phrase
crows,person I,-20.4375,2,2token,not_valid_noun
crows,"feathers ,",-20.4375,2,2token,not_valid_noun
crows,cat …,-20.4375,2,2token,not_valid_noun
crows,cat ____,-20.4375,2,2token,not_valid_noun
crows,duck Edit,-20.4375,2,2token,incomplete_phrase
crows,book ______,-20.4375,2,2token,not_valid_noun
crows,cat _,-20.4375,2,2token,not_valid_noun
crows,cat :,-20.4375,2,2token,not_valid_noun
crows,color ______,-20.4375,2,2token,not_valid_noun
crows,color complete,-20.4375,2,2token,not_valid_noun
crows,color _,-20.4375,2,2token,not_valid_noun
crows,color :,-20.4375,2,2token,not_valid_noun
crows,book .....,-20.4375,2,2token,not_valid_noun
crows,duck _____,-20.4375,2,2token,not_valid_noun
crows,ra .....,-20.4375,2,2token,not_valid_noun
crows,book ….,-20.4375,2,2token,not_valid_noun
crows,feathers ..,-20.4375,2,2token,not_valid_noun
crows,duck a,-20.4375,2,2token,not_valid_noun
crows,duck Add,-20.4375,2,2token,incomplete_phrase
crows,person at,-20.4375,2,2token,not_valid_noun
crows,raven A,-20.4375,2,2token,not_valid_noun
crows,raven by,-20.4375,2,2token,not_valid_noun
crows,book called,-20.4375,2,2token,incomplete_phrase
crows,book reader,-20.4375,2,2token,not_valid_noun
crows,cat Fill,-20.4375,2,2token,not_valid_noun
crows,cat Read,-20.4375,2,2token,not_valid_noun
crows,raven Write,-20.4375,2,2token,incomplete_phrase
crows,goose with,-20.4375,2,2token,incomplete_phrase
crows,vegetable ____,-20.4375,2,2token,not_valid_noun
crows,vegetable ______,-20.4375,2,2token,not_valid_noun
crows,fowls ____,-20.4375,2,2token,not_valid_noun
crows,fowls ______,-20.4375,2,2token,not_valid_noun
crows,fowls such,-20.4375,2,2token,incomplete_phrase
crows,bar [,-20.4375,2,2token,not_valid_noun
crows,bar because,-20.4375,2,2token,incomplete_phrase
crows,vegetable ________,-20.4375,2,2token,not_valid_noun
crows,goose _______,-20.4375,2,2token,not_valid_noun
crows,goose :,-20.4375,2,2token,not_valid_noun
crows,fowls :,-20.4375,2,2token,not_valid_noun
crows,raptor because,-20.4375,2,2token,incomplete_phrase
crows,dog by,-20.4375,2,2token,not_valid_noun
crows,bat .....,-20.4375,2,2token,not_valid_noun
crows,bat like,-20.4375,2,2token,incomplete_phrase
crows,bat which,-20.4375,2,2token,incomplete_phrase
crows,bat The,-20.4375,2,2token,incomplete_phrase
crows,bat a,-20.4375,2,2token,not_valid_noun
crows,people Full,-20.4375,2,2token,incomplete_phrase
crows,person Correct,-20.4375,2,2token,not_valid_noun
crows,…………………… …..,-20.4375,2,2token,not_valid_noun
crows,…………………… Fruit,-20.4375,2,2token,not_valid_noun
crows,person ..,-20.4375,2,2token,not_valid_noun
crows,person are,-20.4375,2,2token,incomplete_phrase
crows,plane ________,-20.5,2,2token,not_valid_noun
crows,plane which,-20.5,2,2token,incomplete_phrase
crows,hawk Correct,-20.5,2,2token,not_valid_noun
crows,noise ____,-20.5,2,2token,not_valid_noun
crows,noise Answer,-20.5,2,2token,not_valid_noun
crows,noise with,-20.5,2,2token,incomplete_phrase
crows,noise a,-20.5,2,2token,not_valid_noun
crows,monkey called,-20.5,2,2token,incomplete_phrase
crows,monkey _,-20.5,2,2token,not_valid_noun
crows,turkey _______,-20.5,2,2token,not_valid_noun
crows,turkey .....,-20.5,2,2token,not_valid_noun
crows,Raven ____,-20.5,2,2token,not_valid_noun
crows,BIRDS Write,-20.5,2,2token,incomplete_phrase
crows,BIRDS …,-20.5,2,2token,not_valid_noun
crows,BIRDS [,-20.5,2,2token,not_valid_noun
crows,BIRDS a,-20.5,2,2token,not_valid_noun
crows,colour ______,-20.5,2,2token,not_valid_noun
crows,colour _____,-20.5,2,2token,not_valid_noun
crows,member .....,-20.5,2,2token,not_valid_noun
crows,aeroplane ____,-20.5,2,2token,not_valid_noun
crows,aeroplane ________,-20.5,2,2token,not_valid_noun
crows,aeroplane to,-20.5,2,2token,not_valid_noun
crows,colour _,-20.5,2,2token,not_valid_noun
crows,$\ Rule,-20.5,2,2token,not_valid_noun
crows,"part ,",-20.5,2,2token,not_valid_noun
crows,part is,-20.5,2,2token,not_valid_noun
crows,Raven ________,-20.5,2,2token,not_valid_noun
crows,Raven .....,-20.5,2,2token,not_valid_noun
crows,Raven Edit,-20.5,2,2token,incomplete_phrase
crows,Raven Read,-20.5,2,2token,not_valid_noun
crows,fin in,-20.5,2,2token,not_valid_noun
crows,ra is,-20.5,2,2token,not_valid_noun
crows,ra,-20.5,2,2token,not_valid_noun
crows,crows Fill,-20.5,2,2token,not_valid_noun
crows,crows Answer,-20.5,2,2token,not_valid_noun
crows,crows What,-20.5,2,2token,not_valid_noun
crows,crows but,-20.5,2,2token,not_valid_noun
crows,crows The,-20.5,2,2token,incomplete_phrase
crows,\_ .....,-20.5,2,2token,not_valid_noun
crows,reptile …,-20.5,2,2token,not_valid_noun
crows,reptile /,-20.5,2,2token,not_valid_noun
crows,ape of,-20.5,2,2token,not_valid_noun
crows,ape a,-20.5,2,2token,not_valid_noun
crows,hawk Read,-20.5,2,2token,not_valid_noun
crows,hawk /,-20.5,2,2token,not_valid_noun
crows,hawk The,-20.5,2,2token,incomplete_phrase
crows,"bat ,",-20.5625,2,2token,not_valid_noun
crows,people like,-20.5625,2,2token,incomplete_phrase
crows,people a,-20.5625,2,2token,not_valid_noun
crows,raptor from,-20.5625,2,2token,incomplete_phrase
crows,"raptor ,",-20.5625,2,2token,not_valid_noun
crows,raven Comple,-20.5625,2,2token,incomplete_phrase
crows,raven Edit,-20.5625,2,2token,incomplete_phrase
crows,sparrow ______,-20.5625,2,2token,not_valid_noun
crows,raven ….,-20.5625,2,2token,not_valid_noun
crows,raven ________,-20.5625,2,2token,not_valid_noun
crows,sparrow :,-20.5625,2,2token,not_valid_noun
crows,fin -,-20.5625,2,2token,not_valid_noun
crows,cor -,-20.5625,2,2token,not_valid_noun
crows,vegetable /,-20.5625,2,2token,not_valid_noun
crows,vegetable Answer,-20.5625,2,2token,not_valid_noun
crows,color to,-20.5625,2,2token,not_valid_noun
crows,fowls .....,-20.5625,2,2token,not_valid_noun
crows,vegetable _____,-20.5625,2,2token,not_valid_noun
crows,rat _,-20.5625,2,2token,not_valid_noun
crows,color -,-20.5625,2,2token,not_valid_noun
crows,cat ________,-20.5625,2,2token,not_valid_noun
crows,color [,-20.5625,2,2token,not_valid_noun
crows,color .....,-20.5625,2,2token,not_valid_noun
crows,duck ​,-20.5625,2,2token,not_valid_noun
crows,predator [,-20.5625,2,2token,not_valid_noun
crows,person Comple,-20.5625,2,2token,incomplete_phrase
crows,person ….,-20.5625,2,2token,not_valid_noun
crows,raven of,-20.5625,2,2token,not_valid_noun
crows,hen The,-20.5625,2,2token,incomplete_phrase
crows,bat are,-20.5625,2,2token,incomplete_phrase
crows,raven the,-20.5625,2,2token,incomplete_phrase
crows,vegetable with,-20.5625,2,2token,incomplete_phrase
crows,goose _____,-20.5625,2,2token,not_valid_noun
crows,feathers [,-20.5625,2,2token,not_valid_noun
crows,goose /,-20.5625,2,2token,not_valid_noun
crows,hen ......,-20.5625,2,2token,not_valid_noun
crows,…………………… To,-20.5625,2,2token,not_valid_noun
crows,…………………… Also,-20.5625,2,2token,not_valid_noun
crows,raven _______,-20.5625,2,2token,not_valid_noun
crows,bat at,-20.5625,2,2token,not_valid_noun
crows,bat A,-20.5625,2,2token,not_valid_noun
crows,bat the,-20.5625,2,2token,incomplete_phrase
crows,rat Read,-20.5625,2,2token,not_valid_noun
crows,vegetable Read,-20.5625,2,2token,not_valid_noun
crows,vegetable …,-20.5625,2,2token,not_valid_noun
crows,predator a,-20.5625,2,2token,not_valid_noun
crows,sparrow are,-20.5625,2,2token,incomplete_phrase
crows,…………………… An,-20.5625,2,2token,not_valid_noun
crows,person Full,-20.5625,2,2token,incomplete_phrase
crows,turkey ______,-20.625,2,2token,not_valid_noun
crows,turkey _____,-20.625,2,2token,not_valid_noun
crows,crows which,-20.625,2,2token,incomplete_phrase
crows,ape _,-20.625,2,2token,not_valid_noun
crows,turkey …,-20.625,2,2token,not_valid_noun
crows,crows to,-20.625,2,2token,not_valid_noun
crows,cor ow,-20.625,2,2token,not_valid_noun
crows,ape like,-20.625,2,2token,incomplete_phrase
crows,cor [,-20.625,2,2token,not_valid_noun
crows,hawk ________,-20.625,2,2token,not_valid_noun
crows,turkey ________,-20.625,2,2token,not_valid_noun
crows,turkey Read,-20.625,2,2token,not_valid_noun
crows,hawk because,-20.625,2,2token,incomplete_phrase
crows,reptile ......,-20.625,2,2token,not_valid_noun
crows,hawk [,-20.625,2,2token,not_valid_noun
crows,ra the,-20.625,2,2token,not_valid_noun
crows,aeroplane …,-20.625,2,2token,not_valid_noun
crows,hawk A,-20.625,2,2token,not_valid_noun
crows,member ….,-20.625,2,2token,not_valid_noun
crows,\_ that,-20.625,2,2token,not_valid_noun
crows,colour to,-20.625,2,2token,not_valid_noun
crows,\_ or,-20.625,2,2token,not_valid_noun
crows,member ..,-20.625,2,2token,not_valid_noun
crows,\_ Animals,-20.625,2,2token,not_valid_noun
crows,aeroplane ______,-20.625,2,2token,not_valid_noun
crows,BIRDS _,-20.625,2,2token,not_valid_noun
crows,aeroplane ..,-20.625,2,2token,not_valid_noun
crows,aeroplane .....,-20.625,2,2token,not_valid_noun
crows,plane to,-20.625,2,2token,not_valid_noun
crows,aeroplane /,-20.625,2,2token,not_valid_noun
crows,\_ in,-20.625,2,2token,not_valid_noun
crows,bar c,-20.625,2,2token,not_valid_noun
crows,dinosaur .....,-20.625,2,2token,not_valid_noun
crows,noise A,-20.625,2,2token,not_valid_noun
crows,noise ..,-20.625,2,2token,not_valid_noun
crows,monkey Fruit,-20.625,2,2token,incomplete_phrase
crows,noise Download,-20.625,2,2token,not_valid_noun
crows,turkey [,-20.625,2,2token,not_valid_noun
crows,verb _____,-20.625,2,2token,not_valid_noun
crows,verb [,-20.625,2,2token,not_valid_noun
crows,verb ________,-20.625,2,2token,not_valid_noun
crows,verb .....,-20.625,2,2token,not_valid_noun
crows,dinosaur What,-20.625,2,2token,incomplete_phrase
crows,dinosaur Read,-20.625,2,2token,not_valid_noun
crows,dinosaur Answer,-20.625,2,2token,not_valid_noun
crows,hawk _____,-20.625,2,2token,not_valid_noun
crows,turkey _,-20.625,2,2token,not_valid_noun
crows,dinosaur The,-20.625,2,2token,incomplete_phrase
crows,reptile Write,-20.625,2,2token,incomplete_phrase
crows,reptile ___________,-20.625,2,2token,not_valid_noun
crows,plane the,-20.625,2,2token,incomplete_phrase
crows,aeroplane :,-20.625,2,2token,not_valid_noun
crows,member living,-20.625,2,2token,incomplete_phrase
crows,colour [,-20.625,2,2token,not_valid_noun
crows,\_ kite,-20.625,2,2token,not_valid_noun
crows,dinosaur from,-20.625,2,2token,incomplete_phrase
crows,fowls ..,-20.6875,2,2token,not_valid_noun
crows,book /,-20.6875,2,2token,not_valid_noun
crows,ra **,-20.6875,2,2token,not_valid_noun
crows,feathers around,-20.6875,2,2token,incomplete_phrase
crows,people I,-20.6875,2,2token,not_valid_noun
crows,book [,-20.6875,2,2token,not_valid_noun
crows,duck ________,-20.6875,2,2token,not_valid_noun
crows,sparrow [,-20.6875,2,2token,not_valid_noun
crows,…………………… Food,-20.6875,2,2token,not_valid_noun
crows,cor cause,-20.6875,2,2token,incomplete_phrase
crows,…………………… in,-20.6875,2,2token,not_valid_noun
crows,…………………… Read,-20.6875,2,2token,not_valid_noun
crows,…………………… You,-20.6875,2,2token,not_valid_noun
crows,sparrow _______,-20.6875,2,2token,not_valid_noun
crows,sparrow _____,-20.6875,2,2token,not_valid_noun
crows,color that,-20.6875,2,2token,incomplete_phrase
crows,raptor like,-20.6875,2,2token,incomplete_phrase
crows,raptor …,-20.6875,2,2token,not_valid_noun
crows,color Correct,-20.6875,2,2token,not_valid_noun
crows,person living,-20.6875,2,2token,incomplete_phrase
crows,raptor but,-20.6875,2,2token,incomplete_phrase
crows,ra ..,-20.6875,2,2token,not_valid_noun
crows,hen Related,-20.6875,2,2token,incomplete_phrase
crows,goose are,-20.6875,2,2token,incomplete_phrase
crows,goose complete,-20.6875,2,2token,not_valid_noun
crows,goose …,-20.6875,2,2token,not_valid_noun
crows,hen ​,-20.6875,2,2token,not_valid_noun
crows,hen of,-20.6875,2,2token,not_valid_noun
crows,hen the,-20.6875,2,2token,incomplete_phrase
crows,duck which,-20.6875,2,2token,incomplete_phrase
crows,duck to,-20.6875,2,2token,not_valid_noun
crows,cat _____,-20.6875,2,2token,not_valid_noun
crows,cat ..,-20.6875,2,2token,not_valid_noun
crows,cat Answers,-20.6875,2,2token,not_valid_noun
crows,color the,-20.6875,2,2token,incomplete_phrase
crows,fowls but,-20.6875,2,2token,incomplete_phrase
crows,goose ________,-20.6875,2,2token,not_valid_noun
crows,vegetable Correct,-20.6875,2,2token,not_valid_noun
crows,duck by,-20.6875,2,2token,not_valid_noun
crows,rat …,-20.6875,2,2token,not_valid_noun
crows,color on,-20.6875,2,2token,not_valid_noun
crows,predator The,-20.6875,2,2token,incomplete_phrase
crows,predator are,-20.6875,2,2token,incomplete_phrase
crows,predator called,-20.6875,2,2token,incomplete_phrase
crows,reptile to,-20.75,2,2token,not_valid_noun
crows,turkey but,-20.75,2,2token,incomplete_phrase
crows,ape A,-20.75,2,2token,not_valid_noun
crows,reptile What,-20.75,2,2token,incomplete_phrase
crows,reptile Comple,-20.75,2,2token,incomplete_phrase
crows,reptile snakes,-20.75,2,2token,incomplete_phrase
crows,crows by,-20.75,2,2token,not_valid_noun
crows,crows A,-20.75,2,2token,not_valid_noun
crows,crows /,-20.75,2,2token,not_valid_noun
crows,crows from,-20.75,2,2token,not_valid_noun
crows,monkey of,-20.75,2,2token,not_valid_noun
crows,crows _______,-20.75,2,2token,not_valid_noun
crows,hawk …,-20.75,2,2token,not_valid_noun
crows,hawk Comple,-20.75,2,2token,incomplete_phrase
crows,turkey ____,-20.75,2,2token,not_valid_noun
crows,turkey Correct,-20.75,2,2token,not_valid_noun
crows,turkey /,-20.75,2,2token,not_valid_noun
crows,ape The,-20.75,2,2token,incomplete_phrase
crows,dinosaur a,-20.75,2,2token,not_valid_noun
crows,dinosaur Correct,-20.75,2,2token,not_valid_noun
crows,bar –,-20.75,2,2token,not_valid_noun
crows,verb ….,-20.75,2,2token,not_valid_noun
crows,verb ____,-20.75,2,2token,not_valid_noun
crows,turkey A,-20.75,2,2token,not_valid_noun
crows,turkey a,-20.75,2,2token,not_valid_noun
crows,\_ _______,-20.75,2,2token,not_valid_noun
crows,BIRDS by,-20.75,2,2token,not_valid_noun
crows,member at,-20.75,2,2token,not_valid_noun
crows,colour that,-20.75,2,2token,incomplete_phrase
crows,colour the,-20.75,2,2token,incomplete_phrase
crows,colour …,-20.75,2,2token,not_valid_noun
crows,aeroplane _____,-20.75,2,2token,not_valid_noun
crows,BIRDS Full,-20.75,2,2token,incomplete_phrase
crows,BIRDS AND,-20.75,2,2token,incomplete_phrase
crows,BIRDS is,-20.75,2,2token,not_valid_noun
crows,aeroplane COMPLETE,-20.75,2,2token,not_valid_noun
crows,aeroplane for,-20.75,2,2token,incomplete_phrase
crows,BIRDS ….,-20.75,2,2token,not_valid_noun
crows,BIRDS ......,-20.75,2,2token,not_valid_noun
crows,BIRDS Answer,-20.75,2,2token,not_valid_noun
crows,ra _______,-20.75,2,2token,not_valid_noun
crows,fin :,-20.75,2,2token,not_valid_noun
crows,fin of,-20.8125,2,2token,not_valid_noun
crows,ra _________,-20.8125,2,2token,not_valid_noun
crows,hen by,-20.8125,2,2token,not_valid_noun
crows,hen What,-20.8125,2,2token,incomplete_phrase
crows,hen Final,-20.8125,2,2token,incomplete_phrase
crows,hen Continue,-20.8125,2,2token,not_valid_noun
crows,vegetable to,-20.8125,2,2token,not_valid_noun
crows,cat .....,-20.8125,2,2token,not_valid_noun
crows,hen a,-20.8125,2,2token,not_valid_noun
crows,cat What,-20.8125,2,2token,incomplete_phrase
crows,\_ ________,-20.8125,2,2token,not_valid_noun
crows,vegetable for,-20.8125,2,2token,incomplete_phrase
crows,vegetable _,-20.8125,2,2token,not_valid_noun
crows,\_ [,-20.8125,2,2token,not_valid_noun
crows,\_ are,-20.8125,2,2token,not_valid_noun
crows,vegetable is,-20.8125,2,2token,not_valid_noun
crows,sparrow Correct,-20.8125,2,2token,not_valid_noun
crows,sparrow Fill,-20.8125,2,2token,not_valid_noun
crows,sparrow /,-20.8125,2,2token,not_valid_noun
crows,raptor Correct,-20.8125,2,2token,not_valid_noun
crows,raptor ..,-20.8125,2,2token,not_valid_noun
crows,raptor Read,-20.8125,2,2token,not_valid_noun
crows,raptor by,-20.8125,2,2token,not_valid_noun
crows,predator Full,-20.8125,2,2token,incomplete_phrase
crows,$\,-20.8125,2,2token,not_valid_noun
crows,rat COMPLETE,-20.8125,2,2token,not_valid_noun
crows,vegetable COMPLETE,-20.8125,2,2token,not_valid_noun
crows,predator by,-20.8125,2,2token,not_valid_noun
crows,duck Total,-20.8125,2,2token,incomplete_phrase
crows,duck Final,-20.8125,2,2token,incomplete_phrase
crows,duck Discuss,-20.8125,2,2token,incomplete_phrase
crows,duck for,-20.8125,2,2token,incomplete_phrase
crows,…………………… Do,-20.8125,2,2token,not_valid_noun
crows,book to,-20.8125,2,2token,not_valid_noun
crows,rat like,-20.8125,2,2token,incomplete_phrase
crows,…………………… These,-20.8125,2,2token,not_valid_noun
crows,…………………… Other,-20.8125,2,2token,not_valid_noun
crows,…………………… Example,-20.8125,2,2token,not_valid_noun
crows,fowls The,-20.8125,2,2token,incomplete_phrase
crows,book :,-20.8125,2,2token,not_valid_noun
crows,cat [,-20.8125,2,2token,not_valid_noun
crows,bar _,-20.8125,2,2token,not_valid_noun
crows,bar at,-20.8125,2,2token,not_valid_noun
crows,…………………… My,-20.8125,2,2token,not_valid_noun
crows,fowls Read,-20.8125,2,2token,not_valid_noun
crows,book …,-20.8125,2,2token,not_valid_noun
crows,book _______,-20.8125,2,2token,not_valid_noun
crows,fowls _____,-20.8125,2,2token,not_valid_noun
crows,goose by,-20.8125,2,2token,not_valid_noun
crows,bar with,-20.8125,2,2token,not_valid_noun
crows,fowls …,-20.8125,2,2token,not_valid_noun
crows,\_ wildlife,-20.8125,2,2token,not_valid_noun
crows,\_ mammals,-20.8125,2,2token,not_valid_noun
crows,\_ ........,-20.8125,2,2token,not_valid_noun
crows,vegetable .......,-20.8125,2,2token,not_valid_noun
crows,fin …,-20.8125,2,2token,not_valid_noun
crows,dinosaur ?,-20.875,2,2token,not_valid_noun
crows,ra …..,-20.875,2,2token,not_valid_noun
crows,aeroplane A,-20.875,2,2token,not_valid_noun
crows,bar ..,-20.875,2,2token,not_valid_noun
crows,colour ......,-20.875,2,2token,not_valid_noun
crows,aeroplane The,-20.875,2,2token,incomplete_phrase
crows,ra If,-20.875,2,2token,not_valid_noun
crows,ra /,-20.875,2,2token,not_valid_noun
crows,BIRDS birds,-20.875,2,2token,not_valid_noun
crows,hawk _,-20.875,2,2token,not_valid_noun
crows,aeroplane Correct,-20.875,2,2token,not_valid_noun
crows,verb with,-20.875,2,2token,not_valid_noun
crows,hawk Full,-20.875,2,2token,incomplete_phrase
crows,dinosaur which,-20.875,2,2token,incomplete_phrase
crows,hawk .....,-20.875,2,2token,not_valid_noun
crows,cor or,-20.875,2,2token,not_valid_noun
crows,hawk by,-20.875,2,2token,not_valid_noun
crows,hawk the,-20.875,2,2token,incomplete_phrase
crows,cor a,-20.875,2,2token,not_valid_noun
crows,crows who,-20.875,2,2token,incomplete_phrase
crows,crows _,-20.875,2,2token,not_valid_noun
crows,crows [,-20.875,2,2token,not_valid_noun
crows,aeroplane [,-20.875,2,2token,not_valid_noun
crows,verb :,-20.875,2,2token,not_valid_noun
crows,member :,-20.875,2,2token,not_valid_noun
crows,member belonging,-20.875,2,2token,incomplete_phrase
crows,bar $\,-20.875,2,2token,not_valid_noun
crows,ra I,-20.875,2,2token,not_valid_noun
crows,dinosaur of,-20.875,2,2token,not_valid_noun
crows,dinosaur are,-20.875,2,2token,incomplete_phrase
crows,verb _,-20.875,2,2token,not_valid_noun
crows,sparrow a,-20.9375,2,2token,not_valid_noun
crows,…………………… or,-20.9375,2,2token,not_valid_noun
crows,sparrow _,-20.9375,2,2token,not_valid_noun
crows,cor .....,-20.9375,2,2token,not_valid_noun
crows,fin is,-20.9375,2,2token,not_valid_noun
crows,sparrow .....,-20.9375,2,2token,not_valid_noun
crows,vegetable [,-20.9375,2,2token,not_valid_noun
crows,birds,-20.9375,2,2token,not_valid_noun
crows,color are,-20.9375,2,2token,incomplete_phrase
crows,ra on,-20.9375,2,2token,not_valid_noun
crows,fin the,-20.9375,2,2token,incomplete_phrase
crows,sparrow …,-20.9375,2,2token,not_valid_noun
crows,fowls ….,-20.9375,2,2token,not_valid_noun
crows,"fowls ,",-20.9375,2,2token,not_valid_noun
crows,hen ……,-20.9375,2,2token,not_valid_noun
crows,\_ What,-20.9375,2,2token,not_valid_noun
crows,goose Answers,-20.9375,2,2token,not_valid_noun
crows,goose _,-20.9375,2,2token,not_valid_noun
crows,goose The,-20.9375,2,2token,incomplete_phrase
crows,goose a,-20.9375,2,2token,not_valid_noun
crows,bar …,-20.9375,2,2token,not_valid_noun
crows,rat which,-20.9375,2,2token,incomplete_phrase
crows,\_ Animal,-20.9375,2,2token,not_valid_noun
crows,fin a,-20.9375,2,2token,not_valid_noun
crows,fin [,-20.9375,2,2token,not_valid_noun
crows,vegetable ..,-20.9375,2,2token,not_valid_noun
crows,hen Compare,-20.9375,2,2token,incomplete_phrase
crows,sparrow A,-20.9375,2,2token,not_valid_noun
crows,\_ the,-20.9375,2,2token,not_valid_noun
crows,\_ but,-20.9375,2,2token,not_valid_noun
crows,sparrow ..,-20.9375,2,2token,not_valid_noun
crows,ra ---,-21.0,2,2token,not_valid_noun
crows,turkey The,-21.0,2,2token,incomplete_phrase
crows,turkey Answers,-21.0,2,2token,not_valid_noun
crows,turkey by,-21.0,2,2token,not_valid_noun
crows,turkey because,-21.0,2,2token,incomplete_phrase
crows,crows Edit,-21.0,2,2token,not_valid_noun
crows,dinosaur by,-21.0,2,2token,not_valid_noun
crows,aeroplane Full,-21.0,2,2token,incomplete_phrase
crows,crows Full,-21.0,2,2token,incomplete_phrase
crows,crows,-21.0,2,2token,not_valid_noun
crows,crows like,-21.0,2,2token,incomplete_phrase
crows,verb A,-21.0,2,2token,not_valid_noun
crows,member,-21.0,2,2token,incomplete_phrase
crows,fin ________,-21.0,2,2token,not_valid_noun
crows,BIRDS ?,-21.0,2,2token,not_valid_noun
crows,bar .......,-21.0,2,2token,not_valid_noun
crows,"bar ,",-21.0,2,2token,not_valid_noun
crows,bar t,-21.0,2,2token,not_valid_noun
crows,verb /,-21.0,2,2token,not_valid_noun
crows,colour Fill,-21.0,2,2token,not_valid_noun
crows,colour on,-21.0,2,2token,not_valid_noun
crows,dinosaur Full,-21.0,2,2token,incomplete_phrase
crows,crows _____,-21.0,2,2token,not_valid_noun
crows,turkey which,-21.0,2,2token,incomplete_phrase
crows,crows Read,-21.0,2,2token,not_valid_noun
crows,verb …,-21.0,2,2token,not_valid_noun
crows,verb are,-21.0,2,2token,incomplete_phrase
crows,verb a,-21.0,2,2token,not_valid_noun
crows,rat with,-21.0625,2,2token,incomplete_phrase
crows,\_ __,-21.0625,2,2token,not_valid_noun
crows,cat called,-21.0625,2,2token,incomplete_phrase
crows,cat Correct,-21.0625,2,2token,not_valid_noun
crows,cat ______,-21.0625,2,2token,not_valid_noun
crows,cat which,-21.0625,2,2token,incomplete_phrase
crows,bar,-21.0625,2,2token,incomplete_phrase
crows,cat a,-21.0625,2,2token,not_valid_noun
crows,cat The,-21.0625,2,2token,incomplete_phrase
crows,sparrow ________,-21.0625,2,2token,not_valid_noun
crows,sparrow like,-21.0625,2,2token,incomplete_phrase
crows,sparrow Read,-21.0625,2,2token,not_valid_noun
crows,sparrow Total,-21.0625,2,2token,incomplete_phrase
crows,sparrow Full,-21.0625,2,2token,incomplete_phrase
crows,sparrow Continue,-21.0625,2,2token,not_valid_noun
crows,goose which,-21.0625,2,2token,incomplete_phrase
crows,goose A,-21.0625,2,2token,not_valid_noun
crows,color for,-21.0625,2,2token,incomplete_phrase
crows,color a,-21.0625,2,2token,not_valid_noun
crows,hen :,-21.0625,2,2token,not_valid_noun
crows,$\ __,-21.0625,2,2token,not_valid_noun
crows,vegetable ......,-21.0625,2,2token,not_valid_noun
crows,goose True,-21.0625,2,2token,incomplete_phrase
crows,goose COMPLETE,-21.0625,2,2token,not_valid_noun
crows,rat ......,-21.0625,2,2token,not_valid_noun
crows,goose ..,-21.0625,2,2token,not_valid_noun
crows,sparrow The,-21.0625,2,2token,incomplete_phrase
crows,sparrow the,-21.0625,2,2token,not_valid_noun
crows,bar which,-21.0625,2,2token,incomplete_phrase
crows,sparrow but,-21.0625,2,2token,incomplete_phrase
crows,bar,-21.0625,2,2token,incomplete_phrase
crows,bar bc,-21.0625,2,2token,not_valid_noun
crows,bar by,-21.0625,2,2token,not_valid_noun
crows,ra at,-21.125,2,2token,not_valid_noun
crows,bar ______,-21.125,2,2token,not_valid_noun
crows,bar my,-21.125,2,2token,not_valid_noun
crows,ra ......,-21.125,2,2token,not_valid_noun
crows,aeroplane _,-21.125,2,2token,not_valid_noun
crows,verb present,-21.125,2,2token,incomplete_phrase
crows,verb which,-21.125,2,2token,incomplete_phrase
crows,crows =,-21.125,2,2token,not_valid_noun
crows,crows as,-21.125,2,2token,not_valid_noun
crows,crows have,-21.125,2,2token,incomplete_phrase
crows,aeroplane by,-21.125,2,2token,not_valid_noun
crows,aeroplane which,-21.125,2,2token,incomplete_phrase
crows,hawk to,-21.125,2,2token,not_valid_noun
crows,hawk of,-21.125,2,2token,not_valid_noun
crows,"hawk ,",-21.125,2,2token,not_valid_noun
crows,verb Comple,-21.125,2,2token,incomplete_phrase
crows,verb for,-21.125,2,2token,not_valid_noun
crows,colour Correct,-21.125,2,2token,not_valid_noun
crows,vegetable ….,-21.1875,2,2token,not_valid_noun
crows,goose Edit,-21.1875,2,2token,incomplete_phrase
crows,cat the,-21.1875,2,2token,not_valid_noun
crows,cat like,-21.1875,2,2token,incomplete_phrase
crows,cat of,-21.1875,2,2token,not_valid_noun
crows,ra =,-21.1875,2,2token,not_valid_noun
crows,goose .....,-21.1875,2,2token,not_valid_noun
crows,cor vid,-21.1875,2,2token,incomplete_phrase
crows,color …,-21.1875,2,2token,not_valid_noun
crows,color Name,-21.1875,2,2token,incomplete_phrase
crows,color ......,-21.1875,2,2token,not_valid_noun
crows,cat but,-21.1875,2,2token,incomplete_phrase
crows,rat ​,-21.1875,2,2token,not_valid_noun
crows,rat =,-21.1875,2,2token,not_valid_noun
crows,rat /,-21.1875,2,2token,not_valid_noun
crows,goose on,-21.1875,2,2token,not_valid_noun
crows,goose like,-21.1875,2,2token,incomplete_phrase
crows,goose Correct,-21.1875,2,2token,not_valid_noun
crows,"rat ,",-21.1875,2,2token,not_valid_noun
crows,rat .....,-21.1875,2,2token,not_valid_noun
crows,aeroplane a,-21.25,2,2token,not_valid_noun
crows,$\,-21.25,2,2token,not_valid_noun
crows,verb The,-21.25,2,2token,incomplete_phrase
crows,colour for,-21.25,2,2token,incomplete_phrase
crows,colour with,-21.25,2,2token,incomplete_phrase
crows,colour ..,-21.25,2,2token,not_valid_noun
crows,colour ….,-21.25,2,2token,not_valid_noun
crows,verb ..,-21.25,2,2token,not_valid_noun
crows,colour are,-21.25,2,2token,incomplete_phrase
crows,colour .......,-21.25,2,2token,not_valid_noun
crows,colour a,-21.25,2,2token,not_valid_noun
crows,vegetable that,-21.3125,2,2token,incomplete_phrase
crows,sparrow of,-21.3125,2,2token,not_valid_noun
crows,goose Download,-21.3125,2,2token,not_valid_noun
crows,cor the,-21.3125,2,2token,incomplete_phrase
crows,rat ….,-21.3125,2,2token,not_valid_noun
crows,cor ….,-21.3125,2,2token,not_valid_noun
crows,cor e,-21.3125,2,2token,not_valid_noun
crows,cor o,-21.3125,2,2token,not_valid_noun
crows,cor ..,-21.3125,2,2token,not_valid_noun
crows,color with,-21.3125,2,2token,not_valid_noun
crows,rat the,-21.3125,2,2token,not_valid_noun
crows,fin to,-21.3125,2,2token,not_valid_noun
crows,goose ......,-21.3125,2,2token,not_valid_noun
crows,fowls Full,-21.3125,2,2token,incomplete_phrase
crows,fowls by,-21.3125,2,2token,not_valid_noun
crows,fowls Write,-21.3125,2,2token,incomplete_phrase
crows,fowls ......,-21.3125,2,2token,not_valid_noun
crows,fowls ___________,-21.3125,2,2token,not_valid_noun
crows,fowls A,-21.3125,2,2token,not_valid_noun
crows,fowls to,-21.3125,2,2token,not_valid_noun
crows,cor all,-21.375,2,2token,incomplete_phrase
crows,verb used,-21.375,2,2token,not_valid_noun
crows,verb because,-21.375,2,2token,not_valid_noun
crows,oiseau,-21.375,2,2token,not_valid_noun
crows,colour Name,-21.375,2,2token,incomplete_phrase
crows,colour ?,-21.375,2,2token,not_valid_noun
crows,fin on,-21.375,2,2token,not_valid_noun
crows,fin or,-21.4375,2,2token,not_valid_noun
crows,fin _____,-21.4375,2,2token,not_valid_noun
crows,fin _______,-21.4375,2,2token,not_valid_noun
crows,vegetable because,-21.4375,2,2token,incomplete_phrase
crows,vegetable are,-21.4375,2,2token,incomplete_phrase
crows,vegetable Fruit,-21.4375,2,2token,incomplete_phrase
crows,rat Present,-21.4375,2,2token,incomplete_phrase
crows,rat What,-21.4375,2,2token,incomplete_phrase
crows,rat Which,-21.4375,2,2token,incomplete_phrase
crows,rat $\,-21.4375,2,2token,not_valid_noun
crows,fowls the,-21.4375,2,2token,incomplete_phrase
crows,cor s,-21.4375,2,2token,not_valid_noun
crows,rat kind,-21.4375,2,2token,incomplete_phrase
crows,cor is,-21.4375,2,2token,not_valid_noun
crows,fin that,-21.4375,2,2token,incomplete_phrase
crows,fowls a,-21.4375,2,2token,not_valid_noun
crows,fin with,-21.4375,2,2token,incomplete_phrase
crows,colour A,-21.5,2,2token,not_valid_noun
crows,fin ____,-21.5,2,2token,not_valid_noun
crows,vegetable by,-21.5625,2,2token,not_valid_noun
crows,vegetable A,-21.5625,2,2token,not_valid_noun
crows,cor v,-21.5625,2,2token,not_valid_noun
crows,vegetable The,-21.5625,2,2token,incomplete_phrase
crows,fin –,-21.5625,2,2token,not_valid_noun
crows,vegetable ?,-21.5625,2,2token,not_valid_noun
crows,fin d,-21.6875,2,2token,not_valid_noun
crows,cor c,-21.6875,2,2token,not_valid_noun
crows,"$\ _,",-21.6875,2,2token,not_valid_noun
crows,cor of,-21.75,2,2token,not_valid_noun
crows,fin which,-21.75,2,2token,incomplete_phrase
crows,fin looking,-21.75,2,2token,incomplete_phrase
crows,"fin ,",-21.75,2,2token,not_valid_noun
crows,fin $\,-21.75,2,2token,not_valid_noun
crows,cor vitro,-21.75,2,2token,not_valid_noun
crows,cor and,-21.75,2,2token,incomplete_phrase
crows,fin ....,-21.8125,2,2token,not_valid_noun
crows,...,-21.8125,2,2token,not_valid_noun
crows,cor If,-21.8125,2,2token,not_valid_noun
crows,fin because,-21.875,2,2token,incomplete_phrase
crows,fin like,-21.875,2,2token,incomplete_phrase
crows,burung,-21.875,2,2token,not_valid_noun
crows,fin I,-21.875,2,2token,not_valid_noun
crows,fin __,-21.875,2,2token,not_valid_noun
crows,páss,-21.9375,2,2token,not_valid_noun
crows,cor you,-21.9375,2,2token,incomplete_phrase
crows,fin de,-21.9375,2,2token,not_valid_noun
crows,fin they,-21.9375,2,2token,incomplete_phrase
crows,.,-21.9375,2,2token,not_valid_noun
crows,cor ______,-22.0,2,2token,not_valid_noun
crows,fin i,-22.0,2,2token,not_valid_noun
crows,fin ___,-22.0,2,2token,not_valid_noun
crows,oiseaux,-22.0,2,2token,not_valid_noun
crows,cor ordinary,-22.0,2,2token,incomplete_phrase
crows,cor vide,-22.0625,2,2token,incomplete_phrase
crows,cor $\,-22.0625,2,2token,not_valid_noun
crows,fin by,-22.0625,2,2token,not_valid_noun
crows,fin ___________,-22.125,2,2token,not_valid_noun
crows,cor ......,-22.125,2,2token,not_valid_noun
crows,cor free,-22.125,2,2token,incomplete_phrase
crows,fin too,-22.1875,2,2token,not_valid_noun
crows,páss,-22.1875,2,2token,not_valid_noun
crows,fin all,-22.25,2,2token,incomplete_phrase
crows,fin from,-22.25,2,2token,incomplete_phrase
crows,fin A,-22.25,2,2token,not_valid_noun
crows,cor $,-22.3125,2,2token,not_valid_noun
crows,cor ```,-22.3125,2,2token,not_valid_noun
crows,cor me,-22.3125,2,2token,not_valid_noun
crows,cor One,-22.3125,2,2token,incomplete_phrase
crows,cor ',-22.375,2,2token,not_valid_noun
crows,cor __,-22.375,2,2token,not_valid_noun
crows,$\ $,-22.375,2,2token,not_valid_noun
crows,cor cor,-22.375,2,2token,incomplete_phrase
crows,pájaros,-22.4375,2,2token,not_valid_noun
crows,cor if,-22.4375,2,2token,not_valid_noun
crows,$\ ^,-22.4375,2,2token,not_valid_noun
crows,$\ factor,-22.5625,2,2token,not_valid_noun
crows,$\,-22.6875,2,2token,not_valid_noun
crows,$\ *,-22.6875,2,2token,not_valid_noun
crows,$\ —,-22.75,2,2token,not_valid_noun
crows,pájaro,-22.8125,2,2token,not_valid_noun
crows,Complete,-22.8125,2,2token,not_valid_noun
crows,$\ .,-23.0625,2,2token,not_valid_noun
crows,$\ ...,-23.0625,2,2token,not_valid_noun
crows,,-23.0625,2,2token,not_valid_noun
crows,$\ mark,-23.125,2,2token,not_valid_noun
crows,répondre,-23.125,2,2token,not_valid_noun
crows,$\,-23.1875,2,2token,not_valid_noun
crows,$\ ____,-23.1875,2,2token,not_valid_noun
crows,$\ `,-23.25,2,2token,not_valid_noun
crows,$\ {,-23.25,2,2token,not_valid_noun
crows,________,-23.3125,2,2token,not_valid_noun
crows,$\,-23.375,2,2token,not_valid_noun
crows,$\ rules,-23.375,2,2token,not_valid_noun
crows,пти,-23.375,2,2token,not_valid_noun
crows,$\ sport,-23.375,2,2token,not_valid_noun
crows,______,-23.4375,2,2token,not_valid_noun
crows,animales,-23.4375,2,2token,not_valid_noun
crows,$\ creative,-23.5,2,2token,not_valid_noun
crows,burung,-23.5,2,2token,not_valid_noun
crows,,-23.5,2,2token,not_valid_noun
crows,$\ …,-23.5625,2,2token,not_valid_noun
crows,Vögel,-23.5625,2,2token,not_valid_noun
crows,$\ RULE,-23.5625,2,2token,not_valid_noun
crows,____,-23.5625,2,2token,not_valid_noun
crows,BIRDS,-23.625,2,2token,not_valid_noun
crows,$\ colorful,-23.625,2,2token,not_valid_noun
crows,$\ c,-23.625,2,2token,not_valid_noun
crows,$\,-23.625,2,2token,not_valid_noun
crows,Complete,-23.625,2,2token,not_valid_noun
crows,$\ A,-23.625,2,2token,not_valid_noun
crows,$\ ___,-23.625,2,2token,not_valid_noun
crows,zví,-23.6875,2,2token,not_valid_noun
crows,avian,-23.75,2,2token,not_valid_noun
crows,_______,-23.8125,2,2token,not_valid_noun
crows,dä,-23.8125,2,2token,not_valid_noun
crows,$\ a,-23.8125,2,2token,not_valid_noun
crows,$\ -,-23.8125,2,2token,not_valid_noun
crows,$\ occupation,-23.8125,2,2token,not_valid_noun
crows,_____,-23.875,2,2token,not_valid_noun
crows,$\ underline,-23.875,2,2token,not_valid_noun
crows,$\ verb,-23.875,2,2token,not_valid_noun
crows,$\ circle,-23.875,2,2token,not_valid_noun
crows,птица,-24.0,2,2token,not_valid_noun
crows,$\ color,-24.0,2,2token,not_valid_noun
crows,Read,-24.0,2,2token,not_valid_noun
crows,terbang,-24.0,2,2token,not_valid_noun
crows,oiseaux,-24.0,2,2token,not_valid_noun
crows,$\ plu,-24.0625,2,2token,not_valid_noun
crows,___________,-24.0625,2,2token,not_valid_noun
crows,$\ ________,-24.125,2,2token,not_valid_noun
crows,$\ _{,-24.125,2,2token,not_valid_noun
crows,$\ –,-24.125,2,2token,not_valid_noun
crows,antwoord,-24.125,2,2token,not_valid_noun
crows,$\,-24.125,2,2token,not_valid_noun
crows,$\ {\,-24.125,2,2token,not_valid_noun
crows,décrit,-24.125,2,2token,not_valid_noun
crows,_________,-24.125,2,2token,not_valid_noun
crows,$\ different,-24.1875,2,2token,not_valid_noun
crows,vogel,-24.1875,2,2token,not_valid_noun
crows,$\,-24.1875,2,2token,not_valid_noun
crows,$\ sim,-24.1875,2,2token,not_valid_noun
crows,...,-24.25,2,2token,not_valid_noun
crows,$\,-24.25,2,2token,not_valid_noun
crows,$\ ....,-24.25,2,2token,not_valid_noun
crows,птиц,-24.25,2,2token,not_valid_noun
crows,пти,-24.25,2,2token,not_valid_noun
crows,pájaros,-24.3125,2,2token,not_valid_noun
crows,Continue,-24.375,2,2token,not_valid_noun
crows,ani,-24.4375,2,2token,incomplete_phrase
crows,animale,-24.4375,2,2token,not_valid_noun
crows,pájaro,-24.4375,2,2token,not_valid_noun
crows,ANSWER,-24.5625,2,2token,not_valid_noun
crows,BIRDS,-24.5625,2,2token,not_valid_noun
crows,perdre,-24.5625,2,2token,not_valid_noun
crows,espécie,-24.625,2,2token,not_valid_noun
crows,Vögel,-24.625,2,2token,not_valid_noun
crows,Antwort,-24.6875,2,2token,not_valid_noun
crows,zví,-24.75,2,2token,not_valid_noun
crows,ANSWER,-24.8125,2,2token,not_valid_noun
crows,птиц,-24.875,2,2token,not_valid_noun
crows,.,-25.0625,2,2token,not_valid_noun
crows,avian,-25.125,2,2token,not_valid_noun
crows,vogel,-25.3125,2,2token,not_valid_noun
crows,Antwort,-25.4375,2,2token,not_valid_noun
crows,animales,-25.4375,2,2token,not_valid_noun
crows,répondre,-25.5,2,2token,not_valid_noun
crows,antwoord,-25.625,2,2token,not_valid_noun
crows,hewan,-25.625,2,2token,not_valid_noun
crows,,-25.625,2,2token,not_valid_noun
crows,________,-25.75,2,2token,not_valid_noun
crows,Fill,-25.8125,2,2token,not_valid_noun
crows,crows,-25.8125,2,2token,not_valid_noun
crows,soort,-25.9375,2,2token,not_valid_noun
crows,_____,-25.9375,2,2token,not_valid_noun
crows,dä,-26.0625,2,2token,not_valid_noun
crows,terbang,-26.125,2,2token,not_valid_noun
crows,鸟,-26.125,2,2token,not_valid_noun
crows,câu,-26.125,2,2token,not_valid_noun
crows,loài,-26.125,2,2token,not_valid_noun
crows,pří,-26.125,2,2token,not_valid_noun
crows,,-26.1875,2,2token,not_valid_noun
crows,animale,-26.1875,2,2token,not_valid_noun
crows,Answer,-26.1875,2,2token,not_valid_noun
crows,____,-26.1875,2,2token,not_valid_noun
crows,_______,-26.25,2,2token,not_valid_noun
crows,Read,-26.25,2,2token,not_valid_noun
