noun1,predicted_hypernym,log_prob,num_tokens,strategy,filter_reason
strollers,baby,-2.265625,1,single_token,incomplete_phrase
strollers,________,-3.390625,1,single_token,not_valid_noun
strollers,.,-4.03125,1,single_token,not_valid_noun
strollers,____,-4.15625,1,single_token,not_valid_noun
strollers,shopping,-4.28125,1,single_token,incomplete_phrase
strollers,______,-4.28125,1,single_token,not_valid_noun
strollers,,-4.40625,1,single_token,not_valid_noun
strollers,wheeled,-4.53125,1,single_token,not_valid_noun
strollers,_______,-4.53125,1,single_token,not_valid_noun
strollers,_____,-4.65625,1,single_token,not_valid_noun
strollers,children,-4.78125,1,single_token,incomplete_phrase
strollers,push,-4.78125,1,single_token,incomplete_phrase
strollers,. Complete,-4.8984375,2,2token,not_valid_noun
strollers,child,-4.90625,1,single_token,incomplete_phrase
strollers,(,-5.15625,1,single_token,not_valid_noun
strollers,a,-5.28125,1,single_token,not_valid_noun
strollers,...,-5.28125,1,single_token,not_valid_noun
strollers,__,-5.28125,1,single_token,not_valid_noun
strollers,___,-5.40625,1,single_token,not_valid_noun
strollers,____________,-5.40625,1,single_token,not_valid_noun
strollers,_,-5.65625,1,single_token,not_valid_noun
strollers,___________,-5.78125,1,single_token,not_valid_noun
strollers,cars,-5.90625,1,single_token,not_valid_noun
strollers,travel,-5.90625,1,single_token,incomplete_phrase
strollers,toy Complete,-6.03125,2,2token,not_valid_noun
strollers,__________,-6.03125,1,single_token,not_valid_noun
strollers,…,-6.03125,1,single_token,not_valid_noun
strollers,_________,-6.03125,1,single_token,not_valid_noun
strollers,_____ Complete,-6.140625,2,2token,not_valid_noun
strollers,....,-6.15625,1,single_token,not_valid_noun
strollers,pra,-6.15625,1,single_token,not_valid_noun
strollers,toy for,-6.265625,2,2token,incomplete_phrase
strollers,_____ .,-6.265625,2,2token,not_valid_noun
strollers,car Complete,-6.28125,2,2token,not_valid_noun
strollers,type,-6.40625,1,single_token,incomplete_phrase
strollers,what,-6.40625,1,single_token,not_valid_noun
strollers,?,-6.40625,1,single_token,not_valid_noun
strollers,play,-6.40625,1,single_token,incomplete_phrase
strollers,.....,-6.40625,1,single_token,not_valid_noun
strollers,type of,-6.5146484375,2,2token,not_valid_noun
strollers,means,-6.53125,1,single_token,not_valid_noun
strollers,sports,-6.53125,1,single_token,incomplete_phrase
strollers,baby .,-6.546875,2,2token,not_valid_noun
strollers,means of,-6.58154296875,2,2token,not_valid_noun
strollers,carts,-6.65625,1,single_token,not_valid_noun
strollers,bags,-6.65625,1,single_token,not_valid_noun
strollers,carriages,-6.65625,1,single_token,not_valid_noun
strollers,stroller Complete,-6.765625,2,2token,not_valid_noun
strollers,st,-6.78125,1,single_token,not_valid_noun
strollers,pram Complete,-6.78125,2,2token,not_valid_noun
strollers,mobility,-6.90625,1,single_token,incomplete_phrase
strollers,___ Complete,-6.9296875,2,2token,not_valid_noun
strollers,________ .,-7.0,2,2token,not_valid_noun
strollers,_.,-7.03125,1,single_token,not_valid_noun
strollers,car .,-7.046875,2,2token,not_valid_noun
strollers,___ .,-7.0546875,2,2token,not_valid_noun
strollers,... Complete,-7.078125,2,2token,not_valid_noun
strollers,toy .,-7.140625,2,2token,not_valid_noun
strollers,….,-7.15625,1,single_token,not_valid_noun
strollers,:,-7.15625,1,single_token,not_valid_noun
strollers,..,-7.15625,1,single_token,not_valid_noun
strollers,",",-7.15625,1,single_token,not_valid_noun
strollers,......,-7.15625,1,single_token,not_valid_noun
strollers,……,-7.15625,1,single_token,not_valid_noun
strollers,Baby,-7.15625,1,single_token,incomplete_phrase
strollers,babies,-7.15625,1,single_token,not_valid_noun
strollers,_ Complete,-7.1640625,2,2token,not_valid_noun
strollers,wheeled baby,-7.25,2,2token,incomplete_phrase
strollers,vehicle for,-7.265625,2,2token,incomplete_phrase
strollers,______ Complete,-7.265625,2,2token,not_valid_noun
strollers,portable,-7.28125,1,single_token,incomplete_phrase
strollers,........,-7.28125,1,single_token,not_valid_noun
strollers,grocery,-7.28125,1,single_token,incomplete_phrase
strollers,bug,-7.28125,1,single_token,incomplete_phrase
strollers,trolley Complete,-7.359375,2,2token,not_valid_noun
strollers,pram .,-7.390625,2,2token,not_valid_noun
strollers,______ .,-7.390625,2,2token,not_valid_noun
strollers,_________ .,-7.3984375,2,2token,not_valid_noun
strollers,exercise,-7.40625,1,single_token,incomplete_phrase
strollers,? Complete,-7.40625,2,2token,not_valid_noun
strollers,. .,-7.40625,2,2token,not_valid_noun
strollers,.... Complete,-7.4375,2,2token,not_valid_noun
strollers,__________ .,-7.4921875,2,2token,not_valid_noun
strollers,__________ Complete,-7.4921875,2,2token,not_valid_noun
strollers,tool for,-7.515625,2,2token,incomplete_phrase
strollers,_______ Complete,-7.53125,2,2token,not_valid_noun
strollers,carrying,-7.53125,1,single_token,not_valid_noun
strollers,tools,-7.53125,1,single_token,not_valid_noun
strollers,infant,-7.53125,1,single_token,incomplete_phrase
strollers,baby ________,-7.546875,2,2token,not_valid_noun
strollers,a toy,-7.578125,2,2token,not_valid_noun
strollers,transport for,-7.625,2,2token,not_valid_noun
strollers,stroller .,-7.640625,2,2token,not_valid_noun
strollers,vehicle Complete,-7.640625,2,2token,not_valid_noun
strollers,piece,-7.65625,1,single_token,incomplete_phrase
strollers,kids,-7.65625,1,single_token,incomplete_phrase
strollers,…………,-7.65625,1,single_token,not_valid_noun
strollers,walking,-7.65625,1,single_token,incomplete_phrase
strollers,_ .,-7.65625,2,2token,not_valid_noun
strollers,-,-7.65625,1,single_token,not_valid_noun
strollers,recreational,-7.65625,1,single_token,not_valid_noun
strollers,trol,-7.65625,1,single_token,not_valid_noun
strollers,hand,-7.65625,1,single_token,incomplete_phrase
strollers,kind,-7.65625,1,single_token,incomplete_phrase
strollers,..... Complete,-7.6640625,2,2token,not_valid_noun
strollers,piece of,-7.668701171875,2,2token,not_valid_noun
strollers,transportation for,-7.6875,2,2token,incomplete_phrase
strollers,a car,-7.703125,2,2token,not_valid_noun
strollers,equipment for,-7.765625,2,2token,incomplete_phrase
strollers,pram or,-7.765625,2,2token,not_valid_noun
strollers,_________ Complete,-7.7734375,2,2token,not_valid_noun
strollers,What,-7.78125,1,single_token,not_valid_noun
strollers,_______ .,-7.78125,2,2token,not_valid_noun
strollers,,-7.78125,1,single_token,not_valid_noun
strollers,a stroller,-7.828125,2,2token,not_valid_noun
strollers,a baby,-7.828125,2,2token,not_valid_noun
strollers,cart Complete,-7.890625,2,2token,not_valid_noun
strollers,.......,-7.90625,1,single_token,not_valid_noun
strollers,chairs,-7.90625,1,single_token,not_valid_noun
strollers,kind of,-7.916015625,2,2token,not_valid_noun
strollers,a vehicle,-7.953125,2,2token,not_valid_noun
strollers,[,-8.0,1,single_token,not_valid_noun
strollers,small,-8.0,1,single_token,incomplete_phrase
strollers,of,-8.0,1,single_token,not_valid_noun
strollers,backpack,-8.0,1,single_token,not_valid_noun
strollers,c,-8.0,1,single_token,not_valid_noun
strollers,for,-8.0,1,single_token,not_valid_noun
strollers,____ .,-8.03125,2,2token,not_valid_noun
strollers,baby,-8.046875,2,2token,incomplete_phrase
strollers,baby ______,-8.046875,2,2token,not_valid_noun
strollers,baby ...,-8.046875,2,2token,not_valid_noun
strollers,car for,-8.046875,2,2token,incomplete_phrase
strollers,bicycles,-8.125,1,single_token,not_valid_noun
strollers,babys,-8.125,1,single_token,not_valid_noun
strollers,vehicle .,-8.140625,2,2token,not_valid_noun
strollers,toy (,-8.140625,2,2token,not_valid_noun
strollers,… Complete,-8.140625,2,2token,not_valid_noun
strollers,carriage Complete,-8.15625,2,2token,not_valid_noun
strollers,baby …,-8.171875,2,2token,not_valid_noun
strollers,_. Complete,-8.171875,2,2token,not_valid_noun
strollers,baby carrying,-8.171875,2,2token,incomplete_phrase
strollers,furn,-8.1875,1,single_token,not_valid_noun
strollers,transportation Complete,-8.1875,2,2token,not_valid_noun
strollers,accessories,-8.1875,1,single_token,not_valid_noun
strollers,.. Complete,-8.1875,2,2token,not_valid_noun
strollers,: Complete,-8.203125,2,2token,not_valid_noun
strollers,transport Complete,-8.25,2,2token,not_valid_noun
strollers,bicycle Complete,-8.265625,2,2token,not_valid_noun
strollers,_____ (,-8.265625,2,2token,not_valid_noun
strollers,wheel .,-8.28125,2,2token,not_valid_noun
strollers,.,-8.28125,2,2token,not_valid_noun
strollers,", Complete",-8.2890625,2,2token,not_valid_noun
strollers,baby ____,-8.296875,2,2token,not_valid_noun
strollers,baby _,-8.296875,2,2token,not_valid_noun
strollers,nursery,-8.3125,1,single_token,incomplete_phrase
strollers,...........,-8.3125,1,single_token,not_valid_noun
strollers,outdoor,-8.3125,1,single_token,incomplete_phrase
strollers,this,-8.3125,1,single_token,not_valid_noun
strollers,rolling,-8.3125,1,single_token,incomplete_phrase
strollers,the,-8.3125,1,single_token,not_valid_noun
strollers,a pram,-8.328125,2,2token,not_valid_noun
strollers,furniture Complete,-8.375,2,2token,not_valid_noun
strollers,stroller for,-8.390625,2,2token,not_valid_noun
strollers,baby _____,-8.421875,2,2token,not_valid_noun
strollers,____________ .,-8.421875,2,2token,not_valid_noun
strollers,...... Complete,-8.421875,2,2token,not_valid_noun
strollers,…. Complete,-8.4296875,2,2token,not_valid_noun
strollers,<,-8.4375,1,single_token,not_valid_noun
strollers,used,-8.4375,1,single_token,not_valid_noun
strollers,mode,-8.4375,1,single_token,incomplete_phrase
strollers,musical,-8.4375,1,single_token,incomplete_phrase
strollers,A,-8.4375,1,single_token,not_valid_noun
strollers,mode of,-8.463623046875,2,2token,not_valid_noun
strollers,_____,-8.515625,2,2token,not_valid_noun
strollers,carriage .,-8.53125,2,2token,not_valid_noun
strollers,. A,-8.53125,2,2token,not_valid_noun
strollers,shopping trol,-8.53125,2,2token,incomplete_phrase
strollers,baby _______,-8.546875,2,2token,not_valid_noun
strollers,childrens,-8.5625,1,single_token,not_valid_noun
strollers,shops,-8.5625,1,single_token,not_valid_noun
strollers,large,-8.5625,1,single_token,incomplete_phrase
strollers,=,-8.5625,1,single_token,not_valid_noun
strollers,school,-8.5625,1,single_token,incomplete_phrase
strollers,n,-8.625,1,single_token,not_valid_noun
strollers,kid,-8.625,1,single_token,not_valid_noun
strollers,family,-8.625,1,single_token,incomplete_phrase
strollers,carri,-8.625,1,single_token,not_valid_noun
strollers,.........,-8.625,1,single_token,not_valid_noun
strollers,pram (,-8.640625,2,2token,not_valid_noun
strollers,stroller (,-8.640625,2,2token,not_valid_noun
strollers,_ _,-8.65625,2,2token,not_valid_noun
strollers,____ Complete,-8.65625,2,2token,not_valid_noun
strollers,. Choose,-8.65625,2,2token,not_valid_noun
strollers,car (,-8.671875,2,2token,not_valid_noun
strollers,…… Complete,-8.71875,2,2token,not_valid_noun
strollers,an,-8.75,1,single_token,not_valid_noun
strollers,safety,-8.75,1,single_token,incomplete_phrase
strollers,pull,-8.75,1,single_token,incomplete_phrase
strollers,/,-8.75,1,single_token,not_valid_noun
strollers,which,-8.75,1,single_token,not_valid_noun
strollers,The,-8.75,1,single_token,not_valid_noun
strollers,are,-8.75,1,single_token,not_valid_noun
strollers,to,-8.75,1,single_token,not_valid_noun
strollers,is,-8.75,1,single_token,not_valid_noun
strollers,wheeled shopping,-8.75,2,2token,incomplete_phrase
strollers,whe,-8.75,1,single_token,incomplete_phrase
strollers,wagons,-8.75,1,single_token,not_valid_noun
strollers,transpor,-8.75,1,single_token,not_valid_noun
strollers,roller,-8.75,1,single_token,incomplete_phrase
strollers,household,-8.75,1,single_token,incomplete_phrase
strollers,,-8.75,1,single_token,not_valid_noun
strollers,vehicle used,-8.765625,2,2token,incomplete_phrase
strollers,What is,-8.765625,2,2token,not_valid_noun
strollers,toy that,-8.765625,2,2token,incomplete_phrase
strollers,wheel bar,-8.78125,2,2token,incomplete_phrase
strollers,___________ Complete,-8.78125,2,2token,not_valid_noun
strollers,. a,-8.78125,2,2token,not_valid_noun
strollers,baby (,-8.796875,2,2token,not_valid_noun
strollers,buggy Complete,-8.8125,2,2token,not_valid_noun
strollers,accessory for,-8.84375,2,2token,incomplete_phrase
strollers,$\,-8.875,1,single_token,not_valid_noun
strollers,…..,-8.875,1,single_token,not_valid_noun
strollers,soft,-8.875,1,single_token,not_valid_noun
strollers,objects,-8.875,1,single_token,not_valid_noun
strollers,holiday,-8.875,1,single_token,incomplete_phrase
strollers,toys for,-8.875,2,2token,incomplete_phrase
strollers,toys Complete,-8.875,2,2token,not_valid_noun
strollers,transport .,-8.875,2,2token,not_valid_noun
strollers,furniture .,-8.875,2,2token,not_valid_noun
strollers,vehicle that,-8.890625,2,2token,incomplete_phrase
strollers,__ .,-8.90625,2,2token,not_valid_noun
strollers,. What,-8.90625,2,2token,not_valid_noun
strollers,carriage for,-8.90625,2,2token,incomplete_phrase
strollers,thing that,-8.921875,2,2token,incomplete_phrase
strollers,... Read,-8.953125,2,2token,not_valid_noun
strollers,passenger,-9.0,1,single_token,incomplete_phrase
strollers,big,-9.0,1,single_token,not_valid_noun
strollers,p,-9.0,1,single_token,not_valid_noun
strollers,wheeled carry,-9.0,2,2token,incomplete_phrase
strollers,useful,-9.0,1,single_token,not_valid_noun
strollers,s,-9.0,1,single_token,not_valid_noun
strollers,b,-9.0,1,single_token,not_valid_noun
strollers,pram for,-9.015625,2,2token,not_valid_noun
strollers,item for,-9.015625,2,2token,incomplete_phrase
strollers,vehicle to,-9.015625,2,2token,not_valid_noun
strollers,cart .,-9.03125,2,2token,not_valid_noun
strollers,bag Complete,-9.03125,2,2token,not_valid_noun
strollers,. Fill,-9.03125,2,2token,not_valid_noun
strollers,. The,-9.03125,2,2token,not_valid_noun
strollers,___________ .,-9.03125,2,2token,not_valid_noun
strollers,luggage Complete,-9.046875,2,2token,not_valid_noun
strollers,___,-9.046875,2,2token,not_valid_noun
strollers,....... Complete,-9.0625,2,2token,not_valid_noun
strollers,transportation .,-9.0625,2,2token,not_valid_noun
strollers,a ________,-9.078125,2,2token,not_valid_noun
strollers,trolley .,-9.09375,2,2token,not_valid_noun
strollers,article of,-9.1015625,2,2token,not_valid_noun
strollers,portable baby,-9.1171875,2,2token,incomplete_phrase
strollers,pushing,-9.125,1,single_token,incomplete_phrase
strollers,_____ _____,-9.125,2,2token,not_valid_noun
strollers,part,-9.125,1,single_token,incomplete_phrase
strollers,……………………,-9.125,1,single_token,not_valid_noun
strollers,travelling,-9.125,1,single_token,not_valid_noun
strollers,form,-9.125,1,single_token,incomplete_phrase
strollers,shoes,-9.125,1,single_token,not_valid_noun
strollers,tool used,-9.125,2,2token,incomplete_phrase
strollers,toy complete,-9.140625,2,2token,not_valid_noun
strollers,vehicle (,-9.140625,2,2token,not_valid_noun
strollers,. Write,-9.15625,2,2token,not_valid_noun
strollers,bag for,-9.15625,2,2token,incomplete_phrase
strollers,thing to,-9.171875,2,2token,not_valid_noun
strollers,per,-9.1875,1,single_token,not_valid_noun
strollers,e,-9.1875,1,single_token,not_valid_noun
strollers,other,-9.1875,1,single_token,not_valid_noun
strollers,..........,-9.1875,1,single_token,not_valid_noun
strollers,playground,-9.1875,1,single_token,incomplete_phrase
strollers,...,-9.203125,2,2token,not_valid_noun
strollers,........ Complete,-9.2421875,2,2token,not_valid_noun
strollers,things that,-9.25,2,2token,incomplete_phrase
strollers,tool to,-9.25,2,2token,not_valid_noun
strollers,{,-9.25,1,single_token,not_valid_noun
strollers,app,-9.25,1,single_token,not_valid_noun
strollers,_____ ____,-9.25,2,2token,not_valid_noun
strollers,toddler,-9.25,1,single_token,incomplete_phrase
strollers,how,-9.25,1,single_token,not_valid_noun
strollers,This,-9.25,1,single_token,not_valid_noun
strollers,flat,-9.25,1,single_token,incomplete_phrase
strollers,light,-9.25,1,single_token,incomplete_phrase
strollers,carro,-9.25,1,single_token,not_valid_noun
strollers,leisure,-9.25,1,single_token,incomplete_phrase
strollers,pram and,-9.265625,2,2token,incomplete_phrase
strollers,toy ________,-9.265625,2,2token,not_valid_noun
strollers,device for,-9.265625,2,2token,incomplete_phrase
strollers,automobile Complete,-9.28125,2,2token,not_valid_noun
strollers,___ (,-9.296875,2,2token,not_valid_noun
strollers,a wheel,-9.3125,2,2token,not_valid_noun
strollers,a cart,-9.3125,2,2token,not_valid_noun
strollers,container for,-9.328125,2,2token,incomplete_phrase
strollers,for children,-9.34375,2,2token,not_valid_noun
strollers,child .,-9.34375,2,2token,not_valid_noun
strollers,and,-9.375,1,single_token,not_valid_noun
strollers,..............,-9.375,1,single_token,not_valid_noun
strollers,automobiles,-9.375,1,single_token,not_valid_noun
strollers,.(,-9.375,1,single_token,not_valid_noun
strollers,...............,-9.375,1,single_token,not_valid_noun
strollers,…,-9.390625,2,2token,not_valid_noun
strollers,… Read,-9.390625,2,2token,not_valid_noun
strollers,… A,-9.390625,2,2token,not_valid_noun
strollers,____________ Complete,-9.40625,2,2token,not_valid_noun
strollers,bag .,-9.40625,2,2token,not_valid_noun
strollers,. complete,-9.40625,2,2token,not_valid_noun
strollers,car ________,-9.421875,2,2token,not_valid_noun
strollers,car or,-9.421875,2,2token,not_valid_noun
strollers,method,-9.4375,1,single_token,incomplete_phrase
strollers,free,-9.4375,1,single_token,incomplete_phrase
strollers,.............,-9.4375,1,single_token,not_valid_noun
strollers,???,-9.4375,1,single_token,not_valid_noun
strollers,... A,-9.4375,2,2token,not_valid_noun
strollers,Push,-9.4375,1,single_token,incomplete_phrase
strollers,a child,-9.4375,2,2token,not_valid_noun
strollers,a carriage,-9.4375,2,2token,not_valid_noun
strollers,used for,-9.453125,2,2token,not_valid_noun
strollers,child ________,-9.46875,2,2token,not_valid_noun
strollers,_____ for,-9.5,2,2token,not_valid_noun
strollers,tool that,-9.5,2,2token,incomplete_phrase
strollers,What are,-9.515625,2,2token,not_valid_noun
strollers,… What,-9.515625,2,2token,not_valid_noun
strollers,stroller is,-9.515625,2,2token,not_valid_noun
strollers,shopping .,-9.53125,2,2token,not_valid_noun
strollers,. (,-9.53125,2,2token,not_valid_noun
strollers,? .,-9.53125,2,2token,not_valid_noun
strollers,sport Complete,-9.53125,2,2token,not_valid_noun
strollers,car complete,-9.546875,2,2token,not_valid_noun
strollers,... a,-9.5625,2,2token,not_valid_noun
strollers,... What,-9.5625,2,2token,not_valid_noun
strollers,a wheeled,-9.5625,2,2token,not_valid_noun
strollers,---,-9.5625,1,single_token,not_valid_noun
strollers,electronic,-9.5625,1,single_token,not_valid_noun
strollers,seats,-9.5625,1,single_token,not_valid_noun
strollers,,-9.5625,1,single_token,not_valid_noun
strollers,motor,-9.5625,1,single_token,incomplete_phrase
strollers,special,-9.5625,1,single_token,incomplete_phrase
strollers,carrier for,-9.578125,2,2token,incomplete_phrase
strollers,child carrying,-9.59375,2,2token,incomplete_phrase
strollers,child play,-9.59375,2,2token,incomplete_phrase
strollers,,-9.625,1,single_token,not_valid_noun
strollers,toys .,-9.625,2,2token,not_valid_noun
strollers,equipment used,-9.625,2,2token,incomplete_phrase
strollers,suitcases,-9.625,1,single_token,not_valid_noun
strollers,dolls,-9.625,1,single_token,not_valid_noun
strollers,road,-9.625,1,single_token,incomplete_phrase
strollers,way,-9.625,1,single_token,not_valid_noun
strollers,wheeled .,-9.625,2,2token,not_valid_noun
strollers,wheeled travel,-9.625,2,2token,incomplete_phrase
strollers,............,-9.625,1,single_token,not_valid_noun
strollers,_____ ______,-9.625,2,2token,not_valid_noun
strollers,\_,-9.625,1,single_token,not_valid_noun
strollers,toy or,-9.640625,2,2token,not_valid_noun
strollers,stroller complete,-9.640625,2,2token,not_valid_noun
strollers,_________ (,-9.640625,2,2token,not_valid_noun
strollers,object for,-9.65625,2,2token,incomplete_phrase
strollers,______ (,-9.65625,2,2token,not_valid_noun
strollers,_,-9.65625,2,2token,not_valid_noun
strollers,. Which,-9.65625,2,2token,not_valid_noun
strollers,____ ____,-9.65625,2,2token,not_valid_noun
strollers,........... Complete,-9.6796875,2,2token,not_valid_noun
strollers,cr,-9.6875,1,single_token,not_valid_noun
strollers,vehic,-9.6875,1,single_token,not_valid_noun
strollers,parenting,-9.6875,1,single_token,not_valid_noun
strollers,amusement,-9.6875,1,single_token,incomplete_phrase
strollers,--------,-9.6875,1,single_token,not_valid_noun
strollers,tr,-9.6875,1,single_token,not_valid_noun
strollers,aid,-9.6875,1,single_token,not_valid_noun
strollers,diaper,-9.6875,1,single_token,incomplete_phrase
strollers,parents,-9.6875,1,single_token,not_valid_noun
strollers,... ...,-9.6875,2,2token,not_valid_noun
strollers,used to,-9.703125,2,2token,not_valid_noun
strollers,carry .,-9.734375,2,2token,not_valid_noun
strollers,__________ (,-9.734375,2,2token,not_valid_noun
strollers,bicycle .,-9.75,2,2token,not_valid_noun
strollers,furniture for,-9.75,2,2token,incomplete_phrase
strollers,_________,-9.765625,2,2token,not_valid_noun
strollers,toy ...,-9.765625,2,2token,not_valid_noun
strollers,stroller that,-9.765625,2,2token,incomplete_phrase
strollers,pram complete,-9.765625,2,2token,not_valid_noun
strollers,… The,-9.765625,2,2token,not_valid_noun
strollers,_ _.,-9.78125,2,2token,not_valid_noun
strollers,carriage (,-9.78125,2,2token,not_valid_noun
strollers,. In,-9.78125,2,2token,not_valid_noun
strollers,. Use,-9.78125,2,2token,not_valid_noun
strollers,_______ (,-9.78125,2,2token,not_valid_noun
strollers,______ ______,-9.78125,2,2token,not_valid_noun
strollers,______,-9.78125,2,2token,not_valid_noun
strollers,chair for,-9.78125,2,2token,incomplete_phrase
strollers,. car,-9.78125,2,2token,not_valid_noun
strollers,car that,-9.796875,2,2token,incomplete_phrase
strollers,park,-9.8125,1,single_token,incomplete_phrase
strollers,bikes,-9.8125,1,single_token,not_valid_noun
strollers,transporting,-9.8125,1,single_token,not_valid_noun
strollers,------,-9.8125,1,single_token,not_valid_noun
strollers,::,-9.8125,1,single_token,not_valid_noun
strollers,home,-9.8125,1,single_token,incomplete_phrase
strollers,a transportation,-9.8125,2,2token,not_valid_noun
strollers,a bicycle,-9.8125,2,2token,not_valid_noun
strollers,a ______,-9.8125,2,2token,not_valid_noun
strollers,... (,-9.8125,2,2token,not_valid_noun
strollers,sleeping,-9.8125,1,single_token,incomplete_phrase
strollers,beach,-9.8125,1,single_token,incomplete_phrase
strollers,modern,-9.8125,1,single_token,incomplete_phrase
strollers,a ____,-9.8125,2,2token,not_valid_noun
strollers,a tool,-9.8125,2,2token,not_valid_noun
strollers,that,-9.8125,1,single_token,not_valid_noun
strollers,child safety,-9.84375,2,2token,incomplete_phrase
strollers,are a,-9.8515625,2,2token,not_valid_noun
strollers,________ (,-9.859375,2,2token,not_valid_noun
strollers,is a,-9.859375,2,2token,not_valid_noun
strollers,machine for,-9.859375,2,2token,incomplete_phrase
strollers,__________,-9.859375,2,2token,not_valid_noun
strollers,',-9.875,1,single_token,not_valid_noun
strollers,l,-9.875,1,single_token,not_valid_noun
strollers,kitchen,-9.875,1,single_token,incomplete_phrase
strollers,in,-9.875,1,single_token,not_valid_noun
strollers,ch,-9.875,1,single_token,not_valid_noun
strollers,equipment .,-9.875,2,2token,not_valid_noun
strollers,sleep,-9.875,1,single_token,incomplete_phrase
strollers,types,-9.875,1,single_token,not_valid_noun
strollers,contra,-9.875,1,single_token,incomplete_phrase
strollers,go,-9.875,1,single_token,not_valid_noun
strollers,tool .,-9.875,2,2token,not_valid_noun
strollers,_____ complete,-9.875,2,2token,not_valid_noun
strollers,equipment Complete,-9.875,2,2token,not_valid_noun
strollers,travel .,-9.875,2,2token,not_valid_noun
strollers,things to,-9.875,2,2token,not_valid_noun
strollers,wheeled ________,-9.875,2,2token,not_valid_noun
strollers,device used,-9.890625,2,2token,incomplete_phrase
strollers,toy ____,-9.890625,2,2token,not_valid_noun
strollers,item of,-9.890625,2,2token,not_valid_noun
strollers,shopping ________,-9.90625,2,2token,not_valid_noun
strollers,_______ _______,-9.90625,2,2token,not_valid_noun
strollers,shopping,-9.90625,2,2token,incomplete_phrase
strollers,bike Complete,-9.90625,2,2token,not_valid_noun
strollers,_______,-9.90625,2,2token,not_valid_noun
strollers,children s,-9.90625,2,2token,not_valid_noun
strollers,object that,-9.90625,2,2token,incomplete_phrase
strollers,= Complete,-9.921875,2,2token,not_valid_noun
strollers,umbrella Complete,-9.921875,2,2token,not_valid_noun
strollers,a shopping,-9.9375,2,2token,not_valid_noun
strollers,a .,-9.9375,2,2token,not_valid_noun
strollers,for babies,-9.96875,2,2token,not_valid_noun
strollers,instrument for,-9.96875,2,2token,incomplete_phrase
strollers,-.,-10.0,1,single_token,not_valid_noun
strollers,containers,-10.0,1,single_token,not_valid_noun
strollers,carriers,-10.0,1,single_token,not_valid_noun
strollers,sporting,-10.0,1,single_token,not_valid_noun
strollers,things for,-10.0,2,2token,incomplete_phrase
strollers,fancy,-10.0,1,single_token,incomplete_phrase
strollers,street,-10.0,1,single_token,incomplete_phrase
strollers,equi,-10.0,1,single_token,not_valid_noun
strollers,I,-10.0,1,single_token,not_valid_noun
strollers,h,-10.0,1,single_token,not_valid_noun
strollers,......... Complete,-10.0,2,2token,not_valid_noun
strollers,help for,-10.0,2,2token,not_valid_noun
strollers,_____ _______,-10.0,2,2token,not_valid_noun
strollers,_____ ________,-10.0,2,2token,not_valid_noun
strollers,_____ Fill,-10.0,2,2token,not_valid_noun
strollers,_____ A,-10.0,2,2token,not_valid_noun
strollers,these,-10.0,1,single_token,not_valid_noun
strollers,four,-10.0,1,single_token,incomplete_phrase
strollers,sit,-10.0,1,single_token,not_valid_noun
strollers,games,-10.0,1,single_token,not_valid_noun
strollers,traveling,-10.0,1,single_token,incomplete_phrase
strollers,wheeled child,-10.0,2,2token,incomplete_phrase
strollers,equipment that,-10.0,2,2token,incomplete_phrase
strollers,cars Complete,-10.0,2,2token,not_valid_noun
strollers,toy _______,-10.015625,2,2token,not_valid_noun
strollers,item that,-10.015625,2,2token,incomplete_phrase
strollers,stroller ...,-10.015625,2,2token,not_valid_noun
strollers,stroller or,-10.015625,2,2token,not_valid_noun
strollers,pram /,-10.015625,2,2token,not_valid_noun
strollers,..... .,-10.03125,2,2token,not_valid_noun
strollers,carriage or,-10.03125,2,2token,not_valid_noun
strollers,wheel __,-10.03125,2,2token,not_valid_noun
strollers,thing for,-10.046875,2,2token,incomplete_phrase
strollers,car used,-10.046875,2,2token,incomplete_phrase
strollers,car ...,-10.046875,2,2token,not_valid_noun
strollers,adult,-10.0625,1,single_token,incomplete_phrase
strollers,mass,-10.0625,1,single_token,incomplete_phrase
strollers,sun,-10.0625,1,single_token,incomplete_phrase
strollers,ve,-10.0625,1,single_token,not_valid_noun
strollers,you,-10.0625,1,single_token,not_valid_noun
strollers,,-10.0625,1,single_token,not_valid_noun
strollers,f,-10.0625,1,single_token,not_valid_noun
strollers,t,-10.0625,1,single_token,not_valid_noun
strollers,They,-10.0625,1,single_token,not_valid_noun
strollers,___ ____,-10.0625,2,2token,not_valid_noun
strollers,wheels Complete,-10.0625,2,2token,not_valid_noun
strollers,carrier Complete,-10.078125,2,2token,not_valid_noun
strollers,accessory Complete,-10.09375,2,2token,not_valid_noun
strollers,carry c,-10.109375,2,2token,not_valid_noun
strollers,push .,-10.125,2,2token,not_valid_noun
strollers,_____ ...,-10.125,2,2token,not_valid_noun
strollers,toy to,-10.140625,2,2token,not_valid_noun
strollers,device to,-10.140625,2,2token,not_valid_noun
strollers,object used,-10.15625,2,2token,incomplete_phrase
strollers,cart for,-10.15625,2,2token,incomplete_phrase
strollers,cart (,-10.15625,2,2token,not_valid_noun
strollers,. toys,-10.15625,2,2token,not_valid_noun
strollers,_ (,-10.15625,2,2token,not_valid_noun
strollers,chair Complete,-10.15625,2,2token,not_valid_noun
strollers,clothing for,-10.15625,2,2token,incomplete_phrase
strollers,. ...,-10.15625,2,2token,not_valid_noun
strollers,cart or,-10.15625,2,2token,not_valid_noun
strollers,_ toy,-10.15625,2,2token,not_valid_noun
strollers,", .",-10.171875,2,2token,not_valid_noun
strollers,- Complete,-10.171875,2,2token,not_valid_noun
strollers,thing you,-10.171875,2,2token,incomplete_phrase
strollers,they,-10.1875,1,single_token,not_valid_noun
strollers,,-10.1875,1,single_token,not_valid_noun
strollers,buggy .,-10.1875,2,2token,not_valid_noun
strollers,U,-10.1875,1,single_token,not_valid_noun
strollers,----,-10.1875,1,single_token,not_valid_noun
strollers,a chair,-10.1875,2,2token,not_valid_noun
strollers,a,-10.1875,2,2token,not_valid_noun
strollers,a kind,-10.1875,2,2token,not_valid_noun
strollers,a bag,-10.1875,2,2token,not_valid_noun
strollers,tri,-10.1875,1,single_token,not_valid_noun
strollers,city,-10.1875,1,single_token,incomplete_phrase
strollers,BABY,-10.1875,1,single_token,incomplete_phrase
strollers,lug,-10.1875,1,single_token,incomplete_phrase
strollers,machines,-10.1875,1,single_token,not_valid_noun
strollers,Children,-10.1875,1,single_token,incomplete_phrase
strollers,a _______,-10.1875,2,2token,not_valid_noun
strollers,... -,-10.1875,2,2token,not_valid_noun
strollers,?.,-10.1875,1,single_token,not_valid_noun
strollers,–,-10.1875,1,single_token,not_valid_noun
strollers,------------,-10.1875,1,single_token,not_valid_noun
strollers,transportation (,-10.1875,2,2token,not_valid_noun
strollers,articles,-10.1875,1,single_token,not_valid_noun
strollers,common,-10.1875,1,single_token,incomplete_phrase
strollers,tools for,-10.21875,2,2token,incomplete_phrase
strollers,( ),-10.21875,2,2token,not_valid_noun
strollers,wheel (,-10.21875,2,2token,not_valid_noun
strollers,________ ________,-10.234375,2,2token,not_valid_noun
strollers,high,-10.25,1,single_token,incomplete_phrase
strollers,we,-10.25,1,single_token,not_valid_noun
strollers,wheeled push,-10.25,2,2token,incomplete_phrase
strollers,........ .,-10.25,2,2token,not_valid_noun
strollers,wheeled ...,-10.25,2,2token,not_valid_noun
strollers,personal,-10.25,1,single_token,incomplete_phrase
strollers,;,-10.25,1,single_token,not_valid_noun
strollers,transport (,-10.25,2,2token,not_valid_noun
strollers,vegetables,-10.25,1,single_token,not_valid_noun
strollers,_____ a,-10.25,2,2token,not_valid_noun
strollers,????,-10.25,1,single_token,not_valid_noun
strollers,… Continue,-10.25,2,2token,not_valid_noun
strollers,pram ________,-10.265625,2,2token,not_valid_noun
strollers,toy in,-10.265625,2,2token,not_valid_noun
strollers,toy _____,-10.265625,2,2token,not_valid_noun
strollers,device that,-10.265625,2,2token,incomplete_phrase
strollers,seat for,-10.265625,2,2token,incomplete_phrase
strollers,stroller ________,-10.265625,2,2token,not_valid_noun
strollers,stroller with,-10.265625,2,2token,not_valid_noun
strollers,toy ______,-10.265625,2,2token,not_valid_noun
strollers,stroller and,-10.265625,2,2token,incomplete_phrase
strollers,______ _______,-10.28125,2,2token,not_valid_noun
strollers,wagon Complete,-10.28125,2,2token,not_valid_noun
strollers,. I,-10.28125,2,2token,not_valid_noun
strollers,vehicles for,-10.28125,2,2token,incomplete_phrase
strollers,- .,-10.296875,2,2token,not_valid_noun
strollers,car ____,-10.296875,2,2token,not_valid_noun
strollers,/ a,-10.3046875,2,2token,not_valid_noun
strollers,... .,-10.3125,2,2token,not_valid_noun
strollers,... More,-10.3125,2,2token,not_valid_noun
strollers,public,-10.3125,1,single_token,incomplete_phrase
strollers,make,-10.3125,1,single_token,incomplete_phrase
strollers,garden,-10.3125,1,single_token,incomplete_phrase
strollers,consumer,-10.3125,1,single_token,incomplete_phrase
strollers,picnic,-10.3125,1,single_token,incomplete_phrase
strollers,transporta,-10.3125,1,single_token,not_valid_noun
strollers,a thing,-10.3125,2,2token,not_valid_noun
strollers,clothes for,-10.328125,2,2token,incomplete_phrase
strollers,child _,-10.34375,2,2token,not_valid_noun
strollers,wheel ____,-10.34375,2,2token,not_valid_noun
strollers,child,-10.34375,2,2token,incomplete_phrase
strollers,wheeled children,-10.375,2,2token,incomplete_phrase
strollers,two,-10.375,1,single_token,incomplete_phrase
strollers,camping,-10.375,1,single_token,not_valid_noun
strollers,http,-10.375,1,single_token,not_valid_noun
strollers,-------,-10.375,1,single_token,not_valid_noun
strollers,equip,-10.375,1,single_token,not_valid_noun
strollers,my,-10.375,1,single_token,not_valid_noun
strollers,*,-10.375,1,single_token,not_valid_noun
strollers,wheeled carrying,-10.375,2,2token,not_valid_noun
strollers,handbags,-10.375,1,single_token,not_valid_noun
strollers,X,-10.375,1,single_token,not_valid_noun
strollers,toy and,-10.390625,2,2token,incomplete_phrase
strollers,item in,-10.390625,2,2token,not_valid_noun
strollers,vehicle in,-10.390625,2,2token,not_valid_noun
strollers,vehicle complete,-10.390625,2,2token,not_valid_noun
strollers,toy ....,-10.390625,2,2token,not_valid_noun
strollers,shopping ____,-10.40625,2,2token,not_valid_noun
strollers,. Read,-10.40625,2,2token,not_valid_noun
strollers,wheel ________,-10.40625,2,2token,not_valid_noun
strollers,chair .,-10.40625,2,2token,not_valid_noun
strollers,.....,-10.40625,2,2token,not_valid_noun
strollers,. ________,-10.40625,2,2token,not_valid_noun
strollers,_________ ________,-10.40625,2,2token,not_valid_noun
strollers,_______ ________,-10.40625,2,2token,not_valid_noun
strollers,. cars,-10.40625,2,2token,not_valid_noun
strollers,car _______,-10.421875,2,2token,not_valid_noun
strollers,car ______,-10.421875,2,2token,not_valid_noun
strollers,car _,-10.421875,2,2token,not_valid_noun
strollers,pieces,-10.4375,1,single_token,not_valid_noun
strollers,P,-10.4375,1,single_token,not_valid_noun
strollers,... complete,-10.4375,2,2token,not_valid_noun
strollers,___ ___,-10.4375,2,2token,not_valid_noun
strollers,.... A,-10.4375,2,2token,not_valid_noun
strollers,___ complete,-10.4375,2,2token,not_valid_noun
strollers,... Fill,-10.4375,2,2token,not_valid_noun
strollers,....,-10.4375,2,2token,not_valid_noun
strollers,the car,-10.4375,2,2token,not_valid_noun
strollers,a trolley,-10.4375,2,2token,not_valid_noun
strollers,a _____,-10.4375,2,2token,not_valid_noun
strollers,It,-10.4375,1,single_token,not_valid_noun
strollers,,-10.4375,1,single_token,not_valid_noun
strollers,veh,-10.4375,1,single_token,not_valid_noun
strollers,a transport,-10.4375,2,2token,not_valid_noun
strollers,convenient,-10.4375,1,single_token,not_valid_noun
strollers,< >,-10.46875,2,2token,not_valid_noun
strollers,[ ],-10.484375,2,2token,not_valid_noun
strollers,________,-10.484375,2,2token,not_valid_noun
strollers,wheeled ______,-10.5,2,2token,not_valid_noun
strollers,… a,-10.5,2,2token,not_valid_noun
strollers,things you,-10.5,2,2token,incomplete_phrase
strollers,$,-10.5,1,single_token,not_valid_noun
strollers,—,-10.5,1,single_token,not_valid_noun
strollers,push ____,-10.5,2,2token,not_valid_noun
strollers,(),-10.5,1,single_token,not_valid_noun
strollers,tool Complete,-10.5,2,2token,not_valid_noun
strollers,_____ transportation,-10.5,2,2token,not_valid_noun
strollers,mean,-10.5,1,single_token,incomplete_phrase
strollers,i,-10.5,1,single_token,not_valid_noun
strollers,,-10.5,1,single_token,not_valid_noun
strollers,These,-10.5,1,single_token,not_valid_noun
strollers,pal,-10.5,1,single_token,incomplete_phrase
strollers,x,-10.5,1,single_token,not_valid_noun
strollers,We,-10.5,1,single_token,not_valid_noun
strollers,new,-10.5,1,single_token,not_valid_noun
strollers,childs,-10.5,1,single_token,incomplete_phrase
strollers,_(,-10.5,1,single_token,not_valid_noun
strollers,utens,-10.5,1,single_token,not_valid_noun
strollers,mother,-10.5,1,single_token,incomplete_phrase
strollers,empty,-10.5,1,single_token,incomplete_phrase
strollers,??,-10.5,1,single_token,not_valid_noun
strollers,stores,-10.5,1,single_token,not_valid_noun
strollers,-----,-10.5,1,single_token,not_valid_noun
strollers,"...,",-10.5,1,single_token,not_valid_noun
strollers,possessions,-10.5,1,single_token,not_valid_noun
strollers,transport to,-10.5,2,2token,not_valid_noun
strollers,pram _______,-10.515625,2,2token,not_valid_noun
strollers,pram that,-10.515625,2,2token,incomplete_phrase
strollers,stroller _______,-10.515625,2,2token,not_valid_noun
strollers,stroller ______,-10.515625,2,2token,not_valid_noun
strollers,stroller in,-10.515625,2,2token,not_valid_noun
strollers,What kind,-10.515625,2,2token,not_valid_noun
strollers,suitcase Complete,-10.515625,2,2token,not_valid_noun
strollers,sport .,-10.53125,2,2token,not_valid_noun
strollers,vehicles Complete,-10.53125,2,2token,not_valid_noun
strollers,____ _.,-10.53125,2,2token,not_valid_noun
strollers,. Give,-10.53125,2,2token,not_valid_noun
strollers,____ (,-10.53125,2,2token,not_valid_noun
strollers,. This,-10.53125,2,2token,not_valid_noun
strollers,children ',-10.53125,2,2token,not_valid_noun
strollers,cart that,-10.53125,2,2token,incomplete_phrase
strollers,_ car,-10.53125,2,2token,not_valid_noun
strollers,. Find,-10.53125,2,2token,not_valid_noun
strollers,______ ________,-10.53125,2,2token,not_valid_noun
strollers,car with,-10.546875,2,2token,incomplete_phrase
strollers,bags for,-10.546875,2,2token,incomplete_phrase
strollers,car is,-10.546875,2,2token,not_valid_noun
strollers,car in,-10.546875,2,2token,not_valid_noun
strollers,/ kind,-10.5546875,2,2token,not_valid_noun
strollers,gadgets,-10.5625,1,single_token,not_valid_noun
strollers,-----------,-10.5625,1,single_token,not_valid_noun
strollers,​,-10.5625,1,single_token,not_valid_noun
strollers,"""",-10.5625,1,single_token,not_valid_noun
strollers,on,-10.5625,1,single_token,not_valid_noun
strollers,wheels and,-10.5625,2,2token,incomplete_phrase
strollers,carried,-10.5625,1,single_token,not_valid_noun
strollers,a buggy,-10.5625,2,2token,not_valid_noun
strollers,... The,-10.5625,2,2token,not_valid_noun
strollers,grocery shopping,-10.5625,2,2token,incomplete_phrase
strollers,---------------,-10.5625,1,single_token,not_valid_noun
strollers,.... .,-10.5625,2,2token,not_valid_noun
strollers,((,-10.5625,1,single_token,not_valid_noun
strollers,medical,-10.5625,1,single_token,incomplete_phrase
strollers,bicy,-10.5625,1,single_token,not_valid_noun
strollers,: a,-10.578125,2,2token,not_valid_noun
strollers,child _______,-10.59375,2,2token,not_valid_noun
strollers,child ______,-10.59375,2,2token,not_valid_noun
strollers,machine Complete,-10.609375,2,2token,not_valid_noun
strollers,things used,-10.625,2,2token,incomplete_phrase
strollers,_____ The,-10.625,2,2token,not_valid_noun
strollers,… (,-10.625,2,2token,not_valid_noun
strollers,__________ ________,-10.625,2,2token,not_valid_noun
strollers,furniture (,-10.625,2,2token,not_valid_noun
strollers,… In,-10.625,2,2token,not_valid_noun
strollers,bicycle for,-10.625,2,2token,incomplete_phrase
strollers,car _____,-10.640625,2,2token,not_valid_noun
strollers,car Accessory,-10.640625,2,2token,incomplete_phrase
strollers,pram ...,-10.640625,2,2token,not_valid_noun
strollers,carts Complete,-10.640625,2,2token,not_valid_noun
strollers,of transportation,-10.640625,2,2token,not_valid_noun
strollers,stroller to,-10.640625,2,2token,not_valid_noun
strollers,stroller ____,-10.640625,2,2token,not_valid_noun
strollers,stroller _____,-10.640625,2,2token,not_valid_noun
strollers,car to,-10.640625,2,2token,not_valid_noun
strollers,automobile .,-10.65625,2,2token,not_valid_noun
strollers,cart complete,-10.65625,2,2token,not_valid_noun
strollers,accessories for,-10.65625,2,2token,incomplete_phrase
strollers,. Answer,-10.65625,2,2token,not_valid_noun
strollers,. Match,-10.65625,2,2token,not_valid_noun
strollers,shopping ______,-10.65625,2,2token,not_valid_noun
strollers,bag (,-10.65625,2,2token,not_valid_noun
strollers,children .,-10.65625,2,2token,not_valid_noun
strollers,..... A,-10.65625,2,2token,not_valid_noun
strollers,carriage complete,-10.65625,2,2token,not_valid_noun
strollers,carriage used,-10.65625,2,2token,incomplete_phrase
strollers,object to,-10.65625,2,2token,not_valid_noun
strollers,?,-10.65625,2,2token,not_valid_noun
strollers,gadget for,-10.671875,2,2token,incomplete_phrase
strollers,u,-10.6875,1,single_token,not_valid_noun
strollers,a type,-10.6875,2,2token,not_valid_noun
strollers,d,-10.6875,1,single_token,not_valid_noun
strollers,the baby,-10.6875,2,2token,not_valid_noun
strollers,Baby Car,-10.6875,2,2token,incomplete_phrase
strollers,pot,-10.6875,1,single_token,not_valid_noun
strollers,smart,-10.6875,1,single_token,incomplete_phrase
strollers,transportation to,-10.6875,2,2token,not_valid_noun
strollers,wheels .,-10.6875,2,2token,not_valid_noun
strollers,a push,-10.6875,2,2token,not_valid_noun
strollers,a piece,-10.6875,2,2token,not_valid_noun
strollers,mechanical,-10.6875,1,single_token,not_valid_noun
strollers,riding,-10.6875,1,single_token,incomplete_phrase
strollers,---------,-10.6875,1,single_token,not_valid_noun
strollers,acces,-10.6875,1,single_token,not_valid_noun
strollers,living,-10.6875,1,single_token,incomplete_phrase
strollers,do,-10.6875,1,single_token,not_valid_noun
strollers,accessory .,-10.71875,2,2token,not_valid_noun
strollers,accessory to,-10.71875,2,2token,not_valid_noun
strollers,prop .,-10.71875,2,2token,not_valid_noun
strollers,trolley (,-10.71875,2,2token,not_valid_noun
strollers,prop for,-10.71875,2,2token,incomplete_phrase
strollers,wheeled ____,-10.75,2,2token,not_valid_noun
strollers,carriages Complete,-10.75,2,2token,not_valid_noun
strollers,push ________,-10.75,2,2token,not_valid_noun
strollers,tool (,-10.75,2,2token,not_valid_noun
strollers,_____ _.,-10.75,2,2token,not_valid_noun
strollers,rides,-10.75,1,single_token,not_valid_noun
strollers,_____ What,-10.75,2,2token,not_valid_noun
strollers,r,-10.75,1,single_token,not_valid_noun
strollers,automotive,-10.75,1,single_token,not_valid_noun
strollers,playing,-10.75,1,single_token,not_valid_noun
strollers,cra,-10.75,1,single_token,not_valid_noun
strollers,cri,-10.75,1,single_token,not_valid_noun
strollers,In,-10.75,1,single_token,not_valid_noun
strollers,by,-10.75,1,single_token,not_valid_noun
strollers,me,-10.75,1,single_token,not_valid_noun
strollers,carry on,-10.75,2,2token,not_valid_noun
strollers,toys (,-10.75,2,2token,not_valid_noun
strollers,… .,-10.75,2,2token,not_valid_noun
strollers,which of,-10.75,2,2token,not_valid_noun
strollers,folding,-10.75,1,single_token,incomplete_phrase
strollers,,-10.75,1,single_token,not_valid_noun
strollers,C,-10.75,1,single_token,not_valid_noun
strollers,\,-10.75,1,single_token,not_valid_noun
strollers,"_,",-10.75,1,single_token,not_valid_noun
strollers,pushed,-10.75,1,single_token,not_valid_noun
strollers,baskets,-10.75,1,single_token,not_valid_noun
strollers,pram ______,-10.765625,2,2token,not_valid_noun
strollers,toy which,-10.765625,2,2token,incomplete_phrase
strollers,stroller are,-10.765625,2,2token,incomplete_phrase
strollers,stroller ....,-10.765625,2,2token,not_valid_noun
strollers,car ....,-10.765625,2,2token,not_valid_noun
strollers,pram ....,-10.765625,2,2token,not_valid_noun
strollers,pram with,-10.765625,2,2token,not_valid_noun
strollers,What do,-10.765625,2,2token,not_valid_noun
strollers,. How,-10.78125,2,2token,not_valid_noun
strollers,. There,-10.78125,2,2token,not_valid_noun
strollers,. Select,-10.78125,2,2token,not_valid_noun
strollers,. toy,-10.78125,2,2token,not_valid_noun
strollers,..... a,-10.78125,2,2token,not_valid_noun
strollers,object Complete,-10.78125,2,2token,not_valid_noun
strollers,cart used,-10.78125,2,2token,incomplete_phrase
strollers,. fruit,-10.78125,2,2token,not_valid_noun
strollers,______ ____,-10.78125,2,2token,not_valid_noun
strollers,. You,-10.78125,2,2token,not_valid_noun
strollers,wheel or,-10.78125,2,2token,not_valid_noun
strollers,. If,-10.78125,2,2token,not_valid_noun
strollers,. We,-10.78125,2,2token,not_valid_noun
strollers,", a",-10.796875,2,2token,not_valid_noun
strollers,", complete",-10.796875,2,2token,not_valid_noun
strollers,", which",-10.796875,2,2token,not_valid_noun
strollers,ride at,-10.8125,2,2token,not_valid_noun
strollers,___ for,-10.8125,2,2token,not_valid_noun
strollers,what ?,-10.8125,2,2token,not_valid_noun
strollers,luggage .,-10.8125,2,2token,not_valid_noun
strollers,.... a,-10.8125,2,2token,not_valid_noun
strollers,ger,-10.8125,1,single_token,incomplete_phrase
strollers,ones,-10.8125,1,single_token,not_valid_noun
strollers,a (,-10.8125,2,2token,not_valid_noun
strollers,|,-10.8125,1,single_token,not_valid_noun
strollers,ut,-10.8125,1,single_token,not_valid_noun
strollers,St,-10.8125,1,single_token,not_valid_noun
strollers,equ,-10.8125,1,single_token,not_valid_noun
strollers,o,-10.8125,1,single_token,not_valid_noun
strollers,pedestrian,-10.8125,1,single_token,incomplete_phrase
strollers,transportation in,-10.8125,2,2token,not_valid_noun
strollers,electric,-10.8125,1,single_token,incomplete_phrase
strollers,Shopping,-10.8125,1,single_token,incomplete_phrase
strollers,thing used,-10.8125,2,2token,incomplete_phrase
strollers,.. .,-10.8125,2,2token,not_valid_noun
strollers,what kind,-10.8125,2,2token,not_valid_noun
strollers,thing Complete,-10.8125,2,2token,not_valid_noun
strollers,trolley complete,-10.84375,2,2token,not_valid_noun
strollers,wheel that,-10.84375,2,2token,incomplete_phrase
strollers,wheel to,-10.84375,2,2token,not_valid_noun
strollers,carrier .,-10.84375,2,2token,not_valid_noun
strollers,are Complete,-10.84375,2,2token,not_valid_noun
strollers,small wheeled,-10.859375,2,2token,not_valid_noun
strollers,travel ________,-10.875,2,2token,not_valid_noun
strollers,bicycle (,-10.875,2,2token,not_valid_noun
strollers,… ...,-10.875,2,2token,not_valid_noun
strollers,ho,-10.875,1,single_token,not_valid_noun
strollers,pac,-10.875,1,single_token,incomplete_phrase
strollers,_____ ....,-10.875,2,2token,not_valid_noun
strollers,made,-10.875,1,single_token,not_valid_noun
strollers,tra,-10.875,1,single_token,incomplete_phrase
strollers,heavy,-10.875,1,single_token,incomplete_phrase
strollers,moving,-10.875,1,single_token,not_valid_noun
strollers,machine that,-10.875,2,2token,incomplete_phrase
strollers,equipment to,-10.875,2,2token,not_valid_noun
strollers,machine used,-10.875,2,2token,incomplete_phrase
strollers,skateboard,-10.875,1,single_token,not_valid_noun
strollers,jogging,-10.875,1,single_token,not_valid_noun
strollers,gym,-10.875,1,single_token,incomplete_phrase
strollers,handheld,-10.875,1,single_token,not_valid_noun
strollers,which is,-10.875,2,2token,not_valid_noun
strollers,mobile for,-10.890625,2,2token,not_valid_noun
strollers,of car,-10.890625,2,2token,not_valid_noun
strollers,pram ____,-10.890625,2,2token,not_valid_noun
strollers,toy a,-10.890625,2,2token,not_valid_noun
strollers,vehicle ...,-10.890625,2,2token,not_valid_noun
strollers,vehicle ________,-10.890625,2,2token,not_valid_noun
strollers,toy -,-10.890625,2,2token,not_valid_noun
strollers,pram _,-10.890625,2,2token,not_valid_noun
strollers,stroller used,-10.890625,2,2token,incomplete_phrase
strollers,toy Read,-10.890625,2,2token,not_valid_noun
strollers,item used,-10.890625,2,2token,incomplete_phrase
strollers,item to,-10.890625,2,2token,not_valid_noun
strollers,What does,-10.890625,2,2token,not_valid_noun
strollers,car -,-10.890625,2,2token,not_valid_noun
strollers,carriage that,-10.90625,2,2token,incomplete_phrase
strollers,____,-10.90625,2,2token,not_valid_noun
strollers,_______ ______,-10.90625,2,2token,not_valid_noun
strollers,? complete,-10.90625,2,2token,not_valid_noun
strollers,____________ (,-10.90625,2,2token,not_valid_noun
strollers,____________,-10.90625,2,2token,not_valid_noun
strollers,vehicles .,-10.90625,2,2token,not_valid_noun
strollers,______ for,-10.90625,2,2token,not_valid_noun
strollers,kind Complete,-10.921875,2,2token,not_valid_noun
strollers,...... .,-10.921875,2,2token,not_valid_noun
strollers,- -,-10.921875,2,2token,not_valid_noun
strollers,E,-10.9375,1,single_token,not_valid_noun
strollers,…. A,-10.9375,2,2token,not_valid_noun
strollers,wheels for,-10.9375,2,2token,incomplete_phrase
strollers,it,-10.9375,1,single_token,not_valid_noun
strollers,___ _.,-10.9375,2,2token,not_valid_noun
strollers,am,-10.9375,1,single_token,not_valid_noun
strollers,or,-10.9375,1,single_token,not_valid_noun
strollers,back,-10.9375,1,single_token,incomplete_phrase
strollers,Pra,-10.9375,1,single_token,not_valid_noun
strollers,little,-10.9375,1,single_token,incomplete_phrase
strollers,Mary,-10.9375,1,single_token,incomplete_phrase
strollers,practical,-10.9375,1,single_token,not_valid_noun
strollers,clothe,-10.9375,1,single_token,not_valid_noun
strollers,transports,-10.9375,1,single_token,not_valid_noun
strollers,lawn,-10.9375,1,single_token,incomplete_phrase
strollers,expensive,-10.9375,1,single_token,not_valid_noun
strollers,golf,-10.9375,1,single_token,incomplete_phrase
strollers,everyday,-10.9375,1,single_token,incomplete_phrase
strollers,a children,-10.9375,2,2token,not_valid_noun
strollers,using,-10.9375,1,single_token,not_valid_noun
strollers,used by,-10.953125,2,2token,not_valid_noun
strollers,:,-10.953125,2,2token,not_valid_noun
strollers,: complete,-10.953125,2,2token,not_valid_noun
strollers,: .,-10.953125,2,2token,not_valid_noun
strollers,instrument of,-10.96875,2,2token,not_valid_noun
strollers,wheel _,-10.96875,2,2token,not_valid_noun
strollers,wheel for,-10.96875,2,2token,incomplete_phrase
strollers,…… .,-10.96875,2,2token,not_valid_noun
strollers,for parents,-10.96875,2,2token,not_valid_noun
strollers,wheel used,-10.96875,2,2token,incomplete_phrase
strollers,this kind,-10.984375,2,2token,incomplete_phrase
strollers,… Fill,-11.0,2,2token,not_valid_noun
strollers,things we,-11.0,2,2token,not_valid_noun
strollers,many,-11.0,1,single_token,not_valid_noun
strollers,transport in,-11.0,2,2token,not_valid_noun
strollers,__________ for,-11.0,2,2token,not_valid_noun
strollers,portable .,-11.0,2,2token,not_valid_noun
strollers,animals,-11.0,1,single_token,not_valid_noun
strollers,walkers,-11.0,1,single_token,not_valid_noun
strollers,laptop,-11.0,1,single_token,not_valid_noun
strollers,movable,-11.0,1,single_token,incomplete_phrase
strollers,Wheels,-11.0,1,single_token,not_valid_noun
strollers,v,-11.0,1,single_token,not_valid_noun
strollers,wheelchair Complete,-11.0,2,2token,not_valid_noun
strollers,le,-11.0,1,single_token,not_valid_noun
strollers,where,-11.0,1,single_token,not_valid_noun
strollers,https,-11.0,1,single_token,not_valid_noun
strollers,water,-11.0,1,single_token,incomplete_phrase
strollers,carre,-11.0,1,single_token,not_valid_noun
strollers,carries,-11.0,1,single_token,not_valid_noun
strollers,large wheeled,-11.015625,2,2token,not_valid_noun
strollers,pram -,-11.015625,2,2token,not_valid_noun
strollers,of transport,-11.015625,2,2token,not_valid_noun
strollers,toy ____________,-11.015625,2,2token,not_valid_noun
strollers,of a,-11.015625,2,2token,not_valid_noun
strollers,of .,-11.015625,2,2token,not_valid_noun
strollers,large baby,-11.015625,2,2token,incomplete_phrase
strollers,car /,-11.015625,2,2token,not_valid_noun
strollers,car r,-11.015625,2,2token,not_valid_noun
strollers,car and,-11.015625,2,2token,incomplete_phrase
strollers,toy .....,-11.015625,2,2token,not_valid_noun
strollers,stroller -,-11.015625,2,2token,not_valid_noun
strollers,toy /,-11.015625,2,2token,not_valid_noun
strollers,______ complete,-11.03125,2,2token,not_valid_noun
strollers,______ _____,-11.03125,2,2token,not_valid_noun
strollers,appliance Complete,-11.03125,2,2token,not_valid_noun
strollers,appliance for,-11.03125,2,2token,incomplete_phrase
strollers,wagon .,-11.03125,2,2token,not_valid_noun
strollers,___________,-11.03125,2,2token,not_valid_noun
strollers,____ Fill,-11.03125,2,2token,not_valid_noun
strollers,___________ (,-11.03125,2,2token,not_valid_noun
strollers,shopping (,-11.03125,2,2token,not_valid_noun
strollers,bags Complete,-11.03125,2,2token,not_valid_noun
strollers,. Please,-11.03125,2,2token,not_valid_noun
strollers,. It,-11.03125,2,2token,not_valid_noun
strollers,__ _.,-11.03125,2,2token,not_valid_noun
strollers,_ a,-11.03125,2,2token,not_valid_noun
strollers,. furniture,-11.03125,2,2token,not_valid_noun
strollers,? ?,-11.03125,2,2token,not_valid_noun
strollers,_________ Fill,-11.03125,2,2token,not_valid_noun
strollers,wheel ______,-11.03125,2,2token,not_valid_noun
strollers,", and",-11.046875,2,2token,not_valid_noun
strollers,", but",-11.046875,2,2token,not_valid_noun
strollers,", ,",-11.046875,2,2token,not_valid_noun
strollers,........... .,-11.046875,2,2token,not_valid_noun
strollers,___ A,-11.0625,2,2token,not_valid_noun
strollers,___ _,-11.0625,2,2token,not_valid_noun
strollers,,-11.0625,1,single_token,not_valid_noun
strollers,set,-11.0625,1,single_token,incomplete_phrase
strollers,get,-11.0625,1,single_token,not_valid_noun
strollers,social,-11.0625,1,single_token,incomplete_phrase
strollers,How,-11.0625,1,single_token,not_valid_noun
strollers,party,-11.0625,1,single_token,incomplete_phrase
strollers,... Write,-11.0625,2,2token,not_valid_noun
strollers,... fruit,-11.0625,2,2token,not_valid_noun
strollers,... In,-11.0625,2,2token,not_valid_noun
strollers,a __,-11.0625,2,2token,not_valid_noun
strollers,a ...,-11.0625,2,2token,not_valid_noun
strollers,a ____________,-11.0625,2,2token,not_valid_noun
strollers,a wheelchair,-11.0625,2,2token,not_valid_noun
strollers,___ a,-11.0625,2,2token,not_valid_noun
strollers,$.,-11.0625,1,single_token,not_valid_noun
strollers,tourist,-11.0625,1,single_token,incomplete_phrase
strollers,appliances,-11.0625,1,single_token,not_valid_noun
strollers,buggy for,-11.0625,2,2token,incomplete_phrase
strollers,equipments,-11.0625,1,single_token,not_valid_noun
strollers,pous,-11.0625,1,single_token,not_valid_noun
strollers,infants,-11.0625,1,single_token,not_valid_noun
strollers,cad,-11.0625,1,single_token,incomplete_phrase
strollers,winter,-11.0625,1,single_token,incomplete_phrase
strollers,push ______,-11.0625,2,2token,not_valid_noun
strollers,push around,-11.0625,2,2token,not_valid_noun
strollers,devices,-11.0625,1,single_token,not_valid_noun
strollers,transportation that,-11.0625,2,2token,incomplete_phrase
strollers,-------------,-11.0625,1,single_token,not_valid_noun
strollers,A Complete,-11.0625,2,2token,not_valid_noun
strollers,an object,-11.09375,2,2token,not_valid_noun
strollers,for kids,-11.09375,2,2token,not_valid_noun
strollers,for carrying,-11.09375,2,2token,not_valid_noun
strollers,instrument used,-11.09375,2,2token,incomplete_phrase
strollers,(,-11.09375,2,2token,not_valid_noun
strollers,trolley for,-11.09375,2,2token,incomplete_phrase
strollers,for baby,-11.09375,2,2token,not_valid_noun
strollers,means for,-11.09375,2,2token,not_valid_noun
strollers,article for,-11.109375,2,2token,incomplete_phrase
strollers,hard,-11.125,1,single_token,not_valid_noun
strollers,urban,-11.125,1,single_token,not_valid_noun
strollers,Vehicles,-11.125,1,single_token,not_valid_noun
strollers,three,-11.125,1,single_token,incomplete_phrase
strollers,example,-11.125,1,single_token,not_valid_noun
strollers,mac,-11.125,1,single_token,incomplete_phrase
strollers,durable,-11.125,1,single_token,not_valid_noun
strollers,acess,-11.125,1,single_token,not_valid_noun
strollers,outdoors,-11.125,1,single_token,incomplete_phrase
strollers,pushes,-11.125,1,single_token,not_valid_noun
strollers,carry for,-11.125,2,2token,not_valid_noun
strollers,machine to,-11.125,2,2token,not_valid_noun
strollers,fo,-11.125,1,single_token,not_valid_noun
strollers,carry ________,-11.125,2,2token,not_valid_noun
strollers,_____ COMPLETE,-11.125,2,2token,not_valid_noun
strollers,_____ that,-11.125,2,2token,not_valid_noun
strollers,equipment in,-11.125,2,2token,not_valid_noun
strollers,_____ _,-11.125,2,2token,not_valid_noun
strollers,cars .,-11.125,2,2token,not_valid_noun
strollers,----------,-11.125,1,single_token,not_valid_noun
strollers,travel,-11.125,2,2token,incomplete_phrase
strollers,he,-11.125,1,single_token,not_valid_noun
strollers,vehicle which,-11.140625,2,2token,incomplete_phrase
strollers,cloth .,-11.140625,2,2token,not_valid_noun
strollers,doll Complete,-11.140625,2,2token,not_valid_noun
strollers,toy COMPLETE,-11.140625,2,2token,not_valid_noun
strollers,pram which,-11.140625,2,2token,incomplete_phrase
strollers,toy used,-11.140625,2,2token,incomplete_phrase
strollers,vehicle _______,-11.140625,2,2token,not_valid_noun
strollers,toy Incomplete,-11.140625,2,2token,not_valid_noun
strollers,toy is,-11.140625,2,2token,not_valid_noun
strollers,pram is,-11.140625,2,2token,not_valid_noun
strollers,toy with,-11.140625,2,2token,incomplete_phrase
strollers,of toy,-11.140625,2,2token,not_valid_noun
strollers,stroller a,-11.140625,2,2token,not_valid_noun
strollers,of vehicle,-11.140625,2,2token,not_valid_noun
strollers,toy _,-11.140625,2,2token,not_valid_noun
strollers,.,-11.15625,2,2token,not_valid_noun
strollers,. Explain,-11.15625,2,2token,not_valid_noun
strollers,_________ for,-11.15625,2,2token,not_valid_noun
strollers,_______ for,-11.15625,2,2token,not_valid_noun
strollers,object .,-11.15625,2,2token,not_valid_noun
strollers,_ Fill,-11.15625,2,2token,not_valid_noun
strollers,__,-11.15625,2,2token,not_valid_noun
strollers,..... (,-11.15625,2,2token,not_valid_noun
strollers,clothing Complete,-11.15625,2,2token,not_valid_noun
strollers,. When,-11.15625,2,2token,not_valid_noun
strollers,baggage Complete,-11.15625,2,2token,not_valid_noun
strollers,shopping _____,-11.15625,2,2token,not_valid_noun
strollers,. Compare,-11.15625,2,2token,not_valid_noun
strollers,shopping ...,-11.15625,2,2token,not_valid_noun
strollers,carriage ________,-11.15625,2,2token,not_valid_noun
strollers,bag or,-11.15625,2,2token,not_valid_noun
strollers,. the,-11.15625,2,2token,not_valid_noun
strollers,item you,-11.15625,2,2token,incomplete_phrase
strollers,backpack Complete,-11.171875,2,2token,not_valid_noun
strollers,essential,-11.1875,1,single_token,incomplete_phrase
strollers,daily,-11.1875,1,single_token,incomplete_phrase
strollers,.... Fill,-11.1875,2,2token,not_valid_noun
strollers,sitting,-11.1875,1,single_token,incomplete_phrase
strollers,why,-11.1875,1,single_token,not_valid_noun
strollers,fer,-11.1875,1,single_token,not_valid_noun
strollers,cy,-11.1875,1,single_token,not_valid_noun
strollers,al,-11.1875,1,single_token,not_valid_noun
strollers,○,-11.1875,1,single_token,not_valid_noun
strollers,ped,-11.1875,1,single_token,incomplete_phrase
strollers,all,-11.1875,1,single_token,not_valid_noun
strollers,helping,-11.1875,1,single_token,incomplete_phrase
strollers,kinds,-11.1875,1,single_token,not_valid_noun
strollers,retail,-11.1875,1,single_token,incomplete_phrase
strollers,.... What,-11.1875,2,2token,not_valid_noun
strollers,wooden,-11.1875,1,single_token,not_valid_noun
strollers,To,-11.1875,1,single_token,not_valid_noun
strollers,different,-11.1875,1,single_token,not_valid_noun
strollers,buggy (,-11.1875,2,2token,not_valid_noun
strollers,... of,-11.1875,2,2token,not_valid_noun
strollers,lightweight,-11.1875,1,single_token,incomplete_phrase
strollers,abc,-11.1875,1,single_token,not_valid_noun
strollers,a means,-11.1875,2,2token,not_valid_noun
strollers,..,-11.1875,2,2token,not_valid_noun
strollers,push,-11.1875,2,2token,incomplete_phrase
strollers,….,-11.1875,2,2token,not_valid_noun
strollers,push _______,-11.1875,2,2token,not_valid_noun
strollers,a _________,-11.1875,2,2token,not_valid_noun
strollers,a ___________,-11.1875,2,2token,not_valid_noun
strollers,a sport,-11.1875,2,2token,not_valid_noun
strollers,......,-11.1875,2,2token,not_valid_noun
strollers,___ ...,-11.1875,2,2token,not_valid_noun
strollers,umbrellas,-11.1875,1,single_token,not_valid_noun
strollers,___ _____,-11.1875,2,2token,not_valid_noun
strollers,___ __,-11.1875,2,2token,not_valid_noun
strollers,___ ________,-11.1875,2,2token,not_valid_noun
strollers,thing we,-11.1875,2,2token,not_valid_noun
strollers,container .,-11.1875,2,2token,not_valid_noun
strollers,a furniture,-11.1875,2,2token,not_valid_noun
strollers,a carrier,-11.1875,2,2token,not_valid_noun
strollers,a bike,-11.1875,2,2token,not_valid_noun
strollers,a ___,-11.1875,2,2token,not_valid_noun
strollers,clothes .,-11.21875,2,2token,not_valid_noun
strollers,The word,-11.21875,2,2token,not_valid_noun
strollers,child s,-11.21875,2,2token,not_valid_noun
strollers,……,-11.21875,2,2token,not_valid_noun
strollers,child _____,-11.21875,2,2token,not_valid_noun
strollers,________ _.,-11.234375,2,2token,not_valid_noun
strollers,_____ car,-11.25,2,2token,not_valid_noun
strollers,… Choose,-11.25,2,2token,not_valid_noun
strollers,......... .,-11.25,2,2token,not_valid_noun
strollers,_____ of,-11.25,2,2token,not_valid_noun
strollers,_____ or,-11.25,2,2token,not_valid_noun
strollers,_____ ?,-11.25,2,2token,not_valid_noun
strollers,transport that,-11.25,2,2token,incomplete_phrase
strollers,bicycle complete,-11.25,2,2token,not_valid_noun
strollers,which kind,-11.25,2,2token,not_valid_noun
strollers,........,-11.25,2,2token,not_valid_noun
strollers,portable ________,-11.25,2,2token,not_valid_noun
strollers,cheap,-11.25,1,single_token,not_valid_noun
strollers,[],-11.25,1,single_token,not_valid_noun
strollers,equipment (,-11.25,2,2token,not_valid_noun
strollers,Whe,-11.25,1,single_token,incomplete_phrase
strollers,travel ______,-11.25,2,2token,not_valid_noun
strollers,__________ complete,-11.25,2,2token,not_valid_noun
strollers,carry a,-11.25,2,2token,not_valid_noun
strollers,… More,-11.25,2,2token,not_valid_noun
strollers,… Answer,-11.25,2,2token,not_valid_noun
strollers,travel ____,-11.25,2,2token,not_valid_noun
strollers,… Find,-11.25,2,2token,not_valid_noun
strollers,… There,-11.25,2,2token,not_valid_noun
strollers,… You,-11.25,2,2token,not_valid_noun
strollers,… This,-11.25,2,2token,not_valid_noun
strollers,… I,-11.25,2,2token,not_valid_noun
strollers,cars for,-11.25,2,2token,incomplete_phrase
strollers,… fruit,-11.25,2,2token,not_valid_noun
strollers,… Write,-11.25,2,2token,not_valid_noun
strollers,furniture complete,-11.25,2,2token,not_valid_noun
strollers,mobile .,-11.265625,2,2token,not_valid_noun
strollers,vehicle or,-11.265625,2,2token,not_valid_noun
strollers,game Complete,-11.265625,2,2token,not_valid_noun
strollers,Pram Complete,-11.265625,2,2token,not_valid_noun
strollers,pram in,-11.265625,2,2token,not_valid_noun
strollers,pram _____,-11.265625,2,2token,not_valid_noun
strollers,______ Fill,-11.28125,2,2token,not_valid_noun
strollers,? A,-11.28125,2,2token,not_valid_noun
strollers,wheel in,-11.28125,2,2token,not_valid_noun
strollers,______ A,-11.28125,2,2token,not_valid_noun
strollers,bag that,-11.28125,2,2token,incomplete_phrase
strollers,_________ _______,-11.28125,2,2token,not_valid_noun
strollers,. ____,-11.28125,2,2token,not_valid_noun
strollers,. Make,-11.28125,2,2token,not_valid_noun
strollers,. of,-11.28125,2,2token,not_valid_noun
strollers,_________ _________,-11.28125,2,2token,not_valid_noun
strollers,. Do,-11.28125,2,2token,not_valid_noun
strollers,. Correct,-11.28125,2,2token,not_valid_noun
strollers,. bicycle,-11.28125,2,2token,not_valid_noun
strollers,. For,-11.28125,2,2token,not_valid_noun
strollers,____________ _.,-11.28125,2,2token,not_valid_noun
strollers,_ transportation,-11.28125,2,2token,not_valid_noun
strollers,__ _,-11.28125,2,2token,not_valid_noun
strollers,wheel -,-11.28125,2,2token,not_valid_noun
strollers,_ ____,-11.28125,2,2token,not_valid_noun
strollers,object in,-11.28125,2,2token,not_valid_noun
strollers,_ ________,-11.28125,2,2token,not_valid_noun
strollers,-,-11.296875,2,2token,not_valid_noun
strollers,___ _______,-11.3125,2,2token,not_valid_noun
strollers,___ ______,-11.3125,2,2token,not_valid_noun
strollers,.... Read,-11.3125,2,2token,not_valid_noun
strollers,a device,-11.3125,2,2token,not_valid_noun
strollers,... Use,-11.3125,2,2token,not_valid_noun
strollers,.... (,-11.3125,2,2token,not_valid_noun
strollers,the stroller,-11.3125,2,2token,not_valid_noun
strollers,S,-11.3125,1,single_token,not_valid_noun
strollers,…. What,-11.3125,2,2token,not_valid_noun
strollers,…. The,-11.3125,2,2token,not_valid_noun
strollers,push _____,-11.3125,2,2token,not_valid_noun
strollers,___ Fill,-11.3125,2,2token,not_valid_noun
strollers,transportation used,-11.3125,2,2token,incomplete_phrase
strollers,sto,-11.3125,1,single_token,not_valid_noun
strollers,y,-11.3125,1,single_token,not_valid_noun
strollers,... Which,-11.3125,2,2token,not_valid_noun
strollers,umbrella .,-11.3125,2,2token,not_valid_noun
strollers,station,-11.3125,1,single_token,incomplete_phrase
strollers,Type,-11.3125,1,single_token,incomplete_phrase
strollers,round,-11.3125,1,single_token,incomplete_phrase
strollers,pare,-11.3125,1,single_token,not_valid_noun
strollers,a __________,-11.3125,2,2token,not_valid_noun
strollers,g,-11.3125,1,single_token,not_valid_noun
strollers,T,-11.3125,1,single_token,not_valid_noun
strollers,parent .,-11.328125,2,2token,not_valid_noun
strollers,an accessory,-11.34375,2,2token,not_valid_noun
strollers,for a,-11.34375,2,2token,not_valid_noun
strollers,The sentence,-11.34375,2,2token,not_valid_noun
strollers,accessory that,-11.34375,2,2token,incomplete_phrase
strollers,: toy,-11.34375,2,2token,not_valid_noun
strollers,means to,-11.34375,2,2token,not_valid_noun
strollers,: car,-11.34375,2,2token,not_valid_noun
strollers,instrument to,-11.34375,2,2token,not_valid_noun
strollers,wheel _______,-11.34375,2,2token,not_valid_noun
strollers,wheel are,-11.34375,2,2token,incomplete_phrase
strollers,prop Complete,-11.34375,2,2token,not_valid_noun
strollers,shop Complete,-11.34375,2,2token,not_valid_noun
strollers,child (,-11.34375,2,2token,not_valid_noun
strollers,child ...,-11.34375,2,2token,not_valid_noun
strollers,child ____,-11.34375,2,2token,not_valid_noun
strollers,________ _______,-11.359375,2,2token,not_valid_noun
strollers,transport used,-11.375,2,2token,incomplete_phrase
strollers,toys and,-11.375,2,2token,incomplete_phrase
strollers,For,-11.375,1,single_token,not_valid_noun
strollers,backpacks,-11.375,1,single_token,not_valid_noun
strollers,portable shopping,-11.375,2,2token,incomplete_phrase
strollers,she,-11.375,1,single_token,not_valid_noun
strollers,any,-11.375,1,single_token,incomplete_phrase
strollers,,-11.375,1,single_token,not_valid_noun
strollers,when,-11.375,1,single_token,not_valid_noun
strollers,wal,-11.375,1,single_token,not_valid_noun
strollers,--,-11.375,1,single_token,not_valid_noun
strollers,There,-11.375,1,single_token,incomplete_phrase
strollers,yard,-11.375,1,single_token,incomplete_phrase
strollers,para,-11.375,1,single_token,incomplete_phrase
strollers,very,-11.375,1,single_token,not_valid_noun
strollers,… We,-11.375,2,2token,not_valid_noun
strollers,toys complete,-11.375,2,2token,not_valid_noun
strollers,… Which,-11.375,2,2token,not_valid_noun
strollers,__________ Fill,-11.375,2,2token,not_valid_noun
strollers,furniture in,-11.375,2,2token,not_valid_noun
strollers,carriages .,-11.375,2,2token,not_valid_noun
strollers,suitcase .,-11.375,2,2token,not_valid_noun
strollers,_____ toy,-11.375,2,2token,not_valid_noun
strollers,machine .,-11.375,2,2token,not_valid_noun
strollers,_____ in,-11.375,2,2token,not_valid_noun
strollers,_____ For,-11.375,2,2token,not_valid_noun
strollers,… When,-11.375,2,2token,not_valid_noun
strollers,… …,-11.375,2,2token,not_valid_noun
strollers,travel _____,-11.375,2,2token,not_valid_noun
strollers,toy called,-11.390625,2,2token,incomplete_phrase
strollers,vehicle with,-11.390625,2,2token,incomplete_phrase
strollers,car COMPLETE,-11.390625,2,2token,not_valid_noun
strollers,Pram .,-11.390625,2,2token,not_valid_noun
strollers,car on,-11.390625,2,2token,not_valid_noun
strollers,toy …,-11.390625,2,2token,not_valid_noun
strollers,pram to,-11.390625,2,2token,not_valid_noun
strollers,car you,-11.390625,2,2token,incomplete_phrase
strollers,toy :,-11.390625,2,2token,not_valid_noun
strollers,vehicle ....,-11.390625,2,2token,not_valid_noun
strollers,tricycle Complete,-11.390625,2,2token,not_valid_noun
strollers,_ ...,-11.40625,2,2token,not_valid_noun
strollers,__ __,-11.40625,2,2token,not_valid_noun
strollers,_______ ____,-11.40625,2,2token,not_valid_noun
strollers,_______ A,-11.40625,2,2token,not_valid_noun
strollers,shopping _______,-11.40625,2,2token,not_valid_noun
strollers,_______ Fill,-11.40625,2,2token,not_valid_noun
strollers,clothing .,-11.40625,2,2token,not_valid_noun
strollers,mobility .,-11.40625,2,2token,not_valid_noun
strollers,_________ A,-11.40625,2,2token,not_valid_noun
strollers,_________ a,-11.40625,2,2token,not_valid_noun
strollers,_ complete,-11.40625,2,2token,not_valid_noun
strollers,_ __,-11.40625,2,2token,not_valid_noun
strollers,chair or,-11.40625,2,2token,not_valid_noun
strollers,? (,-11.40625,2,2token,not_valid_noun
strollers,..... Fill,-11.40625,2,2token,not_valid_noun
strollers,______ a,-11.40625,2,2token,not_valid_noun
strollers,_______ complete,-11.40625,2,2token,not_valid_noun
strollers,product for,-11.421875,2,2token,incomplete_phrase
strollers,activity for,-11.421875,2,2token,incomplete_phrase
strollers,... You,-11.4375,2,2token,not_valid_noun
strollers,Baby .,-11.4375,2,2token,not_valid_noun
strollers,....... .,-11.4375,2,2token,not_valid_noun
strollers,.... The,-11.4375,2,2token,not_valid_noun
strollers,Per,-11.4375,1,single_token,not_valid_noun
strollers,container Complete,-11.4375,2,2token,not_valid_noun
strollers,human,-11.4375,1,single_token,incomplete_phrase
strollers,self,-11.4375,1,single_token,incomplete_phrase
strollers,being,-11.4375,1,single_token,not_valid_noun
strollers,what you,-11.4375,2,2token,not_valid_noun
strollers,them,-11.4375,1,single_token,not_valid_noun
strollers,what is,-11.4375,2,2token,not_valid_noun
strollers,er,-11.4375,1,single_token,not_valid_noun
strollers,,-11.4375,1,single_token,not_valid_noun
strollers,buggy or,-11.4375,2,2token,not_valid_noun
strollers,... Choose,-11.4375,2,2token,not_valid_noun
strollers,... Find,-11.4375,2,2token,not_valid_noun
strollers,... COMPLETE,-11.4375,2,2token,not_valid_noun
strollers,a _,-11.4375,2,2token,not_valid_noun
strollers,... ?,-11.4375,2,2token,not_valid_noun
strollers,propel,-11.4375,1,single_token,not_valid_noun
strollers,mountain,-11.4375,1,single_token,incomplete_phrase
strollers,a travel,-11.4375,2,2token,not_valid_noun
strollers,luggage for,-11.4375,2,2token,not_valid_noun
strollers,pull along,-11.453125,2,2token,not_valid_noun
strollers,used in,-11.453125,2,2token,not_valid_noun
strollers,trolley or,-11.46875,2,2token,not_valid_noun
strollers,trolley trolley,-11.46875,2,2token,incomplete_phrase
strollers,( noun,-11.46875,2,2token,not_valid_noun
strollers,wheel and,-11.46875,2,2token,incomplete_phrase
strollers,sports .,-11.46875,2,2token,not_valid_noun
strollers,…… Fill,-11.46875,2,2token,not_valid_noun
strollers,fruits,-11.5,1,single_token,not_valid_noun
strollers,indoor,-11.5,1,single_token,not_valid_noun
strollers,ABC,-11.5,1,single_token,not_valid_noun
strollers,WHAT,-11.5,1,single_token,not_valid_noun
strollers,han,-11.5,1,single_token,incomplete_phrase
strollers,with,-11.5,1,single_token,not_valid_noun
strollers,toys that,-11.5,2,2token,incomplete_phrase
strollers,not,-11.5,1,single_token,not_valid_noun
strollers,ground,-11.5,1,single_token,incomplete_phrase
strollers,rain,-11.5,1,single_token,incomplete_phrase
strollers,equipment needed,-11.5,2,2token,incomplete_phrase
strollers,pair,-11.5,1,single_token,incomplete_phrase
strollers,because,-11.5,1,single_token,not_valid_noun
strollers,important,-11.5,1,single_token,not_valid_noun
strollers,but,-11.5,1,single_token,not_valid_noun
strollers,fitness,-11.5,1,single_token,incomplete_phrase
strollers,tool of,-11.5,2,2token,not_valid_noun
strollers,push along,-11.5,2,2token,not_valid_noun
strollers,Play,-11.5,1,single_token,incomplete_phrase
strollers,m,-11.5,1,single_token,not_valid_noun
strollers,_____ [,-11.5,2,2token,not_valid_noun
strollers,".,",-11.5,1,single_token,not_valid_noun
strollers,pen,-11.5,1,single_token,not_valid_noun
strollers,B,-11.5,1,single_token,not_valid_noun
strollers,… How,-11.5,2,2token,not_valid_noun
strollers,… Fruit,-11.5,2,2token,not_valid_noun
strollers,… Use,-11.5,2,2token,not_valid_noun
strollers,things people,-11.5,2,2token,incomplete_phrase
strollers,Babies,-11.5,1,single_token,not_valid_noun
strollers,_____ and,-11.5,2,2token,not_valid_noun
strollers,carry ____,-11.5,2,2token,not_valid_noun
strollers,man,-11.5,1,single_token,incomplete_phrase
strollers,out,-11.5,1,single_token,incomplete_phrase
strollers,their,-11.5,1,single_token,incomplete_phrase
strollers,some,-11.5,1,single_token,incomplete_phrase
strollers,contain,-11.5,1,single_token,not_valid_noun
strollers,sat,-11.5,1,single_token,incomplete_phrase
strollers,seat .,-11.5,2,2token,not_valid_noun
strollers,food Complete,-11.5,2,2token,not_valid_noun
strollers,under,-11.5,1,single_token,not_valid_noun
strollers,stroller The,-11.515625,2,2token,incomplete_phrase
strollers,car Full,-11.515625,2,2token,incomplete_phrase
strollers,car a,-11.515625,2,2token,not_valid_noun
strollers,toy of,-11.515625,2,2token,not_valid_noun
strollers,of baby,-11.515625,2,2token,not_valid_noun
strollers,toy you,-11.515625,2,2token,incomplete_phrase
strollers,toy A,-11.515625,2,2token,not_valid_noun
strollers,toy [,-11.515625,2,2token,not_valid_noun
strollers,vehicle ______,-11.515625,2,2token,not_valid_noun
strollers,car .....,-11.515625,2,2token,not_valid_noun
strollers,_________ complete,-11.53125,2,2token,not_valid_noun
strollers,carriage and,-11.53125,2,2token,incomplete_phrase
strollers,bag to,-11.53125,2,2token,not_valid_noun
strollers,_________ ...,-11.53125,2,2token,not_valid_noun
strollers,children _,-11.53125,2,2token,not_valid_noun
strollers,_ _______,-11.53125,2,2token,not_valid_noun
strollers,shopping for,-11.53125,2,2token,not_valid_noun
strollers,carrying a,-11.53125,2,2token,not_valid_noun
strollers,bike .,-11.53125,2,2token,not_valid_noun
strollers,shopping …,-11.53125,2,2token,not_valid_noun
strollers,? a,-11.53125,2,2token,not_valid_noun
strollers,_______ _____,-11.53125,2,2token,not_valid_noun
strollers,bags .,-11.53125,2,2token,not_valid_noun
strollers,wheel on,-11.53125,2,2token,not_valid_noun
strollers,_ toys,-11.53125,2,2token,not_valid_noun
strollers,_. Fill,-11.53125,2,2token,not_valid_noun
strollers,__ Complete,-11.53125,2,2token,not_valid_noun
strollers,/ type,-11.546875,2,2token,not_valid_noun
strollers,transportation complete,-11.5625,2,2token,not_valid_noun
strollers,___ The,-11.5625,2,2token,not_valid_noun
strollers,ap,-11.5625,1,single_token,not_valid_noun
strollers,... is,-11.5625,2,2token,not_valid_noun
strollers,basket for,-11.5625,2,2token,incomplete_phrase
strollers,popular,-11.5625,1,single_token,not_valid_noun
strollers,have,-11.5625,1,single_token,incomplete_phrase
strollers,be,-11.5625,1,single_token,not_valid_noun
strollers,,-11.5625,1,single_token,not_valid_noun
strollers,...... A,-11.5625,2,2token,not_valid_noun
strollers,…. Fill,-11.5625,2,2token,not_valid_noun
strollers,ra,-11.5625,1,single_token,not_valid_noun
strollers,belongings,-11.5625,1,single_token,not_valid_noun
strollers,--------------,-11.5625,1,single_token,not_valid_noun
strollers,summer,-11.5625,1,single_token,incomplete_phrase
strollers,birthday,-11.5625,1,single_token,incomplete_phrase
strollers,apar,-11.5625,1,single_token,incomplete_phrase
strollers,uses,-11.5625,1,single_token,not_valid_noun
strollers,Child,-11.5625,1,single_token,incomplete_phrase
strollers,... Show,-11.5625,2,2token,not_valid_noun
strollers,... Answer,-11.5625,2,2token,not_valid_noun
strollers,…. a,-11.5625,2,2token,not_valid_noun
strollers,... I,-11.5625,2,2token,not_valid_noun
strollers,... more,-11.5625,2,2token,not_valid_noun
strollers,an item,-11.59375,2,2token,not_valid_noun
strollers,an automobile,-11.59375,2,2token,not_valid_noun
strollers,instrument .,-11.59375,2,2token,not_valid_noun
strollers,for people,-11.59375,2,2token,not_valid_noun
strollers,child ___________,-11.59375,2,2token,not_valid_noun
strollers,child bearing,-11.59375,2,2token,incomplete_phrase
strollers,child passenger,-11.59375,2,2token,incomplete_phrase
strollers,child _________,-11.59375,2,2token,not_valid_noun
strollers,this is,-11.609375,2,2token,not_valid_noun
strollers,automatic,-11.625,1,single_token,incomplete_phrase
strollers,tall,-11.625,1,single_token,incomplete_phrase
strollers,see,-11.625,1,single_token,incomplete_phrase
strollers,!,-11.625,1,single_token,not_valid_noun
strollers,,-11.625,1,single_token,not_valid_noun
strollers,Ch,-11.625,1,single_token,not_valid_noun
strollers,easy,-11.625,1,single_token,not_valid_noun
strollers,leg,-11.625,1,single_token,incomplete_phrase
strollers,（,-11.625,1,single_token,not_valid_noun
strollers,doll .,-11.625,2,2token,not_valid_noun
strollers,Are,-11.625,1,single_token,not_valid_noun
strollers,carry -,-11.625,2,2token,not_valid_noun
strollers,rolled,-11.625,1,single_token,not_valid_noun
strollers,foldable,-11.625,1,single_token,not_valid_noun
strollers,furniture ...,-11.625,2,2token,not_valid_noun
strollers,_____ used,-11.625,2,2token,not_valid_noun
strollers,furniture that,-11.625,2,2token,incomplete_phrase
strollers,_____ In,-11.625,2,2token,not_valid_noun
strollers,_____ _________,-11.625,2,2token,not_valid_noun
strollers,… If,-11.625,2,2token,not_valid_noun
strollers,travel ...,-11.625,2,2token,not_valid_noun
strollers,travel _______,-11.625,2,2token,not_valid_noun
strollers,__________ ...,-11.625,2,2token,not_valid_noun
strollers,… -,-11.625,2,2token,not_valid_noun
strollers,… complete,-11.625,2,2token,not_valid_noun
strollers,… Translate,-11.625,2,2token,not_valid_noun
strollers,pram A,-11.640625,2,2token,not_valid_noun
strollers,________ for,-11.640625,2,2token,not_valid_noun
strollers,vehicle of,-11.640625,2,2token,not_valid_noun
strollers,________ a,-11.640625,2,2token,not_valid_noun
strollers,vehicle ____,-11.640625,2,2token,not_valid_noun
strollers,vehicle on,-11.640625,2,2token,not_valid_noun
strollers,pram The,-11.640625,2,2token,incomplete_phrase
strollers,car ___________,-11.640625,2,2token,not_valid_noun
strollers,car …,-11.640625,2,2token,not_valid_noun
strollers,stroller which,-11.640625,2,2token,incomplete_phrase
strollers,stroller A,-11.640625,2,2token,not_valid_noun
strollers,stroller _,-11.640625,2,2token,not_valid_noun
strollers,to carry,-11.640625,2,2token,not_valid_noun
strollers,wheel ...,-11.65625,2,2token,not_valid_noun
strollers,____________ Fill,-11.65625,2,2token,not_valid_noun
strollers,carriage ...,-11.65625,2,2token,not_valid_noun
strollers,___________ ________,-11.65625,2,2token,not_valid_noun
strollers,..... ?,-11.65625,2,2token,not_valid_noun
strollers,? Fill,-11.65625,2,2token,not_valid_noun
strollers,_______ a,-11.65625,2,2token,not_valid_noun
strollers,..... The,-11.65625,2,2token,not_valid_noun
strollers,? What,-11.65625,2,2token,not_valid_noun
strollers,carts .,-11.65625,2,2token,not_valid_noun
strollers,wagon or,-11.65625,2,2token,not_valid_noun
strollers,children ________,-11.65625,2,2token,not_valid_noun
strollers,_. A,-11.65625,2,2token,not_valid_noun
strollers,vehicles used,-11.65625,2,2token,incomplete_phrase
strollers,vehicles that,-11.65625,2,2token,incomplete_phrase
strollers,_ A,-11.65625,2,2token,not_valid_noun
strollers,chair that,-11.65625,2,2token,incomplete_phrase
strollers,activity .,-11.671875,2,2token,not_valid_noun
strollers,=,-11.671875,2,2token,not_valid_noun
strollers,/ of,-11.671875,2,2token,not_valid_noun
strollers,... what,-11.6875,2,2token,not_valid_noun
strollers,wheels on,-11.6875,2,2token,not_valid_noun
strollers,the word,-11.6875,2,2token,not_valid_noun
strollers,preschool,-11.6875,1,single_token,incomplete_phrase
strollers,ride Complete,-11.6875,2,2token,not_valid_noun
strollers,lunch,-11.6875,1,single_token,incomplete_phrase
strollers,buying,-11.6875,1,single_token,not_valid_noun
strollers,],-11.6875,1,single_token,not_valid_noun
strollers,Infant,-11.6875,1,single_token,incomplete_phrase
strollers,...... a,-11.6875,2,2token,not_valid_noun
strollers,.... Write,-11.6875,2,2token,not_valid_noun
strollers,.... Choose,-11.6875,2,2token,not_valid_noun
strollers,·,-11.6875,1,single_token,not_valid_noun
strollers,,-11.6875,1,single_token,not_valid_noun
strollers,suitable,-11.6875,1,single_token,not_valid_noun
strollers,fur,-11.6875,1,single_token,incomplete_phrase
strollers,XXXX,-11.6875,1,single_token,not_valid_noun
strollers,.... complete,-11.6875,2,2token,not_valid_noun
strollers,.... ?,-11.6875,2,2token,not_valid_noun
strollers,SUV,-11.6875,1,single_token,not_valid_noun
strollers,teddy,-11.6875,1,single_token,incomplete_phrase
strollers,like,-11.6875,1,single_token,incomplete_phrase
strollers,men,-11.6875,1,single_token,incomplete_phrase
strollers,uk,-11.6875,1,single_token,not_valid_noun
strollers,multi,-11.6875,1,single_token,not_valid_noun
strollers,non,-11.6875,1,single_token,not_valid_noun
strollers,your,-11.6875,1,single_token,incomplete_phrase
strollers,those,-11.6875,1,single_token,not_valid_noun
strollers,val,-11.6875,1,single_token,incomplete_phrase
strollers,Dia,-11.6875,1,single_token,not_valid_noun
strollers,convey,-11.6875,1,single_token,not_valid_noun
strollers,ana,-11.6875,1,single_token,incomplete_phrase
strollers,after,-11.6875,1,single_token,not_valid_noun
strollers,bass,-11.6875,1,single_token,incomplete_phrase
strollers,what we,-11.6875,2,2token,not_valid_noun
strollers,velo,-11.6875,1,single_token,incomplete_phrase
strollers,pets,-11.6875,1,single_token,not_valid_noun
strollers,sau,-11.6875,1,single_token,not_valid_noun
strollers,wheels that,-11.6875,2,2token,incomplete_phrase
strollers,the vehicle,-11.6875,2,2token,not_valid_noun
strollers,wheels (,-11.6875,2,2token,not_valid_noun
strollers,bul,-11.6875,1,single_token,not_valid_noun
strollers,fun for,-11.703125,2,2token,incomplete_phrase
strollers,fun .,-11.703125,2,2token,not_valid_noun
strollers,child __________,-11.71875,2,2token,not_valid_noun
strollers,conveyance for,-11.71875,2,2token,incomplete_phrase
strollers,infant .,-11.71875,2,2token,not_valid_noun
strollers,shopping push,-11.71875,2,2token,incomplete_phrase
strollers,house for,-11.71875,2,2token,incomplete_phrase
strollers,wheel ___,-11.71875,2,2token,not_valid_noun
strollers,wheel of,-11.71875,2,2token,not_valid_noun
strollers,: toys,-11.71875,2,2token,not_valid_noun
strollers,train Complete,-11.71875,2,2token,not_valid_noun
strollers,Toy .,-11.734375,2,2token,not_valid_noun
strollers,__________ __________,-11.75,2,2token,not_valid_noun
strollers,__________ A,-11.75,2,2token,not_valid_noun
strollers,__________ a,-11.75,2,2token,not_valid_noun
strollers,transport ...,-11.75,2,2token,not_valid_noun
strollers,,-11.75,1,single_token,not_valid_noun
strollers,… It,-11.75,2,2token,not_valid_noun
strollers,。,-11.75,1,single_token,not_valid_noun
strollers,tool which,-11.75,2,2token,incomplete_phrase
strollers,manual,-11.75,1,single_token,incomplete_phrase
strollers,necessary,-11.75,1,single_token,incomplete_phrase
strollers,training,-11.75,1,single_token,incomplete_phrase
strollers,hou,-11.75,1,single_token,not_valid_noun
strollers,outdoor play,-11.75,2,2token,incomplete_phrase
strollers,usa,-11.75,1,single_token,not_valid_noun
strollers,tool in,-11.75,2,2token,not_valid_noun
strollers,bebe,-11.75,1,single_token,not_valid_noun
strollers,_____ are,-11.75,2,2token,not_valid_noun
strollers,_____ __,-11.75,2,2token,not_valid_noun
strollers,_____ Choose,-11.75,2,2token,not_valid_noun
strollers,_____ -,-11.75,2,2token,not_valid_noun
strollers,_____ ___________,-11.75,2,2token,not_valid_noun
strollers,seat Complete,-11.75,2,2token,not_valid_noun
strollers,mobile baby,-11.75,2,2token,incomplete_phrase
strollers,You,-11.75,1,single_token,not_valid_noun
strollers,cari,-11.75,1,single_token,not_valid_noun
strollers,_____ I,-11.75,2,2token,not_valid_noun
strollers,video,-11.75,1,single_token,incomplete_phrase
strollers,_____ to,-11.75,2,2token,not_valid_noun
strollers,cloth for,-11.75,2,2token,incomplete_phrase
strollers,tool or,-11.75,2,2token,not_valid_noun
strollers,:.,-11.75,1,single_token,not_valid_noun
strollers,athletic,-11.75,1,single_token,not_valid_noun
strollers,[...],-11.75,1,single_token,not_valid_noun
strollers,excer,-11.75,1,single_token,not_valid_noun
strollers,food .,-11.75,2,2token,not_valid_noun
strollers,par,-11.75,1,single_token,incomplete_phrase
strollers,ro,-11.75,1,single_token,not_valid_noun
strollers,pre,-11.75,1,single_token,not_valid_noun
strollers,of toys,-11.765625,2,2token,not_valid_noun
strollers,large shopping,-11.765625,2,2token,incomplete_phrase
strollers,stroller COMPLETE,-11.765625,2,2token,not_valid_noun
strollers,stroller …,-11.765625,2,2token,not_valid_noun
strollers,car which,-11.765625,2,2token,incomplete_phrase
strollers,pram a,-11.765625,2,2token,not_valid_noun
strollers,pram COMPLETE,-11.765625,2,2token,not_valid_noun
strollers,car _________,-11.765625,2,2token,not_valid_noun
strollers,bed for,-11.765625,2,2token,incomplete_phrase
strollers,stroller by,-11.765625,2,2token,not_valid_noun
strollers,carrying .,-11.78125,2,2token,not_valid_noun
strollers,..... Read,-11.78125,2,2token,not_valid_noun
strollers,..... What,-11.78125,2,2token,not_valid_noun
strollers,_______ ?,-11.78125,2,2token,not_valid_noun
strollers,..... Choose,-11.78125,2,2token,not_valid_noun
strollers,cart with,-11.78125,2,2token,incomplete_phrase
strollers,chair (,-11.78125,2,2token,not_valid_noun
strollers,_ ______,-11.78125,2,2token,not_valid_noun
strollers,automobile (,-11.78125,2,2token,not_valid_noun
strollers,", too",-11.78125,2,2token,not_valid_noun
strollers,cart to,-11.78125,2,2token,not_valid_noun
strollers,_. What,-11.78125,2,2token,not_valid_noun
strollers,carriage to,-11.78125,2,2token,not_valid_noun
strollers,__ ____,-11.78125,2,2token,not_valid_noun
strollers,carriage _______,-11.78125,2,2token,not_valid_noun
strollers,_________ ______,-11.78125,2,2token,not_valid_noun
strollers,_.,-11.78125,2,2token,not_valid_noun
strollers,.. a,-11.8125,2,2token,not_valid_noun
strollers,Mobility,-11.8125,1,single_token,incomplete_phrase
strollers,luggage complete,-11.8125,2,2token,not_valid_noun
strollers,our,-11.8125,1,single_token,incomplete_phrase
strollers,D,-11.8125,1,single_token,not_valid_noun
strollers,?????,-11.8125,1,single_token,not_valid_noun
strollers,reusable,-11.8125,1,single_token,not_valid_noun
strollers,the pram,-11.8125,2,2token,not_valid_noun
strollers,motorized,-11.8125,1,single_token,not_valid_noun
strollers,... How,-11.8125,2,2token,not_valid_noun
strollers,... the,-11.8125,2,2token,not_valid_noun
strollers,ride in,-11.8125,2,2token,not_valid_noun
strollers,rolling baby,-11.8125,2,2token,incomplete_phrase
strollers,juvenile,-11.8125,1,single_token,incomplete_phrase
strollers,... Select,-11.8125,2,2token,not_valid_noun
strollers,... Continue,-11.8125,2,2token,not_valid_noun
strollers,buggy complete,-11.8125,2,2token,not_valid_noun
strollers,___ transportation,-11.8125,2,2token,not_valid_noun
strollers,.. Read,-11.8125,2,2token,not_valid_noun
strollers,.. A,-11.8125,2,2token,not_valid_noun
strollers,thing people,-11.8125,2,2token,incomplete_phrase
strollers,thing (,-11.8125,2,2token,not_valid_noun
strollers,gadget Complete,-11.8125,2,2token,not_valid_noun
strollers,sho,-11.8125,1,single_token,not_valid_noun
strollers,.......,-11.8125,2,2token,not_valid_noun
strollers,...... (,-11.8125,2,2token,not_valid_noun
strollers,must,-11.8125,1,single_token,incomplete_phrase
strollers,→,-11.8125,1,single_token,not_valid_noun
strollers,•,-11.8125,1,single_token,not_valid_noun
strollers,pr,-11.8125,1,single_token,not_valid_noun
strollers,thing .,-11.8125,2,2token,not_valid_noun
strollers,... are,-11.8125,2,2token,not_valid_noun
strollers,... st,-11.8125,2,2token,not_valid_noun
strollers,... [,-11.8125,2,2token,not_valid_noun
strollers,ride for,-11.8125,2,2token,not_valid_noun
strollers,tires,-11.8125,1,single_token,not_valid_noun
strollers,ic,-11.8125,1,single_token,not_valid_noun
strollers,beds,-11.8125,1,single_token,not_valid_noun
strollers,shop .,-11.84375,2,2token,not_valid_noun
strollers,child ____________,-11.84375,2,2token,not_valid_noun
strollers,shopping _,-11.84375,2,2token,not_valid_noun
strollers,an article,-11.84375,2,2token,not_valid_noun
strollers,an instrument,-11.84375,2,2token,not_valid_noun
strollers,…… complete,-11.84375,2,2token,not_valid_noun
strollers,…… (,-11.84375,2,2token,not_valid_noun
strollers,shopping ____________,-11.84375,2,2token,not_valid_noun
strollers,tools used,-11.84375,2,2token,incomplete_phrase
strollers,Toy Complete,-11.859375,2,2token,not_valid_noun
strollers,is used,-11.859375,2,2token,not_valid_noun
strollers,uh,-11.875,1,single_token,not_valid_noun
strollers,handy,-11.875,1,single_token,incomplete_phrase
strollers,(...),-11.875,1,single_token,not_valid_noun
strollers,young,-11.875,1,single_token,incomplete_phrase
strollers,… They,-11.875,2,2token,not_valid_noun
strollers,__________ _______,-11.875,2,2token,not_valid_noun
strollers,__________ ___________,-11.875,2,2token,not_valid_noun
strollers,assis,-11.875,1,single_token,incomplete_phrase
strollers,transport Read,-11.875,2,2token,not_valid_noun
strollers,toys or,-11.875,2,2token,not_valid_noun
strollers,which are,-11.875,2,2token,not_valid_noun
strollers,"...""",-11.875,1,single_token,not_valid_noun
strollers,().,-11.875,1,single_token,not_valid_noun
strollers,hospital,-11.875,1,single_token,incomplete_phrase
strollers,running,-11.875,1,single_token,incomplete_phrase
strollers,spare,-11.875,1,single_token,incomplete_phrase
strollers,so,-11.875,1,single_token,not_valid_noun
strollers,?...,-11.875,1,single_token,not_valid_noun
strollers,وسی,-11.875,1,single_token,not_valid_noun
strollers,¬,-11.875,1,single_token,not_valid_noun
strollers,whee,-11.875,1,single_token,incomplete_phrase
strollers,office,-11.875,1,single_token,incomplete_phrase
strollers,,-11.875,1,single_token,not_valid_noun
strollers,,-11.875,1,single_token,not_valid_noun
strollers,_____ equipment,-11.875,2,2token,not_valid_noun
strollers,portable ____,-11.875,2,2token,not_valid_noun
strollers,portable ______,-11.875,2,2token,not_valid_noun
strollers,_____,-11.875,2,2token,not_valid_noun
strollers,........ (,-11.875,2,2token,not_valid_noun
strollers,stroller ….,-11.890625,2,2token,not_valid_noun
strollers,stroller ___________,-11.890625,2,2token,not_valid_noun
strollers,stroller of,-11.890625,2,2token,not_valid_noun
strollers,stroller Comple,-11.890625,2,2token,incomplete_phrase
strollers,stroller /,-11.890625,2,2token,not_valid_noun
strollers,pram used,-11.890625,2,2token,incomplete_phrase
strollers,vehicle _____,-11.890625,2,2token,not_valid_noun
strollers,pram .....,-11.890625,2,2token,not_valid_noun
strollers,vehicle and,-11.890625,2,2token,incomplete_phrase
strollers,vehicle a,-11.890625,2,2token,not_valid_noun
strollers,________ ?,-11.890625,2,2token,not_valid_noun
strollers,________,-11.890625,2,2token,not_valid_noun
strollers,of stroller,-11.890625,2,2token,not_valid_noun
strollers,cart ________,-11.90625,2,2token,not_valid_noun
strollers,_________ ___________,-11.90625,2,2token,not_valid_noun
strollers,_________ car,-11.90625,2,2token,not_valid_noun
strollers,? The,-11.90625,2,2token,not_valid_noun
strollers,..... complete,-11.90625,2,2token,not_valid_noun
strollers,_. a,-11.90625,2,2token,not_valid_noun
strollers,carriage in,-11.90625,2,2token,not_valid_noun
strollers,_ vehicle,-11.90625,2,2token,not_valid_noun
strollers,__ (,-11.90625,2,2token,not_valid_noun
strollers,children,-11.90625,2,2token,incomplete_phrase
strollers,bag complete,-11.90625,2,2token,not_valid_noun
strollers,bag used,-11.90625,2,2token,incomplete_phrase
strollers,", the",-11.90625,2,2token,not_valid_noun
strollers,automobile for,-11.90625,2,2token,incomplete_phrase
strollers,",",-11.90625,2,2token,not_valid_noun
strollers,automobile complete,-11.90625,2,2token,not_valid_noun
strollers,carriage with,-11.90625,2,2token,incomplete_phrase
strollers,carts for,-11.90625,2,2token,incomplete_phrase
strollers,_. complete,-11.90625,2,2token,not_valid_noun
strollers,_. The,-11.90625,2,2token,not_valid_noun
strollers,_. Write,-11.90625,2,2token,not_valid_noun
strollers,= .,-11.921875,2,2token,not_valid_noun
strollers,,-11.9375,1,single_token,not_valid_noun
strollers,por,-11.9375,1,single_token,not_valid_noun
strollers,hand held,-11.9375,2,2token,incomplete_phrase
strollers,transportation ...,-11.9375,2,2token,not_valid_noun
strollers,luggage (,-11.9375,2,2token,not_valid_noun
strollers,.... ...,-11.9375,2,2token,not_valid_noun
strollers,product Complete,-11.9375,2,2token,not_valid_noun
strollers,___ car,-11.9375,2,2token,not_valid_noun
strollers,collapsible,-11.9375,1,single_token,not_valid_noun
strollers,... and,-11.9375,2,2token,not_valid_noun
strollers,plural,-11.9375,1,single_token,incomplete_phrase
strollers,... We,-11.9375,2,2token,not_valid_noun
strollers,... See,-11.9375,2,2token,not_valid_noun
strollers,...... ?,-11.9375,2,2token,not_valid_noun
strollers,___ What,-11.9375,2,2token,not_valid_noun
strollers,[].,-11.9375,1,single_token,not_valid_noun
strollers,…. Read,-11.9375,2,2token,not_valid_noun
strollers,the wheel,-11.9375,2,2token,not_valid_noun
strollers,A car,-11.9375,2,2token,not_valid_noun
strollers,frames,-11.9375,1,single_token,not_valid_noun
strollers,ski,-11.9375,1,single_token,incomplete_phrase
strollers,wheels used,-11.9375,2,2token,incomplete_phrase
strollers,pe,-11.9375,1,single_token,not_valid_noun
strollers,cooking,-11.9375,1,single_token,incomplete_phrase
strollers,take,-11.9375,1,single_token,incomplete_phrase
strollers,When,-11.9375,1,single_token,not_valid_noun
strollers,vac,-11.9375,1,single_token,not_valid_noun
strollers,mo,-11.9375,1,single_token,not_valid_noun
strollers,to buy,-11.953125,2,2token,not_valid_noun
strollers,c .,-11.953125,2,2token,not_valid_noun
strollers,: A,-11.96875,2,2token,not_valid_noun
strollers,The following,-11.96875,2,2token,not_valid_noun
strollers,shop for,-11.96875,2,2token,not_valid_noun
strollers,babies .,-11.96875,2,2token,not_valid_noun
strollers,…… A,-11.96875,2,2token,not_valid_noun
strollers,…… a,-11.96875,2,2token,not_valid_noun
strollers,child …,-11.96875,2,2token,not_valid_noun
strollers,wheel a,-11.96875,2,2token,not_valid_noun
strollers,wheel with,-11.96875,2,2token,incomplete_phrase
strollers,accessory (,-11.96875,2,2token,not_valid_noun
strollers,: stroller,-11.96875,2,2token,not_valid_noun
strollers,house .,-11.96875,2,2token,not_valid_noun
strollers,: transportation,-11.96875,2,2token,not_valid_noun
strollers,: (,-11.96875,2,2token,not_valid_noun
strollers,wheel _____,-11.96875,2,2token,not_valid_noun
strollers,accessory in,-11.96875,2,2token,not_valid_noun
strollers,wheel which,-11.96875,2,2token,incomplete_phrase
strollers,wheel is,-11.96875,2,2token,not_valid_noun
strollers,are you,-11.96875,2,2token,not_valid_noun
strollers,play .,-11.96875,2,2token,not_valid_noun
strollers,instrument that,-11.96875,2,2token,incomplete_phrase
strollers,( toy,-11.96875,2,2token,not_valid_noun
strollers,for the,-11.96875,2,2token,not_valid_noun
strollers,( ).,-11.96875,2,2token,not_valid_noun
strollers,The complete,-11.96875,2,2token,not_valid_noun
strollers,for shopping,-11.96875,2,2token,not_valid_noun
strollers,The answer,-11.96875,2,2token,not_valid_noun
strollers,trolley ________,-11.96875,2,2token,not_valid_noun
strollers,help with,-12.0,2,2token,not_valid_noun
strollers,food for,-12.0,2,2token,incomplete_phrase
strollers,carry (,-12.0,2,2token,not_valid_noun
strollers,furniture ....,-12.0,2,2token,not_valid_noun
strollers,carry _____,-12.0,2,2token,not_valid_noun
strollers,educational,-12.0,1,single_token,not_valid_noun
strollers,shel,-12.0,1,single_token,incomplete_phrase
strollers,of furniture,-12.0,2,2token,not_valid_noun
strollers,of shopping,-12.0,2,2token,not_valid_noun
strollers,bicycle ________,-12.0,2,2token,not_valid_noun
strollers,classroom,-12.0,1,single_token,incomplete_phrase
strollers,hous,-12.0,1,single_token,incomplete_phrase
strollers,emergency,-12.0,1,single_token,incomplete_phrase
strollers,alternative,-12.0,1,single_token,incomplete_phrase
strollers,hands,-12.0,1,single_token,not_valid_noun
strollers,Which,-12.0,1,single_token,not_valid_noun
strollers,legs,-12.0,1,single_token,not_valid_noun
strollers,relax,-12.0,1,single_token,not_valid_noun
strollers,shipping,-12.0,1,single_token,incomplete_phrase
strollers,coo,-12.0,1,single_token,incomplete_phrase
strollers,blankets,-12.0,1,single_token,not_valid_noun
strollers,childhood,-12.0,1,single_token,incomplete_phrase
strollers,push for,-12.0,2,2token,not_valid_noun
strollers,of children,-12.0,2,2token,not_valid_noun
strollers,‘,-12.0,1,single_token,not_valid_noun
strollers,of of,-12.0,2,2token,not_valid_noun
strollers,women,-12.0,1,single_token,not_valid_noun
strollers,bra,-12.0,1,single_token,incomplete_phrase
strollers,push ...,-12.0,2,2token,not_valid_noun
strollers,●,-12.0,1,single_token,not_valid_noun
strollers,*.,-12.0,1,single_token,not_valid_noun
strollers,inanimate,-12.0,1,single_token,not_valid_noun
strollers,CHILDREN,-12.0,1,single_token,incomplete_phrase
strollers,her,-12.0,1,single_token,not_valid_noun
strollers,super,-12.0,1,single_token,incomplete_phrase
strollers,old,-12.0,1,single_token,incomplete_phrase
strollers,… ?,-12.0,2,2token,not_valid_noun
strollers,carry ______,-12.0,2,2token,not_valid_noun
strollers,… To,-12.0,2,2token,not_valid_noun
strollers,travel baby,-12.0,2,2token,incomplete_phrase
strollers,__________ car,-12.0,2,2token,not_valid_noun
strollers,carriages for,-12.0,2,2token,incomplete_phrase
strollers,… [,-12.0,2,2token,not_valid_noun
strollers,portable child,-12.0,2,2token,incomplete_phrase
strollers,_____ is,-12.0,2,2token,not_valid_noun
strollers,cal,-12.0,1,single_token,not_valid_noun
strollers,_____ Read,-12.0,2,2token,not_valid_noun
strollers,looking,-12.0,1,single_token,incomplete_phrase
strollers,"_____ ,",-12.0,2,2token,not_valid_noun
strollers,_____ Select,-12.0,2,2token,not_valid_noun
strollers,_____ vehicle,-12.0,2,2token,not_valid_noun
strollers,of equipment,-12.0,2,2token,not_valid_noun
strollers,_____ transport,-12.0,2,2token,not_valid_noun
strollers,Why,-12.0,1,single_token,not_valid_noun
strollers,activities,-12.0,1,single_token,not_valid_noun
strollers,books,-12.0,1,single_token,not_valid_noun
strollers,Ve,-12.0,1,single_token,not_valid_noun
strollers,push …,-12.0,2,2token,not_valid_noun
strollers,physical,-12.0,1,single_token,not_valid_noun
strollers,sk,-12.0,1,single_token,not_valid_noun
strollers,first,-12.0,1,single_token,incomplete_phrase
strollers,un,-12.0,1,single_token,not_valid_noun
strollers,as,-12.0,1,single_token,not_valid_noun
strollers,day,-12.0,1,single_token,incomplete_phrase
strollers,stor,-12.0,1,single_token,not_valid_noun
strollers,um,-12.0,1,single_token,not_valid_noun
strollers,pram Fill,-12.015625,2,2token,not_valid_noun
strollers,pram [,-12.015625,2,2token,not_valid_noun
strollers,vehicle -,-12.015625,2,2token,not_valid_noun
strollers,pram :,-12.015625,2,2token,not_valid_noun
strollers,stroller the,-12.015625,2,2token,incomplete_phrase
strollers,stroller on,-12.015625,2,2token,not_valid_noun
strollers,stroller :,-12.015625,2,2token,not_valid_noun
strollers,________,-12.015625,2,2token,not_valid_noun
strollers,________ that,-12.015625,2,2token,not_valid_noun
strollers,bag with,-12.03125,2,2token,not_valid_noun
strollers,appliance .,-12.03125,2,2token,not_valid_noun
strollers,______ car,-12.03125,2,2token,not_valid_noun
strollers,______ ...,-12.03125,2,2token,not_valid_noun
strollers,bag of,-12.03125,2,2token,not_valid_noun
strollers,fruit Complete,-12.03125,2,2token,not_valid_noun
strollers,", (",-12.03125,2,2token,not_valid_noun
strollers,", they",-12.03125,2,2token,not_valid_noun
strollers,_________ ?,-12.03125,2,2token,not_valid_noun
strollers,vehicles (,-12.03125,2,2token,not_valid_noun
strollers,____ _____,-12.03125,2,2token,not_valid_noun
strollers,____ a,-12.03125,2,2token,not_valid_noun
strollers,_________ of,-12.03125,2,2token,not_valid_noun
strollers,_________ The,-12.03125,2,2token,not_valid_noun
strollers,..... Write,-12.03125,2,2token,not_valid_noun
strollers,____ A,-12.03125,2,2token,not_valid_noun
strollers,? car,-12.03125,2,2token,not_valid_noun
strollers,object (,-12.03125,2,2token,not_valid_noun
strollers,_ ?,-12.03125,2,2token,not_valid_noun
strollers,carriage ____,-12.03125,2,2token,not_valid_noun
strollers,carriage ______,-12.03125,2,2token,not_valid_noun
strollers,cart _______,-12.03125,2,2token,not_valid_noun
strollers,sport (,-12.03125,2,2token,not_valid_noun
strollers,_________ transportation,-12.03125,2,2token,not_valid_noun
strollers,children are,-12.03125,2,2token,incomplete_phrase
strollers,children ____,-12.03125,2,2token,not_valid_noun
strollers,_ The,-12.03125,2,2token,not_valid_noun
strollers,something that,-12.046875,2,2token,incomplete_phrase
strollers,transportation on,-12.0625,2,2token,not_valid_noun
strollers,container that,-12.0625,2,2token,incomplete_phrase
strollers,container used,-12.0625,2,2token,incomplete_phrase
strollers,what are,-12.0625,2,2token,not_valid_noun
strollers,what .,-12.0625,2,2token,not_valid_noun
strollers,making,-12.0625,1,single_token,incomplete_phrase
strollers,basket .,-12.0625,2,2token,not_valid_noun
strollers,- (,-12.0625,2,2token,not_valid_noun
strollers,Travel,-12.0625,1,single_token,incomplete_phrase
strollers,bedroom,-12.0625,1,single_token,incomplete_phrase
strollers,…. Choose,-12.0625,2,2token,not_valid_noun
strollers,red,-12.0625,1,single_token,not_valid_noun
strollers,fold,-12.0625,1,single_token,incomplete_phrase
strollers,woman,-12.0625,1,single_token,incomplete_phrase
strollers,___ COMPLETE,-12.0625,2,2token,not_valid_noun
strollers,___ ?,-12.0625,2,2token,not_valid_noun
strollers,___ ..,-12.0625,2,2token,not_valid_noun
strollers,…. Write,-12.0625,2,2token,not_valid_noun
strollers,pa,-12.0625,1,single_token,not_valid_noun
strollers,at,-12.0625,1,single_token,not_valid_noun
strollers,... Translate,-12.0625,2,2token,not_valid_noun
strollers,w,-12.0625,1,single_token,not_valid_noun
strollers,App,-12.0625,1,single_token,not_valid_noun
strollers,... View,-12.0625,2,2token,not_valid_noun
strollers,... An,-12.0625,2,2token,not_valid_noun
strollers,ca,-12.0625,1,single_token,not_valid_noun
strollers,),-12.0625,1,single_token,not_valid_noun
strollers,... This,-12.0625,2,2token,not_valid_noun
strollers,"... ,",-12.0625,2,2token,not_valid_noun
strollers,product .,-12.0625,2,2token,not_valid_noun
strollers,to go,-12.078125,2,2token,not_valid_noun
strollers,to the,-12.078125,2,2token,not_valid_noun
strollers,people Complete,-12.078125,2,2token,not_valid_noun
strollers,trolley that,-12.09375,2,2token,incomplete_phrase
strollers,trolley with,-12.09375,2,2token,incomplete_phrase
strollers,shopping pra,-12.09375,2,2token,incomplete_phrase
strollers,trolley is,-12.09375,2,2token,not_valid_noun
strollers,an infant,-12.09375,2,2token,not_valid_noun
strollers,accessory used,-12.09375,2,2token,incomplete_phrase
strollers,for adults,-12.09375,2,2token,not_valid_noun
strollers,for walking,-12.09375,2,2token,not_valid_noun
strollers,( a,-12.09375,2,2token,not_valid_noun
strollers,: Choose,-12.09375,2,2token,not_valid_noun
strollers,shops Complete,-12.09375,2,2token,not_valid_noun
strollers,small wheel,-12.09375,2,2token,incomplete_phrase
strollers,house hold,-12.09375,2,2token,incomplete_phrase
strollers,house Complete,-12.09375,2,2token,not_valid_noun
strollers,scooter Complete,-12.09375,2,2token,not_valid_noun
strollers,tools to,-12.09375,2,2token,not_valid_noun
strollers,carrier (,-12.09375,2,2token,not_valid_noun
strollers,an umbrella,-12.09375,2,2token,not_valid_noun
strollers,wheel ....,-12.09375,2,2token,not_valid_noun
strollers,bicycles Complete,-12.09375,2,2token,not_valid_noun
strollers,help to,-12.125,2,2token,not_valid_noun
strollers,of the,-12.125,2,2token,not_valid_noun
strollers,__________ transportation,-12.125,2,2token,not_valid_noun
strollers,carry _______,-12.125,2,2token,not_valid_noun
strollers,device .,-12.125,2,2token,not_valid_noun
strollers,transport on,-12.125,2,2token,not_valid_noun
strollers,........ A,-12.125,2,2token,not_valid_noun
strollers,supplies,-12.125,1,single_token,not_valid_noun
strollers,designer,-12.125,1,single_token,incomplete_phrase
strollers,instruments,-12.125,1,single_token,not_valid_noun
strollers,***,-12.125,1,single_token,not_valid_noun
strollers,,-12.125,1,single_token,not_valid_noun
strollers,lifestyle,-12.125,1,single_token,not_valid_noun
strollers,measuring,-12.125,1,single_token,incomplete_phrase
strollers,........ The,-12.125,2,2token,not_valid_noun
strollers,__________ ____,-12.125,2,2token,not_valid_noun
strollers,furniture or,-12.125,2,2token,not_valid_noun
strollers,… St,-12.125,2,2token,not_valid_noun
strollers,equipment you,-12.125,2,2token,incomplete_phrase
strollers,equipment which,-12.125,2,2token,incomplete_phrase
strollers,who,-12.125,1,single_token,not_valid_noun
strollers,........ a,-12.125,2,2token,not_valid_noun
strollers,travel _,-12.125,2,2token,not_valid_noun
strollers,push a,-12.125,2,2token,not_valid_noun
strollers,cars,-12.125,2,2token,not_valid_noun
strollers,cars (,-12.125,2,2token,not_valid_noun
strollers,Our,-12.125,1,single_token,incomplete_phrase
strollers,TV,-12.125,1,single_token,not_valid_noun
strollers,outside,-12.125,1,single_token,incomplete_phrase
strollers,+,-12.125,1,single_token,not_valid_noun
strollers,Er,-12.125,1,single_token,not_valid_noun
strollers,ba,-12.125,1,single_token,not_valid_noun
strollers,,-12.125,1,single_token,not_valid_noun
strollers,sh,-12.125,1,single_token,not_valid_noun
strollers,She,-12.125,1,single_token,not_valid_noun
strollers,ob,-12.125,1,single_token,not_valid_noun
strollers,exer,-12.125,1,single_token,not_valid_noun
strollers,bicycle with,-12.125,2,2token,incomplete_phrase
strollers,vehicle designed,-12.140625,2,2token,incomplete_phrase
strollers,________ A,-12.140625,2,2token,not_valid_noun
strollers,vehicle Read,-12.140625,2,2token,not_valid_noun
strollers,pram Which,-12.140625,2,2token,incomplete_phrase
strollers,pram are,-12.140625,2,2token,incomplete_phrase
strollers,pram _.,-12.140625,2,2token,not_valid_noun
strollers,pram ..,-12.140625,2,2token,not_valid_noun
strollers,large push,-12.140625,2,2token,incomplete_phrase
strollers,bike for,-12.15625,2,2token,incomplete_phrase
strollers,_ _____,-12.15625,2,2token,not_valid_noun
strollers,_ bike,-12.15625,2,2token,not_valid_noun
strollers,What can,-12.15625,2,2token,not_valid_noun
strollers,______ The,-12.15625,2,2token,not_valid_noun
strollers,______ toy,-12.15625,2,2token,not_valid_noun
strollers,shopping ....,-12.15625,2,2token,not_valid_noun
strollers,bag and,-12.15625,2,2token,incomplete_phrase
strollers,wheel ____________,-12.15625,2,2token,not_valid_noun
strollers,", such",-12.15625,2,2token,not_valid_noun
strollers,What type,-12.15625,2,2token,not_valid_noun
strollers,______ COMPLETE,-12.15625,2,2token,not_valid_noun
strollers,______ ....,-12.15625,2,2token,not_valid_noun
strollers,_______ The,-12.15625,2,2token,not_valid_noun
strollers,bag in,-12.15625,2,2token,not_valid_noun
strollers,_________ _.,-12.15625,2,2token,not_valid_noun
strollers,transportation Read,-12.15625,2,2token,not_valid_noun
strollers,_________ ____________,-12.15625,2,2token,not_valid_noun
strollers,cart ...,-12.15625,2,2token,not_valid_noun
strollers,cart and,-12.15625,2,2token,incomplete_phrase
strollers,item .,-12.15625,2,2token,not_valid_noun
strollers,carriage ....,-12.15625,2,2token,not_valid_noun
strollers,transportation and,-12.15625,2,2token,incomplete_phrase
strollers,______ ?,-12.15625,2,2token,not_valid_noun
strollers,_ transport,-12.15625,2,2token,not_valid_noun
strollers,_______ car,-12.15625,2,2token,not_valid_noun
strollers,_______ of,-12.15625,2,2token,not_valid_noun
strollers,_ What,-12.15625,2,2token,not_valid_noun
strollers,...........,-12.171875,2,2token,not_valid_noun
strollers,/ are,-12.171875,2,2token,not_valid_noun
strollers,... food,-12.1875,2,2token,not_valid_noun
strollers,... in,-12.1875,2,2token,not_valid_noun
strollers,the child,-12.1875,2,2token,not_valid_noun
strollers,... To,-12.1875,2,2token,not_valid_noun
strollers,A kind,-12.1875,2,2token,not_valid_noun
strollers,gadget that,-12.1875,2,2token,incomplete_phrase
strollers,umbrella for,-12.1875,2,2token,incomplete_phrase
strollers,grocery .,-12.1875,2,2token,not_valid_noun
strollers,what,-12.1875,2,2token,not_valid_noun
strollers,.. complete,-12.1875,2,2token,not_valid_noun
strollers,___ are,-12.1875,2,2token,not_valid_noun
strollers,…. (,-12.1875,2,2token,not_valid_noun
strollers,thing on,-12.1875,2,2token,not_valid_noun
strollers,___ that,-12.1875,2,2token,not_valid_noun
strollers,ride on,-12.1875,2,2token,not_valid_noun
strollers,…. .,-12.1875,2,2token,not_valid_noun
strollers,…. In,-12.1875,2,2token,not_valid_noun
strollers,thing which,-12.1875,2,2token,incomplete_phrase
strollers,thing in,-12.1875,2,2token,not_valid_noun
strollers,The Complete,-12.21875,2,2token,not_valid_noun
strollers,: :,-12.21875,2,2token,not_valid_noun
strollers,sports,-12.21875,2,2token,incomplete_phrase
strollers,………… Complete,-12.21875,2,2token,not_valid_noun
strollers,………… .,-12.21875,2,2token,not_valid_noun
strollers,babies are,-12.21875,2,2token,incomplete_phrase
strollers,babys .,-12.21875,2,2token,not_valid_noun
strollers,an appliance,-12.21875,2,2token,not_valid_noun
strollers,furniture and,-12.21875,2,2token,incomplete_phrase
strollers,trolley ...,-12.21875,2,2token,not_valid_noun
strollers,furniture to,-12.21875,2,2token,not_valid_noun
strollers,wheel the,-12.21875,2,2token,incomplete_phrase
strollers,small baby,-12.21875,2,2token,incomplete_phrase
strollers,childrens play,-12.234375,2,2token,incomplete_phrase
strollers,supermarket shopping,-12.234375,2,2token,incomplete_phrase
strollers,is the,-12.234375,2,2token,not_valid_noun
strollers,is Complete,-12.234375,2,2token,not_valid_noun
strollers,coats,-12.25,1,single_token,not_valid_noun
strollers,boats,-12.25,1,single_token,not_valid_noun
strollers,hand .,-12.25,2,2token,not_valid_noun
strollers,__________ of,-12.25,2,2token,not_valid_noun
strollers,Many,-12.25,1,single_token,not_valid_noun
strollers,transport of,-12.25,2,2token,not_valid_noun
strollers,toys in,-12.25,2,2token,not_valid_noun
strollers,parental,-12.25,1,single_token,not_valid_noun
strollers,__________ ______,-12.25,2,2token,not_valid_noun
strollers,__________ ____________,-12.25,2,2token,not_valid_noun
strollers,another,-12.25,1,single_token,incomplete_phrase
strollers,■,-12.25,1,single_token,not_valid_noun
strollers,boys,-12.25,1,single_token,not_valid_noun
strollers,parked,-12.25,1,single_token,not_valid_noun
strollers,… Show,-12.25,2,2token,not_valid_noun
strollers,… An,-12.25,2,2token,not_valid_noun
strollers,maternity,-12.25,1,single_token,incomplete_phrase
strollers,xy,-12.25,1,single_token,not_valid_noun
strollers,motorbike,-12.25,1,single_token,not_valid_noun
strollers,__________ The,-12.25,2,2token,not_valid_noun
strollers,tool you,-12.25,2,2token,incomplete_phrase
strollers,… See,-12.25,2,2token,not_valid_noun
strollers,su,-12.25,1,single_token,not_valid_noun
strollers,portable _____,-12.25,2,2token,not_valid_noun
strollers,wheelchair .,-12.25,2,2token,not_valid_noun
strollers,power,-12.25,1,single_token,incomplete_phrase
strollers,than,-12.25,1,single_token,not_valid_noun
strollers,portable carry,-12.25,2,2token,incomplete_phrase
strollers,transport ________,-12.25,2,2token,not_valid_noun
strollers,toys ...,-12.25,2,2token,not_valid_noun
strollers,Other,-12.25,1,single_token,not_valid_noun
strollers,bad,-12.25,1,single_token,incomplete_phrase
strollers,toys to,-12.25,2,2token,not_valid_noun
strollers,li,-12.25,1,single_token,not_valid_noun
strollers,pram …,-12.265625,2,2token,not_valid_noun
strollers,pram Read,-12.265625,2,2token,not_valid_noun
strollers,vehicle Fill,-12.265625,2,2token,not_valid_noun
strollers,_______ _________,-12.28125,2,2token,not_valid_noun
strollers,_________,-12.28125,2,2token,not_valid_noun
strollers,____ for,-12.28125,2,2token,not_valid_noun
strollers,? ...,-12.28125,2,2token,not_valid_noun
strollers,______ that,-12.28125,2,2token,not_valid_noun
strollers,? ________,-12.28125,2,2token,not_valid_noun
strollers,_________ ____,-12.28125,2,2token,not_valid_noun
strollers,wagon (,-12.28125,2,2token,not_valid_noun
strollers,cart ______,-12.28125,2,2token,not_valid_noun
strollers,carriage which,-12.28125,2,2token,incomplete_phrase
strollers,cart ....,-12.28125,2,2token,not_valid_noun
strollers,item on,-12.28125,2,2token,not_valid_noun
strollers,cart ____,-12.28125,2,2token,not_valid_noun
strollers,sport for,-12.28125,2,2token,incomplete_phrase
strollers,cart which,-12.28125,2,2token,incomplete_phrase
strollers,object of,-12.28125,2,2token,not_valid_noun
strollers,handbag Complete,-12.28125,2,2token,not_valid_noun
strollers,children play,-12.28125,2,2token,incomplete_phrase
strollers,____________ ____________,-12.28125,2,2token,not_valid_noun
strollers,bag which,-12.28125,2,2token,incomplete_phrase
strollers,chair used,-12.28125,2,2token,incomplete_phrase
strollers,_________ _,-12.28125,2,2token,not_valid_noun
strollers,_________ __________,-12.28125,2,2token,not_valid_noun
strollers,/ an,-12.296875,2,2token,not_valid_noun
strollers,.... Select,-12.3125,2,2token,not_valid_noun
strollers,forms,-12.3125,1,single_token,not_valid_noun
strollers,pictures,-12.3125,1,single_token,not_valid_noun
strollers,available,-12.3125,1,single_token,not_valid_noun
strollers,push (,-12.3125,2,2token,not_valid_noun
strollers,...... Fill,-12.3125,2,2token,not_valid_noun
strollers,___ ....,-12.3125,2,2token,not_valid_noun
strollers,universal,-12.3125,1,single_token,incomplete_phrase
strollers,",.",-12.3125,1,single_token,not_valid_noun
strollers,CHILD,-12.3125,1,single_token,incomplete_phrase
strollers,.-,-12.3125,1,single_token,not_valid_noun
strollers,_:,-12.3125,1,single_token,not_valid_noun
strollers,moveable,-12.3125,1,single_token,not_valid_noun
strollers,fashionable,-12.3125,1,single_token,not_valid_noun
strollers,...... complete,-12.3125,2,2token,not_valid_noun
strollers,~,-12.3125,1,single_token,not_valid_noun
strollers,cl,-12.3125,1,single_token,not_valid_noun
strollers,electrical,-12.3125,1,single_token,not_valid_noun
strollers,pur,-12.3125,1,single_token,incomplete_phrase
strollers,F,-12.3125,1,single_token,not_valid_noun
strollers,qu,-12.3125,1,single_token,not_valid_noun
strollers,us,-12.3125,1,single_token,not_valid_noun
strollers,has,-12.3125,1,single_token,not_valid_noun
strollers,propelled,-12.3125,1,single_token,not_valid_noun
strollers,the toy,-12.3125,2,2token,not_valid_noun
strollers,﻿,-12.3125,1,single_token,not_valid_noun
strollers,.. Fill,-12.3125,2,2token,not_valid_noun
strollers,... There,-12.3125,2,2token,not_valid_noun
strollers,Anna,-12.3125,1,single_token,incomplete_phrase
strollers,- a,-12.3125,2,2token,not_valid_noun
strollers,hip,-12.3125,1,single_token,incomplete_phrase
strollers,sw,-12.3125,1,single_token,not_valid_noun
strollers,container to,-12.3125,2,2token,not_valid_noun
strollers,type .,-12.3125,2,2token,not_valid_noun
strollers,land,-12.3125,1,single_token,incomplete_phrase
strollers,,-12.3125,1,single_token,not_valid_noun
strollers,[…],-12.3125,1,single_token,not_valid_noun
strollers,modes,-12.3125,1,single_token,not_valid_noun
strollers,tob,-12.3125,1,single_token,not_valid_noun
strollers,.. What,-12.3125,2,2token,not_valid_noun
strollers,newborn,-12.3125,1,single_token,not_valid_noun
strollers,A complete,-12.3125,2,2token,not_valid_noun
strollers,stationary,-12.3125,1,single_token,not_valid_noun
strollers,.... I,-12.3125,2,2token,not_valid_noun
strollers,folded,-12.3125,1,single_token,not_valid_noun
strollers,(((,-12.3125,1,single_token,not_valid_noun
strollers,tras,-12.3125,1,single_token,not_valid_noun
strollers,member,-12.3125,1,single_token,incomplete_phrase
strollers,job,-12.3125,1,single_token,not_valid_noun
strollers,simple,-12.3125,1,single_token,incomplete_phrase
strollers,.. ?,-12.3125,2,2token,not_valid_noun
strollers,helpful,-12.3125,1,single_token,not_valid_noun
strollers,dol,-12.3125,1,single_token,incomplete_phrase
strollers,domestic,-12.3125,1,single_token,incomplete_phrase
strollers,tools that,-12.34375,2,2token,incomplete_phrase
strollers,babies accessories,-12.34375,2,2token,not_valid_noun
strollers,: baby,-12.34375,2,2token,not_valid_noun
strollers,: ________,-12.34375,2,2token,not_valid_noun
strollers,( ________,-12.34375,2,2token,not_valid_noun
strollers,for infants,-12.34375,2,2token,not_valid_noun
strollers,trolley _______,-12.34375,2,2token,not_valid_noun
strollers,( baby,-12.34375,2,2token,not_valid_noun
strollers,trolley Completed,-12.34375,2,2token,not_valid_noun
strollers,transport or,-12.375,2,2token,not_valid_noun
strollers,kids play,-12.375,2,2token,incomplete_phrase
strollers,equipment at,-12.375,2,2token,not_valid_noun
strollers,device which,-12.375,2,2token,incomplete_phrase
strollers,coche,-12.375,1,single_token,not_valid_noun
strollers,aids,-12.375,1,single_token,not_valid_noun
strollers,helpers,-12.375,1,single_token,not_valid_noun
strollers,accompany,-12.375,1,single_token,not_valid_noun
strollers,travel …,-12.375,2,2token,not_valid_noun
strollers,chairs Complete,-12.375,2,2token,not_valid_noun
strollers,scooters,-12.375,1,single_token,not_valid_noun
strollers,jog,-12.375,1,single_token,incomplete_phrase
strollers,adults,-12.375,1,single_token,not_valid_noun
strollers,eating,-12.375,1,single_token,incomplete_phrase
strollers,__________ _________,-12.375,2,2token,not_valid_noun
strollers,portable push,-12.375,2,2token,incomplete_phrase
strollers,__________ _,-12.375,2,2token,not_valid_noun
strollers,portable infant,-12.375,2,2token,incomplete_phrase
strollers,portable _______,-12.375,2,2token,not_valid_noun
strollers,nursery .,-12.375,2,2token,not_valid_noun
strollers,portable,-12.375,2,2token,incomplete_phrase
strollers,push _,-12.375,2,2token,not_valid_noun
strollers,__________ ?,-12.375,2,2token,not_valid_noun
strollers,__________ that,-12.375,2,2token,not_valid_noun
strollers,push or,-12.375,2,2token,not_valid_noun
strollers,push me,-12.375,2,2token,not_valid_noun
strollers,push ___,-12.375,2,2token,not_valid_noun
strollers,Sports,-12.375,1,single_token,incomplete_phrase
strollers,… For,-12.375,2,2token,not_valid_noun
strollers,of travel,-12.375,2,2token,not_valid_noun
strollers,travel acc,-12.375,2,2token,incomplete_phrase
strollers,travel c,-12.375,2,2token,not_valid_noun
strollers,walks,-12.375,1,single_token,not_valid_noun
strollers,,-12.375,1,single_token,not_valid_noun
strollers,fa,-12.375,1,single_token,not_valid_noun
strollers,Is,-12.375,1,single_token,not_valid_noun
strollers,Tra,-12.375,1,single_token,incomplete_phrase
strollers,general,-12.375,1,single_token,incomplete_phrase
strollers,past,-12.375,1,single_token,incomplete_phrase
strollers,ur,-12.375,1,single_token,not_valid_noun
strollers,bread,-12.375,1,single_token,not_valid_noun
strollers,ways,-12.375,1,single_token,incomplete_phrase
strollers,`,-12.375,1,single_token,not_valid_noun
strollers,there,-12.375,1,single_token,incomplete_phrase
strollers,col,-12.375,1,single_token,incomplete_phrase
strollers,bo,-12.375,1,single_token,not_valid_noun
strollers,po,-12.375,1,single_token,not_valid_noun
strollers,ha,-12.375,1,single_token,not_valid_noun
strollers,carry ___,-12.375,2,2token,not_valid_noun
strollers,.........,-12.375,2,2token,not_valid_noun
strollers,racing,-12.375,1,single_token,incomplete_phrase
strollers,protective,-12.375,1,single_token,not_valid_noun
strollers,).,-12.375,1,single_token,not_valid_noun
strollers,________ Complete,-12.390625,2,2token,not_valid_noun
strollers,pram Full,-12.390625,2,2token,incomplete_phrase
strollers,pram ….,-12.390625,2,2token,not_valid_noun
strollers,"pram ,",-12.390625,2,2token,not_valid_noun
strollers,vehicle A,-12.390625,2,2token,not_valid_noun
strollers,to help,-12.390625,2,2token,not_valid_noun
strollers,pram by,-12.390625,2,2token,not_valid_noun
strollers,________ ____,-12.390625,2,2token,not_valid_noun
strollers,________ Fill,-12.390625,2,2token,not_valid_noun
strollers,vehicle made,-12.390625,2,2token,incomplete_phrase
strollers,object which,-12.40625,2,2token,incomplete_phrase
strollers,___________ Fill,-12.40625,2,2token,not_valid_noun
strollers,___________ ___________,-12.40625,2,2token,not_valid_noun
strollers,_ equipment,-12.40625,2,2token,not_valid_noun
strollers,_ Choose,-12.40625,2,2token,not_valid_noun
strollers,_ for,-12.40625,2,2token,not_valid_noun
strollers,", for",-12.40625,2,2token,not_valid_noun
strollers,____________ ________,-12.40625,2,2token,not_valid_noun
strollers,_ of,-12.40625,2,2token,not_valid_noun
strollers,walking ________,-12.40625,2,2token,not_valid_noun
strollers,..... ...,-12.40625,2,2token,not_valid_noun
strollers,object you,-12.40625,2,2token,incomplete_phrase
strollers,vehicles to,-12.40625,2,2token,not_valid_noun
strollers,carriage is,-12.40625,2,2token,not_valid_noun
strollers,accessories Complete,-12.40625,2,2token,not_valid_noun
strollers,carriage _,-12.40625,2,2token,not_valid_noun
strollers,bag on,-12.40625,2,2token,not_valid_noun
strollers,_________,-12.40625,2,2token,not_valid_noun
strollers,carts or,-12.40625,2,2token,not_valid_noun
strollers,_________ toy,-12.40625,2,2token,not_valid_noun
strollers,transportation ________,-12.40625,2,2token,not_valid_noun
strollers,transportation or,-12.40625,2,2token,not_valid_noun
strollers,transportation ....,-12.40625,2,2token,not_valid_noun
strollers,______ _.,-12.40625,2,2token,not_valid_noun
strollers,______ of,-12.40625,2,2token,not_valid_noun
strollers,cart _,-12.40625,2,2token,not_valid_noun
strollers,_______ COMPLETE,-12.40625,2,2token,not_valid_noun
strollers,_______ that,-12.40625,2,2token,not_valid_noun
strollers,_______ What,-12.40625,2,2token,not_valid_noun
strollers,wagon for,-12.40625,2,2token,incomplete_phrase
strollers,_________ What,-12.40625,2,2token,not_valid_noun
strollers,wagon that,-12.40625,2,2token,incomplete_phrase
strollers,_______,-12.40625,2,2token,not_valid_noun
strollers,walker Complete,-12.421875,2,2token,not_valid_noun
strollers,.... Answer,-12.4375,2,2token,not_valid_noun
strollers,…. Which,-12.4375,2,2token,not_valid_noun
strollers,snow,-12.4375,1,single_token,incomplete_phrase
strollers,pulling,-12.4375,1,single_token,not_valid_noun
strollers,.. Choose,-12.4375,2,2token,not_valid_noun
strollers,gadget .,-12.4375,2,2token,not_valid_noun
strollers,the things,-12.4375,2,2token,not_valid_noun
strollers,.... In,-12.4375,2,2token,not_valid_noun
strollers,Bug,-12.4375,1,single_token,incomplete_phrase
strollers,washing,-12.4375,1,single_token,incomplete_phrase
strollers,makeup,-12.4375,1,single_token,not_valid_noun
strollers,pass,-12.4375,1,single_token,incomplete_phrase
strollers,._,-12.4375,1,single_token,not_valid_noun
strollers,accomod,-12.4375,1,single_token,not_valid_noun
strollers,___ toy,-12.4375,2,2token,not_valid_noun
strollers,___,-12.4375,2,2token,not_valid_noun
strollers,___ in,-12.4375,2,2token,not_valid_noun
strollers,___ and,-12.4375,2,2token,not_valid_noun
strollers,___ of,-12.4375,2,2token,not_valid_noun
strollers,gifts,-12.4375,1,single_token,not_valid_noun
strollers,valuable,-12.4375,1,single_token,incomplete_phrase
strollers,doors,-12.4375,1,single_token,not_valid_noun
strollers,sales,-12.4375,1,single_token,not_valid_noun
strollers,the children,-12.4375,2,2token,not_valid_noun
strollers,buys,-12.4375,1,single_token,not_valid_noun
strollers,autos,-12.4375,1,single_token,not_valid_noun
strollers,flats,-12.4375,1,single_token,not_valid_noun
strollers,jewellery,-12.4375,1,single_token,not_valid_noun
strollers,push -,-12.4375,2,2token,not_valid_noun
strollers,container (,-12.4375,2,2token,not_valid_noun
strollers,push __,-12.4375,2,2token,not_valid_noun
strollers,useless,-12.4375,1,single_token,not_valid_noun
strollers,___ Choose,-12.4375,2,2token,not_valid_noun
strollers,A stroller,-12.4375,2,2token,not_valid_noun
strollers,___ I,-12.4375,2,2token,not_valid_noun
strollers,___ or,-12.4375,2,2token,not_valid_noun
strollers,convenience for,-12.4375,2,2token,incomplete_phrase
strollers,mon,-12.4375,1,single_token,incomplete_phrase
strollers,....... a,-12.4375,2,2token,not_valid_noun
strollers,sea,-12.4375,1,single_token,incomplete_phrase
strollers,....... A,-12.4375,2,2token,not_valid_noun
strollers,___ For,-12.4375,2,2token,not_valid_noun
strollers,to be,-12.453125,2,2token,not_valid_noun
strollers,to a,-12.453125,2,2token,not_valid_noun
strollers,…… The,-12.46875,2,2token,not_valid_noun
strollers,prop (,-12.46875,2,2token,not_valid_noun
strollers,tools .,-12.46875,2,2token,not_valid_noun
strollers,furniture used,-12.46875,2,2token,incomplete_phrase
strollers,for young,-12.46875,2,2token,not_valid_noun
strollers,:,-12.46875,2,2token,not_valid_noun
strollers,( _,-12.46875,2,2token,not_valid_noun
strollers,: The,-12.46875,2,2token,not_valid_noun
strollers,furniture ________,-12.46875,2,2token,not_valid_noun
strollers,article .,-12.46875,2,2token,not_valid_noun
strollers,infant ________,-12.46875,2,2token,not_valid_noun
strollers,functional,-12.5,1,single_token,not_valid_noun
strollers,things in,-12.5,2,2token,not_valid_noun
strollers,equipment of,-12.5,2,2token,not_valid_noun
strollers,things .,-12.5,2,2token,not_valid_noun
strollers,tool ________,-12.5,2,2token,not_valid_noun
strollers,toys ....,-12.5,2,2token,not_valid_noun
strollers,$-$,-12.5,1,single_token,not_valid_noun
strollers,cleaning,-12.5,1,single_token,incomplete_phrase
strollers,My,-12.5,1,single_token,not_valid_noun
strollers,help when,-12.5,2,2token,not_valid_noun
strollers,transport and,-12.5,2,2token,incomplete_phrase
strollers,transport by,-12.5,2,2token,not_valid_noun
strollers,Susan,-12.5,1,single_token,incomplete_phrase
strollers,transport ....,-12.5,2,2token,not_valid_noun
strollers,bicycle Part,-12.5,2,2token,incomplete_phrase
strollers,bicycle _______,-12.5,2,2token,not_valid_noun
strollers,… All,-12.5,2,2token,not_valid_noun
strollers,__________ toy,-12.5,2,2token,not_valid_noun
strollers,portable children,-12.5,2,2token,incomplete_phrase
strollers,… st,-12.5,2,2token,not_valid_noun
strollers,carry ...,-12.5,2,2token,not_valid_noun
strollers,hor,-12.5,1,single_token,not_valid_noun
strollers,[ ].,-12.5,2,2token,not_valid_noun
strollers,… what,-12.5,2,2token,not_valid_noun
strollers,travel ____________,-12.5,2,2token,not_valid_noun
strollers,limited,-12.5,1,single_token,incomplete_phrase
strollers,hoo,-12.5,1,single_token,not_valid_noun
strollers,etc,-12.5,1,single_token,not_valid_noun
strollers,… Select,-12.5,2,2token,not_valid_noun
strollers,hold,-12.5,1,single_token,incomplete_phrase
strollers,health,-12.5,1,single_token,incomplete_phrase
strollers,such,-12.5,1,single_token,not_valid_noun
strollers,… Are,-12.5,2,2token,not_valid_noun
strollers,________ ______,-12.515625,2,2token,not_valid_noun
strollers,________ The,-12.515625,2,2token,not_valid_noun
strollers,vehicle you,-12.515625,2,2token,incomplete_phrase
strollers,________ What,-12.515625,2,2token,not_valid_noun
strollers,pram Answer,-12.515625,2,2token,not_valid_noun
strollers,pram _________,-12.515625,2,2token,not_valid_noun
strollers,_______ ...,-12.53125,2,2token,not_valid_noun
strollers,object on,-12.53125,2,2token,not_valid_noun
strollers,children ______,-12.53125,2,2token,not_valid_noun
strollers,_________ that,-12.53125,2,2token,not_valid_noun
strollers,sport utility,-12.53125,2,2token,incomplete_phrase
strollers,transportation of,-12.53125,2,2token,not_valid_noun
strollers,mobility for,-12.53125,2,2token,incomplete_phrase
strollers,_. (,-12.53125,2,2token,not_valid_noun
strollers,_. Which,-12.53125,2,2token,not_valid_noun
strollers,____________ a,-12.53125,2,2token,not_valid_noun
strollers,_ cart,-12.53125,2,2token,not_valid_noun
strollers,walking .,-12.53125,2,2token,not_valid_noun
strollers,_ travel,-12.53125,2,2token,not_valid_noun
strollers,bag Read,-12.53125,2,2token,not_valid_noun
strollers,_________ [,-12.53125,2,2token,not_valid_noun
strollers,bags and,-12.53125,2,2token,incomplete_phrase
strollers,_ ..,-12.53125,2,2token,not_valid_noun
strollers,", so",-12.53125,2,2token,not_valid_noun
strollers,_ tool,-12.53125,2,2token,not_valid_noun
strollers,____ ______,-12.53125,2,2token,not_valid_noun
strollers,____ complete,-12.53125,2,2token,not_valid_noun
strollers,_______ _.,-12.53125,2,2token,not_valid_noun
strollers,_______ ___________,-12.53125,2,2token,not_valid_noun
strollers,_ -,-12.53125,2,2token,not_valid_noun
strollers,", ________",-12.53125,2,2token,not_valid_noun
strollers,_______ toy,-12.53125,2,2token,not_valid_noun
strollers,carriage -,-12.53125,2,2token,not_valid_noun
strollers,carriage /,-12.53125,2,2token,not_valid_noun
strollers,..... Select,-12.53125,2,2token,not_valid_noun
strollers,boat Complete,-12.53125,2,2token,not_valid_noun
strollers,cart in,-12.53125,2,2token,not_valid_noun
strollers,cart _____,-12.53125,2,2token,not_valid_noun
strollers,cart /,-12.53125,2,2token,not_valid_noun
strollers,carriage COMPLETE,-12.53125,2,2token,not_valid_noun
strollers,blanket Complete,-12.53125,2,2token,not_valid_noun
strollers,______ _,-12.53125,2,2token,not_valid_noun
strollers,______ _________,-12.53125,2,2token,not_valid_noun
strollers,children ?,-12.53125,2,2token,not_valid_noun
strollers,carriage of,-12.53125,2,2token,not_valid_noun
strollers,children _______,-12.53125,2,2token,not_valid_noun
strollers,item at,-12.53125,2,2token,not_valid_noun
strollers,_. In,-12.53125,2,2token,not_valid_noun
strollers,bag _______,-12.53125,2,2token,not_valid_noun
strollers,item we,-12.53125,2,2token,not_valid_noun
strollers,___________ for,-12.53125,2,2token,not_valid_noun
strollers,bags,-12.53125,2,2token,not_valid_noun
strollers,", toy",-12.53125,2,2token,not_valid_noun
strollers,", toys",-12.53125,2,2token,not_valid_noun
strollers,= a,-12.546875,2,2token,not_valid_noun
strollers,PUSH,-12.5625,1,single_token,incomplete_phrase
strollers,.. The,-12.5625,2,2token,not_valid_noun
strollers,product that,-12.5625,2,2token,incomplete_phrase
strollers,ab,-12.5625,1,single_token,not_valid_noun
strollers,R,-12.5625,1,single_token,not_valid_noun
strollers,…. Answer,-12.5625,2,2token,not_valid_noun
strollers,multipurpose,-12.5625,1,single_token,not_valid_noun
strollers,...),-12.5625,1,single_token,not_valid_noun
strollers,ass,-12.5625,1,single_token,incomplete_phrase
strollers,.... -,-12.5625,2,2token,not_valid_noun
strollers,trains,-12.5625,1,single_token,not_valid_noun
strollers,cans,-12.5625,1,single_token,not_valid_noun
strollers,Musical,-12.5625,1,single_token,incomplete_phrase
strollers,formal,-12.5625,1,single_token,incomplete_phrase
strollers,comfortable,-12.5625,1,single_token,not_valid_noun
strollers,Where,-12.5625,1,single_token,not_valid_noun
strollers,rocking,-12.5625,1,single_token,not_valid_noun
strollers,swe,-12.5625,1,single_token,not_valid_noun
strollers,helps,-12.5625,1,single_token,not_valid_noun
strollers,allowed,-12.5625,1,single_token,not_valid_noun
strollers,cop,-12.5625,1,single_token,incomplete_phrase
strollers,fast,-12.5625,1,single_token,incomplete_phrase
strollers,answer,-12.5625,1,single_token,not_valid_noun
strollers,low,-12.5625,1,single_token,incomplete_phrase
strollers,....... (,-12.5625,2,2token,not_valid_noun
strollers,makes,-12.5625,1,single_token,not_valid_noun
strollers,A baby,-12.5625,2,2token,not_valid_noun
strollers,hand push,-12.5625,2,2token,incomplete_phrase
strollers,....... Fill,-12.5625,2,2token,not_valid_noun
strollers,Baby St,-12.5625,2,2token,not_valid_noun
strollers,ride .,-12.5625,2,2token,not_valid_noun
strollers,wheels to,-12.5625,2,2token,not_valid_noun
strollers,wheels or,-12.5625,2,2token,not_valid_noun
strollers,buggy that,-12.5625,2,2token,incomplete_phrase
strollers,push and,-12.5625,2,2token,not_valid_noun
strollers,push _________,-12.5625,2,2token,not_valid_noun
strollers,thing a,-12.5625,2,2token,not_valid_noun
strollers,___,-12.5625,2,2token,not_valid_noun
strollers,___ [,-12.5625,2,2token,not_valid_noun
strollers,store for,-12.5625,2,2token,not_valid_noun
strollers,thing called,-12.5625,2,2token,incomplete_phrase
strollers,this .,-12.59375,2,2token,not_valid_noun
strollers,The first,-12.59375,2,2token,not_valid_noun
strollers,( pram,-12.59375,2,2token,not_valid_noun
strollers,The children,-12.59375,2,2token,not_valid_noun
strollers,an ________,-12.59375,2,2token,not_valid_noun
strollers,an equipment,-12.59375,2,2token,not_valid_noun
strollers,small push,-12.59375,2,2token,incomplete_phrase
strollers,The verb,-12.59375,2,2token,not_valid_noun
strollers,…… Continue,-12.59375,2,2token,not_valid_noun
strollers,: ...,-12.59375,2,2token,not_valid_noun
strollers,: cars,-12.59375,2,2token,not_valid_noun
strollers,furniture ____,-12.59375,2,2token,not_valid_noun
strollers,trolley ______,-12.59375,2,2token,not_valid_noun
strollers,trolley used,-12.59375,2,2token,incomplete_phrase
strollers,trolley in,-12.59375,2,2token,not_valid_noun
strollers,( car,-12.59375,2,2token,not_valid_noun
strollers,is it,-12.609375,2,2token,not_valid_noun
strollers,tro,-12.625,1,single_token,not_valid_noun
strollers,tow,-12.625,1,single_token,incomplete_phrase
strollers,hiking,-12.625,1,single_token,not_valid_noun
strollers,toddlers,-12.625,1,single_token,not_valid_noun
strollers,sap,-12.625,1,single_token,incomplete_phrase
strollers,appar,-12.625,1,single_token,not_valid_noun
strollers,sta,-12.625,1,single_token,not_valid_noun
strollers,push wheeled,-12.625,2,2token,not_valid_noun
strollers,active,-12.625,1,single_token,incomplete_phrase
strollers,going,-12.625,1,single_token,incomplete_phrase
strollers,(?),-12.625,1,single_token,not_valid_noun
strollers,auxiliary,-12.625,1,single_token,incomplete_phrase
strollers,cannot,-12.625,1,single_token,not_valid_noun
strollers,type,-12.625,2,2token,incomplete_phrase
strollers,__________ _.,-12.625,2,2token,not_valid_noun
strollers,which means,-12.625,2,2token,not_valid_noun
strollers,ect,-12.625,1,single_token,not_valid_noun
strollers,bed Complete,-12.625,2,2token,not_valid_noun
strollers,farm,-12.625,1,single_token,incomplete_phrase
strollers,girls,-12.625,1,single_token,not_valid_noun
strollers,mobile ________,-12.625,2,2token,not_valid_noun
strollers,,-12.625,1,single_token,not_valid_noun
strollers,packaging,-12.625,1,single_token,not_valid_noun
strollers,vans,-12.625,1,single_token,not_valid_noun
strollers,of things,-12.625,2,2token,not_valid_noun
strollers,bulky,-12.625,1,single_token,not_valid_noun
strollers,travel (,-12.625,2,2token,not_valid_noun
strollers,mu,-12.625,1,single_token,not_valid_noun
strollers,carriages (,-12.625,2,2token,not_valid_noun
strollers,which one,-12.625,2,2token,not_valid_noun
strollers,five,-12.625,1,single_token,incomplete_phrase
strollers,several,-12.625,1,single_token,not_valid_noun
strollers,which type,-12.625,2,2token,not_valid_noun
strollers,things children,-12.625,2,2token,incomplete_phrase
strollers,lo,-12.625,1,single_token,not_valid_noun
strollers,,-12.625,1,single_token,not_valid_noun
strollers,equipment or,-12.625,2,2token,not_valid_noun
strollers,help in,-12.625,2,2token,not_valid_noun
strollers,having,-12.625,1,single_token,not_valid_noun
strollers,sur,-12.625,1,single_token,incomplete_phrase
strollers,cloth baby,-12.625,2,2token,incomplete_phrase
strollers,tool needed,-12.625,2,2token,incomplete_phrase
strollers,wó,-12.625,1,single_token,not_valid_noun
strollers,si,-12.625,1,single_token,not_valid_noun
strollers,——,-12.625,1,single_token,not_valid_noun
strollers,travel carry,-12.625,2,2token,incomplete_phrase
strollers,se,-12.625,1,single_token,not_valid_noun
strollers,from,-12.625,1,single_token,not_valid_noun
strollers,,-12.625,1,single_token,not_valid_noun
strollers,pro,-12.625,1,single_token,incomplete_phrase
strollers,Exercise,-12.625,1,single_token,incomplete_phrase
strollers,long,-12.625,1,single_token,not_valid_noun
strollers,[ blank,-12.625,2,2token,not_valid_noun
strollers,… of,-12.625,2,2token,not_valid_noun
strollers,vehicle .....,-12.640625,2,2token,not_valid_noun
strollers,vehicle The,-12.640625,2,2token,incomplete_phrase
strollers,vehicle is,-12.640625,2,2token,not_valid_noun
strollers,vehicle by,-12.640625,2,2token,not_valid_noun
strollers,vehicle [,-12.640625,2,2token,not_valid_noun
strollers,________ in,-12.640625,2,2token,not_valid_noun
strollers,vehicle /,-12.640625,2,2token,not_valid_noun
strollers,___________ complete,-12.65625,2,2token,not_valid_noun
strollers,", because",-12.65625,2,2token,not_valid_noun
strollers,..... -,-12.65625,2,2token,not_valid_noun
strollers,automobile that,-12.65625,2,2token,incomplete_phrase
strollers,toys ________,-12.65625,2,2token,not_valid_noun
strollers,item (,-12.65625,2,2token,not_valid_noun
strollers,____ _,-12.65625,2,2token,not_valid_noun
strollers,_________ _____,-12.65625,2,2token,not_valid_noun
strollers,___________ A,-12.65625,2,2token,not_valid_noun
strollers,bicycle ...,-12.65625,2,2token,not_valid_noun
strollers,bicycle ______,-12.65625,2,2token,not_valid_noun
strollers,carriage on,-12.65625,2,2token,not_valid_noun
strollers,_. Choose,-12.65625,2,2token,not_valid_noun
strollers,What would,-12.65625,2,2token,not_valid_noun
strollers,? _,-12.65625,2,2token,not_valid_noun
strollers,cart COMPLETE,-12.65625,2,2token,not_valid_noun
strollers,carriage _____,-12.65625,2,2token,not_valid_noun
strollers,bicycle or,-12.65625,2,2token,not_valid_noun
strollers,transport complete,-12.65625,2,2token,not_valid_noun
strollers,bicycle that,-12.65625,2,2token,incomplete_phrase
strollers,..... I,-12.65625,2,2token,not_valid_noun
strollers,____________ for,-12.65625,2,2token,not_valid_noun
strollers,___________ _______,-12.65625,2,2token,not_valid_noun
strollers,_ bicycle,-12.65625,2,2token,not_valid_noun
strollers,What Is,-12.65625,2,2token,not_valid_noun
strollers,_________ ....,-12.65625,2,2token,not_valid_noun
strollers,_______ _,-12.65625,2,2token,not_valid_noun
strollers,What else,-12.65625,2,2token,not_valid_noun
strollers,What did,-12.65625,2,2token,not_valid_noun
strollers,tricycle .,-12.65625,2,2token,not_valid_noun
strollers,______ What,-12.65625,2,2token,not_valid_noun
strollers,appliance that,-12.65625,2,2token,incomplete_phrase
strollers,? Choose,-12.65625,2,2token,not_valid_noun
strollers,bag ________,-12.65625,2,2token,not_valid_noun
strollers,carts,-12.65625,2,2token,not_valid_noun
strollers,transport which,-12.65625,2,2token,incomplete_phrase
strollers,bike (,-12.65625,2,2token,not_valid_noun
strollers,_________ and,-12.65625,2,2token,not_valid_noun
strollers,bags (,-12.65625,2,2token,not_valid_noun
strollers,___________ a,-12.65625,2,2token,not_valid_noun
strollers,carts and,-12.65625,2,2token,incomplete_phrase
strollers,? I,-12.65625,2,2token,not_valid_noun
strollers,game for,-12.65625,2,2token,incomplete_phrase
strollers,tired,-12.6875,1,single_token,not_valid_noun
strollers,erg,-12.6875,1,single_token,incomplete_phrase
strollers,caring,-12.6875,1,single_token,not_valid_noun
strollers,informal,-12.6875,1,single_token,not_valid_noun
strollers,xxx,-12.6875,1,single_token,not_valid_noun
strollers,travels,-12.6875,1,single_token,not_valid_noun
strollers,plays,-12.6875,1,single_token,not_valid_noun
strollers,store .,-12.6875,2,2token,not_valid_noun
strollers,the same,-12.6875,2,2token,not_valid_noun
strollers,the transportation,-12.6875,2,2token,not_valid_noun
strollers,cold,-12.6875,1,single_token,incomplete_phrase
strollers,arm,-12.6875,1,single_token,incomplete_phrase
strollers,ordinary,-12.6875,1,single_token,incomplete_phrase
strollers,thing with,-12.6875,2,2token,incomplete_phrase
strollers,___ ___________,-12.6875,2,2token,not_valid_noun
strollers,shoulder,-12.6875,1,single_token,incomplete_phrase
strollers,...... The,-12.6875,2,2token,not_valid_noun
strollers,A toy,-12.6875,2,2token,not_valid_noun
strollers,mini,-12.6875,1,single_token,not_valid_noun
strollers,Baby and,-12.6875,2,2token,incomplete_phrase
strollers,___ Use,-12.6875,2,2token,not_valid_noun
strollers,umbrella (,-12.6875,2,2token,not_valid_noun
strollers,___ is,-12.6875,2,2token,not_valid_noun
strollers,store Complete,-12.6875,2,2token,not_valid_noun
strollers,...... Read,-12.6875,2,2token,not_valid_noun
strollers,___ Select,-12.6875,2,2token,not_valid_noun
strollers,A child,-12.6875,2,2token,not_valid_noun
strollers,___ -,-12.6875,2,2token,not_valid_noun
strollers,open,-12.6875,1,single_token,incomplete_phrase
strollers,ex,-12.6875,1,single_token,not_valid_noun
strollers,- _,-12.6875,2,2token,not_valid_noun
strollers,off,-12.6875,1,single_token,not_valid_noun
strollers,pret,-12.6875,1,single_token,not_valid_noun
strollers,cross,-12.6875,1,single_token,incomplete_phrase
strollers,complete,-12.6875,1,single_token,not_valid_noun
strollers,side,-12.6875,1,single_token,incomplete_phrase
strollers,single,-12.6875,1,single_token,incomplete_phrase
strollers,early,-12.6875,1,single_token,not_valid_noun
strollers,parts,-12.6875,1,single_token,not_valid_noun
strollers,…. complete,-12.6875,2,2token,not_valid_noun
strollers,…. I,-12.6875,2,2token,not_valid_noun
strollers,…. ...,-12.6875,2,2token,not_valid_noun
strollers,construction,-12.6875,1,single_token,incomplete_phrase
strollers,police,-12.6875,1,single_token,incomplete_phrase
strollers,va,-12.6875,1,single_token,not_valid_noun
strollers,.. (,-12.6875,2,2token,not_valid_noun
strollers,bus .,-12.71875,2,2token,not_valid_noun
strollers,: Fill,-12.71875,2,2token,not_valid_noun
strollers,parent _,-12.71875,2,2token,not_valid_noun
strollers,parent and,-12.71875,2,2token,incomplete_phrase
strollers,infant carrying,-12.71875,2,2token,incomplete_phrase
strollers,trolley which,-12.71875,2,2token,incomplete_phrase
strollers,The sentences,-12.71875,2,2token,not_valid_noun
strollers,instrument Complete,-12.71875,2,2token,not_valid_noun
strollers,exercise .,-12.71875,2,2token,not_valid_noun
strollers,play,-12.71875,2,2token,incomplete_phrase
strollers,small shopping,-12.71875,2,2token,incomplete_phrase
strollers,for transporting,-12.71875,2,2token,not_valid_noun
strollers,trolley to,-12.71875,2,2token,not_valid_noun
strollers,babies and,-12.71875,2,2token,incomplete_phrase
strollers,furniture _______,-12.71875,2,2token,not_valid_noun
strollers,bottle .,-12.71875,2,2token,not_valid_noun
strollers,sports and,-12.71875,2,2token,incomplete_phrase
strollers,carrier that,-12.71875,2,2token,incomplete_phrase
strollers,sports equip,-12.71875,2,2token,incomplete_phrase
strollers,furniture ______,-12.71875,2,2token,not_valid_noun
strollers,fun to,-12.71875,2,2token,not_valid_noun
strollers,this Complete,-12.71875,2,2token,not_valid_noun
strollers,is .,-12.734375,2,2token,not_valid_noun
strollers,bic,-12.75,1,single_token,not_valid_noun
strollers,rolls,-12.75,1,single_token,not_valid_noun
strollers,........ What,-12.75,2,2token,not_valid_noun
strollers,outdoor ________,-12.75,2,2token,not_valid_noun
strollers,exercising,-12.75,1,single_token,not_valid_noun
strollers,sightseeing,-12.75,1,single_token,not_valid_noun
strollers,tool ...,-12.75,2,2token,not_valid_noun
strollers,tool we,-12.75,2,2token,not_valid_noun
strollers,tool a,-12.75,2,2token,not_valid_noun
strollers,j,-12.75,1,single_token,not_valid_noun
strollers,push ____________,-12.75,2,2token,not_valid_noun
strollers,push /,-12.75,2,2token,not_valid_noun
strollers,of ________,-12.75,2,2token,not_valid_noun
strollers,of cars,-12.75,2,2token,not_valid_noun
strollers,feeding,-12.75,1,single_token,incomplete_phrase
strollers,mobil,-12.75,1,single_token,not_valid_noun
strollers,cloth ...,-12.75,2,2token,not_valid_noun
strollers,cloth that,-12.75,2,2token,incomplete_phrase
strollers,things which,-12.75,2,2token,incomplete_phrase
strollers,device designed,-12.75,2,2token,incomplete_phrase
strollers,device Complete,-12.75,2,2token,not_valid_noun
strollers,tool _______,-12.75,2,2token,not_valid_noun
strollers,basic,-12.75,1,single_token,incomplete_phrase
strollers,smo,-12.75,1,single_token,not_valid_noun
strollers,pulled,-12.75,1,single_token,not_valid_noun
strollers,See,-12.75,1,single_token,incomplete_phrase
strollers,__________ What,-12.75,2,2token,not_valid_noun
strollers,Can,-12.75,1,single_token,incomplete_phrase
strollers,__________,-12.75,2,2token,not_valid_noun
strollers,__________ COMPLETE,-12.75,2,2token,not_valid_noun
strollers,things a,-12.75,2,2token,not_valid_noun
strollers,supermarket trol,-12.75,2,2token,incomplete_phrase
strollers,things Complete,-12.75,2,2token,not_valid_noun
strollers,front,-12.75,1,single_token,incomplete_phrase
strollers,portable ...,-12.75,2,2token,not_valid_noun
strollers,suitcase (,-12.75,2,2token,not_valid_noun
strollers,equipment ...,-12.75,2,2token,not_valid_noun
strollers,machine (,-12.75,2,2token,not_valid_noun
strollers,giant,-12.75,1,single_token,incomplete_phrase
strollers,of wheel,-12.75,2,2token,not_valid_noun
strollers,of pram,-12.75,2,2token,not_valid_noun
strollers,push __________,-12.75,2,2token,not_valid_noun
strollers,All,-12.75,1,single_token,not_valid_noun
strollers,re,-12.75,1,single_token,not_valid_noun
strollers,“,-12.75,1,single_token,not_valid_noun
strollers,question,-12.75,1,single_token,not_valid_noun
strollers,vehicle COMPLETE,-12.765625,2,2token,not_valid_noun
strollers,vehicle Used,-12.765625,2,2token,incomplete_phrase
strollers,vehicle …,-12.765625,2,2token,not_valid_noun
strollers,vehicle _,-12.765625,2,2token,not_valid_noun
strollers,_ Read,-12.78125,2,2token,not_valid_noun
strollers,", or",-12.78125,2,2token,not_valid_noun
strollers,_ _________,-12.78125,2,2token,not_valid_noun
strollers,_ stroller,-12.78125,2,2token,not_valid_noun
strollers,bicycle ____,-12.78125,2,2token,not_valid_noun
strollers,..... In,-12.78125,2,2token,not_valid_noun
strollers,__ toy,-12.78125,2,2token,not_valid_noun
strollers,transport a,-12.78125,2,2token,not_valid_noun
strollers,clothing (,-12.78125,2,2token,not_valid_noun
strollers,______ in,-12.78125,2,2token,not_valid_noun
strollers,____________ _,-12.78125,2,2token,not_valid_noun
strollers,push ___________,-12.78125,2,2token,not_valid_noun
strollers,recreational .,-12.78125,2,2token,not_valid_noun
strollers,______ ___________,-12.78125,2,2token,not_valid_noun
strollers,carts that,-12.78125,2,2token,incomplete_phrase
strollers,____ _______,-12.78125,2,2token,not_valid_noun
strollers,carts (,-12.78125,2,2token,not_valid_noun
strollers,bags that,-12.78125,2,2token,incomplete_phrase
strollers,object made,-12.78125,2,2token,incomplete_phrase
strollers,mobility,-12.78125,2,2token,incomplete_phrase
strollers,carrying,-12.78125,2,2token,not_valid_noun
strollers,backpack .,-12.78125,2,2token,not_valid_noun
strollers,baggage .,-12.78125,2,2token,not_valid_noun
strollers,_ Answer,-12.78125,2,2token,not_valid_noun
strollers,walking,-12.78125,2,2token,incomplete_phrase
strollers,_ furniture,-12.78125,2,2token,not_valid_noun
strollers,carrying for,-12.78125,2,2token,not_valid_noun
strollers,Pram or,-12.78125,2,2token,not_valid_noun
strollers,carriage a,-12.78125,2,2token,not_valid_noun
strollers,______ or,-12.78125,2,2token,not_valid_noun
strollers,children _____,-12.78125,2,2token,not_valid_noun
strollers,children (,-12.78125,2,2token,not_valid_noun
strollers,to get,-12.8125,2,2token,not_valid_noun
strollers,convenience .,-12.8125,2,2token,not_valid_noun
strollers,to use,-12.8125,2,2token,not_valid_noun
strollers,to make,-12.8125,2,2token,not_valid_noun
strollers,eq,-12.8125,1,single_token,not_valid_noun
strollers,also,-12.8125,1,single_token,not_valid_noun
strollers,J,-12.8125,1,single_token,not_valid_noun
strollers,fr,-12.8125,1,single_token,not_valid_noun
strollers,too,-12.8125,1,single_token,not_valid_noun
strollers,vehicular,-12.8125,1,single_token,not_valid_noun
strollers,worn,-12.8125,1,single_token,not_valid_noun
strollers,.:,-12.8125,1,single_token,not_valid_noun
strollers,pol,-12.8125,1,single_token,incomplete_phrase
strollers,Cal,-12.8125,1,single_token,incomplete_phrase
strollers,feet,-12.8125,1,single_token,not_valid_noun
strollers,mp,-12.8125,1,single_token,not_valid_noun
strollers,.... Which,-12.8125,2,2token,not_valid_noun
strollers,Baby,-12.8125,2,2token,incomplete_phrase
strollers,- car,-12.8125,2,2token,not_valid_noun
strollers,el,-12.8125,1,single_token,not_valid_noun
strollers,,-12.8125,1,single_token,not_valid_noun
strollers,la,-12.8125,1,single_token,not_valid_noun
strollers,gadget to,-12.8125,2,2token,not_valid_noun
strollers,wheels of,-12.8125,2,2token,not_valid_noun
strollers,no,-12.8125,1,single_token,not_valid_noun
strollers,sc,-12.8125,1,single_token,not_valid_noun
strollers,Ex,-12.8125,1,single_token,not_valid_noun
strollers,les,-12.8125,1,single_token,incomplete_phrase
strollers,___ In,-12.8125,2,2token,not_valid_noun
strollers,the kind,-12.8125,2,2token,not_valid_noun
strollers,___ _________,-12.8125,2,2token,not_valid_noun
strollers,........... (,-12.8125,2,2token,not_valid_noun
strollers,the thing,-12.8125,2,2token,not_valid_noun
strollers,___ They,-12.8125,2,2token,not_valid_noun
strollers,the shopping,-12.8125,2,2token,not_valid_noun
strollers,........... Fill,-12.8125,2,2token,not_valid_noun
strollers,= toy,-12.8125,2,2token,not_valid_noun
strollers,mobiles,-12.8125,1,single_token,not_valid_noun
strollers,´,-12.8125,1,single_token,not_valid_noun
strollers,sturdy,-12.8125,1,single_token,not_valid_noun
strollers,.... Use,-12.8125,2,2token,not_valid_noun
strollers,= =,-12.8125,2,2token,not_valid_noun
strollers,arte,-12.8125,1,single_token,not_valid_noun
strollers,...... What,-12.8125,2,2token,not_valid_noun
strollers,wind,-12.8125,1,single_token,incomplete_phrase
strollers,Each,-12.8125,1,single_token,incomplete_phrase
strollers,roller .,-12.84375,2,2token,not_valid_noun
strollers,infant,-12.84375,2,2token,incomplete_phrase
strollers,trolley -,-12.84375,2,2token,not_valid_noun
strollers,are used,-12.84375,2,2token,not_valid_noun
strollers,trolley ____,-12.84375,2,2token,not_valid_noun
strollers,infant ...,-12.84375,2,2token,not_valid_noun
strollers,( blank,-12.84375,2,2token,not_valid_noun
strollers,( stroller,-12.84375,2,2token,not_valid_noun
strollers,The child,-12.84375,2,2token,not_valid_noun
strollers,trolley and,-12.84375,2,2token,incomplete_phrase
strollers,: equipment,-12.84375,2,2token,not_valid_noun
strollers,trolley ....,-12.84375,2,2token,not_valid_noun
strollers,for traveling,-12.84375,2,2token,not_valid_noun
strollers,The baby,-12.84375,2,2token,not_valid_noun
strollers,clothes (,-12.84375,2,2token,not_valid_noun
strollers,exercise for,-12.84375,2,2token,not_valid_noun
strollers,babies,-12.84375,2,2token,not_valid_noun
strollers,for travelling,-12.84375,2,2token,not_valid_noun
strollers,The correct,-12.84375,2,2token,not_valid_noun
strollers,for cars,-12.84375,2,2token,not_valid_noun
strollers,conveyance Complete,-12.84375,2,2token,not_valid_noun
strollers,…… What,-12.84375,2,2token,not_valid_noun
strollers,fol,-12.875,1,single_token,not_valid_noun
strollers,blan,-12.875,1,single_token,incomplete_phrase
strollers,canned,-12.875,1,single_token,not_valid_noun
strollers,utensils,-12.875,1,single_token,not_valid_noun
strollers,family .,-12.875,2,2token,not_valid_noun
strollers,equipment a,-12.875,2,2token,not_valid_noun
strollers,kid toys,-12.875,2,2token,not_valid_noun
strollers,British,-12.875,1,single_token,incomplete_phrase
strollers,bugs,-12.875,1,single_token,not_valid_noun
strollers,/.,-12.875,1,single_token,not_valid_noun
strollers,buses,-12.875,1,single_token,not_valid_noun
strollers,developmental,-12.875,1,single_token,not_valid_noun
strollers,After,-12.875,1,single_token,not_valid_noun
strollers,mom,-12.875,1,single_token,not_valid_noun
strollers,to travel,-12.875,2,2token,not_valid_noun
strollers,te,-12.875,1,single_token,not_valid_noun
strollers,^,-12.875,1,single_token,not_valid_noun
strollers,warm,-12.875,1,single_token,not_valid_noun
strollers,visual,-12.875,1,single_token,not_valid_noun
strollers,tool ______,-12.875,2,2token,not_valid_noun
strollers,kids .,-12.875,2,2token,not_valid_noun
strollers,balls,-12.875,1,single_token,not_valid_noun
strollers,conve,-12.875,1,single_token,not_valid_noun
strollers,of child,-12.875,2,2token,not_valid_noun
strollers,chairs .,-12.875,2,2token,not_valid_noun
strollers,cloth ________,-12.875,2,2token,not_valid_noun
strollers,sees,-12.875,1,single_token,not_valid_noun
strollers,__________ _____,-12.875,2,2token,not_valid_noun
strollers,portable carrying,-12.875,2,2token,incomplete_phrase
strollers,suitcase complete,-12.875,2,2token,not_valid_noun
strollers,__________ are,-12.875,2,2token,not_valid_noun
strollers,"__________ ,",-12.875,2,2token,not_valid_noun
strollers,__________ and,-12.875,2,2token,not_valid_noun
strollers,cars that,-12.875,2,2token,incomplete_phrase
strollers,outdoor baby,-12.875,2,2token,incomplete_phrase
strollers,containing,-12.875,1,single_token,not_valid_noun
strollers,drinks,-12.875,1,single_token,not_valid_noun
strollers,tool designed,-12.875,2,2token,incomplete_phrase
strollers,tool Read,-12.875,2,2token,not_valid_noun
strollers,which vehicle,-12.875,2,2token,not_valid_noun
strollers,which can,-12.875,2,2token,not_valid_noun
strollers,which car,-12.875,2,2token,not_valid_noun
strollers,paras,-12.875,1,single_token,not_valid_noun
strollers,things (,-12.875,2,2token,not_valid_noun
strollers,of wheels,-12.875,2,2token,not_valid_noun
strollers,of vehicles,-12.875,2,2token,not_valid_noun
strollers,of,-12.875,2,2token,not_valid_noun
strollers,vehicle ..,-12.890625,2,2token,not_valid_noun
strollers,________ -,-12.890625,2,2token,not_valid_noun
strollers,vehicle :,-12.890625,2,2token,not_valid_noun
strollers,vehicle ____________,-12.890625,2,2token,not_valid_noun
strollers,vehicle ___________,-12.890625,2,2token,not_valid_noun
strollers,vehicle completed,-12.890625,2,2token,not_valid_noun
strollers,________ car,-12.890625,2,2token,not_valid_noun
strollers,vehicle called,-12.890625,2,2token,incomplete_phrase
strollers,_______ Choose,-12.90625,2,2token,not_valid_noun
strollers,______ transportation,-12.90625,2,2token,not_valid_noun
strollers,______ Choose,-12.90625,2,2token,not_valid_noun
strollers,_______ toys,-12.90625,2,2token,not_valid_noun
strollers,? _______,-12.90625,2,2token,not_valid_noun
strollers,______ are,-12.90625,2,2token,not_valid_noun
strollers,..... Use,-12.90625,2,2token,not_valid_noun
strollers,toys _______,-12.90625,2,2token,not_valid_noun
strollers,bicycle ....,-12.90625,2,2token,not_valid_noun
strollers,transport _____,-12.90625,2,2token,not_valid_noun
strollers,toys are,-12.90625,2,2token,incomplete_phrase
strollers,______ [,-12.90625,2,2token,not_valid_noun
strollers,______ -,-12.90625,2,2token,not_valid_noun
strollers,_______ transportation,-12.90625,2,2token,not_valid_noun
strollers,cart -,-12.90625,2,2token,not_valid_noun
strollers,accessories .,-12.90625,2,2token,not_valid_noun
strollers,transportation _______,-12.90625,2,2token,not_valid_noun
strollers,transportation by,-12.90625,2,2token,not_valid_noun
strollers,transportation ____,-12.90625,2,2token,not_valid_noun
strollers,", not",-12.90625,2,2token,not_valid_noun
strollers,_______ equipment,-12.90625,2,2token,not_valid_noun
strollers,something for,-12.90625,2,2token,incomplete_phrase
strollers,_______ in,-12.90625,2,2token,not_valid_noun
strollers,____ The,-12.90625,2,2token,not_valid_noun
strollers,_________ Choose,-12.90625,2,2token,not_valid_noun
strollers,_________ equipment,-12.90625,2,2token,not_valid_noun
strollers,"_________ ,",-12.90625,2,2token,not_valid_noun
strollers,_________ -,-12.90625,2,2token,not_valid_noun
strollers,_________ are,-12.90625,2,2token,not_valid_noun
strollers,_______,-12.90625,2,2token,not_valid_noun
strollers,something you,-12.90625,2,2token,incomplete_phrase
strollers,transportation a,-12.90625,2,2token,not_valid_noun
strollers,_,-12.90625,2,2token,not_valid_noun
strollers,_,-12.90625,2,2token,not_valid_noun
strollers,_ shopping,-12.90625,2,2token,not_valid_noun
strollers,Pram (,-12.90625,2,2token,not_valid_noun
strollers,chair with,-12.90625,2,2token,incomplete_phrase
strollers,chair complete,-12.90625,2,2token,not_valid_noun
strollers,chair ________,-12.90625,2,2token,not_valid_noun
strollers,_ I,-12.90625,2,2token,not_valid_noun
strollers,"_ ,",-12.90625,2,2token,not_valid_noun
strollers,_ children,-12.90625,2,2token,not_valid_noun
strollers,walking baby,-12.90625,2,2token,incomplete_phrase
strollers,______ and,-12.90625,2,2token,not_valid_noun
strollers,transport ____,-12.90625,2,2token,not_valid_noun
strollers,/ kinds,-12.9375,2,2token,not_valid_noun
strollers,wheels in,-12.9375,2,2token,not_valid_noun
strollers,mus,-12.9375,1,single_token,incomplete_phrase
strollers,ride (,-12.9375,2,2token,not_valid_noun
strollers,wheels are,-12.9375,2,2token,incomplete_phrase
strollers,steering,-12.9375,1,single_token,incomplete_phrase
strollers,relaxing,-12.9375,1,single_token,not_valid_noun
strollers,___ used,-12.9375,2,2token,not_valid_noun
strollers,___ equipment,-12.9375,2,2token,not_valid_noun
strollers,= (,-12.9375,2,2token,not_valid_noun
strollers,…. Use,-12.9375,2,2token,not_valid_noun
strollers,…. Find,-12.9375,2,2token,not_valid_noun
strollers,sail,-12.9375,1,single_token,incomplete_phrase
strollers,grocery,-12.9375,2,2token,incomplete_phrase
strollers,A B,-12.9375,2,2token,not_valid_noun
strollers,...... Choose,-12.9375,2,2token,not_valid_noun
strollers,the cart,-12.9375,2,2token,not_valid_noun
strollers,the furniture,-12.9375,2,2token,not_valid_noun
strollers,the bicycle,-12.9375,2,2token,not_valid_noun
strollers,the carriage,-12.9375,2,2token,not_valid_noun
strollers,learning,-12.9375,1,single_token,incomplete_phrase
strollers,lou,-12.9375,1,single_token,incomplete_phrase
strollers,Wal,-12.9375,1,single_token,not_valid_noun
strollers,yes,-12.9375,1,single_token,not_valid_noun
strollers,sou,-12.9375,1,single_token,incomplete_phrase
strollers,ready,-12.9375,1,single_token,not_valid_noun
strollers,check,-12.9375,1,single_token,incomplete_phrase
strollers,.... Find,-12.9375,2,2token,not_valid_noun
strollers,what (,-12.9375,2,2token,not_valid_noun
strollers,>,-12.9375,1,single_token,not_valid_noun
strollers,hollow,-12.9375,1,single_token,incomplete_phrase
strollers,blocks,-12.9375,1,single_token,not_valid_noun
strollers,O,-12.9375,1,single_token,not_valid_noun
strollers,sp,-12.9375,1,single_token,not_valid_noun
strollers,ri,-12.9375,1,single_token,not_valid_noun
strollers,container of,-12.9375,2,2token,not_valid_noun
strollers,babies (,-12.96875,2,2token,not_valid_noun
strollers,: bicycle,-12.96875,2,2token,not_valid_noun
strollers,for travel,-12.96875,2,2token,not_valid_noun
strollers,( transportation,-12.96875,2,2token,not_valid_noun
strollers,: ____,-12.96875,2,2token,not_valid_noun
strollers,for your,-12.96875,2,2token,not_valid_noun
strollers,for mothers,-12.96875,2,2token,not_valid_noun
strollers,small child,-12.96875,2,2token,incomplete_phrase
strollers,parent ________,-12.96875,2,2token,not_valid_noun
strollers,( ____,-12.96875,2,2token,not_valid_noun
strollers,trolley Full,-12.96875,2,2token,incomplete_phrase
strollers,trolley _,-12.96875,2,2token,not_valid_noun
strollers,article Complete,-12.96875,2,2token,not_valid_noun
strollers,furniture _____,-12.96875,2,2token,not_valid_noun
strollers,train .,-12.96875,2,2token,not_valid_noun
strollers,exercise,-12.96875,2,2token,incomplete_phrase
strollers,are st,-12.96875,2,2token,not_valid_noun
strollers,childrens .,-12.96875,2,2token,not_valid_noun
strollers,shoe Complete,-12.96875,2,2token,not_valid_noun
strollers,prop that,-12.96875,2,2token,incomplete_phrase
strollers,clothes that,-12.96875,2,2token,incomplete_phrase
strollers,shop in,-12.96875,2,2token,not_valid_noun
strollers,is an,-12.96875,2,2token,not_valid_noun
strollers,__________ -,-13.0,2,2token,not_valid_noun
strollers,swings,-13.0,1,single_token,not_valid_noun
strollers,outdoor .,-13.0,2,2token,not_valid_noun
strollers,........ ...,-13.0,2,2token,not_valid_noun
strollers,seat or,-13.0,2,2token,not_valid_noun
strollers,........ Write,-13.0,2,2token,not_valid_noun
strollers,eye,-13.0,1,single_token,incomplete_phrase
strollers,He,-13.0,1,single_token,not_valid_noun
strollers,hair,-13.0,1,single_token,incomplete_phrase
strollers,to transport,-13.0,2,2token,not_valid_noun
strollers,ar,-13.0,1,single_token,not_valid_noun
strollers,,-13.0,1,single_token,not_valid_noun
strollers,carry __________,-13.0,2,2token,not_valid_noun
strollers,wh,-13.0,1,single_token,not_valid_noun
strollers,equipment we,-13.0,2,2token,not_valid_noun
strollers,__________ equipment,-13.0,2,2token,not_valid_noun
strollers,__________ vehicle,-13.0,2,2token,not_valid_noun
strollers,carriages,-13.0,2,2token,not_valid_noun
strollers,portable travel,-13.0,2,2token,incomplete_phrase
strollers,__________,-13.0,2,2token,not_valid_noun
strollers,........ complete,-13.0,2,2token,not_valid_noun
strollers,carriages and,-13.0,2,2token,incomplete_phrase
strollers,double,-13.0,1,single_token,incomplete_phrase
strollers,disabled,-13.0,1,single_token,incomplete_phrase
strollers,hand carried,-13.0,2,2token,incomplete_phrase
strollers,things on,-13.0,2,2token,not_valid_noun
strollers,american,-13.0,1,single_token,incomplete_phrase
strollers,cloth (,-13.0,2,2token,not_valid_noun
strollers,belong,-13.0,1,single_token,not_valid_noun
strollers,flying,-13.0,1,single_token,incomplete_phrase
strollers,grown,-13.0,1,single_token,not_valid_noun
strollers,access,-13.0,1,single_token,incomplete_phrase
strollers,cars complete,-13.0,2,2token,not_valid_noun
strollers,,-13.0,1,single_token,not_valid_noun
strollers,handicapped,-13.0,1,single_token,incomplete_phrase
strollers,Description,-13.0,1,single_token,incomplete_phrase
strollers,ice,-13.0,1,single_token,incomplete_phrase
strollers,Do,-13.0,1,single_token,not_valid_noun
strollers,put,-13.0,1,single_token,incomplete_phrase
strollers,temporary,-13.0,1,single_token,incomplete_phrase
strollers,Qu,-13.0,1,single_token,not_valid_noun
strollers,Parent,-13.0,1,single_token,incomplete_phrase
strollers,arti,-13.0,1,single_token,not_valid_noun
strollers,minivan,-13.0,1,single_token,not_valid_noun
strollers,c ar,-13.0,2,2token,not_valid_noun
strollers,device (,-13.0,2,2token,not_valid_noun
strollers,up,-13.0,1,single_token,not_valid_noun
strollers,________ used,-13.015625,2,2token,not_valid_noun
strollers,________ and,-13.015625,2,2token,not_valid_noun
strollers,vehicle at,-13.015625,2,2token,not_valid_noun
strollers,________ I,-13.015625,2,2token,not_valid_noun
strollers,________ toy,-13.015625,2,2token,not_valid_noun
strollers,________ of,-13.015625,2,2token,not_valid_noun
strollers,chair to,-13.03125,2,2token,not_valid_noun
strollers,______ ____________,-13.03125,2,2token,not_valid_noun
strollers,", ____",-13.03125,2,2token,not_valid_noun
strollers,", Fill",-13.03125,2,2token,not_valid_noun
strollers,__ a,-13.03125,2,2token,not_valid_noun
strollers,", ...",-13.03125,2,2token,not_valid_noun
strollers,______,-13.03125,2,2token,not_valid_noun
strollers,"______ ,",-13.03125,2,2token,not_valid_noun
strollers,bicycle and,-13.03125,2,2token,incomplete_phrase
strollers,_______ and,-13.03125,2,2token,not_valid_noun
strollers,____ What,-13.03125,2,2token,not_valid_noun
strollers,____ that,-13.03125,2,2token,not_valid_noun
strollers,something to,-13.03125,2,2token,not_valid_noun
strollers,transport -,-13.03125,2,2token,not_valid_noun
strollers,", used",-13.03125,2,2token,not_valid_noun
strollers,", car",-13.03125,2,2token,not_valid_noun
strollers,? In,-13.03125,2,2token,not_valid_noun
strollers,_________ For,-13.03125,2,2token,not_valid_noun
strollers,_________ In,-13.03125,2,2token,not_valid_noun
strollers,_________ in,-13.03125,2,2token,not_valid_noun
strollers,_______ ____________,-13.03125,2,2token,not_valid_noun
strollers,appliance used,-13.03125,2,2token,incomplete_phrase
strollers,item a,-13.03125,2,2token,not_valid_noun
strollers,children accessories,-13.03125,2,2token,not_valid_noun
strollers,_______ ....,-13.03125,2,2token,not_valid_noun
strollers,item needed,-13.03125,2,2token,incomplete_phrase
strollers,cart Fill,-13.03125,2,2token,not_valid_noun
strollers,cart is,-13.03125,2,2token,not_valid_noun
strollers,_________ or,-13.03125,2,2token,not_valid_noun
strollers,_________ vehicle,-13.03125,2,2token,not_valid_noun
strollers,"_______ ,",-13.03125,2,2token,not_valid_noun
strollers,walking ____,-13.03125,2,2token,not_valid_noun
strollers,game .,-13.03125,2,2token,not_valid_noun
strollers,bags to,-13.03125,2,2token,not_valid_noun
strollers,____ Select,-13.03125,2,2token,not_valid_noun
strollers,_______ or,-13.03125,2,2token,not_valid_noun
strollers,_______ -,-13.03125,2,2token,not_valid_noun
strollers,____ and,-13.03125,2,2token,not_valid_noun
strollers,_________ COMPLETE,-13.03125,2,2token,not_valid_noun
strollers,bags of,-13.03125,2,2token,not_valid_noun
strollers,wagon complete,-13.03125,2,2token,not_valid_noun
strollers,", as",-13.03125,2,2token,not_valid_noun
strollers,? COMPLETE,-13.03125,2,2token,not_valid_noun
strollers,_ In,-13.03125,2,2token,not_valid_noun
strollers,______,-13.03125,2,2token,not_valid_noun
strollers,carrying ________,-13.03125,2,2token,not_valid_noun
strollers,_ For,-13.03125,2,2token,not_valid_noun
strollers,kind .,-13.03125,2,2token,not_valid_noun
strollers,chair in,-13.03125,2,2token,not_valid_noun
strollers,? Correct,-13.03125,2,2token,not_valid_noun
strollers,"? ,",-13.03125,2,2token,not_valid_noun
strollers,object we,-13.03125,2,2token,not_valid_noun
strollers,What other,-13.03125,2,2token,not_valid_noun
strollers,What you,-13.03125,2,2token,not_valid_noun
strollers,chair ______,-13.03125,2,2token,not_valid_noun
strollers,mobility ________,-13.03125,2,2token,not_valid_noun
strollers,item which,-13.03125,2,2token,incomplete_phrase
strollers,push the,-13.03125,2,2token,incomplete_phrase
strollers,___________ ____________,-13.03125,2,2token,not_valid_noun
strollers,_. I,-13.03125,2,2token,not_valid_noun
strollers,bag is,-13.03125,2,2token,not_valid_noun
strollers,bag you,-13.03125,2,2token,incomplete_phrase
strollers,bag _,-13.03125,2,2token,not_valid_noun
strollers,bag ...,-13.03125,2,2token,not_valid_noun
strollers,fruit .,-13.03125,2,2token,not_valid_noun
strollers,____________ ___________,-13.03125,2,2token,not_valid_noun
strollers,____________ A,-13.03125,2,2token,not_valid_noun
strollers,_. Use,-13.03125,2,2token,not_valid_noun
strollers,broken,-13.0625,1,single_token,not_valid_noun
strollers,multiple,-13.0625,1,single_token,incomplete_phrase
strollers,Some,-13.0625,1,single_token,incomplete_phrase
strollers,/ not,-13.0625,2,2token,not_valid_noun
strollers,- ________,-13.0625,2,2token,not_valid_noun
strollers,.. ...,-13.0625,2,2token,not_valid_noun
strollers,thing or,-13.0625,2,2token,not_valid_noun
strollers,to .,-13.0625,2,2token,not_valid_noun
strollers,the transport,-13.0625,2,2token,not_valid_noun
strollers,gadget used,-13.0625,2,2token,incomplete_phrase
strollers,.... ....,-13.0625,2,2token,not_valid_noun
strollers,"-,",-13.0625,1,single_token,not_valid_noun
strollers,anna,-13.0625,1,single_token,incomplete_phrase
strollers,â,-13.0625,1,single_token,not_valid_noun
strollers,basket Complete,-13.0625,2,2token,not_valid_noun
strollers,dangerous,-13.0625,1,single_token,not_valid_noun
strollers,Baby ________,-13.0625,2,2token,not_valid_noun
strollers,Baby ...,-13.0625,2,2token,not_valid_noun
strollers,tennis,-13.0625,1,single_token,incomplete_phrase
strollers,- Fill,-13.0625,2,2token,not_valid_noun
strollers,sul,-13.0625,1,single_token,not_valid_noun
strollers,cre,-13.0625,1,single_token,not_valid_noun
strollers,similar,-13.0625,1,single_token,not_valid_noun
strollers,American,-13.0625,1,single_token,incomplete_phrase
strollers,holding,-13.0625,1,single_token,incomplete_phrase
strollers,pers,-13.0625,1,single_token,not_valid_noun
strollers,：,-13.0625,1,single_token,not_valid_noun
strollers,equipe,-13.0625,1,single_token,not_valid_noun
strollers,handlebar,-13.0625,1,single_token,not_valid_noun
strollers,...],-13.0625,1,single_token,not_valid_noun
strollers,handles,-13.0625,1,single_token,not_valid_noun
strollers,ul,-13.0625,1,single_token,not_valid_noun
strollers,carry __,-13.0625,2,2token,not_valid_noun
strollers,container in,-13.0625,2,2token,not_valid_noun
strollers,carry in,-13.0625,2,2token,not_valid_noun
strollers,.... fruit,-13.0625,2,2token,not_valid_noun
strollers,= ________,-13.0625,2,2token,not_valid_noun
strollers,carry and,-13.0625,2,2token,not_valid_noun
strollers,…. This,-13.0625,2,2token,not_valid_noun
strollers,…. ?,-13.0625,2,2token,not_valid_noun
strollers,buggy ...,-13.0625,2,2token,not_valid_noun
strollers,buggy and,-13.0625,2,2token,incomplete_phrase
strollers,…. You,-13.0625,2,2token,not_valid_noun
strollers,article that,-13.09375,2,2token,incomplete_phrase
strollers,carrier complete,-13.09375,2,2token,not_valid_noun
strollers,are complete,-13.09375,2,2token,not_valid_noun
strollers,: vehicle,-13.09375,2,2token,not_valid_noun
strollers,: Select,-13.09375,2,2token,not_valid_noun
strollers,for st,-13.09375,2,2token,not_valid_noun
strollers,babys,-13.09375,2,2token,not_valid_noun
strollers,tools Complete,-13.09375,2,2token,not_valid_noun
strollers,babies items,-13.09375,2,2token,not_valid_noun
strollers,( vehicle,-13.09375,2,2token,not_valid_noun
strollers,trolley COMPLETE,-13.09375,2,2token,not_valid_noun
strollers,bottle Complete,-13.09375,2,2token,not_valid_noun
strollers,used as,-13.09375,2,2token,not_valid_noun
strollers,house (,-13.09375,2,2token,not_valid_noun
strollers,conveyance .,-13.09375,2,2token,not_valid_noun
strollers,sports equi,-13.09375,2,2token,incomplete_phrase
strollers,shop (,-13.09375,2,2token,not_valid_noun
strollers,The car,-13.09375,2,2token,not_valid_noun
strollers,an stroller,-13.09375,2,2token,not_valid_noun
strollers,an .,-13.09375,2,2token,not_valid_noun
strollers,an,-13.09375,2,2token,not_valid_noun
strollers,【,-13.125,1,single_token,not_valid_noun
strollers,alat,-13.125,1,single_token,not_valid_noun
strollers,bac,-13.125,1,single_token,incomplete_phrase
strollers,lifting,-13.125,1,single_token,not_valid_noun
strollers,borne,-13.125,1,single_token,not_valid_noun
strollers,portable sleeping,-13.125,2,2token,incomplete_phrase
strollers,Walk,-13.125,1,single_token,incomplete_phrase
strollers,©,-13.125,1,single_token,not_valid_noun
strollers,MP,-13.125,1,single_token,not_valid_noun
strollers,lav,-13.125,1,single_token,not_valid_noun
strollers,bought,-13.125,1,single_token,not_valid_noun
strollers,Tri,-13.125,1,single_token,incomplete_phrase
strollers,of (,-13.125,2,2token,not_valid_noun
strollers,of carriage,-13.125,2,2token,not_valid_noun
strollers,,-13.125,1,single_token,not_valid_noun
strollers,cars and,-13.125,2,2token,incomplete_phrase
strollers,ball .,-13.125,2,2token,not_valid_noun
strollers,diapers,-13.125,1,single_token,not_valid_noun
strollers,sth,-13.125,1,single_token,not_valid_noun
strollers,........ Fill,-13.125,2,2token,not_valid_noun
strollers,doll (,-13.125,2,2token,not_valid_noun
strollers,every,-13.125,1,single_token,incomplete_phrase
strollers,if,-13.125,1,single_token,not_valid_noun
strollers,tre,-13.125,1,single_token,not_valid_noun
strollers,har,-13.125,1,single_token,not_valid_noun
strollers,ne,-13.125,1,single_token,not_valid_noun
strollers,seat on,-13.125,2,2token,not_valid_noun
strollers,Toy for,-13.125,2,2token,incomplete_phrase
strollers,cars or,-13.125,2,2token,not_valid_noun
strollers,bi,-13.125,1,single_token,not_valid_noun
strollers,extra,-13.125,1,single_token,incomplete_phrase
strollers,of bicycle,-13.125,2,2token,not_valid_noun
strollers,of ...,-13.125,2,2token,not_valid_noun
strollers,__________ ....,-13.125,2,2token,not_valid_noun
strollers,__________ or,-13.125,2,2token,not_valid_noun
strollers,carriages or,-13.125,2,2token,not_valid_noun
strollers,......... (,-13.125,2,2token,not_valid_noun
strollers,‎,-13.125,1,single_token,not_valid_noun
strollers,things needed,-13.125,2,2token,incomplete_phrase
strollers,machine Read,-13.125,2,2token,not_valid_noun
strollers,equipment necessary,-13.125,2,2token,incomplete_phrase
strollers,machine which,-13.125,2,2token,incomplete_phrase
strollers,which word,-13.125,2,2token,not_valid_noun
strollers,female,-13.125,1,single_token,incomplete_phrase
strollers,named,-13.125,1,single_token,not_valid_noun
strollers,__________ is,-13.125,2,2token,not_valid_noun
strollers,__________ [,-13.125,2,2token,not_valid_noun
strollers,__________ in,-13.125,2,2token,not_valid_noun
strollers,________ _________,-13.140625,2,2token,not_valid_noun
strollers,toys which,-13.15625,2,2token,incomplete_phrase
strollers,toys ____,-13.15625,2,2token,not_valid_noun
strollers,carriage .....,-13.15625,2,2token,not_valid_noun
strollers,accessories to,-13.15625,2,2token,not_valid_noun
strollers,? Select,-13.15625,2,2token,not_valid_noun
strollers,? ____,-13.15625,2,2token,not_valid_noun
strollers,______ is,-13.15625,2,2token,not_valid_noun
strollers,______ For,-13.15625,2,2token,not_valid_noun
strollers,______ used,-13.15625,2,2token,not_valid_noun
strollers,______ :,-13.15625,2,2token,not_valid_noun
strollers,appliance (,-13.15625,2,2token,not_valid_noun
strollers,appliance to,-13.15625,2,2token,not_valid_noun
strollers,vehicles in,-13.15625,2,2token,not_valid_noun
strollers,carriage A,-13.15625,2,2token,not_valid_noun
strollers,carriage Read,-13.15625,2,2token,not_valid_noun
strollers,carriage ..,-13.15625,2,2token,not_valid_noun
strollers,carriage [,-13.15625,2,2token,not_valid_noun
strollers,..... ________,-13.15625,2,2token,not_valid_noun
strollers,..... fruit,-13.15625,2,2token,not_valid_noun
strollers,______ I,-13.15625,2,2token,not_valid_noun
strollers,transportation with,-13.15625,2,2token,incomplete_phrase
strollers,transportation at,-13.15625,2,2token,not_valid_noun
strollers,transportation -,-13.15625,2,2token,not_valid_noun
strollers,transportation which,-13.15625,2,2token,incomplete_phrase
strollers,transportation around,-13.15625,2,2token,incomplete_phrase
strollers,transportation _____,-13.15625,2,2token,not_valid_noun
strollers,carrying c,-13.15625,2,2token,not_valid_noun
strollers,carrying ____,-13.15625,2,2token,not_valid_noun
strollers,What was,-13.15625,2,2token,not_valid_noun
strollers,blanket for,-13.15625,2,2token,incomplete_phrase
strollers,____,-13.15625,2,2token,not_valid_noun
strollers,____ in,-13.15625,2,2token,not_valid_noun
strollers,______ __,-13.15625,2,2token,not_valid_noun
strollers,automobile ________,-13.15625,2,2token,not_valid_noun
strollers,chair _______,-13.15625,2,2token,not_valid_noun
strollers,wagon used,-13.15625,2,2token,incomplete_phrase
strollers,carts used,-13.15625,2,2token,incomplete_phrase
strollers,_______ is,-13.15625,2,2token,not_valid_noun
strollers,_______ are,-13.15625,2,2token,not_valid_noun
strollers,_______ :,-13.15625,2,2token,not_valid_noun
strollers,_______ For,-13.15625,2,2token,not_valid_noun
strollers,walking ______,-13.15625,2,2token,not_valid_noun
strollers,____ I,-13.15625,2,2token,not_valid_noun
strollers,____ or,-13.15625,2,2token,not_valid_noun
strollers,", __",-13.15625,2,2token,not_valid_noun
strollers,bag ____,-13.15625,2,2token,not_valid_noun
strollers,Pram is,-13.15625,2,2token,not_valid_noun
strollers,", like",-13.15625,2,2token,not_valid_noun
strollers,", an",-13.15625,2,2token,not_valid_noun
strollers,tool /,-13.15625,2,2token,not_valid_noun
strollers,tool _____,-13.15625,2,2token,not_valid_noun
strollers,tool made,-13.15625,2,2token,incomplete_phrase
strollers,", I",-13.15625,2,2token,not_valid_noun
strollers,bags used,-13.15625,2,2token,incomplete_phrase
strollers,", you",-13.15625,2,2token,not_valid_noun
strollers,_________ I,-13.15625,2,2token,not_valid_noun
strollers,mobility ____,-13.15625,2,2token,not_valid_noun
strollers,mobility (,-13.15625,2,2token,not_valid_noun
strollers,_. ...,-13.15625,2,2token,not_valid_noun
strollers,_________ is,-13.15625,2,2token,not_valid_noun
strollers,backpack for,-13.15625,2,2token,incomplete_phrase
strollers,______ toys,-13.15625,2,2token,not_valid_noun
strollers,______ Select,-13.15625,2,2token,not_valid_noun
strollers,______ vehicle,-13.15625,2,2token,not_valid_noun
strollers,______ equipment,-13.15625,2,2token,not_valid_noun
strollers,transport _______,-13.15625,2,2token,not_valid_noun
strollers,transport …,-13.15625,2,2token,not_valid_noun
strollers,transport around,-13.15625,2,2token,not_valid_noun
strollers,…. How,-13.1875,2,2token,not_valid_noun
strollers,/ used,-13.1875,2,2token,not_valid_noun
strollers,- toy,-13.1875,2,2token,not_valid_noun
strollers,/ Complete,-13.1875,2,2token,not_valid_noun
strollers,= ____,-13.1875,2,2token,not_valid_noun
strollers,.... More,-13.1875,2,2token,not_valid_noun
strollers,safety .,-13.1875,2,2token,not_valid_noun
strollers,Baby or,-13.1875,2,2token,not_valid_noun
strollers,Kids,-13.1875,1,single_token,incomplete_phrase
strollers,xe,-13.1875,1,single_token,not_valid_noun
strollers,type (,-13.1875,2,2token,not_valid_noun
strollers,c,-13.1875,2,2token,not_valid_noun
strollers,....... complete,-13.1875,2,2token,not_valid_noun
strollers,wheels complete,-13.1875,2,2token,not_valid_noun
strollers,wheels ________,-13.1875,2,2token,not_valid_noun
strollers,....... The,-13.1875,2,2token,not_valid_noun
strollers,PR,-13.1875,1,single_token,not_valid_noun
strollers,Yes,-13.1875,1,single_token,not_valid_noun
strollers,measures,-13.1875,1,single_token,not_valid_noun
strollers,commercial,-13.1875,1,single_token,incomplete_phrase
strollers,.... Correct,-13.1875,2,2token,not_valid_noun
strollers,to do,-13.1875,2,2token,not_valid_noun
strollers,product of,-13.1875,2,2token,not_valid_noun
strollers,rolling wheeled,-13.1875,2,2token,incomplete_phrase
strollers,strong,-13.1875,1,single_token,not_valid_noun
strollers,........... A,-13.1875,2,2token,not_valid_noun
strollers,........... a,-13.1875,2,2token,not_valid_noun
strollers,An,-13.1875,1,single_token,not_valid_noun
strollers,driving,-13.1875,1,single_token,incomplete_phrase
strollers,Christmas,-13.1875,1,single_token,incomplete_phrase
strollers,rail,-13.1875,1,single_token,incomplete_phrase
strollers,.... COMPLETE,-13.1875,2,2token,not_valid_noun
strollers,buggy /,-13.1875,2,2token,not_valid_noun
strollers,.. Write,-13.1875,2,2token,not_valid_noun
strollers,the following,-13.1875,2,2token,not_valid_noun
strollers,...... Write,-13.1875,2,2token,not_valid_noun
strollers,…. We,-13.1875,2,2token,not_valid_noun
strollers,was,-13.1875,1,single_token,not_valid_noun
strollers,...... ...,-13.1875,2,2token,not_valid_noun
strollers,belongs,-13.1875,1,single_token,not_valid_noun
strollers,sb,-13.1875,1,single_token,not_valid_noun
strollers,verv,-13.1875,1,single_token,not_valid_noun
strollers,buggy COMPLETE,-13.1875,2,2token,not_valid_noun
strollers,skates,-13.1875,1,single_token,not_valid_noun
strollers,??????,-13.1875,1,single_token,not_valid_noun
strollers,Useful,-13.1875,1,single_token,not_valid_noun
strollers,furniture -,-13.21875,2,2token,not_valid_noun
strollers,for small,-13.21875,2,2token,not_valid_noun
strollers,article (,-13.21875,2,2token,not_valid_noun
strollers,bicycles .,-13.21875,2,2token,not_valid_noun
strollers,( thing,-13.21875,2,2token,not_valid_noun
strollers,infant …,-13.21875,2,2token,not_valid_noun
strollers,infant safety,-13.21875,2,2token,incomplete_phrase
strollers,( something,-13.21875,2,2token,not_valid_noun
strollers,for toddlers,-13.21875,2,2token,not_valid_noun
strollers,The noun,-13.21875,2,2token,not_valid_noun
strollers,prop to,-13.21875,2,2token,not_valid_noun
strollers,are .,-13.21875,2,2token,not_valid_noun
strollers,The two,-13.21875,2,2token,not_valid_noun
strollers,small children,-13.21875,2,2token,incomplete_phrase
strollers,carrier or,-13.21875,2,2token,not_valid_noun
strollers,prop used,-13.21875,2,2token,incomplete_phrase
strollers,prop or,-13.21875,2,2token,not_valid_noun
strollers,bottle for,-13.21875,2,2token,incomplete_phrase
strollers,: cart,-13.21875,2,2token,not_valid_noun
strollers,sports ________,-13.21875,2,2token,not_valid_noun
strollers,trailer Complete,-13.21875,2,2token,not_valid_noun
strollers,for families,-13.21875,2,2token,not_valid_noun
strollers,an outdoor,-13.21875,2,2token,not_valid_noun
strollers,exercise ________,-13.21875,2,2token,not_valid_noun
strollers,instrument (,-13.21875,2,2token,not_valid_noun
strollers,trolley /,-13.21875,2,2token,not_valid_noun
strollers,trolley completed,-13.21875,2,2token,not_valid_noun
strollers,: _,-13.21875,2,2token,not_valid_noun
strollers,is for,-13.21875,2,2token,not_valid_noun
strollers,an toy,-13.21875,2,2token,not_valid_noun
strollers,st ...,-13.21875,2,2token,not_valid_noun
strollers,: the,-13.21875,2,2token,not_valid_noun
strollers,miniature,-13.25,1,single_token,incomplete_phrase
strollers,Carrying,-13.25,1,single_token,not_valid_noun
strollers,.*,-13.25,1,single_token,not_valid_noun
strollers,As,-13.25,1,single_token,not_valid_noun
strollers,teenager,-13.25,1,single_token,not_valid_noun
strollers,mou,-13.25,1,single_token,incomplete_phrase
strollers,to children,-13.25,2,2token,not_valid_noun
strollers,chairs for,-13.25,2,2token,incomplete_phrase
strollers,bed .,-13.25,2,2token,not_valid_noun
strollers,sewing,-13.25,1,single_token,incomplete_phrase
strollers,pots,-13.25,1,single_token,not_valid_noun
strollers,handic,-13.25,1,single_token,incomplete_phrase
strollers,portable wheeled,-13.25,2,2token,not_valid_noun
strollers,Macy,-13.25,1,single_token,not_valid_noun
strollers,portable wheel,-13.25,2,2token,incomplete_phrase
strollers,caro,-13.25,1,single_token,incomplete_phrase
strollers,Bags,-13.25,1,single_token,not_valid_noun
strollers,viagra,-13.25,1,single_token,not_valid_noun
strollers,portable (,-13.25,2,2token,not_valid_noun
strollers,equipment designed,-13.25,2,2token,incomplete_phrase
strollers,equipment ________,-13.25,2,2token,not_valid_noun
strollers,night,-13.25,1,single_token,incomplete_phrase
strollers,equipment on,-13.25,2,2token,not_valid_noun
strollers,equipment Read,-13.25,2,2token,not_valid_noun
strollers,equipment complete,-13.25,2,2token,not_valid_noun
strollers,which you,-13.25,2,2token,not_valid_noun
strollers,Recreational,-13.25,1,single_token,not_valid_noun
strollers,wheelchair for,-13.25,2,2token,incomplete_phrase
strollers,contains,-13.25,1,single_token,not_valid_noun
strollers,dia,-13.25,1,single_token,not_valid_noun
strollers,wheelchair (,-13.25,2,2token,not_valid_noun
strollers,Fer,-13.25,1,single_token,not_valid_noun
strollers,traditional,-13.25,1,single_token,not_valid_noun
strollers,mobile (,-13.25,2,2token,not_valid_noun
strollers,kids ',-13.25,2,2token,not_valid_noun
strollers,device you,-13.25,2,2token,not_valid_noun
strollers,mobile shopping,-13.25,2,2token,incomplete_phrase
strollers,If,-13.25,1,single_token,not_valid_noun
strollers,ox,-13.25,1,single_token,not_valid_noun
strollers,lay,-13.25,1,single_token,incomplete_phrase
strollers,called,-13.25,1,single_token,not_valid_noun
strollers,Jack,-13.25,1,single_token,incomplete_phrase
strollers,Ger,-13.25,1,single_token,incomplete_phrase
strollers,☐,-13.25,1,single_token,not_valid_noun
strollers,Because,-13.25,1,single_token,not_valid_noun
strollers,au,-13.25,1,single_token,not_valid_noun
strollers,Spring,-13.25,1,single_token,incomplete_phrase
strollers,fishing,-13.25,1,single_token,incomplete_phrase
strollers,equipment and,-13.25,2,2token,incomplete_phrase
strollers,full,-13.25,1,single_token,incomplete_phrase
strollers,bir,-13.25,1,single_token,not_valid_noun
strollers,__________ to,-13.25,2,2token,not_valid_noun
strollers,__________ For,-13.25,2,2token,not_valid_noun
strollers,ele,-13.25,1,single_token,not_valid_noun
strollers,bean,-13.25,1,single_token,incomplete_phrase
strollers,__________ __,-13.25,2,2token,not_valid_noun
strollers,trans,-13.25,1,single_token,not_valid_noun
strollers,seat (,-13.25,2,2token,not_valid_noun
strollers,of cart,-13.25,2,2token,not_valid_noun
strollers,doll for,-13.25,2,2token,incomplete_phrase
strollers,cars in,-13.25,2,2token,not_valid_noun
strollers,seat in,-13.25,2,2token,not_valid_noun
strollers,c ________,-13.25,2,2token,not_valid_noun
strollers,outdoor,-13.25,2,2token,incomplete_phrase
strollers,casual,-13.25,1,single_token,not_valid_noun
strollers,........ Read,-13.25,2,2token,not_valid_noun
strollers,of wheeled,-13.25,2,2token,not_valid_noun
strollers,outdoor recreational,-13.25,2,2token,incomplete_phrase
strollers,________ or,-13.265625,2,2token,not_valid_noun
strollers,________ is,-13.265625,2,2token,not_valid_noun
strollers,_______ [,-13.28125,2,2token,not_valid_noun
strollers,_______ vehicle,-13.28125,2,2token,not_valid_noun
strollers,_______ __________,-13.28125,2,2token,not_valid_noun
strollers,_________ bike,-13.28125,2,2token,not_valid_noun
strollers,_________ They,-13.28125,2,2token,not_valid_noun
strollers,bicycle COMPLETE,-13.28125,2,2token,not_valid_noun
strollers,transport with,-13.28125,2,2token,not_valid_noun
strollers,bicycle in,-13.28125,2,2token,not_valid_noun
strollers,_______ I,-13.28125,2,2token,not_valid_noun
strollers,", etc",-13.28125,2,2token,not_valid_noun
strollers,", _______",-13.28125,2,2token,not_valid_noun
strollers,bag ....,-13.28125,2,2token,not_valid_noun
strollers,carrying the,-13.28125,2,2token,incomplete_phrase
strollers,tool ....,-13.28125,2,2token,not_valid_noun
strollers,tool and,-13.28125,2,2token,incomplete_phrase
strollers,", in",-13.28125,2,2token,not_valid_noun
strollers,", that",-13.28125,2,2token,not_valid_noun
strollers,_________ to,-13.28125,2,2token,not_valid_noun
strollers,carriage :,-13.28125,2,2token,not_valid_noun
strollers,transportation from,-13.28125,2,2token,incomplete_phrase
strollers,_______ Read,-13.28125,2,2token,not_valid_noun
strollers,chair and,-13.28125,2,2token,incomplete_phrase
strollers,cart on,-13.28125,2,2token,not_valid_noun
strollers,bag -,-13.28125,2,2token,not_valid_noun
strollers,transportation ______,-13.28125,2,2token,not_valid_noun
strollers,tool ____,-13.28125,2,2token,not_valid_noun
strollers,transportation is,-13.28125,2,2token,not_valid_noun
strollers,transportation Completed,-13.28125,2,2token,not_valid_noun
strollers,____________ ____,-13.28125,2,2token,not_valid_noun
strollers,cart Read,-13.28125,2,2token,not_valid_noun
strollers,What word,-13.28125,2,2token,not_valid_noun
strollers,? ....,-13.28125,2,2token,not_valid_noun
strollers,? Read,-13.28125,2,2token,not_valid_noun
strollers,___________ of,-13.28125,2,2token,not_valid_noun
strollers,___________ What,-13.28125,2,2token,not_valid_noun
strollers,children carrying,-13.28125,2,2token,incomplete_phrase
strollers,children _.,-13.28125,2,2token,not_valid_noun
strollers,cart of,-13.28125,2,2token,not_valid_noun
strollers,children ...,-13.28125,2,2token,not_valid_noun
strollers,___________ ______,-13.28125,2,2token,not_valid_noun
strollers,? toy,-13.28125,2,2token,not_valid_noun
strollers,..... _______,-13.28125,2,2token,not_valid_noun
strollers,..... ....,-13.28125,2,2token,not_valid_noun
strollers,..... Answer,-13.28125,2,2token,not_valid_noun
strollers,..... Which,-13.28125,2,2token,not_valid_noun
strollers,accessories that,-13.28125,2,2token,incomplete_phrase
strollers,carriage The,-13.28125,2,2token,incomplete_phrase
strollers,bike complete,-13.28125,2,2token,not_valid_noun
strollers,toys _____,-13.28125,2,2token,not_valid_noun
strollers,toys a,-13.28125,2,2token,not_valid_noun
strollers,transport /,-13.28125,2,2token,not_valid_noun
strollers,outer,-13.3125,1,single_token,incomplete_phrase
strollers,cant,-13.3125,1,single_token,incomplete_phrase
strollers,ves,-13.3125,1,single_token,not_valid_noun
strollers,closed,-13.3125,1,single_token,not_valid_noun
strollers,:),-13.3125,1,single_token,not_valid_noun
strollers,gro,-13.3125,1,single_token,not_valid_noun
strollers,regular,-13.3125,1,single_token,incomplete_phrase
strollers,reading,-13.3125,1,single_token,not_valid_noun
strollers,sup,-13.3125,1,single_token,incomplete_phrase
strollers,names,-13.3125,1,single_token,not_valid_noun
strollers,…. Match,-13.3125,2,2token,not_valid_noun
strollers,manufactured,-13.3125,1,single_token,not_valid_noun
strollers,gardening,-13.3125,1,single_token,incomplete_phrase
strollers,garments,-13.3125,1,single_token,not_valid_noun
strollers,six,-13.3125,1,single_token,incomplete_phrase
strollers,product in,-13.3125,2,2token,not_valid_noun
strollers,product used,-13.3125,2,2token,incomplete_phrase
strollers,what people,-13.3125,2,2token,not_valid_noun
strollers,what Complete,-13.3125,2,2token,not_valid_noun
strollers,*****,-13.3125,1,single_token,not_valid_noun
strollers,carnival,-13.3125,1,single_token,incomplete_phrase
strollers,~~,-13.3125,1,single_token,not_valid_noun
strollers,((),-13.3125,1,single_token,not_valid_noun
strollers,$:$,-13.3125,1,single_token,not_valid_noun
strollers,carri ...,-13.3125,2,2token,not_valid_noun
strollers,.... of,-13.3125,2,2token,not_valid_noun
strollers,.... is,-13.3125,2,2token,not_valid_noun
strollers,.... You,-13.3125,2,2token,not_valid_noun
strollers,.... Please,-13.3125,2,2token,not_valid_noun
strollers,.... Match,-13.3125,2,2token,not_valid_noun
strollers,.... ________,-13.3125,2,2token,not_valid_noun
strollers,.... ____,-13.3125,2,2token,not_valid_noun
strollers,brit,-13.3125,1,single_token,incomplete_phrase
strollers,the .,-13.3125,2,2token,not_valid_noun
strollers,the item,-13.3125,2,2token,not_valid_noun
strollers,the means,-13.3125,2,2token,not_valid_noun
strollers,the store,-13.3125,2,2token,not_valid_noun
strollers,the equipment,-13.3125,2,2token,not_valid_noun
strollers,the wheels,-13.3125,2,2token,not_valid_noun
strollers,the automobile,-13.3125,2,2token,not_valid_noun
strollers,the ________,-13.3125,2,2token,not_valid_noun
strollers,safety for,-13.3125,2,2token,incomplete_phrase
strollers,.. Answer,-13.3125,2,2token,not_valid_noun
strollers,- A,-13.3125,2,2token,not_valid_noun
strollers,.. Use,-13.3125,2,2token,not_valid_noun
strollers,= A,-13.3125,2,2token,not_valid_noun
strollers,A .,-13.3125,2,2token,not_valid_noun
strollers,A vehicle,-13.3125,2,2token,not_valid_noun
strollers,A,-13.3125,2,2token,not_valid_noun
strollers,activity that,-13.3125,2,2token,incomplete_phrase
strollers,buggy used,-13.3125,2,2token,incomplete_phrase
strollers,buggy ________,-13.3125,2,2token,not_valid_noun
strollers,rolling .,-13.3125,2,2token,not_valid_noun
strollers,the noun,-13.3125,2,2token,not_valid_noun
strollers,the,-13.3125,2,2token,not_valid_noun
strollers,wheels with,-13.3125,2,2token,incomplete_phrase
strollers,....... ?,-13.3125,2,2token,not_valid_noun
strollers,ci,-13.3125,1,single_token,not_valid_noun
strollers,cycles,-13.3125,1,single_token,not_valid_noun
strollers,Present,-13.3125,1,single_token,incomplete_phrase
strollers,tiny,-13.3125,1,single_token,not_valid_noun
strollers,pos,-13.3125,1,single_token,not_valid_noun
strollers,same,-13.3125,1,single_token,incomplete_phrase
strollers,best,-13.3125,1,single_token,incomplete_phrase
strollers,air,-13.3125,1,single_token,incomplete_phrase
strollers,mal,-13.3125,1,single_token,incomplete_phrase
strollers,->,-13.3125,1,single_token,not_valid_noun
strollers,cases,-13.3125,1,single_token,not_valid_noun
strollers,…. Select,-13.3125,2,2token,not_valid_noun
strollers,Mode,-13.3125,1,single_token,incomplete_phrase
strollers,thing of,-13.3125,2,2token,not_valid_noun
strollers,thing I,-13.3125,2,2token,not_valid_noun
strollers,thing made,-13.3125,2,2token,incomplete_phrase
strollers,carrier of,-13.34375,2,2token,not_valid_noun
strollers,The best,-13.34375,2,2token,not_valid_noun
strollers,carrier used,-13.34375,2,2token,incomplete_phrase
strollers,…… Read,-13.34375,2,2token,not_valid_noun
strollers,…… ..,-13.34375,2,2token,not_valid_noun
strollers,…… Choose,-13.34375,2,2token,not_valid_noun
strollers,trolley _____,-13.34375,2,2token,not_valid_noun
strollers,used with,-13.34375,2,2token,not_valid_noun
strollers,sports utility,-13.34375,2,2token,incomplete_phrase
strollers,: -,-13.34375,2,2token,not_valid_noun
strollers,: COMPLETE,-13.34375,2,2token,not_valid_noun
strollers,furniture COMPLETE,-13.34375,2,2token,not_valid_noun
strollers,trolley on,-13.34375,2,2token,not_valid_noun
strollers,trolley .....,-13.34375,2,2token,not_valid_noun
strollers,clothes Complete,-13.34375,2,2token,not_valid_noun
strollers,clothes and,-13.34375,2,2token,incomplete_phrase
strollers,accessory complete,-13.34375,2,2token,not_valid_noun
strollers,shops for,-13.34375,2,2token,incomplete_phrase
strollers,…………,-13.34375,2,2token,not_valid_noun
strollers,babies carriers,-13.34375,2,2token,not_valid_noun
strollers,furniture furniture,-13.34375,2,2token,incomplete_phrase
strollers,furniture .....,-13.34375,2,2token,not_valid_noun
strollers,bus Complete,-13.34375,2,2token,not_valid_noun
strollers,childrens ____,-13.34375,2,2token,not_valid_noun
strollers,infant _______,-13.34375,2,2token,not_valid_noun
strollers,childrens ________,-13.34375,2,2token,not_valid_noun
strollers,for transportation,-13.34375,2,2token,not_valid_noun
strollers,scooter .,-13.34375,2,2token,not_valid_noun
strollers,is not,-13.34375,2,2token,not_valid_noun
strollers,fun in,-13.34375,2,2token,not_valid_noun
strollers,accessory or,-13.34375,2,2token,not_valid_noun
strollers,accessory of,-13.34375,2,2token,not_valid_noun
strollers,trailer .,-13.34375,2,2token,not_valid_noun
strollers,pop,-13.375,1,single_token,incomplete_phrase
strollers,nursery furn,-13.375,2,2token,incomplete_phrase
strollers,carriages complete,-13.375,2,2token,not_valid_noun
strollers,second,-13.375,1,single_token,incomplete_phrase
strollers,around,-13.375,1,single_token,not_valid_noun
strollers,patio,-13.375,1,single_token,incomplete_phrase
strollers,climbing,-13.375,1,single_token,incomplete_phrase
strollers,necessities,-13.375,1,single_token,not_valid_noun
strollers,tric,-13.375,1,single_token,not_valid_noun
strollers,protect,-13.375,1,single_token,not_valid_noun
strollers,fec,-13.375,1,single_token,not_valid_noun
strollers,",,",-13.375,1,single_token,not_valid_noun
strollers,seat that,-13.375,2,2token,incomplete_phrase
strollers,ACTIVITY,-13.375,1,single_token,incomplete_phrase
strollers,,-13.375,1,single_token,not_valid_noun
strollers,Pull,-13.375,1,single_token,incomplete_phrase
strollers,Rolling,-13.375,1,single_token,incomplete_phrase
strollers,which has,-13.375,2,2token,not_valid_noun
strollers,transported,-13.375,1,single_token,not_valid_noun
strollers,(=,-13.375,1,single_token,not_valid_noun
strollers,WHE,-13.375,1,single_token,not_valid_noun
strollers,__________ :,-13.375,2,2token,not_valid_noun
strollers,__________ used,-13.375,2,2token,not_valid_noun
strollers,__________ Choose,-13.375,2,2token,not_valid_noun
strollers,__________ toys,-13.375,2,2token,not_valid_noun
strollers,средство,-13.375,1,single_token,not_valid_noun
strollers,automobil,-13.375,1,single_token,not_valid_noun
strollers,...,-13.375,1,single_token,not_valid_noun
strollers,families,-13.375,1,single_token,not_valid_noun
strollers,​​,-13.375,1,single_token,not_valid_noun
strollers,Halloween,-13.375,1,single_token,incomplete_phrase
strollers,Sit,-13.375,1,single_token,not_valid_noun
strollers,Wheelchair,-13.375,1,single_token,not_valid_noun
strollers,purses,-13.375,1,single_token,not_valid_noun
strollers,коля,-13.375,1,single_token,not_valid_noun
strollers,.;,-13.375,1,single_token,not_valid_noun
strollers,great,-13.375,1,single_token,incomplete_phrase
strollers,kna,-13.375,1,single_token,not_valid_noun
strollers,Kind,-13.375,1,single_token,incomplete_phrase
strollers,typical,-13.375,1,single_token,not_valid_noun
strollers,PE,-13.375,1,single_token,not_valid_noun
strollers,cloth _______,-13.375,2,2token,not_valid_noun
strollers,,-13.375,1,single_token,not_valid_noun
strollers,L,-13.375,1,single_token,not_valid_noun
strollers,quadru,-13.375,1,single_token,not_valid_noun
strollers,male,-13.375,1,single_token,incomplete_phrase
strollers,dust,-13.375,1,single_token,incomplete_phrase
strollers,ma,-13.375,1,single_token,not_valid_noun
strollers,unusual,-13.375,1,single_token,not_valid_noun
strollers,obst,-13.375,1,single_token,not_valid_noun
strollers,cara,-13.375,1,single_token,incomplete_phrase
strollers,di,-13.375,1,single_token,not_valid_noun
strollers,'.,-13.375,1,single_token,not_valid_noun
strollers,du,-13.375,1,single_token,not_valid_noun
strollers,co,-13.375,1,single_token,not_valid_noun
strollers,supermarket .,-13.375,2,2token,not_valid_noun
strollers,kid .,-13.375,2,2token,not_valid_noun
strollers,tv,-13.375,1,single_token,not_valid_noun
strollers,trav,-13.375,1,single_token,not_valid_noun
strollers,famous,-13.375,1,single_token,not_valid_noun
strollers,things with,-13.375,2,2token,incomplete_phrase
strollers,food (,-13.375,2,2token,not_valid_noun
strollers,[',-13.375,1,single_token,not_valid_noun
strollers,ty,-13.375,1,single_token,not_valid_noun
strollers,pes,-13.375,1,single_token,incomplete_phrase
strollers,of clothing,-13.375,2,2token,not_valid_noun
strollers,holidays,-13.375,1,single_token,not_valid_noun
strollers,ui,-13.375,1,single_token,not_valid_noun
strollers,real,-13.375,1,single_token,incomplete_phrase
strollers,mobile ____,-13.375,2,2token,not_valid_noun
strollers,device made,-13.375,2,2token,incomplete_phrase
strollers,of thing,-13.375,2,2token,not_valid_noun
strollers,kids ____,-13.375,2,2token,not_valid_noun
strollers,slow,-13.375,1,single_token,not_valid_noun
strollers,sex,-13.375,1,single_token,incomplete_phrase
strollers,hand,-13.375,2,2token,incomplete_phrase
strollers,help .,-13.375,2,2token,not_valid_noun
strollers,methods,-13.375,1,single_token,not_valid_noun
strollers,silla,-13.375,1,single_token,not_valid_noun
strollers,**,-13.375,1,single_token,not_valid_noun
strollers,features,-13.375,1,single_token,not_valid_noun
strollers,pick,-13.375,1,single_token,incomplete_phrase
strollers,tele,-13.375,1,single_token,incomplete_phrase
strollers,ou,-13.375,1,single_token,not_valid_noun
strollers,som,-13.375,1,single_token,not_valid_noun
strollers,________ _,-13.390625,2,2token,not_valid_noun
strollers,________ are,-13.390625,2,2token,not_valid_noun
strollers,_. Read,-13.40625,2,2token,not_valid_noun
strollers,carriage …,-13.40625,2,2token,not_valid_noun
strollers,sport and,-13.40625,2,2token,incomplete_phrase
strollers,sport complete,-13.40625,2,2token,not_valid_noun
strollers,bicycle is,-13.40625,2,2token,not_valid_noun
strollers,bicycle used,-13.40625,2,2token,incomplete_phrase
strollers,bicycle _____,-13.40625,2,2token,not_valid_noun
strollers,_. Give,-13.40625,2,2token,not_valid_noun
strollers,carriage are,-13.40625,2,2token,incomplete_phrase
strollers,toys with,-13.40625,2,2token,incomplete_phrase
strollers,bicycle Accessory,-13.40625,2,2token,incomplete_phrase
strollers,toys .....,-13.40625,2,2token,not_valid_noun
strollers,object or,-13.40625,2,2token,not_valid_noun
strollers,..... ____,-13.40625,2,2token,not_valid_noun
strollers,transport at,-13.40625,2,2token,not_valid_noun
strollers,clothing that,-13.40625,2,2token,incomplete_phrase
strollers,..... Correct,-13.40625,2,2token,not_valid_noun
strollers,__ ?,-13.40625,2,2token,not_valid_noun
strollers,something Complete,-13.40625,2,2token,not_valid_noun
strollers,carriage Fill,-13.40625,2,2token,not_valid_noun
strollers,cart Comple,-13.40625,2,2token,incomplete_phrase
strollers,cart .....,-13.40625,2,2token,not_valid_noun
strollers,", children",-13.40625,2,2token,not_valid_noun
strollers,transport _,-13.40625,2,2token,not_valid_noun
strollers,____ ________,-13.40625,2,2token,not_valid_noun
strollers,bag made,-13.40625,2,2token,incomplete_phrase
strollers,", Use",-13.40625,2,2token,not_valid_noun
strollers,", ______",-13.40625,2,2token,not_valid_noun
strollers,", i",-13.40625,2,2token,not_valid_noun
strollers,item sold,-13.40625,2,2token,incomplete_phrase
strollers,_______ In,-13.40625,2,2token,not_valid_noun
strollers,equipment _______,-13.40625,2,2token,not_valid_noun
strollers,equipment made,-13.40625,2,2token,incomplete_phrase
strollers,bag /,-13.40625,2,2token,not_valid_noun
strollers,bag _____,-13.40625,2,2token,not_valid_noun
strollers,bags or,-13.40625,2,2token,not_valid_noun
strollers,bag ______,-13.40625,2,2token,not_valid_noun
strollers,", it",-13.40625,2,2token,not_valid_noun
strollers,____ of,-13.40625,2,2token,not_valid_noun
strollers,", is",-13.40625,2,2token,not_valid_noun
strollers,recreational ...,-13.40625,2,2token,not_valid_noun
strollers,___________ ...,-13.40625,2,2token,not_valid_noun
strollers,___________ ____,-13.40625,2,2token,not_valid_noun
strollers,What should,-13.40625,2,2token,not_valid_noun
strollers,What Are,-13.40625,2,2token,not_valid_noun
strollers,chair which,-13.40625,2,2token,incomplete_phrase
strollers,chair ...,-13.40625,2,2token,not_valid_noun
strollers,___________ _________,-13.40625,2,2token,not_valid_noun
strollers,What a,-13.40625,2,2token,not_valid_noun
strollers,? and,-13.40625,2,2token,not_valid_noun
strollers,? Which,-13.40625,2,2token,not_valid_noun
strollers,? _____,-13.40625,2,2token,not_valid_noun
strollers,cart a,-13.40625,2,2token,not_valid_noun
strollers,___________,-13.40625,2,2token,not_valid_noun
strollers,___________,-13.40625,2,2token,not_valid_noun
strollers,cart completed,-13.40625,2,2token,not_valid_noun
strollers,cart The,-13.40625,2,2token,incomplete_phrase
strollers,? ?.,-13.40625,2,2token,not_valid_noun
strollers,play ...,-13.40625,2,2token,not_valid_noun
strollers,buggy to,-13.40625,2,2token,not_valid_noun
strollers,? ______,-13.40625,2,2token,not_valid_noun
strollers,____________ of,-13.40625,2,2token,not_valid_noun
strollers,____________ The,-13.40625,2,2token,not_valid_noun
strollers,chair ____,-13.40625,2,2token,not_valid_noun
strollers,..... of,-13.40625,2,2token,not_valid_noun
strollers,____________ Choose,-13.40625,2,2token,not_valid_noun
strollers,.... _,-13.4375,2,2token,not_valid_noun
strollers,.... How,-13.4375,2,2token,not_valid_noun
strollers,”.,-13.4375,1,single_token,not_valid_noun
strollers,fre,-13.4375,1,single_token,not_valid_noun
strollers,(...,-13.4375,1,single_token,not_valid_noun
strollers,.. ..,-13.4375,2,2token,not_valid_noun
strollers,walker .,-13.4375,2,2token,not_valid_noun
strollers,decorative,-13.4375,1,single_token,not_valid_noun
strollers,coat .,-13.4375,2,2token,not_valid_noun
strollers,coll,-13.4375,1,single_token,incomplete_phrase
strollers,cit,-13.4375,1,single_token,incomplete_phrase
strollers,luggage that,-13.4375,2,2token,incomplete_phrase
strollers,.... This,-13.4375,2,2token,not_valid_noun
strollers,.... We,-13.4375,2,2token,not_valid_noun
strollers,.... For,-13.4375,2,2token,not_valid_noun
strollers,sco,-13.4375,1,single_token,not_valid_noun
strollers,.... and,-13.4375,2,2token,not_valid_noun
strollers,.... There,-13.4375,2,2token,not_valid_noun
strollers,gadget (,-13.4375,2,2token,not_valid_noun
strollers,.. In,-13.4375,2,2token,not_valid_noun
strollers,goo,-13.4375,1,single_token,incomplete_phrase
strollers,= toys,-13.4375,2,2token,not_valid_noun
strollers,= complete,-13.4375,2,2token,not_valid_noun
strollers,.. I,-13.4375,2,2token,not_valid_noun
strollers,people who,-13.4375,2,2token,incomplete_phrase
strollers,/ the,-13.4375,2,2token,not_valid_noun
strollers,/ sort,-13.4375,2,2token,not_valid_noun
strollers,.. COMPLETE,-13.4375,2,2token,not_valid_noun
strollers,…. -,-13.4375,2,2token,not_valid_noun
strollers,disposable,-13.4375,1,single_token,incomplete_phrase
strollers,rv,-13.4375,1,single_token,not_valid_noun
strollers,Babys,-13.4375,1,single_token,not_valid_noun
strollers,napp,-13.4375,1,single_token,not_valid_noun
strollers,carry to,-13.4375,2,2token,not_valid_noun
strollers,Get,-13.4375,1,single_token,not_valid_noun
strollers,row,-13.4375,1,single_token,incomplete_phrase
strollers,con,-13.4375,1,single_token,incomplete_phrase
strollers,happ,-13.4375,1,single_token,not_valid_noun
strollers,carry _________,-13.4375,2,2token,not_valid_noun
strollers,carry the,-13.4375,2,2token,incomplete_phrase
strollers,seasonal,-13.4375,1,single_token,incomplete_phrase
strollers,activity (,-13.4375,2,2token,not_valid_noun
strollers,activity ________,-13.4375,2,2token,not_valid_noun
strollers,:-,-13.4375,1,single_token,not_valid_noun
strollers,{{,-13.4375,1,single_token,not_valid_noun
strollers,nursing,-13.4375,1,single_token,incomplete_phrase
strollers,$$,-13.4375,1,single_token,not_valid_noun
strollers,artificial,-13.4375,1,single_token,not_valid_noun
strollers,""".",-13.4375,1,single_token,not_valid_noun
strollers,boxes,-13.4375,1,single_token,not_valid_noun
strollers,bull,-13.4375,1,single_token,incomplete_phrase
strollers,what do,-13.4375,2,2token,not_valid_noun
strollers,what in,-13.4375,2,2token,not_valid_noun
strollers,department,-13.4375,1,single_token,incomplete_phrase
strollers,windows,-13.4375,1,single_token,not_valid_noun
strollers,ent,-13.4375,1,single_token,not_valid_noun
strollers,cha,-13.4375,1,single_token,incomplete_phrase
strollers,the family,-13.4375,2,2token,not_valid_noun
strollers,........... complete,-13.4375,2,2token,not_valid_noun
strollers,the product,-13.4375,2,2token,not_valid_noun
strollers,the house,-13.4375,2,2token,not_valid_noun
strollers,c ...,-13.4375,2,2token,not_valid_noun
strollers,the ____,-13.4375,2,2token,not_valid_noun
strollers,c ____,-13.4375,2,2token,not_valid_noun
strollers,....... What,-13.4375,2,2token,not_valid_noun
strollers,…. There,-13.4375,2,2token,not_valid_noun
strollers,…. When,-13.4375,2,2token,not_valid_noun
strollers,…. …,-13.4375,2,2token,not_valid_noun
strollers,…. fruit,-13.4375,2,2token,not_valid_noun
strollers,…. Correct,-13.4375,2,2token,not_valid_noun
strollers,coat Complete,-13.4375,2,2token,not_valid_noun
strollers,conveyance (,-13.46875,2,2token,not_valid_noun
strollers,roller,-13.46875,2,2token,incomplete_phrase
strollers,( type,-13.46875,2,2token,not_valid_noun
strollers,<,-13.46875,2,2token,not_valid_noun
strollers,: _____,-13.46875,2,2token,not_valid_noun
strollers,_______,-13.46875,2,2token,not_valid_noun
strollers,household .,-13.46875,2,2token,not_valid_noun
strollers,clothes you,-13.46875,2,2token,incomplete_phrase
strollers,household ________,-13.46875,2,2token,not_valid_noun
strollers,infant (,-13.46875,2,2token,not_valid_noun
strollers,: _______,-13.46875,2,2token,not_valid_noun
strollers,used .,-13.46875,2,2token,not_valid_noun
strollers,: st,-13.46875,2,2token,not_valid_noun
strollers,accessory which,-13.46875,2,2token,incomplete_phrase
strollers,: shopping,-13.46875,2,2token,not_valid_noun
strollers,: children,-13.46875,2,2token,not_valid_noun
strollers,: ?,-13.46875,2,2token,not_valid_noun
strollers,: bike,-13.46875,2,2token,not_valid_noun
strollers,: furniture,-13.46875,2,2token,not_valid_noun
strollers,article used,-13.46875,2,2token,incomplete_phrase
strollers,article to,-13.46875,2,2token,not_valid_noun
strollers,childrens _,-13.46875,2,2token,not_valid_noun
strollers,furniture which,-13.46875,2,2token,incomplete_phrase
strollers,furniture …,-13.46875,2,2token,not_valid_noun
strollers,infant play,-13.46875,2,2token,incomplete_phrase
strollers,are the,-13.46875,2,2token,not_valid_noun
strollers,infant ______,-13.46875,2,2token,not_valid_noun
strollers,trolley are,-13.46875,2,2token,incomplete_phrase
strollers,trolley by,-13.46875,2,2token,not_valid_noun
strollers,infant or,-13.46875,2,2token,not_valid_noun
strollers,trolley …,-13.46875,2,2token,not_valid_noun
strollers,parent /,-13.46875,2,2token,not_valid_noun
strollers,The kind,-13.46875,2,2token,not_valid_noun
strollers,an ______,-13.46875,2,2token,not_valid_noun
strollers,are not,-13.46875,2,2token,not_valid_noun
strollers,babies carriages,-13.46875,2,2token,not_valid_noun
strollers,an ____,-13.46875,2,2token,not_valid_noun
strollers,hot,-13.5,1,single_token,not_valid_noun
strollers,things parents,-13.5,2,2token,incomplete_phrase
strollers,needed,-13.5,1,single_token,not_valid_noun
strollers,hi,-13.5,1,single_token,not_valid_noun
strollers,？,-13.5,1,single_token,not_valid_noun
strollers,¨,-13.5,1,single_token,not_valid_noun
strollers,Peg,-13.5,1,single_token,incomplete_phrase
strollers,ig,-13.5,1,single_token,not_valid_noun
strollers,prepare,-13.5,1,single_token,not_valid_noun
strollers,New,-13.5,1,single_token,not_valid_noun
strollers,sha,-13.5,1,single_token,incomplete_phrase
strollers,On,-13.5,1,single_token,not_valid_noun
strollers,//,-13.5,1,single_token,not_valid_noun
strollers,teaching,-13.5,1,single_token,incomplete_phrase
strollers,mobile ...,-13.5,2,2token,not_valid_noun
strollers,tod,-13.5,1,single_token,incomplete_phrase
strollers,(:,-13.5,1,single_token,not_valid_noun
strollers,cloth to,-13.5,2,2token,not_valid_noun
strollers,cars used,-13.5,2,2token,incomplete_phrase
strollers,......... A,-13.5,2,2token,not_valid_noun
strollers,Toy complete,-13.5,2,2token,not_valid_noun
strollers,which we,-13.5,2,2token,not_valid_noun
strollers,carry ____________,-13.5,2,2token,not_valid_noun
strollers,carry ___________,-13.5,2,2token,not_valid_noun
strollers,Mus,-13.5,1,single_token,incomplete_phrase
strollers,Ut,-13.5,1,single_token,not_valid_noun
strollers,##,-13.5,1,single_token,not_valid_noun
strollers,apples,-13.5,1,single_token,not_valid_noun
strollers,passive,-13.5,1,single_token,incomplete_phrase
strollers,packing,-13.5,1,single_token,not_valid_noun
strollers,TYPE,-13.5,1,single_token,incomplete_phrase
strollers,bab,-13.5,1,single_token,incomplete_phrase
strollers,places,-13.5,1,single_token,not_valid_noun
strollers,________ to,-13.515625,2,2token,not_valid_noun
strollers,________ Choose,-13.515625,2,2token,not_valid_noun
strollers,carriage by,-13.53125,2,2token,not_valid_noun
strollers,"carriage ,",-13.53125,2,2token,not_valid_noun
strollers,? -,-13.53125,2,2token,not_valid_noun
strollers,children __________,-13.53125,2,2token,not_valid_noun
strollers,_. If,-13.53125,2,2token,not_valid_noun
strollers,__,-13.53125,2,2token,not_valid_noun
strollers,carriage Full,-13.53125,2,2token,incomplete_phrase
strollers,__ ___,-13.53125,2,2token,not_valid_noun
strollers,__ for,-13.53125,2,2token,not_valid_noun
strollers,recreational sports,-13.53125,2,2token,incomplete_phrase
strollers,carriage ___________,-13.53125,2,2token,not_valid_noun
strollers,__ ________,-13.53125,2,2token,not_valid_noun
strollers,recreational,-13.53125,2,2token,not_valid_noun
strollers,blanket .,-13.53125,2,2token,not_valid_noun
strollers,__ _______,-13.53125,2,2token,not_valid_noun
strollers,buggy _______,-13.53125,2,2token,not_valid_noun
strollers,buggy -,-13.53125,2,2token,not_valid_noun
strollers,pra .,-13.53125,2,2token,not_valid_noun
strollers,__ of,-13.53125,2,2token,not_valid_noun
strollers,tool Used,-13.53125,2,2token,incomplete_phrase
strollers,cart …,-13.53125,2,2token,not_valid_noun
strollers,cart ..,-13.53125,2,2token,not_valid_noun
strollers,cart Full,-13.53125,2,2token,incomplete_phrase
strollers,cart A,-13.53125,2,2token,not_valid_noun
strollers,____ car,-13.53125,2,2token,not_valid_noun
strollers,bag a,-13.53125,2,2token,not_valid_noun
strollers,cart [,-13.53125,2,2token,not_valid_noun
strollers,cart filled,-13.53125,2,2token,not_valid_noun
strollers,tool with,-13.53125,2,2token,incomplete_phrase
strollers,bag [,-13.53125,2,2token,not_valid_noun
strollers,cart Completed,-13.53125,2,2token,not_valid_noun
strollers,bag Example,-13.53125,2,2token,not_valid_noun
strollers,cart Answer,-13.53125,2,2token,not_valid_noun
strollers,bag Full,-13.53125,2,2token,incomplete_phrase
strollers,recreational ________,-13.53125,2,2token,not_valid_noun
strollers,automobile used,-13.53125,2,2token,incomplete_phrase
strollers,carts complete,-13.53125,2,2token,not_valid_noun
strollers,automobile or,-13.53125,2,2token,not_valid_noun
strollers,..... car,-13.53125,2,2token,not_valid_noun
strollers,equipment ....,-13.53125,2,2token,not_valid_noun
strollers,item Complete,-13.53125,2,2token,not_valid_noun
strollers,children __,-13.53125,2,2token,not_valid_noun
strollers,children and,-13.53125,2,2token,incomplete_phrase
strollers,", cars",-13.53125,2,2token,not_valid_noun
strollers,", use",-13.53125,2,2token,not_valid_noun
strollers,", The",-13.53125,2,2token,not_valid_noun
strollers,", Choose",-13.53125,2,2token,not_valid_noun
strollers,baggage for,-13.53125,2,2token,incomplete_phrase
strollers,toys used,-13.53125,2,2token,incomplete_phrase
strollers,? Answer,-13.53125,2,2token,not_valid_noun
strollers,toys ______,-13.53125,2,2token,not_valid_noun
strollers,", are",-13.53125,2,2token,not_valid_noun
strollers,_. How,-13.53125,2,2token,not_valid_noun
strollers,_. Find,-13.53125,2,2token,not_valid_noun
strollers,bike ________,-13.53125,2,2token,not_valid_noun
strollers,_. Explain,-13.53125,2,2token,not_valid_noun
strollers,_. fruit,-13.53125,2,2token,not_valid_noun
strollers,clothing or,-13.53125,2,2token,not_valid_noun
strollers,_. Answer,-13.53125,2,2token,not_valid_noun
strollers,___________ __________,-13.53125,2,2token,not_valid_noun
strollers,sport ________,-13.53125,2,2token,not_valid_noun
strollers,chair _____,-13.53125,2,2token,not_valid_noun
strollers,item carried,-13.53125,2,2token,incomplete_phrase
strollers,Pram for,-13.53125,2,2token,incomplete_phrase
strollers,Pram complete,-13.53125,2,2token,not_valid_noun
strollers,sport in,-13.53125,2,2token,not_valid_noun
strollers,sport ...,-13.53125,2,2token,not_valid_noun
strollers,___________ The,-13.53125,2,2token,not_valid_noun
strollers,walker for,-13.5625,2,2token,incomplete_phrase
strollers,= _____,-13.5625,2,2token,not_valid_noun
strollers,basket or,-13.5625,2,2token,not_valid_noun
strollers,c Complete,-13.5625,2,2token,not_valid_noun
strollers,- ____,-13.5625,2,2token,not_valid_noun
strollers,online,-13.5625,1,single_token,not_valid_noun
strollers,M,-13.5625,1,single_token,not_valid_noun
strollers,certain,-13.5625,1,single_token,not_valid_noun
strollers,US,-13.5625,1,single_token,not_valid_noun
strollers,to take,-13.5625,2,2token,not_valid_noun
strollers,....... Choose,-13.5625,2,2token,not_valid_noun
strollers,- Choose,-13.5625,2,2token,not_valid_noun
strollers,bring,-13.5625,1,single_token,not_valid_noun
strollers,........... The,-13.5625,2,2token,not_valid_noun
strollers,Ap,-13.5625,1,single_token,not_valid_noun
strollers,…. It,-13.5625,2,2token,not_valid_noun
strollers,blog,-13.5625,1,single_token,not_valid_noun
strollers,designed,-13.5625,1,single_token,not_valid_noun
strollers,${,-13.5625,1,single_token,not_valid_noun
strollers,ax,-13.5625,1,single_token,not_valid_noun
strollers,{},-13.5625,1,single_token,not_valid_noun
strollers,/ toy,-13.5625,2,2token,not_valid_noun
strollers,,-13.5625,1,single_token,not_valid_noun
strollers,container Read,-13.5625,2,2token,not_valid_noun
strollers,A ________,-13.5625,2,2token,not_valid_noun
strollers,People,-13.5625,1,single_token,incomplete_phrase
strollers,…. If,-13.5625,2,2token,not_valid_noun
strollers,happy,-13.5625,1,single_token,not_valid_noun
strollers,convenience Complete,-13.5625,2,2token,not_valid_noun
strollers,- Select,-13.5625,2,2token,not_valid_noun
strollers,benches,-13.5625,1,single_token,not_valid_noun
strollers,....,-13.5625,2,2token,not_valid_noun
strollers,Walking,-13.5625,1,single_token,incomplete_phrase
strollers,tyres,-13.5625,1,single_token,not_valid_noun
strollers,...... I,-13.5625,2,2token,not_valid_noun
strollers,sunglasses,-13.5625,1,single_token,not_valid_noun
strollers,So,-13.5625,1,single_token,not_valid_noun
strollers,Four,-13.5625,1,single_token,incomplete_phrase
strollers,implements,-13.5625,1,single_token,not_valid_noun
strollers,fe,-13.5625,1,single_token,not_valid_noun
strollers,sub,-13.5625,1,single_token,incomplete_phrase
strollers,smal,-13.5625,1,single_token,not_valid_noun
strollers,....... Read,-13.5625,2,2token,not_valid_noun
strollers,product to,-13.5625,2,2token,not_valid_noun
strollers,.... An,-13.5625,2,2token,not_valid_noun
strollers,.... Make,-13.5625,2,2token,not_valid_noun
strollers,.... toys,-13.5625,2,2token,not_valid_noun
strollers,,-13.5625,1,single_token,not_valid_noun
strollers,mobili,-13.5625,1,single_token,not_valid_noun
strollers,yards,-13.5625,1,single_token,not_valid_noun
strollers,teen,-13.5625,1,single_token,incomplete_phrase
strollers,lady,-13.5625,1,single_token,incomplete_phrase
strollers,...... Select,-13.5625,2,2token,not_valid_noun
strollers,.... are,-13.5625,2,2token,not_valid_noun
strollers,the cars,-13.5625,2,2token,not_valid_noun
strollers,ost,-13.5625,1,single_token,not_valid_noun
strollers,= car,-13.5625,2,2token,not_valid_noun
strollers,coat for,-13.5625,2,2token,incomplete_phrase
strollers,umbrella complete,-13.5625,2,2token,not_valid_noun
strollers,what ____,-13.5625,2,2token,not_valid_noun
strollers,what ________,-13.5625,2,2token,not_valid_noun
strollers,what ...,-13.5625,2,2token,not_valid_noun
strollers,/,-13.5625,2,2token,not_valid_noun
strollers,The,-13.59375,2,2token,not_valid_noun
strollers,The difference,-13.59375,2,2token,not_valid_noun
strollers,The sun,-13.59375,2,2token,not_valid_noun
strollers,this (,-13.59375,2,2token,not_valid_noun
strollers,babies ',-13.59375,2,2token,not_valid_noun
strollers,are toys,-13.59375,2,2token,not_valid_noun
strollers,are toy,-13.59375,2,2token,not_valid_noun
strollers,The definition,-13.59375,2,2token,not_valid_noun
strollers,an _______,-13.59375,2,2token,not_valid_noun
strollers,an activity,-13.59375,2,2token,not_valid_noun
strollers,house furn,-13.59375,2,2token,incomplete_phrase
strollers,accessory at,-13.59375,2,2token,not_valid_noun
strollers,trolley Read,-13.59375,2,2token,not_valid_noun
strollers,parent or,-13.59375,2,2token,not_valid_noun
strollers,clothes are,-13.59375,2,2token,incomplete_phrase
strollers,sports ...,-13.59375,2,2token,not_valid_noun
strollers,parent (,-13.59375,2,2token,not_valid_noun
strollers,an __,-13.59375,2,2token,not_valid_noun
strollers,an vehicle,-13.59375,2,2token,not_valid_noun
strollers,furniture Item,-13.59375,2,2token,incomplete_phrase
strollers,furniture ..,-13.59375,2,2token,not_valid_noun
strollers,: Write,-13.59375,2,2token,not_valid_noun
strollers,infant ____,-13.59375,2,2token,not_valid_noun
strollers,for women,-13.59375,2,2token,not_valid_noun
strollers,: Read,-13.59375,2,2token,not_valid_noun
strollers,: wheel,-13.59375,2,2token,not_valid_noun
strollers,furniture :,-13.59375,2,2token,not_valid_noun
strollers,furniture /,-13.59375,2,2token,not_valid_noun
strollers,bottle of,-13.59375,2,2token,not_valid_noun
strollers,book .,-13.59375,2,2token,not_valid_noun
strollers,: trolley,-13.59375,2,2token,not_valid_noun
strollers,: What,-13.59375,2,2token,not_valid_noun
strollers,clothes or,-13.59375,2,2token,not_valid_noun
strollers,st .,-13.59375,2,2token,not_valid_noun
strollers,( .,-13.59375,2,2token,not_valid_noun
strollers,sports (,-13.59375,2,2token,not_valid_noun
strollers,furniture _,-13.59375,2,2token,not_valid_noun
strollers,furniture with,-13.59375,2,2token,incomplete_phrase
strollers,furniture Read,-13.59375,2,2token,not_valid_noun
strollers,fun and,-13.59375,2,2token,incomplete_phrase
strollers,fun (,-13.59375,2,2token,not_valid_noun
strollers,vel,-13.625,1,single_token,not_valid_noun
strollers,acce,-13.625,1,single_token,not_valid_noun
strollers,shaped,-13.625,1,single_token,not_valid_noun
strollers,ages,-13.625,1,single_token,not_valid_noun
strollers,brief,-13.625,1,single_token,incomplete_phrase
strollers,weapons,-13.625,1,single_token,not_valid_noun
strollers,pas,-13.625,1,single_token,not_valid_noun
strollers,mater,-13.625,1,single_token,incomplete_phrase
strollers,please,-13.625,1,single_token,not_valid_noun
strollers,cloth shopping,-13.625,2,2token,incomplete_phrase
strollers,tren,-13.625,1,single_token,not_valid_noun
strollers,rc,-13.625,1,single_token,not_valid_noun
strollers,nt,-13.625,1,single_token,not_valid_noun
strollers,stored,-13.625,1,single_token,not_valid_noun
strollers,cloth or,-13.625,2,2token,not_valid_noun
strollers,posses,-13.625,1,single_token,not_valid_noun
strollers,PARENT,-13.625,1,single_token,incomplete_phrase
strollers,kids _,-13.625,2,2token,not_valid_noun
strollers,......... Fill,-13.625,2,2token,not_valid_noun
strollers,balanced,-13.625,1,single_token,not_valid_noun
strollers,:(,-13.625,1,single_token,not_valid_noun
strollers,of ______,-13.625,2,2token,not_valid_noun
strollers,beginner,-13.625,1,single_token,incomplete_phrase
strollers,airline,-13.625,1,single_token,not_valid_noun
strollers,lev,-13.625,1,single_token,incomplete_phrase
strollers,Infants,-13.625,1,single_token,not_valid_noun
strollers,rollers,-13.625,1,single_token,not_valid_noun
strollers,bur,-13.625,1,single_token,incomplete_phrase
strollers,****,-13.625,1,single_token,not_valid_noun
strollers,"?,",-13.625,1,single_token,not_valid_noun
strollers,of sport,-13.625,2,2token,not_valid_noun
strollers,machine or,-13.625,2,2token,not_valid_noun
strollers,carriages that,-13.625,2,2token,incomplete_phrase
strollers,of tool,-13.625,2,2token,not_valid_noun
strollers,mobile ______,-13.625,2,2token,not_valid_noun
strollers,suitcase for,-13.625,2,2token,incomplete_phrase
strollers,seat ________,-13.625,2,2token,not_valid_noun
strollers,ball Complete,-13.625,2,2token,not_valid_noun
strollers,machine designed,-13.625,2,2token,incomplete_phrase
strollers,of ____,-13.625,2,2token,not_valid_noun
strollers,........ ....,-13.625,2,2token,not_valid_noun
strollers,outdoor shopping,-13.625,2,2token,incomplete_phrase
strollers,......... a,-13.625,2,2token,not_valid_noun
strollers,which item,-13.625,2,2token,not_valid_noun
strollers,should,-13.625,1,single_token,not_valid_noun
strollers,Toy (,-13.625,2,2token,not_valid_noun
strollers,supermarket Complete,-13.625,2,2token,not_valid_noun
strollers,carri .,-13.625,2,2token,not_valid_noun
strollers,things made,-13.625,2,2token,incomplete_phrase
strollers,taking,-13.625,1,single_token,incomplete_phrase
strollers,sent,-13.625,1,single_token,incomplete_phrase
strollers,various,-13.625,1,single_token,not_valid_noun
strollers,short,-13.625,1,single_token,incomplete_phrase
strollers,looks,-13.625,1,single_token,not_valid_noun
strollers,pri,-13.625,1,single_token,not_valid_noun
strollers,amb,-13.625,1,single_token,not_valid_noun
strollers,[,-13.625,2,2token,not_valid_noun
strollers,pairs,-13.625,1,single_token,not_valid_noun
strollers,inexpensive,-13.625,1,single_token,not_valid_noun
strollers,acc,-13.625,1,single_token,not_valid_noun
strollers,________ ___________,-13.640625,2,2token,not_valid_noun
strollers,________ [,-13.640625,2,2token,not_valid_noun
strollers,? toys,-13.65625,2,2token,not_valid_noun
strollers,____________,-13.65625,2,2token,not_valid_noun
strollers,____________ that,-13.65625,2,2token,not_valid_noun
strollers,? fruit,-13.65625,2,2token,not_valid_noun
strollers,toys /,-13.65625,2,2token,not_valid_noun
strollers,bike with,-13.65625,2,2token,incomplete_phrase
strollers,_. .,-13.65625,2,2token,not_valid_noun
strollers,..... st,-13.65625,2,2token,not_valid_noun
strollers,sport or,-13.65625,2,2token,not_valid_noun
strollers,sport to,-13.65625,2,2token,not_valid_noun
strollers,What we,-13.65625,2,2token,not_valid_noun
strollers,bicycle _,-13.65625,2,2token,not_valid_noun
strollers,pull .,-13.65625,2,2token,not_valid_noun
strollers,..... _,-13.65625,2,2token,not_valid_noun
strollers,..... There,-13.65625,2,2token,not_valid_noun
strollers,automobile ...,-13.65625,2,2token,not_valid_noun
strollers,< .,-13.65625,2,2token,not_valid_noun
strollers,toys toys,-13.65625,2,2token,incomplete_phrase
strollers,..... For,-13.65625,2,2token,not_valid_noun
strollers,toys COMPLETE,-13.65625,2,2token,not_valid_noun
strollers,baggage (,-13.65625,2,2token,not_valid_noun
strollers,appliance in,-13.65625,2,2token,not_valid_noun
strollers,..... Find,-13.65625,2,2token,not_valid_noun
strollers,buggy is,-13.65625,2,2token,not_valid_noun
strollers,object designed,-13.65625,2,2token,incomplete_phrase
strollers,cart :,-13.65625,2,2token,not_valid_noun
strollers,..... COMPLETE,-13.65625,2,2token,not_valid_noun
strollers,_. Please,-13.65625,2,2token,not_valid_noun
strollers,..... _____,-13.65625,2,2token,not_valid_noun
strollers,tool on,-13.65625,2,2token,not_valid_noun
strollers,..... You,-13.65625,2,2token,not_valid_noun
strollers,____ __,-13.65625,2,2token,not_valid_noun
strollers,____ toy,-13.65625,2,2token,not_valid_noun
strollers,cart by,-13.65625,2,2token,not_valid_noun
strollers,____ is,-13.65625,2,2token,not_valid_noun
strollers,carrying ______,-13.65625,2,2token,not_valid_noun
strollers,vehicles complete,-13.65625,2,2token,not_valid_noun
strollers,_. _,-13.65625,2,2token,not_valid_noun
strollers,____ -,-13.65625,2,2token,not_valid_noun
strollers,sport ____,-13.65625,2,2token,not_valid_noun
strollers,..... is,-13.65625,2,2token,not_valid_noun
strollers,_. This,-13.65625,2,2token,not_valid_noun
strollers,equipment /,-13.65625,2,2token,not_valid_noun
strollers,What makes,-13.65625,2,2token,not_valid_noun
strollers,What to,-13.65625,2,2token,not_valid_noun
strollers,wagon to,-13.65625,2,2token,not_valid_noun
strollers,wagon and,-13.65625,2,2token,incomplete_phrase
strollers,? __,-13.65625,2,2token,not_valid_noun
strollers,? For,-13.65625,2,2token,not_valid_noun
strollers,? Write,-13.65625,2,2token,not_valid_noun
strollers,wagon with,-13.65625,2,2token,incomplete_phrase
strollers,", what",-13.65625,2,2token,not_valid_noun
strollers,____________ _______,-13.65625,2,2token,not_valid_noun
strollers,", A",-13.65625,2,2token,not_valid_noun
strollers,..... toys,-13.65625,2,2token,not_valid_noun
strollers,..... ______,-13.65625,2,2token,not_valid_noun
strollers,buggy with,-13.65625,2,2token,incomplete_phrase
strollers,walking with,-13.65625,2,2token,not_valid_noun
strollers,recreational veh,-13.65625,2,2token,incomplete_phrase
strollers,_. You,-13.65625,2,2token,not_valid_noun
strollers,____ ?,-13.65625,2,2token,not_valid_noun
strollers,...... -,-13.6875,2,2token,not_valid_noun
strollers,product (,-13.6875,2,2token,not_valid_noun
strollers,dry,-13.6875,1,single_token,incomplete_phrase
strollers,prices,-13.6875,1,single_token,not_valid_noun
strollers,the sport,-13.6875,2,2token,not_valid_noun
strollers,the ______,-13.6875,2,2token,not_valid_noun
strollers,luggage ...,-13.6875,2,2token,not_valid_noun
strollers,luggage and,-13.6875,2,2token,incomplete_phrase
strollers,/ part,-13.6875,2,2token,not_valid_noun
strollers,what thing,-13.6875,2,2token,not_valid_noun
strollers,Read,-13.6875,1,single_token,not_valid_noun
strollers,the name,-13.6875,2,2token,not_valid_noun
strollers,gra,-13.6875,1,single_token,incomplete_phrase
strollers,=>,-13.6875,1,single_token,not_valid_noun
strollers,the way,-13.6875,2,2token,not_valid_noun
strollers,the bag,-13.6875,2,2token,not_valid_noun
strollers,.... Are,-13.6875,2,2token,not_valid_noun
strollers,- cars,-13.6875,2,2token,not_valid_noun
strollers,- I,-13.6875,2,2token,not_valid_noun
strollers,- _.,-13.6875,2,2token,not_valid_noun
strollers,- -.,-13.6875,2,2token,not_valid_noun
strollers,- toys,-13.6875,2,2token,not_valid_noun
strollers,whether,-13.6875,1,single_token,not_valid_noun
strollers,tan,-13.6875,1,single_token,incomplete_phrase
strollers,View,-13.6875,1,single_token,incomplete_phrase
strollers,....... ...,-13.6875,2,2token,not_valid_noun
strollers,basket used,-13.6875,2,2token,incomplete_phrase
strollers,ed,-13.6875,1,single_token,not_valid_noun
strollers,.... car,-13.6875,2,2token,not_valid_noun
strollers,С,-13.6875,1,single_token,not_valid_noun
strollers,head,-13.6875,1,single_token,incomplete_phrase
strollers,%,-13.6875,1,single_token,not_valid_noun
strollers,</,-13.6875,1,single_token,not_valid_noun
strollers,Me,-13.6875,1,single_token,not_valid_noun
strollers,hats,-13.6875,1,single_token,not_valid_noun
strollers,grand,-13.6875,1,single_token,incomplete_phrase
strollers,accessibility,-13.6875,1,single_token,incomplete_phrase
strollers,twins,-13.6875,1,single_token,not_valid_noun
strollers,kart,-13.6875,1,single_token,not_valid_noun
strollers,apr,-13.6875,1,single_token,not_valid_noun
strollers,snacks,-13.6875,1,single_token,not_valid_noun
strollers,cp,-13.6875,1,single_token,not_valid_noun
strollers,CI,-13.6875,1,single_token,not_valid_noun
strollers,gover,-13.6875,1,single_token,not_valid_noun
strollers,mam,-13.6875,1,single_token,incomplete_phrase
strollers,.... food,-13.6875,2,2token,not_valid_noun
strollers,.. Find,-13.6875,2,2token,not_valid_noun
strollers,hand or,-13.6875,2,2token,not_valid_noun
strollers,accessoire,-13.6875,1,single_token,not_valid_noun
strollers,to us,-13.6875,2,2token,not_valid_noun
strollers,ferr,-13.6875,1,single_token,not_valid_noun
strollers,wheels ____,-13.6875,2,2token,not_valid_noun
strollers,wheels ...,-13.6875,2,2token,not_valid_noun
strollers,...',-13.6875,1,single_token,not_valid_noun
strollers,smaller,-13.6875,1,single_token,not_valid_noun
strollers,sl,-13.6875,1,single_token,not_valid_noun
strollers,sof,-13.6875,1,single_token,not_valid_noun
strollers,wash,-13.6875,1,single_token,incomplete_phrase
strollers,organized,-13.6875,1,single_token,not_valid_noun
strollers,british,-13.6875,1,single_token,incomplete_phrase
strollers,parag,-13.6875,1,single_token,not_valid_noun
strollers,entertain,-13.6875,1,single_token,not_valid_noun
strollers,wheels a,-13.6875,2,2token,not_valid_noun
strollers,wheels which,-13.6875,2,2token,incomplete_phrase
strollers,…. For,-13.6875,2,2token,not_valid_noun
strollers,youngster,-13.6875,1,single_token,incomplete_phrase
strollers,…”,-13.6875,1,single_token,not_valid_noun
strollers,-:,-13.6875,1,single_token,not_valid_noun
strollers,[(,-13.6875,1,single_token,not_valid_noun
strollers,rolling shopping,-13.6875,2,2token,incomplete_phrase
strollers,bathing,-13.6875,1,single_token,incomplete_phrase
strollers,container which,-13.6875,2,2token,incomplete_phrase
strollers,........... ?,-13.6875,2,2token,not_valid_noun
strollers,thing they,-13.6875,2,2token,incomplete_phrase
strollers,= _,-13.6875,2,2token,not_valid_noun
strollers,type or,-13.6875,2,2token,not_valid_noun
strollers,thing children,-13.6875,2,2token,incomplete_phrase
strollers,= ...,-13.6875,2,2token,not_valid_noun
strollers,small .,-13.71875,2,2token,not_valid_noun
strollers,for going,-13.71875,2,2token,not_valid_noun
strollers,for pra,-13.71875,2,2token,not_valid_noun
strollers,for taking,-13.71875,2,2token,not_valid_noun
strollers,furniture is,-13.71875,2,2token,not_valid_noun
strollers,furniture you,-13.71875,2,2token,incomplete_phrase
strollers,furniture at,-13.71875,2,2token,not_valid_noun
strollers,accessory on,-13.71875,2,2token,not_valid_noun
strollers,furniture Incomplete,-13.71875,2,2token,not_valid_noun
strollers,means .,-13.71875,2,2token,not_valid_noun
strollers,school .,-13.71875,2,2token,not_valid_noun
strollers,furniture of,-13.71875,2,2token,not_valid_noun
strollers,school supp,-13.71875,2,2token,incomplete_phrase
strollers,tools (,-13.71875,2,2token,not_valid_noun
strollers,scooter for,-13.71875,2,2token,incomplete_phrase
strollers,trolley A,-13.71875,2,2token,not_valid_noun
strollers,sports ____,-13.71875,2,2token,not_valid_noun
strollers,………… (,-13.71875,2,2token,not_valid_noun
strollers,: ______,-13.71875,2,2token,not_valid_noun
strollers,used on,-13.71875,2,2token,not_valid_noun
strollers,are they,-13.71875,2,2token,not_valid_noun
strollers,is there,-13.71875,2,2token,not_valid_noun
strollers,is,-13.71875,2,2token,not_valid_noun
strollers,babies ________,-13.71875,2,2token,not_valid_noun
strollers,The words,-13.71875,2,2token,not_valid_noun
strollers,The book,-13.71875,2,2token,not_valid_noun
strollers,clothes to,-13.71875,2,2token,not_valid_noun
strollers,pull ________,-13.71875,2,2token,not_valid_noun
strollers,instrument or,-13.71875,2,2token,not_valid_noun
strollers,< a,-13.71875,2,2token,not_valid_noun
strollers,prop in,-13.71875,2,2token,not_valid_noun
strollers,school ________,-13.71875,2,2token,not_valid_noun
strollers,for .,-13.71875,2,2token,not_valid_noun
strollers,prop ...,-13.71875,2,2token,not_valid_noun
strollers,: __,-13.71875,2,2token,not_valid_noun
strollers,childrens ______,-13.71875,2,2token,not_valid_noun
strollers,n,-13.71875,2,2token,not_valid_noun
strollers,article in,-13.71875,2,2token,not_valid_noun
strollers,( wheeled,-13.71875,2,2token,not_valid_noun
strollers,: transport,-13.71875,2,2token,not_valid_noun
strollers,of luggage,-13.75,2,2token,not_valid_noun
strollers,usable,-13.75,1,single_token,not_valid_noun
strollers,carriages used,-13.75,2,2token,incomplete_phrase
strollers,which transport,-13.75,2,2token,not_valid_noun
strollers,:::,-13.75,1,single_token,not_valid_noun
strollers,grooming,-13.75,1,single_token,not_valid_noun
strollers,AAC,-13.75,1,single_token,not_valid_noun
strollers,$?,-13.75,1,single_token,not_valid_noun
strollers,trailers,-13.75,1,single_token,not_valid_noun
strollers,c _______,-13.75,2,2token,not_valid_noun
strollers,family shopping,-13.75,2,2token,incomplete_phrase
strollers,German,-13.75,1,single_token,incomplete_phrase
strollers,dr,-13.75,1,single_token,not_valid_noun
strollers,family ________,-13.75,2,2token,not_valid_noun
strollers,wheelchair complete,-13.75,2,2token,not_valid_noun
strollers,loud,-13.75,1,single_token,not_valid_noun
strollers,kids,-13.75,2,2token,incomplete_phrase
strollers,cloth ____,-13.75,2,2token,not_valid_noun
strollers,cloth are,-13.75,2,2token,incomplete_phrase
strollers,mobile _______,-13.75,2,2token,not_valid_noun
strollers,mobile _____,-13.75,2,2token,not_valid_noun
strollers,mobile that,-13.75,2,2token,incomplete_phrase
strollers,large ________,-13.75,2,2token,not_valid_noun
strollers,large plastic,-13.75,2,2token,incomplete_phrase
strollers,large piece,-13.75,2,2token,incomplete_phrase
strollers,kids ________,-13.75,2,2token,not_valid_noun
strollers,vi,-13.75,1,single_token,not_valid_noun
strollers,kid things,-13.75,2,2token,not_valid_noun
strollers,less,-13.75,1,single_token,not_valid_noun
strollers,emp,-13.75,1,single_token,not_valid_noun
strollers,pl,-13.75,1,single_token,not_valid_noun
strollers,roads,-13.75,1,single_token,not_valid_noun
strollers,gol,-13.75,1,single_token,incomplete_phrase
strollers,nursery,-13.75,2,2token,incomplete_phrase
strollers,nursery equi,-13.75,2,2token,incomplete_phrase
strollers,�,-13.75,1,single_token,not_valid_noun
strollers,stuffed,-13.75,1,single_token,not_valid_noun
strollers,Holiday,-13.75,1,single_token,incomplete_phrase
strollers,dumb,-13.75,1,single_token,not_valid_noun
strollers,Kinder,-13.75,1,single_token,not_valid_noun
strollers,flexible,-13.75,1,single_token,not_valid_noun
strollers,Portable,-13.75,1,single_token,incomplete_phrase
strollers,hob,-13.75,1,single_token,incomplete_phrase
strollers,........ I,-13.75,2,2token,not_valid_noun
strollers,help at,-13.75,2,2token,not_valid_noun
strollers,machine made,-13.75,2,2token,incomplete_phrase
strollers,bla,-13.75,1,single_token,not_valid_noun
strollers,sometimes,-13.75,1,single_token,not_valid_noun
strollers,larger,-13.75,1,single_token,not_valid_noun
strollers,cute,-13.75,1,single_token,not_valid_noun
strollers,Another,-13.75,1,single_token,incomplete_phrase
strollers,________ :,-13.765625,2,2token,not_valid_noun
strollers,bicycle -,-13.78125,2,2token,not_valid_noun
strollers,? My,-13.78125,2,2token,not_valid_noun
strollers,? When,-13.78125,2,2token,not_valid_noun
strollers,something .,-13.78125,2,2token,not_valid_noun
strollers,? of,-13.78125,2,2token,not_valid_noun
strollers,handbag .,-13.78125,2,2token,not_valid_noun
strollers,..... and,-13.78125,2,2token,not_valid_noun
strollers,..... We,-13.78125,2,2token,not_valid_noun
strollers,"..... ,",-13.78125,2,2token,not_valid_noun
strollers,..... More,-13.78125,2,2token,not_valid_noun
strollers,__ A,-13.78125,2,2token,not_valid_noun
strollers,? Use,-13.78125,2,2token,not_valid_noun
strollers,..... This,-13.78125,2,2token,not_valid_noun
strollers,..... are,-13.78125,2,2token,not_valid_noun
strollers,_. Correct,-13.78125,2,2token,not_valid_noun
strollers,.....,-13.78125,2,2token,not_valid_noun
strollers,tricycle for,-13.78125,2,2token,incomplete_phrase
strollers,tricycle (,-13.78125,2,2token,not_valid_noun
strollers,____________ -,-13.78125,2,2token,not_valid_noun
strollers,automobile in,-13.78125,2,2token,not_valid_noun
strollers,cart Continue,-13.78125,2,2token,not_valid_noun
strollers,object ...,-13.78125,2,2token,not_valid_noun
strollers,buggy which,-13.78125,2,2token,incomplete_phrase
strollers,pra ms,-13.78125,2,2token,not_valid_noun
strollers,"cart ,",-13.78125,2,2token,not_valid_noun
strollers,..... Children,-13.78125,2,2token,not_valid_noun
strollers,bags complete,-13.78125,2,2token,not_valid_noun
strollers,boat .,-13.78125,2,2token,not_valid_noun
strollers,Pram and,-13.78125,2,2token,incomplete_phrase
strollers,accessories in,-13.78125,2,2token,not_valid_noun
strollers,automobile ____,-13.78125,2,2token,not_valid_noun
strollers,automobile _______,-13.78125,2,2token,not_valid_noun
strollers,vehicles ...,-13.78125,2,2token,not_valid_noun
strollers,carrying ...,-13.78125,2,2token,not_valid_noun
strollers,cart Total,-13.78125,2,2token,incomplete_phrase
strollers,clothing and,-13.78125,2,2token,incomplete_phrase
strollers,children ’,-13.78125,2,2token,not_valid_noun
strollers,___________ ?,-13.78125,2,2token,not_valid_noun
strollers,___________ _,-13.78125,2,2token,not_valid_noun
strollers,___________ Choose,-13.78125,2,2token,not_valid_noun
strollers,___________ that,-13.78125,2,2token,not_valid_noun
strollers,item from,-13.78125,2,2token,incomplete_phrase
strollers,wagon ________,-13.78125,2,2token,not_valid_noun
strollers,bike or,-13.78125,2,2token,not_valid_noun
strollers,equipment with,-13.78125,2,2token,incomplete_phrase
strollers,clothing to,-13.78125,2,2token,not_valid_noun
strollers,children ___________,-13.78125,2,2token,not_valid_noun
strollers,mobility ______,-13.78125,2,2token,not_valid_noun
strollers,What am,-13.78125,2,2token,not_valid_noun
strollers,What ?,-13.78125,2,2token,not_valid_noun
strollers,children in,-13.78125,2,2token,not_valid_noun
strollers,children of,-13.78125,2,2token,not_valid_noun
strollers,tool at,-13.78125,2,2token,not_valid_noun
strollers,bag _.,-13.78125,2,2token,not_valid_noun
strollers,bag .....,-13.78125,2,2token,not_valid_noun
strollers,bag __,-13.78125,2,2token,not_valid_noun
strollers,tool -,-13.78125,2,2token,not_valid_noun
strollers,equipment ______,-13.78125,2,2token,not_valid_noun
strollers,tool Use,-13.78125,2,2token,incomplete_phrase
strollers,backpack,-13.78125,2,2token,not_valid_noun
strollers,chair /,-13.78125,2,2token,not_valid_noun
strollers,toys :,-13.78125,2,2token,not_valid_noun
strollers,toys -,-13.78125,2,2token,not_valid_noun
strollers,..... Please,-13.78125,2,2token,not_valid_noun
strollers,chair ....,-13.78125,2,2token,not_valid_noun
strollers,buggy ....,-13.78125,2,2token,not_valid_noun
strollers,type ...,-13.8125,2,2token,not_valid_noun
strollers,pi,-13.8125,1,single_token,not_valid_noun
strollers,ud,-13.8125,1,single_token,not_valid_noun
strollers,what else,-13.8125,2,2token,not_valid_noun
strollers,left,-13.8125,1,single_token,incomplete_phrase
strollers,ni,-13.8125,1,single_token,not_valid_noun
strollers,= st,-13.8125,2,2token,not_valid_noun
strollers,both,-13.8125,1,single_token,not_valid_noun
strollers,= ______,-13.8125,2,2token,not_valid_noun
strollers,what type,-13.8125,2,2token,not_valid_noun
strollers,entertaining,-13.8125,1,single_token,not_valid_noun
strollers,transporte,-13.8125,1,single_token,not_valid_noun
strollers,,-13.8125,1,single_token,not_valid_noun
strollers,(-,-13.8125,1,single_token,not_valid_noun
strollers,²,-13.8125,1,single_token,not_valid_noun
strollers,motori,-13.8125,1,single_token,not_valid_noun
strollers,□,-13.8125,1,single_token,not_valid_noun
strollers,store bought,-13.8125,2,2token,incomplete_phrase
strollers,hit,-13.8125,1,single_token,incomplete_phrase
strollers,examine,-13.8125,1,single_token,not_valid_noun
strollers,colorful,-13.8125,1,single_token,not_valid_noun
strollers,bars,-13.8125,1,single_token,not_valid_noun
strollers,loaded,-13.8125,1,single_token,not_valid_noun
strollers,rolling carry,-13.8125,2,2token,incomplete_phrase
strollers,Nursery,-13.8125,1,single_token,incomplete_phrase
strollers,racks,-13.8125,1,single_token,not_valid_noun
strollers,thing needed,-13.8125,2,2token,incomplete_phrase
strollers,people .,-13.8125,2,2token,not_valid_noun
strollers,/ is,-13.8125,2,2token,not_valid_noun
strollers,luggage to,-13.8125,2,2token,not_valid_noun
strollers,thing ...,-13.8125,2,2token,not_valid_noun
strollers,luggage ________,-13.8125,2,2token,not_valid_noun
strollers,carousel,-13.8125,1,single_token,not_valid_noun
strollers,sailing,-13.8125,1,single_token,incomplete_phrase
strollers,/ for,-13.8125,2,2token,not_valid_noun
strollers,either,-13.8125,1,single_token,not_valid_noun
strollers,working,-13.8125,1,single_token,incomplete_phrase
strollers,= of,-13.8125,2,2token,not_valid_noun
strollers,= transportation,-13.8125,2,2token,not_valid_noun
strollers,grandparents,-13.8125,1,single_token,not_valid_noun
strollers,wheels _______,-13.8125,2,2token,not_valid_noun
strollers,.. -,-13.8125,2,2token,not_valid_noun
strollers,hy,-13.8125,1,single_token,not_valid_noun
strollers,...... ________,-13.8125,2,2token,not_valid_noun
strollers,activity in,-13.8125,2,2token,not_valid_noun
strollers,...... In,-13.8125,2,2token,not_valid_noun
strollers,bend,-13.8125,1,single_token,incomplete_phrase
strollers,the object,-13.8125,2,2token,not_valid_noun
strollers,the type,-13.8125,2,2token,not_valid_noun
strollers,- ?,-13.8125,2,2token,not_valid_noun
strollers,the wheeled,-13.8125,2,2token,not_valid_noun
strollers,generic,-13.8125,1,single_token,incomplete_phrase
strollers,cruise,-13.8125,1,single_token,incomplete_phrase
strollers,sunny,-13.8125,1,single_token,not_valid_noun
strollers,A bicycle,-13.8125,2,2token,not_valid_noun
strollers,what a,-13.8125,2,2token,not_valid_noun
strollers,That,-13.8125,1,single_token,not_valid_noun
strollers,........... What,-13.8125,2,2token,not_valid_noun
strollers,"""""",-13.8125,1,single_token,not_valid_noun
strollers,takes,-13.8125,1,single_token,not_valid_noun
strollers,¿,-13.8125,1,single_token,not_valid_noun
strollers,kar,-13.8125,1,single_token,not_valid_noun
strollers,…. To,-13.8125,2,2token,not_valid_noun
strollers,sa,-13.8125,1,single_token,not_valid_noun
strollers,- of,-13.8125,2,2token,not_valid_noun
strollers,what for,-13.8125,2,2token,not_valid_noun
strollers,his,-13.8125,1,single_token,incomplete_phrase
strollers,= The,-13.8125,2,2token,not_valid_noun
strollers,basket that,-13.8125,2,2token,incomplete_phrase
strollers,rep,-13.8125,1,single_token,incomplete_phrase
strollers,( wheel,-13.84375,2,2token,not_valid_noun
strollers,exercise (,-13.84375,2,2token,not_valid_noun
strollers,exercise equip,-13.84375,2,2token,not_valid_noun
strollers,exercise ______,-13.84375,2,2token,not_valid_noun
strollers,play equi,-13.84375,2,2token,incomplete_phrase
strollers,( __,-13.84375,2,2token,not_valid_noun
strollers,( object,-13.84375,2,2token,not_valid_noun
strollers,shop that,-13.84375,2,2token,incomplete_phrase
strollers,shop Read,-13.84375,2,2token,not_valid_noun
strollers,( _______,-13.84375,2,2token,not_valid_noun
strollers,n .,-13.84375,2,2token,not_valid_noun
strollers,shops .,-13.84375,2,2token,not_valid_noun
strollers,pull,-13.84375,2,2token,incomplete_phrase
strollers,this type,-13.84375,2,2token,incomplete_phrase
strollers,: I,-13.84375,2,2token,not_valid_noun
strollers,this,-13.84375,2,2token,not_valid_noun
strollers,:,-13.84375,2,2token,not_valid_noun
strollers,: In,-13.84375,2,2token,not_valid_noun
strollers,are,-13.84375,2,2token,not_valid_noun
strollers,an ...,-13.84375,2,2token,not_valid_noun
strollers,clothes in,-13.84375,2,2token,not_valid_noun
strollers,clothes ...,-13.84375,2,2token,not_valid_noun
strollers,The blank,-13.84375,2,2token,not_valid_noun
strollers,parent _______,-13.84375,2,2token,not_valid_noun
strollers,The plural,-13.84375,2,2token,not_valid_noun
strollers,parent child,-13.84375,2,2token,incomplete_phrase
strollers,parent shopping,-13.84375,2,2token,incomplete_phrase
strollers,The man,-13.84375,2,2token,not_valid_noun
strollers,The teacher,-13.84375,2,2token,not_valid_noun
strollers,carrier Read,-13.84375,2,2token,not_valid_noun
strollers,parent ______,-13.84375,2,2token,not_valid_noun
strollers,parent _.,-13.84375,2,2token,not_valid_noun
strollers,an electronic,-13.84375,2,2token,not_valid_noun
strollers,an exercise,-13.84375,2,2token,not_valid_noun
strollers,an animal,-13.84375,2,2token,not_valid_noun
strollers,trolley :,-13.84375,2,2token,not_valid_noun
strollers,furniture The,-13.84375,2,2token,incomplete_phrase
strollers,sports equipe,-13.84375,2,2token,incomplete_phrase
strollers,infant _____,-13.84375,2,2token,not_valid_noun
strollers,furniture ….,-13.84375,2,2token,not_valid_noun
strollers,furniture ......,-13.84375,2,2token,not_valid_noun
strollers,furniture made,-13.84375,2,2token,incomplete_phrase
strollers,accessory ...,-13.84375,2,2token,not_valid_noun
strollers,tools,-13.84375,2,2token,not_valid_noun
strollers,furniture A,-13.84375,2,2token,not_valid_noun
strollers,furniture a,-13.84375,2,2token,not_valid_noun
strollers,…… ……,-13.84375,2,2token,not_valid_noun
strollers,…… Write,-13.84375,2,2token,not_valid_noun
strollers,……,-13.84375,2,2token,not_valid_noun
strollers,roller ________,-13.84375,2,2token,not_valid_noun
strollers,small ________,-13.84375,2,2token,not_valid_noun
strollers,small ...,-13.84375,2,2token,not_valid_noun
strollers,........ Choose,-13.875,2,2token,not_valid_noun
strollers,which object,-13.875,2,2token,not_valid_noun
strollers,........ st,-13.875,2,2token,not_valid_noun
strollers,........ ?,-13.875,2,2token,not_valid_noun
strollers,doll ________,-13.875,2,2token,not_valid_noun
strollers,doll or,-13.875,2,2token,not_valid_noun
strollers,dairy,-13.875,1,single_token,incomplete_phrase
strollers,device meant,-13.875,2,2token,incomplete_phrase
strollers,device or,-13.875,2,2token,not_valid_noun
strollers,large .,-13.875,2,2token,not_valid_noun
strollers,nursery play,-13.875,2,2token,incomplete_phrase
strollers,before,-13.875,1,single_token,not_valid_noun
strollers,possible,-13.875,1,single_token,incomplete_phrase
strollers,even,-13.875,1,single_token,incomplete_phrase
strollers,che,-13.875,1,single_token,incomplete_phrase
strollers,bog,-13.875,1,single_token,incomplete_phrase
strollers,hand -,-13.875,2,2token,not_valid_noun
strollers,to keep,-13.875,2,2token,not_valid_noun
strollers,......... The,-13.875,2,2token,not_valid_noun
strollers,family travel,-13.875,2,2token,incomplete_phrase
strollers,device ________,-13.875,2,2token,not_valid_noun
strollers,family,-13.875,2,2token,incomplete_phrase
strollers,which part,-13.875,2,2token,not_valid_noun
strollers,outdoor furn,-13.875,2,2token,incomplete_phrase
strollers,com,-13.875,1,single_token,not_valid_noun
strollers,strolling,-13.875,1,single_token,not_valid_noun
strollers,infantile,-13.875,1,single_token,not_valid_noun
strollers,moll,-13.875,1,single_token,incomplete_phrase
strollers,walmart,-13.875,1,single_token,not_valid_noun
strollers,[.,-13.875,1,single_token,not_valid_noun
strollers,scho,-13.875,1,single_token,incomplete_phrase
strollers,cars ...,-13.875,2,2token,not_valid_noun
strollers,cars with,-13.875,2,2token,incomplete_phrase
strollers,cars to,-13.875,2,2token,not_valid_noun
strollers,outdoor exercise,-13.875,2,2token,incomplete_phrase
strollers,required,-13.875,1,single_token,not_valid_noun
strollers,City,-13.875,1,single_token,incomplete_phrase
strollers,Cher,-13.875,1,single_token,incomplete_phrase
strollers,accompanying,-13.875,1,single_token,not_valid_noun
strollers,rear,-13.875,1,single_token,incomplete_phrase
strollers,remote,-13.875,1,single_token,incomplete_phrase
strollers,(_,-13.875,1,single_token,not_valid_noun
strollers,sentence,-13.875,1,single_token,not_valid_noun
strollers,airport,-13.875,1,single_token,incomplete_phrase
strollers,Tools,-13.875,1,single_token,not_valid_noun
strollers,pregnant,-13.875,1,single_token,not_valid_noun
strollers,```,-13.875,1,single_token,not_valid_noun
strollers,trips,-13.875,1,single_token,not_valid_noun
strollers,passengers,-13.875,1,single_token,not_valid_noun
strollers,nes,-13.875,1,single_token,not_valid_noun
strollers,of st,-13.875,2,2token,not_valid_noun
strollers,of food,-13.875,2,2token,not_valid_noun
strollers,of bag,-13.875,2,2token,not_valid_noun
strollers,of _______,-13.875,2,2token,not_valid_noun
strollers,Definition,-13.875,1,single_token,incomplete_phrase
strollers,vw,-13.875,1,single_token,not_valid_noun
strollers,waterproof,-13.875,1,single_token,incomplete_phrase
strollers,seat to,-13.875,2,2token,not_valid_noun
strollers,seat used,-13.875,2,2token,incomplete_phrase
strollers,recycle,-13.875,1,single_token,not_valid_noun
strollers,======,-13.875,1,single_token,not_valid_noun
strollers,handlebars,-13.875,1,single_token,not_valid_noun
strollers,________ There,-13.890625,2,2token,not_valid_noun
strollers,________ For,-13.890625,2,2token,not_valid_noun
strollers,________ toys,-13.890625,2,2token,not_valid_noun
strollers,________ you,-13.890625,2,2token,not_valid_noun
strollers,________ Find,-13.890625,2,2token,not_valid_noun
strollers,________ _____,-13.890625,2,2token,not_valid_noun
strollers,vehicles which,-13.90625,2,2token,incomplete_phrase
strollers,tool called,-13.90625,2,2token,incomplete_phrase
strollers,carrying (,-13.90625,2,2token,not_valid_noun
strollers,bicycle to,-13.90625,2,2token,not_valid_noun
strollers,bicycle .....,-13.90625,2,2token,not_valid_noun
strollers,? You,-13.90625,2,2token,not_valid_noun
strollers,? for,-13.90625,2,2token,not_valid_noun
strollers,object with,-13.90625,2,2token,not_valid_noun
strollers,? in,-13.90625,2,2token,not_valid_noun
strollers,toys completed,-13.90625,2,2token,not_valid_noun
strollers,toys Read,-13.90625,2,2token,not_valid_noun
strollers,children ‘,-13.90625,2,2token,not_valid_noun
strollers,children _________,-13.90625,2,2token,not_valid_noun
strollers,clothing ...,-13.90625,2,2token,not_valid_noun
strollers,bike _______,-13.90625,2,2token,not_valid_noun
strollers,tool complete,-13.90625,2,2token,not_valid_noun
strollers,object ________,-13.90625,2,2token,not_valid_noun
strollers,____ '.,-13.90625,2,2token,not_valid_noun
strollers,object a,-13.90625,2,2token,not_valid_noun
strollers,__ and,-13.90625,2,2token,not_valid_noun
strollers,__ -,-13.90625,2,2token,not_valid_noun
strollers,__ ______,-13.90625,2,2token,not_valid_noun
strollers,wheels ______,-13.90625,2,2token,not_valid_noun
strollers,Pram ________,-13.90625,2,2token,not_valid_noun
strollers,_. We,-13.90625,2,2token,not_valid_noun
strollers,_. ________,-13.90625,2,2token,not_valid_noun
strollers,_. There,-13.90625,2,2token,not_valid_noun
strollers,What the,-13.90625,2,2token,not_valid_noun
strollers,mobility ...,-13.90625,2,2token,not_valid_noun
strollers,equipment ____,-13.90625,2,2token,not_valid_noun
strollers,equipment suitable,-13.90625,2,2token,incomplete_phrase
strollers,___________ COMPLETE,-13.90625,2,2token,not_valid_noun
strollers,___________ _____,-13.90625,2,2token,not_valid_noun
strollers,What will,-13.90625,2,2token,not_valid_noun
strollers,What part,-13.90625,2,2token,not_valid_noun
strollers,item made,-13.90625,2,2token,incomplete_phrase
strollers,item bought,-13.90625,2,2token,incomplete_phrase
strollers,wagon ...,-13.90625,2,2token,not_valid_noun
strollers,buggy ______,-13.90625,2,2token,not_valid_noun
strollers,chair _,-13.90625,2,2token,not_valid_noun
strollers,accessories used,-13.90625,2,2token,incomplete_phrase
strollers,buggy ____,-13.90625,2,2token,not_valid_noun
strollers,buggy in,-13.90625,2,2token,not_valid_noun
strollers,automobile ______,-13.90625,2,2token,not_valid_noun
strollers,automobile COMPLETE,-13.90625,2,2token,not_valid_noun
strollers,toys of,-13.90625,2,2token,not_valid_noun
strollers,? To,-13.90625,2,2token,not_valid_noun
strollers,____________ What,-13.90625,2,2token,not_valid_noun
strollers,____________ and,-13.90625,2,2token,not_valid_noun
strollers,? There,-13.90625,2,2token,not_valid_noun
strollers,? If,-13.90625,2,2token,not_valid_noun
strollers,thing the,-13.9375,2,2token,incomplete_phrase
strollers,basket (,-13.9375,2,2token,not_valid_noun
strollers,shiny,-13.9375,1,single_token,not_valid_noun
strollers,handmade,-13.9375,1,single_token,not_valid_noun
strollers,type o,-13.9375,2,2token,not_valid_noun
strollers,luggage or,-13.9375,2,2token,not_valid_noun
strollers,gadget or,-13.9375,2,2token,not_valid_noun
strollers,…. COMPLETE,-13.9375,2,2token,not_valid_noun
strollers,…. ________,-13.9375,2,2token,not_valid_noun
strollers,…. Give,-13.9375,2,2token,not_valid_noun
strollers,…. Please,-13.9375,2,2token,not_valid_noun
strollers,…. They,-13.9375,2,2token,not_valid_noun
strollers,…. An,-13.9375,2,2token,not_valid_noun
strollers,…. of,-13.9375,2,2token,not_valid_noun
strollers,...... COMPLETE,-13.9375,2,2token,not_valid_noun
strollers,...... car,-13.9375,2,2token,not_valid_noun
strollers,- _______,-13.9375,2,2token,not_valid_noun
strollers,- ______,-13.9375,2,2token,not_valid_noun
strollers,umbrella ________,-13.9375,2,2token,not_valid_noun
strollers,container or,-13.9375,2,2token,not_valid_noun
strollers,to,-13.9375,2,2token,not_valid_noun
strollers,to me,-13.9375,2,2token,not_valid_noun
strollers,ride that,-13.9375,2,2token,incomplete_phrase
strollers,= stroller,-13.9375,2,2token,not_valid_noun
strollers,= _______,-13.9375,2,2token,not_valid_noun
strollers,= shopping,-13.9375,2,2token,not_valid_noun
strollers,what ?.,-13.9375,2,2token,not_valid_noun
strollers,A wheel,-13.9375,2,2token,not_valid_noun
strollers,rolling,-13.9375,2,2token,incomplete_phrase
strollers,rolling ________,-13.9375,2,2token,not_valid_noun
strollers,particular,-13.9375,1,single_token,incomplete_phrase
strollers,local,-13.9375,1,single_token,incomplete_phrase
strollers,keep,-13.9375,1,single_token,incomplete_phrase
strollers,over,-13.9375,1,single_token,incomplete_phrase
strollers,more,-13.9375,1,single_token,incomplete_phrase
strollers,crawling,-13.9375,1,single_token,incomplete_phrase
strollers,wc,-13.9375,1,single_token,not_valid_noun
strollers,trendy,-13.9375,1,single_token,not_valid_noun
strollers,ti,-13.9375,1,single_token,not_valid_noun
strollers,activity to,-13.9375,2,2token,not_valid_noun
strollers,pest,-13.9375,1,single_token,incomplete_phrase
strollers,boun,-13.9375,1,single_token,not_valid_noun
strollers,unused,-13.9375,1,single_token,not_valid_noun
strollers,hang,-13.9375,1,single_token,not_valid_noun
strollers,homes,-13.9375,1,single_token,not_valid_noun
strollers,evening,-13.9375,1,single_token,incomplete_phrase
strollers,bright,-13.9375,1,single_token,not_valid_noun
strollers,foreign,-13.9375,1,single_token,not_valid_noun
strollers,py,-13.9375,1,single_token,not_valid_noun
strollers,Hand,-13.9375,1,single_token,incomplete_phrase
strollers,Mother,-13.9375,1,single_token,incomplete_phrase
strollers,describe,-13.9375,1,single_token,not_valid_noun
strollers,ang,-13.9375,1,single_token,not_valid_noun
strollers,lit,-13.9375,1,single_token,incomplete_phrase
strollers,reach,-13.9375,1,single_token,incomplete_phrase
strollers,assist,-13.9375,1,single_token,incomplete_phrase
strollers,usually,-13.9375,1,single_token,not_valid_noun
strollers,Am,-13.9375,1,single_token,not_valid_noun
strollers,passe,-13.9375,1,single_token,not_valid_noun
strollers,safety,-13.9375,2,2token,incomplete_phrase
strollers,grocery (,-13.9375,2,2token,not_valid_noun
strollers,luggage in,-13.9375,2,2token,not_valid_noun
strollers,store (,-13.9375,2,2token,not_valid_noun
strollers,accessory needed,-13.96875,2,2token,incomplete_phrase
strollers,accessory you,-13.96875,2,2token,incomplete_phrase
strollers,accessory ________,-13.96875,2,2token,not_valid_noun
strollers,pull _______,-13.96875,2,2token,not_valid_noun
strollers,instrument in,-13.96875,2,2token,not_valid_noun
strollers,exercise ____,-13.96875,2,2token,not_valid_noun
strollers,instrument which,-13.96875,2,2token,incomplete_phrase
strollers,roller ...,-13.96875,2,2token,not_valid_noun
strollers,parent ____,-13.96875,2,2token,not_valid_noun
strollers,trailer for,-13.96875,2,2token,incomplete_phrase
strollers,pull around,-13.96875,2,2token,not_valid_noun
strollers,parent ...,-13.96875,2,2token,not_valid_noun
strollers,tools of,-13.96875,2,2token,not_valid_noun
strollers,carrier ________,-13.96875,2,2token,not_valid_noun
strollers,sports ______,-13.96875,2,2token,not_valid_noun
strollers,infant and,-13.96875,2,2token,incomplete_phrase
strollers,carrier ...,-13.96875,2,2token,not_valid_noun
strollers,carrier to,-13.96875,2,2token,not_valid_noun
strollers,carrier in,-13.96875,2,2token,not_valid_noun
strollers,infant travel,-13.96875,2,2token,incomplete_phrase
strollers,( choose,-13.96875,2,2token,not_valid_noun
strollers,childrens,-13.96875,2,2token,not_valid_noun
strollers,is this,-13.96875,2,2token,not_valid_noun
strollers,for sale,-13.96875,2,2token,not_valid_noun
strollers,for car,-13.96875,2,2token,not_valid_noun
strollers,is made,-13.96875,2,2token,not_valid_noun
strollers,for child,-13.96875,2,2token,not_valid_noun
strollers,infant _,-13.96875,2,2token,not_valid_noun
strollers,an adult,-13.96875,2,2token,not_valid_noun
strollers,infant carri,-13.96875,2,2token,incomplete_phrase
strollers,childrens _______,-13.96875,2,2token,not_valid_noun
strollers,childrens _____,-13.96875,2,2token,not_valid_noun
strollers,< br,-13.96875,2,2token,not_valid_noun
strollers,means or,-13.96875,2,2token,not_valid_noun
strollers,conveyance used,-13.96875,2,2token,incomplete_phrase
strollers,furniture What,-13.96875,2,2token,incomplete_phrase
strollers,examples,-14.0,1,single_token,not_valid_noun
strollers,........ In,-14.0,2,2token,not_valid_noun
strollers,CD,-14.0,1,single_token,not_valid_noun
strollers,squ,-14.0,1,single_token,not_valid_noun
strollers,meg,-14.0,1,single_token,incomplete_phrase
strollers,conver,-14.0,1,single_token,not_valid_noun
strollers,getting,-14.0,1,single_token,incomplete_phrase
strollers,hear,-14.0,1,single_token,not_valid_noun
strollers,seeing,-14.0,1,single_token,incomplete_phrase
strollers,outdoor ____,-14.0,2,2token,not_valid_noun
strollers,outdoor wheel,-14.0,2,2token,incomplete_phrase
strollers,which toy,-14.0,2,2token,not_valid_noun
strollers,large child,-14.0,2,2token,incomplete_phrase
strollers,kids _______,-14.0,2,2token,not_valid_noun
strollers,large ...,-14.0,2,2token,not_valid_noun
strollers,Carri,-14.0,1,single_token,not_valid_noun
strollers,large carry,-14.0,2,2token,incomplete_phrase
strollers,mechanized,-14.0,1,single_token,not_valid_noun
strollers,rac,-14.0,1,single_token,not_valid_noun
strollers,type for,-14.0,2,2token,incomplete_phrase
strollers,kids ______,-14.0,2,2token,not_valid_noun
strollers,kinder,-14.0,1,single_token,not_valid_noun
strollers,tramp,-14.0,1,single_token,incomplete_phrase
strollers,oble,-14.0,1,single_token,not_valid_noun
strollers,borrowed,-14.0,1,single_token,not_valid_noun
strollers,versatile,-14.0,1,single_token,not_valid_noun
strollers,machine complete,-14.0,2,2token,not_valid_noun
strollers,machine in,-14.0,2,2token,not_valid_noun
strollers,machine ...,-14.0,2,2token,not_valid_noun
strollers,doll _______,-14.0,2,2token,not_valid_noun
strollers,enclosed,-14.0,1,single_token,not_valid_noun
strollers,suits,-14.0,1,single_token,not_valid_noun
strollers,doll _,-14.0,2,2token,not_valid_noun
strollers,cloth ____________,-14.0,2,2token,not_valid_noun
strollers,......... ?,-14.0,2,2token,not_valid_noun
strollers,sko,-14.0,1,single_token,not_valid_noun
strollers,].,-14.0,1,single_token,not_valid_noun
strollers,accessor,-14.0,1,single_token,not_valid_noun
strollers,cloth ______,-14.0,2,2token,not_valid_noun
strollers,to to,-14.0,2,2token,not_valid_noun
strollers,hand and,-14.0,2,2token,incomplete_phrase
strollers,And,-14.0,1,single_token,not_valid_noun
strollers,unnecessary,-14.0,1,single_token,not_valid_noun
strollers,outdoor ...,-14.0,2,2token,not_valid_noun
strollers,words,-14.0,1,single_token,not_valid_noun
strollers,of an,-14.0,2,2token,not_valid_noun
strollers,of automobile,-14.0,2,2token,not_valid_noun
strollers,supp,-14.0,1,single_token,not_valid_noun
strollers,of clothes,-14.0,2,2token,not_valid_noun
strollers,atta,-14.0,1,single_token,incomplete_phrase
strollers,accessible,-14.0,1,single_token,not_valid_noun
strollers,dirty,-14.0,1,single_token,not_valid_noun
strollers,type a,-14.0,2,2token,not_valid_noun
strollers,c _____,-14.0,2,2token,not_valid_noun
strollers,fu,-14.0,1,single_token,not_valid_noun
strollers,Method,-14.0,1,single_token,incomplete_phrase
strollers,help during,-14.0,2,2token,incomplete_phrase
strollers,________ which,-14.015625,2,2token,not_valid_noun
strollers,________ tool,-14.015625,2,2token,not_valid_noun
strollers,________ with,-14.015625,2,2token,not_valid_noun
strollers,________ ____________,-14.015625,2,2token,not_valid_noun
strollers,buggy The,-14.03125,2,2token,incomplete_phrase
strollers,___________ and,-14.03125,2,2token,not_valid_noun
strollers,___________ car,-14.03125,2,2token,not_valid_noun
strollers,recreational vehic,-14.03125,2,2token,incomplete_phrase
strollers,__ food,-14.03125,2,2token,not_valid_noun
strollers,walking for,-14.03125,2,2token,not_valid_noun
strollers,tricycle complete,-14.03125,2,2token,not_valid_noun
strollers,toys A,-14.03125,2,2token,not_valid_noun
strollers,___________ toy,-14.03125,2,2token,not_valid_noun
strollers,toys on,-14.03125,2,2token,not_valid_noun
strollers,? st,-14.03125,2,2token,not_valid_noun
strollers,____ Choose,-14.03125,2,2token,not_valid_noun
strollers,children $,-14.03125,2,2token,not_valid_noun
strollers,____________ Select,-14.03125,2,2token,not_valid_noun
strollers,____________ toys,-14.03125,2,2token,not_valid_noun
strollers,____________ toy,-14.03125,2,2token,not_valid_noun
strollers,children is,-14.03125,2,2token,not_valid_noun
strollers,vehicles _______,-14.03125,2,2token,not_valid_noun
strollers,vehicles ________,-14.03125,2,2token,not_valid_noun
strollers,vehicles or,-14.03125,2,2token,not_valid_noun
strollers,Pram /,-14.03125,2,2token,not_valid_noun
strollers,sport _______,-14.03125,2,2token,not_valid_noun
strollers,sport equip,-14.03125,2,2token,incomplete_phrase
strollers,sport that,-14.03125,2,2token,incomplete_phrase
strollers,vehicles on,-14.03125,2,2token,not_valid_noun
strollers,carts to,-14.03125,2,2token,not_valid_noun
strollers,tool people,-14.03125,2,2token,incomplete_phrase
strollers,bags with,-14.03125,2,2token,incomplete_phrase
strollers,automobile Accessory,-14.03125,2,2token,incomplete_phrase
strollers,bag Personal,-14.03125,2,2token,incomplete_phrase
strollers,bag …,-14.03125,2,2token,not_valid_noun
strollers,bag Answer,-14.03125,2,2token,not_valid_noun
strollers,____ toys,-14.03125,2,2token,not_valid_noun
strollers,whe ...,-14.03125,2,2token,not_valid_noun
strollers,bicycle ____________,-14.03125,2,2token,not_valid_noun
strollers,bicycle a,-14.03125,2,2token,not_valid_noun
strollers,buggy a,-14.03125,2,2token,not_valid_noun
strollers,__ sport,-14.03125,2,2token,not_valid_noun
strollers,carrying _______,-14.03125,2,2token,not_valid_noun
strollers,__ The,-14.03125,2,2token,not_valid_noun
strollers,bag full,-14.03125,2,2token,incomplete_phrase
strollers,tool …,-14.03125,2,2token,not_valid_noun
strollers,tricycle with,-14.03125,2,2token,incomplete_phrase
strollers,cars are,-14.03125,2,2token,incomplete_phrase
strollers,buggy _____,-14.03125,2,2token,not_valid_noun
strollers,____ How,-14.03125,2,2token,not_valid_noun
strollers,____ food,-14.03125,2,2token,not_valid_noun
strollers,object _______,-14.03125,2,2token,not_valid_noun
strollers,What happens,-14.03125,2,2token,not_valid_noun
strollers,What color,-14.03125,2,2token,not_valid_noun
strollers,_. When,-14.03125,2,2token,not_valid_noun
strollers,equipment required,-14.03125,2,2token,incomplete_phrase
strollers,_. For,-14.03125,2,2token,not_valid_noun
strollers,_. __,-14.03125,2,2token,not_valid_noun
strollers,buggy Fill,-14.03125,2,2token,not_valid_noun
strollers,equipment _____,-14.03125,2,2token,not_valid_noun
strollers,____ For,-14.03125,2,2token,not_valid_noun
strollers,____ [,-14.03125,2,2token,not_valid_noun
strollers,____ :,-14.03125,2,2token,not_valid_noun
strollers,____ are,-14.03125,2,2token,not_valid_noun
strollers,What I,-14.03125,2,2token,not_valid_noun
strollers,___________ _.,-14.03125,2,2token,not_valid_noun
strollers,____ Answer,-14.03125,2,2token,not_valid_noun
strollers,____ fill,-14.03125,2,2token,not_valid_noun
strollers,__ transportation,-14.03125,2,2token,not_valid_noun
strollers,Jog,-14.0625,1,single_token,incomplete_phrase
strollers,thing designed,-14.0625,2,2token,incomplete_phrase
strollers,…. Identify,-14.0625,2,2token,not_valid_noun
strollers,mammals,-14.0625,1,single_token,not_valid_noun
strollers,animate,-14.0625,1,single_token,not_valid_noun
strollers,grocery _,-14.0625,2,2token,not_valid_noun
strollers,thing Read,-14.0625,2,2token,not_valid_noun
strollers,thing like,-14.0625,2,2token,incomplete_phrase
strollers,grocery ____,-14.0625,2,2token,not_valid_noun
strollers,....... Write,-14.0625,2,2token,not_valid_noun
strollers,…. Are,-14.0625,2,2token,not_valid_noun
strollers,Means,-14.0625,1,single_token,incomplete_phrase
strollers,eat,-14.0625,1,single_token,not_valid_noun
strollers,chil,-14.0625,1,single_token,not_valid_noun
strollers,xxxx,-14.0625,1,single_token,not_valid_noun
strollers,Grocery,-14.0625,1,single_token,incomplete_phrase
strollers,manu,-14.0625,1,single_token,not_valid_noun
strollers,trunks,-14.0625,1,single_token,not_valid_noun
strollers,contri,-14.0625,1,single_token,not_valid_noun
strollers,SHOPPING,-14.0625,1,single_token,incomplete_phrase
strollers,Childs,-14.0625,1,single_token,incomplete_phrase
strollers,the supermarket,-14.0625,2,2token,not_valid_noun
strollers,the _______,-14.0625,2,2token,not_valid_noun
strollers,the vehicles,-14.0625,2,2token,not_valid_noun
strollers,the toys,-14.0625,2,2token,not_valid_noun
strollers,the (,-14.0625,2,2token,not_valid_noun
strollers,daytime,-14.0625,1,single_token,incomplete_phrase
strollers,…. All,-14.0625,2,2token,not_valid_noun
strollers,…. These,-14.0625,2,2token,not_valid_noun
strollers,...... ....,-14.0625,2,2token,not_valid_noun
strollers,…. b,-14.0625,2,2token,not_valid_noun
strollers,rolling ...,-14.0625,2,2token,not_valid_noun
strollers,= Choose,-14.0625,2,2token,not_valid_noun
strollers,A A,-14.0625,2,2token,not_valid_noun
strollers,........... Choose,-14.0625,2,2token,not_valid_noun
strollers,shapes,-14.0625,1,single_token,not_valid_noun
strollers,what I,-14.0625,2,2token,not_valid_noun
strollers,ste,-14.0625,1,single_token,not_valid_noun
strollers,...... Answer,-14.0625,2,2token,not_valid_noun
strollers,...... Use,-14.0625,2,2token,not_valid_noun
strollers,Special,-14.0625,1,single_token,incomplete_phrase
strollers,pu,-14.0625,1,single_token,not_valid_noun
strollers,while,-14.0625,1,single_token,incomplete_phrase
strollers,exercises,-14.0625,1,single_token,not_valid_noun
strollers,loo,-14.0625,1,single_token,incomplete_phrase
strollers,bie,-14.0625,1,single_token,not_valid_noun
strollers,$=$,-14.0625,1,single_token,not_valid_noun
strollers,de,-14.0625,1,single_token,not_valid_noun
strollers,Quin,-14.0625,1,single_token,incomplete_phrase
strollers,DIY,-14.0625,1,single_token,not_valid_noun
strollers,workout,-14.0625,1,single_token,incomplete_phrase
strollers,pulls,-14.0625,1,single_token,not_valid_noun
strollers,hover,-14.0625,1,single_token,not_valid_noun
strollers,Disney,-14.0625,1,single_token,not_valid_noun
strollers,strange,-14.0625,1,single_token,not_valid_noun
strollers,mens,-14.0625,1,single_token,not_valid_noun
strollers,- Blank,-14.0625,2,2token,not_valid_noun
strollers,- equipment,-14.0625,2,2token,not_valid_noun
strollers,container with,-14.0625,2,2token,incomplete_phrase
strollers,.. food,-14.0625,2,2token,not_valid_noun
strollers,.. fruit,-14.0625,2,2token,not_valid_noun
strollers,.. Which,-14.0625,2,2token,not_valid_noun
strollers,.. Select,-14.0625,2,2token,not_valid_noun
strollers,what vehicle,-14.0625,2,2token,not_valid_noun
strollers,- ...,-14.0625,2,2token,not_valid_noun
strollers,- for,-14.0625,2,2token,not_valid_noun
strollers,- complete,-14.0625,2,2token,not_valid_noun
strollers,$(,-14.0625,1,single_token,not_valid_noun
strollers,cro,-14.0625,1,single_token,incomplete_phrase
strollers,type A,-14.0625,2,2token,not_valid_noun
strollers,- The,-14.0625,2,2token,not_valid_noun
strollers,umbrella that,-14.0625,2,2token,incomplete_phrase
strollers,umbrella and,-14.0625,2,2token,incomplete_phrase
strollers,ze,-14.0625,1,single_token,not_valid_noun
strollers,store in,-14.0625,2,2token,not_valid_noun
strollers,small travel,-14.09375,2,2token,incomplete_phrase
strollers,for you,-14.09375,2,2token,not_valid_noun
strollers,is that,-14.09375,2,2token,not_valid_noun
strollers,small trol,-14.09375,2,2token,incomplete_phrase
strollers,small,-14.09375,2,2token,incomplete_phrase
strollers,The last,-14.09375,2,2token,not_valid_noun
strollers,for ...,-14.09375,2,2token,not_valid_noun
strollers,for walkers,-14.09375,2,2token,not_valid_noun
strollers,The name,-14.09375,2,2token,not_valid_noun
strollers,babies carrying,-14.09375,2,2token,incomplete_phrase
strollers,babies cars,-14.09375,2,2token,not_valid_noun
strollers,babies _,-14.09375,2,2token,not_valid_noun
strollers,babies play,-14.09375,2,2token,incomplete_phrase
strollers,carrier COMPLETE,-14.09375,2,2token,not_valid_noun
strollers,shop at,-14.09375,2,2token,not_valid_noun
strollers,shop ________,-14.09375,2,2token,not_valid_noun
strollers,( _____,-14.09375,2,2token,not_valid_noun
strollers,furniture on,-14.09375,2,2token,not_valid_noun
strollers,………… The,-14.09375,2,2token,not_valid_noun
strollers,conveyance that,-14.09375,2,2token,incomplete_phrase
strollers,means o,-14.09375,2,2token,not_valid_noun
strollers,exercise equi,-14.09375,2,2token,incomplete_phrase
strollers,…… ….,-14.09375,2,2token,not_valid_noun
strollers,…… Make,-14.09375,2,2token,not_valid_noun
strollers,…… …,-14.09375,2,2token,not_valid_noun
strollers,parent carrying,-14.09375,2,2token,incomplete_phrase
strollers,roller (,-14.09375,2,2token,not_valid_noun
strollers,house in,-14.09375,2,2token,not_valid_noun
strollers,…… COMPLETE,-14.09375,2,2token,not_valid_noun
strollers,accessory a,-14.09375,2,2token,not_valid_noun
strollers,house or,-14.09375,2,2token,not_valid_noun
strollers,………… A,-14.09375,2,2token,not_valid_noun
strollers,tools in,-14.09375,2,2token,not_valid_noun
strollers,........ ..,-14.125,2,2token,not_valid_noun
strollers,doll that,-14.125,2,2token,incomplete_phrase
strollers,[ Blank,-14.125,2,2token,not_valid_noun
strollers,colourful,-14.125,1,single_token,not_valid_noun
strollers,of bike,-14.125,2,2token,not_valid_noun
strollers,of object,-14.125,2,2token,not_valid_noun
strollers,of item,-14.125,2,2token,not_valid_noun
strollers,......... complete,-14.125,2,2token,not_valid_noun
strollers,rectangular,-14.125,1,single_token,not_valid_noun
strollers,accom,-14.125,1,single_token,not_valid_noun
strollers,robots,-14.125,1,single_token,not_valid_noun
strollers,hans,-14.125,1,single_token,incomplete_phrase
strollers,Toyota,-14.125,1,single_token,not_valid_noun
strollers,suitcase ...,-14.125,2,2token,not_valid_noun
strollers,food and,-14.125,2,2token,incomplete_phrase
strollers,........ Answer,-14.125,2,2token,not_valid_noun
strollers,........ are,-14.125,2,2token,not_valid_noun
strollers,food ...,-14.125,2,2token,not_valid_noun
strollers,inf,-14.125,1,single_token,incomplete_phrase
strollers,suitcase or,-14.125,2,2token,not_valid_noun
strollers,sec,-14.125,1,single_token,incomplete_phrase
strollers,its,-14.125,1,single_token,not_valid_noun
strollers,Although,-14.125,1,single_token,not_valid_noun
strollers,facilities,-14.125,1,single_token,not_valid_noun
strollers,citi,-14.125,1,single_token,not_valid_noun
strollers,es,-14.125,1,single_token,not_valid_noun
strollers,kids are,-14.125,2,2token,incomplete_phrase
strollers,device we,-14.125,2,2token,not_valid_noun
strollers,which a,-14.125,2,2token,not_valid_noun
strollers,which other,-14.125,2,2token,not_valid_noun
strollers,which ?,-14.125,2,2token,not_valid_noun
strollers,which thing,-14.125,2,2token,not_valid_noun
strollers,of this,-14.125,2,2token,not_valid_noun
strollers,ver,-14.125,1,single_token,not_valid_noun
strollers,device in,-14.125,2,2token,not_valid_noun
strollers,things called,-14.125,2,2token,incomplete_phrase
strollers,Iron,-14.125,1,single_token,incomplete_phrase
strollers,preferred,-14.125,1,single_token,not_valid_noun
strollers,drinking,-14.125,1,single_token,incomplete_phrase
strollers,bak,-14.125,1,single_token,not_valid_noun
strollers,lif,-14.125,1,single_token,incomplete_phrase
strollers,chairs,-14.125,2,2token,not_valid_noun
strollers,Toy ________,-14.125,2,2token,not_valid_noun
strollers,sel,-14.125,1,single_token,not_valid_noun
strollers,Pr,-14.125,1,single_token,not_valid_noun
strollers,students,-14.125,1,single_token,not_valid_noun
strollers,main,-14.125,1,single_token,incomplete_phrase
strollers,je,-14.125,1,single_token,not_valid_noun
strollers,ry,-14.125,1,single_token,not_valid_noun
strollers,Articles,-14.125,1,single_token,not_valid_noun
strollers,Convenient,-14.125,1,single_token,not_valid_noun
strollers,ted,-14.125,1,single_token,not_valid_noun
strollers,Sam,-14.125,1,single_token,incomplete_phrase
strollers,beautiful,-14.125,1,single_token,not_valid_noun
strollers,eyes,-14.125,1,single_token,not_valid_noun
strollers,?!,-14.125,1,single_token,not_valid_noun
strollers,fl,-14.125,1,single_token,not_valid_noun
strollers,built,-14.125,1,single_token,not_valid_noun
strollers,sad,-14.125,1,single_token,not_valid_noun
strollers,ms,-14.125,1,single_token,not_valid_noun
strollers,(?,-14.125,1,single_token,not_valid_noun
strollers,pedestrians,-14.125,1,single_token,not_valid_noun
strollers,........ ........,-14.125,2,2token,not_valid_noun
strollers,parap,-14.125,1,single_token,not_valid_noun
strollers,========,-14.125,1,single_token,not_valid_noun
strollers,Travelling,-14.125,1,single_token,not_valid_noun
strollers,riks,-14.125,1,single_token,not_valid_noun
strollers,........ is,-14.125,2,2token,not_valid_noun
strollers,________ by,-14.140625,2,2token,not_valid_noun
strollers,________,-14.140625,2,2token,not_valid_noun
strollers,________ You,-14.140625,2,2token,not_valid_noun
strollers,something (,-14.15625,2,2token,not_valid_noun
strollers,object at,-14.15625,2,2token,not_valid_noun
strollers,object around,-14.15625,2,2token,not_valid_noun
strollers,object ____,-14.15625,2,2token,not_valid_noun
strollers,bike ______,-14.15625,2,2token,not_valid_noun
strollers,luggage on,-14.15625,2,2token,not_valid_noun
strollers,luggage ....,-14.15625,2,2token,not_valid_noun
strollers,luggage ____,-14.15625,2,2token,not_valid_noun
strollers,clothing complete,-14.15625,2,2token,not_valid_noun
strollers,bag The,-14.15625,2,2token,not_valid_noun
strollers,bag by,-14.15625,2,2token,not_valid_noun
strollers,bag Fill,-14.15625,2,2token,not_valid_noun
strollers,play a,-14.15625,2,2token,not_valid_noun
strollers,play and,-14.15625,2,2token,not_valid_noun
strollers,play (,-14.15625,2,2token,not_valid_noun
strollers,tool children,-14.15625,2,2token,incomplete_phrase
strollers,tool ___________,-14.15625,2,2token,not_valid_noun
strollers,musical instr,-14.15625,2,2token,incomplete_phrase
strollers,__ in,-14.15625,2,2token,not_valid_noun
strollers,__ that,-14.15625,2,2token,not_valid_noun
strollers,__ _____,-14.15625,2,2token,not_valid_noun
strollers,equipment is,-14.15625,2,2token,not_valid_noun
strollers,equipment -,-14.15625,2,2token,not_valid_noun
strollers,equipment available,-14.15625,2,2token,incomplete_phrase
strollers,equipment children,-14.15625,2,2token,incomplete_phrase
strollers,accessories,-14.15625,2,2token,not_valid_noun
strollers,backpack complete,-14.15625,2,2token,not_valid_noun
strollers,buggy A,-14.15625,2,2token,not_valid_noun
strollers,buggy stroller,-14.15625,2,2token,incomplete_phrase
strollers,____________,-14.15625,2,2token,not_valid_noun
strollers,____________ in,-14.15625,2,2token,not_valid_noun
strollers,____________ I,-14.15625,2,2token,not_valid_noun
strollers,____________ or,-14.15625,2,2token,not_valid_noun
strollers,____________ car,-14.15625,2,2token,not_valid_noun
strollers,____________ complete,-14.15625,2,2token,not_valid_noun
strollers,____________ transportation,-14.15625,2,2token,not_valid_noun
strollers,chair is,-14.15625,2,2token,not_valid_noun
strollers,chair -,-14.15625,2,2token,not_valid_noun
strollers,bags in,-14.15625,2,2token,not_valid_noun
strollers,bags on,-14.15625,2,2token,not_valid_noun
strollers,automobile and,-14.15625,2,2token,incomplete_phrase
strollers,automobile with,-14.15625,2,2token,incomplete_phrase
strollers,automobile ....,-14.15625,2,2token,not_valid_noun
strollers,wagon which,-14.15625,2,2token,incomplete_phrase
strollers,item with,-14.15625,2,2token,incomplete_phrase
strollers,___________ in,-14.15625,2,2token,not_valid_noun
strollers,___________ or,-14.15625,2,2token,not_valid_noun
strollers,What were,-14.15625,2,2token,not_valid_noun
strollers,What about,-14.15625,2,2token,not_valid_noun
strollers,item found,-14.15625,2,2token,incomplete_phrase
strollers,mobility A,-14.15625,2,2token,not_valid_noun
strollers,cars on,-14.15625,2,2token,not_valid_noun
strollers,_. the,-14.15625,2,2token,not_valid_noun
strollers,walking (,-14.15625,2,2token,not_valid_noun
strollers,walking ...,-14.15625,2,2token,not_valid_noun
strollers,_. It,-14.15625,2,2token,not_valid_noun
strollers,_. Do,-14.15625,2,2token,not_valid_noun
strollers,_. Why,-14.15625,2,2token,not_valid_noun
strollers,_. Make,-14.15625,2,2token,not_valid_noun
strollers,_. Match,-14.15625,2,2token,not_valid_noun
strollers,kind (,-14.15625,2,2token,not_valid_noun
strollers,kind,-14.15625,2,2token,incomplete_phrase
strollers,sport a,-14.15625,2,2token,not_valid_noun
strollers,vehicles of,-14.15625,2,2token,not_valid_noun
strollers,vehicles and,-14.15625,2,2token,incomplete_phrase
strollers,vehicles with,-14.15625,2,2token,incomplete_phrase
strollers,carrying on,-14.15625,2,2token,not_valid_noun
strollers,carrying an,-14.15625,2,2token,not_valid_noun
strollers,carrying your,-14.15625,2,2token,incomplete_phrase
strollers,vehicles ....,-14.15625,2,2token,not_valid_noun
strollers,appliance or,-14.15625,2,2token,not_valid_noun
strollers,toys Answer,-14.15625,2,2token,not_valid_noun
strollers,something we,-14.15625,2,2token,not_valid_noun
strollers,bicycle are,-14.15625,2,2token,incomplete_phrase
strollers,bicycle which,-14.15625,2,2token,incomplete_phrase
strollers,bicycle …,-14.15625,2,2token,not_valid_noun
strollers,____,-14.15625,2,2token,not_valid_noun
strollers,____ to,-14.15625,2,2token,not_valid_noun
strollers,____ with,-14.15625,2,2token,not_valid_noun
strollers,____ ___,-14.15625,2,2token,not_valid_noun
strollers,toys at,-14.15625,2,2token,not_valid_noun
strollers,toys [,-14.15625,2,2token,not_valid_noun
strollers,toys ..,-14.15625,2,2token,not_valid_noun
strollers,grocery ...,-14.1875,2,2token,not_valid_noun
strollers,…. the,-14.1875,2,2token,not_valid_noun
strollers,what fruit,-14.1875,2,2token,not_valid_noun
strollers,product on,-14.1875,2,2token,not_valid_noun
strollers,what _____,-14.1875,2,2token,not_valid_noun
strollers,what ______,-14.1875,2,2token,not_valid_noun
strollers,carri,-14.1875,2,2token,not_valid_noun
strollers,carri …,-14.1875,2,2token,not_valid_noun
strollers,to which,-14.1875,2,2token,not_valid_noun
strollers,what can,-14.1875,2,2token,not_valid_noun
strollers,thing useful,-14.1875,2,2token,incomplete_phrase
strollers,pus,-14.1875,1,single_token,incomplete_phrase
strollers,Urban,-14.1875,1,single_token,incomplete_phrase
strollers,cb,-14.1875,1,single_token,not_valid_noun
strollers,packages,-14.1875,1,single_token,not_valid_noun
strollers,/ made,-14.1875,2,2token,not_valid_noun
strollers,/ (,-14.1875,2,2token,not_valid_noun
strollers,grocery carry,-14.1875,2,2token,incomplete_phrase
strollers,thing ________,-14.1875,2,2token,not_valid_noun
strollers,metro,-14.1875,1,single_token,not_valid_noun
strollers,basket to,-14.1875,2,2token,not_valid_noun
strollers,basket on,-14.1875,2,2token,not_valid_noun
strollers,........... Write,-14.1875,2,2token,not_valid_noun
strollers,........... ...,-14.1875,2,2token,not_valid_noun
strollers,= Fill,-14.1875,2,2token,not_valid_noun
strollers,Ac,-14.1875,1,single_token,not_valid_noun
strollers,basket with,-14.1875,2,2token,incomplete_phrase
strollers,.. _,-14.1875,2,2token,not_valid_noun
strollers,hand __,-14.1875,2,2token,not_valid_noun
strollers,hand made,-14.1875,2,2token,incomplete_phrase
strollers,....... -,-14.1875,2,2token,not_valid_noun
strollers,c ______,-14.1875,2,2token,not_valid_noun
strollers,additional,-14.1875,1,single_token,not_valid_noun
strollers,umbrella ...,-14.1875,2,2token,not_valid_noun
strollers,A piece,-14.1875,2,2token,not_valid_noun
strollers,rolling children,-14.1875,2,2token,incomplete_phrase
strollers,what _______,-14.1875,2,2token,not_valid_noun
strollers,/ something,-14.1875,2,2token,not_valid_noun
strollers,thing parents,-14.1875,2,2token,incomplete_phrase
strollers,Ã,-14.1875,1,single_token,not_valid_noun
strollers,IKEA,-14.1875,1,single_token,not_valid_noun
strollers,suv,-14.1875,1,single_token,not_valid_noun
strollers,materials,-14.1875,1,single_token,not_valid_noun
strollers,Tod,-14.1875,1,single_token,incomplete_phrase
strollers,interesting,-14.1875,1,single_token,not_valid_noun
strollers,ii,-14.1875,1,single_token,not_valid_noun
strollers,oh,-14.1875,1,single_token,not_valid_noun
strollers,covered,-14.1875,1,single_token,not_valid_noun
strollers,gaming,-14.1875,1,single_token,incomplete_phrase
strollers,optional,-14.1875,1,single_token,not_valid_noun
strollers,Apr,-14.1875,1,single_token,incomplete_phrase
strollers,MUSICAL,-14.1875,1,single_token,incomplete_phrase
strollers,.\,-14.1875,1,single_token,not_valid_noun
strollers,(…),-14.1875,1,single_token,not_valid_noun
strollers,loose,-14.1875,1,single_token,not_valid_noun
strollers,cabs,-14.1875,1,single_token,not_valid_noun
strollers,presents,-14.1875,1,single_token,not_valid_noun
strollers,apper,-14.1875,1,single_token,not_valid_noun
strollers,reader,-14.1875,1,single_token,not_valid_noun
strollers,busy,-14.1875,1,single_token,not_valid_noun
strollers,ultra,-14.1875,1,single_token,not_valid_noun
strollers,lig,-14.1875,1,single_token,not_valid_noun
strollers,cle,-14.1875,1,single_token,not_valid_noun
strollers,meant,-14.1875,1,single_token,not_valid_noun
strollers,rob,-14.1875,1,single_token,not_valid_noun
strollers,ai,-14.1875,1,single_token,not_valid_noun
strollers,related,-14.1875,1,single_token,not_valid_noun
strollers,private,-14.1875,1,single_token,incomplete_phrase
strollers,fire,-14.1875,1,single_token,incomplete_phrase
strollers,sch,-14.1875,1,single_token,not_valid_noun
strollers,El,-14.1875,1,single_token,not_valid_noun
strollers,ac,-14.1875,1,single_token,not_valid_noun
strollers,G,-14.1875,1,single_token,not_valid_noun
strollers,tran,-14.1875,1,single_token,incomplete_phrase
strollers,".""",-14.1875,1,single_token,not_valid_noun
strollers,conveyor,-14.1875,1,single_token,not_valid_noun
strollers,are there,-14.21875,2,2token,not_valid_noun
strollers,play ________,-14.21875,2,2token,not_valid_noun
strollers,The boy,-14.21875,2,2token,not_valid_noun
strollers,pull ______,-14.21875,2,2token,not_valid_noun
strollers,pull _____,-14.21875,2,2token,not_valid_noun
strollers,pull ____,-14.21875,2,2token,not_valid_noun
strollers,roller ______,-14.21875,2,2token,not_valid_noun
strollers,shoe .,-14.21875,2,2token,not_valid_noun
strollers,The are,-14.21875,2,2token,not_valid_noun
strollers,The st,-14.21875,2,2token,not_valid_noun
strollers,for bicycles,-14.21875,2,2token,not_valid_noun
strollers,small piece,-14.21875,2,2token,incomplete_phrase
strollers,for new,-14.21875,2,2token,not_valid_noun
strollers,shop or,-14.21875,2,2token,not_valid_noun
strollers,for me,-14.21875,2,2token,not_valid_noun
strollers,accessory and,-14.21875,2,2token,incomplete_phrase
strollers,( what,-14.21875,2,2token,not_valid_noun
strollers,( ?,-14.21875,2,2token,not_valid_noun
strollers,babies in,-14.21875,2,2token,not_valid_noun
strollers,babies supplies,-14.21875,2,2token,not_valid_noun
strollers,( ...,-14.21875,2,2token,not_valid_noun
strollers,( means,-14.21875,2,2token,not_valid_noun
strollers,infant baby,-14.21875,2,2token,incomplete_phrase
strollers,babies _______,-14.21875,2,2token,not_valid_noun
strollers,infant child,-14.21875,2,2token,incomplete_phrase
strollers,( ],-14.21875,2,2token,not_valid_noun
strollers,( tool,-14.21875,2,2token,not_valid_noun
strollers,( push,-14.21875,2,2token,not_valid_noun
strollers,( Choose,-14.21875,2,2token,not_valid_noun
strollers,( ______,-14.21875,2,2token,not_valid_noun
strollers,is called,-14.21875,2,2token,not_valid_noun
strollers,are an,-14.21875,2,2token,not_valid_noun
strollers,an app,-14.21875,2,2token,not_valid_noun
strollers,an _____,-14.21875,2,2token,not_valid_noun
strollers,play equip,-14.21875,2,2token,not_valid_noun
strollers,for toys,-14.21875,2,2token,not_valid_noun
strollers,for moving,-14.21875,2,2token,not_valid_noun
strollers,sports _,-14.21875,2,2token,not_valid_noun
strollers,conveyance of,-14.21875,2,2token,not_valid_noun
strollers,means (,-14.21875,2,2token,not_valid_noun
strollers,bus or,-14.21875,2,2token,not_valid_noun
strollers,school,-14.21875,2,2token,incomplete_phrase
strollers,sports or,-14.21875,2,2token,not_valid_noun
strollers,this sentence,-14.21875,2,2token,not_valid_noun
strollers,sports equ,-14.21875,2,2token,incomplete_phrase
strollers,are are,-14.21875,2,2token,not_valid_noun
strollers,(,-14.21875,2,2token,not_valid_noun
strollers,fun ...,-14.21875,2,2token,not_valid_noun
strollers,…… food,-14.21875,2,2token,not_valid_noun
strollers,…… Select,-14.21875,2,2token,not_valid_noun
strollers,…… There,-14.21875,2,2token,not_valid_noun
strollers,…… I,-14.21875,2,2token,not_valid_noun
strollers,article on,-14.21875,2,2token,not_valid_noun
strollers,article or,-14.21875,2,2token,not_valid_noun
strollers,parent _____,-14.21875,2,2token,not_valid_noun
strollers,prop ....,-14.21875,2,2token,not_valid_noun
strollers,The picture,-14.21875,2,2token,not_valid_noun
strollers,The number,-14.21875,2,2token,not_valid_noun
strollers,The people,-14.21875,2,2token,not_valid_noun
strollers,The term,-14.21875,2,2token,not_valid_noun
strollers,The bag,-14.21875,2,2token,not_valid_noun
strollers,___________,-14.21875,2,2token,not_valid_noun
strollers,%.,-14.25,1,single_token,not_valid_noun
strollers,fridge,-14.25,1,single_token,not_valid_noun
strollers,overhead,-14.25,1,single_token,incomplete_phrase
strollers,Sara,-14.25,1,single_token,incomplete_phrase
strollers,vessels,-14.25,1,single_token,not_valid_noun
strollers,neces,-14.25,1,single_token,not_valid_noun
strollers,theme,-14.25,1,single_token,incomplete_phrase
strollers,huge,-14.25,1,single_token,not_valid_noun
strollers,slo,-14.25,1,single_token,not_valid_noun
strollers,aper,-14.25,1,single_token,incomplete_phrase
strollers,seat _______,-14.25,2,2token,not_valid_noun
strollers,seat ______,-14.25,2,2token,not_valid_noun
strollers,seat ____,-14.25,2,2token,not_valid_noun
strollers,suck,-14.25,1,single_token,incomplete_phrase
strollers,Aid,-14.25,1,single_token,not_valid_noun
strollers,aleg,-14.25,1,single_token,not_valid_noun
strollers,ea,-14.25,1,single_token,not_valid_noun
strollers,underground,-14.25,1,single_token,incomplete_phrase
strollers,Pus,-14.25,1,single_token,incomplete_phrase
strollers,transporters,-14.25,1,single_token,not_valid_noun
strollers,…),-14.25,1,single_token,not_valid_noun
strollers,vesel,-14.25,1,single_token,not_valid_noun
strollers,conveniences,-14.25,1,single_token,not_valid_noun
strollers,[?],-14.25,1,single_token,not_valid_noun
strollers,.,-14.25,1,single_token,not_valid_noun
strollers,appart,-14.25,1,single_token,not_valid_noun
strollers,were,-14.25,1,single_token,not_valid_noun
strollers,kids shopping,-14.25,2,2token,incomplete_phrase
strollers,during,-14.25,1,single_token,not_valid_noun
strollers,gre,-14.25,1,single_token,not_valid_noun
strollers,Tr,-14.25,1,single_token,not_valid_noun
strollers,find,-14.25,1,single_token,incomplete_phrase
strollers,cur,-14.25,1,single_token,incomplete_phrase
strollers,sm,-14.25,1,single_token,not_valid_noun
strollers,most,-14.25,1,single_token,not_valid_noun
strollers,ge,-14.25,1,single_token,not_valid_noun
strollers,don,-14.25,1,single_token,incomplete_phrase
strollers,mobile _,-14.25,2,2token,not_valid_noun
strollers,Ele,-14.25,1,single_token,not_valid_noun
strollers,Common,-14.25,1,single_token,incomplete_phrase
strollers,weekend,-14.25,1,single_token,incomplete_phrase
strollers,exc,-14.25,1,single_token,not_valid_noun
strollers,things like,-14.25,2,2token,incomplete_phrase
strollers,High,-14.25,1,single_token,incomplete_phrase
strollers,natural,-14.25,1,single_token,incomplete_phrase
strollers,friends,-14.25,1,single_token,not_valid_noun
strollers,doing,-14.25,1,single_token,not_valid_noun
strollers,major,-14.25,1,single_token,incomplete_phrase
strollers,TO,-14.25,1,single_token,not_valid_noun
strollers,often,-14.25,1,single_token,not_valid_noun
strollers,ir,-14.25,1,single_token,not_valid_noun
strollers,<<,-14.25,1,single_token,not_valid_noun
strollers,Al,-14.25,1,single_token,not_valid_noun
strollers,him,-14.25,1,single_token,not_valid_noun
strollers,may,-14.25,1,single_token,incomplete_phrase
strollers,exp,-14.25,1,single_token,not_valid_noun
strollers,chairs (,-14.25,2,2token,not_valid_noun
strollers,carriages ________,-14.25,2,2token,not_valid_noun
strollers,machine ________,-14.25,2,2token,not_valid_noun
strollers,machine you,-14.25,2,2token,incomplete_phrase
strollers,food ....,-14.25,2,2token,not_valid_noun
strollers,food that,-14.25,2,2token,incomplete_phrase
strollers,food to,-14.25,2,2token,not_valid_noun
strollers,food in,-14.25,2,2token,not_valid_noun
strollers,accessori,-14.25,1,single_token,not_valid_noun
strollers,$<$,-14.25,1,single_token,not_valid_noun
strollers,EXERCISE,-14.25,1,single_token,incomplete_phrase
strollers,?-,-14.25,1,single_token,not_valid_noun
strollers,piggy,-14.25,1,single_token,incomplete_phrase
strollers,amuse,-14.25,1,single_token,not_valid_noun
strollers,TRAVEL,-14.25,1,single_token,incomplete_phrase
strollers,tris,-14.25,1,single_token,not_valid_noun
strollers,quick,-14.25,1,single_token,incomplete_phrase
strollers,cloth __,-14.25,2,2token,not_valid_noun
strollers,cloth -,-14.25,2,2token,not_valid_noun
strollers,cloth and,-14.25,2,2token,incomplete_phrase
strollers,cla,-14.25,1,single_token,not_valid_noun
strollers,sus,-14.25,1,single_token,incomplete_phrase
strollers,sing,-14.25,1,single_token,not_valid_noun
strollers,ten,-14.25,1,single_token,incomplete_phrase
strollers,Go,-14.25,1,single_token,not_valid_noun
strollers,,-14.25,1,single_token,not_valid_noun
strollers,gr,-14.25,1,single_token,not_valid_noun
strollers,device with,-14.25,2,2token,incomplete_phrase
strollers,bedtime,-14.25,1,single_token,incomplete_phrase
strollers,.$,-14.25,1,single_token,not_valid_noun
strollers,miscellaneous,-14.25,1,single_token,not_valid_noun
strollers,practise,-14.25,1,single_token,not_valid_noun
strollers,nouns,-14.25,1,single_token,not_valid_noun
strollers,__(,-14.25,1,single_token,not_valid_noun
strollers,MOB,-14.25,1,single_token,incomplete_phrase
strollers,pany,-14.25,1,single_token,not_valid_noun
strollers,[ BLANK,-14.25,2,2token,not_valid_noun
strollers,nursery ________,-14.25,2,2token,not_valid_noun
strollers,nursery ...,-14.25,2,2token,not_valid_noun
strollers,large,-14.25,2,2token,incomplete_phrase
strollers,large children,-14.25,2,2token,incomplete_phrase
strollers,cloth _____,-14.25,2,2token,not_valid_noun
strollers,whose,-14.25,1,single_token,not_valid_noun
strollers,users,-14.25,1,single_token,not_valid_noun
strollers,mechan,-14.25,1,single_token,not_valid_noun
strollers,difficult,-14.25,1,single_token,not_valid_noun
strollers,written,-14.25,1,single_token,not_valid_noun
strollers,Good,-14.25,1,single_token,incomplete_phrase
strollers,Please,-14.25,1,single_token,not_valid_noun
strollers,wie,-14.25,1,single_token,not_valid_noun
strollers,Street,-14.25,1,single_token,incomplete_phrase
strollers,send,-14.25,1,single_token,not_valid_noun
strollers,lost,-14.25,1,single_token,incomplete_phrase
strollers,ans,-14.25,1,single_token,not_valid_noun
strollers,pp,-14.25,1,single_token,not_valid_noun
strollers,problems,-14.25,1,single_token,not_valid_noun
strollers,br,-14.25,1,single_token,not_valid_noun
strollers,........ fruit,-14.25,2,2token,not_valid_noun
strollers,Important,-14.25,1,single_token,not_valid_noun
strollers,parks,-14.25,1,single_token,not_valid_noun
strollers,Universal,-14.25,1,single_token,incomplete_phrase
strollers,widget,-14.25,1,single_token,not_valid_noun
strollers,neat,-14.25,1,single_token,not_valid_noun
strollers,Laura,-14.25,1,single_token,incomplete_phrase
strollers,Roll,-14.25,1,single_token,incomplete_phrase
strollers,Mob,-14.25,1,single_token,incomplete_phrase
strollers,ey,-14.25,1,single_token,not_valid_noun
strollers,Ana,-14.25,1,single_token,incomplete_phrase
strollers,supporting,-14.25,1,single_token,incomplete_phrase
strollers,christmas,-14.25,1,single_token,incomplete_phrase
strollers,mont,-14.25,1,single_token,incomplete_phrase
strollers,Sau,-14.25,1,single_token,not_valid_noun
strollers,stories,-14.25,1,single_token,not_valid_noun
strollers,/*,-14.25,1,single_token,not_valid_noun
strollers,interior,-14.25,1,single_token,incomplete_phrase
strollers,uit,-14.25,1,single_token,not_valid_noun
strollers,sung,-14.25,1,single_token,incomplete_phrase
strollers,Dol,-14.25,1,single_token,incomplete_phrase
strollers,classified,-14.25,1,single_token,incomplete_phrase
strollers,........ Are,-14.25,2,2token,not_valid_noun
strollers,........ -,-14.25,2,2token,not_valid_noun
strollers,($\,-14.25,1,single_token,not_valid_noun
strollers,......... What,-14.25,2,2token,not_valid_noun
strollers,talking,-14.25,1,single_token,incomplete_phrase
strollers,lan,-14.25,1,single_token,incomplete_phrase
strollers,'',-14.25,1,single_token,not_valid_noun
strollers,wea,-14.25,1,single_token,incomplete_phrase
strollers,Every,-14.25,1,single_token,incomplete_phrase
strollers,played,-14.25,1,single_token,not_valid_noun
strollers,professional,-14.25,1,single_token,incomplete_phrase
strollers,choose,-14.25,1,single_token,not_valid_noun
strollers,ster,-14.25,1,single_token,not_valid_noun
strollers,healthy,-14.25,1,single_token,not_valid_noun
strollers,Cri,-14.25,1,single_token,not_valid_noun
strollers,dre,-14.25,1,single_token,not_valid_noun
strollers,nd,-14.25,1,single_token,not_valid_noun
strollers,ships,-14.25,1,single_token,not_valid_noun
strollers,to ride,-14.25,2,2token,not_valid_noun
strollers,to play,-14.25,2,2token,not_valid_noun
strollers,−,-14.25,1,single_token,not_valid_noun
strollers,favour,-14.25,1,single_token,not_valid_noun
strollers,lean,-14.25,1,single_token,incomplete_phrase
strollers,paral,-14.25,1,single_token,not_valid_noun
strollers,rainy,-14.25,1,single_token,not_valid_noun
strollers,which activity,-14.25,2,2token,not_valid_noun
strollers,cosmetics,-14.25,1,single_token,not_valid_noun
strollers,sanitary,-14.25,1,single_token,not_valid_noun
strollers,hobbies,-14.25,1,single_token,not_valid_noun
strollers,playful,-14.25,1,single_token,not_valid_noun
strollers,toys …,-14.28125,2,2token,not_valid_noun
strollers,equipment Used,-14.28125,2,2token,incomplete_phrase
strollers,st …,-14.28125,2,2token,not_valid_noun
strollers,kind a,-14.28125,2,2token,not_valid_noun
strollers,wagon _______,-14.28125,2,2token,not_valid_noun
strollers,wheels the,-14.28125,2,2token,incomplete_phrase
strollers,____ you,-14.28125,2,2token,not_valid_noun
strollers,____ on,-14.28125,2,2token,not_valid_noun
strollers,bags are,-14.28125,2,2token,incomplete_phrase
strollers,____________ ______,-14.28125,2,2token,not_valid_noun
strollers,____________ Write,-14.28125,2,2token,not_valid_noun
strollers,____________ ...,-14.28125,2,2token,not_valid_noun
strollers,____________ ?,-14.28125,2,2token,not_valid_noun
strollers,____________ is,-14.28125,2,2token,not_valid_noun
strollers,musical inst,-14.28125,2,2token,incomplete_phrase
strollers,musical instru,-14.28125,2,2token,incomplete_phrase
strollers,What has,-14.28125,2,2token,not_valid_noun
strollers,What kinds,-14.28125,2,2token,not_valid_noun
strollers,____ In,-14.28125,2,2token,not_valid_noun
strollers,toys ......,-14.28125,2,2token,not_valid_noun
strollers,mobility assis,-14.28125,2,2token,incomplete_phrase
strollers,mobility eq,-14.28125,2,2token,not_valid_noun
strollers,sport ______,-14.28125,2,2token,not_valid_noun
strollers,item children,-14.28125,2,2token,incomplete_phrase
strollers,prop Read,-14.28125,2,2token,not_valid_noun
strollers,prop ________,-14.28125,2,2token,not_valid_noun
strollers,wagon ....,-14.28125,2,2token,not_valid_noun
strollers,item or,-14.28125,2,2token,not_valid_noun
strollers,item people,-14.28125,2,2token,incomplete_phrase
strollers,automobile to,-14.28125,2,2token,not_valid_noun
strollers,_. ____,-14.28125,2,2token,not_valid_noun
strollers,_. Draw,-14.28125,2,2token,not_valid_noun
strollers,_. Select,-14.28125,2,2token,not_valid_noun
strollers,_. -,-14.28125,2,2token,not_valid_noun
strollers,automobile _____,-14.28125,2,2token,not_valid_noun
strollers,object ....,-14.28125,2,2token,not_valid_noun
strollers,bag we,-14.28125,2,2token,not_valid_noun
strollers,"bag ,",-14.28125,2,2token,not_valid_noun
strollers,tool useful,-14.28125,2,2token,incomplete_phrase
strollers,bike ____,-14.28125,2,2token,not_valid_noun
strollers,bike that,-14.28125,2,2token,incomplete_phrase
strollers,clothing in,-14.28125,2,2token,not_valid_noun
strollers,cars ....,-14.28125,2,2token,not_valid_noun
strollers,wheels ....,-14.28125,2,2token,not_valid_noun
strollers,wheels attached,-14.28125,2,2token,incomplete_phrase
strollers,wheels _,-14.28125,2,2token,not_valid_noun
strollers,object useful,-14.28125,2,2token,not_valid_noun
strollers,object people,-14.28125,2,2token,incomplete_phrase
strollers,___________ equipment,-14.28125,2,2token,not_valid_noun
strollers,__ blank,-14.28125,2,2token,not_valid_noun
strollers,buggy Full,-14.28125,2,2token,incomplete_phrase
strollers,sport is,-14.28125,2,2token,not_valid_noun
strollers,What,-14.28125,2,2token,not_valid_noun
strollers,tool [,-14.28125,2,2token,not_valid_noun
strollers,backpack (,-14.28125,2,2token,not_valid_noun
strollers,buggy Read,-14.28125,2,2token,not_valid_noun
strollers,accessories (,-14.28125,2,2token,not_valid_noun
strollers,equipment A,-14.28125,2,2token,not_valid_noun
strollers,Pram a,-14.28125,2,2token,not_valid_noun
strollers,what to,-14.3125,2,2token,not_valid_noun
strollers,ride to,-14.3125,2,2token,not_valid_noun
strollers,= ?,-14.3125,2,2token,not_valid_noun
strollers,/ set,-14.3125,2,2token,not_valid_noun
strollers,A _____,-14.3125,2,2token,not_valid_noun
strollers,= -,-14.3125,2,2token,not_valid_noun
strollers,...... toys,-14.3125,2,2token,not_valid_noun
strollers,...... Which,-14.3125,2,2token,not_valid_noun
strollers,A word,-14.3125,2,2token,not_valid_noun
strollers,= __,-14.3125,2,2token,not_valid_noun
strollers,foo,-14.3125,1,single_token,incomplete_phrase
strollers,....... I,-14.3125,2,2token,not_valid_noun
strollers,purchased,-14.3125,1,single_token,not_valid_noun
strollers,A bike,-14.3125,2,2token,not_valid_noun
strollers,A ____,-14.3125,2,2token,not_valid_noun
strollers,A person,-14.3125,2,2token,not_valid_noun
strollers,A :,-14.3125,2,2token,not_valid_noun
strollers,narrow,-14.3125,1,single_token,incomplete_phrase
strollers,container on,-14.3125,2,2token,not_valid_noun
strollers,specialty,-14.3125,1,single_token,incomplete_phrase
strollers,storing,-14.3125,1,single_token,not_valid_noun
strollers,ae,-14.3125,1,single_token,not_valid_noun
strollers,ambul,-14.3125,1,single_token,not_valid_noun
strollers,Very,-14.3125,1,single_token,not_valid_noun
strollers,compare,-14.3125,1,single_token,incomplete_phrase
strollers,keys,-14.3125,1,single_token,not_valid_noun
strollers,rode,-14.3125,1,single_token,not_valid_noun
strollers,classic,-14.3125,1,single_token,incomplete_phrase
strollers,European,-14.3125,1,single_token,incomplete_phrase
strollers,Ann,-14.3125,1,single_token,incomplete_phrase
strollers,USA,-14.3125,1,single_token,not_valid_noun
strollers,...... ____,-14.3125,2,2token,not_valid_noun
strollers,eu,-14.3125,1,single_token,not_valid_noun
strollers,Two,-14.3125,1,single_token,incomplete_phrase
strollers,Ham,-14.3125,1,single_token,not_valid_noun
strollers,false,-14.3125,1,single_token,not_valid_noun
strollers,could,-14.3125,1,single_token,not_valid_noun
strollers,San,-14.3125,1,single_token,incomplete_phrase
strollers,rec,-14.3125,1,single_token,not_valid_noun
strollers,util,-14.3125,1,single_token,not_valid_noun
strollers,click,-14.3125,1,single_token,not_valid_noun
strollers,By,-14.3125,1,single_token,not_valid_noun
strollers,specific,-14.3125,1,single_token,incomplete_phrase
strollers,comp,-14.3125,1,single_token,not_valid_noun
strollers,ad,-14.3125,1,single_token,not_valid_noun
strollers,....... In,-14.3125,2,2token,not_valid_noun
strollers,....... Select,-14.3125,2,2token,not_valid_noun
strollers,...... fruit,-14.3125,2,2token,not_valid_noun
strollers,...... of,-14.3125,2,2token,not_valid_noun
strollers,cuc,-14.3125,1,single_token,not_valid_noun
strollers,sunt,-14.3125,1,single_token,incomplete_phrase
strollers,lege,-14.3125,1,single_token,not_valid_noun
strollers,Suit,-14.3125,1,single_token,incomplete_phrase
strollers,travellers,-14.3125,1,single_token,not_valid_noun
strollers,hra,-14.3125,1,single_token,not_valid_noun
strollers,balancing,-14.3125,1,single_token,incomplete_phrase
strollers,:/,-14.3125,1,single_token,not_valid_noun
strollers,lines,-14.3125,1,single_token,not_valid_noun
strollers,’,-14.3125,1,single_token,not_valid_noun
strollers,surf,-14.3125,1,single_token,incomplete_phrase
strollers,pea,-14.3125,1,single_token,incomplete_phrase
strollers,dining,-14.3125,1,single_token,incomplete_phrase
strollers,Buy,-14.3125,1,single_token,incomplete_phrase
strollers,cater,-14.3125,1,single_token,not_valid_noun
strollers,abra,-14.3125,1,single_token,not_valid_noun
strollers,acar,-14.3125,1,single_token,not_valid_noun
strollers,crock,-14.3125,1,single_token,incomplete_phrase
strollers,.. toys,-14.3125,2,2token,not_valid_noun
strollers,ride ________,-14.3125,2,2token,not_valid_noun
strollers,.. There,-14.3125,2,2token,not_valid_noun
strollers,.. More,-14.3125,2,2token,not_valid_noun
strollers,activity ______,-14.3125,2,2token,not_valid_noun
strollers,Faro,-14.3125,1,single_token,incomplete_phrase
strollers,hand pushed,-14.3125,2,2token,incomplete_phrase
strollers,- _____,-14.3125,2,2token,not_valid_noun
strollers,rolling child,-14.3125,2,2token,incomplete_phrase
strollers,- [,-14.3125,2,2token,not_valid_noun
strollers,rolling ____,-14.3125,2,2token,not_valid_noun
strollers,rolling travel,-14.3125,2,2token,incomplete_phrase
strollers,umbrella to,-14.3125,2,2token,not_valid_noun
strollers,people are,-14.3125,2,2token,incomplete_phrase
strollers,umbrella with,-14.3125,2,2token,incomplete_phrase
strollers,umbrella or,-14.3125,2,2token,not_valid_noun
strollers,this means,-14.34375,2,2token,incomplete_phrase
strollers,means used,-14.34375,2,2token,not_valid_noun
strollers,bicycles (,-14.34375,2,2token,not_valid_noun
strollers,household ____,-14.34375,2,2token,not_valid_noun
strollers,pull up,-14.34375,2,2token,not_valid_noun
strollers,is (,-14.34375,2,2token,not_valid_noun
strollers,is ...,-14.34375,2,2token,not_valid_noun
strollers,< (,-14.34375,2,2token,not_valid_noun
strollers,bottle is,-14.34375,2,2token,not_valid_noun
strollers,bus Read,-14.34375,2,2token,not_valid_noun
strollers,…… ?,-14.34375,2,2token,not_valid_noun
strollers,house and,-14.34375,2,2token,incomplete_phrase
strollers,house on,-14.34375,2,2token,not_valid_noun
strollers,means,-14.34375,2,2token,not_valid_noun
strollers,( Blank,-14.34375,2,2token,not_valid_noun
strollers,parent …,-14.34375,2,2token,not_valid_noun
strollers,an car,-14.34375,2,2token,not_valid_noun
strollers,parent with,-14.34375,2,2token,incomplete_phrase
strollers,parent is,-14.34375,2,2token,not_valid_noun
strollers,an important,-14.34375,2,2token,not_valid_noun
strollers,an aid,-14.34375,2,2token,not_valid_noun
strollers,shops,-14.34375,2,2token,not_valid_noun
strollers,play for,-14.34375,2,2token,not_valid_noun
strollers,The phrase,-14.34375,2,2token,not_valid_noun
strollers,The story,-14.34375,2,2token,not_valid_noun
strollers,sports _.,-14.34375,2,2token,not_valid_noun
strollers,accessory ....,-14.34375,2,2token,not_valid_noun
strollers,for little,-14.34375,2,2token,not_valid_noun
strollers,carrier _,-14.34375,2,2token,not_valid_noun
strollers,small …,-14.34375,2,2token,not_valid_noun
strollers,roller ____,-14.34375,2,2token,not_valid_noun
strollers,exercise _______,-14.34375,2,2token,not_valid_noun
strollers,accessory Read,-14.34375,2,2token,not_valid_noun
strollers,accessory _______,-14.34375,2,2token,not_valid_noun
strollers,small hand,-14.34375,2,2token,incomplete_phrase
strollers,for pushing,-14.34375,2,2token,not_valid_noun
strollers,for example,-14.34375,2,2token,not_valid_noun
strollers,means ...,-14.34375,2,2token,not_valid_noun
strollers,The most,-14.34375,2,2token,not_valid_noun
strollers,The is,-14.34375,2,2token,not_valid_noun
strollers,an ____________,-14.34375,2,2token,not_valid_noun
strollers,The above,-14.34375,2,2token,not_valid_noun
strollers,carrier /,-14.34375,2,2token,not_valid_noun
strollers,carrier and,-14.34375,2,2token,incomplete_phrase
strollers,carrier which,-14.34375,2,2token,incomplete_phrase
strollers,babies or,-14.34375,2,2token,not_valid_noun
strollers,shop where,-14.34375,2,2token,incomplete_phrase
strollers,an ___,-14.34375,2,2token,not_valid_noun
strollers,an insect,-14.34375,2,2token,not_valid_noun
strollers,to (,-14.375,2,2token,not_valid_noun
strollers,to have,-14.375,2,2token,not_valid_noun
strollers,ball (,-14.375,2,2token,not_valid_noun
strollers,cities,-14.375,1,single_token,not_valid_noun
strollers,outdoor ______,-14.375,2,2token,not_valid_noun
strollers,cloth napp,-14.375,2,2token,incomplete_phrase
strollers,fel,-14.375,1,single_token,not_valid_noun
strollers,lying,-14.375,1,single_token,incomplete_phrase
strollers,Large,-14.375,1,single_token,incomplete_phrase
strollers,rounded,-14.375,1,single_token,not_valid_noun
strollers,stairs,-14.375,1,single_token,not_valid_noun
strollers,Fur,-14.375,1,single_token,incomplete_phrase
strollers,Furn,-14.375,1,single_token,not_valid_noun
strollers,―,-14.375,1,single_token,not_valid_noun
strollers,Accessories,-14.375,1,single_token,not_valid_noun
strollers,Outdoor,-14.375,1,single_token,incomplete_phrase
strollers,recycled,-14.375,1,single_token,not_valid_noun
strollers,umb,-14.375,1,single_token,not_valid_noun
strollers,maternal,-14.375,1,single_token,not_valid_noun
strollers,suitcase ....,-14.375,2,2token,not_valid_noun
strollers,family ____,-14.375,2,2token,not_valid_noun
strollers,kid s,-14.375,2,2token,not_valid_noun
strollers,folds,-14.375,1,single_token,not_valid_noun
strollers,suitcase and,-14.375,2,2token,incomplete_phrase
strollers,apart,-14.375,1,single_token,not_valid_noun
strollers,neck,-14.375,1,single_token,incomplete_phrase
strollers,pun,-14.375,1,single_token,incomplete_phrase
strollers,AP,-14.375,1,single_token,not_valid_noun
strollers,require,-14.375,1,single_token,not_valid_noun
strollers,ind,-14.375,1,single_token,incomplete_phrase
strollers,then,-14.375,1,single_token,not_valid_noun
strollers,V,-14.375,1,single_token,not_valid_noun
strollers,to parents,-14.375,2,2token,not_valid_noun
strollers,to ...,-14.375,2,2token,not_valid_noun
strollers,to child,-14.375,2,2token,not_valid_noun
strollers,to car,-14.375,2,2token,not_valid_noun
strollers,pron,-14.375,1,single_token,not_valid_noun
strollers,Tro,-14.375,1,single_token,not_valid_noun
strollers,giz,-14.375,1,single_token,not_valid_noun
strollers,skis,-14.375,1,single_token,not_valid_noun
strollers,mums,-14.375,1,single_token,not_valid_noun
strollers,housekeeping,-14.375,1,single_token,incomplete_phrase
strollers,~~~,-14.375,1,single_token,not_valid_noun
strollers,which the,-14.375,2,2token,not_valid_noun
strollers,things of,-14.375,2,2token,not_valid_noun
strollers,things designed,-14.375,2,2token,incomplete_phrase
strollers,things or,-14.375,2,2token,not_valid_noun
strollers,large ____,-14.375,2,2token,not_valid_noun
strollers,large _____,-14.375,2,2token,not_valid_noun
strollers,things they,-14.375,2,2token,incomplete_phrase
strollers,things useful,-14.375,2,2token,incomplete_phrase
strollers,........ food,-14.375,2,2token,not_valid_noun
strollers,large travel,-14.375,2,2token,incomplete_phrase
strollers,doll _____,-14.375,2,2token,not_valid_noun
strollers,hie,-14.375,1,single_token,incomplete_phrase
strollers,moms,-14.375,1,single_token,not_valid_noun
strollers,biking,-14.375,1,single_token,not_valid_noun
strollers,транспорт,-14.375,1,single_token,not_valid_noun
strollers,which children,-14.375,2,2token,not_valid_noun
strollers,which things,-14.375,2,2token,not_valid_noun
strollers,which transportation,-14.375,2,2token,not_valid_noun
strollers,حمل,-14.375,1,single_token,not_valid_noun
strollers,........ .....,-14.375,2,2token,not_valid_noun
strollers,THINGS,-14.375,1,single_token,not_valid_noun
strollers,[ _,-14.375,2,2token,not_valid_noun
strollers,piece o,-14.375,2,2token,not_valid_noun
strollers,kids _.,-14.375,2,2token,not_valid_noun
strollers,kids _____,-14.375,2,2token,not_valid_noun
strollers,kids carrying,-14.375,2,2token,incomplete_phrase
strollers,outdoor _,-14.375,2,2token,not_valid_noun
strollers,item purchased,-14.40625,2,2token,incomplete_phrase
strollers,tool _,-14.40625,2,2token,not_valid_noun
strollers,tool _________,-14.40625,2,2token,not_valid_noun
strollers,tool ____________,-14.40625,2,2token,not_valid_noun
strollers,_. _____,-14.40625,2,2token,not_valid_noun
strollers,luggage _______,-14.40625,2,2token,not_valid_noun
strollers,luggage ______,-14.40625,2,2token,not_valid_noun
strollers,luggage COMPLETE,-14.40625,2,2token,not_valid_noun
strollers,toys Fill,-14.40625,2,2token,not_valid_noun
strollers,wagon in,-14.40625,2,2token,not_valid_noun
strollers,"toys ,",-14.40625,2,2token,not_valid_noun
strollers,toys made,-14.40625,2,2token,incomplete_phrase
strollers,toys The,-14.40625,2,2token,incomplete_phrase
strollers,toys you,-14.40625,2,2token,incomplete_phrase
strollers,object meant,-14.40625,2,2token,incomplete_phrase
strollers,object ______,-14.40625,2,2token,not_valid_noun
strollers,bag the,-14.40625,2,2token,incomplete_phrase
strollers,bag are,-14.40625,2,2token,incomplete_phrase
strollers,___________ Use,-14.40625,2,2token,not_valid_noun
strollers,___________ toys,-14.40625,2,2token,not_valid_noun
strollers,___________ -,-14.40625,2,2token,not_valid_noun
strollers,object found,-14.40625,2,2token,incomplete_phrase
strollers,"___________ ,",-14.40625,2,2token,not_valid_noun
strollers,equipment ..,-14.40625,2,2token,not_valid_noun
strollers,toys ….,-14.40625,2,2token,not_valid_noun
strollers,toys Incomplete,-14.40625,2,2token,not_valid_noun
strollers,toys ____________,-14.40625,2,2token,not_valid_noun
strollers,thing one,-14.40625,2,2token,incomplete_phrase
strollers,item parents,-14.40625,2,2token,incomplete_phrase
strollers,item ...,-14.40625,2,2token,not_valid_noun
strollers,wheels _____,-14.40625,2,2token,not_valid_noun
strollers,recreational equip,-14.40625,2,2token,incomplete_phrase
strollers,cars ________,-14.40625,2,2token,not_valid_noun
strollers,What Do,-14.40625,2,2token,not_valid_noun
strollers,What item,-14.40625,2,2token,not_valid_noun
strollers,tool is,-14.40625,2,2token,not_valid_noun
strollers,tool use,-14.40625,2,2token,incomplete_phrase
strollers,wheels by,-14.40625,2,2token,not_valid_noun
strollers,bike ...,-14.40625,2,2token,not_valid_noun
strollers,object called,-14.40625,2,2token,incomplete_phrase
strollers,object complete,-14.40625,2,2token,not_valid_noun
strollers,object needed,-14.40625,2,2token,incomplete_phrase
strollers,fruit and,-14.40625,2,2token,incomplete_phrase
strollers,fruit (,-14.40625,2,2token,not_valid_noun
strollers,carts with,-14.40625,2,2token,incomplete_phrase
strollers,What tool,-14.40625,2,2token,not_valid_noun
strollers,babys __,-14.40625,2,2token,not_valid_noun
strollers,__ transport,-14.40625,2,2token,not_valid_noun
strollers,__ shopping,-14.40625,2,2token,not_valid_noun
strollers,__,-14.40625,2,2token,not_valid_noun
strollers,__ I,-14.40625,2,2token,not_valid_noun
strollers,____________ _________,-14.40625,2,2token,not_valid_noun
strollers,____________ In,-14.40625,2,2token,not_valid_noun
strollers,__ are,-14.40625,2,2token,not_valid_noun
strollers,buggy are,-14.40625,2,2token,incomplete_phrase
strollers,babys play,-14.40625,2,2token,incomplete_phrase
strollers,buggy :,-14.40625,2,2token,not_valid_noun
strollers,buggy _,-14.40625,2,2token,not_valid_noun
strollers,bags which,-14.40625,2,2token,incomplete_phrase
strollers,bags ________,-14.40625,2,2token,not_valid_noun
strollers,equipment parents,-14.40625,2,2token,incomplete_phrase
strollers,equipment meant,-14.40625,2,2token,incomplete_phrase
strollers,chair Read,-14.40625,2,2token,not_valid_noun
strollers,thing complete,-14.40625,2,2token,not_valid_noun
strollers,barbie,-14.4375,1,single_token,not_valid_noun
strollers,MODE,-14.4375,1,single_token,incomplete_phrase
strollers,Walmart,-14.4375,1,single_token,not_valid_noun
strollers,merry,-14.4375,1,single_token,not_valid_noun
strollers,bip,-14.4375,1,single_token,not_valid_noun
strollers,supplementary,-14.4375,1,single_token,not_valid_noun
strollers,.. This,-14.4375,2,2token,not_valid_noun
strollers,.. car,-14.4375,2,2token,not_valid_noun
strollers,.. what,-14.4375,2,2token,not_valid_noun
strollers,.. of,-14.4375,2,2token,not_valid_noun
strollers,ride or,-14.4375,2,2token,not_valid_noun
strollers,vas,-14.4375,1,single_token,incomplete_phrase
strollers,Acces,-14.4375,1,single_token,not_valid_noun
strollers,jungle,-14.4375,1,single_token,incomplete_phrase
strollers,bu,-14.4375,1,single_token,not_valid_noun
strollers,==,-14.4375,1,single_token,not_valid_noun
strollers,k,-14.4375,1,single_token,not_valid_noun
strollers,c _________,-14.4375,2,2token,not_valid_noun
strollers,c :,-14.4375,2,2token,not_valid_noun
strollers,....... ....,-14.4375,2,2token,not_valid_noun
strollers,....... Answer,-14.4375,2,2token,not_valid_noun
strollers,A _______,-14.4375,2,2token,not_valid_noun
strollers,A bag,-14.4375,2,2token,not_valid_noun
strollers,A good,-14.4375,2,2token,not_valid_noun
strollers,...... st,-14.4375,2,2token,not_valid_noun
strollers,...... is,-14.4375,2,2token,not_valid_noun
strollers,walker (,-14.4375,2,2token,not_valid_noun
strollers,to ________,-14.4375,2,2token,not_valid_noun
strollers,activity Complete,-14.4375,2,2token,not_valid_noun
strollers,activity ____,-14.4375,2,2token,not_valid_noun
strollers,= I,-14.4375,2,2token,not_valid_noun
strollers,= ____________,-14.4375,2,2token,not_valid_noun
strollers,product or,-14.4375,2,2token,not_valid_noun
strollers,= children,-14.4375,2,2token,not_valid_noun
strollers,accommodations,-14.4375,1,single_token,not_valid_noun
strollers,- blank,-14.4375,2,2token,not_valid_noun
strollers,= What,-14.4375,2,2token,not_valid_noun
strollers,ta,-14.4375,1,single_token,not_valid_noun
strollers,om,-14.4375,1,single_token,not_valid_noun
strollers,live,-14.4375,1,single_token,not_valid_noun
strollers,Fe,-14.4375,1,single_token,not_valid_noun
strollers,Their,-14.4375,1,single_token,incomplete_phrase
strollers,French,-14.4375,1,single_token,incomplete_phrase
strollers,deliver,-14.4375,1,single_token,not_valid_noun
strollers,Su,-14.4375,1,single_token,not_valid_noun
strollers,allow,-14.4375,1,single_token,not_valid_noun
strollers,store where,-14.4375,2,2token,not_valid_noun
strollers,sie,-14.4375,1,single_token,incomplete_phrase
strollers,values,-14.4375,1,single_token,not_valid_noun
strollers,q,-14.4375,1,single_token,not_valid_noun
strollers,ple,-14.4375,1,single_token,not_valid_noun
strollers,/ they,-14.4375,2,2token,not_valid_noun
strollers,/ fruit,-14.4375,2,2token,not_valid_noun
strollers,uti,-14.4375,1,single_token,not_valid_noun
strollers,Your,-14.4375,1,single_token,incomplete_phrase
strollers,Santa,-14.4375,1,single_token,incomplete_phrase
strollers,container ...,-14.4375,2,2token,not_valid_noun
strollers,With,-14.4375,1,single_token,not_valid_noun
strollers,.. Match,-14.4375,2,2token,not_valid_noun
strollers,/ noun,-14.4375,2,2token,not_valid_noun
strollers,.. furniture,-14.4375,2,2token,not_valid_noun
strollers,.. You,-14.4375,2,2token,not_valid_noun
strollers,Carro,-14.4375,1,single_token,not_valid_noun
strollers,lans,-14.4375,1,single_token,not_valid_noun
strollers,Backpack,-14.4375,1,single_token,not_valid_noun
strollers,,-14.4375,1,single_token,not_valid_noun
strollers,Roller,-14.4375,1,single_token,incomplete_phrase
strollers,people in,-14.4375,2,2token,not_valid_noun
strollers,umbrella in,-14.4375,2,2token,not_valid_noun
strollers,"(,",-14.4375,1,single_token,not_valid_noun
strollers,Modern,-14.4375,1,single_token,incomplete_phrase
strollers,ï,-14.4375,1,single_token,not_valid_noun
strollers,Mon,-14.4375,1,single_token,incomplete_phrase
strollers,coc,-14.4375,1,single_token,not_valid_noun
strollers,specialized,-14.4375,1,single_token,not_valid_noun
strollers,lazy,-14.4375,1,single_token,not_valid_noun
strollers,Cot,-14.4375,1,single_token,incomplete_phrase
strollers,powered,-14.4375,1,single_token,not_valid_noun
strollers,household,-14.46875,2,2token,incomplete_phrase
strollers,household ______,-14.46875,2,2token,not_valid_noun
strollers,this ________,-14.46875,2,2token,not_valid_noun
strollers,instrument ...,-14.46875,2,2token,not_valid_noun
strollers,instrument ________,-14.46875,2,2token,not_valid_noun
strollers,carrier _______,-14.46875,2,2token,not_valid_noun
strollers,carrier ....,-14.46875,2,2token,not_valid_noun
strollers,scooter (,-14.46875,2,2token,not_valid_noun
strollers,bicycles,-14.46875,2,2token,not_valid_noun
strollers,The product,-14.46875,2,2token,not_valid_noun
strollers,The students,-14.46875,2,2token,not_valid_noun
strollers,tools which,-14.46875,2,2token,incomplete_phrase
strollers,for travelers,-14.46875,2,2token,not_valid_noun
strollers,carrier with,-14.46875,2,2token,incomplete_phrase
strollers,accessory ______,-14.46875,2,2token,not_valid_noun
strollers,for older,-14.46875,2,2token,not_valid_noun
strollers,childrens ...,-14.46875,2,2token,not_valid_noun
strollers,( ___,-14.46875,2,2token,not_valid_noun
strollers,( toys,-14.46875,2,2token,not_valid_noun
strollers,( furniture,-14.46875,2,2token,not_valid_noun
strollers,what -,-14.46875,2,2token,not_valid_noun
strollers,what A,-14.46875,2,2token,not_valid_noun
strollers,( /,-14.46875,2,2token,not_valid_noun
strollers,( BLANK,-14.46875,2,2token,not_valid_noun
strollers,( bebek,-14.46875,2,2token,not_valid_noun
strollers,are of,-14.46875,2,2token,not_valid_noun
strollers,…… How,-14.46875,2,2token,not_valid_noun
strollers,The student,-14.46875,2,2token,not_valid_noun
strollers,The weather,-14.46875,2,2token,not_valid_noun
strollers,( things,-14.46875,2,2token,not_valid_noun
strollers,bus (,-14.46875,2,2token,not_valid_noun
strollers,…… In,-14.46875,2,2token,not_valid_noun
strollers,…… _,-14.46875,2,2token,not_valid_noun
strollers,train (,-14.46875,2,2token,not_valid_noun
strollers,____________,-14.46875,2,2token,not_valid_noun
strollers,babys (,-14.46875,2,2token,not_valid_noun
strollers,exercise __,-14.46875,2,2token,not_valid_noun
strollers,pull -,-14.46875,2,2token,not_valid_noun
strollers,is stroller,-14.46875,2,2token,not_valid_noun
strollers,is my,-14.46875,2,2token,not_valid_noun
strollers,this :,-14.46875,2,2token,not_valid_noun
strollers,parent are,-14.46875,2,2token,incomplete_phrase
strollers,bottle (,-14.46875,2,2token,not_valid_noun
strollers,parent baby,-14.46875,2,2token,incomplete_phrase
strollers,used at,-14.46875,2,2token,not_valid_noun
strollers,parent __,-14.46875,2,2token,not_valid_noun
strollers,is is,-14.46875,2,2token,not_valid_noun
strollers,what car,-14.46875,2,2token,not_valid_noun
strollers,what object,-14.46875,2,2token,not_valid_noun
strollers,are stroller,-14.46875,2,2token,not_valid_noun
strollers,house Read,-14.46875,2,2token,not_valid_noun
strollers,shop on,-14.46875,2,2token,not_valid_noun
strollers,an baby,-14.46875,2,2token,not_valid_noun
strollers,The fruit,-14.46875,2,2token,not_valid_noun
strollers,The adjective,-14.46875,2,2token,not_valid_noun
strollers,an (,-14.46875,2,2token,not_valid_noun
strollers,The next,-14.46875,2,2token,not_valid_noun
strollers,,-14.5,1,single_token,not_valid_noun
strollers,_{,-14.5,1,single_token,not_valid_noun
strollers,tou,-14.5,1,single_token,not_valid_noun
strollers,fixed,-14.5,1,single_token,not_valid_noun
strollers,Un,-14.5,1,single_token,not_valid_noun
strollers,between,-14.5,1,single_token,not_valid_noun
strollers,read,-14.5,1,single_token,not_valid_noun
strollers,im,-14.5,1,single_token,not_valid_noun
strollers,machine of,-14.5,2,2token,not_valid_noun
strollers,Saint,-14.5,1,single_token,incomplete_phrase
strollers,changing,-14.5,1,single_token,not_valid_noun
strollers,ancient,-14.5,1,single_token,incomplete_phrase
strollers,........ Use,-14.5,2,2token,not_valid_noun
strollers,........ Explain,-14.5,2,2token,not_valid_noun
strollers,help (,-14.5,2,2token,not_valid_noun
strollers,help on,-14.5,2,2token,not_valid_noun
strollers,suitcase that,-14.5,2,2token,incomplete_phrase
strollers,ball for,-14.5,2,2token,incomplete_phrase
strollers,planes,-14.5,1,single_token,not_valid_noun
strollers,mobile …,-14.5,2,2token,not_valid_noun
strollers,things I,-14.5,2,2token,not_valid_noun
strollers,cloth ....,-14.5,2,2token,not_valid_noun
strollers,cloth …,-14.5,2,2token,not_valid_noun
strollers,changes,-14.5,1,single_token,not_valid_noun
strollers,Emma,-14.5,1,single_token,incomplete_phrase
strollers,,-14.5,1,single_token,not_valid_noun
strollers,things one,-14.5,2,2token,incomplete_phrase
strollers,crowded,-14.5,1,single_token,not_valid_noun
strollers,cil,-14.5,1,single_token,not_valid_noun
strollers,mobile ....,-14.5,2,2token,not_valid_noun
strollers,carriages ...,-14.5,2,2token,not_valid_noun
strollers,carriages in,-14.5,2,2token,not_valid_noun
strollers,umbre,-14.5,1,single_token,not_valid_noun
strollers,furnish,-14.5,1,single_token,not_valid_noun
strollers,which,-14.5,2,2token,not_valid_noun
strollers,machine with,-14.5,2,2token,incomplete_phrase
strollers,stay,-14.5,1,single_token,incomplete_phrase
strollers,which category,-14.5,2,2token,not_valid_noun
strollers,reliable,-14.5,1,single_token,not_valid_noun
strollers,which helps,-14.5,2,2token,not_valid_noun
strollers,sed,-14.5,1,single_token,not_valid_noun
strollers,ME,-14.5,1,single_token,not_valid_noun
strollers,[ .,-14.5,2,2token,not_valid_noun
strollers,helped,-14.5,1,single_token,not_valid_noun
strollers,EX,-14.5,1,single_token,not_valid_noun
strollers,lim,-14.5,1,single_token,incomplete_phrase
strollers,”,-14.5,1,single_token,not_valid_noun
strollers,missing,-14.5,1,single_token,not_valid_noun
strollers,seat _____,-14.5,2,2token,not_valid_noun
strollers,help around,-14.5,2,2token,not_valid_noun
strollers,necess,-14.5,1,single_token,not_valid_noun
strollers,sum,-14.5,1,single_token,incomplete_phrase
strollers,........ St,-14.5,2,2token,not_valid_noun
strollers,wheelchair or,-14.5,2,2token,not_valid_noun
strollers,fresh,-14.5,1,single_token,not_valid_noun
strollers,dic,-14.5,1,single_token,not_valid_noun
strollers,shells,-14.5,1,single_token,not_valid_noun
strollers,玩具,-14.5,1,single_token,not_valid_noun
strollers,AUT,-14.5,1,single_token,not_valid_noun
strollers,suitcase with,-14.5,2,2token,incomplete_phrase
strollers,HOW,-14.5,1,single_token,not_valid_noun
strollers,hand baby,-14.5,2,2token,incomplete_phrase
strollers,hand ...,-14.5,2,2token,not_valid_noun
strollers,which makes,-14.5,2,2token,not_valid_noun
strollers,which two,-14.5,2,2token,not_valid_noun
strollers,which I,-14.5,2,2token,not_valid_noun
strollers,daycare,-14.5,1,single_token,not_valid_noun
strollers,choo,-14.5,1,single_token,incomplete_phrase
strollers,teenagers,-14.5,1,single_token,not_valid_noun
strollers,›,-14.5,1,single_token,not_valid_noun
strollers,lamps,-14.5,1,single_token,not_valid_noun
strollers,kids (,-14.5,2,2token,not_valid_noun
strollers,which have,-14.5,2,2token,not_valid_noun
strollers,nursery (,-14.5,2,2token,not_valid_noun
strollers,which includes,-14.5,2,2token,not_valid_noun
strollers,toys by,-14.53125,2,2token,not_valid_noun
strollers,wagon is,-14.53125,2,2token,not_valid_noun
strollers,____________ -.,-14.53125,2,2token,not_valid_noun
strollers,luggage Case,-14.53125,2,2token,incomplete_phrase
strollers,luggage _,-14.53125,2,2token,not_valid_noun
strollers,sport equi,-14.53125,2,2token,incomplete_phrase
strollers,mobility __,-14.53125,2,2token,not_valid_noun
strollers,Pram ...,-14.53125,2,2token,not_valid_noun
strollers,sport _____,-14.53125,2,2token,not_valid_noun
strollers,sport /,-14.53125,2,2token,not_valid_noun
strollers,sport _,-14.53125,2,2token,not_valid_noun
strollers,sport on,-14.53125,2,2token,not_valid_noun
strollers,____________ '.,-14.53125,2,2token,not_valid_noun
strollers,buggy Incomplete,-14.53125,2,2token,not_valid_noun
strollers,baggage complete,-14.53125,2,2token,not_valid_noun
strollers,buggy [,-14.53125,2,2token,not_valid_noun
strollers,buggy …,-14.53125,2,2token,not_valid_noun
strollers,____________ are,-14.53125,2,2token,not_valid_noun
strollers,carts ________,-14.53125,2,2token,not_valid_noun
strollers,bike and,-14.53125,2,2token,incomplete_phrase
strollers,___________ is,-14.53125,2,2token,not_valid_noun
strollers,thing i,-14.53125,2,2token,not_valid_noun
strollers,thing _______,-14.53125,2,2token,not_valid_noun
strollers,chair made,-14.53125,2,2token,incomplete_phrase
strollers,automobile _,-14.53125,2,2token,not_valid_noun
strollers,chair on,-14.53125,2,2token,not_valid_noun
strollers,carts _______,-14.53125,2,2token,not_valid_noun
strollers,carts in,-14.53125,2,2token,not_valid_noun
strollers,wheels -,-14.53125,2,2token,not_valid_noun
strollers,_. To,-14.53125,2,2token,not_valid_noun
strollers,_. An,-14.53125,2,2token,not_valid_noun
strollers,wheels wheels,-14.53125,2,2token,not_valid_noun
strollers,_. All,-14.53125,2,2token,not_valid_noun
strollers,bags _______,-14.53125,2,2token,not_valid_noun
strollers,bags ...,-14.53125,2,2token,not_valid_noun
strollers,chair A,-14.53125,2,2token,not_valid_noun
strollers,n ...,-14.53125,2,2token,not_valid_noun
strollers,___________ I,-14.53125,2,2token,not_valid_noun
strollers,tool A,-14.53125,2,2token,not_valid_noun
strollers,recreational equ,-14.53125,2,2token,incomplete_phrase
strollers,recreational …,-14.53125,2,2token,not_valid_noun
strollers,What Does,-14.53125,2,2token,not_valid_noun
strollers,What instrument,-14.53125,2,2token,not_valid_noun
strollers,recreational ____,-14.53125,2,2token,not_valid_noun
strollers,___________ are,-14.53125,2,2token,not_valid_noun
strollers,appliance which,-14.53125,2,2token,incomplete_phrase
strollers,appliance ...,-14.53125,2,2token,not_valid_noun
strollers,fruit for,-14.53125,2,2token,incomplete_phrase
strollers,appliance complete,-14.53125,2,2token,not_valid_noun
strollers,< ?,-14.53125,2,2token,not_valid_noun
strollers,recreational ______,-14.53125,2,2token,not_valid_noun
strollers,What two,-14.53125,2,2token,not_valid_noun
strollers,What have,-14.53125,2,2token,not_valid_noun
strollers,___________ :,-14.53125,2,2token,not_valid_noun
strollers,tricycle that,-14.53125,2,2token,incomplete_phrase
strollers,___________ For,-14.53125,2,2token,not_valid_noun
strollers,___________ In,-14.53125,2,2token,not_valid_noun
strollers,___________ Read,-14.53125,2,2token,not_valid_noun
strollers,___________ transportation,-14.53125,2,2token,not_valid_noun
strollers,___________ Write,-14.53125,2,2token,not_valid_noun
strollers,___________ ....,-14.53125,2,2token,not_valid_noun
strollers,What could,-14.53125,2,2token,not_valid_noun
strollers,umbrella st,-14.53125,2,2token,not_valid_noun
strollers,wagon ____,-14.53125,2,2token,not_valid_noun
strollers,__ Fill,-14.53125,2,2token,not_valid_noun
strollers,__ is,-14.53125,2,2token,not_valid_noun
strollers,__ What,-14.53125,2,2token,not_valid_noun
strollers,something used,-14.53125,2,2token,incomplete_phrase
strollers,something people,-14.53125,2,2token,incomplete_phrase
strollers,.. How,-14.5625,2,2token,not_valid_noun
strollers,.. Are,-14.5625,2,2token,not_valid_noun
strollers,.. clothes,-14.5625,2,2token,not_valid_noun
strollers,.. ________,-14.5625,2,2token,not_valid_noun
strollers,ride a,-14.5625,2,2token,not_valid_noun
strollers,ride _______,-14.5625,2,2token,not_valid_noun
strollers,woods,-14.5625,1,single_token,not_valid_noun
strollers,XXX,-14.5625,1,single_token,not_valid_noun
strollers,th,-14.5625,1,single_token,not_valid_noun
strollers,des,-14.5625,1,single_token,not_valid_noun
strollers,Re,-14.5625,1,single_token,not_valid_noun
strollers,Even,-14.5625,1,single_token,incomplete_phrase
strollers,append,-14.5625,1,single_token,not_valid_noun
strollers,recre,-14.5625,1,single_token,not_valid_noun
strollers,Family,-14.5625,1,single_token,incomplete_phrase
strollers,cher,-14.5625,1,single_token,not_valid_noun
strollers,primary,-14.5625,1,single_token,incomplete_phrase
strollers,UK,-14.5625,1,single_token,not_valid_noun
strollers,usual,-14.5625,1,single_token,not_valid_noun
strollers,mach,-14.5625,1,single_token,not_valid_noun
strollers,ran,-14.5625,1,single_token,not_valid_noun
strollers,!!,-14.5625,1,single_token,not_valid_noun
strollers,gu,-14.5625,1,single_token,not_valid_noun
strollers,into,-14.5625,1,single_token,not_valid_noun
strollers,ke,-14.5625,1,single_token,not_valid_noun
strollers,elect,-14.5625,1,single_token,incomplete_phrase
strollers,ing,-14.5625,1,single_token,not_valid_noun
strollers,dra,-14.5625,1,single_token,not_valid_noun
strollers,mas,-14.5625,1,single_token,incomplete_phrase
strollers,Par,-14.5625,1,single_token,incomplete_phrase
strollers,supermarkets,-14.5625,1,single_token,not_valid_noun
strollers,prenatal,-14.5625,1,single_token,not_valid_noun
strollers,Carre,-14.5625,1,single_token,not_valid_noun
strollers,sacks,-14.5625,1,single_token,not_valid_noun
strollers,Electronic,-14.5625,1,single_token,not_valid_noun
strollers,sporty,-14.5625,1,single_token,not_valid_noun
strollers,aerop,-14.5625,1,single_token,not_valid_noun
strollers,sund,-14.5625,1,single_token,not_valid_noun
strollers,manufacturing,-14.5625,1,single_token,not_valid_noun
strollers,Cr,-14.5625,1,single_token,not_valid_noun
strollers,toile,-14.5625,1,single_token,not_valid_noun
strollers,sharp,-14.5625,1,single_token,incomplete_phrase
strollers,drugs,-14.5625,1,single_token,not_valid_noun
strollers,bigger,-14.5625,1,single_token,not_valid_noun
strollers,apps,-14.5625,1,single_token,not_valid_noun
strollers,Sat,-14.5625,1,single_token,incomplete_phrase
strollers,A trolley,-14.5625,2,2token,not_valid_noun
strollers,/ ...,-14.5625,2,2token,not_valid_noun
strollers,/ example,-14.5625,2,2token,not_valid_noun
strollers,people (,-14.5625,2,2token,not_valid_noun
strollers,/ one,-14.5625,2,2token,not_valid_noun
strollers,= to,-14.5625,2,2token,not_valid_noun
strollers,= baby,-14.5625,2,2token,not_valid_noun
strollers,convenience (,-14.5625,2,2token,not_valid_noun
strollers,product made,-14.5625,2,2token,incomplete_phrase
strollers,....... car,-14.5625,2,2token,not_valid_noun
strollers,= COMPLETE,-14.5625,2,2token,not_valid_noun
strollers,.. ____,-14.5625,2,2token,not_valid_noun
strollers,gadget which,-14.5625,2,2token,incomplete_phrase
strollers,grocery ________,-14.5625,2,2token,not_valid_noun
strollers,grocery trol,-14.5625,2,2token,incomplete_phrase
strollers,= equipment,-14.5625,2,2token,not_valid_noun
strollers,walker or,-14.5625,2,2token,not_valid_noun
strollers,Pushing,-14.5625,1,single_token,incomplete_phrase
strollers,trees,-14.5625,1,single_token,not_valid_noun
strollers,=====,-14.5625,1,single_token,not_valid_noun
strollers,ambulatory,-14.5625,1,single_token,incomplete_phrase
strollers,activity of,-14.5625,2,2token,not_valid_noun
strollers,A book,-14.5625,2,2token,not_valid_noun
strollers,A (,-14.5625,2,2token,not_valid_noun
strollers,...... You,-14.5625,2,2token,not_valid_noun
strollers,A pair,-14.5625,2,2token,not_valid_noun
strollers,A ______,-14.5625,2,2token,not_valid_noun
strollers,A COMPLETE,-14.5625,2,2token,not_valid_noun
strollers,...... _______,-14.5625,2,2token,not_valid_noun
strollers,to people,-14.5625,2,2token,not_valid_noun
strollers,"...... ,",-14.5625,2,2token,not_valid_noun
strollers,...... Correct,-14.5625,2,2token,not_valid_noun
strollers,store that,-14.5625,2,2token,incomplete_phrase
strollers,hand carrying,-14.5625,2,2token,incomplete_phrase
strollers,....... ________,-14.5625,2,2token,not_valid_noun
strollers,....... Use,-14.5625,2,2token,not_valid_noun
strollers,hand for,-14.5625,2,2token,incomplete_phrase
strollers,- Answer,-14.5625,2,2token,not_valid_noun
strollers,- shopping,-14.5625,2,2token,not_valid_noun
strollers,is complete,-14.59375,2,2token,not_valid_noun
strollers,roller _____,-14.59375,2,2token,not_valid_noun
strollers,exercise ...,-14.59375,2,2token,not_valid_noun
strollers,exercise and,-14.59375,2,2token,incomplete_phrase
strollers,exercise _,-14.59375,2,2token,not_valid_noun
strollers,train for,-14.59375,2,2token,not_valid_noun
strollers,fun at,-14.59375,2,2token,not_valid_noun
strollers,fun park,-14.59375,2,2token,incomplete_phrase
strollers,is in,-14.59375,2,2token,not_valid_noun
strollers,roller …,-14.59375,2,2token,not_valid_noun
strollers,type ____,-14.59375,2,2token,not_valid_noun
strollers,bicycles for,-14.59375,2,2token,incomplete_phrase
strollers,accessory ____,-14.59375,2,2token,not_valid_noun
strollers,accessory /,-14.59375,2,2token,not_valid_noun
strollers,accessory -,-14.59375,2,2token,not_valid_noun
strollers,________,-14.59375,2,2token,not_valid_noun
strollers,an pram,-14.59375,2,2token,not_valid_noun
strollers,means by,-14.59375,2,2token,not_valid_noun
strollers,< _,-14.59375,2,2token,not_valid_noun
strollers,pra ...,-14.59375,2,2token,not_valid_noun
strollers,an apple,-14.59375,2,2token,not_valid_noun
strollers,childrens __,-14.59375,2,2token,not_valid_noun
strollers,what …,-14.59375,2,2token,not_valid_noun
strollers,< class,-14.59375,2,2token,not_valid_noun
strollers,used baby,-14.59375,2,2token,incomplete_phrase
strollers,( item,-14.59375,2,2token,not_valid_noun
strollers,conveyance to,-14.59375,2,2token,not_valid_noun
strollers,what does,-14.59375,2,2token,not_valid_noun
strollers,what the,-14.59375,2,2token,not_valid_noun
strollers,what word,-14.59375,2,2token,not_valid_noun
strollers,an .....,-14.59375,2,2token,not_valid_noun
strollers,accessory is,-14.59375,2,2token,not_valid_noun
strollers,clothes ________,-14.59375,2,2token,not_valid_noun
strollers,for transport,-14.59375,2,2token,not_valid_noun
strollers,accessory with,-14.59375,2,2token,incomplete_phrase
strollers,for storing,-14.59375,2,2token,not_valid_noun
strollers,an e,-14.59375,2,2token,not_valid_noun
strollers,container made,-14.59375,2,2token,incomplete_phrase
strollers,container ________,-14.59375,2,2token,not_valid_noun
strollers,childrens shopping,-14.59375,2,2token,incomplete_phrase
strollers,what things,-14.59375,2,2token,not_valid_noun
strollers,shops (,-14.59375,2,2token,not_valid_noun
strollers,an essential,-14.59375,2,2token,not_valid_noun
strollers,an example,-14.59375,2,2token,not_valid_noun
strollers,…… Correct,-14.59375,2,2token,not_valid_noun
strollers,book (,-14.59375,2,2token,not_valid_noun
strollers,shops in,-14.59375,2,2token,not_valid_noun
strollers,cloth n,-14.625,2,2token,not_valid_noun
strollers,food complete,-14.625,2,2token,not_valid_noun
strollers,things ________,-14.625,2,2token,not_valid_noun
strollers,things kids,-14.625,2,2token,incomplete_phrase
strollers,suitcase in,-14.625,2,2token,not_valid_noun
strollers,help you,-14.625,2,2token,incomplete_phrase
strollers,carriages _______,-14.625,2,2token,not_valid_noun
strollers,Toy or,-14.625,2,2token,not_valid_noun
strollers,things the,-14.625,2,2token,not_valid_noun
strollers,mobile ___,-14.625,2,2token,not_valid_noun
strollers,device ...,-14.625,2,2token,not_valid_noun
strollers,device people,-14.625,2,2token,incomplete_phrase
strollers,device of,-14.625,2,2token,not_valid_noun
strollers,Toy ...,-14.625,2,2token,not_valid_noun
strollers,......... Read,-14.625,2,2token,not_valid_noun
strollers,......... ...,-14.625,2,2token,not_valid_noun
strollers,kid play,-14.625,2,2token,incomplete_phrase
strollers,......... Choose,-14.625,2,2token,not_valid_noun
strollers,chairs and,-14.625,2,2token,incomplete_phrase
strollers,things ...,-14.625,2,2token,not_valid_noun
strollers,mobile child,-14.625,2,2token,incomplete_phrase
strollers,cloth ___________,-14.625,2,2token,not_valid_noun
strollers,large carrying,-14.625,2,2token,incomplete_phrase
strollers,device _______,-14.625,2,2token,not_valid_noun
strollers,large rolling,-14.625,2,2token,incomplete_phrase
strollers,bed (,-14.625,2,2token,not_valid_noun
strollers,which animal,-14.625,2,2token,not_valid_noun
strollers,which sport,-14.625,2,2token,not_valid_noun
strollers,which contains,-14.625,2,2token,not_valid_noun
strollers,machine _______,-14.625,2,2token,not_valid_noun
strollers,which people,-14.625,2,2token,not_valid_noun
strollers,cloth _,-14.625,2,2token,not_valid_noun
strollers,cloth used,-14.625,2,2token,incomplete_phrase
strollers,cloth which,-14.625,2,2token,incomplete_phrase
strollers,........ How,-14.625,2,2token,not_valid_noun
strollers,........ Select,-14.625,2,2token,not_valid_noun
strollers,food on,-14.625,2,2token,not_valid_noun
strollers,seat of,-14.625,2,2token,not_valid_noun
strollers,cloth is,-14.625,2,2token,not_valid_noun
strollers,cloth in,-14.625,2,2token,not_valid_noun
strollers,doll is,-14.625,2,2token,not_valid_noun
strollers,doll ...,-14.625,2,2token,not_valid_noun
strollers,equipment _,-14.65625,2,2token,not_valid_noun
strollers,babys it,-14.65625,2,2token,not_valid_noun
strollers,equipment are,-14.65625,2,2token,incomplete_phrase
strollers,equipment [,-14.65625,2,2token,not_valid_noun
strollers,equipment like,-14.65625,2,2token,incomplete_phrase
strollers,____________ For,-14.65625,2,2token,not_valid_noun
strollers,____________ the,-14.65625,2,2token,not_valid_noun
strollers,____________ Make,-14.65625,2,2token,not_valid_noun
strollers,wagon /,-14.65625,2,2token,not_valid_noun
strollers,blanket (,-14.65625,2,2token,not_valid_noun
strollers,__ or,-14.65625,2,2token,not_valid_noun
strollers,__ toys,-14.65625,2,2token,not_valid_noun
strollers,babys and,-14.65625,2,2token,incomplete_phrase
strollers,pull to,-14.65625,2,2token,not_valid_noun
strollers,cars -,-14.65625,2,2token,not_valid_noun
strollers,cars at,-14.65625,2,2token,not_valid_noun
strollers,object Used,-14.65625,2,2token,not_valid_noun
strollers,luggage trol,-14.65625,2,2token,incomplete_phrase
strollers,____________ vehicle,-14.65625,2,2token,not_valid_noun
strollers,object _____,-14.65625,2,2token,not_valid_noun
strollers,wagon ______,-14.65625,2,2token,not_valid_noun
strollers,automobile -,-14.65625,2,2token,not_valid_noun
strollers,n the,-14.65625,2,2token,not_valid_noun
strollers,wheels __,-14.65625,2,2token,not_valid_noun
strollers,wheels is,-14.65625,2,2token,not_valid_noun
strollers,vehicles ______,-14.65625,2,2token,not_valid_noun
strollers,vehicles ____,-14.65625,2,2token,not_valid_noun
strollers,kind is,-14.65625,2,2token,not_valid_noun
strollers,wheels A,-14.65625,2,2token,not_valid_noun
strollers,wheels made,-14.65625,2,2token,incomplete_phrase
strollers,play _,-14.65625,2,2token,not_valid_noun
strollers,prop and,-14.65625,2,2token,incomplete_phrase
strollers,Pram A,-14.65625,2,2token,not_valid_noun
strollers,What fruit,-14.65625,2,2token,not_valid_noun
strollers,What sport,-14.65625,2,2token,not_valid_noun
strollers,What means,-14.65625,2,2token,not_valid_noun
strollers,cars a,-14.65625,2,2token,not_valid_noun
strollers,item useful,-14.65625,2,2token,incomplete_phrase
strollers,babys ________,-14.65625,2,2token,not_valid_noun
strollers,item around,-14.65625,2,2token,incomplete_phrase
strollers,babys _,-14.65625,2,2token,not_valid_noun
strollers,n a,-14.65625,2,2token,not_valid_noun
strollers,£,-14.6875,1,single_token,not_valid_noun
strollers,to move,-14.6875,2,2token,not_valid_noun
strollers,= transport,-14.6875,2,2token,not_valid_noun
strollers,basket ________,-14.6875,2,2token,not_valid_noun
strollers,/ sport,-14.6875,2,2token,not_valid_noun
strollers,safety ________,-14.6875,2,2token,not_valid_noun
strollers,.. Please,-14.6875,2,2token,not_valid_noun
strollers,to and,-14.6875,2,2token,not_valid_noun
strollers,.. bike,-14.6875,2,2token,not_valid_noun
strollers,= furniture,-14.6875,2,2token,not_valid_noun
strollers,= are,-14.6875,2,2token,not_valid_noun
strollers,.. Draw,-14.6875,2,2token,not_valid_noun
strollers,capital,-14.6875,1,single_token,incomplete_phrase
strollers,gets,-14.6875,1,single_token,not_valid_noun
strollers,prevent,-14.6875,1,single_token,not_valid_noun
strollers,Used,-14.6875,1,single_token,not_valid_noun
strollers,store ________,-14.6875,2,2token,not_valid_noun
strollers,...... Find,-14.6875,2,2token,not_valid_noun
strollers,...... are,-14.6875,2,2token,not_valid_noun
strollers,spo,-14.6875,1,single_token,not_valid_noun
strollers,During,-14.6875,1,single_token,not_valid_noun
strollers,Personal,-14.6875,1,single_token,incomplete_phrase
strollers,birds,-14.6875,1,single_token,not_valid_noun
strollers,...... For,-14.6875,2,2token,not_valid_noun
strollers,...... More,-14.6875,2,2token,not_valid_noun
strollers,...... ______,-14.6875,2,2token,not_valid_noun
strollers,about,-14.6875,1,single_token,not_valid_noun
strollers,KIND,-14.6875,1,single_token,incomplete_phrase
strollers,bebek,-14.6875,1,single_token,not_valid_noun
strollers,United,-14.6875,1,single_token,incomplete_phrase
strollers,reus,-14.6875,1,single_token,not_valid_noun
strollers,final,-14.6875,1,single_token,incomplete_phrase
strollers,bas,-14.6875,1,single_token,incomplete_phrase
strollers,sil,-14.6875,1,single_token,incomplete_phrase
strollers,A children,-14.6875,2,2token,not_valid_noun
strollers,Soft,-14.6875,1,single_token,not_valid_noun
strollers,lets,-14.6875,1,single_token,not_valid_noun
strollers,refers,-14.6875,1,single_token,not_valid_noun
strollers,bassin,-14.6875,1,single_token,incomplete_phrase
strollers,"- ,",-14.6875,2,2token,not_valid_noun
strollers,hauling,-14.6875,1,single_token,not_valid_noun
strollers,meh,-14.6875,1,single_token,not_valid_noun
strollers,Objects,-14.6875,1,single_token,not_valid_noun
strollers,caregiver,-14.6875,1,single_token,not_valid_noun
strollers,,-14.6875,1,single_token,not_valid_noun
strollers,airplanes,-14.6875,1,single_token,not_valid_noun
strollers,cellphone,-14.6875,1,single_token,not_valid_noun
strollers,likes,-14.6875,1,single_token,not_valid_noun
strollers,-,-14.6875,2,2token,not_valid_noun
strollers,........... Use,-14.6875,2,2token,not_valid_noun
strollers,........... Read,-14.6875,2,2token,not_valid_noun
strollers,...... _____,-14.6875,2,2token,not_valid_noun
strollers,But,-14.6875,1,single_token,not_valid_noun
strollers,H,-14.6875,1,single_token,not_valid_noun
strollers,quadril,-14.6875,1,single_token,not_valid_noun
strollers,que,-14.6875,1,single_token,not_valid_noun
strollers,goc,-14.6875,1,single_token,not_valid_noun
strollers,youngsters,-14.6875,1,single_token,not_valid_noun
strollers,xyz,-14.6875,1,single_token,not_valid_noun
strollers,/ children,-14.6875,2,2token,not_valid_noun
strollers,/ some,-14.6875,2,2token,not_valid_noun
strollers,grocery …,-14.6875,2,2token,not_valid_noun
strollers,.. They,-14.6875,2,2token,not_valid_noun
strollers,- wheel,-14.6875,2,2token,not_valid_noun
strollers,poss,-14.6875,1,single_token,incomplete_phrase
strollers,od,-14.6875,1,single_token,not_valid_noun
strollers,ban,-14.6875,1,single_token,incomplete_phrase
strollers,.. __,-14.6875,2,2token,not_valid_noun
strollers,.. An,-14.6875,2,2token,not_valid_noun
strollers,.. We,-14.6875,2,2token,not_valid_noun
strollers,Ø,-14.6875,1,single_token,not_valid_noun
strollers,gamb,-14.6875,1,single_token,incomplete_phrase
strollers,definitions,-14.6875,1,single_token,not_valid_noun
strollers,cole,-14.6875,1,single_token,incomplete_phrase
strollers,palm,-14.6875,1,single_token,incomplete_phrase
strollers,chal,-14.6875,1,single_token,incomplete_phrase
strollers,A type,-14.6875,2,2token,not_valid_noun
strollers,-,-14.6875,2,2token,not_valid_noun
strollers,ベビー,-14.6875,1,single_token,not_valid_noun
strollers,- noun,-14.6875,2,2token,not_valid_noun
strollers,- the,-14.6875,2,2token,not_valid_noun
strollers,type ________,-14.71875,2,2token,not_valid_noun
strollers,this ____,-14.71875,2,2token,not_valid_noun
strollers,is toy,-14.71875,2,2token,not_valid_noun
strollers,is ________,-14.71875,2,2token,not_valid_noun
strollers,fun play,-14.71875,2,2token,incomplete_phrase
strollers,for playing,-14.71875,2,2token,not_valid_noun
strollers,is also,-14.71875,2,2token,not_valid_noun
strollers,is one,-14.71875,2,2token,not_valid_noun
strollers,book for,-14.71875,2,2token,incomplete_phrase
strollers,school ______,-14.71875,2,2token,not_valid_noun
strollers,house with,-14.71875,2,2token,incomplete_phrase
strollers,house Item,-14.71875,2,2token,incomplete_phrase
strollers,house Article,-14.71875,2,2token,incomplete_phrase
strollers,tools or,-14.71875,2,2token,not_valid_noun
strollers,shop with,-14.71875,2,2token,not_valid_noun
strollers,tools needed,-14.71875,2,2token,not_valid_noun
strollers,fun ____,-14.71875,2,2token,not_valid_noun
strollers,fun ________,-14.71875,2,2token,not_valid_noun
strollers,used when,-14.71875,2,2token,not_valid_noun
strollers,what children,-14.71875,2,2token,not_valid_noun
strollers,bottle or,-14.71875,2,2token,not_valid_noun
strollers,used ________,-14.71875,2,2token,not_valid_noun
strollers,what transport,-14.71875,2,2token,not_valid_noun
strollers,what item,-14.71875,2,2token,not_valid_noun
strollers,………… a,-14.71875,2,2token,not_valid_noun
strollers,………… …………,-14.71875,2,2token,not_valid_noun
strollers,accessory _____,-14.71875,2,2token,not_valid_noun
strollers,carrier ____,-14.71875,2,2token,not_valid_noun
strollers,carrier ______,-14.71875,2,2token,not_valid_noun
strollers,fun baby,-14.71875,2,2token,incomplete_phrase
strollers,"( ,",-14.71875,2,2token,not_valid_noun
strollers,( verb,-14.71875,2,2token,not_valid_noun
strollers,childrens (,-14.71875,2,2token,not_valid_noun
strollers,are ...,-14.71875,2,2token,not_valid_noun
strollers,…… St,-14.71875,2,2token,not_valid_noun
strollers,…… Answer,-14.71875,2,2token,not_valid_noun
strollers,…… If,-14.71875,2,2token,not_valid_noun
strollers,n =,-14.71875,2,2token,not_valid_noun
strollers,are (,-14.71875,2,2token,not_valid_noun
strollers,shop ...,-14.71875,2,2token,not_valid_noun
strollers,an apparatus,-14.71875,2,2token,not_valid_noun
strollers,roller bla,-14.71875,2,2token,incomplete_phrase
strollers,gur,-14.75,1,single_token,incomplete_phrase
strollers,$_{,-14.75,1,single_token,not_valid_noun
strollers,бага,-14.75,1,single_token,not_valid_noun
strollers,carrito,-14.75,1,single_token,not_valid_noun
strollers,quadri,-14.75,1,single_token,not_valid_noun
strollers,gliding,-14.75,1,single_token,incomplete_phrase
strollers,eink,-14.75,1,single_token,not_valid_noun
strollers,eas,-14.75,1,single_token,incomplete_phrase
strollers,........ .......,-14.75,2,2token,not_valid_noun
strollers,doll push,-14.75,2,2token,incomplete_phrase
strollers,doll ______,-14.75,2,2token,not_valid_noun
strollers,depends,-14.75,1,single_token,not_valid_noun
strollers,PC,-14.75,1,single_token,not_valid_noun
strollers,schools,-14.75,1,single_token,not_valid_noun
strollers,sold,-14.75,1,single_token,not_valid_noun
strollers,ly,-14.75,1,single_token,not_valid_noun
strollers,appropriate,-14.75,1,single_token,not_valid_noun
strollers,Ur,-14.75,1,single_token,not_valid_noun
strollers,Its,-14.75,1,single_token,not_valid_noun
strollers,${\,-14.75,1,single_token,not_valid_noun
strollers,Julie,-14.75,1,single_token,incomplete_phrase
strollers,device a,-14.75,2,2token,not_valid_noun
strollers,device on,-14.75,2,2token,not_valid_noun
strollers,supermarket (,-14.75,2,2token,not_valid_noun
strollers,hand to,-14.75,2,2token,not_valid_noun
strollers,hand …,-14.75,2,2token,not_valid_noun
strollers,c r,-14.75,2,2token,not_valid_noun
strollers,c _,-14.75,2,2token,not_valid_noun
strollers,resting,-14.75,1,single_token,not_valid_noun
strollers,str,-14.75,1,single_token,not_valid_noun
strollers,reg,-14.75,1,single_token,incomplete_phrase
strollers,dan,-14.75,1,single_token,incomplete_phrase
strollers,inst,-14.75,1,single_token,not_valid_noun
strollers,socc,-14.75,1,single_token,not_valid_noun
strollers,railroad,-14.75,1,single_token,incomplete_phrase
strollers,cameras,-14.75,1,single_token,not_valid_noun
strollers,......... Write,-14.75,2,2token,not_valid_noun
strollers,carri a,-14.75,2,2token,not_valid_noun
strollers,been,-14.75,1,single_token,not_valid_noun
strollers,would,-14.75,1,single_token,not_valid_noun
strollers,large pra,-14.75,2,2token,incomplete_phrase
strollers,large …,-14.75,2,2token,not_valid_noun
strollers,cuddly,-14.75,1,single_token,not_valid_noun
strollers,ricks,-14.75,1,single_token,not_valid_noun
strollers,affordable,-14.75,1,single_token,not_valid_noun
strollers,device intended,-14.75,2,2token,incomplete_phrase
strollers,lx,-14.75,1,single_token,not_valid_noun
strollers,paraly,-14.75,1,single_token,not_valid_noun
strollers,Toy is,-14.75,2,2token,not_valid_noun
strollers,chairs that,-14.75,2,2token,incomplete_phrase
strollers,describing,-14.75,1,single_token,not_valid_noun
strollers,sorts,-14.75,1,single_token,not_valid_noun
strollers,stere,-14.75,1,single_token,incomplete_phrase
strollers,lor,-14.75,1,single_token,not_valid_noun
strollers,pere,-14.75,1,single_token,not_valid_noun
strollers,homemade,-14.75,1,single_token,not_valid_noun
strollers,bowling,-14.75,1,single_token,incomplete_phrase
strollers,oe,-14.75,1,single_token,not_valid_noun
strollers,sweets,-14.75,1,single_token,not_valid_noun
strollers,\(,-14.75,1,single_token,not_valid_noun
strollers,mea,-14.75,1,single_token,not_valid_noun
strollers,mov,-14.75,1,single_token,not_valid_noun
strollers,Choose,-14.75,1,single_token,not_valid_noun
strollers,,-14.75,1,single_token,not_valid_noun
strollers,which product,-14.75,2,2token,not_valid_noun
strollers,which article,-14.75,2,2token,not_valid_noun
strollers,which ones,-14.75,2,2token,not_valid_noun
strollers,which tool,-14.75,2,2token,not_valid_noun
strollers,retailing,-14.75,1,single_token,not_valid_noun
strollers,exerci,-14.75,1,single_token,not_valid_noun
strollers,bandwagon,-14.75,1,single_token,not_valid_noun
strollers,sall,-14.75,1,single_token,not_valid_noun
strollers,secondhand,-14.75,1,single_token,incomplete_phrase
strollers,describes,-14.75,1,single_token,not_valid_noun
strollers,Sometimes,-14.75,1,single_token,not_valid_noun
strollers,escal,-14.75,1,single_token,not_valid_noun
strollers,meals,-14.75,1,single_token,not_valid_noun
strollers,mobile with,-14.75,2,2token,not_valid_noun
strollers,mobile or,-14.75,2,2token,not_valid_noun
strollers,disney,-14.75,1,single_token,not_valid_noun
strollers,things around,-14.75,2,2token,incomplete_phrase
strollers,things meant,-14.75,2,2token,incomplete_phrase
strollers,wheelchair that,-14.75,2,2token,incomplete_phrase
strollers,ben,-14.75,1,single_token,incomplete_phrase
strollers,Val,-14.75,1,single_token,incomplete_phrase
strollers,able,-14.75,1,single_token,not_valid_noun
strollers,Har,-14.75,1,single_token,not_valid_noun
strollers,John,-14.75,1,single_token,incomplete_phrase
strollers,gran,-14.75,1,single_token,not_valid_noun
strollers,Sha,-14.75,1,single_token,incomplete_phrase
strollers,March,-14.75,1,single_token,incomplete_phrase
strollers,However,-14.75,1,single_token,not_valid_noun
strollers,designs,-14.75,1,single_token,not_valid_noun
strollers,Small,-14.75,1,single_token,incomplete_phrase
strollers,Mean,-14.75,1,single_token,incomplete_phrase
strollers,commonly,-14.75,1,single_token,not_valid_noun
strollers,marine,-14.75,1,single_token,incomplete_phrase
strollers,sam,-14.75,1,single_token,incomplete_phrase
strollers,Use,-14.75,1,single_token,incomplete_phrase
strollers,wide,-14.75,1,single_token,not_valid_noun
strollers,Pal,-14.75,1,single_token,incomplete_phrase
strollers,........ and,-14.75,2,2token,not_valid_noun
strollers,........ _,-14.75,2,2token,not_valid_noun
strollers,........ All,-14.75,2,2token,not_valid_noun
strollers,........ They,-14.75,2,2token,not_valid_noun
strollers,........ There,-14.75,2,2token,not_valid_noun
strollers,........ Some,-14.75,2,2token,not_valid_noun
strollers,........ ________,-14.75,2,2token,not_valid_noun
strollers,wonderful,-14.75,1,single_token,not_valid_noun
strollers,yo,-14.75,1,single_token,not_valid_noun
strollers,kn,-14.75,1,single_token,not_valid_noun
strollers,lab,-14.75,1,single_token,incomplete_phrase
strollers,autom,-14.75,1,single_token,not_valid_noun
strollers,obj,-14.75,1,single_token,not_valid_noun
strollers,lives,-14.75,1,single_token,not_valid_noun
strollers,customers,-14.75,1,single_token,not_valid_noun
strollers,cho,-14.75,1,single_token,incomplete_phrase
strollers,April,-14.75,1,single_token,incomplete_phrase
strollers,things at,-14.75,2,2token,not_valid_noun
strollers,Ethan,-14.75,1,single_token,incomplete_phrase
strollers,ball is,-14.75,2,2token,not_valid_noun
strollers,ball and,-14.75,2,2token,incomplete_phrase
strollers,type in,-14.78125,2,2token,not_valid_noun
strollers,babys _____,-14.78125,2,2token,not_valid_noun
strollers,babys ____,-14.78125,2,2token,not_valid_noun
strollers,babys are,-14.78125,2,2token,incomplete_phrase
strollers,__ travel,-14.78125,2,2token,not_valid_noun
strollers,pull a,-14.78125,2,2token,not_valid_noun
strollers,cars _______,-14.78125,2,2token,not_valid_noun
strollers,recreational _,-14.78125,2,2token,not_valid_noun
strollers,tricycle or,-14.78125,2,2token,not_valid_noun
strollers,object Read,-14.78125,2,2token,not_valid_noun
strollers,object children,-14.78125,2,2token,incomplete_phrase
strollers,recreational play,-14.78125,2,2token,incomplete_phrase
strollers,What car,-14.78125,2,2token,not_valid_noun
strollers,suitcase ________,-14.78125,2,2token,not_valid_noun
strollers,recreational (,-14.78125,2,2token,not_valid_noun
strollers,What comes,-14.78125,2,2token,not_valid_noun
strollers,carriages to,-14.78125,2,2token,not_valid_noun
strollers,game (,-14.78125,2,2token,not_valid_noun
strollers,What Kind,-14.78125,2,2token,not_valid_noun
strollers,carriages with,-14.78125,2,2token,incomplete_phrase
strollers,carriages ....,-14.78125,2,2token,not_valid_noun
strollers,wheels The,-14.78125,2,2token,incomplete_phrase
strollers,kind ...,-14.78125,2,2token,not_valid_noun
strollers,bike Accessory,-14.78125,2,2token,incomplete_phrase
strollers,carts ...,-14.78125,2,2token,not_valid_noun
strollers,carts which,-14.78125,2,2token,incomplete_phrase
strollers,fruit ...,-14.78125,2,2token,not_valid_noun
strollers,wheels around,-14.78125,2,2token,incomplete_phrase
strollers,carts are,-14.78125,2,2token,incomplete_phrase
strollers,clothing used,-14.78125,2,2token,incomplete_phrase
strollers,bike Part,-14.78125,2,2token,incomplete_phrase
strollers,buggy Comple,-14.78125,2,2token,incomplete_phrase
strollers,buggy .....,-14.78125,2,2token,not_valid_noun
strollers,______,-14.78125,2,2token,not_valid_noun
strollers,buggy st,-14.78125,2,2token,not_valid_noun
strollers,wagon a,-14.78125,2,2token,not_valid_noun
strollers,baggage Check,-14.78125,2,2token,incomplete_phrase
strollers,handbag (,-14.78125,2,2token,not_valid_noun
strollers,Pram that,-14.78125,2,2token,incomplete_phrase
strollers,play furn,-14.78125,2,2token,incomplete_phrase
strollers,vehicles Read,-14.78125,2,2token,not_valid_noun
strollers,carts ....,-14.78125,2,2token,not_valid_noun
strollers,n e,-14.78125,2,2token,not_valid_noun
strollers,thing at,-14.78125,2,2token,not_valid_noun
strollers,bags made,-14.78125,2,2token,incomplete_phrase
strollers,automobile Accessories,-14.78125,2,2token,incomplete_phrase
strollers,thing ______,-14.78125,2,2token,not_valid_noun
strollers,Pram ______,-14.78125,2,2token,not_valid_noun
strollers,thing ....,-14.78125,2,2token,not_valid_noun
strollers,thing /,-14.78125,2,2token,not_valid_noun
strollers,thing -,-14.78125,2,2token,not_valid_noun
strollers,thing ____,-14.78125,2,2token,not_valid_noun
strollers,____________ They,-14.78125,2,2token,not_valid_noun
strollers,____________ [,-14.78125,2,2token,not_valid_noun
strollers,Pram _______,-14.78125,2,2token,not_valid_noun
strollers,n ________,-14.78125,2,2token,not_valid_noun
strollers,Pram ____,-14.78125,2,2token,not_valid_noun
strollers,____________ food,-14.78125,2,2token,not_valid_noun
strollers,vehicles are,-14.78125,2,2token,incomplete_phrase
strollers,bags ....,-14.78125,2,2token,not_valid_noun
strollers,chair a,-14.78125,2,2token,not_valid_noun
strollers,chair The,-14.78125,2,2token,incomplete_phrase
strollers,chair suitable,-14.78125,2,2token,incomplete_phrase
strollers,backpack or,-14.78125,2,2token,not_valid_noun
strollers,accessories of,-14.78125,2,2token,not_valid_noun
strollers,buggy ..,-14.78125,2,2token,not_valid_noun
strollers,item ________,-14.78125,2,2token,not_valid_noun
strollers,umbrella ....,-14.78125,2,2token,not_valid_noun
strollers,pull _,-14.78125,2,2token,not_valid_noun
strollers,...... and,-14.8125,2,2token,not_valid_noun
strollers,...... This,-14.8125,2,2token,not_valid_noun
strollers,ride ____,-14.8125,2,2token,not_valid_noun
strollers,to baby,-14.8125,2,2token,not_valid_noun
strollers,...... We,-14.8125,2,2token,not_valid_noun
strollers,...... _,-14.8125,2,2token,not_valid_noun
strollers,...... There,-14.8125,2,2token,not_valid_noun
strollers,activity _______,-14.8125,2,2token,not_valid_noun
strollers,...... Children,-14.8125,2,2token,not_valid_noun
strollers,...... bike,-14.8125,2,2token,not_valid_noun
strollers,RV,-14.8125,1,single_token,not_valid_noun
strollers,hand (,-14.8125,2,2token,not_valid_noun
strollers,carri -,-14.8125,2,2token,not_valid_noun
strollers,+.,-14.8125,1,single_token,not_valid_noun
strollers,hand _,-14.8125,2,2token,not_valid_noun
strollers,blick,-14.8125,1,single_token,incomplete_phrase
strollers,Any,-14.8125,1,single_token,incomplete_phrase
strollers,sag,-14.8125,1,single_token,incomplete_phrase
strollers,Before,-14.8125,1,single_token,not_valid_noun
strollers,sv,-14.8125,1,single_token,not_valid_noun
strollers,Under,-14.8125,1,single_token,not_valid_noun
strollers,......,-14.8125,2,2token,not_valid_noun
strollers,activ,-14.8125,1,single_token,incomplete_phrase
strollers,shock,-14.8125,1,single_token,incomplete_phrase
strollers,sele,-14.8125,1,single_token,incomplete_phrase
strollers,favourite,-14.8125,1,single_token,not_valid_noun
strollers,eyeglasses,-14.8125,1,single_token,not_valid_noun
strollers,cann,-14.8125,1,single_token,not_valid_noun
strollers,VEH,-14.8125,1,single_token,not_valid_noun
strollers,DEFINITION,-14.8125,1,single_token,incomplete_phrase
strollers,A _________,-14.8125,2,2token,not_valid_noun
strollers,adv,-14.8125,1,single_token,not_valid_noun
strollers,susp,-14.8125,1,single_token,not_valid_noun
strollers,,-14.8125,1,single_token,not_valid_noun
strollers,A -,-14.8125,2,2token,not_valid_noun
strollers,A frame,-14.8125,2,2token,not_valid_noun
strollers,A noun,-14.8125,2,2token,not_valid_noun
strollers,A is,-14.8125,2,2token,not_valid_noun
strollers,....... st,-14.8125,2,2token,not_valid_noun
strollers,c a,-14.8125,2,2token,not_valid_noun
strollers,....... of,-14.8125,2,2token,not_valid_noun
strollers,....... is,-14.8125,2,2token,not_valid_noun
strollers,Bal,-14.8125,1,single_token,incomplete_phrase
strollers,ah,-14.8125,1,single_token,not_valid_noun
strollers,pens,-14.8125,1,single_token,not_valid_noun
strollers,wet,-14.8125,1,single_token,incomplete_phrase
strollers,Introduction,-14.8125,1,single_token,incomplete_phrase
strollers,Ans,-14.8125,1,single_token,not_valid_noun
strollers,cloth _________,-14.8125,2,2token,not_valid_noun
strollers,Then,-14.8125,1,single_token,not_valid_noun
strollers,wo,-14.8125,1,single_token,not_valid_noun
strollers,cru,-14.8125,1,single_token,not_valid_noun
strollers,........... In,-14.8125,2,2token,not_valid_noun
strollers,int,-14.8125,1,single_token,incomplete_phrase
strollers,cloth __________,-14.8125,2,2token,not_valid_noun
strollers,en,-14.8125,1,single_token,not_valid_noun
strollers,Y,-14.8125,1,single_token,not_valid_noun
strollers,- __,-14.8125,2,2token,not_valid_noun
strollers,represent,-14.8125,1,single_token,not_valid_noun
strollers,pic,-14.8125,1,single_token,incomplete_phrase
strollers,Ben,-14.8125,1,single_token,incomplete_phrase
strollers,= Select,-14.8125,2,2token,not_valid_noun
strollers,= type,-14.8125,2,2token,not_valid_noun
strollers,hw,-14.8125,1,single_token,not_valid_noun
strollers,oversized,-14.8125,1,single_token,not_valid_noun
strollers,= ___________,-14.8125,2,2token,not_valid_noun
strollers,decorating,-14.8125,1,single_token,not_valid_noun
strollers,RAC,-14.8125,1,single_token,not_valid_noun
strollers,Mal,-14.8125,1,single_token,incomplete_phrase
strollers,=(,-14.8125,1,single_token,not_valid_noun
strollers,THE,-14.8125,1,single_token,not_valid_noun
strollers,At,-14.8125,1,single_token,not_valid_noun
strollers,($,-14.8125,1,single_token,not_valid_noun
strollers,ce,-14.8125,1,single_token,not_valid_noun
strollers,gras,-14.8125,1,single_token,not_valid_noun
strollers,boo,-14.8125,1,single_token,incomplete_phrase
strollers,ss,-14.8125,1,single_token,not_valid_noun
strollers,β,-14.8125,1,single_token,not_valid_noun
strollers,Everything,-14.8125,1,single_token,incomplete_phrase
strollers,APP,-14.8125,1,single_token,not_valid_noun
strollers,viewing,-14.8125,1,single_token,not_valid_noun
strollers,collecting,-14.8125,1,single_token,incomplete_phrase
strollers,fac,-14.8125,1,single_token,not_valid_noun
strollers,Le,-14.8125,1,single_token,not_valid_noun
strollers,gadget in,-14.8125,2,2token,not_valid_noun
strollers,Suitable,-14.8125,1,single_token,not_valid_noun
strollers,travelers,-14.8125,1,single_token,not_valid_noun
strollers,/ types,-14.8125,2,2token,not_valid_noun
strollers,/ means,-14.8125,2,2token,not_valid_noun
strollers,coat (,-14.8125,2,2token,not_valid_noun
strollers,clothes -,-14.84375,2,2token,not_valid_noun
strollers,clothes on,-14.84375,2,2token,not_valid_noun
strollers,used every,-14.84375,2,2token,incomplete_phrase
strollers,used only,-14.84375,2,2token,not_valid_noun
strollers,used of,-14.84375,2,2token,not_valid_noun
strollers,tools you,-14.84375,2,2token,incomplete_phrase
strollers,tools and,-14.84375,2,2token,incomplete_phrase
strollers,article which,-14.84375,2,2token,incomplete_phrase
strollers,are ________,-14.84375,2,2token,not_valid_noun
strollers,are children,-14.84375,2,2token,not_valid_noun
strollers,are made,-14.84375,2,2token,not_valid_noun
strollers,are car,-14.84375,2,2token,not_valid_noun
strollers,are we,-14.84375,2,2token,not_valid_noun
strollers,an ___________,-14.84375,2,2token,not_valid_noun
strollers,an _________,-14.84375,2,2token,not_valid_noun
strollers,an invention,-14.84375,2,2token,not_valid_noun
strollers,an expensive,-14.84375,2,2token,not_valid_noun
strollers,an _,-14.84375,2,2token,not_valid_noun
strollers,is ____,-14.84375,2,2token,not_valid_noun
strollers,is to,-14.84375,2,2token,not_valid_noun
strollers,fun -,-14.84375,2,2token,not_valid_noun
strollers,fun with,-14.84375,2,2token,incomplete_phrase
strollers,prop which,-14.84375,2,2token,incomplete_phrase
strollers,house cleaning,-14.84375,2,2token,incomplete_phrase
strollers,machine ....,-14.84375,2,2token,not_valid_noun
strollers,machine called,-14.84375,2,2token,incomplete_phrase
strollers,machine a,-14.84375,2,2token,not_valid_noun
strollers,…… To,-14.84375,2,2token,not_valid_noun
strollers,…… We,-14.84375,2,2token,not_valid_noun
strollers,……,-14.84375,2,2token,not_valid_noun
strollers,( =,-14.84375,2,2token,not_valid_noun
strollers,food or,-14.84375,2,2token,not_valid_noun
strollers,babys …,-14.84375,2,2token,not_valid_noun
strollers,childrens ___,-14.84375,2,2token,not_valid_noun
strollers,childrens ',-14.84375,2,2token,not_valid_noun
strollers,school equip,-14.84375,2,2token,incomplete_phrase
strollers,shop which,-14.84375,2,2token,incomplete_phrase
strollers,carrier made,-14.84375,2,2token,incomplete_phrase
strollers,carrier is,-14.84375,2,2token,not_valid_noun
strollers,this in,-14.84375,2,2token,not_valid_noun
strollers,this baby,-14.84375,2,2token,incomplete_phrase
strollers,container and,-14.84375,2,2token,incomplete_phrase
strollers,instrument _______,-14.84375,2,2token,not_valid_noun
strollers,instrument ____,-14.84375,2,2token,not_valid_noun
strollers,instrument designed,-14.84375,2,2token,incomplete_phrase
strollers,instrument you,-14.84375,2,2token,incomplete_phrase
strollers,what transportation,-14.84375,2,2token,not_valid_noun
strollers,what sport,-14.84375,2,2token,not_valid_noun
strollers,what they,-14.84375,2,2token,not_valid_noun
strollers,means that,-14.84375,2,2token,not_valid_noun
strollers,roller _______,-14.84375,2,2token,not_valid_noun
strollers,roller _,-14.84375,2,2token,not_valid_noun
strollers,roller sk,-14.84375,2,2token,not_valid_noun
strollers,which device,-14.875,2,2token,not_valid_noun
strollers,nursery for,-14.875,2,2token,incomplete_phrase
strollers,which .,-14.875,2,2token,not_valid_noun
strollers,which child,-14.875,2,2token,not_valid_noun
strollers,retirement,-14.875,1,single_token,incomplete_phrase
strollers,sn,-14.875,1,single_token,not_valid_noun
strollers,WE,-14.875,1,single_token,not_valid_noun
strollers,QU,-14.875,1,single_token,not_valid_noun
strollers,Bob,-14.875,1,single_token,incomplete_phrase
strollers,chosen,-14.875,1,single_token,incomplete_phrase
strollers,sca,-14.875,1,single_token,not_valid_noun
strollers,utili,-14.875,1,single_token,not_valid_noun
strollers,Easy,-14.875,1,single_token,not_valid_noun
strollers,Toy ____,-14.875,2,2token,not_valid_noun
strollers,to o,-14.875,2,2token,not_valid_noun
strollers,c __,-14.875,2,2token,not_valid_noun
strollers,c …,-14.875,2,2token,not_valid_noun
strollers,family of,-14.875,2,2token,not_valid_noun
strollers,to e,-14.875,2,2token,not_valid_noun
strollers,to wear,-14.875,2,2token,not_valid_noun
strollers,to toy,-14.875,2,2token,not_valid_noun
strollers,ball that,-14.875,2,2token,incomplete_phrase
strollers,nike,-14.875,1,single_token,not_valid_noun
strollers,pc,-14.875,1,single_token,not_valid_noun
strollers,oc,-14.875,1,single_token,not_valid_noun
strollers,mars,-14.875,1,single_token,incomplete_phrase
strollers,Measure,-14.875,1,single_token,incomplete_phrase
strollers,<-,-14.875,1,single_token,not_valid_noun
strollers,Complete,-14.875,1,single_token,not_valid_noun
strollers,doll in,-14.875,2,2token,not_valid_noun
strollers,doll play,-14.875,2,2token,incomplete_phrase
strollers,doll ____,-14.875,2,2token,not_valid_noun
strollers,Sho,-14.875,1,single_token,incomplete_phrase
strollers,Du,-14.875,1,single_token,not_valid_noun
strollers,unique,-14.875,1,single_token,not_valid_noun
strollers,things _______,-14.875,2,2token,not_valid_noun
strollers,amp,-14.875,1,single_token,not_valid_noun
strollers,........ Which,-14.875,2,2token,not_valid_noun
strollers,........ For,-14.875,2,2token,not_valid_noun
strollers,........ You,-14.875,2,2token,not_valid_noun
strollers,........ We,-14.875,2,2token,not_valid_noun
strollers,........,-14.875,2,2token,not_valid_noun
strollers,device ______,-14.875,2,2token,not_valid_noun
strollers,........ Children,-14.875,2,2token,not_valid_noun
strollers,things necessary,-14.875,2,2token,incomplete_phrase
strollers,models,-14.875,1,single_token,not_valid_noun
strollers,www,-14.875,1,single_token,not_valid_noun
strollers,valid,-14.875,1,single_token,not_valid_noun
strollers,SE,-14.875,1,single_token,not_valid_noun
strollers,compared,-14.875,1,single_token,not_valid_noun
strollers,views,-14.875,1,single_token,not_valid_noun
strollers,paid,-14.875,1,single_token,not_valid_noun
strollers,doo,-14.875,1,single_token,not_valid_noun
strollers,skeletal,-14.875,1,single_token,not_valid_noun
strollers,cae,-14.875,1,single_token,not_valid_noun
strollers,automo,-14.875,1,single_token,not_valid_noun
strollers,&,-14.875,1,single_token,not_valid_noun
strollers,<>,-14.875,1,single_token,not_valid_noun
strollers,laps,-14.875,1,single_token,not_valid_noun
strollers,lifts,-14.875,1,single_token,not_valid_noun
strollers,bree,-14.875,1,single_token,incomplete_phrase
strollers,fri,-14.875,1,single_token,not_valid_noun
strollers,bel,-14.875,1,single_token,incomplete_phrase
strollers,Be,-14.875,1,single_token,not_valid_noun
strollers,na,-14.875,1,single_token,not_valid_noun
strollers,uni,-14.875,1,single_token,not_valid_noun
strollers,Winnie,-14.875,1,single_token,incomplete_phrase
strollers,sure,-14.875,1,single_token,not_valid_noun
strollers,give,-14.875,1,single_token,incomplete_phrase
strollers,packed,-14.875,1,single_token,not_valid_noun
strollers,extracurricular,-14.875,1,single_token,not_valid_noun
strollers,help a,-14.875,2,2token,not_valid_noun
strollers,clo,-14.875,1,single_token,not_valid_noun
strollers,tw,-14.875,1,single_token,not_valid_noun
strollers,proper,-14.875,1,single_token,not_valid_noun
strollers,ru,-14.875,1,single_token,not_valid_noun
strollers,Of,-14.875,1,single_token,not_valid_noun
strollers,family _,-14.875,2,2token,not_valid_noun
strollers,UIT,-14.875,1,single_token,not_valid_noun
strollers,inline,-14.875,1,single_token,not_valid_noun
strollers,sits,-14.875,1,single_token,not_valid_noun
strollers,kid _,-14.875,2,2token,not_valid_noun
strollers,family ...,-14.875,2,2token,not_valid_noun
strollers,precious,-14.875,1,single_token,not_valid_noun
strollers,wagon Read,-14.90625,2,2token,not_valid_noun
strollers,luggage Full,-14.90625,2,2token,incomplete_phrase
strollers,vehicles -,-14.90625,2,2token,not_valid_noun
strollers,vehicles made,-14.90625,2,2token,incomplete_phrase
strollers,vehicles _____,-14.90625,2,2token,not_valid_noun
strollers,luggage Check,-14.90625,2,2token,incomplete_phrase
strollers,type on,-14.90625,2,2token,not_valid_noun
strollers,luggage used,-14.90625,2,2token,incomplete_phrase
strollers,luggage which,-14.90625,2,2token,incomplete_phrase
strollers,__ ;,-14.90625,2,2token,not_valid_noun
strollers,__ ...,-14.90625,2,2token,not_valid_noun
strollers,kind for,-14.90625,2,2token,incomplete_phrase
strollers,__ ..,-14.90625,2,2token,not_valid_noun
strollers,thing is,-14.90625,2,2token,not_valid_noun
strollers,thing around,-14.90625,2,2token,incomplete_phrase
strollers,Pram -,-14.90625,2,2token,not_valid_noun
strollers,__ fruit,-14.90625,2,2token,not_valid_noun
strollers,wheels …,-14.90625,2,2token,not_valid_noun
strollers,umbrella _______,-14.90625,2,2token,not_valid_noun
strollers,umbrella ____,-14.90625,2,2token,not_valid_noun
strollers,umbrella -,-14.90625,2,2token,not_valid_noun
strollers,piece or,-14.90625,2,2token,not_valid_noun
strollers,wheels [,-14.90625,2,2token,not_valid_noun
strollers,item designed,-14.90625,2,2token,incomplete_phrase
strollers,wagon _,-14.90625,2,2token,not_valid_noun
strollers,object and,-14.90625,2,2token,incomplete_phrase
strollers,object from,-14.90625,2,2token,incomplete_phrase
strollers,appliance of,-14.90625,2,2token,not_valid_noun
strollers,handbag for,-14.90625,2,2token,incomplete_phrase
strollers,wagon -,-14.90625,2,2token,not_valid_noun
strollers,play -,-14.90625,2,2token,not_valid_noun
strollers,play are,-14.90625,2,2token,incomplete_phrase
strollers,play or,-14.90625,2,2token,not_valid_noun
strollers,carriages are,-14.90625,2,2token,incomplete_phrase
strollers,cars ____,-14.90625,2,2token,not_valid_noun
strollers,suitcase to,-14.90625,2,2token,not_valid_noun
strollers,pull on,-14.90625,2,2token,not_valid_noun
strollers,suitcase on,-14.90625,2,2token,not_valid_noun
strollers,something I,-14.90625,2,2token,not_valid_noun
strollers,carts ____,-14.90625,2,2token,not_valid_noun
strollers,something called,-14.90625,2,2token,incomplete_phrase
strollers,clothing ....,-14.90625,2,2token,not_valid_noun
strollers,object related,-14.90625,2,2token,not_valid_noun
strollers,object carried,-14.90625,2,2token,incomplete_phrase
strollers,automobile Part,-14.90625,2,2token,incomplete_phrase
strollers,bike is,-14.90625,2,2token,not_valid_noun
strollers,automobile a,-14.90625,2,2token,not_valid_noun
strollers,bike _____,-14.90625,2,2token,not_valid_noun
strollers,automobile is,-14.90625,2,2token,not_valid_noun
strollers,bags Read,-14.90625,2,2token,not_valid_noun
strollers,bags _.,-14.90625,2,2token,not_valid_noun
strollers,chair _________,-14.90625,2,2token,not_valid_noun
strollers,chair ___________,-14.90625,2,2token,not_valid_noun
strollers,chair .....,-14.90625,2,2token,not_valid_noun
strollers,chair …,-14.90625,2,2token,not_valid_noun
strollers,bags you,-14.90625,2,2token,incomplete_phrase
strollers,luggage -,-14.90625,2,2token,not_valid_noun
strollers,cloth Are,-14.9375,2,2token,incomplete_phrase
strollers,........... car,-14.9375,2,2token,not_valid_noun
strollers,........... -,-14.9375,2,2token,not_valid_noun
strollers,hon,-14.9375,1,single_token,incomplete_phrase
strollers,product sold,-14.9375,2,2token,incomplete_phrase
strollers,product designed,-14.9375,2,2token,incomplete_phrase
strollers,product which,-14.9375,2,2token,incomplete_phrase
strollers,tog,-14.9375,1,single_token,not_valid_noun
strollers,tents,-14.9375,1,single_token,not_valid_noun
strollers,gucci,-14.9375,1,single_token,not_valid_noun
strollers,packaged,-14.9375,1,single_token,not_valid_noun
strollers,Miscellaneous,-14.9375,1,single_token,not_valid_noun
strollers,= In,-14.9375,2,2token,not_valid_noun
strollers,ride ______,-14.9375,2,2token,not_valid_noun
strollers,........... I,-14.9375,2,2token,not_valid_noun
strollers,- children,-14.9375,2,2token,not_valid_noun
strollers,- What,-14.9375,2,2token,not_valid_noun
strollers,- is,-14.9375,2,2token,not_valid_noun
strollers,- in,-14.9375,2,2token,not_valid_noun
strollers,▪,-14.9375,1,single_token,not_valid_noun
strollers,loung,-14.9375,1,single_token,not_valid_noun
strollers,Juvenile,-14.9375,1,single_token,incomplete_phrase
strollers,OA,-14.9375,1,single_token,not_valid_noun
strollers,soo,-14.9375,1,single_token,not_valid_noun
strollers,teenage,-14.9375,1,single_token,incomplete_phrase
strollers,volkswagen,-14.9375,1,single_token,not_valid_noun
strollers,Annie,-14.9375,1,single_token,incomplete_phrase
strollers,instrumental,-14.9375,1,single_token,not_valid_noun
strollers,sized,-14.9375,1,single_token,not_valid_noun
strollers,guided,-14.9375,1,single_token,not_valid_noun
strollers,unisex,-14.9375,1,single_token,not_valid_noun
strollers,slides,-14.9375,1,single_token,not_valid_noun
strollers,cloth of,-14.9375,2,2token,not_valid_noun
strollers,backpacking,-14.9375,1,single_token,incomplete_phrase
strollers,grocery _____,-14.9375,2,2token,not_valid_noun
strollers,grocery s,-14.9375,2,2token,not_valid_noun
strollers,among,-14.9375,1,single_token,not_valid_noun
strollers,fom,-14.9375,1,single_token,not_valid_noun
strollers,Carried,-14.9375,1,single_token,not_valid_noun
strollers,==========,-14.9375,1,single_token,not_valid_noun
strollers,pede,-14.9375,1,single_token,not_valid_noun
strollers,veloci,-14.9375,1,single_token,not_valid_noun
strollers,Ob,-14.9375,1,single_token,not_valid_noun
strollers,Ho,-14.9375,1,single_token,not_valid_noun
strollers,Her,-14.9375,1,single_token,not_valid_noun
strollers,plus,-14.9375,1,single_token,incomplete_phrase
strollers,since,-14.9375,1,single_token,not_valid_noun
strollers,let,-14.9375,1,single_token,incomplete_phrase
strollers,Se,-14.9375,1,single_token,not_valid_noun
strollers,adapted,-14.9375,1,single_token,not_valid_noun
strollers,halloween,-14.9375,1,single_token,incomplete_phrase
strollers,optical,-14.9375,1,single_token,not_valid_noun
strollers,Als,-14.9375,1,single_token,not_valid_noun
strollers,borrow,-14.9375,1,single_token,not_valid_noun
strollers,contemporary,-14.9375,1,single_token,incomplete_phrase
strollers,hanging,-14.9375,1,single_token,incomplete_phrase
strollers,Cy,-14.9375,1,single_token,not_valid_noun
strollers,Author,-14.9375,1,single_token,incomplete_phrase
strollers,cafe,-14.9375,1,single_token,not_valid_noun
strollers,Future,-14.9375,1,single_token,incomplete_phrase
strollers,CON,-14.9375,1,single_token,incomplete_phrase
strollers,= bicycle,-14.9375,2,2token,not_valid_noun
strollers,= kind,-14.9375,2,2token,not_valid_noun
strollers,A shopping,-14.9375,2,2token,not_valid_noun
strollers,adapt,-14.9375,1,single_token,not_valid_noun
strollers,videos,-14.9375,1,single_token,not_valid_noun
strollers,wedding,-14.9375,1,single_token,incomplete_phrase
strollers,Charles,-14.9375,1,single_token,incomplete_phrase
strollers,ga,-14.9375,1,single_token,not_valid_noun
strollers,✔,-14.9375,1,single_token,not_valid_noun
strollers,A lot,-14.9375,2,2token,not_valid_noun
strollers,A ),-14.9375,2,2token,not_valid_noun
strollers,A new,-14.9375,2,2token,not_valid_noun
strollers,A and,-14.9375,2,2token,not_valid_noun
strollers,cai,-14.9375,1,single_token,not_valid_noun
strollers,vo,-14.9375,1,single_token,not_valid_noun
strollers,activity or,-14.9375,2,2token,not_valid_noun
strollers,activity and,-14.9375,2,2token,incomplete_phrase
strollers,to sit,-14.9375,2,2token,not_valid_noun
strollers,prada,-14.9375,1,single_token,not_valid_noun
strollers,mommy,-14.9375,1,single_token,incomplete_phrase
strollers,c (,-14.9375,2,2token,not_valid_noun
strollers,classifying,-14.9375,1,single_token,not_valid_noun
strollers,recyclable,-14.9375,1,single_token,not_valid_noun
strollers,******,-14.9375,1,single_token,not_valid_noun
strollers,trink,-14.9375,1,single_token,not_valid_noun
strollers,sportive,-14.9375,1,single_token,not_valid_noun
strollers,....... COMPLETE,-14.9375,2,2token,not_valid_noun
strollers,....... fruit,-14.9375,2,2token,not_valid_noun
strollers,"....... ,",-14.9375,2,2token,not_valid_noun
strollers,....... are,-14.9375,2,2token,not_valid_noun
strollers,Free,-14.9375,1,single_token,incomplete_phrase
strollers,ef,-14.9375,1,single_token,not_valid_noun
strollers,ride complete,-14.9375,2,2token,not_valid_noun
strollers,people that,-14.9375,2,2token,incomplete_phrase
strollers,/ variety,-14.9375,2,2token,not_valid_noun
strollers,/ thing,-14.9375,2,2token,not_valid_noun
strollers,/ A,-14.9375,2,2token,not_valid_noun
strollers,poly,-14.9375,1,single_token,incomplete_phrase
strollers,Im,-14.9375,1,single_token,not_valid_noun
strollers,Also,-14.9375,1,single_token,not_valid_noun
strollers,includes,-14.9375,1,single_token,not_valid_noun
strollers,trailer (,-14.96875,2,2token,not_valid_noun
strollers,what _,-14.96875,2,2token,not_valid_noun
strollers,what kinds,-14.96875,2,2token,not_valid_noun
strollers,what :,-14.96875,2,2token,not_valid_noun
strollers,prop _____,-14.96875,2,2token,not_valid_noun
strollers,prop …,-14.96875,2,2token,not_valid_noun
strollers,prop /,-14.96875,2,2token,not_valid_noun
strollers,prop of,-14.96875,2,2token,not_valid_noun
strollers,instrument made,-14.96875,2,2token,incomplete_phrase
strollers,tools we,-14.96875,2,2token,not_valid_noun
strollers,household _______,-14.96875,2,2token,not_valid_noun
strollers,house ________,-14.96875,2,2token,not_valid_noun
strollers,this a,-14.96875,2,2token,not_valid_noun
strollers,container _______,-14.96875,2,2token,not_valid_noun
strollers,are kind,-14.96875,2,2token,not_valid_noun
strollers,…… This,-14.96875,2,2token,not_valid_noun
strollers,food _______,-14.96875,2,2token,not_valid_noun
strollers,article you,-14.96875,2,2token,incomplete_phrase
strollers,st,-14.96875,2,2token,not_valid_noun
strollers,this ...,-14.96875,2,2token,not_valid_noun
strollers,………… …,-14.96875,2,2token,not_valid_noun
strollers,( n,-14.96875,2,2token,not_valid_noun
strollers,article ...,-14.96875,2,2token,not_valid_noun
strollers,whe,-14.96875,2,2token,incomplete_phrase
strollers,…… Children,-14.96875,2,2token,not_valid_noun
strollers,are called,-14.96875,2,2token,not_valid_noun
strollers,…… Come,-14.96875,2,2token,not_valid_noun
strollers,…… Explain,-14.96875,2,2token,not_valid_noun
strollers,house ...,-14.96875,2,2token,not_valid_noun
strollers,machine ______,-14.96875,2,2token,not_valid_noun
strollers,machine /,-14.96875,2,2token,not_valid_noun
strollers,school ...,-14.96875,2,2token,not_valid_noun
strollers,an easy,-14.96875,2,2token,not_valid_noun
strollers,carrier -,-14.96875,2,2token,not_valid_noun
strollers,shops that,-14.96875,2,2token,incomplete_phrase
strollers,fun =,-14.96875,2,2token,not_valid_noun
strollers,school ____,-14.96875,2,2token,not_valid_noun
strollers,babys ...,-14.96875,2,2token,not_valid_noun
strollers,bus for,-14.96875,2,2token,incomplete_phrase
strollers,pull (,-14.96875,2,2token,not_valid_noun
strollers,shop ______,-14.96875,2,2token,not_valid_noun
strollers,used,-14.96875,2,2token,not_valid_noun
strollers,used (,-14.96875,2,2token,not_valid_noun
strollers,used a,-14.96875,2,2token,not_valid_noun
strollers,wheelchair ________,-14.96875,2,2token,not_valid_noun
strollers,is what,-14.96875,2,2token,not_valid_noun
strollers,is your,-14.96875,2,2token,not_valid_noun
strollers,machine is,-14.96875,2,2token,not_valid_noun
strollers,clothes worn,-14.96875,2,2token,incomplete_phrase
strollers,accessory when,-14.96875,2,2token,incomplete_phrase
strollers,type Of,-14.96875,2,2token,not_valid_noun
strollers,conveyance in,-14.96875,2,2token,not_valid_noun
strollers,seat /,-15.0,2,2token,not_valid_noun
strollers,seat ...,-15.0,2,2token,not_valid_noun
strollers,acrobat,-15.0,1,single_token,incomplete_phrase
strollers,nursery or,-15.0,2,2token,not_valid_noun
strollers,Toy _____,-15.0,2,2token,not_valid_noun
strollers,Toy _______,-15.0,2,2token,not_valid_noun
strollers,bb,-15.0,1,single_token,not_valid_noun
strollers,alk,-15.0,1,single_token,not_valid_noun
strollers,eight,-15.0,1,single_token,incomplete_phrase
strollers,colo,-15.0,1,single_token,not_valid_noun
strollers,seat with,-15.0,2,2token,incomplete_phrase
strollers,seat and,-15.0,2,2token,incomplete_phrase
strollers,ske,-15.0,1,single_token,not_valid_noun
strollers,apa,-15.0,1,single_token,incomplete_phrase
strollers,explanation,-15.0,1,single_token,not_valid_noun
strollers,bos,-15.0,1,single_token,incomplete_phrase
strollers,chairs in,-15.0,2,2token,not_valid_noun
strollers,Smart,-15.0,1,single_token,incomplete_phrase
strollers,swimming,-15.0,1,single_token,incomplete_phrase
strollers,beau,-15.0,1,single_token,incomplete_phrase
strollers,associated,-15.0,1,single_token,not_valid_noun
strollers,........,-15.0,2,2token,not_valid_noun
strollers,Invalid,-15.0,1,single_token,incomplete_phrase
strollers,cheer,-15.0,1,single_token,incomplete_phrase
strollers,Parents,-15.0,1,single_token,not_valid_noun
strollers,kid,-15.0,2,2token,not_valid_noun
strollers,kid ',-15.0,2,2token,not_valid_noun
strollers,........ of,-15.0,2,2token,not_valid_noun
strollers,computers,-15.0,1,single_token,not_valid_noun
strollers,nb,-15.0,1,single_token,not_valid_noun
strollers,glas,-15.0,1,single_token,not_valid_noun
strollers,chairs or,-15.0,2,2token,not_valid_noun
strollers,Toy cars,-15.0,2,2token,incomplete_phrase
strollers,doll and,-15.0,2,2token,incomplete_phrase
strollers,device Used,-15.0,2,2token,incomplete_phrase
strollers,device Read,-15.0,2,2token,not_valid_noun
strollers,Toy that,-15.0,2,2token,incomplete_phrase
strollers,hand trol,-15.0,2,2token,incomplete_phrase
strollers,Ox,-15.0,1,single_token,not_valid_noun
strollers,While,-15.0,1,single_token,incomplete_phrase
strollers,runs,-15.0,1,single_token,not_valid_noun
strollers,reduced,-15.0,1,single_token,not_valid_noun
strollers,amusing,-15.0,1,single_token,not_valid_noun
strollers,trai,-15.0,1,single_token,not_valid_noun
strollers,):,-15.0,1,single_token,not_valid_noun
strollers,Help,-15.0,1,single_token,incomplete_phrase
strollers,bodies,-15.0,1,single_token,not_valid_noun
strollers,reasonable,-15.0,1,single_token,not_valid_noun
strollers,pub,-15.0,1,single_token,incomplete_phrase
strollers,faces,-15.0,1,single_token,not_valid_noun
strollers,shadows,-15.0,1,single_token,not_valid_noun
strollers,Here,-15.0,1,single_token,incomplete_phrase
strollers,los,-15.0,1,single_token,not_valid_noun
strollers,anti,-15.0,1,single_token,incomplete_phrase
strollers,peas,-15.0,1,single_token,not_valid_noun
strollers,nursery ______,-15.0,2,2token,not_valid_noun
strollers,things carried,-15.0,2,2token,incomplete_phrase
strollers,N,-15.0,1,single_token,not_valid_noun
strollers,exerc,-15.0,1,single_token,not_valid_noun
strollers,:],-15.0,1,single_token,not_valid_noun
strollers,z,-15.0,1,single_token,not_valid_noun
strollers,😀,-15.0,1,single_token,not_valid_noun
strollers,OTHER,-15.0,1,single_token,not_valid_noun
strollers,INTRODUCTION,-15.0,1,single_token,incomplete_phrase
strollers,secondary,-15.0,1,single_token,incomplete_phrase
strollers,freely,-15.0,1,single_token,not_valid_noun
strollers,Brit,-15.0,1,single_token,incomplete_phrase
strollers,No,-15.0,1,single_token,not_valid_noun
strollers,aux,-15.0,1,single_token,not_valid_noun
strollers,bl,-15.0,1,single_token,not_valid_noun
strollers,taken,-15.0,1,single_token,not_valid_noun
strollers,{(,-15.0,1,single_token,not_valid_noun
strollers,ergo,-15.0,1,single_token,not_valid_noun
strollers,³,-15.0,1,single_token,not_valid_noun
strollers,गा,-15.0,1,single_token,not_valid_noun
strollers,passen,-15.0,1,single_token,incomplete_phrase
strollers,unoccupied,-15.0,1,single_token,not_valid_noun
strollers,levit,-15.0,1,single_token,not_valid_noun
strollers,bouncy,-15.0,1,single_token,not_valid_noun
strollers,developing,-15.0,1,single_token,not_valid_noun
strollers,which vehicles,-15.0,2,2token,not_valid_noun
strollers,Tric,-15.0,1,single_token,not_valid_noun
strollers,utensi,-15.0,1,single_token,not_valid_noun
strollers,which wheel,-15.0,2,2token,not_valid_noun
strollers,wagon COMPLETE,-15.03125,2,2token,not_valid_noun
strollers,Pram ....,-15.03125,2,2token,not_valid_noun
strollers,musical intr,-15.03125,2,2token,incomplete_phrase
strollers,vehicles a,-15.03125,2,2token,not_valid_noun
strollers,< insert,-15.03125,2,2token,not_valid_noun
strollers,automobile on,-15.03125,2,2token,not_valid_noun
strollers,baggage that,-15.03125,2,2token,incomplete_phrase
strollers,What activity,-15.03125,2,2token,not_valid_noun
strollers,something in,-15.03125,2,2token,not_valid_noun
strollers,carriages ____,-15.03125,2,2token,not_valid_noun
strollers,umbrella is,-15.03125,2,2token,not_valid_noun
strollers,What object,-15.03125,2,2token,not_valid_noun
strollers,carts ______,-15.03125,2,2token,not_valid_noun
strollers,clothing you,-15.03125,2,2token,incomplete_phrase
strollers,clothing ________,-15.03125,2,2token,not_valid_noun
strollers,carriages which,-15.03125,2,2token,incomplete_phrase
strollers,chair Correct,-15.03125,2,2token,not_valid_noun
strollers,chair ….,-15.03125,2,2token,not_valid_noun
strollers,cars which,-15.03125,2,2token,incomplete_phrase
strollers,Pram :,-15.03125,2,2token,not_valid_noun
strollers,Pram _,-15.03125,2,2token,not_valid_noun
strollers,luggage _____,-15.03125,2,2token,not_valid_noun
strollers,object intended,-15.03125,2,2token,incomplete_phrase
strollers,object -,-15.03125,2,2token,not_valid_noun
strollers,thing _____,-15.03125,2,2token,not_valid_noun
strollers,thing st,-15.03125,2,2token,not_valid_noun
strollers,luggage is,-15.03125,2,2token,not_valid_noun
strollers,chair of,-15.03125,2,2token,not_valid_noun
strollers,chair you,-15.03125,2,2token,incomplete_phrase
strollers,chair by,-15.03125,2,2token,not_valid_noun
strollers,chair designed,-15.03125,2,2token,incomplete_phrase
strollers,wheels :,-15.03125,2,2token,not_valid_noun
strollers,piece ...,-15.03125,2,2token,not_valid_noun
strollers,bike ....,-15.03125,2,2token,not_valid_noun
strollers,bike to,-15.03125,2,2token,not_valid_noun
strollers,wagon _____,-15.03125,2,2token,not_valid_noun
strollers,wagon Fill,-15.03125,2,2token,not_valid_noun
strollers,automobile which,-15.03125,2,2token,incomplete_phrase
strollers,bags ____,-15.03125,2,2token,not_valid_noun
strollers,bags -,-15.03125,2,2token,not_valid_noun
strollers,bags a,-15.03125,2,2token,not_valid_noun
strollers,luggage …,-15.03125,2,2token,not_valid_noun
strollers,umbrella _,-15.03125,2,2token,not_valid_noun
strollers,item available,-15.03125,2,2token,incomplete_phrase
strollers,........... st,-15.0625,2,2token,not_valid_noun
strollers,gadget ...,-15.0625,2,2token,not_valid_noun
strollers,c h,-15.0625,2,2token,not_valid_noun
strollers,/ vehicle,-15.0625,2,2token,not_valid_noun
strollers,ride _____,-15.0625,2,2token,not_valid_noun
strollers,without,-15.0625,1,single_token,not_valid_noun
strollers,"........... ,",-15.0625,2,2token,not_valid_noun
strollers,<?,-15.0625,1,single_token,not_valid_noun
strollers,A transportation,-15.0625,2,2token,not_valid_noun
strollers,A chair,-15.0625,2,2token,not_valid_noun
strollers,"—,",-15.0625,1,single_token,not_valid_noun
strollers,........... ________,-15.0625,2,2token,not_valid_noun
strollers,/ name,-15.0625,2,2token,not_valid_noun
strollers,........... Select,-15.0625,2,2token,not_valid_noun
strollers,bev,-15.0625,1,single_token,not_valid_noun
strollers,odd,-15.0625,1,single_token,not_valid_noun
strollers,Does,-15.0625,1,single_token,incomplete_phrase
strollers,marked,-15.0625,1,single_token,not_valid_noun
strollers,PED,-15.0625,1,single_token,incomplete_phrase
strollers,iPod,-15.0625,1,single_token,not_valid_noun
strollers,oy,-15.0625,1,single_token,not_valid_noun
strollers,pert,-15.0625,1,single_token,not_valid_noun
strollers,Classification,-15.0625,1,single_token,incomplete_phrase
strollers,external,-15.0625,1,single_token,incomplete_phrase
strollers,bol,-15.0625,1,single_token,not_valid_noun
strollers,§,-15.0625,1,single_token,not_valid_noun
strollers,A product,-15.0625,2,2token,not_valid_noun
strollers,A device,-15.0625,2,2token,not_valid_noun
strollers,A cart,-15.0625,2,2token,not_valid_noun
strollers,clever,-15.0625,1,single_token,not_valid_noun
strollers,WC,-15.0625,1,single_token,not_valid_noun
strollers,diy,-15.0625,1,single_token,not_valid_noun
strollers,sliding,-15.0625,1,single_token,not_valid_noun
strollers,hl,-15.0625,1,single_token,not_valid_noun
strollers,USED,-15.0625,1,single_token,not_valid_noun
strollers,cartoons,-15.0625,1,single_token,not_valid_noun
strollers,spacecraft,-15.0625,1,single_token,not_valid_noun
strollers,⇒,-15.0625,1,single_token,not_valid_noun
strollers,independent,-15.0625,1,single_token,incomplete_phrase
strollers,safety ____,-15.0625,2,2token,not_valid_noun
strollers,craw,-15.0625,1,single_token,incomplete_phrase
strollers,EQU,-15.0625,1,single_token,not_valid_noun
strollers,handi,-15.0625,1,single_token,not_valid_noun
strollers,ns,-15.0625,1,single_token,not_valid_noun
strollers,to vehicle,-15.0625,2,2token,not_valid_noun
strollers,"= ,",-15.0625,2,2token,not_valid_noun
strollers,= bag,-15.0625,2,2token,not_valid_noun
strollers,= cars,-15.0625,2,2token,not_valid_noun
strollers,TOOLS,-15.0625,1,single_token,not_valid_noun
strollers,theyre,-15.0625,1,single_token,incomplete_phrase
strollers,activity on,-15.0625,2,2token,not_valid_noun
strollers,activity ...,-15.0625,2,2token,not_valid_noun
strollers,activity Read,-15.0625,2,2token,not_valid_noun
strollers,activity _____,-15.0625,2,2token,not_valid_noun
strollers,%{,-15.0625,1,single_token,not_valid_noun
strollers,stretch,-15.0625,1,single_token,incomplete_phrase
strollers,Need,-15.0625,1,single_token,incomplete_phrase
strollers,= :,-15.0625,2,2token,not_valid_noun
strollers,Excuse,-15.0625,1,single_token,incomplete_phrase
strollers,Example,-15.0625,1,single_token,not_valid_noun
strollers,Age,-15.0625,1,single_token,incomplete_phrase
strollers,decorations,-15.0625,1,single_token,not_valid_noun
strollers,upright,-15.0625,1,single_token,incomplete_phrase
strollers,german,-15.0625,1,single_token,incomplete_phrase
strollers,Volkswagen,-15.0625,1,single_token,not_valid_noun
strollers,hand wheeled,-15.0625,2,2token,incomplete_phrase
strollers,inven,-15.0625,1,single_token,not_valid_noun
strollers,grocery wheeled,-15.0625,2,2token,incomplete_phrase
strollers,- :,-15.0625,2,2token,not_valid_noun
strollers,stan,-15.0625,1,single_token,incomplete_phrase
strollers,animated,-15.0625,1,single_token,not_valid_noun
strollers,to eat,-15.0625,2,2token,not_valid_noun
strollers,to hold,-15.0625,2,2token,not_valid_noun
strollers,to let,-15.0625,2,2token,not_valid_noun
strollers,rare,-15.0625,1,single_token,not_valid_noun
strollers,upper,-15.0625,1,single_token,incomplete_phrase
strollers,Since,-15.0625,1,single_token,not_valid_noun
strollers,lol,-15.0625,1,single_token,not_valid_noun
strollers,benefits,-15.0625,1,single_token,not_valid_noun
strollers,store ______,-15.0625,2,2token,not_valid_noun
strollers,basket of,-15.0625,2,2token,not_valid_noun
strollers,basket in,-15.0625,2,2token,not_valid_noun
strollers,known,-15.0625,1,single_token,not_valid_noun
strollers,Bin,-15.0625,1,single_token,incomplete_phrase
strollers,intelligent,-15.0625,1,single_token,not_valid_noun
strollers,literary,-15.0625,1,single_token,not_valid_noun
strollers,ev,-15.0625,1,single_token,not_valid_noun
strollers,hand ______,-15.0625,2,2token,not_valid_noun
strollers,- /,-15.0625,2,2token,not_valid_noun
strollers,basket ...,-15.0625,2,2token,not_valid_noun
strollers,Sco,-15.0625,1,single_token,not_valid_noun
strollers,requirements,-15.0625,1,single_token,not_valid_noun
strollers,tend,-15.0625,1,single_token,not_valid_noun
strollers,bor,-15.0625,1,single_token,incomplete_phrase
strollers,although,-15.0625,1,single_token,not_valid_noun
strollers,....... .....,-15.0625,2,2token,not_valid_noun
strollers,....... Which,-15.0625,2,2token,not_valid_noun
strollers,- are,-15.0625,2,2token,not_valid_noun
strollers,whi,-15.0625,1,single_token,incomplete_phrase
strollers,bec,-15.0625,1,single_token,incomplete_phrase
strollers,- and,-15.0625,2,2token,not_valid_noun
strollers,/ to,-15.0625,2,2token,not_valid_noun
strollers,mode for,-15.0625,2,2token,incomplete_phrase
strollers,roller for,-15.09375,2,2token,incomplete_phrase
strollers,means ________,-15.09375,2,2token,not_valid_noun
strollers,means a,-15.09375,2,2token,not_valid_noun
strollers,fun outdoor,-15.09375,2,2token,incomplete_phrase
strollers,fun on,-15.09375,2,2token,not_valid_noun
strollers,is something,-15.09375,2,2token,not_valid_noun
strollers,machine Used,-15.09375,2,2token,incomplete_phrase
strollers,…… An,-15.09375,2,2token,not_valid_noun
strollers,…… You,-15.09375,2,2token,not_valid_noun
strollers,accessory _,-15.09375,2,2token,not_valid_noun
strollers,pull ...,-15.09375,2,2token,not_valid_noun
strollers,accessory we,-15.09375,2,2token,not_valid_noun
strollers,food ________,-15.09375,2,2token,not_valid_noun
strollers,…… It,-15.09375,2,2token,not_valid_noun
strollers,…… the,-15.09375,2,2token,not_valid_noun
strollers,wheelchair ...,-15.09375,2,2token,not_valid_noun
strollers,wheelchair and,-15.09375,2,2token,incomplete_phrase
strollers,pull the,-15.09375,2,2token,incomplete_phrase
strollers,bicycles complete,-15.09375,2,2token,not_valid_noun
strollers,prop -,-15.09375,2,2token,not_valid_noun
strollers,roller in,-15.09375,2,2token,not_valid_noun
strollers,container where,-15.09375,2,2token,incomplete_phrase
strollers,container ____,-15.09375,2,2token,not_valid_noun
strollers,prop ______,-15.09375,2,2token,not_valid_noun
strollers,article ________,-15.09375,2,2token,not_valid_noun
strollers,article made,-15.09375,2,2token,incomplete_phrase
strollers,house Hold,-15.09375,2,2token,incomplete_phrase
strollers,are for,-15.09375,2,2token,not_valid_noun
strollers,…… Give,-15.09375,2,2token,not_valid_noun
strollers,………… ….,-15.09375,2,2token,not_valid_noun
strollers,what toy,-15.09375,2,2token,not_valid_noun
strollers,are ____,-15.09375,2,2token,not_valid_noun
strollers,are transportation,-15.09375,2,2token,not_valid_noun
strollers,…… Please,-15.09375,2,2token,not_valid_noun
strollers,…… fill,-15.09375,2,2token,not_valid_noun
strollers,machine we,-15.09375,2,2token,not_valid_noun
strollers,instrument ....,-15.09375,2,2token,not_valid_noun
strollers,instrument Read,-15.09375,2,2token,not_valid_noun
strollers,instrument we,-15.09375,2,2token,not_valid_noun
strollers,instrument a,-15.09375,2,2token,not_valid_noun
strollers,accessory …,-15.09375,2,2token,not_valid_noun
strollers,exercise to,-15.09375,2,2token,not_valid_noun
strollers,__ [,-15.09375,2,2token,not_valid_noun
strollers,exercise _____,-15.09375,2,2token,not_valid_noun
strollers,shop A,-15.09375,2,2token,not_valid_noun
strollers,shop =,-15.09375,2,2token,not_valid_noun
strollers,exercise equ,-15.09375,2,2token,incomplete_phrase
strollers,clothes _______,-15.09375,2,2token,not_valid_noun
strollers,clothes is,-15.09375,2,2token,not_valid_noun
strollers,exercise or,-15.09375,2,2token,not_valid_noun
strollers,this for,-15.09375,2,2token,incomplete_phrase
strollers,reuse,-15.125,1,single_token,not_valid_noun
strollers,triangular,-15.125,1,single_token,not_valid_noun
strollers,Describe,-15.125,1,single_token,not_valid_noun
strollers,旅行,-15.125,1,single_token,not_valid_noun
strollers,Classi,-15.125,1,single_token,not_valid_noun
strollers,dryer,-15.125,1,single_token,not_valid_noun
strollers,cer,-15.125,1,single_token,not_valid_noun
strollers,pres,-15.125,1,single_token,not_valid_noun
strollers,ot,-15.125,1,single_token,not_valid_noun
strollers,kid (,-15.125,2,2token,not_valid_noun
strollers,Q,-15.125,1,single_token,not_valid_noun
strollers,smooth,-15.125,1,single_token,incomplete_phrase
strollers,Summer,-15.125,1,single_token,incomplete_phrase
strollers,[[,-15.125,1,single_token,not_valid_noun
strollers,Picture,-15.125,1,single_token,incomplete_phrase
strollers,sets,-15.125,1,single_token,not_valid_noun
strollers,happen,-15.125,1,single_token,not_valid_noun
strollers,Who,-15.125,1,single_token,not_valid_noun
strollers,develop,-15.125,1,single_token,not_valid_noun
strollers,help the,-15.125,2,2token,incomplete_phrase
strollers,fru,-15.125,1,single_token,not_valid_noun
strollers,W,-15.125,1,single_token,not_valid_noun
strollers,near,-15.125,1,single_token,not_valid_noun
strollers,complementary,-15.125,1,single_token,incomplete_phrase
strollers,wee,-15.125,1,single_token,incomplete_phrase
strollers,pans,-15.125,1,single_token,not_valid_noun
strollers,pli,-15.125,1,single_token,not_valid_noun
strollers,childish,-15.125,1,single_token,not_valid_noun
strollers,$_,-15.125,1,single_token,not_valid_noun
strollers,device /,-15.125,2,2token,not_valid_noun
strollers,nach,-15.125,1,single_token,not_valid_noun
strollers,[ __,-15.125,2,2token,not_valid_noun
strollers,„,-15.125,1,single_token,not_valid_noun
strollers,fi,-15.125,1,single_token,not_valid_noun
strollers,chairs complete,-15.125,2,2token,not_valid_noun
strollers,doll complete,-15.125,2,2token,not_valid_noun
strollers,which comes,-15.125,2,2token,not_valid_noun
strollers,malls,-15.125,1,single_token,not_valid_noun
strollers,NEW,-15.125,1,single_token,not_valid_noun
strollers,Like,-15.125,1,single_token,incomplete_phrase
strollers,to give,-15.125,2,2token,not_valid_noun
strollers,reduce,-15.125,1,single_token,not_valid_noun
strollers,c -,-15.125,2,2token,not_valid_noun
strollers,fans,-15.125,1,single_token,not_valid_noun
strollers,things bought,-15.125,2,2token,incomplete_phrase
strollers,[ ?,-15.125,2,2token,not_valid_noun
strollers,DVD,-15.125,1,single_token,not_valid_noun
strollers,doll /,-15.125,2,2token,not_valid_noun
strollers,sak,-15.125,1,single_token,incomplete_phrase
strollers,colours,-15.125,1,single_token,not_valid_noun
strollers,Toy ______,-15.125,2,2token,not_valid_noun
strollers,Toy a,-15.125,2,2token,not_valid_noun
strollers,bob,-15.125,1,single_token,incomplete_phrase
strollers,c car,-15.125,2,2token,not_valid_noun
strollers,speel,-15.125,1,single_token,not_valid_noun
strollers,Parenting,-15.125,1,single_token,incomplete_phrase
strollers,seaside,-15.125,1,single_token,incomplete_phrase
strollers,given,-15.125,1,single_token,incomplete_phrase
strollers,xx,-15.125,1,single_token,not_valid_noun
strollers,Brief,-15.125,1,single_token,incomplete_phrase
strollers,survival,-15.125,1,single_token,incomplete_phrase
strollers,dependent,-15.125,1,single_token,incomplete_phrase
strollers,а,-15.125,1,single_token,not_valid_noun
strollers,phones,-15.125,1,single_token,not_valid_noun
strollers,Quad,-15.125,1,single_token,incomplete_phrase
strollers,Several,-15.125,1,single_token,not_valid_noun
strollers,gad,-15.125,1,single_token,incomplete_phrase
strollers,weighing,-15.125,1,single_token,incomplete_phrase
strollers,Safety,-15.125,1,single_token,incomplete_phrase
strollers,rooms,-15.125,1,single_token,not_valid_noun
strollers,retro,-15.125,1,single_token,not_valid_noun
strollers,peop,-15.125,1,single_token,not_valid_noun
strollers,"$,",-15.125,1,single_token,not_valid_noun
strollers,ham,-15.125,1,single_token,not_valid_noun
strollers,Hi,-15.125,1,single_token,not_valid_noun
strollers,pull or,-15.15625,2,2token,not_valid_noun
strollers,backpack with,-15.15625,2,2token,not_valid_noun
strollers,cars of,-15.15625,2,2token,not_valid_noun
strollers,backpack ________,-15.15625,2,2token,not_valid_noun
strollers,tricycle is,-15.15625,2,2token,not_valid_noun
strollers,fruit ....,-15.15625,2,2token,not_valid_noun
strollers,clothing worn,-15.15625,2,2token,incomplete_phrase
strollers,clothing Item,-15.15625,2,2token,incomplete_phrase
strollers,pra,-15.15625,2,2token,not_valid_noun
strollers,carts on,-15.15625,2,2token,not_valid_noun
strollers,handbag complete,-15.15625,2,2token,not_valid_noun
strollers,blanket or,-15.15625,2,2token,not_valid_noun
strollers,umbrella used,-15.15625,2,2token,incomplete_phrase
strollers,item /,-15.15625,2,2token,not_valid_noun
strollers,appliance ....,-15.15625,2,2token,not_valid_noun
strollers,boat (,-15.15625,2,2token,not_valid_noun
strollers,luggage Read,-15.15625,2,2token,not_valid_noun
strollers,appliance ________,-15.15625,2,2token,not_valid_noun
strollers,carts /,-15.15625,2,2token,not_valid_noun
strollers,item ____,-15.15625,2,2token,not_valid_noun
strollers,babys /,-15.15625,2,2token,not_valid_noun
strollers,umbrella ______,-15.15625,2,2token,not_valid_noun
strollers,something a,-15.15625,2,2token,not_valid_noun
strollers,automobile ____________,-15.15625,2,2token,not_valid_noun
strollers,carriages on,-15.15625,2,2token,not_valid_noun
strollers,carriages ______,-15.15625,2,2token,not_valid_noun
strollers,luggage with,-15.15625,2,2token,not_valid_noun
strollers,object suitable,-15.15625,2,2token,not_valid_noun
strollers,thing meant,-15.15625,2,2token,incomplete_phrase
strollers,thing and,-15.15625,2,2token,incomplete_phrase
strollers,thing under,-15.15625,2,2token,incomplete_phrase
strollers,Pram The,-15.15625,2,2token,incomplete_phrase
strollers,object /,-15.15625,2,2token,not_valid_noun
strollers,bike in,-15.15625,2,2token,not_valid_noun
strollers,bike COMPLETE,-15.15625,2,2token,not_valid_noun
strollers,Pram _____,-15.15625,2,2token,not_valid_noun
strollers,Pram Pram,-15.15625,2,2token,incomplete_phrase
strollers,automobile completed,-15.15625,2,2token,not_valid_noun
strollers,wagon The,-15.15625,2,2token,incomplete_phrase
strollers,chair are,-15.15625,2,2token,incomplete_phrase
strollers,chair :,-15.15625,2,2token,not_valid_noun
strollers,chair ___,-15.15625,2,2token,not_valid_noun
strollers,chair _.,-15.15625,2,2token,not_valid_noun
strollers,convenience in,-15.1875,2,2token,not_valid_noun
strollers,convenience to,-15.1875,2,2token,not_valid_noun
strollers,convenience Item,-15.1875,2,2token,incomplete_phrase
strollers,....... Correct,-15.1875,2,2token,not_valid_noun
strollers,........... COMPLETE,-15.1875,2,2token,not_valid_noun
strollers,to of,-15.1875,2,2token,not_valid_noun
strollers,to an,-15.1875,2,2token,not_valid_noun
strollers,to you,-15.1875,2,2token,not_valid_noun
strollers,furn ...,-15.1875,2,2token,not_valid_noun
strollers,PLAY,-15.1875,1,single_token,incomplete_phrase
strollers,scary,-15.1875,1,single_token,not_valid_noun
strollers,grocery st,-15.1875,2,2token,not_valid_noun
strollers,grocery or,-15.1875,2,2token,not_valid_noun
strollers,....... .......,-15.1875,2,2token,not_valid_noun
strollers,samp,-15.1875,1,single_token,incomplete_phrase
strollers,ماشین,-15.1875,1,single_token,not_valid_noun
strollers,brou,-15.1875,1,single_token,incomplete_phrase
strollers,ali,-15.1875,1,single_token,not_valid_noun
strollers,questions,-15.1875,1,single_token,not_valid_noun
strollers,CH,-15.1875,1,single_token,not_valid_noun
strollers,enjoy,-15.1875,1,single_token,not_valid_noun
strollers,favorite,-15.1875,1,single_token,incomplete_phrase
strollers,older,-15.1875,1,single_token,not_valid_noun
strollers,filled,-15.1875,1,single_token,not_valid_noun
strollers,autor,-15.1875,1,single_token,not_valid_noun
strollers,Three,-15.1875,1,single_token,incomplete_phrase
strollers,basket ____,-15.1875,2,2token,not_valid_noun
strollers,stylish,-15.1875,1,single_token,not_valid_noun
strollers,carri e,-15.1875,2,2token,not_valid_noun
strollers,carri ________,-15.1875,2,2token,not_valid_noun
strollers,Descri,-15.1875,1,single_token,not_valid_noun
strollers,product ...,-15.1875,2,2token,not_valid_noun
strollers,....... ____,-15.1875,2,2token,not_valid_noun
strollers,Dolls,-15.1875,1,single_token,not_valid_noun
strollers,wi,-15.1875,1,single_token,not_valid_noun
strollers,said,-15.1875,1,single_token,not_valid_noun
strollers,add,-15.1875,1,single_token,incomplete_phrase
strollers,........... of,-15.1875,2,2token,not_valid_noun
strollers,........... ....,-15.1875,2,2token,not_valid_noun
strollers,Freizeit,-15.1875,1,single_token,not_valid_noun
strollers,leisurely,-15.1875,1,single_token,not_valid_noun
strollers,pogo,-15.1875,1,single_token,incomplete_phrase
strollers,/ or,-15.1875,2,2token,not_valid_noun
strollers,/ tool,-15.1875,2,2token,not_valid_noun
strollers,/ pair,-15.1875,2,2token,not_valid_noun
strollers,motors,-15.1875,1,single_token,not_valid_noun
strollers,Sue,-15.1875,1,single_token,incomplete_phrase
strollers,gadget Read,-15.1875,2,2token,not_valid_noun
strollers,boogie,-15.1875,1,single_token,not_valid_noun
strollers,forbidden,-15.1875,1,single_token,not_valid_noun
strollers,Funny,-15.1875,1,single_token,incomplete_phrase
strollers,gloves,-15.1875,1,single_token,not_valid_noun
strollers,invent,-15.1875,1,single_token,not_valid_noun
strollers,coloured,-15.1875,1,single_token,not_valid_noun
strollers,♪,-15.1875,1,single_token,not_valid_noun
strollers,pat,-15.1875,1,single_token,incomplete_phrase
strollers,From,-15.1875,1,single_token,not_valid_noun
strollers,avoid,-15.1875,1,single_token,not_valid_noun
strollers,developed,-15.1875,1,single_token,not_valid_noun
strollers,wild,-15.1875,1,single_token,incomplete_phrase
strollers,"(),",-15.1875,1,single_token,not_valid_noun
strollers,/ car,-15.1875,2,2token,not_valid_noun
strollers,/ use,-15.1875,2,2token,not_valid_noun
strollers,/ form,-15.1875,2,2token,not_valid_noun
strollers,/ model,-15.1875,2,2token,not_valid_noun
strollers,/ things,-15.1875,2,2token,not_valid_noun
strollers,/ complete,-15.1875,2,2token,not_valid_noun
strollers,coat and,-15.1875,2,2token,incomplete_phrase
strollers,activity which,-15.1875,2,2token,incomplete_phrase
strollers,activity related,-15.1875,2,2token,incomplete_phrase
strollers,to all,-15.1875,2,2token,not_valid_noun
strollers,"to ,",-15.1875,2,2token,not_valid_noun
strollers,/ article,-15.1875,2,2token,not_valid_noun
strollers,/ brand,-15.1875,2,2token,not_valid_noun
strollers,safety ...,-15.1875,2,2token,not_valid_noun
strollers,According,-15.1875,1,single_token,not_valid_noun
strollers,(*,-15.1875,1,single_token,not_valid_noun
strollers,spin,-15.1875,1,single_token,incomplete_phrase
strollers,Using,-15.1875,1,single_token,not_valid_noun
strollers,creative,-15.1875,1,single_token,not_valid_noun
strollers,flash,-15.1875,1,single_token,incomplete_phrase
strollers,Class,-15.1875,1,single_token,incomplete_phrase
strollers,wa,-15.1875,1,single_token,not_valid_noun
strollers,nur,-15.1875,1,single_token,not_valid_noun
strollers,really,-15.1875,1,single_token,not_valid_noun
strollers,reducing,-15.1875,1,single_token,incomplete_phrase
strollers,nau,-15.1875,1,single_token,not_valid_noun
strollers,!!!,-15.1875,1,single_token,not_valid_noun
strollers,，,-15.1875,1,single_token,not_valid_noun
strollers,Cari,-15.1875,1,single_token,not_valid_noun
strollers,lower,-15.1875,1,single_token,incomplete_phrase
strollers,pretty,-15.1875,1,single_token,not_valid_noun
strollers,cos,-15.1875,1,single_token,incomplete_phrase
strollers,opposite,-15.1875,1,single_token,incomplete_phrase
strollers,Made,-15.1875,1,single_token,not_valid_noun
strollers,ante,-15.1875,1,single_token,incomplete_phrase
strollers,breast,-15.1875,1,single_token,incomplete_phrase
strollers,keeps,-15.1875,1,single_token,not_valid_noun
strollers,faulty,-15.1875,1,single_token,not_valid_noun
strollers,falt,-15.1875,1,single_token,not_valid_noun
strollers,Bic,-15.1875,1,single_token,not_valid_noun
strollers,Rolls,-15.1875,1,single_token,not_valid_noun
strollers,A little,-15.1875,2,2token,not_valid_noun
strollers,....... _______,-15.1875,2,2token,not_valid_noun
strollers,":,",-15.1875,1,single_token,not_valid_noun
strollers,safety ______,-15.1875,2,2token,not_valid_noun
strollers,/ .,-15.1875,2,2token,not_valid_noun
strollers,eg,-15.1875,1,single_token,not_valid_noun
strollers,store of,-15.1875,2,2token,not_valid_noun
strollers,store or,-15.1875,2,2token,not_valid_noun
strollers,store ____,-15.1875,2,2token,not_valid_noun
strollers,type and,-15.21875,2,2token,incomplete_phrase
strollers,carrier a,-15.21875,2,2token,not_valid_noun
strollers,food .....,-15.21875,2,2token,not_valid_noun
strollers,machine on,-15.21875,2,2token,not_valid_noun
strollers,fun family,-15.21875,2,2token,incomplete_phrase
strollers,school _______,-15.21875,2,2token,not_valid_noun
strollers,machine and,-15.21875,2,2token,incomplete_phrase
strollers,instrument /,-15.21875,2,2token,not_valid_noun
strollers,clothes we,-15.21875,2,2token,not_valid_noun
strollers,clothes ....,-15.21875,2,2token,not_valid_noun
strollers,clothes /,-15.21875,2,2token,not_valid_noun
strollers,clothes which,-15.21875,2,2token,incomplete_phrase
strollers,clothes :,-15.21875,2,2token,not_valid_noun
strollers,school ____________,-15.21875,2,2token,not_valid_noun
strollers,clothes a,-15.21875,2,2token,not_valid_noun
strollers,article ____,-15.21875,2,2token,not_valid_noun
strollers,tools ________,-15.21875,2,2token,not_valid_noun
strollers,scooter or,-15.21875,2,2token,not_valid_noun
strollers,household utens,-15.21875,2,2token,incomplete_phrase
strollers,container -,-15.21875,2,2token,not_valid_noun
strollers,instrument _____,-15.21875,2,2token,not_valid_noun
strollers,wheelchair ______,-15.21875,2,2token,not_valid_noun
strollers,instrument Used,-15.21875,2,2token,incomplete_phrase
strollers,instrument ______,-15.21875,2,2token,not_valid_noun
strollers,wheelchair _______,-15.21875,2,2token,not_valid_noun
strollers,ride and,-15.21875,2,2token,not_valid_noun
strollers,house a,-15.21875,2,2token,not_valid_noun
strollers,ride ...,-15.21875,2,2token,not_valid_noun
strollers,container ....,-15.21875,2,2token,not_valid_noun
strollers,container Full,-15.21875,2,2token,incomplete_phrase
strollers,…… and,-15.21875,2,2token,not_valid_noun
strollers,…… are,-15.21875,2,2token,not_valid_noun
strollers,…… [,-15.21875,2,2token,not_valid_noun
strollers,carrier The,-15.21875,2,2token,incomplete_phrase
strollers,fun or,-15.21875,2,2token,not_valid_noun
strollers,house is,-15.21875,2,2token,not_valid_noun
strollers,accessory A,-15.21875,2,2token,not_valid_noun
strollers,used during,-15.21875,2,2token,not_valid_noun
strollers,type Complete,-15.21875,2,2token,not_valid_noun
strollers,instrument with,-15.21875,2,2token,incomplete_phrase
strollers,is st,-15.21875,2,2token,not_valid_noun
strollers,carrier [,-15.21875,2,2token,not_valid_noun
strollers,machine -,-15.21875,2,2token,not_valid_noun
strollers,machine _____,-15.21875,2,2token,not_valid_noun
strollers,container /,-15.21875,2,2token,not_valid_noun
strollers,carrier _____,-15.21875,2,2token,not_valid_noun
strollers,is of,-15.21875,2,2token,not_valid_noun
strollers,shop to,-15.21875,2,2token,not_valid_noun
strollers,school _____,-15.21875,2,2token,not_valid_noun
strollers,whe .,-15.21875,2,2token,not_valid_noun
strollers,what other,-15.21875,2,2token,not_valid_noun
strollers,are furniture,-15.21875,2,2token,not_valid_noun
strollers,are vehicle,-15.21875,2,2token,not_valid_noun
strollers,__ tool,-15.21875,2,2token,not_valid_noun
strollers,house that,-15.21875,2,2token,incomplete_phrase
strollers,prop like,-15.21875,2,2token,incomplete_phrase
strollers,container _.,-15.21875,2,2token,not_valid_noun
strollers,__ to,-15.21875,2,2token,not_valid_noun
strollers,container is,-15.21875,2,2token,not_valid_noun
strollers,sf,-15.25,1,single_token,not_valid_noun
strollers,rails,-15.25,1,single_token,not_valid_noun
strollers,cliché,-15.25,1,single_token,not_valid_noun
strollers,chaper,-15.25,1,single_token,incomplete_phrase
strollers,,-15.25,1,single_token,not_valid_noun
strollers,cor,-15.25,1,single_token,incomplete_phrase
strollers,Among,-15.25,1,single_token,not_valid_noun
strollers,categor,-15.25,1,single_token,not_valid_noun
strollers,Pre,-15.25,1,single_token,incomplete_phrase
strollers,nursery equip,-15.25,2,2token,incomplete_phrase
strollers,permitted,-15.25,1,single_token,not_valid_noun
strollers,bulk,-15.25,1,single_token,incomplete_phrase
strollers,tid,-15.25,1,single_token,incomplete_phrase
strollers,......... I,-15.25,2,2token,not_valid_noun
strollers,Di,-15.25,1,single_token,not_valid_noun
strollers,jackets,-15.25,1,single_token,not_valid_noun
strollers,bins,-15.25,1,single_token,not_valid_noun
strollers,Uses,-15.25,1,single_token,not_valid_noun
strollers,lively,-15.25,1,single_token,not_valid_noun
strollers,balloons,-15.25,1,single_token,not_valid_noun
strollers,FREE,-15.25,1,single_token,incomplete_phrase
strollers,driven,-15.25,1,single_token,not_valid_noun
strollers,Con,-15.25,1,single_token,incomplete_phrase
strollers,sy,-15.25,1,single_token,not_valid_noun
strollers,perfect,-15.25,1,single_token,incomplete_phrase
strollers,Compact,-15.25,1,single_token,incomplete_phrase
strollers,Sie,-15.25,1,single_token,incomplete_phrase
strollers,once,-15.25,1,single_token,not_valid_noun
strollers,......... -,-15.25,2,2token,not_valid_noun
strollers,vacant,-15.25,1,single_token,not_valid_noun
strollers,rims,-15.25,1,single_token,not_valid_noun
strollers,doll st,-15.25,2,2token,not_valid_noun
strollers,Automobiles,-15.25,1,single_token,not_valid_noun
strollers,Cad,-15.25,1,single_token,incomplete_phrase
strollers,tubes,-15.25,1,single_token,not_valid_noun
strollers,ries,-15.25,1,single_token,not_valid_noun
strollers,antiques,-15.25,1,single_token,not_valid_noun
strollers,hc,-15.25,1,single_token,not_valid_noun
strollers,Helen,-15.25,1,single_token,incomplete_phrase
strollers,chan,-15.25,1,single_token,not_valid_noun
strollers,seat ….,-15.25,2,2token,not_valid_noun
strollers,nus,-15.25,1,single_token,not_valid_noun
strollers,€.,-15.25,1,single_token,not_valid_noun
strollers,doll are,-15.25,2,2token,incomplete_phrase
strollers,Dick,-15.25,1,single_token,incomplete_phrase
strollers,doll -,-15.25,2,2token,not_valid_noun
strollers,Equation,-15.25,1,single_token,incomplete_phrase
strollers,Dore,-15.25,1,single_token,not_valid_noun
strollers,mama,-15.25,1,single_token,not_valid_noun
strollers,seat which,-15.25,2,2token,incomplete_phrase
strollers,seat _,-15.25,2,2token,not_valid_noun
strollers,exotic,-15.25,1,single_token,not_valid_noun
strollers,ding,-15.25,1,single_token,incomplete_phrase
strollers,womens,-15.25,1,single_token,not_valid_noun
strollers,backs,-15.25,1,single_token,not_valid_noun
strollers,xi,-15.25,1,single_token,not_valid_noun
strollers,organised,-15.25,1,single_token,not_valid_noun
strollers,boutique,-15.25,1,single_token,not_valid_noun
strollers,lose,-15.25,1,single_token,not_valid_noun
strollers,explain,-15.25,1,single_token,not_valid_noun
strollers,locks,-15.25,1,single_token,not_valid_noun
strollers,french,-15.25,1,single_token,incomplete_phrase
strollers,kid ____,-15.25,2,2token,not_valid_noun
strollers,costs,-15.25,1,single_token,not_valid_noun
strollers,royal,-15.25,1,single_token,incomplete_phrase
strollers,Ed,-15.25,1,single_token,not_valid_noun
strollers,tee,-15.25,1,single_token,incomplete_phrase
strollers,Table,-15.25,1,single_token,incomplete_phrase
strollers,sour,-15.25,1,single_token,incomplete_phrase
strollers,municipal,-15.25,1,single_token,not_valid_noun
strollers,attra,-15.25,1,single_token,not_valid_noun
strollers,tel,-15.25,1,single_token,not_valid_noun
strollers,Hal,-15.25,1,single_token,incomplete_phrase
strollers,persons,-15.25,1,single_token,not_valid_noun
strollers,Para,-15.25,1,single_token,incomplete_phrase
strollers,objet,-15.25,1,single_token,not_valid_noun
strollers,inactive,-15.25,1,single_token,not_valid_noun
strollers,-(,-15.25,1,single_token,not_valid_noun
strollers,twenty,-15.25,1,single_token,incomplete_phrase
strollers,blow,-15.25,1,single_token,incomplete_phrase
strollers,wich,-15.25,1,single_token,not_valid_noun
strollers,CP,-15.25,1,single_token,not_valid_noun
strollers,&#,-15.25,1,single_token,not_valid_noun
strollers,APC,-15.25,1,single_token,not_valid_noun
strollers,giving,-15.25,1,single_token,incomplete_phrase
strollers,Big,-15.25,1,single_token,not_valid_noun
strollers,removable,-15.25,1,single_token,not_valid_noun
strollers,Carrie,-15.25,1,single_token,incomplete_phrase
strollers,arrange,-15.25,1,single_token,not_valid_noun
strollers,alle,-15.25,1,single_token,not_valid_noun
strollers,Acc,-15.25,1,single_token,not_valid_noun
strollers,help that,-15.25,2,2token,incomplete_phrase
strollers,dark,-15.25,1,single_token,incomplete_phrase
strollers,FOR,-15.25,1,single_token,not_valid_noun
strollers,bun,-15.25,1,single_token,not_valid_noun
strollers,carri (,-15.25,2,2token,not_valid_noun
strollers,Furthermore,-15.25,1,single_token,not_valid_noun
strollers,Answer,-15.25,1,single_token,not_valid_noun
strollers,......... Select,-15.25,2,2token,not_valid_noun
strollers,......... In,-15.25,2,2token,not_valid_noun
strollers,Question,-15.25,1,single_token,not_valid_noun
strollers,figures,-15.25,1,single_token,not_valid_noun
strollers,photos,-15.25,1,single_token,not_valid_noun
strollers,......... ________,-15.25,2,2token,not_valid_noun
strollers,Ca,-15.25,1,single_token,not_valid_noun
strollers,none,-15.25,1,single_token,incomplete_phrase
strollers,Tre,-15.25,1,single_token,not_valid_noun
strollers,excellent,-15.25,1,single_token,not_valid_noun
strollers,planning,-15.25,1,single_token,not_valid_noun
strollers,nursery ____,-15.25,2,2token,not_valid_noun
strollers,ornamental,-15.25,1,single_token,incomplete_phrase
strollers,lax,-15.25,1,single_token,not_valid_noun
strollers,c ....,-15.25,2,2token,not_valid_noun
strollers,Jane,-15.25,1,single_token,incomplete_phrase
strollers,rules,-15.25,1,single_token,not_valid_noun
strollers,rude,-15.25,1,single_token,not_valid_noun
strollers,pedag,-15.25,1,single_token,not_valid_noun
strollers,european,-15.25,1,single_token,incomplete_phrase
strollers,Mu,-15.25,1,single_token,not_valid_noun
strollers,Back,-15.25,1,single_token,incomplete_phrase
strollers,ave,-15.25,1,single_token,incomplete_phrase
strollers,vec,-15.25,1,single_token,not_valid_noun
strollers,.=,-15.25,1,single_token,not_valid_noun
strollers,Those,-15.25,1,single_token,not_valid_noun
strollers,THIS,-15.25,1,single_token,not_valid_noun
strollers,spor,-15.25,1,single_token,incomplete_phrase
strollers,seat _________,-15.25,2,2token,not_valid_noun
strollers,wom,-15.25,1,single_token,not_valid_noun
strollers,solar,-15.25,1,single_token,incomplete_phrase
strollers,gentle,-15.25,1,single_token,not_valid_noun
strollers,lies,-15.25,1,single_token,not_valid_noun
strollers,gest,-15.25,1,single_token,not_valid_noun
strollers,Easter,-15.25,1,single_token,incomplete_phrase
strollers,Ci,-15.25,1,single_token,not_valid_noun
strollers,doll ....,-15.25,2,2token,not_valid_noun
strollers,ebook,-15.25,1,single_token,not_valid_noun
strollers,./,-15.25,1,single_token,not_valid_noun
strollers,parce,-15.25,1,single_token,not_valid_noun
strollers,.”,-15.25,1,single_token,not_valid_noun
strollers,thin,-15.25,1,single_token,not_valid_noun
strollers,ava,-15.25,1,single_token,incomplete_phrase
strollers,scientific,-15.25,1,single_token,not_valid_noun
strollers,Playground,-15.25,1,single_token,incomplete_phrase
strollers,lifes,-15.25,1,single_token,incomplete_phrase
strollers,cares,-15.25,1,single_token,not_valid_noun
strollers,moter,-15.25,1,single_token,incomplete_phrase
strollers,juc,-15.25,1,single_token,not_valid_noun
strollers,Toy A,-15.25,2,2token,not_valid_noun
strollers,away,-15.25,1,single_token,not_valid_noun
strollers,"""...""",-15.25,1,single_token,not_valid_noun
strollers,chang,-15.25,1,single_token,incomplete_phrase
strollers,wat,-15.25,1,single_token,not_valid_noun
strollers,beca,-15.25,1,single_token,not_valid_noun
strollers,Form,-15.25,1,single_token,incomplete_phrase
strollers,$\{$,-15.25,1,single_token,not_valid_noun
strollers,Bebe,-15.25,1,single_token,not_valid_noun
strollers,loudspeaker,-15.25,1,single_token,not_valid_noun
strollers,Por,-15.25,1,single_token,not_valid_noun
strollers,backpack that,-15.28125,2,2token,incomplete_phrase
strollers,backpack and,-15.28125,2,2token,incomplete_phrase
strollers,prop The,-15.28125,2,2token,incomplete_phrase
strollers,suitcase _______,-15.28125,2,2token,not_valid_noun
strollers,_____,-15.28125,2,2token,not_valid_noun
strollers,accessories at,-15.28125,2,2token,not_valid_noun
strollers,automobile .....,-15.28125,2,2token,not_valid_noun
strollers,automobile [,-15.28125,2,2token,not_valid_noun
strollers,automobile The,-15.28125,2,2token,incomplete_phrase
strollers,cars ______,-15.28125,2,2token,not_valid_noun
strollers,cars Fill,-15.28125,2,2token,not_valid_noun
strollers,cars _,-15.28125,2,2token,not_valid_noun
strollers,cars /,-15.28125,2,2token,not_valid_noun
strollers,cars The,-15.28125,2,2token,incomplete_phrase
strollers,cars A,-15.28125,2,2token,not_valid_noun
strollers,cars,-15.28125,2,2token,not_valid_noun
strollers,clothing ____,-15.28125,2,2token,not_valid_noun
strollers,clothing on,-15.28125,2,2token,not_valid_noun
strollers,bags filled,-15.28125,2,2token,not_valid_noun
strollers,bags _,-15.28125,2,2token,not_valid_noun
strollers,kind ____,-15.28125,2,2token,not_valid_noun
strollers,<,-15.28125,2,2token,not_valid_noun
strollers,<,-15.28125,2,2token,not_valid_noun
strollers,< Select,-15.28125,2,2token,not_valid_noun
strollers,baggage ________,-15.28125,2,2token,not_valid_noun
strollers,baggage in,-15.28125,2,2token,not_valid_noun
strollers,appliance _______,-15.28125,2,2token,not_valid_noun
strollers,prop _______,-15.28125,2,2token,not_valid_noun
strollers,device ____,-15.28125,2,2token,not_valid_noun
strollers,device called,-15.28125,2,2token,incomplete_phrase
strollers,kind ________,-15.28125,2,2token,not_valid_noun
strollers,object _.,-15.28125,2,2token,not_valid_noun
strollers,fruit complete,-15.28125,2,2token,not_valid_noun
strollers,fruit or,-15.28125,2,2token,not_valid_noun
strollers,fruit in,-15.28125,2,2token,not_valid_noun
strollers,luggage Item,-15.28125,2,2token,incomplete_phrase
strollers,luggage :,-15.28125,2,2token,not_valid_noun
strollers,game to,-15.28125,2,2token,not_valid_noun
strollers,pull …,-15.28125,2,2token,not_valid_noun
strollers,pull ?,-15.28125,2,2token,not_valid_noun
strollers,umbrella _____,-15.28125,2,2token,not_valid_noun
strollers,umbrella Read,-15.28125,2,2token,not_valid_noun
strollers,carts _____,-15.28125,2,2token,not_valid_noun
strollers,carts -,-15.28125,2,2token,not_valid_noun
strollers,carts of,-15.28125,2,2token,not_valid_noun
strollers,item one,-15.28125,2,2token,incomplete_phrase
strollers,item meant,-15.28125,2,2token,incomplete_phrase
strollers,automobile A,-15.28125,2,2token,not_valid_noun
strollers,things ______,-15.28125,2,2token,not_valid_noun
strollers,things ____,-15.28125,2,2token,not_valid_noun
strollers,item I,-15.28125,2,2token,not_valid_noun
strollers,item A,-15.28125,2,2token,not_valid_noun
strollers,umbrella by,-15.28125,2,2token,not_valid_noun
strollers,bags ______,-15.28125,2,2token,not_valid_noun
strollers,something with,-15.28125,2,2token,incomplete_phrase
strollers,something on,-15.28125,2,2token,not_valid_noun
strollers,item usually,-15.28125,2,2token,incomplete_phrase
strollers,item necessary,-15.28125,2,2token,incomplete_phrase
strollers,n _______,-15.28125,2,2token,not_valid_noun
strollers,n article,-15.28125,2,2token,not_valid_noun
strollers,item _______,-15.28125,2,2token,not_valid_noun
strollers,item _____,-15.28125,2,2token,not_valid_noun
strollers,things are,-15.28125,2,2token,incomplete_phrase
strollers,things st,-15.28125,2,2token,not_valid_noun
strollers,things and,-15.28125,2,2token,incomplete_phrase
strollers,thing from,-15.28125,2,2token,incomplete_phrase
strollers,luggage you,-15.28125,2,2token,incomplete_phrase
strollers,something or,-15.28125,2,2token,not_valid_noun
strollers,wagon Full,-15.28125,2,2token,incomplete_phrase
strollers,vehicles designed,-15.28125,2,2token,incomplete_phrase
strollers,vehicles A,-15.28125,2,2token,not_valid_noun
strollers,Pram Which,-15.28125,2,2token,incomplete_phrase
strollers,prop with,-15.28125,2,2token,incomplete_phrase
strollers,carriages of,-15.28125,2,2token,not_valid_noun
strollers,accessories needed,-15.28125,2,2token,incomplete_phrase
strollers,accessories complete,-15.28125,2,2token,not_valid_noun
strollers,accessories which,-15.28125,2,2token,incomplete_phrase
strollers,prop ____,-15.28125,2,2token,not_valid_noun
strollers,musical .,-15.28125,2,2token,not_valid_noun
strollers,Cha,-15.3125,1,single_token,incomplete_phrase
strollers,cou,-15.3125,1,single_token,not_valid_noun
strollers,thi,-15.3125,1,single_token,not_valid_noun
strollers,с,-15.3125,1,single_token,not_valid_noun
strollers,had,-15.3125,1,single_token,not_valid_noun
strollers,@,-15.3125,1,single_token,not_valid_noun
strollers,vis,-15.3125,1,single_token,incomplete_phrase
strollers,Hew,-15.3125,1,single_token,incomplete_phrase
strollers,WALK,-15.3125,1,single_token,incomplete_phrase
strollers,youre,-15.3125,1,single_token,not_valid_noun
strollers,appa,-15.3125,1,single_token,not_valid_noun
strollers,limiting,-15.3125,1,single_token,incomplete_phrase
strollers,ingredient,-15.3125,1,single_token,not_valid_noun
strollers,incomplete,-15.3125,1,single_token,not_valid_noun
strollers,▸,-15.3125,1,single_token,not_valid_noun
strollers,offroad,-15.3125,1,single_token,incomplete_phrase
strollers,((((,-15.3125,1,single_token,not_valid_noun
strollers,$/$,-15.3125,1,single_token,not_valid_noun
strollers,baga,-15.3125,1,single_token,incomplete_phrase
strollers,mer,-15.3125,1,single_token,incomplete_phrase
strollers,........... is,-15.3125,2,2token,not_valid_noun
strollers,Did,-15.3125,1,single_token,not_valid_noun
strollers,weak,-15.3125,1,single_token,not_valid_noun
strollers,shared,-15.3125,1,single_token,not_valid_noun
strollers,scen,-15.3125,1,single_token,not_valid_noun
strollers,industrial,-15.3125,1,single_token,not_valid_noun
strollers,Last,-15.3125,1,single_token,incomplete_phrase
strollers,alter,-15.3125,1,single_token,not_valid_noun
strollers,Case,-15.3125,1,single_token,incomplete_phrase
strollers,pom,-15.3125,1,single_token,incomplete_phrase
strollers,nar,-15.3125,1,single_token,incomplete_phrase
strollers,Both,-15.3125,1,single_token,not_valid_noun
strollers,keeping,-15.3125,1,single_token,incomplete_phrase
strollers,signs,-15.3125,1,single_token,not_valid_noun
strollers,Sk,-15.3125,1,single_token,not_valid_noun
strollers,ven,-15.3125,1,single_token,not_valid_noun
strollers,mut,-15.3125,1,single_token,not_valid_noun
strollers,rom,-15.3125,1,single_token,not_valid_noun
strollers,compar,-15.3125,1,single_token,not_valid_noun
strollers,coat of,-15.3125,2,2token,not_valid_noun
strollers,retractable,-15.3125,1,single_token,not_valid_noun
strollers,dummies,-15.3125,1,single_token,not_valid_noun
strollers,academic,-15.3125,1,single_token,incomplete_phrase
strollers,besides,-15.3125,1,single_token,not_valid_noun
strollers,assemble,-15.3125,1,single_token,not_valid_noun
strollers,....... Please,-15.3125,2,2token,not_valid_noun
strollers,....... cars,-15.3125,2,2token,not_valid_noun
strollers,lasts,-15.3125,1,single_token,not_valid_noun
strollers,Bé,-15.3125,1,single_token,not_valid_noun
strollers,SI,-15.3125,1,single_token,not_valid_noun
strollers,esse,-15.3125,1,single_token,not_valid_noun
strollers,write,-15.3125,1,single_token,not_valid_noun
strollers,ç,-15.3125,1,single_token,not_valid_noun
strollers,Mam,-15.3125,1,single_token,incomplete_phrase
strollers,CY,-15.3125,1,single_token,not_valid_noun
strollers,nim,-15.3125,1,single_token,incomplete_phrase
strollers,saco,-15.3125,1,single_token,incomplete_phrase
strollers,Sheila,-15.3125,1,single_token,incomplete_phrase
strollers,inflatable,-15.3125,1,single_token,not_valid_noun
strollers,MyApp,-15.3125,1,single_token,not_valid_noun
strollers,sind,-15.3125,1,single_token,incomplete_phrase
strollers,san,-15.3125,1,single_token,incomplete_phrase
strollers,nav,-15.3125,1,single_token,not_valid_noun
strollers,product you,-15.3125,2,2token,incomplete_phrase
strollers,product ....,-15.3125,2,2token,not_valid_noun
strollers,attached,-15.3125,1,single_token,not_valid_noun
strollers,Best,-15.3125,1,single_token,incomplete_phrase
strollers,plans,-15.3125,1,single_token,not_valid_noun
strollers,ei,-15.3125,1,single_token,not_valid_noun
strollers,allows,-15.3125,1,single_token,not_valid_noun
strollers,vertical,-15.3125,1,single_token,incomplete_phrase
strollers,Games,-15.3125,1,single_token,not_valid_noun
strollers,apro,-15.3125,1,single_token,not_valid_noun
strollers,eco,-15.3125,1,single_token,not_valid_noun
strollers,attach,-15.3125,1,single_token,not_valid_noun
strollers,Australian,-15.3125,1,single_token,incomplete_phrase
strollers,walked,-15.3125,1,single_token,not_valid_noun
strollers,people carrying,-15.3125,2,2token,incomplete_phrase
strollers,gadget complete,-15.3125,2,2token,not_valid_noun
strollers,ao,-15.3125,1,single_token,not_valid_noun
strollers,ker,-15.3125,1,single_token,incomplete_phrase
strollers,guns,-15.3125,1,single_token,not_valid_noun
strollers,pleasant,-15.3125,1,single_token,not_valid_noun
strollers,wireless,-15.3125,1,single_token,incomplete_phrase
strollers,conventional,-15.3125,1,single_token,not_valid_noun
strollers,elegant,-15.3125,1,single_token,not_valid_noun
strollers,Types,-15.3125,1,single_token,not_valid_noun
strollers,Fall,-15.3125,1,single_token,incomplete_phrase
strollers,cages,-15.3125,1,single_token,not_valid_noun
strollers,manage,-15.3125,1,single_token,not_valid_noun
strollers,holds,-15.3125,1,single_token,not_valid_noun
strollers,eggs,-15.3125,1,single_token,not_valid_noun
strollers,visible,-15.3125,1,single_token,not_valid_noun
strollers,barbe,-15.3125,1,single_token,incomplete_phrase
strollers,$(\,-15.3125,1,single_token,not_valid_noun
strollers,Available,-15.3125,1,single_token,not_valid_noun
strollers,bé,-15.3125,1,single_token,not_valid_noun
strollers,rol,-15.3125,1,single_token,not_valid_noun
strollers,Ye,-15.3125,1,single_token,not_valid_noun
strollers,applic,-15.3125,1,single_token,not_valid_noun
strollers,ladies,-15.3125,1,single_token,incomplete_phrase
strollers,hamp,-15.3125,1,single_token,not_valid_noun
strollers,Ost,-15.3125,1,single_token,not_valid_noun
strollers,........... are,-15.3125,2,2token,not_valid_noun
strollers,PASS,-15.3125,1,single_token,incomplete_phrase
strollers,Kinds,-15.3125,1,single_token,not_valid_noun
strollers,Convey,-15.3125,1,single_token,not_valid_noun
strollers,entrain,-15.3125,1,single_token,not_valid_noun
strollers,tum,-15.3125,1,single_token,incomplete_phrase
strollers,Source,-15.3125,1,single_token,incomplete_phrase
strollers,embar,-15.3125,1,single_token,incomplete_phrase
strollers,plants,-15.3125,1,single_token,not_valid_noun
strollers,replace,-15.3125,1,single_token,not_valid_noun
strollers,Make,-15.3125,1,single_token,incomplete_phrase
strollers,Mass,-15.3125,1,single_token,incomplete_phrase
strollers,DO,-15.3125,1,single_token,not_valid_noun
strollers,growing,-15.3125,1,single_token,incomplete_phrase
strollers,Int,-15.3125,1,single_token,not_valid_noun
strollers,educ,-15.3125,1,single_token,not_valid_noun
strollers,seen,-15.3125,1,single_token,not_valid_noun
strollers,||,-15.3125,1,single_token,not_valid_noun
strollers,Ha,-15.3125,1,single_token,not_valid_noun
strollers,bud,-15.3125,1,single_token,incomplete_phrase
strollers,mistakes,-15.3125,1,single_token,not_valid_noun
strollers,activity at,-15.3125,2,2token,not_valid_noun
strollers,activity _,-15.3125,2,2token,not_valid_noun
strollers,activity __,-15.3125,2,2token,not_valid_noun
strollers,poles,-15.3125,1,single_token,not_valid_noun
strollers,woven,-15.3125,1,single_token,not_valid_noun
strollers,browsing,-15.3125,1,single_token,incomplete_phrase
strollers,companions,-15.3125,1,single_token,not_valid_noun
strollers,vog,-15.3125,1,single_token,not_valid_noun
strollers,cbd,-15.3125,1,single_token,not_valid_noun
strollers,.),-15.3125,1,single_token,not_valid_noun
strollers,,-15.3125,1,single_token,not_valid_noun
strollers,....... and,-15.3125,2,2token,not_valid_noun
strollers,....... This,-15.3125,2,2token,not_valid_noun
strollers,....... You,-15.3125,2,2token,not_valid_noun
strollers,....... For,-15.3125,2,2token,not_valid_noun
strollers,....... _,-15.3125,2,2token,not_valid_noun
strollers,....... There,-15.3125,2,2token,not_valid_noun
strollers,assisted,-15.3125,1,single_token,not_valid_noun
strollers,Purpose,-15.3125,1,single_token,incomplete_phrase
strollers,store at,-15.3125,2,2token,not_valid_noun
strollers,meto,-15.3125,1,single_token,not_valid_noun
strollers,specially,-15.3125,1,single_token,not_valid_noun
strollers,tricks,-15.3125,1,single_token,not_valid_noun
strollers,❤️,-15.3125,1,single_token,not_valid_noun
strollers,shes,-15.3125,1,single_token,not_valid_noun
strollers,restroom,-15.3125,1,single_token,not_valid_noun
strollers,Essential,-15.3125,1,single_token,incomplete_phrase
strollers,travelled,-15.3125,1,single_token,not_valid_noun
strollers,HELP,-15.3125,1,single_token,incomplete_phrase
strollers,../,-15.3125,1,single_token,not_valid_noun
strollers,HAND,-15.3125,1,single_token,incomplete_phrase
strollers,pf,-15.3125,1,single_token,not_valid_noun
strollers,LARGE,-15.3125,1,single_token,incomplete_phrase
strollers,ramps,-15.3125,1,single_token,not_valid_noun
strollers,unfolded,-15.3125,1,single_token,not_valid_noun
strollers,MEC,-15.3125,1,single_token,not_valid_noun
strollers,chanel,-15.3125,1,single_token,not_valid_noun
strollers,coat or,-15.3125,2,2token,not_valid_noun
strollers,hir,-15.3125,1,single_token,not_valid_noun
strollers,locom,-15.3125,1,single_token,not_valid_noun
strollers,➢,-15.3125,1,single_token,not_valid_noun
strollers,AN,-15.3125,1,single_token,not_valid_noun
strollers,spe,-15.3125,1,single_token,not_valid_noun
strollers,Household,-15.3125,1,single_token,incomplete_phrase
strollers,basket ______,-15.3125,2,2token,not_valid_noun
strollers,gor,-15.3125,1,single_token,incomplete_phrase
strollers,socks,-15.3125,1,single_token,not_valid_noun
strollers,furnished,-15.3125,1,single_token,not_valid_noun
strollers,バッグ,-15.3125,1,single_token,not_valid_noun
strollers,peoples,-15.3125,1,single_token,not_valid_noun
strollers,IN,-15.3125,1,single_token,not_valid_noun
strollers,next,-15.3125,1,single_token,not_valid_noun
strollers,Umb,-15.3125,1,single_token,not_valid_noun
strollers,►,-15.3125,1,single_token,not_valid_noun
strollers,become,-15.3125,1,single_token,not_valid_noun
strollers,Let,-15.3125,1,single_token,incomplete_phrase
strollers,website,-15.3125,1,single_token,not_valid_noun
strollers,Pan,-15.3125,1,single_token,incomplete_phrase
strollers,cam,-15.3125,1,single_token,incomplete_phrase
strollers,grow,-15.3125,1,single_token,not_valid_noun
strollers,Modes,-15.3125,1,single_token,not_valid_noun
strollers,elet,-15.3125,1,single_token,not_valid_noun
strollers,phon,-15.3125,1,single_token,incomplete_phrase
strollers,Traveling,-15.3125,1,single_token,incomplete_phrase
strollers,ies,-15.3125,1,single_token,not_valid_noun
strollers,,-15.3125,1,single_token,not_valid_noun
strollers,tiring,-15.3125,1,single_token,not_valid_noun
strollers,roller blad,-15.34375,2,2token,incomplete_phrase
strollers,ride with,-15.34375,2,2token,not_valid_noun
strollers,ride the,-15.34375,2,2token,incomplete_phrase
strollers,bottle and,-15.34375,2,2token,incomplete_phrase
strollers,roller ____________,-15.34375,2,2token,not_valid_noun
strollers,used ____,-15.34375,2,2token,not_valid_noun
strollers,used ...,-15.34375,2,2token,not_valid_noun
strollers,scooter complete,-15.34375,2,2token,not_valid_noun
strollers,scooter that,-15.34375,2,2token,incomplete_phrase
strollers,tools ...,-15.34375,2,2token,not_valid_noun
strollers,tools _______,-15.34375,2,2token,not_valid_noun
strollers,carrier on,-15.34375,2,2token,not_valid_noun
strollers,carrier Full,-15.34375,2,2token,incomplete_phrase
strollers,pull ___,-15.34375,2,2token,not_valid_noun
strollers,school equi,-15.34375,2,2token,incomplete_phrase
strollers,pull and,-15.34375,2,2token,not_valid_noun
strollers,type …,-15.34375,2,2token,not_valid_noun
strollers,type the,-15.34375,2,2token,incomplete_phrase
strollers,machine ____,-15.34375,2,2token,not_valid_noun
strollers,babys _______,-15.34375,2,2token,not_valid_noun
strollers,bus ...,-15.34375,2,2token,not_valid_noun
strollers,machine _,-15.34375,2,2token,not_valid_noun
strollers,pull type,-15.34375,2,2token,incomplete_phrase
strollers,train ...,-15.34375,2,2token,not_valid_noun
strollers,n i,-15.34375,2,2token,not_valid_noun
strollers,prop a,-15.34375,2,2token,not_valid_noun
strollers,prop _.,-15.34375,2,2token,not_valid_noun
strollers,shops and,-15.34375,2,2token,incomplete_phrase
strollers,type _____,-15.34375,2,2token,not_valid_noun
strollers,are is,-15.34375,2,2token,not_valid_noun
strollers,shop _______,-15.34375,2,2token,not_valid_noun
strollers,shop and,-15.34375,2,2token,incomplete_phrase
strollers,means fo,-15.34375,2,2token,not_valid_noun
strollers,accessory are,-15.34375,2,2token,incomplete_phrase
strollers,shop -,-15.34375,2,2token,not_valid_noun
strollers,article ....,-15.34375,2,2token,not_valid_noun
strollers,__ vehicle,-15.34375,2,2token,not_valid_noun
strollers,__ bike,-15.34375,2,2token,not_valid_noun
strollers,shop Item,-15.34375,2,2token,incomplete_phrase
strollers,container a,-15.34375,2,2token,not_valid_noun
strollers,container [,-15.34375,2,2token,not_valid_noun
strollers,container complete,-15.34375,2,2token,not_valid_noun
strollers,shop _,-15.34375,2,2token,not_valid_noun
strollers,house -,-15.34375,2,2token,not_valid_noun
strollers,__ car,-15.34375,2,2token,not_valid_noun
strollers,house of,-15.34375,2,2token,not_valid_noun
strollers,is on,-15.34375,2,2token,not_valid_noun
strollers,is are,-15.34375,2,2token,not_valid_noun
strollers,means getting,-15.34375,2,2token,incomplete_phrase
strollers,shop /,-15.34375,2,2token,not_valid_noun
strollers,clothes of,-15.34375,2,2token,not_valid_noun
strollers,………… ……,-15.34375,2,2token,not_valid_noun
strollers,………… food,-15.34375,2,2token,not_valid_noun
strollers,wheelchair ____,-15.34375,2,2token,not_valid_noun
strollers,are in,-15.34375,2,2token,not_valid_noun
strollers,article /,-15.34375,2,2token,not_valid_noun
strollers,clothes …,-15.34375,2,2token,not_valid_noun
strollers,shop you,-15.34375,2,2token,incomplete_phrase
strollers,shop is,-15.34375,2,2token,not_valid_noun
strollers,shop ....,-15.34375,2,2token,not_valid_noun
strollers,cof,-15.375,1,single_token,incomplete_phrase
strollers,scenic,-15.375,1,single_token,not_valid_noun
strollers,ln,-15.375,1,single_token,not_valid_noun
strollers,fris,-15.375,1,single_token,not_valid_noun
strollers,$^{,-15.375,1,single_token,not_valid_noun
strollers,ball in,-15.375,2,2token,not_valid_noun
strollers,kid ________,-15.375,2,2token,not_valid_noun
strollers,ball used,-15.375,2,2token,incomplete_phrase
strollers,......... of,-15.375,2,2token,not_valid_noun
strollers,BMW,-15.375,1,single_token,not_valid_noun
strollers,produced,-15.375,1,single_token,not_valid_noun
strollers,numbers,-15.375,1,single_token,not_valid_noun
strollers,metallic,-15.375,1,single_token,incomplete_phrase
strollers,bumps,-15.375,1,single_token,not_valid_noun
strollers,Fancy,-15.375,1,single_token,incomplete_phrase
strollers,Sw,-15.375,1,single_token,not_valid_noun
strollers,wants,-15.375,1,single_token,not_valid_noun
strollers,fair,-15.375,1,single_token,incomplete_phrase
strollers,restrain,-15.375,1,single_token,not_valid_noun
strollers,shelters,-15.375,1,single_token,not_valid_noun
strollers,Lou,-15.375,1,single_token,incomplete_phrase
strollers,toolkit,-15.375,1,single_token,not_valid_noun
strollers,borse,-15.375,1,single_token,not_valid_noun
strollers,civilian,-15.375,1,single_token,incomplete_phrase
strollers,UC,-15.375,1,single_token,not_valid_noun
strollers,vag,-15.375,1,single_token,not_valid_noun
strollers,Walt,-15.375,1,single_token,incomplete_phrase
strollers,sui,-15.375,1,single_token,not_valid_noun
strollers,supermarket ________,-15.375,2,2token,not_valid_noun
strollers,greeting,-15.375,1,single_token,incomplete_phrase
strollers,cac,-15.375,1,single_token,not_valid_noun
strollers,Â,-15.375,1,single_token,not_valid_noun
strollers,():,-15.375,1,single_token,not_valid_noun
strollers,EV,-15.375,1,single_token,not_valid_noun
strollers,mos,-15.375,1,single_token,not_valid_noun
strollers,Daily,-15.375,1,single_token,incomplete_phrase
strollers,precautions,-15.375,1,single_token,not_valid_noun
strollers,structures,-15.375,1,single_token,not_valid_noun
strollers,sar,-15.375,1,single_token,incomplete_phrase
strollers,dri,-15.375,1,single_token,not_valid_noun
strollers,did,-15.375,1,single_token,not_valid_noun
strollers,licence,-15.375,1,single_token,not_valid_noun
strollers,mono,-15.375,1,single_token,incomplete_phrase
strollers,ward,-15.375,1,single_token,incomplete_phrase
strollers,[,-15.375,2,2token,not_valid_noun
strollers,mature,-15.375,1,single_token,not_valid_noun
strollers,abandoned,-15.375,1,single_token,not_valid_noun
strollers,Daisy,-15.375,1,single_token,incomplete_phrase
strollers,"[""",-15.375,1,single_token,not_valid_noun
strollers,Pur,-15.375,1,single_token,incomplete_phrase
strollers,Past,-15.375,1,single_token,incomplete_phrase
strollers,responsible,-15.375,1,single_token,not_valid_noun
strollers,Fris,-15.375,1,single_token,not_valid_noun
strollers,gen,-15.375,1,single_token,incomplete_phrase
strollers,oversize,-15.375,1,single_token,not_valid_noun
strollers,colored,-15.375,1,single_token,incomplete_phrase
strollers,slings,-15.375,1,single_token,not_valid_noun
strollers,Pe,-15.375,1,single_token,not_valid_noun
strollers,shi,-15.375,1,single_token,incomplete_phrase
strollers,doll with,-15.375,2,2token,incomplete_phrase
strollers,hal,-15.375,1,single_token,incomplete_phrase
strollers,Kid,-15.375,1,single_token,not_valid_noun
strollers,nursery _______,-15.375,2,2token,not_valid_noun
strollers,seat is,-15.375,2,2token,not_valid_noun
strollers,carrinho,-15.375,1,single_token,not_valid_noun
strollers,late,-15.375,1,single_token,not_valid_noun
strollers,jacks,-15.375,1,single_token,not_valid_noun
strollers,canes,-15.375,1,single_token,not_valid_noun
strollers,=[,-15.375,1,single_token,not_valid_noun
strollers,seat at,-15.375,2,2token,not_valid_noun
strollers,seat …,-15.375,2,2token,not_valid_noun
strollers,cosa,-15.375,1,single_token,not_valid_noun
strollers,tic,-15.375,1,single_token,incomplete_phrase
strollers,verbs,-15.375,1,single_token,not_valid_noun
strollers,GO,-15.375,1,single_token,not_valid_noun
strollers,mountains,-15.375,1,single_token,not_valid_noun
strollers,instr,-15.375,1,single_token,not_valid_noun
strollers,trends,-15.375,1,single_token,not_valid_noun
strollers,baggage on,-15.40625,2,2token,not_valid_noun
strollers,baggage to,-15.40625,2,2token,not_valid_noun
strollers,clothing is,-15.40625,2,2token,not_valid_noun
strollers,whe …,-15.40625,2,2token,not_valid_noun
strollers,cars :,-15.40625,2,2token,not_valid_noun
strollers,tricycle ...,-15.40625,2,2token,not_valid_noun
strollers,< /,-15.40625,2,2token,not_valid_noun
strollers,umbrella which,-15.40625,2,2token,incomplete_phrase
strollers,tricycle and,-15.40625,2,2token,incomplete_phrase
strollers,babys It,-15.40625,2,2token,not_valid_noun
strollers,babys -,-15.40625,2,2token,not_valid_noun
strollers,baggage trol,-15.40625,2,2token,incomplete_phrase
strollers,baggage ____,-15.40625,2,2token,not_valid_noun
strollers,cars _____,-15.40625,2,2token,not_valid_noun
strollers,wagon .....,-15.40625,2,2token,not_valid_noun
strollers,umbrella COMPLETE,-15.40625,2,2token,not_valid_noun
strollers,vehicles Fill,-15.40625,2,2token,not_valid_noun
strollers,item is,-15.40625,2,2token,not_valid_noun
strollers,item Read,-15.40625,2,2token,not_valid_noun
strollers,vehicles /,-15.40625,2,2token,not_valid_noun
strollers,vehicles you,-15.40625,2,2token,incomplete_phrase
strollers,wagon A,-15.40625,2,2token,not_valid_noun
strollers,umbrella .....,-15.40625,2,2token,not_valid_noun
strollers,type _,-15.40625,2,2token,not_valid_noun
strollers,boat complete,-15.40625,2,2token,not_valid_noun
strollers,appliance and,-15.40625,2,2token,incomplete_phrase
strollers,st (,-15.40625,2,2token,not_valid_noun
strollers,accessories you,-15.40625,2,2token,incomplete_phrase
strollers,object A,-15.40625,2,2token,not_valid_noun
strollers,_________,-15.40625,2,2token,not_valid_noun
strollers,item ....,-15.40625,2,2token,not_valid_noun
strollers,item suitable,-15.40625,2,2token,incomplete_phrase
strollers,object the,-15.40625,2,2token,incomplete_phrase
strollers,carriages /,-15.40625,2,2token,not_valid_noun
strollers,carriages -,-15.40625,2,2token,not_valid_noun
strollers,object like,-15.40625,2,2token,incomplete_phrase
strollers,item the,-15.40625,2,2token,incomplete_phrase
strollers,wagon …,-15.40625,2,2token,not_valid_noun
strollers,things Read,-15.40625,2,2token,not_valid_noun
strollers,device _____,-15.40625,2,2token,not_valid_noun
strollers,device children,-15.40625,2,2token,incomplete_phrase
strollers,wagon by,-15.40625,2,2token,not_valid_noun
strollers,wagon called,-15.40625,2,2token,incomplete_phrase
strollers,Pram in,-15.40625,2,2token,not_valid_noun
strollers,wagon are,-15.40625,2,2token,incomplete_phrase
strollers,luggage .....,-15.40625,2,2token,not_valid_noun
strollers,device by,-15.40625,2,2token,not_valid_noun
strollers,bike ___________,-15.40625,2,2token,not_valid_noun
strollers,bike a,-15.40625,2,2token,not_valid_noun
strollers,whe (,-15.40625,2,2token,not_valid_noun
strollers,game ________,-15.40625,2,2token,not_valid_noun
strollers,musical,-15.40625,2,2token,incomplete_phrase
strollers,gadget you,-15.40625,2,2token,incomplete_phrase
strollers,clothing _______,-15.40625,2,2token,not_valid_noun
strollers,clothing Read,-15.40625,2,2token,not_valid_noun
strollers,cars cars,-15.40625,2,2token,not_valid_noun
strollers,cars Read,-15.40625,2,2token,not_valid_noun
strollers,basket which,-15.4375,2,2token,incomplete_phrase
strollers,basket made,-15.4375,2,2token,incomplete_phrase
strollers,basket ....,-15.4375,2,2token,not_valid_noun
strollers,store _,-15.4375,2,2token,not_valid_noun
strollers,store _______,-15.4375,2,2token,not_valid_noun
strollers,people on,-15.4375,2,2token,not_valid_noun
strollers,c The,-15.4375,2,2token,not_valid_noun
strollers,carri are,-15.4375,2,2token,incomplete_phrase
strollers,........... _,-15.4375,2,2token,not_valid_noun
strollers,........... and,-15.4375,2,2token,not_valid_noun
strollers,safety equip,-15.4375,2,2token,incomplete_phrase
strollers,basket and,-15.4375,2,2token,incomplete_phrase
strollers,....... :,-15.4375,2,2token,not_valid_noun
strollers,....... We,-15.4375,2,2token,not_valid_noun
strollers,....... ..,-15.4375,2,2token,not_valid_noun
strollers,....... Make,-15.4375,2,2token,not_valid_noun
strollers,c are,-15.4375,2,2token,not_valid_noun
strollers,........... Answer,-15.4375,2,2token,not_valid_noun
strollers,c What,-15.4375,2,2token,not_valid_noun
strollers,c Baby,-15.4375,2,2token,not_valid_noun
strollers,activity -,-15.4375,2,2token,not_valid_noun
strollers,activity _.,-15.4375,2,2token,not_valid_noun
strollers,product from,-15.4375,2,2token,incomplete_phrase
strollers,product we,-15.4375,2,2token,not_valid_noun
strollers,....... the,-15.4375,2,2token,not_valid_noun
strollers,walker complete,-15.4375,2,2token,not_valid_noun
strollers,basket _____,-15.4375,2,2token,not_valid_noun
strollers,basket _______,-15.4375,2,2token,not_valid_noun
strollers,........... cars,-15.4375,2,2token,not_valid_noun
strollers,........... ..,-15.4375,2,2token,not_valid_noun
strollers,instrument and,-15.46875,2,2token,incomplete_phrase
strollers,means ____,-15.46875,2,2token,not_valid_noun
strollers,is buggy,-15.46875,2,2token,not_valid_noun
strollers,conveyance or,-15.46875,2,2token,not_valid_noun
strollers,used shopping,-15.46875,2,2token,incomplete_phrase
strollers,accessory :,-15.46875,2,2token,not_valid_noun
strollers,this -,-15.46875,2,2token,not_valid_noun
strollers,this _______,-15.46875,2,2token,not_valid_noun
strollers,prop _,-15.46875,2,2token,not_valid_noun
strollers,prop Find,-15.46875,2,2token,incomplete_phrase
strollers,house are,-15.46875,2,2token,incomplete_phrase
strollers,instrument on,-15.46875,2,2token,not_valid_noun
strollers,instrument called,-15.46875,2,2token,incomplete_phrase
strollers,container _,-15.46875,2,2token,not_valid_noun
strollers,book that,-15.46875,2,2token,incomplete_phrase
strollers,book Read,-15.46875,2,2token,not_valid_noun
strollers,n The,-15.46875,2,2token,not_valid_noun
strollers,food Read,-15.46875,2,2token,not_valid_noun
strollers,type is,-15.46875,2,2token,not_valid_noun
strollers,container A,-15.46875,2,2token,not_valid_noun
strollers,bus Stop,-15.46875,2,2token,incomplete_phrase
strollers,train or,-15.46875,2,2token,not_valid_noun
strollers,type to,-15.46875,2,2token,not_valid_noun
strollers,are these,-15.46875,2,2token,not_valid_noun
strollers,are some,-15.46875,2,2token,not_valid_noun
strollers,wheelchair is,-15.46875,2,2token,not_valid_noun
strollers,prop Continue,-15.46875,2,2token,not_valid_noun
strollers,are baby,-15.46875,2,2token,not_valid_noun
strollers,are cars,-15.46875,2,2token,not_valid_noun
strollers,are wheeled,-15.46875,2,2token,not_valid_noun
strollers,this are,-15.46875,2,2token,incomplete_phrase
strollers,this and,-15.46875,2,2token,incomplete_phrase
strollers,house ....,-15.46875,2,2token,not_valid_noun
strollers,< span,-15.46875,2,2token,not_valid_noun
strollers,carrier _.,-15.46875,2,2token,not_valid_noun
strollers,is and,-15.46875,2,2token,not_valid_noun
strollers,is equipment,-15.46875,2,2token,not_valid_noun
strollers,is useful,-15.46875,2,2token,not_valid_noun
strollers,used around,-15.46875,2,2token,not_valid_noun
strollers,pra __,-15.46875,2,2token,not_valid_noun
strollers,is suitable,-15.46875,2,2token,not_valid_noun
strollers,shoe (,-15.46875,2,2token,not_valid_noun
strollers,roller -,-15.46875,2,2token,not_valid_noun
strollers,bottle ...,-15.46875,2,2token,not_valid_noun
strollers,whe are,-15.46875,2,2token,incomplete_phrase
strollers,accessory during,-15.46875,2,2token,incomplete_phrase
strollers,nursery and,-15.5,2,2token,incomplete_phrase
strollers,global,-15.5,1,single_token,not_valid_noun
strollers,General,-15.5,1,single_token,incomplete_phrase
strollers,Ber,-15.5,1,single_token,incomplete_phrase
strollers,later,-15.5,1,single_token,not_valid_noun
strollers,doesn,-15.5,1,single_token,not_valid_noun
strollers,»,-15.5,1,single_token,not_valid_noun
strollers,c har,-15.5,2,2token,not_valid_noun
strollers,принадле,-15.5,1,single_token,not_valid_noun
strollers,[ ...,-15.5,2,2token,not_valid_noun
strollers,[ a,-15.5,2,2token,not_valid_noun
strollers,Toy -,-15.5,2,2token,not_valid_noun
strollers,typ,-15.5,1,single_token,not_valid_noun
strollers,c o,-15.5,2,2token,not_valid_noun
strollers,Toy and,-15.5,2,2token,incomplete_phrase
strollers,portables,-15.5,1,single_token,not_valid_noun
strollers,Toy :,-15.5,2,2token,not_valid_noun
strollers,Toy ....,-15.5,2,2token,not_valid_noun
strollers,zabaw,-15.5,1,single_token,not_valid_noun
strollers,restraining,-15.5,1,single_token,not_valid_noun
strollers,possessed,-15.5,1,single_token,not_valid_noun
strollers,pary,-15.5,1,single_token,not_valid_noun
strollers,pasta,-15.5,1,single_token,not_valid_noun
strollers,australian,-15.5,1,single_token,incomplete_phrase
strollers,amusements,-15.5,1,single_token,not_valid_noun
strollers,nuts,-15.5,1,single_token,not_valid_noun
strollers,collective,-15.5,1,single_token,incomplete_phrase
strollers,Popular,-15.5,1,single_token,not_valid_noun
strollers,elementary,-15.5,1,single_token,incomplete_phrase
strollers,variation,-15.5,1,single_token,incomplete_phrase
strollers,Birthday,-15.5,1,single_token,incomplete_phrase
strollers,got,-15.5,1,single_token,not_valid_noun
strollers,gio,-15.5,1,single_token,incomplete_phrase
strollers,vesti,-15.5,1,single_token,not_valid_noun
strollers,create,-15.5,1,single_token,not_valid_noun
strollers,May,-15.5,1,single_token,incomplete_phrase
strollers,Ad,-15.5,1,single_token,not_valid_noun
strollers,cas,-15.5,1,single_token,not_valid_noun
strollers,......... ....,-15.5,2,2token,not_valid_noun
strollers,help me,-15.5,2,2token,not_valid_noun
strollers,help us,-15.5,2,2token,not_valid_noun
strollers,help people,-15.5,2,2token,incomplete_phrase
strollers,help while,-15.5,2,2token,incomplete_phrase
strollers,......... are,-15.5,2,2token,not_valid_noun
strollers,......... Use,-15.5,2,2token,not_valid_noun
strollers,......... fruit,-15.5,2,2token,not_valid_noun
strollers,cip,-15.5,1,single_token,not_valid_noun
strollers,=),-15.5,1,single_token,not_valid_noun
strollers,raised,-15.5,1,single_token,not_valid_noun
strollers,assistants,-15.5,1,single_token,not_valid_noun
strollers,Lim,-15.5,1,single_token,incomplete_phrase
strollers,Ir,-15.5,1,single_token,not_valid_noun
strollers,purposes,-15.5,1,single_token,not_valid_noun
strollers,international,-15.5,1,single_token,incomplete_phrase
strollers,kid ...,-15.5,2,2token,not_valid_noun
strollers,seven,-15.5,1,single_token,incomplete_phrase
strollers,pel,-15.5,1,single_token,not_valid_noun
strollers,kid _______,-15.5,2,2token,not_valid_noun
strollers,ugly,-15.5,1,single_token,not_valid_noun
strollers,Sel,-15.5,1,single_token,not_valid_noun
strollers,answers,-15.5,1,single_token,not_valid_noun
strollers,gram,-15.5,1,single_token,incomplete_phrase
strollers,apartments,-15.5,1,single_token,not_valid_noun
strollers,retra,-15.5,1,single_token,not_valid_noun
strollers,relaxed,-15.5,1,single_token,not_valid_noun
strollers,easily,-15.5,1,single_token,not_valid_noun
strollers,only,-15.5,1,single_token,not_valid_noun
strollers,......... _______,-15.5,2,2token,not_valid_noun
strollers,......... COMPLETE,-15.5,2,2token,not_valid_noun
strollers,ju,-15.5,1,single_token,not_valid_noun
strollers,Des,-15.5,1,single_token,not_valid_noun
strollers,advantages,-15.5,1,single_token,not_valid_noun
strollers,humans,-15.5,1,single_token,not_valid_noun
strollers,ropa,-15.5,1,single_token,not_valid_noun
strollers,cn,-15.5,1,single_token,not_valid_noun
strollers,Sarah,-15.5,1,single_token,incomplete_phrase
strollers,MB,-15.5,1,single_token,not_valid_noun
strollers,artic,-15.5,1,single_token,not_valid_noun
strollers,brakes,-15.5,1,single_token,not_valid_noun
strollers,Practical,-15.5,1,single_token,not_valid_noun
strollers,\{,-15.5,1,single_token,not_valid_noun
strollers,###,-15.5,1,single_token,not_valid_noun
strollers,muscular,-15.5,1,single_token,not_valid_noun
strollers,todd,-15.5,1,single_token,incomplete_phrase
strollers,porto,-15.5,1,single_token,incomplete_phrase
strollers,teles,-15.5,1,single_token,not_valid_noun
strollers,carri ....,-15.5,2,2token,not_valid_noun
strollers,naughty,-15.5,1,single_token,not_valid_noun
strollers,stools,-15.5,1,single_token,not_valid_noun
strollers,Bikes,-15.5,1,single_token,not_valid_noun
strollers,[_,-15.5,1,single_token,not_valid_noun
strollers,aisles,-15.5,1,single_token,not_valid_noun
strollers,رف,-15.5,1,single_token,not_valid_noun
strollers,"""""""",-15.5,1,single_token,not_valid_noun
strollers,☆,-15.5,1,single_token,not_valid_noun
strollers,<<<,-15.5,1,single_token,not_valid_noun
strollers,carri ____,-15.5,2,2token,not_valid_noun
strollers,bed and,-15.5,2,2token,incomplete_phrase
strollers,Pron,-15.5,1,single_token,not_valid_noun
strollers,hinder,-15.5,1,single_token,not_valid_noun
strollers,,-15.5,1,single_token,not_valid_noun
strollers,bike _________,-15.53125,2,2token,not_valid_noun
strollers,bike used,-15.53125,2,2token,incomplete_phrase
strollers,bike _,-15.53125,2,2token,not_valid_noun
strollers,doll __________,-15.53125,2,2token,not_valid_noun
strollers,st louis,-15.53125,2,2token,not_valid_noun
strollers,type off,-15.53125,2,2token,not_valid_noun
strollers,type I,-15.53125,2,2token,not_valid_noun
strollers,type if,-15.53125,2,2token,not_valid_noun
strollers,bike -,-15.53125,2,2token,not_valid_noun
strollers,seat ....,-15.53125,2,2token,not_valid_noun
strollers,vehicles …,-15.53125,2,2token,not_valid_noun
strollers,vehicles ..,-15.53125,2,2token,not_valid_noun
strollers,vehicles by,-15.53125,2,2token,not_valid_noun
strollers,wagon of,-15.53125,2,2token,not_valid_noun
strollers,wagon filled,-15.53125,2,2token,not_valid_noun
strollers,device _,-15.53125,2,2token,not_valid_noun
strollers,doll Continue,-15.53125,2,2token,not_valid_noun
strollers,vehicles The,-15.53125,2,2token,not_valid_noun
strollers,Pram which,-15.53125,2,2token,incomplete_phrase
strollers,bags Full,-15.53125,2,2token,incomplete_phrase
strollers,wagon you,-15.53125,2,2token,incomplete_phrase
strollers,device -,-15.53125,2,2token,not_valid_noun
strollers,things i,-15.53125,2,2token,not_valid_noun
strollers,device _.,-15.53125,2,2token,not_valid_noun
strollers,device ....,-15.53125,2,2token,not_valid_noun
strollers,doll [,-15.53125,2,2token,not_valid_noun
strollers,carts Fill,-15.53125,2,2token,not_valid_noun
strollers,carriages a,-15.53125,2,2token,not_valid_noun
strollers,carriages _____,-15.53125,2,2token,not_valid_noun
strollers,pull of,-15.53125,2,2token,not_valid_noun
strollers,things _____,-15.53125,2,2token,not_valid_noun
strollers,things your,-15.53125,2,2token,incomplete_phrase
strollers,carriages COMPLETE,-15.53125,2,2token,not_valid_noun
strollers,< and,-15.53125,2,2token,not_valid_noun
strollers,something which,-15.53125,2,2token,incomplete_phrase
strollers,things found,-15.53125,2,2token,incomplete_phrase
strollers,carts COMPLETE,-15.53125,2,2token,not_valid_noun
strollers,cars ..,-15.53125,2,2token,not_valid_noun
strollers,babys ______,-15.53125,2,2token,not_valid_noun
strollers,umbrella are,-15.53125,2,2token,incomplete_phrase
strollers,cars …,-15.53125,2,2token,not_valid_noun
strollers,product ________,-15.53125,2,2token,not_valid_noun
strollers,vehicles completed,-15.53125,2,2token,not_valid_noun
strollers,vehicles .....,-15.53125,2,2token,not_valid_noun
strollers,clothing a,-15.53125,2,2token,not_valid_noun
strollers,tricycle ________,-15.53125,2,2token,not_valid_noun
strollers,suitcase is,-15.53125,2,2token,not_valid_noun
strollers,suitcase -,-15.53125,2,2token,not_valid_noun
strollers,vehicles [,-15.53125,2,2token,not_valid_noun
strollers,vehicles like,-15.53125,2,2token,incomplete_phrase
strollers,baggage or,-15.53125,2,2token,not_valid_noun
strollers,baggage and,-15.53125,2,2token,incomplete_phrase
strollers,cars COMPLETE,-15.53125,2,2token,not_valid_noun
strollers,vehicles such,-15.53125,2,2token,incomplete_phrase
strollers,brackets,-15.5625,1,single_token,not_valid_noun
strollers,gui,-15.5625,1,single_token,not_valid_noun
strollers,metre,-15.5625,1,single_token,not_valid_noun
strollers,{-,-15.5625,1,single_token,not_valid_noun
strollers,uncomfortable,-15.5625,1,single_token,not_valid_noun
strollers,pretend,-15.5625,1,single_token,incomplete_phrase
strollers,sings,-15.5625,1,single_token,not_valid_noun
strollers,descriptive,-15.5625,1,single_token,not_valid_noun
strollers,washable,-15.5625,1,single_token,not_valid_noun
strollers,Carla,-15.5625,1,single_token,not_valid_noun
strollers,roam,-15.5625,1,single_token,not_valid_noun
strollers,Vac,-15.5625,1,single_token,not_valid_noun
strollers,dresses,-15.5625,1,single_token,not_valid_noun
strollers,loads,-15.5625,1,single_token,not_valid_noun
strollers,sic,-15.5625,1,single_token,incomplete_phrase
strollers,cheaper,-15.5625,1,single_token,not_valid_noun
strollers,hur,-15.5625,1,single_token,not_valid_noun
strollers,dor,-15.5625,1,single_token,incomplete_phrase
strollers,c om,-15.5625,2,2token,not_valid_noun
strollers,bea,-15.5625,1,single_token,not_valid_noun
strollers,Ab,-15.5625,1,single_token,not_valid_noun
strollers,е,-15.5625,1,single_token,not_valid_noun
strollers,ST,-15.5625,1,single_token,not_valid_noun
strollers,enter,-15.5625,1,single_token,not_valid_noun
strollers,whereas,-15.5625,1,single_token,not_valid_noun
strollers,ARE,-15.5625,1,single_token,not_valid_noun
strollers,vital,-15.5625,1,single_token,not_valid_noun
strollers,ani,-15.5625,1,single_token,incomplete_phrase
strollers,classical,-15.5625,1,single_token,incomplete_phrase
strollers,pou,-15.5625,1,single_token,not_valid_noun
strollers,however,-15.5625,1,single_token,not_valid_noun
strollers,Sim,-15.5625,1,single_token,incomplete_phrase
strollers,А,-15.5625,1,single_token,not_valid_noun
strollers,bal,-15.5625,1,single_token,incomplete_phrase
strollers,Ass,-15.5625,1,single_token,incomplete_phrase
strollers,cats,-15.5625,1,single_token,not_valid_noun
strollers,acceptable,-15.5625,1,single_token,not_valid_noun
strollers,FAQ,-15.5625,1,single_token,not_valid_noun
strollers,hypo,-15.5625,1,single_token,incomplete_phrase
strollers,Fort,-15.5625,1,single_token,incomplete_phrase
strollers,sensible,-15.5625,1,single_token,not_valid_noun
strollers,Besides,-15.5625,1,single_token,not_valid_noun
strollers,cran,-15.5625,1,single_token,incomplete_phrase
strollers,\[,-15.5625,1,single_token,not_valid_noun
strollers,parach,-15.5625,1,single_token,not_valid_noun
strollers,garder,-15.5625,1,single_token,not_valid_noun
strollers,Golf,-15.5625,1,single_token,incomplete_phrase
strollers,Swiss,-15.5625,1,single_token,incomplete_phrase
strollers,ACCESS,-15.5625,1,single_token,incomplete_phrase
strollers,bills,-15.5625,1,single_token,not_valid_noun
strollers,Role,-15.5625,1,single_token,incomplete_phrase
strollers,PA,-15.5625,1,single_token,not_valid_noun
strollers,inappropriate,-15.5625,1,single_token,not_valid_noun
strollers,Ax,-15.5625,1,single_token,not_valid_noun
strollers,sneakers,-15.5625,1,single_token,not_valid_noun
strollers,Have,-15.5625,1,single_token,incomplete_phrase
strollers,desc,-15.5625,1,single_token,not_valid_noun
strollers,baked,-15.5625,1,single_token,not_valid_noun
strollers,questi,-15.5625,1,single_token,not_valid_noun
strollers,people to,-15.5625,2,2token,not_valid_noun
strollers,people with,-15.5625,2,2token,incomplete_phrase
strollers,........... There,-15.5625,2,2token,not_valid_noun
strollers,........... For,-15.5625,2,2token,not_valid_noun
strollers,pha,-15.5625,1,single_token,not_valid_noun
strollers,bis,-15.5625,1,single_token,incomplete_phrase
strollers,official,-15.5625,1,single_token,incomplete_phrase
strollers,ow,-15.5625,1,single_token,not_valid_noun
strollers,activity by,-15.5625,2,2token,not_valid_noun
strollers,activity called,-15.5625,2,2token,incomplete_phrase
strollers,activity __________,-15.5625,2,2token,not_valid_noun
strollers,follow,-15.5625,1,single_token,not_valid_noun
strollers,Far,-15.5625,1,single_token,incomplete_phrase
strollers,legal,-15.5625,1,single_token,not_valid_noun
strollers,mit,-15.5625,1,single_token,not_valid_noun
strollers,convenience ________,-15.5625,2,2token,not_valid_noun
strollers,quin,-15.5625,1,single_token,incomplete_phrase
strollers,store ...,-15.5625,2,2token,not_valid_noun
strollers,store _____,-15.5625,2,2token,not_valid_noun
strollers,store Read,-15.5625,2,2token,not_valid_noun
strollers,pains,-15.5625,1,single_token,not_valid_noun
strollers,peripheral,-15.5625,1,single_token,incomplete_phrase
strollers,spinning,-15.5625,1,single_token,incomplete_phrase
strollers,walker and,-15.5625,2,2token,incomplete_phrase
strollers,bottle that,-15.59375,2,2token,incomplete_phrase
strollers,book about,-15.59375,2,2token,incomplete_phrase
strollers,book or,-15.59375,2,2token,not_valid_noun
strollers,household __,-15.59375,2,2token,not_valid_noun
strollers,accessory COMPLETE,-15.59375,2,2token,not_valid_noun
strollers,accessory .....,-15.59375,2,2token,not_valid_noun
strollers,household ____________,-15.59375,2,2token,not_valid_noun
strollers,means __,-15.59375,2,2token,not_valid_noun
strollers,household _____,-15.59375,2,2token,not_valid_noun
strollers,means if,-15.59375,2,2token,not_valid_noun
strollers,means off,-15.59375,2,2token,not_valid_noun
strollers,means means,-15.59375,2,2token,not_valid_noun
strollers,are ______,-15.59375,2,2token,not_valid_noun
strollers,article _______,-15.59375,2,2token,not_valid_noun
strollers,article _.,-15.59375,2,2token,not_valid_noun
strollers,container filled,-15.59375,2,2token,not_valid_noun
strollers,type ___,-15.59375,2,2token,not_valid_noun
strollers,carri –,-15.59375,2,2token,not_valid_noun
strollers,means _____,-15.59375,2,2token,not_valid_noun
strollers,means …,-15.59375,2,2token,not_valid_noun
strollers,is or,-15.59375,2,2token,not_valid_noun
strollers,is usually,-15.59375,2,2token,not_valid_noun
strollers,wheelchair in,-15.59375,2,2token,not_valid_noun
strollers,pull __,-15.59375,2,2token,not_valid_noun
strollers,pull for,-15.59375,2,2token,not_valid_noun
strollers,shops complete,-15.59375,2,2token,not_valid_noun
strollers,shops or,-15.59375,2,2token,not_valid_noun
strollers,shoe for,-15.59375,2,2token,not_valid_noun
strollers,is ....,-15.59375,2,2token,not_valid_noun
strollers,is …,-15.59375,2,2token,not_valid_noun
strollers,bottle are,-15.59375,2,2token,incomplete_phrase
strollers,carrier you,-15.59375,2,2token,incomplete_phrase
strollers,carrier :,-15.59375,2,2token,not_valid_noun
strollers,carrier A,-15.59375,2,2token,not_valid_noun
strollers,is kind,-15.59375,2,2token,not_valid_noun
strollers,wheelchair -,-15.59375,2,2token,not_valid_noun
strollers,n -,-15.59375,2,2token,not_valid_noun
strollers,wheelchair COMPLETE,-15.59375,2,2token,not_valid_noun
strollers,< fill,-15.59375,2,2token,not_valid_noun
strollers,carrier …,-15.59375,2,2token,not_valid_noun
strollers,wheelchair to,-15.59375,2,2token,not_valid_noun
strollers,wheelchair A,-15.59375,2,2token,not_valid_noun
strollers,n stroller,-15.59375,2,2token,not_valid_noun
strollers,instrument _,-15.59375,2,2token,not_valid_noun
strollers,tools ______,-15.59375,2,2token,not_valid_noun
strollers,......... car,-15.625,2,2token,not_valid_noun
strollers,supermarket Item,-15.625,2,2token,incomplete_phrase
strollers,supermarket wheel,-15.625,2,2token,incomplete_phrase
strollers,c .....,-15.625,2,2token,not_valid_noun
strollers,c ____________,-15.625,2,2token,not_valid_noun
strollers,......... is,-15.625,2,2token,not_valid_noun
strollers,Toy in,-15.625,2,2token,not_valid_noun
strollers,supermarket in,-15.625,2,2token,not_valid_noun
strollers,bed ...,-15.625,2,2token,not_valid_noun
strollers,bed or,-15.625,2,2token,not_valid_noun
strollers,supermarket _,-15.625,2,2token,not_valid_noun
strollers,ball or,-15.625,2,2token,not_valid_noun
strollers,kid carrying,-15.625,2,2token,incomplete_phrase
strollers,kid ______,-15.625,2,2token,not_valid_noun
strollers,roller _________,-15.65625,2,2token,not_valid_noun
strollers,roller is,-15.65625,2,2token,not_valid_noun
strollers,roller at,-15.65625,2,2token,not_valid_noun
strollers,vehicles at,-15.65625,2,2token,not_valid_noun
strollers,suitcase .....,-15.65625,2,2token,not_valid_noun
strollers,seat -,-15.65625,2,2token,not_valid_noun
strollers,whe l,-15.65625,2,2token,not_valid_noun
strollers,Pram st,-15.65625,2,2token,not_valid_noun
strollers,Pram are,-15.65625,2,2token,incomplete_phrase
strollers,"Pram ,",-15.65625,2,2token,not_valid_noun
strollers,Pram What,-15.65625,2,2token,incomplete_phrase
strollers,suitcase ____,-15.65625,2,2token,not_valid_noun
strollers,backpack _______,-15.65625,2,2token,not_valid_noun
strollers,pra (,-15.65625,2,2token,not_valid_noun
strollers,blanket and,-15.65625,2,2token,incomplete_phrase
strollers,bug .,-15.65625,2,2token,not_valid_noun
strollers,kind that,-15.65625,2,2token,incomplete_phrase
strollers,kind are,-15.65625,2,2token,incomplete_phrase
strollers,vehicles Used,-15.65625,2,2token,incomplete_phrase
strollers,product a,-15.65625,2,2token,not_valid_noun
strollers,vehicles :,-15.65625,2,2token,not_valid_noun
strollers,bike are,-15.65625,2,2token,incomplete_phrase
strollers,st a,-15.65625,2,2token,not_valid_noun
strollers,doll which,-15.65625,2,2token,incomplete_phrase
strollers,bags Fill,-15.65625,2,2token,not_valid_noun
strollers,device needed,-15.65625,2,2token,incomplete_phrase
strollers,bags,-15.65625,2,2token,not_valid_noun
strollers,st the,-15.65625,2,2token,not_valid_noun
strollers,device and,-15.65625,2,2token,incomplete_phrase
strollers,device is,-15.65625,2,2token,not_valid_noun
strollers,bags _____,-15.65625,2,2token,not_valid_noun
strollers,bags /,-15.65625,2,2token,not_valid_noun
strollers,musical musical,-15.65625,2,2token,incomplete_phrase
strollers,tricycle used,-15.65625,2,2token,incomplete_phrase
strollers,Pram with,-15.65625,2,2token,incomplete_phrase
strollers,kind kind,-15.65625,2,2token,incomplete_phrase
strollers,kind complete,-15.65625,2,2token,not_valid_noun
strollers,wagon :,-15.65625,2,2token,not_valid_noun
strollers,doll Play,-15.65625,2,2token,incomplete_phrase
strollers,doll _________,-15.65625,2,2token,not_valid_noun
strollers,something ...,-15.65625,2,2token,not_valid_noun
strollers,wagon the,-15.65625,2,2token,incomplete_phrase
strollers,game that,-15.65625,2,2token,incomplete_phrase
strollers,seat __________,-15.65625,2,2token,not_valid_noun
strollers,gadget and,-15.65625,2,2token,incomplete_phrase
strollers,accessories on,-15.65625,2,2token,not_valid_noun
strollers,type fo,-15.65625,2,2token,not_valid_noun
strollers,clothing are,-15.65625,2,2token,incomplete_phrase
strollers,clothing which,-15.65625,2,2token,incomplete_phrase
strollers,type pf,-15.65625,2,2token,not_valid_noun
strollers,piece (,-15.65625,2,2token,not_valid_noun
strollers,prop .....,-15.65625,2,2token,not_valid_noun
strollers,type _______,-15.65625,2,2token,not_valid_noun
strollers,product _______,-15.65625,2,2token,not_valid_noun
strollers,product complete,-15.65625,2,2token,not_valid_noun
strollers,product /,-15.65625,2,2token,not_valid_noun
strollers,product is,-15.65625,2,2token,not_valid_noun
strollers,clothing made,-15.65625,2,2token,incomplete_phrase
strollers,suitcase ______,-15.65625,2,2token,not_valid_noun
strollers,umbrella _.,-15.65625,2,2token,not_valid_noun
strollers,gadget designed,-15.65625,2,2token,incomplete_phrase
strollers,gadget on,-15.65625,2,2token,not_valid_noun
strollers,accessories and,-15.65625,2,2token,incomplete_phrase
strollers,carts,-15.65625,2,2token,not_valid_noun
strollers,carts The,-15.65625,2,2token,incomplete_phrase
strollers,game complete,-15.65625,2,2token,not_valid_noun
strollers,boat for,-15.65625,2,2token,incomplete_phrase
strollers,cars [,-15.65625,2,2token,not_valid_noun
strollers,appliance ______,-15.65625,2,2token,not_valid_noun
strollers,carriages Fill,-15.65625,2,2token,not_valid_noun
strollers,appliance with,-15.65625,2,2token,incomplete_phrase
strollers,appliance ____,-15.65625,2,2token,not_valid_noun
strollers,cars you,-15.65625,2,2token,incomplete_phrase
strollers,clothing ______,-15.65625,2,2token,not_valid_noun
strollers,wagon ..,-15.65625,2,2token,not_valid_noun
strollers,clothing _____,-15.65625,2,2token,not_valid_noun
strollers,umbrella Cover,-15.65625,2,2token,incomplete_phrase
strollers,clothing /,-15.65625,2,2token,not_valid_noun
strollers,cars,-15.65625,2,2token,not_valid_noun
strollers,basket _,-15.6875,2,2token,not_valid_noun
strollers,........... Match,-15.6875,2,2token,not_valid_noun
strollers,........... fruit,-15.6875,2,2token,not_valid_noun
strollers,store on,-15.6875,2,2token,not_valid_noun
strollers,safety equi,-15.6875,2,2token,incomplete_phrase
strollers,store shopping,-15.6875,2,2token,incomplete_phrase
strollers,activity you,-15.6875,2,2token,incomplete_phrase
strollers,activity is,-15.6875,2,2token,not_valid_noun
strollers,...........,-15.6875,2,2token,not_valid_noun
strollers,walker that,-15.6875,2,2token,incomplete_phrase
strollers,convenience baby,-15.6875,2,2token,incomplete_phrase
strollers,........... Find,-15.6875,2,2token,not_valid_noun
strollers,basket is,-15.6875,2,2token,not_valid_noun
strollers,ride of,-15.71875,2,2token,not_valid_noun
strollers,food is,-15.71875,2,2token,not_valid_noun
strollers,food ____,-15.71875,2,2token,not_valid_noun
strollers,article a,-15.71875,2,2token,not_valid_noun
strollers,tools are,-15.71875,2,2token,incomplete_phrase
strollers,article needed,-15.71875,2,2token,incomplete_phrase
strollers,is _____,-15.71875,2,2token,not_valid_noun
strollers,………… ?,-15.71875,2,2token,not_valid_noun
strollers,accessory [,-15.71875,2,2token,not_valid_noun
strollers,………… I,-15.71875,2,2token,not_valid_noun
strollers,shops on,-15.71875,2,2token,not_valid_noun
strollers,machine COMPLETE,-15.71875,2,2token,not_valid_noun
strollers,………… ..,-15.71875,2,2token,not_valid_noun
strollers,train Read,-15.71875,2,2token,not_valid_noun
strollers,are designed,-15.71875,2,2token,not_valid_noun
strollers,container _____,-15.71875,2,2token,not_valid_noun
strollers,food you,-15.71875,2,2token,incomplete_phrase
strollers,book ...,-15.71875,2,2token,not_valid_noun
strollers,book Complete,-15.71875,2,2token,not_valid_noun
strollers,is often,-15.71875,2,2token,not_valid_noun
strollers,trailer or,-15.71875,2,2token,not_valid_noun
strollers,…………,-15.71875,2,2token,not_valid_noun
strollers,__________,-15.71875,2,2token,not_valid_noun
strollers,means _______,-15.71875,2,2token,not_valid_noun
strollers,household app,-15.71875,2,2token,incomplete_phrase
strollers,means _,-15.71875,2,2token,not_valid_noun
strollers,are bicycle,-15.71875,2,2token,not_valid_noun
strollers,are _______,-15.71875,2,2token,not_valid_noun
strollers,are incomplete,-15.71875,2,2token,not_valid_noun
strollers,container ______,-15.71875,2,2token,not_valid_noun
strollers,used ______,-15.71875,2,2token,not_valid_noun
strollers,piece for,-15.71875,2,2token,incomplete_phrase
strollers,prop ___________,-15.71875,2,2token,not_valid_noun
strollers,container you,-15.71875,2,2token,incomplete_phrase
strollers,tools ....,-15.71875,2,2token,not_valid_noun
strollers,wheelchair _____,-15.71875,2,2token,not_valid_noun
strollers,container designed,-15.71875,2,2token,incomplete_phrase
strollers,type ....,-15.71875,2,2token,not_valid_noun
strollers,conveyance on,-15.71875,2,2token,not_valid_noun
strollers,food -,-15.71875,2,2token,not_valid_noun
strollers,is good,-15.71875,2,2token,not_valid_noun
strollers,is car,-15.71875,2,2token,not_valid_noun
strollers,food ______,-15.71875,2,2token,not_valid_noun
strollers,ride A,-15.71875,2,2token,not_valid_noun
strollers,st -,-15.71875,2,2token,not_valid_noun
strollers,is _______,-15.71875,2,2token,not_valid_noun
strollers,accessory The,-15.71875,2,2token,incomplete_phrase
strollers,tools a,-15.71875,2,2token,not_valid_noun
strollers,chairs ________,-15.75,2,2token,not_valid_noun
strollers,supermarket ...,-15.75,2,2token,not_valid_noun
strollers,chairs with,-15.75,2,2token,incomplete_phrase
strollers,Toy /,-15.75,2,2token,not_valid_noun
strollers,Toy .....,-15.75,2,2token,not_valid_noun
strollers,supermarket ____,-15.75,2,2token,not_valid_noun
strollers,[,-15.75,2,2token,not_valid_noun
strollers,"......... ,",-15.75,2,2token,not_valid_noun
strollers,help your,-15.75,2,2token,incomplete_phrase
strollers,chairs to,-15.75,2,2token,not_valid_noun
strollers,......... ..,-15.75,2,2token,not_valid_noun
strollers,......... _,-15.75,2,2token,not_valid_noun
strollers,c =,-15.75,2,2token,not_valid_noun
strollers,......... bike,-15.75,2,2token,not_valid_noun
strollers,backpack is,-15.78125,2,2token,not_valid_noun
strollers,Pram to,-15.78125,2,2token,not_valid_noun
strollers,baggage at,-15.78125,2,2token,not_valid_noun
strollers,bags,-15.78125,2,2token,not_valid_noun
strollers,device A,-15.78125,2,2token,not_valid_noun
strollers,backpack ...,-15.78125,2,2token,not_valid_noun
strollers,roller st,-15.78125,2,2token,not_valid_noun
strollers,Pram ..,-15.78125,2,2token,not_valid_noun
strollers,Pram pram,-15.78125,2,2token,incomplete_phrase
strollers,carriages The,-15.78125,2,2token,incomplete_phrase
strollers,"< ,",-15.78125,2,2token,not_valid_noun
strollers,suitcase Answer,-15.78125,2,2token,not_valid_noun
strollers,backpack ____,-15.78125,2,2token,not_valid_noun
strollers,suitcase which,-15.78125,2,2token,incomplete_phrase
strollers,wagon on,-15.78125,2,2token,not_valid_noun
strollers,pra -,-15.78125,2,2token,not_valid_noun
strollers,wagon [,-15.78125,2,2token,not_valid_noun
strollers,kind the,-15.78125,2,2token,incomplete_phrase
strollers,kind _______,-15.78125,2,2token,not_valid_noun
strollers,tricycle ....,-15.78125,2,2token,not_valid_noun
strollers,blanket to,-15.78125,2,2token,not_valid_noun
strollers,blanket ...,-15.78125,2,2token,not_valid_noun
strollers,kind or,-15.78125,2,2token,not_valid_noun
strollers,kind _____,-15.78125,2,2token,not_valid_noun
strollers,vehicles we,-15.78125,2,2token,not_valid_noun
strollers,vehicles Answer,-15.78125,2,2token,not_valid_noun
strollers,backpack to,-15.78125,2,2token,not_valid_noun
strollers,Pram .....,-15.78125,2,2token,not_valid_noun
strollers,umbrella /,-15.78125,2,2token,not_valid_noun
strollers,suitcase …,-15.78125,2,2token,not_valid_noun
strollers,n (,-15.78125,2,2token,not_valid_noun
strollers,babys {,-15.78125,2,2token,not_valid_noun
strollers,pull __________,-15.78125,2,2token,not_valid_noun
strollers,babys or,-15.78125,2,2token,not_valid_noun
strollers,babys ___,-15.78125,2,2token,not_valid_noun
strollers,prop |,-15.78125,2,2token,not_valid_noun
strollers,prop ..,-15.78125,2,2token,not_valid_noun
strollers,prop is,-15.78125,2,2token,not_valid_noun
strollers,prop [,-15.78125,2,2token,not_valid_noun
strollers,product ____,-15.78125,2,2token,not_valid_noun
strollers,game ...,-15.78125,2,2token,not_valid_noun
strollers,gadget ....,-15.78125,2,2token,not_valid_noun
strollers,boat that,-15.78125,2,2token,incomplete_phrase
strollers,cars .....,-15.78125,2,2token,not_valid_noun
strollers,accessories or,-15.78125,2,2token,not_valid_noun
strollers,fruit that,-15.78125,2,2token,incomplete_phrase
strollers,suitcase _,-15.78125,2,2token,not_valid_noun
strollers,clothing Article,-15.78125,2,2token,incomplete_phrase
strollers,appliance /,-15.78125,2,2token,not_valid_noun
strollers,cars is,-15.78125,2,2token,not_valid_noun
strollers,carts filled,-15.78125,2,2token,not_valid_noun
strollers,clothing bags,-15.78125,2,2token,incomplete_phrase
strollers,handbag or,-15.78125,2,2token,not_valid_noun
strollers,cars made,-15.78125,2,2token,incomplete_phrase
strollers,clothing _,-15.78125,2,2token,not_valid_noun
strollers,appliance you,-15.78125,2,2token,incomplete_phrase
strollers,something like,-15.78125,2,2token,incomplete_phrase
strollers,appliance Read,-15.78125,2,2token,not_valid_noun
strollers,carriages A,-15.78125,2,2token,not_valid_noun
strollers,carts a,-15.78125,2,2token,not_valid_noun
strollers,carts _,-15.78125,2,2token,not_valid_noun
strollers,carts Answer,-15.78125,2,2token,not_valid_noun
strollers,........... Make,-15.8125,2,2token,not_valid_noun
strollers,........... Which,-15.8125,2,2token,not_valid_noun
strollers,coat Check,-15.8125,2,2token,incomplete_phrase
strollers,........... Are,-15.8125,2,2token,not_valid_noun
strollers,........... .....,-15.8125,2,2token,not_valid_noun
strollers,safety and,-15.8125,2,2token,incomplete_phrase
strollers,convenience ______,-15.8125,2,2token,not_valid_noun
strollers,convenience of,-15.8125,2,2token,not_valid_noun
strollers,people and,-15.8125,2,2token,incomplete_phrase
strollers,people or,-15.8125,2,2token,not_valid_noun
strollers,people ________,-15.8125,2,2token,not_valid_noun
strollers,instrument by,-15.84375,2,2token,not_valid_noun
strollers,machine …,-15.84375,2,2token,not_valid_noun
strollers,machine ___________,-15.84375,2,2token,not_valid_noun
strollers,machine ..,-15.84375,2,2token,not_valid_noun
strollers,pra n,-15.84375,2,2token,not_valid_noun
strollers,instrument children,-15.84375,2,2token,incomplete_phrase
strollers,………… Fill,-15.84375,2,2token,not_valid_noun
strollers,machine A,-15.84375,2,2token,not_valid_noun
strollers,instrument …,-15.84375,2,2token,not_valid_noun
strollers,pra r,-15.84375,2,2token,not_valid_noun
strollers,< blank,-15.84375,2,2token,not_valid_noun
strollers,are A,-15.84375,2,2token,not_valid_noun
strollers,means on,-15.84375,2,2token,not_valid_noun
strollers,type __,-15.84375,2,2token,not_valid_noun
strollers,shops are,-15.84375,2,2token,incomplete_phrase
strollers,shops with,-15.84375,2,2token,incomplete_phrase
strollers,are vehicles,-15.84375,2,2token,not_valid_noun
strollers,are shopping,-15.84375,2,2token,not_valid_noun
strollers,are wheel,-15.84375,2,2token,not_valid_noun
strollers,< in,-15.84375,2,2token,not_valid_noun
strollers,< or,-15.84375,2,2token,not_valid_noun
strollers,scooter with,-15.84375,2,2token,incomplete_phrase
strollers,are _____,-15.84375,2,2token,not_valid_noun
strollers,train ________,-15.84375,2,2token,not_valid_noun
strollers,< something,-15.84375,2,2token,not_valid_noun
strollers,train to,-15.84375,2,2token,not_valid_noun
strollers,train that,-15.84375,2,2token,incomplete_phrase
strollers,used _____,-15.84375,2,2token,not_valid_noun
strollers,tools /,-15.84375,2,2token,not_valid_noun
strollers,tools Read,-15.84375,2,2token,not_valid_noun
strollers,container The,-15.84375,2,2token,incomplete_phrase
strollers,tools _____,-15.84375,2,2token,not_valid_noun
strollers,tools designed,-15.84375,2,2token,incomplete_phrase
strollers,n o,-15.84375,2,2token,not_valid_noun
strollers,tools at,-15.84375,2,2token,not_valid_noun
strollers,bicycles that,-15.84375,2,2token,incomplete_phrase
strollers,article from,-15.84375,2,2token,incomplete_phrase
strollers,article Read,-15.84375,2,2token,not_valid_noun
strollers,article ______,-15.84375,2,2token,not_valid_noun
strollers,n __________,-15.84375,2,2token,not_valid_noun
strollers,babys c,-15.84375,2,2token,not_valid_noun
strollers,ride -,-15.84375,2,2token,not_valid_noun
strollers,food at,-15.84375,2,2token,not_valid_noun
strollers,book ....,-15.84375,2,2token,not_valid_noun
strollers,bicycles with,-15.84375,2,2token,incomplete_phrase
strollers,ride /,-15.84375,2,2token,not_valid_noun
strollers,bottle to,-15.84375,2,2token,not_valid_noun
strollers,food Item,-15.84375,2,2token,incomplete_phrase
strollers,ride is,-15.84375,2,2token,not_valid_noun
strollers,article with,-15.84375,2,2token,incomplete_phrase
strollers,article and,-15.84375,2,2token,incomplete_phrase
strollers,household furn,-15.84375,2,2token,incomplete_phrase
strollers,......... st,-15.875,2,2token,not_valid_noun
strollers,chairs ...,-15.875,2,2token,not_valid_noun
strollers,chairs _______,-15.875,2,2token,not_valid_noun
strollers,c This,-15.875,2,2token,not_valid_noun
strollers,c ?,-15.875,2,2token,not_valid_noun
strollers,help ...,-15.875,2,2token,not_valid_noun
strollers,chairs used,-15.875,2,2token,incomplete_phrase
strollers,bed in,-15.875,2,2token,not_valid_noun
strollers,c __________,-15.875,2,2token,not_valid_noun
strollers,c ___________,-15.875,2,2token,not_valid_noun
strollers,c baby,-15.875,2,2token,not_valid_noun
strollers,Toy The,-15.875,2,2token,incomplete_phrase
strollers,Toy ____________,-15.875,2,2token,not_valid_noun
strollers,c ___,-15.875,2,2token,not_valid_noun
strollers,ball ...,-15.875,2,2token,not_valid_noun
strollers,pull _________,-15.90625,2,2token,not_valid_noun
strollers,appliance .....,-15.90625,2,2token,not_valid_noun
strollers,appliance _____,-15.90625,2,2token,not_valid_noun
strollers,trol,-15.90625,2,2token,not_valid_noun
strollers,kind :,-15.90625,2,2token,not_valid_noun
strollers,carts A,-15.90625,2,2token,not_valid_noun
strollers,suitcase Fill,-15.90625,2,2token,not_valid_noun
strollers,device parents,-15.90625,2,2token,incomplete_phrase
strollers,bags full,-15.90625,2,2token,incomplete_phrase
strollers,baggage carry,-15.90625,2,2token,incomplete_phrase
strollers,baggage _______,-15.90625,2,2token,not_valid_noun
strollers,baggage ...,-15.90625,2,2token,not_valid_noun
strollers,suitcase a,-15.90625,2,2token,not_valid_noun
strollers,tricycle _______,-15.90625,2,2token,not_valid_noun
strollers,something Read,-15.90625,2,2token,not_valid_noun
strollers,roller with,-15.90625,2,2token,incomplete_phrase
strollers,Pram Fill,-15.90625,2,2token,not_valid_noun
strollers,roller __,-15.90625,2,2token,not_valid_noun
strollers,roller [,-15.90625,2,2token,not_valid_noun
strollers,device carried,-15.90625,2,2token,incomplete_phrase
strollers,baggage _,-15.90625,2,2token,not_valid_noun
strollers,vehicles from,-15.90625,2,2token,incomplete_phrase
strollers,bags we,-15.90625,2,2token,not_valid_noun
strollers,device Use,-15.90625,2,2token,incomplete_phrase
strollers,device [,-15.90625,2,2token,not_valid_noun
strollers,kind in,-15.90625,2,2token,not_valid_noun
strollers,prop Follow,-15.90625,2,2token,incomplete_phrase
strollers,umbrella A,-15.90625,2,2token,not_valid_noun
strollers,umbrella The,-15.90625,2,2token,incomplete_phrase
strollers,gadget made,-15.90625,2,2token,incomplete_phrase
strollers,type -,-15.90625,2,2token,not_valid_noun
strollers,gadget /,-15.90625,2,2token,not_valid_noun
strollers,gadget ________,-15.90625,2,2token,not_valid_noun
strollers,kind to,-15.90625,2,2token,not_valid_noun
strollers,kind and,-15.90625,2,2token,incomplete_phrase
strollers,bags …,-15.90625,2,2token,not_valid_noun
strollers,product with,-15.90625,2,2token,incomplete_phrase
strollers,prop ….,-15.90625,2,2token,not_valid_noun
strollers,something made,-15.90625,2,2token,incomplete_phrase
strollers,product and,-15.90625,2,2token,incomplete_phrase
strollers,product produced,-15.90625,2,2token,incomplete_phrase
strollers,cars Full,-15.90625,2,2token,incomplete_phrase
strollers,cars Comple,-15.90625,2,2token,not_valid_noun
strollers,cars by,-15.90625,2,2token,not_valid_noun
strollers,accessories ...,-15.90625,2,2token,not_valid_noun
strollers,type ______,-15.90625,2,2token,not_valid_noun
strollers,mode ...,-15.90625,2,2token,not_valid_noun
strollers,backpack Read,-15.90625,2,2token,not_valid_noun
strollers,backpack ______,-15.90625,2,2token,not_valid_noun
strollers,product at,-15.90625,2,2token,not_valid_noun
strollers,carriages .....,-15.90625,2,2token,not_valid_noun
strollers,appliance at,-15.90625,2,2token,not_valid_noun
strollers,carriages [,-15.90625,2,2token,not_valid_noun
strollers,seat ___,-15.90625,2,2token,not_valid_noun
strollers,cars filled,-15.90625,2,2token,not_valid_noun
strollers,gadget of,-15.90625,2,2token,not_valid_noun
strollers,seat __,-15.90625,2,2token,not_valid_noun
strollers,musical ...,-15.90625,2,2token,not_valid_noun
strollers,suitcase The,-15.90625,2,2token,incomplete_phrase
strollers,store -,-15.9375,2,2token,not_valid_noun
strollers,........... the,-15.9375,2,2token,not_valid_noun
strollers,........... This,-15.9375,2,2token,not_valid_noun
strollers,c ….,-15.9375,2,2token,not_valid_noun
strollers,........... :,-15.9375,2,2token,not_valid_noun
strollers,carri _______,-15.9375,2,2token,not_valid_noun
strollers,convenience ____,-15.9375,2,2token,not_valid_noun
strollers,........... for,-15.9375,2,2token,not_valid_noun
strollers,basket -,-15.9375,2,2token,not_valid_noun
strollers,basket Full,-15.9375,2,2token,incomplete_phrase
strollers,store to,-15.9375,2,2token,not_valid_noun
strollers,basket …,-15.9375,2,2token,not_valid_noun
strollers,store with,-15.9375,2,2token,not_valid_noun
strollers,basket /,-15.9375,2,2token,not_valid_noun
strollers,people ____,-15.9375,2,2token,not_valid_noun
strollers,........... _______,-15.9375,2,2token,not_valid_noun
strollers,machine .....,-15.96875,2,2token,not_valid_noun
strollers,whe el,-15.96875,2,2token,not_valid_noun
strollers,st wheel,-15.96875,2,2token,not_valid_noun
strollers,bottle with,-15.96875,2,2token,not_valid_noun
strollers,wheelchair used,-15.96875,2,2token,incomplete_phrase
strollers,household (,-15.96875,2,2token,not_valid_noun
strollers,trailer that,-15.96875,2,2token,incomplete_phrase
strollers,bottle warm,-15.96875,2,2token,not_valid_noun
strollers,bottle ....,-15.96875,2,2token,not_valid_noun
strollers,food with,-15.96875,2,2token,incomplete_phrase
strollers,instrument needed,-15.96875,2,2token,incomplete_phrase
strollers,ride ....,-15.96875,2,2token,not_valid_noun
strollers,book is,-15.96875,2,2token,not_valid_noun
strollers,food shopping,-15.96875,2,2token,incomplete_phrase
strollers,Toy _,-15.96875,2,2token,not_valid_noun
strollers,are and,-15.96875,2,2token,not_valid_noun
strollers,train complete,-15.96875,2,2token,not_valid_noun
strollers,train Set,-15.96875,2,2token,incomplete_phrase
strollers,train is,-15.96875,2,2token,not_valid_noun
strollers,train in,-15.96875,2,2token,not_valid_noun
strollers,wheelchair with,-15.96875,2,2token,incomplete_phrase
strollers,means ______,-15.96875,2,2token,not_valid_noun
strollers,machine by,-15.96875,2,2token,not_valid_noun
strollers,machine the,-15.96875,2,2token,incomplete_phrase
strollers,means in,-15.96875,2,2token,not_valid_noun
strollers,piece,-15.96875,2,2token,incomplete_phrase
strollers,type that,-15.96875,2,2token,incomplete_phrase
strollers,conveyance which,-15.96875,2,2token,incomplete_phrase
strollers,tools made,-15.96875,2,2token,incomplete_phrase
strollers,scooter ...,-15.96875,2,2token,not_valid_noun
strollers,Toy __,-15.96875,2,2token,not_valid_noun
strollers,Toy _________,-15.96875,2,2token,not_valid_noun
strollers,tools Used,-15.96875,2,2token,incomplete_phrase
strollers,tools ____,-15.96875,2,2token,not_valid_noun
strollers,used mostly,-15.96875,2,2token,not_valid_noun
strollers,household ...,-15.96875,2,2token,not_valid_noun
strollers,household shopping,-15.96875,2,2token,incomplete_phrase
strollers,babys,-15.96875,2,2token,not_valid_noun
strollers,bicycles and,-15.96875,2,2token,incomplete_phrase
strollers,prop :,-15.96875,2,2token,not_valid_noun
strollers,prop on,-15.96875,2,2token,not_valid_noun
strollers,bus in,-15.96875,2,2token,not_valid_noun
strollers,prop ____________,-15.96875,2,2token,not_valid_noun
strollers,bed to,-16.0,2,2token,not_valid_noun
strollers,bed that,-16.0,2,2token,incomplete_phrase
strollers,......... equipment,-16.0,2,2token,not_valid_noun
strollers,carri ….,-16.0,2,2token,not_valid_noun
strollers,help ________,-16.0,2,2token,not_valid_noun
strollers,......... Are,-16.0,2,2token,not_valid_noun
strollers,carri _,-16.0,2,2token,not_valid_noun
strollers,c vehicle,-16.0,2,2token,not_valid_noun
strollers,kid …,-16.0,2,2token,not_valid_noun
strollers,kid friendly,-16.0,2,2token,incomplete_phrase
strollers,carri _________,-16.0,2,2token,not_valid_noun
strollers,ball ________,-16.0,2,2token,not_valid_noun
strollers,pull through,-16.03125,2,2token,not_valid_noun
strollers,product Read,-16.03125,2,2token,not_valid_noun
strollers,piece if,-16.03125,2,2token,not_valid_noun
strollers,carts Read,-16.03125,2,2token,not_valid_noun
strollers,product _____,-16.03125,2,2token,not_valid_noun
strollers,mode .,-16.03125,2,2token,not_valid_noun
strollers,carts ..,-16.03125,2,2token,not_valid_noun
strollers,carriages ..,-16.03125,2,2token,not_valid_noun
strollers,seat complete,-16.03125,2,2token,not_valid_noun
strollers,seat a,-16.03125,2,2token,not_valid_noun
strollers,pra :,-16.03125,2,2token,not_valid_noun
strollers,seat ___________,-16.03125,2,2token,not_valid_noun
strollers,Pram …,-16.03125,2,2token,not_valid_noun
strollers,Pram _________,-16.03125,2,2token,not_valid_noun
strollers,type f,-16.03125,2,2token,not_valid_noun
strollers,type /,-16.03125,2,2token,not_valid_noun
strollers,carriages :,-16.03125,2,2token,not_valid_noun
strollers,handbag and,-16.03125,2,2token,incomplete_phrase
strollers,appliance :,-16.03125,2,2token,not_valid_noun
strollers,< complete,-16.03125,2,2token,not_valid_noun
strollers,< -,-16.03125,2,2token,not_valid_noun
strollers,accessories are,-16.03125,2,2token,incomplete_phrase
strollers,< fruit,-16.03125,2,2token,not_valid_noun
strollers,suitcase ….,-16.03125,2,2token,not_valid_noun
strollers,suitcase Correct,-16.03125,2,2token,not_valid_noun
strollers,suitcase ..,-16.03125,2,2token,not_valid_noun
strollers,suitcase Read,-16.03125,2,2token,not_valid_noun
strollers,suitcase /,-16.03125,2,2token,not_valid_noun
strollers,suitcase :,-16.03125,2,2token,not_valid_noun
strollers,gadget a,-16.03125,2,2token,not_valid_noun
strollers,st and,-16.03125,2,2token,not_valid_noun
strollers,bags designed,-16.03125,2,2token,incomplete_phrase
strollers,bags .....,-16.03125,2,2token,not_valid_noun
strollers,carts at,-16.03125,2,2token,not_valid_noun
strollers,kind ______,-16.03125,2,2token,not_valid_noun
strollers,kind …,-16.03125,2,2token,not_valid_noun
strollers,carts,-16.03125,2,2token,not_valid_noun
strollers,bags A,-16.03125,2,2token,not_valid_noun
strollers,blanket that,-16.03125,2,2token,incomplete_phrase
strollers,game Incomplete,-16.03125,2,2token,not_valid_noun
strollers,game in,-16.03125,2,2token,not_valid_noun
strollers,babys in,-16.03125,2,2token,not_valid_noun
strollers,appliance on,-16.03125,2,2token,not_valid_noun
strollers,chairs ....,-16.03125,2,2token,not_valid_noun
strollers,tricycle which,-16.03125,2,2token,incomplete_phrase
strollers,carts .....,-16.03125,2,2token,not_valid_noun
strollers,roller to,-16.03125,2,2token,not_valid_noun
strollers,tricycle in,-16.03125,2,2token,not_valid_noun
strollers,suitcase COMPLETE,-16.03125,2,2token,not_valid_noun
strollers,roller of,-16.03125,2,2token,not_valid_noun
strollers,product ______,-16.03125,2,2token,not_valid_noun
strollers,Pram [,-16.03125,2,2token,not_valid_noun
strollers,Pram the,-16.03125,2,2token,incomplete_phrase
strollers,something children,-16.03125,2,2token,incomplete_phrase
strollers,roller and,-16.03125,2,2token,incomplete_phrase
strollers,convenience _,-16.0625,2,2token,not_valid_noun
strollers,walker ________,-16.0625,2,2token,not_valid_noun
strollers,........... We,-16.0625,2,2token,not_valid_noun
strollers,convenience ...,-16.0625,2,2token,not_valid_noun
strollers,basket by,-16.0625,2,2token,not_valid_noun
strollers,basket .....,-16.0625,2,2token,not_valid_noun
strollers,mode or,-16.0625,2,2token,not_valid_noun
strollers,people you,-16.0625,2,2token,incomplete_phrase
strollers,coat that,-16.0625,2,2token,incomplete_phrase
strollers,c is,-16.0625,2,2token,not_valid_noun
strollers,basket you,-16.0625,2,2token,incomplete_phrase
strollers,………… fruit,-16.09375,2,2token,not_valid_noun
strollers,pra me,-16.09375,2,2token,not_valid_noun
strollers,book in,-16.09375,2,2token,not_valid_noun
strollers,< name,-16.09375,2,2token,not_valid_noun
strollers,train of,-16.09375,2,2token,not_valid_noun
strollers,………… Correct,-16.09375,2,2token,not_valid_noun
strollers,………… Write,-16.09375,2,2token,not_valid_noun
strollers,shops at,-16.09375,2,2token,not_valid_noun
strollers,instrument ___________,-16.09375,2,2token,not_valid_noun
strollers,tools with,-16.09375,2,2token,incomplete_phrase
strollers,Toy with,-16.09375,2,2token,incomplete_phrase
strollers,bus ____,-16.09375,2,2token,not_valid_noun
strollers,bus ________,-16.09375,2,2token,not_valid_noun
strollers,bicycles ...,-16.09375,2,2token,not_valid_noun
strollers,bicycles ________,-16.09375,2,2token,not_valid_noun
strollers,ride _________,-16.09375,2,2token,not_valid_noun
strollers,< select,-16.09375,2,2token,not_valid_noun
strollers,scooter and,-16.09375,2,2token,incomplete_phrase
strollers,bicycles are,-16.09375,2,2token,incomplete_phrase
strollers,bus _____,-16.09375,2,2token,not_valid_noun
strollers,shops to,-16.09375,2,2token,not_valid_noun
strollers,< for,-16.09375,2,2token,not_valid_noun
strollers,< <,-16.09375,2,2token,not_valid_noun
strollers,tools on,-16.09375,2,2token,not_valid_noun
strollers,piece .,-16.09375,2,2token,not_valid_noun
strollers,bottle Open,-16.09375,2,2token,incomplete_phrase
strollers,article __,-16.09375,2,2token,not_valid_noun
strollers,bus is,-16.09375,2,2token,not_valid_noun
strollers,pull in,-16.09375,2,2token,not_valid_noun
strollers,ride [,-16.09375,2,2token,not_valid_noun
strollers,ride are,-16.09375,2,2token,incomplete_phrase
strollers,Toy …,-16.09375,2,2token,not_valid_noun
strollers,conveyance ...,-16.09375,2,2token,not_valid_noun
strollers,used _______,-16.09375,2,2token,not_valid_noun
strollers,used the,-16.09375,2,2token,incomplete_phrase
strollers,Toy For,-16.09375,2,2token,incomplete_phrase
strollers,machine :,-16.09375,2,2token,not_valid_noun
strollers,wheelchair a,-16.09375,2,2token,not_valid_noun
strollers,machine [,-16.09375,2,2token,not_valid_noun
strollers,wheelchair ....,-16.09375,2,2token,not_valid_noun
strollers,bug,-16.09375,2,2token,incomplete_phrase
strollers,prop A,-16.09375,2,2token,not_valid_noun
strollers,bed Read,-16.125,2,2token,not_valid_noun
strollers,bed Mobile,-16.125,2,2token,incomplete_phrase
strollers,[ type,-16.125,2,2token,not_valid_noun
strollers,kid items,-16.125,2,2token,not_valid_noun
strollers,kid ?,-16.125,2,2token,not_valid_noun
strollers,help of,-16.125,2,2token,not_valid_noun
strollers,help carry,-16.125,2,2token,incomplete_phrase
strollers,help if,-16.125,2,2token,not_valid_noun
strollers,help and,-16.125,2,2token,incomplete_phrase
strollers,ball with,-16.125,2,2token,incomplete_phrase
strollers,help from,-16.125,2,2token,incomplete_phrase
strollers,......... This,-16.125,2,2token,not_valid_noun
strollers,......... and,-16.125,2,2token,not_valid_noun
strollers,......... .....,-16.125,2,2token,not_valid_noun
strollers,......... toys,-16.125,2,2token,not_valid_noun
strollers,......... There,-16.125,2,2token,not_valid_noun
strollers,......... For,-16.125,2,2token,not_valid_noun
strollers,......... Answer,-16.125,2,2token,not_valid_noun
strollers,......... Which,-16.125,2,2token,not_valid_noun
strollers,kid _____,-16.125,2,2token,not_valid_noun
strollers,kid carriers,-16.125,2,2token,not_valid_noun
strollers,c Which,-16.125,2,2token,not_valid_noun
strollers,gadget at,-16.15625,2,2token,not_valid_noun
strollers,gadget _______,-16.15625,2,2token,not_valid_noun
strollers,bags :,-16.15625,2,2token,not_valid_noun
strollers,chairs are,-16.15625,2,2token,incomplete_phrase
strollers,type [,-16.15625,2,2token,not_valid_noun
strollers,game _______,-16.15625,2,2token,not_valid_noun
strollers,game ______,-16.15625,2,2token,not_valid_noun
strollers,game _,-16.15625,2,2token,not_valid_noun
strollers,carts [,-16.15625,2,2token,not_valid_noun
strollers,____,-16.15625,2,2token,not_valid_noun
strollers,chairs ______,-16.15625,2,2token,not_valid_noun
strollers,something ________,-16.15625,2,2token,not_valid_noun
strollers,bags Answer,-16.15625,2,2token,not_valid_noun
strollers,bags [,-16.15625,2,2token,not_valid_noun
strollers,bags ..,-16.15625,2,2token,not_valid_noun
strollers,carts Full,-16.15625,2,2token,incomplete_phrase
strollers,chairs ____,-16.15625,2,2token,not_valid_noun
strollers,bags The,-16.15625,2,2token,incomplete_phrase
strollers,bags by,-16.15625,2,2token,not_valid_noun
strollers,< ...,-16.15625,2,2token,not_valid_noun
strollers,piece a,-16.15625,2,2token,not_valid_noun
strollers,device ___________,-16.15625,2,2token,not_valid_noun
strollers,blanket ________,-16.15625,2,2token,not_valid_noun
strollers,carriages …,-16.15625,2,2token,not_valid_noun
strollers,carriages _,-16.15625,2,2token,not_valid_noun
strollers,kind _,-16.15625,2,2token,not_valid_noun
strollers,kind o,-16.15625,2,2token,not_valid_noun
strollers,seat ..,-16.15625,2,2token,not_valid_noun
strollers,pra in,-16.15625,2,2token,not_valid_noun
strollers,pra se,-16.15625,2,2token,not_valid_noun
strollers,pra pra,-16.15625,2,2token,not_valid_noun
strollers,device …,-16.15625,2,2token,not_valid_noun
strollers,device useful,-16.15625,2,2token,incomplete_phrase
strollers,Pram Full,-16.15625,2,2token,incomplete_phrase
strollers,Pram Read,-16.15625,2,2token,not_valid_noun
strollers,device ____________,-16.15625,2,2token,not_valid_noun
strollers,boat used,-16.15625,2,2token,incomplete_phrase
strollers,trol trol,-16.15625,2,2token,not_valid_noun
strollers,st (...),-16.15625,2,2token,not_valid_noun
strollers,kind Read,-16.15625,2,2token,not_valid_noun
strollers,kind __,-16.15625,2,2token,not_valid_noun
strollers,n ___________,-16.15625,2,2token,not_valid_noun
strollers,mode o,-16.15625,2,2token,not_valid_noun
strollers,type :,-16.15625,2,2token,not_valid_noun
strollers,tricycle -,-16.15625,2,2token,not_valid_noun
strollers,fruit ________,-16.15625,2,2token,not_valid_noun
strollers,carts :,-16.15625,2,2token,not_valid_noun
strollers,game or,-16.15625,2,2token,not_valid_noun
strollers,suitcase by,-16.15625,2,2token,not_valid_noun
strollers,fruit are,-16.15625,2,2token,incomplete_phrase
strollers,fruit to,-16.15625,2,2token,not_valid_noun
strollers,tricycle to,-16.15625,2,2token,not_valid_noun
strollers,< answer,-16.15625,2,2token,not_valid_noun
strollers,suitcase _____,-16.15625,2,2token,not_valid_noun
strollers,suitcase Full,-16.15625,2,2token,incomplete_phrase
strollers,type =,-16.15625,2,2token,not_valid_noun
strollers,tricycle are,-16.15625,2,2token,incomplete_phrase
strollers,tricycle ______,-16.15625,2,2token,not_valid_noun
strollers,convenience Read,-16.1875,2,2token,not_valid_noun
strollers,coat ...,-16.1875,2,2token,not_valid_noun
strollers,people _,-16.1875,2,2token,not_valid_noun
strollers,people moving,-16.1875,2,2token,incomplete_phrase
strollers,convenience or,-16.1875,2,2token,not_valid_noun
strollers,convenience that,-16.1875,2,2token,incomplete_phrase
strollers,convenience and,-16.1875,2,2token,incomplete_phrase
strollers,convenience -,-16.1875,2,2token,not_valid_noun
strollers,convenience at,-16.1875,2,2token,not_valid_noun
strollers,store Bought,-16.1875,2,2token,not_valid_noun
strollers,coat to,-16.1875,2,2token,not_valid_noun
strollers,c ..,-16.1875,2,2token,not_valid_noun
strollers,people for,-16.1875,2,2token,incomplete_phrase
strollers,coat ________,-16.1875,2,2token,not_valid_noun
strollers,store a,-16.1875,2,2token,not_valid_noun
strollers,Toy Read,-16.21875,2,2token,not_valid_noun
strollers,wheelchair The,-16.21875,2,2token,incomplete_phrase
strollers,instrument ….,-16.21875,2,2token,not_valid_noun
strollers,instrument like,-16.21875,2,2token,incomplete_phrase
strollers,bottle in,-16.21875,2,2token,not_valid_noun
strollers,Toy ?,-16.21875,2,2token,not_valid_noun
strollers,used all,-16.21875,2,2token,not_valid_noun
strollers,tools children,-16.21875,2,2token,incomplete_phrase
strollers,shops where,-16.21875,2,2token,incomplete_phrase
strollers,………… In,-16.21875,2,2token,not_valid_noun
strollers,st roller,-16.21875,2,2token,not_valid_noun
strollers,article sold,-16.21875,2,2token,incomplete_phrase
strollers,book on,-16.21875,2,2token,not_valid_noun
strollers,st ____,-16.21875,2,2token,not_valid_noun
strollers,article _____,-16.21875,2,2token,not_valid_noun
strollers,trol .,-16.21875,2,2token,not_valid_noun
strollers,instrument [,-16.21875,2,2token,not_valid_noun
strollers,bus used,-16.21875,2,2token,incomplete_phrase
strollers,Toy of,-16.21875,2,2token,not_valid_noun
strollers,ride __________,-16.21875,2,2token,not_valid_noun
strollers,ride which,-16.21875,2,2token,incomplete_phrase
strollers,carri A,-16.21875,2,2token,not_valid_noun
strollers,ride used,-16.21875,2,2token,not_valid_noun
strollers,used and,-16.21875,2,2token,not_valid_noun
strollers,wheelchair _,-16.21875,2,2token,not_valid_noun
strollers,pull ____________,-16.21875,2,2token,not_valid_noun
strollers,bus that,-16.21875,2,2token,incomplete_phrase
strollers,furn …,-16.25,2,2token,not_valid_noun
strollers,accessories a,-16.25,2,2token,not_valid_noun
strollers,bed ....,-16.25,2,2token,not_valid_noun
strollers,c the,-16.25,2,2token,not_valid_noun
strollers,furn .,-16.25,2,2token,not_valid_noun
strollers,bicycles ....,-16.25,2,2token,not_valid_noun
strollers,bicycles _______,-16.25,2,2token,not_valid_noun
strollers,......... Please,-16.25,2,2token,not_valid_noun
strollers,......... Match,-16.25,2,2token,not_valid_noun
strollers,......... Explain,-16.25,2,2token,not_valid_noun
strollers,......... They,-16.25,2,2token,not_valid_noun
strollers,......... You,-16.25,2,2token,not_valid_noun
strollers,ball are,-16.25,2,2token,incomplete_phrase
strollers,scooter is,-16.25,2,2token,not_valid_noun
strollers,kid rides,-16.25,2,2token,not_valid_noun
strollers,bicycles in,-16.25,2,2token,not_valid_noun
strollers,bicycles or,-16.25,2,2token,not_valid_noun
strollers,[ ____,-16.25,2,2token,not_valid_noun
strollers,......... food,-16.25,2,2token,not_valid_noun
strollers,carri ______,-16.25,2,2token,not_valid_noun
strollers,[,-16.25,2,2token,not_valid_noun
strollers,c l,-16.25,2,2token,not_valid_noun
strollers,c i,-16.25,2,2token,not_valid_noun
strollers,n n,-16.28125,2,2token,not_valid_noun
strollers,n child,-16.28125,2,2token,not_valid_noun
strollers,pull with,-16.28125,2,2token,not_valid_noun
strollers,carri and,-16.28125,2,2token,incomplete_phrase
strollers,carri es,-16.28125,2,2token,not_valid_noun
strollers,handbag that,-16.28125,2,2token,incomplete_phrase
strollers,pra t,-16.28125,2,2token,not_valid_noun
strollers,means and,-16.28125,2,2token,not_valid_noun
strollers,game and,-16.28125,2,2token,incomplete_phrase
strollers,game ____,-16.28125,2,2token,not_valid_noun
strollers,mode,-16.28125,2,2token,incomplete_phrase
strollers,appliance a,-16.28125,2,2token,not_valid_noun
strollers,appliance -,-16.28125,2,2token,not_valid_noun
strollers,carriages Read,-16.28125,2,2token,not_valid_noun
strollers,suitcase _.,-16.28125,2,2token,not_valid_noun
strollers,carts Use,-16.28125,2,2token,incomplete_phrase
strollers,carts Continue,-16.28125,2,2token,not_valid_noun
strollers,carts ___________,-16.28125,2,2token,not_valid_noun
strollers,carts by,-16.28125,2,2token,not_valid_noun
strollers,fruit of,-16.28125,2,2token,not_valid_noun
strollers,fruit is,-16.28125,2,2token,not_valid_noun
strollers,fruit ____,-16.28125,2,2token,not_valid_noun
strollers,bags at,-16.28125,2,2token,not_valid_noun
strollers,boat ...,-16.28125,2,2token,not_valid_noun
strollers,tricycle ____,-16.28125,2,2token,not_valid_noun
strollers,carriages completed,-16.28125,2,2token,not_valid_noun
strollers,gadget with,-16.28125,2,2token,incomplete_phrase
strollers,product A,-16.28125,2,2token,not_valid_noun
strollers,product manufactured,-16.28125,2,2token,incomplete_phrase
strollers,product available,-16.28125,2,2token,incomplete_phrase
strollers,Pram ____________,-16.28125,2,2token,not_valid_noun
strollers,Pram of,-16.28125,2,2token,not_valid_noun
strollers,blanket complete,-16.28125,2,2token,not_valid_noun
strollers,st _____,-16.28125,2,2token,not_valid_noun
strollers,st is,-16.28125,2,2token,not_valid_noun
strollers,st of,-16.28125,2,2token,not_valid_noun
strollers,st r,-16.28125,2,2token,not_valid_noun
strollers,kind ___,-16.28125,2,2token,not_valid_noun
strollers,kind The,-16.28125,2,2token,not_valid_noun
strollers,something complete,-16.28125,2,2token,not_valid_noun
strollers,whe -,-16.28125,2,2token,not_valid_noun
strollers,gadget ____,-16.28125,2,2token,not_valid_noun
strollers,means f,-16.28125,2,2token,not_valid_noun
strollers,seat A,-16.28125,2,2token,not_valid_noun
strollers,seat Read,-16.28125,2,2token,not_valid_noun
strollers,seat by,-16.28125,2,2token,not_valid_noun
strollers,seat you,-16.28125,2,2token,not_valid_noun
strollers,gadget -,-16.28125,2,2token,not_valid_noun
strollers,baggage ______,-16.3125,2,2token,not_valid_noun
strollers,walker _______,-16.3125,2,2token,not_valid_noun
strollers,walker ...,-16.3125,2,2token,not_valid_noun
strollers,backpack in,-16.3125,2,2token,not_valid_noun
strollers,convenience when,-16.3125,2,2token,incomplete_phrase
strollers,store and,-16.3125,2,2token,incomplete_phrase
strollers,convenience _______,-16.3125,2,2token,not_valid_noun
strollers,c cot,-16.3125,2,2token,not_valid_noun
strollers,c on,-16.3125,2,2token,not_valid_noun
strollers,c c,-16.3125,2,2token,not_valid_noun
strollers,basket wheeled,-16.3125,2,2token,incomplete_phrase
strollers,basket Read,-16.3125,2,2token,not_valid_noun
strollers,basket A,-16.3125,2,2token,not_valid_noun
strollers,backpack bags,-16.3125,2,2token,not_valid_noun
strollers,backpack _____,-16.3125,2,2token,not_valid_noun
strollers,store ....,-16.3125,2,2token,not_valid_noun
strollers,store /,-16.3125,2,2token,not_valid_noun
strollers,people Carrier,-16.3125,2,2token,incomplete_phrase
strollers,people complete,-16.3125,2,2token,not_valid_noun
strollers,train and,-16.3125,2,2token,not_valid_noun
strollers,train ....,-16.3125,2,2token,not_valid_noun
strollers,train ____,-16.3125,2,2token,not_valid_noun
strollers,train _______,-16.3125,2,2token,not_valid_noun
strollers,ride =,-16.34375,2,2token,not_valid_noun
strollers,ride by,-16.34375,2,2token,not_valid_noun
strollers,shoe complete,-16.34375,2,2token,not_valid_noun
strollers,ride around,-16.34375,2,2token,not_valid_noun
strollers,bus and,-16.34375,2,2token,incomplete_phrase
strollers,instrument is,-16.34375,2,2token,not_valid_noun
strollers,ride Incomplete,-16.34375,2,2token,not_valid_noun
strollers,conveyance ________,-16.34375,2,2token,not_valid_noun
strollers,pra i,-16.34375,2,2token,not_valid_noun
strollers,< er,-16.34375,2,2token,not_valid_noun
strollers,< The,-16.34375,2,2token,not_valid_noun
strollers,< I,-16.34375,2,2token,not_valid_noun
strollers,< the,-16.34375,2,2token,not_valid_noun
strollers,book to,-16.34375,2,2token,not_valid_noun
strollers,book of,-16.34375,2,2token,not_valid_noun
strollers,wheelchair by,-16.34375,2,2token,not_valid_noun
strollers,wheelchair are,-16.34375,2,2token,incomplete_phrase
strollers,instrument -,-16.34375,2,2token,not_valid_noun
strollers,instrument ..,-16.34375,2,2token,not_valid_noun
strollers,< output,-16.34375,2,2token,not_valid_noun
strollers,instrument .....,-16.34375,2,2token,not_valid_noun
strollers,< sport,-16.34375,2,2token,not_valid_noun
strollers,musical ________,-16.34375,2,2token,not_valid_noun
strollers,trailer ...,-16.34375,2,2token,not_valid_noun
strollers,bus -,-16.34375,2,2token,not_valid_noun
strollers,n of,-16.34375,2,2token,not_valid_noun
strollers,………… complete,-16.34375,2,2token,not_valid_noun
strollers,article is,-16.34375,2,2token,not_valid_noun
strollers,shops ________,-16.34375,2,2token,not_valid_noun
strollers,book with,-16.34375,2,2token,incomplete_phrase
strollers,shops which,-16.34375,2,2token,incomplete_phrase
strollers,shops Read,-16.34375,2,2token,not_valid_noun
strollers,shops ...,-16.34375,2,2token,not_valid_noun
strollers,article -,-16.34375,2,2token,not_valid_noun
strollers,article about,-16.34375,2,2token,incomplete_phrase
strollers,Toy __________,-16.34375,2,2token,not_valid_noun
strollers,musical ____,-16.34375,2,2token,not_valid_noun
strollers,………… To,-16.34375,2,2token,not_valid_noun
strollers,carri on,-16.34375,2,2token,not_valid_noun
strollers,ball _____,-16.375,2,2token,not_valid_noun
strollers,ball ____,-16.375,2,2token,not_valid_noun
strollers,help carrying,-16.375,2,2token,not_valid_noun
strollers,scooter to,-16.375,2,2token,not_valid_noun
strollers,scooter ....,-16.375,2,2token,not_valid_noun
strollers,help or,-16.375,2,2token,not_valid_noun
strollers,ball -,-16.375,2,2token,not_valid_noun
strollers,bed -,-16.375,2,2token,not_valid_noun
strollers,c in,-16.375,2,2token,not_valid_noun
strollers,[ Select,-16.375,2,2token,not_valid_noun
strollers,carri __,-16.375,2,2token,not_valid_noun
strollers,carri ____________,-16.375,2,2token,not_valid_noun
strollers,accessories ________,-16.375,2,2token,not_valid_noun
strollers,kid of,-16.375,2,2token,not_valid_noun
strollers,bed of,-16.375,2,2token,not_valid_noun
strollers,"[ ],",-16.375,2,2token,not_valid_noun
strollers,accessories ....,-16.375,2,2token,not_valid_noun
strollers,bed is,-16.375,2,2token,not_valid_noun
strollers,fruit -,-16.40625,2,2token,not_valid_noun
strollers,product by,-16.40625,2,2token,not_valid_noun
strollers,kind =,-16.40625,2,2token,not_valid_noun
strollers,piece …,-16.40625,2,2token,not_valid_noun
strollers,fruit trol,-16.40625,2,2token,incomplete_phrase
strollers,fruit on,-16.40625,2,2token,not_valid_noun
strollers,carriages by,-16.40625,2,2token,not_valid_noun
strollers,suitcase used,-16.40625,2,2token,incomplete_phrase
strollers,boat or,-16.40625,2,2token,not_valid_noun
strollers,carriages is,-16.40625,2,2token,not_valid_noun
strollers,carriages,-16.40625,2,2token,not_valid_noun
strollers,carriages,-16.40625,2,2token,not_valid_noun
strollers,carriages filled,-16.40625,2,2token,not_valid_noun
strollers,carriages Full,-16.40625,2,2token,incomplete_phrase
strollers,carriages ….,-16.40625,2,2token,not_valid_noun
strollers,carriages ......,-16.40625,2,2token,not_valid_noun
strollers,appliance COMPLETE,-16.40625,2,2token,not_valid_noun
strollers,appliance called,-16.40625,2,2token,incomplete_phrase
strollers,carriages ___________,-16.40625,2,2token,not_valid_noun
strollers,appliance [,-16.40625,2,2token,not_valid_noun
strollers,"carriages ,",-16.40625,2,2token,not_valid_noun
strollers,carriages made,-16.40625,2,2token,incomplete_phrase
strollers,suitcase A,-16.40625,2,2token,not_valid_noun
strollers,tricycle a,-16.40625,2,2token,not_valid_noun
strollers,carts …,-16.40625,2,2token,not_valid_noun
strollers,carts completed,-16.40625,2,2token,not_valid_noun
strollers,carts made,-16.40625,2,2token,incomplete_phrase
strollers,n ______,-16.40625,2,2token,not_valid_noun
strollers,bug (,-16.40625,2,2token,not_valid_noun
strollers,mode (,-16.40625,2,2token,not_valid_noun
strollers,pull hand,-16.40625,2,2token,incomplete_phrase
strollers,means pf,-16.40625,2,2token,not_valid_noun
strollers,gadget we,-16.40625,2,2token,not_valid_noun
strollers,appliance is,-16.40625,2,2token,not_valid_noun
strollers,Pram I,-16.40625,2,2token,not_valid_noun
strollers,product Comple,-16.40625,2,2token,incomplete_phrase
strollers,carri __________,-16.40625,2,2token,not_valid_noun
strollers,game Read,-16.40625,2,2token,not_valid_noun
strollers,seat are,-16.40625,2,2token,incomplete_phrase
strollers,seat The,-16.40625,2,2token,incomplete_phrase
strollers,product -,-16.40625,2,2token,not_valid_noun
strollers,seat =,-16.40625,2,2token,not_valid_noun
strollers,store is,-16.4375,2,2token,not_valid_noun
strollers,blanket in,-16.4375,2,2token,not_valid_noun
strollers,< i,-16.4375,2,2token,not_valid_noun
strollers,basket ___________,-16.4375,2,2token,not_valid_noun
strollers,< an,-16.4375,2,2token,not_valid_noun
strollers,< e,-16.4375,2,2token,not_valid_noun
strollers,basket are,-16.4375,2,2token,incomplete_phrase
strollers,convenience _____,-16.4375,2,2token,not_valid_noun
strollers,< Blank,-16.4375,2,2token,not_valid_noun
strollers,conveyance complete,-16.4375,2,2token,not_valid_noun
strollers,people _______,-16.4375,2,2token,not_valid_noun
strollers,backpack ....,-16.4375,2,2token,not_valid_noun
strollers,conveyance and,-16.4375,2,2token,incomplete_phrase
strollers,walker ______,-16.4375,2,2token,not_valid_noun
strollers,people at,-16.4375,2,2token,not_valid_noun
strollers,walker to,-16.4375,2,2token,not_valid_noun
strollers,walker /,-16.4375,2,2token,not_valid_noun
strollers,backpack baby,-16.4375,2,2token,incomplete_phrase
strollers,coat in,-16.4375,2,2token,not_valid_noun
strollers,blanket with,-16.4375,2,2token,incomplete_phrase
strollers,………… Continue,-16.46875,2,2token,not_valid_noun
strollers,article [,-16.46875,2,2token,not_valid_noun
strollers,carri bags,-16.46875,2,2token,not_valid_noun
strollers,bus …,-16.46875,2,2token,not_valid_noun
strollers,pra y,-16.46875,2,2token,not_valid_noun
strollers,bus ....,-16.46875,2,2token,not_valid_noun
strollers,piece Of,-16.46875,2,2token,not_valid_noun
strollers,article _,-16.46875,2,2token,not_valid_noun
strollers,article called,-16.46875,2,2token,incomplete_phrase
strollers,………… There,-16.46875,2,2token,not_valid_noun
strollers,bus to,-16.46875,2,2token,not_valid_noun
strollers,shops ....,-16.46875,2,2token,not_valid_noun
strollers,book a,-16.46875,2,2token,not_valid_noun
strollers,book called,-16.46875,2,2token,incomplete_phrase
strollers,instrument __,-16.46875,2,2token,not_valid_noun
strollers,ride Read,-16.46875,2,2token,not_valid_noun
strollers,ride from,-16.46875,2,2token,not_valid_noun
strollers,instrument A,-16.46875,2,2token,not_valid_noun
strollers,ride you,-16.46875,2,2token,incomplete_phrase
strollers,instrument Use,-16.46875,2,2token,incomplete_phrase
strollers,instrument _.,-16.46875,2,2token,not_valid_noun
strollers,ride Find,-16.46875,2,2token,incomplete_phrase
strollers,book and,-16.46875,2,2token,incomplete_phrase
strollers,wheelchair :,-16.46875,2,2token,not_valid_noun
strollers,wheelchair …,-16.46875,2,2token,not_valid_noun
strollers,article designed,-16.46875,2,2token,incomplete_phrase
strollers,tools people,-16.46875,2,2token,incomplete_phrase
strollers,tools …,-16.46875,2,2token,not_valid_noun
strollers,wheelchair Read,-16.46875,2,2token,not_valid_noun
strollers,accessories Read,-16.5,2,2token,not_valid_noun
strollers,< p,-16.5,2,2token,not_valid_noun
strollers,accessories with,-16.5,2,2token,incomplete_phrase
strollers,carri g,-16.5,2,2token,not_valid_noun
strollers,[ item,-16.5,2,2token,not_valid_noun
strollers,ball _______,-16.5,2,2token,not_valid_noun
strollers,accessories we,-16.5,2,2token,not_valid_noun
strollers,scooter ________,-16.5,2,2token,not_valid_noun
strollers,game _____,-16.5,2,2token,not_valid_noun
strollers,ball on,-16.5,2,2token,not_valid_noun
strollers,ball of,-16.5,2,2token,not_valid_noun
strollers,bottle -,-16.5,2,2token,not_valid_noun
strollers,bottle used,-16.5,2,2token,incomplete_phrase
strollers,help _____,-16.5,2,2token,not_valid_noun
strollers,help _______,-16.5,2,2token,not_valid_noun
strollers,musical ______,-16.5,2,2token,not_valid_noun
strollers,musical …,-16.5,2,2token,not_valid_noun
strollers,ball point,-16.5,2,2token,incomplete_phrase
strollers,something someone,-16.53125,2,2token,incomplete_phrase
strollers,means Of,-16.53125,2,2token,not_valid_noun
strollers,gadget _____,-16.53125,2,2token,not_valid_noun
strollers,gadget ______,-16.53125,2,2token,not_valid_noun
strollers,appliance Answer,-16.53125,2,2token,not_valid_noun
strollers,means /,-16.53125,2,2token,not_valid_noun
strollers,appliance _,-16.53125,2,2token,not_valid_noun
strollers,fruit .....,-16.53125,2,2token,not_valid_noun
strollers,kind ....,-16.53125,2,2token,not_valid_noun
strollers,suitcase of,-16.53125,2,2token,not_valid_noun
strollers,appliance designed,-16.53125,2,2token,incomplete_phrase
strollers,product they,-16.53125,2,2token,incomplete_phrase
strollers,product related,-16.53125,2,2token,incomplete_phrase
strollers,kind -,-16.53125,2,2token,not_valid_noun
strollers,appliance ..,-16.53125,2,2token,not_valid_noun
strollers,boat ....,-16.53125,2,2token,not_valid_noun
strollers,boat with,-16.53125,2,2token,incomplete_phrase
strollers,chairs _____,-16.53125,2,2token,not_valid_noun
strollers,carri i,-16.5625,2,2token,not_valid_noun
strollers,book ______,-16.5625,2,2token,not_valid_noun
strollers,book ____,-16.5625,2,2token,not_valid_noun
strollers,n :,-16.5625,2,2token,not_valid_noun
strollers,carri s,-16.5625,2,2token,not_valid_noun
strollers,train _,-16.5625,2,2token,not_valid_noun
strollers,n ____,-16.5625,2,2token,not_valid_noun
strollers,shops of,-16.5625,2,2token,not_valid_noun
strollers,blanket used,-16.5625,2,2token,incomplete_phrase
strollers,store used,-16.5625,2,2token,incomplete_phrase
strollers,backpack _,-16.5625,2,2token,not_valid_noun
strollers,mode Of,-16.5625,2,2token,not_valid_noun
strollers,n …,-16.5625,2,2token,not_valid_noun
strollers,store the,-16.5625,2,2token,incomplete_phrase
strollers,store =,-16.5625,2,2token,not_valid_noun
strollers,baggage used,-16.5625,2,2token,incomplete_phrase
strollers,baggage you,-16.5625,2,2token,incomplete_phrase
strollers,walker in,-16.5625,2,2token,not_valid_noun
strollers,walker with,-16.5625,2,2token,incomplete_phrase
strollers,conveyance [,-16.5625,2,2token,not_valid_noun
strollers,conveyance ....,-16.5625,2,2token,not_valid_noun
strollers,mode to,-16.5625,2,2token,not_valid_noun
strollers,convenience ....,-16.5625,2,2token,not_valid_noun
strollers,store you,-16.5625,2,2token,incomplete_phrase
strollers,store which,-16.5625,2,2token,incomplete_phrase
strollers,pra p,-16.59375,2,2token,not_valid_noun
strollers,wheelchair /,-16.59375,2,2token,not_valid_noun
strollers,wheelchair [,-16.59375,2,2token,not_valid_noun
strollers,wheelchair which,-16.59375,2,2token,incomplete_phrase
strollers,Toy to,-16.59375,2,2token,not_valid_noun
strollers,Toy incomplete,-16.59375,2,2token,not_valid_noun
strollers,piece pf,-16.59375,2,2token,not_valid_noun
strollers,………… What,-16.59375,2,2token,not_valid_noun
strollers,article we,-16.59375,2,2token,not_valid_noun
strollers,article …,-16.59375,2,2token,not_valid_noun
strollers,Toy which,-16.59375,2,2token,incomplete_phrase
strollers,article ..,-16.59375,2,2token,not_valid_noun
strollers,bus _______,-16.59375,2,2token,not_valid_noun
strollers,trailer with,-16.59375,2,2token,incomplete_phrase
strollers,means ....,-16.59375,2,2token,not_valid_noun
strollers,shoe ...,-16.59375,2,2token,not_valid_noun
strollers,tools necessary,-16.59375,2,2token,incomplete_phrase
strollers,Toy are,-16.59375,2,2token,incomplete_phrase
strollers,Toy ___,-16.59375,2,2token,not_valid_noun
strollers,tools complete,-16.59375,2,2token,not_valid_noun
strollers,< your,-16.625,2,2token,not_valid_noun
strollers,< is,-16.625,2,2token,not_valid_noun
strollers,game of,-16.625,2,2token,not_valid_noun
strollers,< Complete,-16.625,2,2token,not_valid_noun
strollers,bottle which,-16.625,2,2token,incomplete_phrase
strollers,help ______,-16.625,2,2token,not_valid_noun
strollers,bicycles ____,-16.625,2,2token,not_valid_noun
strollers,scooter in,-16.625,2,2token,not_valid_noun
strollers,bottle on,-16.625,2,2token,not_valid_noun
strollers,bottle .....,-16.625,2,2token,not_valid_noun
strollers,bed .....,-16.625,2,2token,not_valid_noun
strollers,carri ___________,-16.625,2,2token,not_valid_noun
strollers,bed ____,-16.625,2,2token,not_valid_noun
strollers,bed time,-16.625,2,2token,incomplete_phrase
strollers,ball |,-16.625,2,2token,not_valid_noun
strollers,boat in,-16.625,2,2token,not_valid_noun
strollers,kind ?,-16.65625,2,2token,not_valid_noun
strollers,kind COMPLETE,-16.65625,2,2token,not_valid_noun
strollers,kind _________,-16.65625,2,2token,not_valid_noun
strollers,kind on,-16.65625,2,2token,not_valid_noun
strollers,fruit with,-16.65625,2,2token,incomplete_phrase
strollers,fruit baby,-16.65625,2,2token,incomplete_phrase
strollers,something ....,-16.65625,2,2token,not_valid_noun
strollers,pra …,-16.65625,2,2token,not_valid_noun
strollers,pra ________,-16.65625,2,2token,not_valid_noun
strollers,appliance …,-16.65625,2,2token,not_valid_noun
strollers,gadget needed,-16.65625,2,2token,incomplete_phrase
strollers,something -,-16.65625,2,2token,not_valid_noun
strollers,product are,-16.65625,2,2token,incomplete_phrase
strollers,gadget [,-16.65625,2,2token,not_valid_noun
strollers,gadget is,-16.65625,2,2token,not_valid_noun
strollers,chairs which,-16.65625,2,2token,incomplete_phrase
strollers,tricycle COMPLETE,-16.65625,2,2token,not_valid_noun
strollers,n umbrella,-16.6875,2,2token,not_valid_noun
strollers,train -,-16.6875,2,2token,not_valid_noun
strollers,bus The,-16.6875,2,2token,incomplete_phrase
strollers,bus with,-16.6875,2,2token,incomplete_phrase
strollers,bus ______,-16.6875,2,2token,not_valid_noun
strollers,bus a,-16.6875,2,2token,not_valid_noun
strollers,convenience /,-16.6875,2,2token,not_valid_noun
strollers,walker ....,-16.6875,2,2token,not_valid_noun
strollers,handbag ...,-16.6875,2,2token,not_valid_noun
strollers,baggage _____,-16.6875,2,2token,not_valid_noun
strollers,baggage ....,-16.6875,2,2token,not_valid_noun
strollers,baggage Read,-16.6875,2,2token,not_valid_noun
strollers,furn it,-16.6875,2,2token,not_valid_noun
strollers,people Carry,-16.6875,2,2token,incomplete_phrase
strollers,conveyance Read,-16.6875,2,2token,not_valid_noun
strollers,conveyance by,-16.6875,2,2token,not_valid_noun
strollers,baggage ____________,-16.6875,2,2token,not_valid_noun
strollers,people -,-16.6875,2,2token,not_valid_noun
strollers,baggage -,-16.6875,2,2token,not_valid_noun
strollers,book ________,-16.6875,2,2token,not_valid_noun
strollers,book shel,-16.6875,2,2token,incomplete_phrase
strollers,carri ng,-16.6875,2,2token,not_valid_noun
strollers,n _________,-16.6875,2,2token,not_valid_noun
strollers,handbag ....,-16.6875,2,2token,not_valid_noun
strollers,carri for,-16.6875,2,2token,incomplete_phrase
strollers,backpack -,-16.6875,2,2token,not_valid_noun
strollers,backpack are,-16.6875,2,2token,incomplete_phrase
strollers,people _____,-16.6875,2,2token,not_valid_noun
strollers,backpack /,-16.6875,2,2token,not_valid_noun
strollers,< to,-16.6875,2,2token,not_valid_noun
strollers,< type,-16.6875,2,2token,not_valid_noun
strollers,walker _____,-16.6875,2,2token,not_valid_noun
strollers,book _,-16.6875,2,2token,not_valid_noun
strollers,book Bag,-16.6875,2,2token,incomplete_phrase
strollers,blanket ....,-16.6875,2,2token,not_valid_noun
strollers,means -,-16.71875,2,2token,not_valid_noun
strollers,trailer used,-16.71875,2,2token,incomplete_phrase
strollers,trailer to,-16.71875,2,2token,not_valid_noun
strollers,pra and,-16.71875,2,2token,incomplete_phrase
strollers,shoe ....,-16.71875,2,2token,not_valid_noun
strollers,means __________,-16.71875,2,2token,not_valid_noun
strollers,tools -,-16.71875,2,2token,not_valid_noun
strollers,article by,-16.71875,2,2token,not_valid_noun
strollers,article ___________,-16.71875,2,2token,not_valid_noun
strollers,wheelchair Incomplete,-16.71875,2,2token,not_valid_noun
strollers,………… Also,-16.71875,2,2token,not_valid_noun
strollers,article suitable,-16.71875,2,2token,incomplete_phrase
strollers,article .....,-16.71875,2,2token,not_valid_noun
strollers,article necessary,-16.71875,2,2token,incomplete_phrase
strollers,st le,-16.71875,2,2token,not_valid_noun
strollers,…………,-16.71875,2,2token,not_valid_noun
strollers,………… This,-16.71875,2,2token,not_valid_noun
strollers,means which,-16.71875,2,2token,incomplete_phrase
strollers,means the,-16.71875,2,2token,incomplete_phrase
strollers,pra _________,-16.71875,2,2token,not_valid_noun
strollers,wheelchair ….,-16.71875,2,2token,not_valid_noun
strollers,article ____________,-16.71875,2,2token,not_valid_noun
strollers,whe ….,-16.71875,2,2token,not_valid_noun
strollers,musical ....,-16.75,2,2token,not_valid_noun
strollers,help other,-16.75,2,2token,not_valid_noun
strollers,boat ________,-16.75,2,2token,not_valid_noun
strollers,help needed,-16.75,2,2token,incomplete_phrase
strollers,ball rolling,-16.75,2,2token,incomplete_phrase
strollers,ball ______,-16.75,2,2token,not_valid_noun
strollers,ball to,-16.75,2,2token,not_valid_noun
strollers,ball by,-16.75,2,2token,not_valid_noun
strollers,n is,-16.75,2,2token,not_valid_noun
strollers,n things,-16.75,2,2token,not_valid_noun
strollers,ball Which,-16.75,2,2token,incomplete_phrase
strollers,ball which,-16.75,2,2token,incomplete_phrase
strollers,boat to,-16.75,2,2token,not_valid_noun
strollers,[ object,-16.75,2,2token,not_valid_noun
strollers,help mom,-16.75,2,2token,incomplete_phrase
strollers,accessories _______,-16.75,2,2token,not_valid_noun
strollers,[ ________,-16.75,2,2token,not_valid_noun
strollers,carri in,-16.75,2,2token,not_valid_noun
strollers,help ....,-16.75,2,2token,not_valid_noun
strollers,whe is,-16.75,2,2token,not_valid_noun
strollers,< li,-16.75,2,2token,not_valid_noun
strollers,< em,-16.75,2,2token,not_valid_noun
strollers,carri _____,-16.75,2,2token,not_valid_noun
strollers,[ ]:,-16.75,2,2token,not_valid_noun
strollers,appliance completed,-16.78125,2,2token,not_valid_noun
strollers,appliance Comple,-16.78125,2,2token,incomplete_phrase
strollers,appliance made,-16.78125,2,2token,incomplete_phrase
strollers,kind A,-16.78125,2,2token,not_valid_noun
strollers,___,-16.78125,2,2token,not_valid_noun
strollers,gadget :,-16.78125,2,2token,not_valid_noun
strollers,st what,-16.78125,2,2token,not_valid_noun
strollers,product the,-16.78125,2,2token,incomplete_phrase
strollers,piece in,-16.78125,2,2token,not_valid_noun
strollers,piece on,-16.78125,2,2token,not_valid_noun
strollers,tricycle /,-16.78125,2,2token,not_valid_noun
strollers,tricycle .....,-16.78125,2,2token,not_valid_noun
strollers,fruit ..,-16.78125,2,2token,not_valid_noun
strollers,st to,-16.78125,2,2token,not_valid_noun
strollers,"st ,",-16.78125,2,2token,not_valid_noun
strollers,product .....,-16.78125,2,2token,not_valid_noun
strollers,gadget …,-16.78125,2,2token,not_valid_noun
strollers,product …,-16.78125,2,2token,not_valid_noun
strollers,chairs -,-16.78125,2,2token,not_valid_noun
strollers,n baby,-16.8125,2,2token,not_valid_noun
strollers,bus A,-16.8125,2,2token,not_valid_noun
strollers,bus /,-16.8125,2,2token,not_valid_noun
strollers,n in,-16.8125,2,2token,not_valid_noun
strollers,handbag with,-16.8125,2,2token,incomplete_phrase
strollers,handbag in,-16.8125,2,2token,not_valid_noun
strollers,whe ....,-16.8125,2,2token,not_valid_noun
strollers,carri of,-16.8125,2,2token,not_valid_noun
strollers,carri or,-16.8125,2,2token,not_valid_noun
strollers,blanket Full,-16.8125,2,2token,incomplete_phrase
strollers,shops _______,-16.8125,2,2token,not_valid_noun
strollers,blanket Read,-16.8125,2,2token,not_valid_noun
strollers,book are,-16.8125,2,2token,incomplete_phrase
strollers,book by,-16.8125,2,2token,not_valid_noun
strollers,blanket is,-16.8125,2,2token,not_valid_noun
strollers,< $,-16.8125,2,2token,not_valid_noun
strollers,backpack Fill,-16.8125,2,2token,not_valid_noun
strollers,people of,-16.8125,2,2token,not_valid_noun
strollers,people is,-16.8125,2,2token,not_valid_noun
strollers,backpack which,-16.8125,2,2token,incomplete_phrase
strollers,backpack Full,-16.8125,2,2token,incomplete_phrase
strollers,mode fo,-16.8125,2,2token,not_valid_noun
strollers,baggage /,-16.8125,2,2token,not_valid_noun
strollers,baggage which,-16.8125,2,2token,incomplete_phrase
strollers,people ...,-16.8125,2,2token,not_valid_noun
strollers,something other,-16.8125,2,2token,incomplete_phrase
strollers,something ____,-16.8125,2,2token,not_valid_noun
strollers,people called,-16.8125,2,2token,incomplete_phrase
strollers,conveyance -,-16.8125,2,2token,not_valid_noun
strollers,conveyance with,-16.8125,2,2token,incomplete_phrase
strollers,people ______,-16.8125,2,2token,not_valid_noun
strollers,baggage is,-16.8125,2,2token,not_valid_noun
strollers,bus complete,-16.8125,2,2token,not_valid_noun
strollers,article the,-16.84375,2,2token,incomplete_phrase
strollers,tools,-16.84375,2,2token,not_valid_noun
strollers,………… It,-16.84375,2,2token,not_valid_noun
strollers,………… Food,-16.84375,2,2token,not_valid_noun
strollers,st i,-16.84375,2,2token,not_valid_noun
strollers,st john,-16.84375,2,2token,not_valid_noun
strollers,………… Choose,-16.84375,2,2token,not_valid_noun
strollers,pra ____,-16.84375,2,2token,not_valid_noun
strollers,………… You,-16.84375,2,2token,not_valid_noun
strollers,piece fo,-16.84375,2,2token,not_valid_noun
strollers,bug for,-16.84375,2,2token,not_valid_noun
strollers,wheelchair Full,-16.84375,2,2token,incomplete_phrase
strollers,wheelchair Correct,-16.84375,2,2token,not_valid_noun
strollers,wheelchair ____________,-16.84375,2,2token,not_valid_noun
strollers,wheelchair ___________,-16.84375,2,2token,not_valid_noun
strollers,pra a,-16.84375,2,2token,not_valid_noun
strollers,means [,-16.84375,2,2token,not_valid_noun
strollers,means ___,-16.84375,2,2token,not_valid_noun
strollers,tools Use,-16.84375,2,2token,incomplete_phrase
strollers,bottle ________,-16.875,2,2token,not_valid_noun
strollers,game with,-16.875,2,2token,incomplete_phrase
strollers,game COMPLETE,-16.875,2,2token,not_valid_noun
strollers,ball made,-16.875,2,2token,incomplete_phrase
strollers,boat _______,-16.875,2,2token,not_valid_noun
strollers,bottle Warm,-16.875,2,2token,incomplete_phrase
strollers,[ toy,-16.875,2,2token,not_valid_noun
strollers,help them,-16.875,2,2token,incomplete_phrase
strollers,scooter _______,-16.875,2,2token,not_valid_noun
strollers,accessories when,-16.875,2,2token,incomplete_phrase
strollers,accessories ______,-16.875,2,2token,not_valid_noun
strollers,game Play,-16.875,2,2token,incomplete_phrase
strollers,carri .....,-16.875,2,2token,not_valid_noun
strollers,whe __,-16.875,2,2token,not_valid_noun
strollers,scooter -,-16.875,2,2token,not_valid_noun
strollers,bed ______,-16.875,2,2token,not_valid_noun
strollers,accessories -,-16.875,2,2token,not_valid_noun
strollers,n for,-16.875,2,2token,not_valid_noun
strollers,bed used,-16.875,2,2token,incomplete_phrase
strollers,bed complete,-16.875,2,2token,not_valid_noun
strollers,n A,-16.875,2,2token,not_valid_noun
strollers,bed with,-16.875,2,2token,incomplete_phrase
strollers,appliance like,-16.90625,2,2token,incomplete_phrase
strollers,tricycle _____,-16.90625,2,2token,not_valid_noun
strollers,gadget ..,-16.90625,2,2token,not_valid_noun
strollers,tricycle A,-16.90625,2,2token,not_valid_noun
strollers,st george,-16.90625,2,2token,not_valid_noun
strollers,pra [,-16.90625,2,2token,not_valid_noun
strollers,pra the,-16.90625,2,2token,incomplete_phrase
strollers,st ....,-16.90625,2,2token,not_valid_noun
strollers,pra |,-16.90625,2,2token,not_valid_noun
strollers,st nd,-16.90625,2,2token,not_valid_noun
strollers,bug in,-16.90625,2,2token,not_valid_noun
strollers,appliance we,-16.90625,2,2token,not_valid_noun
strollers,appliance needed,-16.90625,2,2token,incomplete_phrase
strollers,appliance ......,-16.90625,2,2token,not_valid_noun
strollers,fruit ........,-16.90625,2,2token,not_valid_noun
strollers,chairs A,-16.90625,2,2token,not_valid_noun
strollers,appliance _.,-16.90625,2,2token,not_valid_noun
strollers,pra am,-16.90625,2,2token,not_valid_noun
strollers,piece to,-16.90625,2,2token,not_valid_noun
strollers,pra c,-16.90625,2,2token,not_valid_noun
strollers,gadget Answer,-16.90625,2,2token,not_valid_noun
strollers,shops -,-16.9375,2,2token,not_valid_noun
strollers,coat on,-16.9375,2,2token,not_valid_noun
strollers,coat hang,-16.9375,2,2token,incomplete_phrase
strollers,coat -,-16.9375,2,2token,not_valid_noun
strollers,n Baby,-16.9375,2,2token,not_valid_noun
strollers,backpack The,-16.9375,2,2token,incomplete_phrase
strollers,walker which,-16.9375,2,2token,incomplete_phrase
strollers,walker ____,-16.9375,2,2token,not_valid_noun
strollers,walker -,-16.9375,2,2token,not_valid_noun
strollers,n I,-16.9375,2,2token,not_valid_noun
strollers,baggage are,-16.9375,2,2token,incomplete_phrase
strollers,musical (,-16.9375,2,2token,not_valid_noun
strollers,people ha,-16.9375,2,2token,not_valid_noun
strollers,book which,-16.9375,2,2token,incomplete_phrase
strollers,blanket _____,-16.9375,2,2token,not_valid_noun
strollers,baggage __,-16.9375,2,2token,not_valid_noun
strollers,conveyance _______,-16.9375,2,2token,not_valid_noun
strollers,walker is,-16.9375,2,2token,not_valid_noun
strollers,something at,-16.9375,2,2token,not_valid_noun
strollers,something very,-16.9375,2,2token,incomplete_phrase
strollers,something is,-16.9375,2,2token,not_valid_noun
strollers,backpack used,-16.9375,2,2token,incomplete_phrase
strollers,carri :,-16.9375,2,2token,not_valid_noun
strollers,[ -,-16.9375,2,2token,not_valid_noun
strollers,[,-16.9375,2,2token,not_valid_noun
strollers,conveyance a,-16.9375,2,2token,not_valid_noun
strollers,backpack a,-16.9375,2,2token,not_valid_noun
strollers,backpack,-16.9375,2,2token,not_valid_noun
strollers,trol ...,-16.96875,2,2token,not_valid_noun
strollers,………… How,-16.96875,2,2token,not_valid_noun
strollers,st rollers,-16.96875,2,2token,not_valid_noun
strollers,tools they,-16.96875,2,2token,incomplete_phrase
strollers,means mode,-16.96875,2,2token,incomplete_phrase
strollers,………… They,-16.96875,2,2token,not_valid_noun
strollers,tools ___________,-16.96875,2,2token,not_valid_noun
strollers,tools ….,-16.96875,2,2token,not_valid_noun
strollers,means transporting,-16.96875,2,2token,not_valid_noun
strollers,tools [,-16.96875,2,2token,not_valid_noun
strollers,scooter COMPLETE,-17.0,2,2token,not_valid_noun
strollers,n toys,-17.0,2,2token,not_valid_noun
strollers,n and,-17.0,2,2token,not_valid_noun
strollers,n st,-17.0,2,2token,not_valid_noun
strollers,n children,-17.0,2,2token,not_valid_noun
strollers,accessories available,-17.0,2,2token,incomplete_phrase
strollers,ball a,-17.0,2,2token,not_valid_noun
strollers,scooter ______,-17.0,2,2token,not_valid_noun
strollers,game -,-17.0,2,2token,not_valid_noun
strollers,carri The,-17.0,2,2token,incomplete_phrase
strollers,scooter which,-17.0,2,2token,incomplete_phrase
strollers,scooter used,-17.0,2,2token,incomplete_phrase
strollers,game incomplete,-17.0,2,2token,not_valid_noun
strollers,musical percussion,-17.0,2,2token,incomplete_phrase
strollers,bicycles used,-17.0,2,2token,incomplete_phrase
strollers,bicycles to,-17.0,2,2token,not_valid_noun
strollers,bicycles ______,-17.0,2,2token,not_valid_noun
strollers,accessories /,-17.0,2,2token,not_valid_noun
strollers,bed ________,-17.0,2,2token,not_valid_noun
strollers,bed _,-17.0,2,2token,not_valid_noun
strollers,bed _.,-17.0,2,2token,not_valid_noun
strollers,furn,-17.0,2,2token,not_valid_noun
strollers,game ....,-17.0,2,2token,not_valid_noun
strollers,carri ..,-17.0,2,2token,not_valid_noun
strollers,trailer is,-17.0,2,2token,not_valid_noun
strollers,bottle /,-17.0,2,2token,not_valid_noun
strollers,pra ce,-17.03125,2,2token,not_valid_noun
strollers,gadget by,-17.03125,2,2token,not_valid_noun
strollers,pra cr,-17.03125,2,2token,not_valid_noun
strollers,gadget the,-17.03125,2,2token,incomplete_phrase
strollers,tricycle :,-17.03125,2,2token,not_valid_noun
strollers,tricycle The,-17.03125,2,2token,incomplete_phrase
strollers,gadget Incomplete,-17.03125,2,2token,not_valid_noun
strollers,gadget .....,-17.03125,2,2token,not_valid_noun
strollers,chairs at,-17.03125,2,2token,not_valid_noun
strollers,chairs The,-17.03125,2,2token,incomplete_phrase
strollers,chairs a,-17.03125,2,2token,not_valid_noun
strollers,chairs on,-17.03125,2,2token,not_valid_noun
strollers,n ....,-17.0625,2,2token,not_valid_noun
strollers,n thing,-17.0625,2,2token,not_valid_noun
strollers,n car,-17.0625,2,2token,not_valid_noun
strollers,n _____,-17.0625,2,2token,not_valid_noun
strollers,shoe ________,-17.0625,2,2token,not_valid_noun
strollers,"carri ,",-17.0625,2,2token,not_valid_noun
strollers,carri ……,-17.0625,2,2token,not_valid_noun
strollers,backpack,-17.0625,2,2token,not_valid_noun
strollers,book you,-17.0625,2,2token,incomplete_phrase
strollers,blanket -,-17.0625,2,2token,not_valid_noun
strollers,blanket _______,-17.0625,2,2token,not_valid_noun
strollers,book -,-17.0625,2,2token,not_valid_noun
strollers,coat is,-17.0625,2,2token,not_valid_noun
strollers,coat _,-17.0625,2,2token,not_valid_noun
strollers,[ (,-17.0625,2,2token,not_valid_noun
strollers,whe in,-17.0625,2,2token,not_valid_noun
strollers,whe the,-17.0625,2,2token,not_valid_noun
strollers,walker COMPLETE,-17.0625,2,2token,not_valid_noun
strollers,walker Read,-17.0625,2,2token,not_valid_noun
strollers,[ something,-17.0625,2,2token,not_valid_noun
strollers,bus ___,-17.0625,2,2token,not_valid_noun
strollers,handbag Read,-17.0625,2,2token,not_valid_noun
strollers,backpack A,-17.0625,2,2token,not_valid_noun
strollers,something of,-17.0625,2,2token,not_valid_noun
strollers,something _______,-17.0625,2,2token,not_valid_noun
strollers,conveyance ____,-17.0625,2,2token,not_valid_noun
strollers,conveyance /,-17.0625,2,2token,not_valid_noun
strollers,backpack on,-17.0625,2,2token,not_valid_noun
strollers,coat _______,-17.0625,2,2token,not_valid_noun
strollers,coat ....,-17.0625,2,2token,not_valid_noun
strollers,coat with,-17.0625,2,2token,incomplete_phrase
strollers,………… “,-17.09375,2,2token,not_valid_noun
strollers,pra par,-17.09375,2,2token,incomplete_phrase
strollers,pra for,-17.09375,2,2token,incomplete_phrase
strollers,means with,-17.09375,2,2token,not_valid_noun
strollers,bug ...,-17.09375,2,2token,not_valid_noun
strollers,………… …..,-17.09375,2,2token,not_valid_noun
strollers,tools _________,-17.09375,2,2token,not_valid_noun
strollers,trol (,-17.09375,2,2token,not_valid_noun
strollers,tools .....,-17.09375,2,2token,not_valid_noun
strollers,tools around,-17.09375,2,2token,incomplete_phrase
strollers,pra What,-17.09375,2,2token,incomplete_phrase
strollers,pra x,-17.09375,2,2token,not_valid_noun
strollers,pra de,-17.09375,2,2token,not_valid_noun
strollers,st baby,-17.09375,2,2token,not_valid_noun
strollers,tools like,-17.09375,2,2token,incomplete_phrase
strollers,piece od,-17.09375,2,2token,not_valid_noun
strollers,st This,-17.09375,2,2token,not_valid_noun
strollers,st u,-17.09375,2,2token,not_valid_noun
strollers,st francis,-17.09375,2,2token,not_valid_noun
strollers,st _______,-17.09375,2,2token,not_valid_noun
strollers,st les,-17.09375,2,2token,not_valid_noun
strollers,tools :,-17.09375,2,2token,not_valid_noun
strollers,n *,-17.125,2,2token,not_valid_noun
strollers,musical _______,-17.125,2,2token,not_valid_noun
strollers,bottle The,-17.125,2,2token,incomplete_phrase
strollers,boat on,-17.125,2,2token,not_valid_noun
strollers,bed The,-17.125,2,2token,incomplete_phrase
strollers,accessories required,-17.125,2,2token,not_valid_noun
strollers,carri is,-17.125,2,2token,not_valid_noun
strollers,accessories ____,-17.125,2,2token,not_valid_noun
strollers,bed _____,-17.125,2,2token,not_valid_noun
strollers,trailer and,-17.125,2,2token,incomplete_phrase
strollers,game :,-17.125,2,2token,not_valid_noun
strollers,game /,-17.125,2,2token,not_valid_noun
strollers,trailer ....,-17.125,2,2token,not_valid_noun
strollers,game children,-17.125,2,2token,incomplete_phrase
strollers,musical in,-17.125,2,2token,not_valid_noun
strollers,carri |,-17.125,2,2token,not_valid_noun
strollers,accessories _____,-17.125,2,2token,not_valid_noun
strollers,carri to,-17.125,2,2token,not_valid_noun
strollers,n you,-17.125,2,2token,not_valid_noun
strollers,bottle …,-17.125,2,2token,not_valid_noun
strollers,trailer ________,-17.125,2,2token,not_valid_noun
strollers,tricycle ..,-17.15625,2,2token,not_valid_noun
strollers,chairs of,-17.15625,2,2token,not_valid_noun
strollers,chairs /,-17.15625,2,2token,not_valid_noun
strollers,tricycle by,-17.15625,2,2token,not_valid_noun
strollers,bug __,-17.15625,2,2token,not_valid_noun
strollers,pra _,-17.15625,2,2token,not_valid_noun
strollers,pra /,-17.15625,2,2token,not_valid_noun
strollers,gadget _,-17.15625,2,2token,not_valid_noun
strollers,gadget The,-17.15625,2,2token,incomplete_phrase
strollers,st up,-17.15625,2,2token,not_valid_noun
strollers,st [...],-17.15625,2,2token,not_valid_noun
strollers,means ____________,-17.15625,2,2token,not_valid_noun
strollers,gadget called,-17.15625,2,2token,incomplete_phrase
strollers,means,-17.15625,2,2token,not_valid_noun
strollers,tricycle …,-17.15625,2,2token,not_valid_noun
strollers,means get,-17.15625,2,2token,incomplete_phrase
strollers,[ _____,-17.1875,2,2token,not_valid_noun
strollers,[ Choose,-17.1875,2,2token,not_valid_noun
strollers,n equipment,-17.1875,2,2token,not_valid_noun
strollers,n on,-17.1875,2,2token,not_valid_noun
strollers,"[ ,",-17.1875,2,2token,not_valid_noun
strollers,bus Full,-17.1875,2,2token,incomplete_phrase
strollers,bus .....,-17.1875,2,2token,not_valid_noun
strollers,carri c,-17.1875,2,2token,not_valid_noun
strollers,carri ag,-17.1875,2,2token,not_valid_noun
strollers,handbag ________,-17.1875,2,2token,not_valid_noun
strollers,bus ..,-17.1875,2,2token,not_valid_noun
strollers,bus which,-17.1875,2,2token,incomplete_phrase
strollers,bus _,-17.1875,2,2token,not_valid_noun
strollers,[ +,-17.1875,2,2token,not_valid_noun
strollers,[ =,-17.1875,2,2token,not_valid_noun
strollers,walker A,-17.1875,2,2token,not_valid_noun
strollers,whe and,-17.1875,2,2token,incomplete_phrase
strollers,something …,-17.1875,2,2token,not_valid_noun
strollers,something needed,-17.1875,2,2token,incomplete_phrase
strollers,shops /,-17.1875,2,2token,not_valid_noun
strollers,something the,-17.1875,2,2token,incomplete_phrase
strollers,backpack …,-17.1875,2,2token,not_valid_noun
strollers,conveyance is,-17.1875,2,2token,not_valid_noun
strollers,backpack ___________,-17.1875,2,2token,not_valid_noun
strollers,backpack ____________,-17.1875,2,2token,not_valid_noun
strollers,backpack .....,-17.1875,2,2token,not_valid_noun
strollers,backpack _.,-17.1875,2,2token,not_valid_noun
strollers,backpack ….,-17.1875,2,2token,not_valid_noun
strollers,coat ____,-17.1875,2,2token,not_valid_noun
strollers,st model,-17.21875,2,2token,not_valid_noun
strollers,,-17.21875,2,2token,not_valid_noun
strollers,pra e,-17.21875,2,2token,not_valid_noun
strollers,………… Make,-17.21875,2,2token,not_valid_noun
strollers,………… Are,-17.21875,2,2token,not_valid_noun
strollers,………… :,-17.21875,2,2token,not_valid_noun
strollers,………… of,-17.21875,2,2token,not_valid_noun
strollers,means are,-17.21875,2,2token,incomplete_phrase
strollers,pra ch,-17.21875,2,2token,not_valid_noun
strollers,………… Change,-17.21875,2,2token,not_valid_noun
strollers,bed _______,-17.25,2,2token,not_valid_noun
strollers,"n ,",-17.25,2,2token,not_valid_noun
strollers,bottle Read,-17.25,2,2token,not_valid_noun
strollers,bed are,-17.25,2,2token,incomplete_phrase
strollers,boat and,-17.25,2,2token,incomplete_phrase
strollers,accessories children,-17.25,2,2token,incomplete_phrase
strollers,game at,-17.25,2,2token,not_valid_noun
strollers,accessories :,-17.25,2,2token,not_valid_noun
strollers,accessories suitable,-17.25,2,2token,incomplete_phrase
strollers,bed which,-17.25,2,2token,incomplete_phrase
strollers,bed made,-17.25,2,2token,incomplete_phrase
strollers,accessories …,-17.25,2,2token,not_valid_noun
strollers,accessories A,-17.25,2,2token,not_valid_noun
strollers,bicycles COMPLETE,-17.25,2,2token,not_valid_noun
strollers,bicycles a,-17.25,2,2token,not_valid_noun
strollers,bicycles _____,-17.25,2,2token,not_valid_noun
strollers,bicycles -,-17.25,2,2token,not_valid_noun
strollers,bottle [,-17.25,2,2token,not_valid_noun
strollers,boat ____,-17.25,2,2token,not_valid_noun
strollers,n when,-17.25,2,2token,not_valid_noun
strollers,accessories made,-17.25,2,2token,incomplete_phrase
strollers,st ..,-17.28125,2,2token,not_valid_noun
strollers,,-17.28125,2,2token,not_valid_noun
strollers,tricycle of,-17.28125,2,2token,not_valid_noun
strollers,st joseph,-17.28125,2,2token,not_valid_noun
strollers,tricycle Fill,-17.28125,2,2token,not_valid_noun
strollers,tricycle _,-17.28125,2,2token,not_valid_noun
strollers,bug that,-17.28125,2,2token,incomplete_phrase
strollers,pra –,-17.28125,2,2token,not_valid_noun
strollers,chairs COMPLETE,-17.28125,2,2token,not_valid_noun
strollers,chairs .....,-17.28125,2,2token,not_valid_noun
strollers,bug ____,-17.28125,2,2token,not_valid_noun
strollers,bug ___,-17.28125,2,2token,not_valid_noun
strollers,bug or,-17.28125,2,2token,not_valid_noun
strollers,chairs Read,-17.28125,2,2token,not_valid_noun
strollers,pra che,-17.28125,2,2token,incomplete_phrase
strollers,chairs :,-17.28125,2,2token,not_valid_noun
strollers,shoe _______,-17.3125,2,2token,not_valid_noun
strollers,shoe ______,-17.3125,2,2token,not_valid_noun
strollers,coat made,-17.3125,2,2token,incomplete_phrase
strollers,[ [,-17.3125,2,2token,not_valid_noun
strollers,[ A,-17.3125,2,2token,not_valid_noun
strollers,[ i,-17.3125,2,2token,not_valid_noun
strollers,[ appliance,-17.3125,2,2token,not_valid_noun
strollers,mode if,-17.3125,2,2token,not_valid_noun
strollers,whe e,-17.3125,2,2token,not_valid_noun
strollers,whe ll,-17.3125,2,2token,not_valid_noun
strollers,mode …,-17.3125,2,2token,not_valid_noun
strollers,mode ________,-17.3125,2,2token,not_valid_noun
strollers,shops a,-17.3125,2,2token,not_valid_noun
strollers,shops A,-17.3125,2,2token,not_valid_noun
strollers,whe en,-17.3125,2,2token,not_valid_noun
strollers,blanket Cover,-17.3125,2,2token,incomplete_phrase
strollers,conveyance designed,-17.3125,2,2token,incomplete_phrase
strollers,conveyance made,-17.3125,2,2token,incomplete_phrase
strollers,conveyance _,-17.3125,2,2token,not_valid_noun
strollers,conveyance called,-17.3125,2,2token,incomplete_phrase
strollers,handbag to,-17.3125,2,2token,not_valid_noun
strollers,handbag is,-17.3125,2,2token,not_valid_noun
strollers,bus are,-17.3125,2,2token,incomplete_phrase
strollers,shoe that,-17.3125,2,2token,incomplete_phrase
strollers,n to,-17.3125,2,2token,not_valid_noun
strollers,conveyance ..,-17.3125,2,2token,not_valid_noun
strollers,………… Example,-17.34375,2,2token,not_valid_noun
strollers,st wheels,-17.34375,2,2token,not_valid_noun
strollers,………… Each,-17.34375,2,2token,not_valid_noun
strollers,………… We,-17.34375,2,2token,not_valid_noun
strollers,st in,-17.34375,2,2token,not_valid_noun
strollers,pra =,-17.34375,2,2token,not_valid_noun
strollers,bug _____,-17.34375,2,2token,not_valid_noun
strollers,"pra ,",-17.34375,2,2token,not_valid_noun
strollers,pra The,-17.34375,2,2token,incomplete_phrase
strollers,………… Find,-17.34375,2,2token,not_valid_noun
strollers,[ ),-17.375,2,2token,not_valid_noun
strollers,accessories during,-17.375,2,2token,incomplete_phrase
strollers,scooter Fill,-17.375,2,2token,not_valid_noun
strollers,scooter are,-17.375,2,2token,incomplete_phrase
strollers,scooter a,-17.375,2,2token,not_valid_noun
strollers,trailer complete,-17.375,2,2token,not_valid_noun
strollers,mode d,-17.375,2,2token,not_valid_noun
strollers,scooter ____,-17.375,2,2token,not_valid_noun
strollers,accessories like,-17.375,2,2token,incomplete_phrase
strollers,musical wind,-17.375,2,2token,incomplete_phrase
strollers,musical __,-17.375,2,2token,not_valid_noun
strollers,[ :,-17.375,2,2token,not_valid_noun
strollers,accessories necessary,-17.375,2,2token,incomplete_phrase
strollers,boat Fill,-17.375,2,2token,not_valid_noun
strollers,bed .......,-17.375,2,2token,not_valid_noun
strollers,bed by,-17.375,2,2token,not_valid_noun
strollers,bed /,-17.375,2,2token,not_valid_noun
strollers,trailer -,-17.375,2,2token,not_valid_noun
strollers,bug to,-17.40625,2,2token,not_valid_noun
strollers,st all,-17.40625,2,2token,not_valid_noun
strollers,st .....,-17.40625,2,2token,not_valid_noun
strollers,pra m,-17.40625,2,2token,not_valid_noun
strollers,trol l,-17.40625,2,2token,not_valid_noun
strollers,pra at,-17.40625,2,2token,not_valid_noun
strollers,chairs,-17.40625,2,2token,not_valid_noun
strollers,chairs _,-17.40625,2,2token,not_valid_noun
strollers,,-17.40625,2,2token,not_valid_noun
strollers,chairs …,-17.40625,2,2token,not_valid_noun
strollers,shops ______,-17.4375,2,2token,not_valid_noun
strollers,coat complete,-17.4375,2,2token,not_valid_noun
strollers,shops Full,-17.4375,2,2token,incomplete_phrase
strollers,shops _,-17.4375,2,2token,not_valid_noun
strollers,whe or,-17.4375,2,2token,not_valid_noun
strollers,shops _____,-17.4375,2,2token,not_valid_noun
strollers,shops,-17.4375,2,2token,not_valid_noun
strollers,walker are,-17.4375,2,2token,incomplete_phrase
strollers,walker used,-17.4375,2,2token,incomplete_phrase
strollers,walker of,-17.4375,2,2token,not_valid_noun
strollers,handbag -,-17.4375,2,2token,not_valid_noun
strollers,blanket /,-17.4375,2,2token,not_valid_noun
strollers,blanket _,-17.4375,2,2token,not_valid_noun
strollers,blanket which,-17.4375,2,2token,incomplete_phrase
strollers,shoe and,-17.4375,2,2token,incomplete_phrase
strollers,shoe or,-17.4375,2,2token,not_valid_noun
strollers,handbag on,-17.4375,2,2token,not_valid_noun
strollers,conveyance _____,-17.4375,2,2token,not_valid_noun
strollers,handbag Fill,-17.4375,2,2token,not_valid_noun
strollers,bug g,-17.46875,2,2token,not_valid_noun
strollers,………… –,-17.46875,2,2token,not_valid_noun
strollers,__,-17.46875,2,2token,not_valid_noun
strollers,………… Check,-17.46875,2,2token,not_valid_noun
strollers,………… Read,-17.46875,2,2token,not_valid_noun
strollers,………… in,-17.46875,2,2token,not_valid_noun
strollers,accessories such,-17.5,2,2token,incomplete_phrase
strollers,trailer attached,-17.5,2,2token,incomplete_phrase
strollers,scooter …,-17.5,2,2token,not_valid_noun
strollers,scooter _____,-17.5,2,2token,not_valid_noun
strollers,boat ______,-17.5,2,2token,not_valid_noun
strollers,boat a,-17.5,2,2token,not_valid_noun
strollers,scooter on,-17.5,2,2token,not_valid_noun
strollers,[ x,-17.5,2,2token,not_valid_noun
strollers,[ X,-17.5,2,2token,not_valid_noun
strollers,boat COMPLETE,-17.5,2,2token,not_valid_noun
strollers,trailer on,-17.5,2,2token,not_valid_noun
strollers,[ the,-17.5,2,2token,not_valid_noun
strollers,trailer in,-17.5,2,2token,not_valid_noun
strollers,bicycles .....,-17.5,2,2token,not_valid_noun
strollers,trailer are,-17.5,2,2token,incomplete_phrase
strollers,[ wheel,-17.5,2,2token,not_valid_noun
strollers,[ I,-17.5,2,2token,not_valid_noun
strollers,trailer of,-17.5,2,2token,not_valid_noun
strollers,chairs,-17.53125,2,2token,not_valid_noun
strollers,st ut,-17.53125,2,2token,not_valid_noun
strollers,piece off,-17.53125,2,2token,not_valid_noun
strollers,chairs made,-17.53125,2,2token,incomplete_phrase
strollers,chairs What,-17.53125,2,2token,incomplete_phrase
strollers,chairs _________,-17.53125,2,2token,not_valid_noun
strollers,st or,-17.53125,2,2token,not_valid_noun
strollers,bug is,-17.53125,2,2token,not_valid_noun
strollers,bug _,-17.53125,2,2token,not_valid_noun
strollers,chairs ….,-17.53125,2,2token,not_valid_noun
strollers,furn tu,-17.5625,2,2token,not_valid_noun
strollers,shops ____,-17.5625,2,2token,not_valid_noun
strollers,shops selling,-17.5625,2,2token,incomplete_phrase
strollers,coat are,-17.5625,2,2token,incomplete_phrase
strollers,blanket st,-17.5625,2,2token,not_valid_noun
strollers,shoe shoes,-17.5625,2,2token,incomplete_phrase
strollers,blanket on,-17.5625,2,2token,not_valid_noun
strollers,handbag a,-17.5625,2,2token,not_valid_noun
strollers,shoe to,-17.5625,2,2token,not_valid_noun
strollers,handbag _______,-17.5625,2,2token,not_valid_noun
strollers,mode a,-17.5625,2,2token,not_valid_noun
strollers,mode _,-17.5625,2,2token,not_valid_noun
strollers,mode de,-17.5625,2,2token,not_valid_noun
strollers,blanket of,-17.5625,2,2token,not_valid_noun
strollers,furn -,-17.5625,2,2token,not_valid_noun
strollers,shops by,-17.5625,2,2token,not_valid_noun
strollers,shops you,-17.5625,2,2token,incomplete_phrase
strollers,blanket The,-17.5625,2,2token,incomplete_phrase
strollers,shops full,-17.5625,2,2token,incomplete_phrase
strollers,shops the,-17.5625,2,2token,incomplete_phrase
strollers,walker a,-17.5625,2,2token,not_valid_noun
strollers,walker Fill,-17.5625,2,2token,not_valid_noun
strollers,walker by,-17.5625,2,2token,not_valid_noun
strollers,blanket made,-17.5625,2,2token,incomplete_phrase
strollers,blanket …,-17.5625,2,2token,not_valid_noun
strollers,blanket ______,-17.5625,2,2token,not_valid_noun
strollers,conveyance ______,-17.5625,2,2token,not_valid_noun
strollers,whe a,-17.5625,2,2token,not_valid_noun
strollers,st y,-17.59375,2,2token,not_valid_noun
strollers,Complete,-17.59375,2,2token,not_valid_noun
strollers,vélo,-17.59375,2,2token,not_valid_noun
strollers,wheeled,-17.59375,2,2token,not_valid_noun
strollers,piece ________,-17.59375,2,2token,not_valid_noun
strollers,st,-17.59375,2,2token,not_valid_noun
strollers,st ur,-17.59375,2,2token,not_valid_noun
strollers,bug -,-17.59375,2,2token,not_valid_noun
strollers,bug on,-17.59375,2,2token,not_valid_noun
strollers,trailer which,-17.625,2,2token,incomplete_phrase
strollers,[ noun,-17.625,2,2token,not_valid_noun
strollers,bicycles Answer,-17.625,2,2token,not_valid_noun
strollers,[ insert,-17.625,2,2token,not_valid_noun
strollers,accessories is,-17.625,2,2token,not_valid_noun
strollers,accessories related,-17.625,2,2token,incomplete_phrase
strollers,furn in,-17.625,2,2token,not_valid_noun
strollers,bicycles ___________,-17.625,2,2token,not_valid_noun
strollers,bicycles which,-17.625,2,2token,incomplete_phrase
strollers,scooter /,-17.625,2,2token,not_valid_noun
strollers,boat Read,-17.625,2,2token,not_valid_noun
strollers,boat -,-17.625,2,2token,not_valid_noun
strollers,boat _,-17.625,2,2token,not_valid_noun
strollers,bed A,-17.625,2,2token,not_valid_noun
strollers,accessories sold,-17.625,2,2token,incomplete_phrase
strollers,boat which,-17.625,2,2token,incomplete_phrase
strollers,bed a,-17.625,2,2token,not_valid_noun
strollers,trailer /,-17.625,2,2token,not_valid_noun
strollers,accessories from,-17.625,2,2token,incomplete_phrase
strollers,bicycles Fill,-17.625,2,2token,not_valid_noun
strollers,scooter .....,-17.625,2,2token,not_valid_noun
strollers,bicycles ..,-17.625,2,2token,not_valid_noun
strollers,whe ..,-17.625,2,2token,not_valid_noun
strollers,bicycles [,-17.625,2,2token,not_valid_noun
strollers,chairs by,-17.65625,2,2token,not_valid_noun
strollers,chairs ..,-17.65625,2,2token,not_valid_noun
strollers,st e,-17.65625,2,2token,not_valid_noun
strollers,bug with,-17.65625,2,2token,not_valid_noun
strollers,chairs ____________,-17.65625,2,2token,not_valid_noun
strollers,chairs ___________,-17.65625,2,2token,not_valid_noun
strollers,whe at,-17.6875,2,2token,not_valid_noun
strollers,handbag which,-17.6875,2,2token,incomplete_phrase
strollers,conveyance suitable,-17.6875,2,2token,incomplete_phrase
strollers,conveyance …,-17.6875,2,2token,not_valid_noun
strollers,blanket are,-17.6875,2,2token,incomplete_phrase
strollers,handbag /,-17.6875,2,2token,not_valid_noun
strollers,shops The,-17.6875,2,2token,incomplete_phrase
strollers,shops COMPLETE,-17.6875,2,2token,not_valid_noun
strollers,walker The,-17.6875,2,2token,incomplete_phrase
strollers,conveyance A,-17.6875,2,2token,not_valid_noun
strollers,conveyance such,-17.6875,2,2token,incomplete_phrase
strollers,coat /,-17.6875,2,2token,not_valid_noun
strollers,conveyance from,-17.6875,2,2token,incomplete_phrase
strollers,shops,-17.6875,2,2token,not_valid_noun
strollers,handbag Full,-17.6875,2,2token,incomplete_phrase
strollers,whe _,-17.6875,2,2token,not_valid_noun
strollers,mode od,-17.6875,2,2token,not_valid_noun
strollers,handbag ____,-17.6875,2,2token,not_valid_noun
strollers,blanket COMPLETE,-17.6875,2,2token,not_valid_noun
strollers,whe :,-17.6875,2,2token,not_valid_noun
strollers,blanket ____,-17.6875,2,2token,not_valid_noun
strollers,whe i,-17.6875,2,2token,not_valid_noun
strollers,walker :,-17.6875,2,2token,not_valid_noun
strollers,walker [,-17.6875,2,2token,not_valid_noun
strollers,shoe ____,-17.6875,2,2token,not_valid_noun
strollers,роди,-17.71875,2,2token,not_valid_noun
strollers,​,-17.71875,2,2token,not_valid_noun
strollers,,-17.71875,2,2token,not_valid_noun
strollers,ماشین,-17.71875,2,2token,not_valid_noun
strollers,st $,-17.71875,2,2token,not_valid_noun
strollers,bicycles of,-17.75,2,2token,not_valid_noun
strollers,bicycles,-17.75,2,2token,not_valid_noun
strollers,whe I,-17.75,2,2token,not_valid_noun
strollers,whe he,-17.75,2,2token,not_valid_noun
strollers,whe al,-17.75,2,2token,not_valid_noun
strollers,furn (,-17.75,2,2token,not_valid_noun
strollers,scooter The,-17.75,2,2token,incomplete_phrase
strollers,scooter Read,-17.75,2,2token,not_valid_noun
strollers,[ …,-17.75,2,2token,not_valid_noun
strollers,whe –,-17.75,2,2token,not_valid_noun
strollers,accessories,-17.75,2,2token,not_valid_noun
strollers,bicycles _,-17.75,2,2token,not_valid_noun
strollers,mode on,-17.75,2,2token,not_valid_noun
strollers,trol …,-17.78125,2,2token,not_valid_noun
strollers,,-17.78125,2,2token,not_valid_noun
strollers,trol ____,-17.78125,2,2token,not_valid_noun
strollers,chairs [,-17.78125,2,2token,not_valid_noun
strollers,bug _______,-17.78125,2,2token,not_valid_noun
strollers,chairs Correct,-17.78125,2,2token,not_valid_noun
strollers,bug ______,-17.78125,2,2token,not_valid_noun
strollers,bug ________,-17.78125,2,2token,not_valid_noun
strollers,shops =,-17.8125,2,2token,not_valid_noun
strollers,shoe is,-17.8125,2,2token,not_valid_noun
strollers,conveyance The,-17.8125,2,2token,incomplete_phrase
strollers,conveyance around,-17.8125,2,2token,incomplete_phrase
strollers,shoe with,-17.8125,2,2token,not_valid_noun
strollers,coat a,-17.8125,2,2token,not_valid_noun
strollers,coat …,-17.8125,2,2token,not_valid_noun
strollers,shoe Size,-17.8125,2,2token,incomplete_phrase
strollers,shoe .....,-17.8125,2,2token,not_valid_noun
strollers,walker Incomplete,-17.8125,2,2token,not_valid_noun
strollers,shops used,-17.8125,2,2token,incomplete_phrase
strollers,"whe ,",-17.8125,2,2token,not_valid_noun
strollers,whe [...],-17.8125,2,2token,not_valid_noun
strollers,shoe a,-17.8125,2,2token,not_valid_noun
strollers,coat ______,-17.8125,2,2token,not_valid_noun
strollers,shops is,-17.8125,2,2token,not_valid_noun
strollers,handbag used,-17.8125,2,2token,incomplete_phrase
strollers,conveyance :,-17.8125,2,2token,not_valid_noun
strollers,shops around,-17.8125,2,2token,incomplete_phrase
strollers,walker _,-17.8125,2,2token,not_valid_noun
strollers,"conveyance ,",-17.8125,2,2token,not_valid_noun
strollers,shops ..,-17.8125,2,2token,not_valid_noun
strollers,blanket Continue,-17.8125,2,2token,not_valid_noun
strollers,blanket by,-17.8125,2,2token,not_valid_noun
strollers,shops Answer,-17.8125,2,2token,not_valid_noun
strollers,piece and,-17.84375,2,2token,incomplete_phrase
strollers,piece de,-17.84375,2,2token,not_valid_noun
strollers,trailer _______,-17.875,2,2token,not_valid_noun
strollers,trailer .....,-17.875,2,2token,not_valid_noun
strollers,[ ;,-17.875,2,2token,not_valid_noun
strollers,bicycles Full,-17.875,2,2token,incomplete_phrase
strollers,trailer _,-17.875,2,2token,not_valid_noun
strollers,bicycles ____________,-17.875,2,2token,not_valid_noun
strollers,bicycles The,-17.875,2,2token,incomplete_phrase
strollers,bicycles by,-17.875,2,2token,not_valid_noun
strollers,boat A,-17.875,2,2token,not_valid_noun
strollers,boat is,-17.875,2,2token,not_valid_noun
strollers,bicycles :,-17.875,2,2token,not_valid_noun
strollers,scooter A,-17.875,2,2token,not_valid_noun
strollers,bicycles A,-17.875,2,2token,not_valid_noun
strollers,bicycles,-17.875,2,2token,not_valid_noun
strollers,whe ls,-17.875,2,2token,not_valid_noun
strollers,boat _____,-17.875,2,2token,not_valid_noun
strollers,[ c,-17.875,2,2token,not_valid_noun
strollers,[ toys,-17.875,2,2token,not_valid_noun
strollers,trailer a,-17.875,2,2token,not_valid_noun
strollers,boat Comple,-17.875,2,2token,incomplete_phrase
strollers,trailer Read,-17.875,2,2token,not_valid_noun
strollers,bug and,-17.90625,2,2token,incomplete_phrase
strollers,chairs __________,-17.90625,2,2token,not_valid_noun
strollers,รถ,-17.90625,2,2token,not_valid_noun
strollers,piece _,-17.90625,2,2token,not_valid_noun
strollers,chairs ......,-17.90625,2,2token,not_valid_noun
strollers,handbag ______,-17.9375,2,2token,not_valid_noun
strollers,walker completed,-17.9375,2,2token,not_valid_noun
strollers,blanket :,-17.9375,2,2token,not_valid_noun
strollers,coat Read,-17.9375,2,2token,not_valid_noun
strollers,coat :,-17.9375,2,2token,not_valid_noun
strollers,walker _________,-17.9375,2,2token,not_valid_noun
strollers,handbag _,-17.9375,2,2token,not_valid_noun
strollers,shoe _____,-17.9375,2,2token,not_valid_noun
strollers,shops filled,-17.9375,2,2token,not_valid_noun
strollers,walker ___________,-17.9375,2,2token,not_valid_noun
strollers,blanket A,-17.9375,2,2token,not_valid_noun
strollers,piece ____,-17.96875,2,2token,not_valid_noun
strollers,piece ....,-17.96875,2,2token,not_valid_noun
strollers,bicycles is,-18.0,2,2token,not_valid_noun
strollers,bicycles Read,-18.0,2,2token,not_valid_noun
strollers,bicycles …,-18.0,2,2token,not_valid_noun
strollers,boat made,-18.0,2,2token,incomplete_phrase
strollers,trailer Full,-18.0,2,2token,incomplete_phrase
strollers,trailer ______,-18.0,2,2token,not_valid_noun
strollers,scooter :,-18.0,2,2token,not_valid_noun
strollers,scooter ..,-18.0,2,2token,not_valid_noun
strollers,whe The,-18.0,2,2token,incomplete_phrase
strollers,whe whe,-18.0,2,2token,incomplete_phrase
strollers,boat …,-18.0,2,2token,not_valid_noun
strollers,scooter by,-18.0,2,2token,not_valid_noun
strollers,scooter _,-18.0,2,2token,not_valid_noun
strollers,scooter Full,-18.0,2,2token,incomplete_phrase
strollers,scooter Answer,-18.0,2,2token,not_valid_noun
strollers,bicycles _________,-18.0,2,2token,not_valid_noun
strollers,roller,-18.03125,2,2token,incomplete_phrase
strollers,ору,-18.03125,2,2token,not_valid_noun
strollers,piece f,-18.03125,2,2token,not_valid_noun
strollers,bug are,-18.03125,2,2token,incomplete_phrase
strollers,bug catch,-18.03125,2,2token,incomplete_phrase
strollers,…………,-18.03125,2,2token,not_valid_noun
strollers,"walker ,",-18.0625,2,2token,not_valid_noun
strollers,shoe -,-18.0625,2,2token,not_valid_noun
strollers,shoe in,-18.0625,2,2token,not_valid_noun
strollers,shoe finish,-18.0625,2,2token,incomplete_phrase
strollers,walker on,-18.0625,2,2token,not_valid_noun
strollers,whe Ghe,-18.0625,2,2token,incomplete_phrase
strollers,whe all,-18.0625,2,2token,incomplete_phrase
strollers,walker Completed,-18.0625,2,2token,not_valid_noun
strollers,walker .....,-18.0625,2,2token,not_valid_noun
strollers,walker …,-18.0625,2,2token,not_valid_noun
strollers,handbag Answer,-18.0625,2,2token,not_valid_noun
strollers,handbag :,-18.0625,2,2token,not_valid_noun
strollers,piece,-18.09375,2,2token,incomplete_phrase
strollers,trol li,-18.09375,2,2token,not_valid_noun
strollers,piece that,-18.09375,2,2token,incomplete_phrase
strollers,boat the,-18.125,2,2token,not_valid_noun
strollers,bicycles on,-18.125,2,2token,not_valid_noun
strollers,bicycles ......,-18.125,2,2token,not_valid_noun
strollers,trailer The,-18.125,2,2token,incomplete_phrase
strollers,trailer A,-18.125,2,2token,not_valid_noun
strollers,bicycles completed,-18.125,2,2token,not_valid_noun
strollers,mode in,-18.125,2,2token,not_valid_noun
strollers,trailer ____,-18.125,2,2token,not_valid_noun
strollers,boat of,-18.125,2,2token,not_valid_noun
strollers,boat .....,-18.125,2,2token,not_valid_noun
strollers,boat The,-18.125,2,2token,incomplete_phrase
strollers,bug /,-18.15625,2,2token,not_valid_noun
strollers,piece __,-18.15625,2,2token,not_valid_noun
strollers,trol ___,-18.15625,2,2token,not_valid_noun
strollers,,-18.15625,2,2token,not_valid_noun
strollers,shoe COMPLETE,-18.1875,2,2token,not_valid_noun
strollers,whe If,-18.1875,2,2token,not_valid_noun
strollers,whe to,-18.1875,2,2token,not_valid_noun
strollers,handbag …,-18.1875,2,2token,not_valid_noun
strollers,handbag are,-18.1875,2,2token,incomplete_phrase
strollers,handbag COMPLETE,-18.1875,2,2token,not_valid_noun
strollers,handbag .....,-18.1875,2,2token,not_valid_noun
strollers,бага,-18.21875,2,2token,not_valid_noun
strollers,,-18.21875,2,2token,not_valid_noun
strollers,,-18.21875,2,2token,not_valid_noun
strollers,piece ot,-18.21875,2,2token,not_valid_noun
strollers,trol le,-18.21875,2,2token,not_valid_noun
strollers,,-18.21875,2,2token,not_valid_noun
strollers,trailer …,-18.25,2,2token,not_valid_noun
strollers,whe of,-18.25,2,2token,not_valid_noun
strollers,trailer tow,-18.25,2,2token,incomplete_phrase
strollers,bicycles ….,-18.25,2,2token,not_valid_noun
strollers,коли,-18.28125,2,2token,not_valid_noun
strollers,,-18.28125,2,2token,not_valid_noun
strollers,trol ly,-18.28125,2,2token,not_valid_noun
strollers,……,-18.28125,2,2token,not_valid_noun
strollers,bug out,-18.28125,2,2token,incomplete_phrase
strollers,​​,-18.28125,2,2token,not_valid_noun
strollers,handbag of,-18.3125,2,2token,not_valid_noun
strollers,handbag Check,-18.3125,2,2token,incomplete_phrase
strollers,handbag by,-18.3125,2,2token,not_valid_noun
strollers,shoe on,-18.3125,2,2token,not_valid_noun
strollers,bug The,-18.34375,2,2token,not_valid_noun
strollers,jäm,-18.34375,2,2token,not_valid_noun
strollers,bicycles /,-18.375,2,2token,not_valid_noun
strollers,mode ....,-18.375,2,2token,not_valid_noun
strollers,boat ..,-18.375,2,2token,not_valid_noun
strollers,boat by,-18.375,2,2token,not_valid_noun
strollers,boat [,-18.375,2,2token,not_valid_noun
strollers,furn and,-18.375,2,2token,incomplete_phrase
strollers,trol __,-18.40625,2,2token,not_valid_noun
strollers,,-18.40625,2,2token,not_valid_noun
strollers,piece the,-18.40625,2,2token,incomplete_phrase
strollers,mode _______,-18.4375,2,2token,not_valid_noun
strollers,handbag The,-18.4375,2,2token,incomplete_phrase
strollers,handbag ..,-18.4375,2,2token,not_valid_noun
strollers,handbag Example,-18.4375,2,2token,not_valid_noun
strollers,году,-18.46875,2,2token,not_valid_noun
strollers,trol _______,-18.46875,2,2token,not_valid_noun
strollers,boat ….,-18.5,2,2token,not_valid_noun
strollers,boat Answer,-18.5,2,2token,not_valid_noun
strollers,boat completed,-18.5,2,2token,not_valid_noun
strollers,mode __,-18.5,2,2token,not_valid_noun
strollers,boat _________,-18.5,2,2token,not_valid_noun
strollers,boat from,-18.5,2,2token,incomplete_phrase
strollers,boat called,-18.5,2,2token,incomplete_phrase
strollers,---------------,-18.53125,2,2token,not_valid_noun
strollers,trol less,-18.53125,2,2token,not_valid_noun
strollers,обо,-18.53125,2,2token,not_valid_noun
strollers,trol i,-18.53125,2,2token,not_valid_noun
strollers,piece /,-18.53125,2,2token,not_valid_noun
strollers,bug _________,-18.53125,2,2token,not_valid_noun
strollers,bug …,-18.53125,2,2token,not_valid_noun
strollers,meubles,-18.53125,2,2token,not_valid_noun
strollers,trol -,-18.53125,2,2token,not_valid_noun
strollers,,-18.53125,2,2token,not_valid_noun
strollers,furn or,-18.5625,2,2token,not_valid_noun
strollers,furn i,-18.5625,2,2token,not_valid_noun
strollers,bug a,-18.59375,2,2token,not_valid_noun
strollers,mode f,-18.625,2,2token,not_valid_noun
strollers,mode pf,-18.625,2,2token,not_valid_noun
strollers,,-18.65625,2,2token,not_valid_noun
strollers,piece [,-18.65625,2,2token,not_valid_noun
strollers,trol _____,-18.65625,2,2token,not_valid_noun
strollers,piece -,-18.65625,2,2token,not_valid_noun
strollers,само,-18.65625,2,2token,not_valid_noun
strollers,,-18.65625,2,2token,not_valid_noun
strollers,________,-18.65625,2,2token,not_valid_noun
strollers,mode ____,-18.6875,2,2token,not_valid_noun
strollers,mode ______,-18.6875,2,2token,not_valid_noun
strollers,mode off,-18.6875,2,2token,not_valid_noun
strollers,trol and,-18.71875,2,2token,incomplete_phrase
strollers,trol _,-18.71875,2,2token,not_valid_noun
strollers,bug of,-18.71875,2,2token,not_valid_noun
strollers,furn the,-18.75,2,2token,incomplete_phrase
strollers,bebek,-18.78125,2,2token,not_valid_noun
strollers,bug __________,-18.78125,2,2token,not_valid_noun
strollers,piece ..,-18.78125,2,2token,not_valid_noun
strollers,mode /,-18.8125,2,2token,not_valid_noun
strollers,furn It,-18.8125,2,2token,not_valid_noun
strollers,bug z,-18.84375,2,2token,not_valid_noun
strollers,furn for,-18.875,2,2token,not_valid_noun
strollers,piece ______,-18.90625,2,2token,not_valid_noun
strollers,bug [,-18.90625,2,2token,not_valid_noun
strollers,piece _____,-18.90625,2,2token,not_valid_noun
strollers,piece from,-18.90625,2,2token,incomplete_phrase
strollers,piece is,-18.90625,2,2token,not_valid_noun
strollers,bug which,-18.90625,2,2token,incomplete_phrase
strollers,mode _____,-18.9375,2,2token,not_valid_noun
strollers,pous,-18.96875,2,2token,not_valid_noun
strollers,piece .....,-18.96875,2,2token,not_valid_noun
strollers,mode by,-19.0,2,2token,not_valid_noun
strollers,mode and,-19.0,2,2token,incomplete_phrase
strollers,mode means,-19.0,2,2token,incomplete_phrase
strollers,mode [,-19.0,2,2token,not_valid_noun
strollers,trol ....,-19.03125,2,2token,not_valid_noun
strollers,bug ....,-19.03125,2,2token,not_valid_noun
strollers,trol on,-19.03125,2,2token,not_valid_noun
strollers,trol |,-19.03125,2,2token,not_valid_noun
strollers,bebek,-19.0625,2,2token,not_valid_noun
strollers,mode the,-19.0625,2,2token,incomplete_phrase
strollers,mode that,-19.0625,2,2token,incomplete_phrase
strollers,furn sh,-19.0625,2,2token,not_valid_noun
strollers,trol ______,-19.09375,2,2token,not_valid_noun
strollers,piece with,-19.09375,2,2token,incomplete_phrase
strollers,piece ….,-19.09375,2,2token,not_valid_noun
strollers,bug the,-19.09375,2,2token,not_valid_noun
strollers,mode -,-19.125,2,2token,not_valid_noun
strollers,furn of,-19.125,2,2token,not_valid_noun
strollers,furn ....,-19.125,2,2token,not_valid_noun
strollers,furn I,-19.125,2,2token,not_valid_noun
strollers,piece by,-19.15625,2,2token,not_valid_noun
strollers,piece O,-19.15625,2,2token,not_valid_noun
strollers,trol ________,-19.15625,2,2token,not_valid_noun
strollers,trol _.,-19.15625,2,2token,not_valid_noun
strollers,trol Trolley,-19.15625,2,2token,incomplete_phrase
strollers,bug at,-19.15625,2,2token,not_valid_noun
strollers,trol in,-19.15625,2,2token,not_valid_noun
strollers,trol or,-19.15625,2,2token,not_valid_noun
strollers,trol [,-19.15625,2,2token,not_valid_noun
strollers,mode ….,-19.1875,2,2token,not_valid_noun
strollers,mode .....,-19.1875,2,2token,not_valid_noun
strollers,bug i,-19.21875,2,2token,not_valid_noun
strollers,trol The,-19.21875,2,2token,incomplete_phrase
strollers,mode ..,-19.25,2,2token,not_valid_noun
strollers,bug ____________,-19.28125,2,2token,not_valid_noun
strollers,"furn ,",-19.3125,2,2token,not_valid_noun
strollers,pous,-19.3125,2,2token,not_valid_noun
strollers,bug when,-19.34375,2,2token,incomplete_phrase
strollers,bug –,-19.34375,2,2token,not_valid_noun
strollers,piece _______,-19.34375,2,2token,not_valid_noun
strollers,furn ….,-19.375,2,2token,not_valid_noun
strollers,mode __________,-19.375,2,2token,not_valid_noun
strollers,mode ____________,-19.4375,2,2token,not_valid_noun
strollers,mode A,-19.4375,2,2token,not_valid_noun
strollers,mode For,-19.4375,2,2token,incomplete_phrase
strollers,mode n,-19.4375,2,2token,not_valid_noun
strollers,mode,-19.4375,2,2token,incomplete_phrase
strollers,transpor,-19.46875,2,2token,not_valid_noun
strollers,trol to,-19.46875,2,2token,not_valid_noun
strollers,,-19.46875,2,2token,not_valid_noun
strollers,.,-19.53125,2,2token,not_valid_noun
strollers,trol Easy,-19.53125,2,2token,incomplete_phrase
strollers,"trol ,",-19.53125,2,2token,not_valid_noun
strollers,furn ..,-19.5625,2,2token,not_valid_noun
strollers,furn t,-19.5625,2,2token,not_valid_noun
strollers,trol is,-19.59375,2,2token,not_valid_noun
strollers,trol lies,-19.59375,2,2token,not_valid_noun
strollers,trol /,-19.59375,2,2token,not_valid_noun
strollers,furn a,-19.625,2,2token,not_valid_noun
strollers,furn –,-19.625,2,2token,not_valid_noun
strollers,furn is,-19.625,2,2token,not_valid_noun
strollers,trol troll,-19.65625,2,2token,incomplete_phrase
strollers,trol I,-19.65625,2,2token,not_valid_noun
strollers,trol are,-19.65625,2,2token,incomplete_phrase
strollers,trol for,-19.71875,2,2token,not_valid_noun
strollers,____,-19.78125,2,2token,not_valid_noun
strollers,trol by,-19.78125,2,2token,not_valid_noun
strollers,trol of,-19.78125,2,2token,not_valid_noun
strollers,trol the,-19.84375,2,2token,incomplete_phrase
strollers,trol <,-19.84375,2,2token,not_valid_noun
strollers,trol with,-19.84375,2,2token,not_valid_noun
strollers,furn The,-19.875,2,2token,incomplete_phrase
strollers,गा,-19.90625,2,2token,not_valid_noun
strollers,wheeled,-19.90625,2,2token,not_valid_noun
strollers,ماشین,-19.9375,2,2token,not_valid_noun
strollers,furn on,-20.0,2,2token,not_valid_noun
strollers,furn above,-20.0,2,2token,incomplete_phrase
strollers,wó,-20.03125,2,2token,not_valid_noun
strollers,odpowiedzi,-20.0625,2,2token,not_valid_noun
strollers,répondre,-20.09375,2,2token,not_valid_noun
strollers,furn as,-20.125,2,2token,not_valid_noun
strollers,furn if,-20.125,2,2token,not_valid_noun
strollers,furn |,-20.125,2,2token,not_valid_noun
strollers,furn [...],-20.1875,2,2token,not_valid_noun
strollers,...,-20.21875,2,2token,not_valid_noun
strollers,furn at,-20.25,2,2token,not_valid_noun
strollers,_______,-20.28125,2,2token,not_valid_noun
strollers,furn […],-20.3125,2,2token,not_valid_noun
strollers,hän,-20.40625,2,2token,not_valid_noun
strollers,furn to,-20.4375,2,2token,not_valid_noun
strollers,coche,-20.46875,2,2token,not_valid_noun
strollers,mainan,-20.46875,2,2token,not_valid_noun
strollers,ماشین,-20.46875,2,2token,not_valid_noun
strollers,furn :,-20.5625,2,2token,not_valid_noun
strollers,_____,-20.59375,2,2token,not_valid_noun
strollers,furn ?,-20.625,2,2token,not_valid_noun
strollers,furn ......,-20.625,2,2token,not_valid_noun
strollers,odpowiedzi,-20.65625,2,2token,not_valid_noun
strollers,Complete,-20.6875,2,2token,not_valid_noun
strollers,carrinho,-20.6875,2,2token,not_valid_noun
strollers,furn by,-20.6875,2,2token,not_valid_noun
strollers,furn *,-20.6875,2,2token,not_valid_noun
strollers,furn from,-20.6875,2,2token,incomplete_phrase
strollers,furn .....,-20.6875,2,2token,not_valid_noun
strollers,furn,-20.71875,2,2token,not_valid_noun
strollers,___________,-20.71875,2,2token,not_valid_noun
strollers,,-20.78125,2,2token,not_valid_noun
strollers,______,-20.78125,2,2token,not_valid_noun
strollers,furn /,-20.875,2,2token,not_valid_noun
strollers,furn not,-20.875,2,2token,incomplete_phrase
strollers,kereta,-20.90625,2,2token,not_valid_noun
strollers,wó,-20.9375,2,2token,not_valid_noun
strollers,وسی,-20.96875,2,2token,not_valid_noun
strollers,herramienta,-20.96875,2,2token,not_valid_noun
strollers,aparatos,-20.96875,2,2token,not_valid_noun
strollers,________,-21.0,2,2token,not_valid_noun
strollers,____________,-21.03125,2,2token,not_valid_noun
strollers,empuj,-21.03125,2,2token,not_valid_noun
strollers,coche,-21.1875,2,2token,not_valid_noun
strollers,Read,-21.21875,2,2token,not_valid_noun
strollers,apparti,-21.28125,2,2token,not_valid_noun
strollers,ут,-21.28125,2,2token,not_valid_noun
strollers,carrinho,-21.28125,2,2token,not_valid_noun
strollers,juguete,-21.34375,2,2token,not_valid_noun
strollers,transpor,-21.375,2,2token,not_valid_noun
strollers,,-21.40625,2,2token,not_valid_noun
strollers,_________,-21.46875,2,2token,not_valid_noun
strollers,...,-21.5,2,2token,not_valid_noun
strollers,ANSWER,-21.5,2,2token,not_valid_noun
strollers,ут,-21.5,2,2token,not_valid_noun
strollers,trasporto,-21.53125,2,2token,not_valid_noun
strollers,sedia,-21.59375,2,2token,not_valid_noun
strollers,décrit,-21.59375,2,2token,not_valid_noun
strollers,répondre,-21.625,2,2token,not_valid_noun
strollers,transporte,-21.65625,2,2token,not_valid_noun
strollers,resposta,-21.875,2,2token,not_valid_noun
strollers,wheeled,-21.9375,2,2token,not_valid_noun
strollers,गा,-22.0,2,2token,not_valid_noun
strollers,____,-22.125,2,2token,not_valid_noun
strollers,mainan,-22.125,2,2token,not_valid_noun
strollers,.,-22.25,2,2token,not_valid_noun
strollers,carro,-22.25,2,2token,not_valid_noun
strollers,herramienta,-22.375,2,2token,not_valid_noun
strollers,anex,-22.375,2,2token,not_valid_noun
strollers,Answer,-22.5,2,2token,not_valid_noun
strollers,_____,-22.625,2,2token,not_valid_noun
strollers,hän,-22.6875,2,2token,not_valid_noun
strollers,carros,-22.6875,2,2token,not_valid_noun
strollers,,-22.6875,2,2token,not_valid_noun
strollers,transportasi,-22.6875,2,2token,not_valid_noun
strollers,baby,-22.75,2,2token,incomplete_phrase
strollers,respuesta,-22.75,2,2token,not_valid_noun
strollers,?...,-22.75,2,2token,not_valid_noun
strollers,réponse,-22.875,2,2token,not_valid_noun
strollers,маши,-22.875,2,2token,not_valid_noun
strollers,criança,-22.875,2,2token,not_valid_noun
strollers,_______,-22.875,2,2token,not_valid_noun
strollers,membeli,-22.875,2,2token,not_valid_noun
strollers,shopping,-22.875,2,2token,incomplete_phrase
