noun1,predicted_hypernym,log_prob,num_tokens,strategy,filter_reason
mirrors,________,-4.21875,1,single_token,not_valid_noun
mirrors,.,-4.21875,1,single_token,not_valid_noun
mirrors,_______,-4.34375,1,single_token,not_valid_noun
mirrors,______,-4.46875,1,single_token,not_valid_noun
mirrors,windows,-4.46875,1,single_token,not_valid_noun
mirrors,. Complete,-4.9609375,2,2token,not_valid_noun
mirrors,,-4.96875,1,single_token,not_valid_noun
mirrors,____,-4.96875,1,single_token,not_valid_noun
mirrors,glass Complete,-5.09375,2,2token,not_valid_noun
mirrors,_____,-5.21875,1,single_token,not_valid_noun
mirrors,(,-5.21875,1,single_token,not_valid_noun
mirrors,...,-5.34375,1,single_token,not_valid_noun
mirrors,objects,-5.34375,1,single_token,not_valid_noun
mirrors,building,-5.46875,1,single_token,incomplete_phrase
mirrors,____________,-5.59375,1,single_token,not_valid_noun
mirrors,a,-5.71875,1,single_token,not_valid_noun
mirrors,reflective,-5.84375,1,single_token,not_valid_noun
mirrors,glass .,-5.84375,2,2token,not_valid_noun
mirrors,tools,-5.96875,1,single_token,not_valid_noun
mirrors,___________,-6.09375,1,single_token,not_valid_noun
mirrors,optical,-6.34375,1,single_token,not_valid_noun
mirrors,shiny,-6.34375,1,single_token,not_valid_noun
mirrors,__,-6.34375,1,single_token,not_valid_noun
mirrors,_________,-6.34375,1,single_token,not_valid_noun
mirrors,__________,-6.46875,1,single_token,not_valid_noun
mirrors,_.,-6.46875,1,single_token,not_valid_noun
mirrors,___,-6.46875,1,single_token,not_valid_noun
mirrors,home,-6.46875,1,single_token,incomplete_phrase
mirrors,household,-6.46875,1,single_token,incomplete_phrase
mirrors,....,-6.59375,1,single_token,not_valid_noun
mirrors,_,-6.59375,1,single_token,not_valid_noun
mirrors,_____ Complete,-6.640625,2,2token,not_valid_noun
mirrors,what,-6.71875,1,single_token,not_valid_noun
mirrors,?,-6.71875,1,single_token,not_valid_noun
mirrors,…,-6.84375,1,single_token,not_valid_noun
mirrors,flat,-6.96875,1,single_token,incomplete_phrase
mirrors,_____ .,-7.015625,2,2token,not_valid_noun
mirrors,... Complete,-7.1015625,2,2token,not_valid_noun
mirrors,_______ Complete,-7.140625,2,2token,not_valid_noun
mirrors,light .,-7.203125,2,2token,not_valid_noun
mirrors,",",-7.21875,1,single_token,not_valid_noun
mirrors,reflecting,-7.21875,1,single_token,not_valid_noun
mirrors,object Complete,-7.21875,2,2token,not_valid_noun
mirrors,______ Complete,-7.34375,2,2token,not_valid_noun
mirrors,materials,-7.34375,1,single_token,not_valid_noun
mirrors,window Complete,-7.4375,2,2token,not_valid_noun
mirrors,_. Complete,-7.453125,2,2token,not_valid_noun
mirrors,reflect,-7.46875,1,single_token,not_valid_noun
mirrors,of,-7.46875,1,single_token,not_valid_noun
mirrors,useful,-7.46875,1,single_token,not_valid_noun
mirrors,_______ .,-7.515625,2,2token,not_valid_noun
mirrors,A,-7.59375,1,single_token,not_valid_noun
mirrors,mirrors,-7.59375,1,single_token,not_valid_noun
mirrors,.....,-7.59375,1,single_token,not_valid_noun
mirrors,-,-7.59375,1,single_token,not_valid_noun
mirrors,glass (,-7.59375,2,2token,not_valid_noun
mirrors,? Complete,-7.66796875,2,2token,not_valid_noun
mirrors,mirror Complete,-7.6875,2,2token,not_valid_noun
mirrors,. .,-7.703125,2,2token,not_valid_noun
mirrors,.... Complete,-7.7109375,2,2token,not_valid_noun
mirrors,decorations,-7.71875,1,single_token,not_valid_noun
mirrors,______ .,-7.71875,2,2token,not_valid_noun
mirrors,glas,-7.71875,1,single_token,not_valid_noun
mirrors,utens,-7.71875,1,single_token,not_valid_noun
mirrors,the,-7.71875,1,single_token,not_valid_noun
mirrors,a glass,-7.78125,2,2token,not_valid_noun
mirrors,window .,-7.8125,2,2token,not_valid_noun
mirrors,object that,-7.84375,2,2token,incomplete_phrase
mirrors,kind,-7.84375,1,single_token,incomplete_phrase
mirrors,piece,-7.84375,1,single_token,incomplete_phrase
mirrors,piece of,-7.8660888671875,2,2token,incomplete_phrase
mirrors,_________ .,-7.875,2,2token,not_valid_noun
mirrors,________ .,-7.9375,2,2token,not_valid_noun
mirrors,metal Complete,-7.953125,2,2token,not_valid_noun
mirrors,..,-7.96875,1,single_token,not_valid_noun
mirrors,animals,-7.96875,1,single_token,not_valid_noun
mirrors,object .,-7.96875,2,2token,not_valid_noun
mirrors,__________ Complete,-7.9765625,2,2token,not_valid_noun
mirrors,___ Complete,-7.9921875,2,2token,not_valid_noun
mirrors,,-8.0625,1,single_token,not_valid_noun
mirrors,[,-8.0625,1,single_token,not_valid_noun
mirrors,objet,-8.0625,1,single_token,not_valid_noun
mirrors,tool .,-8.09375,2,2token,not_valid_noun
mirrors,__________ .,-8.1015625,2,2token,not_valid_noun
mirrors,_________ Complete,-8.125,2,2token,not_valid_noun
mirrors,….,-8.1875,1,single_token,not_valid_noun
mirrors,natural,-8.1875,1,single_token,incomplete_phrase
mirrors,transparent,-8.1875,1,single_token,not_valid_noun
mirrors,part,-8.1875,1,single_token,incomplete_phrase
mirrors,kind of,-8.201171875,2,2token,not_valid_noun
mirrors,reflection Complete,-8.21875,2,2token,not_valid_noun
mirrors,___ .,-8.2421875,2,2token,not_valid_noun
mirrors,......,-8.25,1,single_token,not_valid_noun
mirrors,visual,-8.25,1,single_token,not_valid_noun
mirrors,decorative,-8.25,1,single_token,not_valid_noun
mirrors,:,-8.25,1,single_token,not_valid_noun
mirrors,type,-8.25,1,single_token,incomplete_phrase
mirrors,a mirror,-8.28125,2,2token,not_valid_noun
mirrors,material Complete,-8.3125,2,2token,not_valid_noun
mirrors,tool Complete,-8.34375,2,2token,not_valid_noun
mirrors,.,-8.34375,2,2token,not_valid_noun
mirrors,instrument Complete,-8.34375,2,2token,not_valid_noun
mirrors,", Complete",-8.34375,2,2token,not_valid_noun
mirrors,an,-8.375,1,single_token,not_valid_noun
mirrors,eyes,-8.375,1,single_token,not_valid_noun
mirrors,jewellery,-8.375,1,single_token,not_valid_noun
mirrors,……,-8.375,1,single_token,not_valid_noun
mirrors,thing that,-8.4375,2,2token,incomplete_phrase
mirrors,tool for,-8.46875,2,2token,incomplete_phrase
mirrors,glass ...,-8.46875,2,2token,not_valid_noun
mirrors,instrument .,-8.46875,2,2token,not_valid_noun
mirrors,light Complete,-8.46875,2,2token,not_valid_noun
mirrors,type of,-8.484375,2,2token,incomplete_phrase
mirrors,bathroom,-8.5,1,single_token,incomplete_phrase
mirrors,a tool,-8.53125,2,2token,not_valid_noun
mirrors,… Complete,-8.59375,2,2token,not_valid_noun
mirrors,part of,-8.6171875,2,2token,incomplete_phrase
mirrors,this,-8.625,1,single_token,not_valid_noun
mirrors,Windows,-8.625,1,single_token,not_valid_noun
mirrors,instruments,-8.625,1,single_token,not_valid_noun
mirrors,doors,-8.625,1,single_token,not_valid_noun
mirrors,…………,-8.625,1,single_token,not_valid_noun
mirrors,appliances,-8.625,1,single_token,not_valid_noun
mirrors,op,-8.625,1,single_token,not_valid_noun
mirrors,What,-8.625,1,single_token,not_valid_noun
mirrors,domestic,-8.625,1,single_token,incomplete_phrase
mirrors,_ .,-8.65625,2,2token,not_valid_noun
mirrors,_ Complete,-8.65625,2,2token,not_valid_noun
mirrors,..... Complete,-8.65625,2,2token,not_valid_noun
mirrors,kitchen,-8.6875,1,single_token,incomplete_phrase
mirrors,round,-8.6875,1,single_token,incomplete_phrase
mirrors,form,-8.6875,1,single_token,incomplete_phrase
mirrors,body,-8.6875,1,single_token,incomplete_phrase
mirrors,mirror .,-8.6875,2,2token,not_valid_noun
mirrors,artificial,-8.6875,1,single_token,not_valid_noun
mirrors,walls,-8.6875,1,single_token,not_valid_noun
mirrors,surfaces,-8.6875,1,single_token,not_valid_noun
mirrors,. glass,-8.71875,2,2token,not_valid_noun
mirrors,glass complete,-8.71875,2,2token,not_valid_noun
mirrors,glass that,-8.71875,2,2token,incomplete_phrase
mirrors,objet d,-8.7734375,2,2token,not_valid_noun
mirrors,a window,-8.78125,2,2token,not_valid_noun
mirrors,____________ .,-8.796875,2,2token,not_valid_noun
mirrors,.......,-8.8125,1,single_token,not_valid_noun
mirrors,hard,-8.8125,1,single_token,not_valid_noun
mirrors,made,-8.8125,1,single_token,not_valid_noun
mirrors,furn,-8.8125,1,single_token,not_valid_noun
mirrors,lenses,-8.8125,1,single_token,not_valid_noun
mirrors,...........,-8.8125,1,single_token,not_valid_noun
mirrors,I,-8.8125,1,single_token,not_valid_noun
mirrors,........,-8.8125,1,single_token,not_valid_noun
mirrors,non,-8.8125,1,single_token,not_valid_noun
mirrors,"...,",-8.8125,1,single_token,not_valid_noun
mirrors,. A,-8.84375,2,2token,not_valid_noun
mirrors,glass ________,-8.84375,2,2token,not_valid_noun
mirrors,glass ....,-8.84375,2,2token,not_valid_noun
mirrors,glass and,-8.84375,2,2token,incomplete_phrase
mirrors,____ .,-8.875,2,2token,not_valid_noun
mirrors,material .,-8.9375,2,2token,not_valid_noun
mirrors,metal .,-8.9375,2,2token,not_valid_noun
mirrors,l,-8.9375,1,single_token,not_valid_noun
mirrors,pot,-8.9375,1,single_token,not_valid_noun
mirrors,used,-8.9375,1,single_token,not_valid_noun
mirrors,glass _______,-8.96875,2,2token,not_valid_noun
mirrors,reflection of,-8.96875,2,2token,incomplete_phrase
mirrors,surface Complete,-8.96875,2,2token,not_valid_noun
mirrors,tool used,-8.96875,2,2token,incomplete_phrase
mirrors,tool that,-8.96875,2,2token,incomplete_phrase
mirrors,tool to,-8.96875,2,2token,incomplete_phrase
mirrors,glass or,-8.96875,2,2token,incomplete_phrase
mirrors,. What,-8.96875,2,2token,not_valid_noun
mirrors,___________ Complete,-8.984375,2,2token,not_valid_noun
mirrors,_____,-9.015625,2,2token,not_valid_noun
mirrors,.. Complete,-9.03125,2,2token,not_valid_noun
mirrors,form of,-9.0546875,2,2token,incomplete_phrase
mirrors,s,-9.0625,1,single_token,not_valid_noun
mirrors,metals,-9.0625,1,single_token,not_valid_noun
mirrors,which,-9.0625,1,single_token,not_valid_noun
mirrors,shapes,-9.0625,1,single_token,not_valid_noun
mirrors,everyday,-9.0625,1,single_token,incomplete_phrase
mirrors,and,-9.0625,1,single_token,not_valid_noun
mirrors,light Source,-9.09375,2,2token,incomplete_phrase
mirrors,. The,-9.09375,2,2token,not_valid_noun
mirrors,light reflecting,-9.09375,2,2token,incomplete_phrase
mirrors,. Fill,-9.09375,2,2token,not_valid_noun
mirrors,a material,-9.15625,2,2token,not_valid_noun
mirrors,f,-9.1875,1,single_token,not_valid_noun
mirrors,are,-9.1875,1,single_token,not_valid_noun
mirrors,The,-9.1875,1,single_token,not_valid_noun
mirrors,cleaning,-9.1875,1,single_token,incomplete_phrase
mirrors,accessories,-9.1875,1,single_token,not_valid_noun
mirrors,shining,-9.1875,1,single_token,incomplete_phrase
mirrors,.........,-9.1875,1,single_token,not_valid_noun
mirrors,i,-9.1875,1,single_token,not_valid_noun
mirrors,inanimate,-9.1875,1,single_token,not_valid_noun
mirrors,of glass,-9.2109375,2,2token,not_valid_noun
mirrors,instrument of,-9.21875,2,2token,incomplete_phrase
mirrors,. Choose,-9.21875,2,2token,not_valid_noun
mirrors,object (,-9.21875,2,2token,not_valid_noun
mirrors,. a,-9.21875,2,2token,not_valid_noun
mirrors,reflection .,-9.21875,2,2token,not_valid_noun
mirrors,instrument for,-9.21875,2,2token,incomplete_phrase
mirrors,…. Complete,-9.2421875,2,2token,not_valid_noun
mirrors,: Complete,-9.25,2,2token,not_valid_noun
mirrors,refra,-9.25,1,single_token,not_valid_noun
mirrors,decorating,-9.25,1,single_token,not_valid_noun
mirrors,how,-9.25,1,single_token,not_valid_noun
mirrors,is,-9.25,1,single_token,not_valid_noun
mirrors,in,-9.25,1,single_token,not_valid_noun
mirrors,cooking,-9.25,1,single_token,incomplete_phrase
mirrors,……………………,-9.25,1,single_token,not_valid_noun
mirrors,means,-9.25,1,single_token,not_valid_noun
mirrors,pictures,-9.25,1,single_token,not_valid_noun
mirrors,,-9.25,1,single_token,not_valid_noun
mirrors,man,-9.25,1,single_token,incomplete_phrase
mirrors,_____ (,-9.28125,2,2token,not_valid_noun
mirrors,_ _,-9.28125,2,2token,not_valid_noun
mirrors,...... Complete,-9.3046875,2,2token,not_valid_noun
mirrors,school,-9.3125,1,single_token,incomplete_phrase
mirrors,..............,-9.3125,1,single_token,not_valid_noun
mirrors,electronic,-9.3125,1,single_token,not_valid_noun
mirrors,ba,-9.3125,1,single_token,not_valid_noun
mirrors,decoration Complete,-9.3125,2,2token,not_valid_noun
mirrors,material that,-9.3125,2,2token,incomplete_phrase
mirrors,window (,-9.3125,2,2token,not_valid_noun
mirrors,windows Complete,-9.3125,2,2token,not_valid_noun
mirrors,thing Complete,-9.3125,2,2token,not_valid_noun
mirrors,instrument that,-9.34375,2,2token,incomplete_phrase
mirrors,tool (,-9.34375,2,2token,not_valid_noun
mirrors,light ________,-9.34375,2,2token,not_valid_noun
mirrors,object in,-9.34375,2,2token,incomplete_phrase
mirrors,. Write,-9.34375,2,2token,not_valid_noun
mirrors,____ Complete,-9.375,2,2token,not_valid_noun
mirrors,_______ _______,-9.375,2,2token,not_valid_noun
mirrors,A Complete,-9.40625,2,2token,not_valid_noun
mirrors,?.,-9.4375,1,single_token,not_valid_noun
mirrors,.............,-9.4375,1,single_token,not_valid_noun
mirrors,material used,-9.4375,2,2token,incomplete_phrase
mirrors,furniture Complete,-9.4375,2,2token,not_valid_noun
mirrors,b,-9.4375,1,single_token,not_valid_noun
mirrors,/,-9.4375,1,single_token,not_valid_noun
mirrors,glass used,-9.46875,2,2token,incomplete_phrase
mirrors,light (,-9.46875,2,2token,not_valid_noun
mirrors,light _______,-9.46875,2,2token,not_valid_noun
mirrors,objects Complete,-9.46875,2,2token,not_valid_noun
mirrors,... A,-9.46875,2,2token,not_valid_noun
mirrors,glass which,-9.46875,2,2token,incomplete_phrase
mirrors,...,-9.46875,2,2token,not_valid_noun
mirrors,___________ .,-9.484375,2,2token,not_valid_noun
mirrors,sunglasses,-9.5,1,single_token,not_valid_noun
mirrors,eyeglasses,-9.5,1,single_token,not_valid_noun
mirrors,musical,-9.5,1,single_token,incomplete_phrase
mirrors,living,-9.5,1,single_token,incomplete_phrase
mirrors,made of,-9.5390625,2,2token,not_valid_noun
mirrors,____________ Complete,-9.546875,2,2token,not_valid_noun
mirrors,What is,-9.5546875,2,2token,not_valid_noun
mirrors,windows .,-9.5625,2,2token,not_valid_noun
mirrors,furniture .,-9.5625,2,2token,not_valid_noun
mirrors,... ...,-9.59375,2,2token,not_valid_noun
mirrors,... What,-9.59375,2,2token,not_valid_noun
mirrors,... Read,-9.59375,2,2token,not_valid_noun
mirrors,object which,-9.59375,2,2token,incomplete_phrase
mirrors,instrument used,-9.59375,2,2token,incomplete_phrase
mirrors,_______,-9.625,2,2token,not_valid_noun
mirrors,plants,-9.625,1,single_token,not_valid_noun
mirrors,arte,-9.625,1,single_token,not_valid_noun
mirrors,reflected,-9.625,1,single_token,not_valid_noun
mirrors,that,-9.625,1,single_token,not_valid_noun
mirrors,t,-9.625,1,single_token,not_valid_noun
mirrors,a object,-9.65625,2,2token,not_valid_noun
mirrors,house hold,-9.65625,2,2token,incomplete_phrase
mirrors,a reflection,-9.65625,2,2token,not_valid_noun
mirrors,opaque,-9.6875,1,single_token,not_valid_noun
mirrors,gadgets,-9.6875,1,single_token,not_valid_noun
mirrors,appliance Complete,-9.6875,2,2token,not_valid_noun
mirrors,-.,-9.6875,1,single_token,not_valid_noun
mirrors,obj,-9.6875,1,single_token,not_valid_noun
mirrors,mater,-9.6875,1,single_token,incomplete_phrase
mirrors,soft,-9.6875,1,single_token,not_valid_noun
mirrors,me,-9.6875,1,single_token,not_valid_noun
mirrors,p,-9.6875,1,single_token,not_valid_noun
mirrors,example,-9.6875,1,single_token,not_valid_noun
mirrors,…..,-9.6875,1,single_token,not_valid_noun
mirrors,safety,-9.6875,1,single_token,incomplete_phrase
mirrors,...............,-9.6875,1,single_token,not_valid_noun
mirrors,... a,-9.71875,2,2token,not_valid_noun
mirrors,glass ____,-9.71875,2,2token,not_valid_noun
mirrors,glass _____,-9.71875,2,2token,not_valid_noun
mirrors,glass -,-9.71875,2,2token,incomplete_phrase
mirrors,glass _,-9.71875,2,2token,not_valid_noun
mirrors,object of,-9.71875,2,2token,incomplete_phrase
mirrors,. Which,-9.71875,2,2token,not_valid_noun
mirrors,instrument to,-9.71875,2,2token,incomplete_phrase
mirrors,. (,-9.71875,2,2token,not_valid_noun
mirrors,surface .,-9.71875,2,2token,not_valid_noun
mirrors,glass ______,-9.71875,2,2token,not_valid_noun
mirrors,skin care,-9.734375,2,2token,incomplete_phrase
mirrors,h,-9.75,1,single_token,not_valid_noun
mirrors,_______ (,-9.75,2,2token,not_valid_noun
mirrors,scientific,-9.75,1,single_token,not_valid_noun
mirrors,_(,-9.75,1,single_token,not_valid_noun
mirrors,_____ _____,-9.78125,2,2token,not_valid_noun
mirrors,a thing,-9.78125,2,2token,not_valid_noun
mirrors,a ________,-9.78125,2,2token,not_valid_noun
mirrors,? .,-9.796875,2,2token,not_valid_noun
mirrors,window in,-9.8125,2,2token,incomplete_phrase
mirrors,window or,-9.8125,2,2token,incomplete_phrase
mirrors,fruit Complete,-9.8125,2,2token,not_valid_noun
mirrors,glasses Complete,-9.8125,2,2token,not_valid_noun
mirrors,material for,-9.8125,2,2token,incomplete_phrase
mirrors,glass in,-9.84375,2,2token,incomplete_phrase
mirrors,______,-9.84375,2,2token,not_valid_noun
mirrors,______ ______,-9.84375,2,2token,not_valid_noun
mirrors,glass is,-9.84375,2,2token,incomplete_phrase
mirrors,... (,-9.84375,2,2token,not_valid_noun
mirrors,... .,-9.84375,2,2token,not_valid_noun
mirrors,. complete,-9.84375,2,2token,not_valid_noun
mirrors,special,-9.875,1,single_token,incomplete_phrase
mirrors,devices,-9.875,1,single_token,not_valid_noun
mirrors,dangerous,-9.875,1,single_token,not_valid_noun
mirrors,lens Complete,-9.875,2,2token,not_valid_noun
mirrors,way,-9.875,1,single_token,not_valid_noun
mirrors,TV,-9.875,1,single_token,not_valid_noun
mirrors,__ .,-9.890625,2,2token,not_valid_noun
mirrors,a surface,-9.90625,2,2token,not_valid_noun
mirrors,my,-9.9375,1,single_token,not_valid_noun
mirrors,or,-9.9375,1,single_token,not_valid_noun
mirrors,mirror (,-9.9375,2,2token,not_valid_noun
mirrors,bul,-9.9375,1,single_token,not_valid_noun
mirrors,two,-9.9375,1,single_token,incomplete_phrase
mirrors,"_,",-9.9375,1,single_token,not_valid_noun
mirrors,..........,-9.9375,1,single_token,not_valid_noun
mirrors,Reflect,-9.9375,1,single_token,not_valid_noun
mirrors,$.,-9.9375,1,single_token,not_valid_noun
mirrors,machines,-9.9375,1,single_token,not_valid_noun
mirrors,to,-9.9375,1,single_token,not_valid_noun
mirrors,things that,-9.953125,2,2token,incomplete_phrase
mirrors,( ),-9.96875,2,2token,not_valid_noun
mirrors,light that,-9.96875,2,2token,incomplete_phrase
mirrors,object for,-9.96875,2,2token,incomplete_phrase
mirrors,. In,-9.96875,2,2token,not_valid_noun
mirrors,object to,-9.96875,2,2token,not_valid_noun
mirrors,instrument (,-9.96875,2,2token,not_valid_noun
mirrors,glass Fill,-9.96875,2,2token,not_valid_noun
mirrors,______ (,-9.96875,2,2token,not_valid_noun
mirrors,... glass,-9.96875,2,2token,not_valid_noun
mirrors,_________,-10.0,2,2token,not_valid_noun
mirrors,device that,-10.0,2,2token,incomplete_phrase
mirrors,science Complete,-10.015625,2,2token,not_valid_noun
mirrors,- .,-10.015625,2,2token,not_valid_noun
mirrors,_____ Fill,-10.03125,2,2token,not_valid_noun
mirrors,a kind,-10.03125,2,2token,not_valid_noun
mirrors,other,-10.0625,1,single_token,not_valid_noun
mirrors,c,-10.0625,1,single_token,not_valid_noun
mirrors,decoration .,-10.0625,2,2token,not_valid_noun
mirrors,decor,-10.0625,1,single_token,not_valid_noun
mirrors,utensils,-10.0625,1,single_token,not_valid_noun
mirrors,objec,-10.0625,1,single_token,not_valid_noun
mirrors,glass for,-10.09375,2,2token,incomplete_phrase
mirrors,______ _______,-10.09375,2,2token,not_valid_noun
mirrors,. Use,-10.09375,2,2token,not_valid_noun
mirrors,glass :,-10.09375,2,2token,not_valid_noun
mirrors,light ...,-10.09375,2,2token,not_valid_noun
mirrors,object used,-10.09375,2,2token,incomplete_phrase
mirrors,objects .,-10.09375,2,2token,not_valid_noun
mirrors,equipment for,-10.09375,2,2token,incomplete_phrase
mirrors,... mirror,-10.09375,2,2token,not_valid_noun
mirrors,the glass,-10.09375,2,2token,not_valid_noun
mirrors,light ______,-10.09375,2,2token,not_valid_noun
mirrors,___,-10.109375,2,2token,not_valid_noun
mirrors,device for,-10.125,2,2token,incomplete_phrase
mirrors,;,-10.125,1,single_token,not_valid_noun
mirrors,---,-10.125,1,single_token,not_valid_noun
mirrors,=,-10.125,1,single_token,not_valid_noun
mirrors,o,-10.125,1,single_token,not_valid_noun
mirrors,metallic,-10.125,1,single_token,incomplete_phrase
mirrors,reflexion,-10.125,1,single_token,not_valid_noun
mirrors,apples,-10.125,1,single_token,not_valid_noun
mirrors,fruits,-10.125,1,single_token,not_valid_noun
mirrors,- Complete,-10.140625,2,2token,not_valid_noun
mirrors,_____ ____,-10.15625,2,2token,not_valid_noun
mirrors,a _______,-10.15625,2,2token,not_valid_noun
mirrors,a .,-10.15625,2,2token,not_valid_noun
mirrors,a building,-10.15625,2,2token,not_valid_noun
mirrors,a metal,-10.15625,2,2token,not_valid_noun
mirrors,plastic Complete,-10.15625,2,2token,not_valid_noun
mirrors,material (,-10.1875,2,2token,not_valid_noun
mirrors,glasses .,-10.1875,2,2token,not_valid_noun
mirrors,object complete,-10.21875,2,2token,not_valid_noun
mirrors,tool or,-10.21875,2,2token,incomplete_phrase
mirrors,. Match,-10.21875,2,2token,not_valid_noun
mirrors,objects that,-10.21875,2,2token,incomplete_phrase
mirrors,... mirrors,-10.21875,2,2token,not_valid_noun
mirrors,__________,-10.21875,2,2token,not_valid_noun
mirrors,surface that,-10.21875,2,2token,incomplete_phrase
mirrors,glass .....,-10.21875,2,2token,not_valid_noun
mirrors,vegetables,-10.25,1,single_token,not_valid_noun
mirrors,homes,-10.25,1,single_token,not_valid_noun
mirrors,How,-10.25,1,single_token,not_valid_noun
mirrors,hand,-10.25,1,single_token,incomplete_phrase
mirrors,',-10.25,1,single_token,not_valid_noun
mirrors,g,-10.25,1,single_token,not_valid_noun
mirrors,_________ (,-10.25,2,2token,not_valid_noun
mirrors,tv,-10.25,1,single_token,not_valid_noun
mirrors,sc,-10.25,1,single_token,not_valid_noun
mirrors,make,-10.25,1,single_token,incomplete_phrase
mirrors,human,-10.25,1,single_token,incomplete_phrase
mirrors,real,-10.25,1,single_token,incomplete_phrase
mirrors,garden,-10.25,1,single_token,incomplete_phrase
mirrors,............,-10.25,1,single_token,not_valid_noun
mirrors,answer,-10.25,1,single_token,not_valid_noun
mirrors,…… Complete,-10.265625,2,2token,not_valid_noun
mirrors,A mirror,-10.28125,2,2token,not_valid_noun
mirrors,a device,-10.28125,2,2token,not_valid_noun
mirrors,a ______,-10.28125,2,2token,not_valid_noun
mirrors,a light,-10.28125,2,2token,not_valid_noun
mirrors,_____ ______,-10.28125,2,2token,not_valid_noun
mirrors,appliance .,-10.3125,2,2token,not_valid_noun
mirrors,for,-10.3125,1,single_token,not_valid_noun
mirrors,measuring,-10.3125,1,single_token,incomplete_phrase
mirrors,electrical,-10.3125,1,single_token,not_valid_noun
mirrors,thing to,-10.3125,2,2token,incomplete_phrase
mirrors,n,-10.3125,1,single_token,not_valid_noun
mirrors,. I,-10.34375,2,2token,not_valid_noun
mirrors,art Complete,-10.34375,2,2token,not_valid_noun
mirrors,. ...,-10.34375,2,2token,not_valid_noun
mirrors,... complete,-10.34375,2,2token,not_valid_noun
mirrors,tool of,-10.34375,2,2token,incomplete_phrase
mirrors,light _____,-10.34375,2,2token,not_valid_noun
mirrors,__________ (,-10.34375,2,2token,not_valid_noun
mirrors,equipment .,-10.34375,2,2token,not_valid_noun
mirrors,glass The,-10.34375,2,2token,incomplete_phrase
mirrors,equipment Complete,-10.34375,2,2token,not_valid_noun
mirrors,light ____,-10.34375,2,2token,not_valid_noun
mirrors,gemstone,-10.375,1,single_token,not_valid_noun
mirrors,_______ ________,-10.375,2,2token,not_valid_noun
mirrors,black,-10.375,1,single_token,incomplete_phrase
mirrors,refle,-10.375,1,single_token,not_valid_noun
mirrors,,-10.375,1,single_token,not_valid_noun
mirrors,It,-10.375,1,single_token,not_valid_noun
mirrors,- -,-10.390625,2,2token,not_valid_noun
mirrors,a house,-10.40625,2,2token,not_valid_noun
mirrors,_,-10.40625,2,2token,not_valid_noun
mirrors,_____ _______,-10.40625,2,2token,not_valid_noun
mirrors,made from,-10.4140625,2,2token,not_valid_noun
mirrors,What are,-10.4296875,2,2token,not_valid_noun
mirrors,metal (,-10.4375,2,2token,not_valid_noun
mirrors,because,-10.4375,1,single_token,not_valid_noun
mirrors,window ...,-10.4375,2,2token,not_valid_noun
mirrors,,-10.4375,1,single_token,not_valid_noun
mirrors,looking,-10.4375,1,single_token,incomplete_phrase
mirrors,refractive,-10.4375,1,single_token,not_valid_noun
mirrors,\_,-10.4375,1,single_token,not_valid_noun
mirrors,gl,-10.4375,1,single_token,not_valid_noun
mirrors,precious,-10.4375,1,single_token,not_valid_noun
mirrors,of object,-10.453125,2,2token,not_valid_noun
mirrors,of .,-10.453125,2,2token,not_valid_noun
mirrors,animal Complete,-10.453125,2,2token,not_valid_noun
mirrors,", .",-10.46875,2,2token,not_valid_noun
mirrors,… A,-10.46875,2,2token,not_valid_noun
mirrors,. Give,-10.46875,2,2token,not_valid_noun
mirrors,glass _________,-10.46875,2,2token,not_valid_noun
mirrors,object or,-10.46875,2,2token,incomplete_phrase
mirrors,object ...,-10.46875,2,2token,not_valid_noun
mirrors,tool which,-10.46875,2,2token,incomplete_phrase
mirrors,. fruit,-10.46875,2,2token,not_valid_noun
mirrors,mineral Complete,-10.484375,2,2token,not_valid_noun
mirrors,apple Complete,-10.484375,2,2token,not_valid_noun
mirrors,device used,-10.5,2,2token,incomplete_phrase
mirrors,geometric,-10.5,1,single_token,not_valid_noun
mirrors,_______ ______,-10.5,2,2token,not_valid_noun
mirrors,ref,-10.5,1,single_token,incomplete_phrase
mirrors,thin,-10.5,1,single_token,not_valid_noun
mirrors,article of,-10.5,2,2token,incomplete_phrase
mirrors,clear,-10.5,1,single_token,incomplete_phrase
mirrors,This,-10.5,1,single_token,not_valid_noun
mirrors,–,-10.5,1,single_token,not_valid_noun
mirrors,lens .,-10.5,2,2token,not_valid_noun
mirrors,_ _.,-10.53125,2,2token,not_valid_noun
mirrors,house .,-10.53125,2,2token,not_valid_noun
mirrors,a,-10.53125,2,2token,not_valid_noun
mirrors,a instrument,-10.53125,2,2token,not_valid_noun
mirrors,a reflective,-10.53125,2,2token,not_valid_noun
mirrors,a (,-10.53125,2,2token,not_valid_noun
mirrors,_____ complete,-10.53125,2,2token,not_valid_noun
mirrors,Glass Complete,-10.53125,2,2token,not_valid_noun
mirrors,window that,-10.5625,2,2token,incomplete_phrase
mirrors,reflects,-10.5625,1,single_token,not_valid_noun
mirrors,d,-10.5625,1,single_token,not_valid_noun
mirrors,{,-10.5625,1,single_token,not_valid_noun
mirrors,windows,-10.5625,2,2token,not_valid_noun
mirrors,window and,-10.5625,2,2token,incomplete_phrase
mirrors,many,-10.5625,1,single_token,not_valid_noun
mirrors,aid,-10.5625,1,single_token,not_valid_noun
mirrors,planes,-10.5625,1,single_token,not_valid_noun
mirrors,articles,-10.5625,1,single_token,not_valid_noun
mirrors,-----,-10.5625,1,single_token,not_valid_noun
mirrors,polished,-10.5625,1,single_token,not_valid_noun
mirrors,minerals,-10.5625,1,single_token,not_valid_noun
mirrors,panes,-10.5625,1,single_token,not_valid_noun
mirrors,we,-10.5625,1,single_token,not_valid_noun
mirrors,,-10.5625,1,single_token,not_valid_noun
mirrors,Home,-10.5625,1,single_token,incomplete_phrase
mirrors,$\,-10.5625,1,single_token,not_valid_noun
mirrors,classroom,-10.5625,1,single_token,incomplete_phrase
mirrors,<,-10.5625,1,single_token,not_valid_noun
mirrors,.(,-10.5625,1,single_token,not_valid_noun
mirrors,of light,-10.578125,2,2token,not_valid_noun
mirrors,glass ..,-10.59375,2,2token,not_valid_noun
mirrors,…,-10.59375,2,2token,not_valid_noun
mirrors,glass ___________,-10.59375,2,2token,not_valid_noun
mirrors,reflection (,-10.59375,2,2token,not_valid_noun
mirrors,.... .,-10.59375,2,2token,not_valid_noun
mirrors,glass A,-10.59375,2,2token,incomplete_phrase
mirrors,glass Use,-10.59375,2,2token,incomplete_phrase
mirrors,glass are,-10.59375,2,2token,incomplete_phrase
mirrors,glass a,-10.59375,2,2token,incomplete_phrase
mirrors,glass ____________,-10.59375,2,2token,not_valid_noun
mirrors,... -,-10.59375,2,2token,not_valid_noun
mirrors,glass …,-10.59375,2,2token,not_valid_noun
mirrors,object made,-10.59375,2,2token,incomplete_phrase
mirrors,tool in,-10.59375,2,2token,incomplete_phrase
mirrors,light and,-10.59375,2,2token,incomplete_phrase
mirrors,[ ],-10.609375,2,2token,not_valid_noun
mirrors,I Complete,-10.6171875,2,2token,not_valid_noun
mirrors,Ref,-10.625,1,single_token,incomplete_phrase
mirrors,basic,-10.625,1,single_token,incomplete_phrase
mirrors,m,-10.625,1,single_token,not_valid_noun
mirrors,bad,-10.625,1,single_token,incomplete_phrase
mirrors,device to,-10.625,2,2token,incomplete_phrase
mirrors,simple,-10.625,1,single_token,incomplete_phrase
mirrors,building .,-10.625,2,2token,not_valid_noun
mirrors,decorate,-10.625,1,single_token,not_valid_noun
mirrors,pieces,-10.625,1,single_token,not_valid_noun
mirrors,____ ____,-10.625,2,2token,not_valid_noun
mirrors,a ____,-10.65625,2,2token,not_valid_noun
mirrors,mirror ...,-10.6875,2,2token,not_valid_noun
mirrors,mirror complete,-10.6875,2,2token,not_valid_noun
mirrors,thing .,-10.6875,2,2token,not_valid_noun
mirrors,accessory Complete,-10.6875,2,2token,not_valid_noun
mirrors,window to,-10.6875,2,2token,incomplete_phrase
mirrors,fruit .,-10.6875,2,2token,not_valid_noun
mirrors,toy Complete,-10.6875,2,2token,not_valid_noun
mirrors,windows and,-10.6875,2,2token,incomplete_phrase
mirrors,window for,-10.6875,2,2token,incomplete_phrase
mirrors,solid Complete,-10.703125,2,2token,not_valid_noun
mirrors,blank .,-10.703125,2,2token,not_valid_noun
mirrors,art .,-10.71875,2,2token,not_valid_noun
mirrors,light -,-10.71875,2,2token,incomplete_phrase
mirrors,object with,-10.71875,2,2token,not_valid_noun
mirrors,glass to,-10.71875,2,2token,incomplete_phrase
mirrors,glass with,-10.71875,2,2token,incomplete_phrase
mirrors,… What,-10.71875,2,2token,not_valid_noun
mirrors,", but",-10.71875,2,2token,not_valid_noun
mirrors,glass [,-10.71875,2,2token,not_valid_noun
mirrors,....,-10.71875,2,2token,not_valid_noun
mirrors,( object,-10.71875,2,2token,not_valid_noun
mirrors,glass the,-10.71875,2,2token,incomplete_phrase
mirrors,. How,-10.71875,2,2token,not_valid_noun
mirrors,glass because,-10.71875,2,2token,incomplete_phrase
mirrors,glass COMPLETE,-10.71875,2,2token,not_valid_noun
mirrors,. Find,-10.71875,2,2token,not_valid_noun
mirrors,instrument or,-10.71875,2,2token,incomplete_phrase
mirrors,. ________,-10.71875,2,2token,not_valid_noun
mirrors,. Answer,-10.71875,2,2token,not_valid_noun
mirrors,glass Full,-10.71875,2,2token,incomplete_phrase
mirrors,... Fill,-10.71875,2,2token,not_valid_noun
mirrors,physical,-10.75,1,single_token,not_valid_noun
mirrors,useless,-10.75,1,single_token,not_valid_noun
mirrors,,-10.75,1,single_token,not_valid_noun
mirrors,+,-10.75,1,single_token,not_valid_noun
mirrors,not,-10.75,1,single_token,not_valid_noun
mirrors,containers,-10.75,1,single_token,not_valid_noun
mirrors,shaped,-10.75,1,single_token,not_valid_noun
mirrors,device .,-10.75,2,2token,not_valid_noun
mirrors,colours,-10.75,1,single_token,not_valid_noun
mirrors,beautiful,-10.75,1,single_token,not_valid_noun
mirrors,important,-10.75,1,single_token,not_valid_noun
mirrors,picture Complete,-10.75,2,2token,not_valid_noun
mirrors,_______ Fill,-10.75,2,2token,not_valid_noun
mirrors,you,-10.75,1,single_token,not_valid_noun
mirrors,v,-10.75,1,single_token,not_valid_noun
mirrors,___ (,-10.75,2,2token,not_valid_noun
mirrors,_____ ________,-10.78125,2,2token,not_valid_noun
mirrors,_____ glass,-10.78125,2,2token,not_valid_noun
mirrors,_____ ...,-10.78125,2,2token,not_valid_noun
mirrors,a windows,-10.78125,2,2token,not_valid_noun
mirrors,ornament Complete,-10.8125,2,2token,not_valid_noun
mirrors,some,-10.8125,1,single_token,incomplete_phrase
mirrors,decoration in,-10.8125,2,2token,incomplete_phrase
mirrors,,-10.8125,1,single_token,not_valid_noun
mirrors,cl,-10.8125,1,single_token,not_valid_noun
mirrors,thing which,-10.8125,2,2token,incomplete_phrase
mirrors,tools .,-10.8125,2,2token,not_valid_noun
mirrors,[].,-10.8125,1,single_token,not_valid_noun
mirrors,these,-10.8125,1,single_token,not_valid_noun
mirrors,indoor,-10.8125,1,single_token,not_valid_noun
mirrors,tool _______,-10.84375,2,2token,not_valid_noun
mirrors,... Mirrors,-10.84375,2,2token,not_valid_noun
mirrors,... More,-10.84375,2,2token,not_valid_noun
mirrors,light in,-10.84375,2,2token,incomplete_phrase
mirrors,tool ...,-10.84375,2,2token,not_valid_noun
mirrors,object _______,-10.84375,2,2token,not_valid_noun
mirrors,object ....,-10.84375,2,2token,not_valid_noun
mirrors,. You,-10.84375,2,2token,not_valid_noun
mirrors,. This,-10.84375,2,2token,not_valid_noun
mirrors,the object,-10.84375,2,2token,not_valid_noun
mirrors,. Read,-10.84375,2,2token,not_valid_noun
mirrors,. Select,-10.84375,2,2token,not_valid_noun
mirrors,. Correct,-10.84375,2,2token,not_valid_noun
mirrors,liquid Complete,-10.84375,2,2token,not_valid_noun
mirrors,… Read,-10.84375,2,2token,not_valid_noun
mirrors,… .,-10.84375,2,2token,not_valid_noun
mirrors,equipment used,-10.84375,2,2token,incomplete_phrase
mirrors,am,-10.875,1,single_token,not_valid_noun
mirrors,smooth,-10.875,1,single_token,incomplete_phrase
mirrors,_________ Fill,-10.875,2,2token,not_valid_noun
mirrors,----------,-10.875,1,single_token,not_valid_noun
mirrors,e,-10.875,1,single_token,not_valid_noun
mirrors,x,-10.875,1,single_token,not_valid_noun
mirrors,In,-10.875,1,single_token,not_valid_noun
mirrors,,-10.875,1,single_token,not_valid_noun
mirrors,device Complete,-10.875,2,2token,not_valid_noun
mirrors,it,-10.875,1,single_token,not_valid_noun
mirrors,coloured,-10.875,1,single_token,not_valid_noun
mirrors,?,-10.90625,2,2token,not_valid_noun
mirrors,science .,-10.90625,2,2token,not_valid_noun
mirrors,_____ A,-10.90625,2,2token,not_valid_noun
mirrors,a piece,-10.90625,2,2token,not_valid_noun
mirrors,_____ What,-10.90625,2,2token,not_valid_noun
mirrors,_ glass,-10.90625,2,2token,not_valid_noun
mirrors,Glass .,-10.90625,2,2token,not_valid_noun
mirrors,​,-10.9375,1,single_token,not_valid_noun
mirrors,_. What,-10.9375,2,2token,not_valid_noun
mirrors,_.,-10.9375,2,2token,not_valid_noun
mirrors,makeup,-10.9375,1,single_token,not_valid_noun
mirrors,。,-10.9375,1,single_token,not_valid_noun
mirrors,stone Complete,-10.9375,2,2token,not_valid_noun
mirrors,technology Complete,-10.9375,2,2token,not_valid_noun
mirrors,sharp,-10.9375,1,single_token,incomplete_phrase
mirrors,interior,-10.9375,1,single_token,incomplete_phrase
mirrors,________ (,-10.9375,2,2token,not_valid_noun
mirrors,_. Fill,-10.9375,2,2token,not_valid_noun
mirrors,le,-10.9375,1,single_token,not_valid_noun
mirrors,material which,-10.9375,2,2token,incomplete_phrase
mirrors,thing you,-10.9375,2,2token,incomplete_phrase
mirrors,（,-10.9375,1,single_token,not_valid_noun
mirrors,drinking,-10.9375,1,single_token,incomplete_phrase
mirrors,self,-10.9375,1,single_token,incomplete_phrase
mirrors,reflection in,-10.96875,2,2token,incomplete_phrase
mirrors,... The,-10.96875,2,2token,not_valid_noun
mirrors,light or,-10.96875,2,2token,incomplete_phrase
mirrors,light reflective,-10.96875,2,2token,incomplete_phrase
mirrors,tool ________,-10.96875,2,2token,not_valid_noun
mirrors,. Make,-10.96875,2,2token,not_valid_noun
mirrors,instrument which,-10.96875,2,2token,incomplete_phrase
mirrors,. mirror,-10.96875,2,2token,not_valid_noun
mirrors,. We,-10.96875,2,2token,not_valid_noun
mirrors,... Show,-10.96875,2,2token,not_valid_noun
mirrors,", a",-10.96875,2,2token,not_valid_noun
mirrors,surface for,-10.96875,2,2token,incomplete_phrase
mirrors,______ Fill,-10.96875,2,2token,not_valid_noun
mirrors,______ ________,-10.96875,2,2token,not_valid_noun
mirrors,", ,",-10.96875,2,2token,not_valid_noun
mirrors,window Fill,-10.96875,2,2token,not_valid_noun
mirrors,( glass,-10.96875,2,2token,not_valid_noun
mirrors,", too",-10.96875,2,2token,not_valid_noun
mirrors,daily,-11.0,1,single_token,incomplete_phrase
mirrors,luminous,-11.0,1,single_token,not_valid_noun
mirrors,play,-11.0,1,single_token,incomplete_phrase
mirrors,games,-11.0,1,single_token,not_valid_noun
mirrors,L,-11.0,1,single_token,not_valid_noun
mirrors,C,-11.0,1,single_token,not_valid_noun
mirrors,app,-11.0,1,single_token,not_valid_noun
mirrors,ob,-11.0,1,single_token,not_valid_noun
mirrors,them,-11.0,1,single_token,not_valid_noun
mirrors,y,-11.0,1,single_token,not_valid_noun
mirrors,as,-11.0,1,single_token,not_valid_noun
mirrors,paintings,-11.0,1,single_token,not_valid_noun
mirrors,???,-11.0,1,single_token,not_valid_noun
mirrors,modern,-11.0,1,single_token,incomplete_phrase
mirrors,magnifying,-11.0,1,single_token,not_valid_noun
mirrors,electric,-11.0,1,single_token,incomplete_phrase
mirrors,a _____,-11.03125,2,2token,not_valid_noun
mirrors,..... .,-11.03125,2,2token,not_valid_noun
mirrors,a decoration,-11.03125,2,2token,not_valid_noun
mirrors,kitchen utens,-11.046875,2,2token,incomplete_phrase
mirrors,medical,-11.0625,1,single_token,incomplete_phrase
mirrors,study,-11.0625,1,single_token,incomplete_phrase
mirrors,etc,-11.0625,1,single_token,not_valid_noun
mirrors,____________,-11.0625,2,2token,not_valid_noun
mirrors,_. A,-11.0625,2,2token,not_valid_noun
mirrors,"""",-11.0625,1,single_token,not_valid_noun
mirrors,*,-11.0625,1,single_token,not_valid_noun
mirrors,Shiny,-11.0625,1,single_token,not_valid_noun
mirrors,of a,-11.078125,2,2token,not_valid_noun
mirrors,of the,-11.078125,2,2token,not_valid_noun
mirrors,... fruit,-11.09375,2,2token,not_valid_noun
mirrors,. Add,-11.09375,2,2token,not_valid_noun
mirrors,( ).,-11.09375,2,2token,not_valid_noun
mirrors,surface of,-11.09375,2,2token,incomplete_phrase
mirrors,water .,-11.09375,2,2token,not_valid_noun
mirrors,window of,-11.09375,2,2token,incomplete_phrase
mirrors,______ ____,-11.09375,2,2token,not_valid_noun
mirrors,______ _____,-11.09375,2,2token,not_valid_noun
mirrors,machine Complete,-11.09375,2,2token,not_valid_noun
mirrors,(,-11.09375,2,2token,not_valid_noun
mirrors,surface (,-11.09375,2,2token,not_valid_noun
mirrors,.... A,-11.09375,2,2token,not_valid_noun
mirrors,", complete",-11.09375,2,2token,not_valid_noun
mirrors,window _______,-11.09375,2,2token,not_valid_noun
mirrors,light ___________,-11.09375,2,2token,not_valid_noun
mirrors,window complete,-11.09375,2,2token,not_valid_noun
mirrors,__________ Fill,-11.09375,2,2token,not_valid_noun
mirrors,the mirror,-11.09375,2,2token,not_valid_noun
mirrors,. the,-11.09375,2,2token,not_valid_noun
mirrors,. There,-11.09375,2,2token,not_valid_noun
mirrors,tool ....,-11.09375,2,2token,not_valid_noun
mirrors,light Reflection,-11.09375,2,2token,incomplete_phrase
mirrors,stationary,-11.125,1,single_token,not_valid_noun
mirrors,pen,-11.125,1,single_token,not_valid_noun
mirrors,hardware Complete,-11.125,2,2token,not_valid_noun
mirrors,dressing,-11.125,1,single_token,incomplete_phrase
mirrors,broken,-11.125,1,single_token,not_valid_noun
mirrors,our,-11.125,1,single_token,incomplete_phrase
mirrors,X,-11.125,1,single_token,not_valid_noun
mirrors,col,-11.125,1,single_token,incomplete_phrase
mirrors,home décor,-11.125,2,2token,not_valid_noun
mirrors,$,-11.125,1,single_token,not_valid_noun
mirrors,on,-11.125,1,single_token,not_valid_noun
mirrors,so,-11.125,1,single_token,not_valid_noun
mirrors,why,-11.125,1,single_token,not_valid_noun
mirrors,works,-11.125,1,single_token,incomplete_phrase
mirrors,--,-11.125,1,single_token,not_valid_noun
mirrors,materia,-11.125,1,single_token,not_valid_noun
mirrors,!,-11.125,1,single_token,not_valid_noun
mirrors,A glass,-11.15625,2,2token,not_valid_noun
mirrors,_____ a,-11.15625,2,2token,not_valid_noun
mirrors,birds,-11.1875,1,single_token,not_valid_noun
mirrors,decoration for,-11.1875,2,2token,incomplete_phrase
mirrors,secondary,-11.1875,1,single_token,incomplete_phrase
mirrors,paper Complete,-11.1875,2,2token,not_valid_noun
mirrors,things Complete,-11.1875,2,2token,not_valid_noun
mirrors,windows (,-11.1875,2,2token,not_valid_noun
mirrors,________,-11.1875,2,2token,not_valid_noun
mirrors,____________ (,-11.1875,2,2token,not_valid_noun
mirrors,],-11.1875,1,single_token,not_valid_noun
mirrors,types,-11.1875,1,single_token,not_valid_noun
mirrors,images,-11.1875,1,single_token,not_valid_noun
mirrors,consumer,-11.1875,1,single_token,incomplete_phrase
mirrors,handy,-11.1875,1,single_token,incomplete_phrase
mirrors,renewable,-11.1875,1,single_token,not_valid_noun
mirrors,maths,-11.1875,1,single_token,not_valid_noun
mirrors,??,-11.1875,1,single_token,not_valid_noun
mirrors,parts,-11.1875,1,single_token,not_valid_noun
mirrors,ornament .,-11.1875,2,2token,not_valid_noun
mirrors,material to,-11.1875,2,2token,incomplete_phrase
mirrors,thing (,-11.1875,2,2token,not_valid_noun
mirrors,tools for,-11.1875,2,2token,incomplete_phrase
mirrors,of objects,-11.203125,2,2token,not_valid_noun
mirrors,glassware Complete,-11.203125,2,2token,not_valid_noun
mirrors,door Complete,-11.203125,2,2token,not_valid_noun
mirrors,kind Complete,-11.203125,2,2token,not_valid_noun
mirrors,the window,-11.21875,2,2token,not_valid_noun
mirrors,the material,-11.21875,2,2token,not_valid_noun
mirrors,water Complete,-11.21875,2,2token,not_valid_noun
mirrors,", and",-11.21875,2,2token,not_valid_noun
mirrors,reflection complete,-11.21875,2,2token,not_valid_noun
mirrors,. Explain,-11.21875,2,2token,not_valid_noun
mirrors,equipment that,-11.21875,2,2token,incomplete_phrase
mirrors,… a,-11.21875,2,2token,not_valid_noun
mirrors,crystal Complete,-11.21875,2,2token,not_valid_noun
mirrors,", which",-11.21875,2,2token,not_valid_noun
mirrors,. apple,-11.21875,2,2token,not_valid_noun
mirrors,. Draw,-11.21875,2,2token,not_valid_noun
mirrors,.,-11.21875,2,2token,not_valid_noun
mirrors,. If,-11.21875,2,2token,not_valid_noun
mirrors,light __,-11.21875,2,2token,not_valid_noun
mirrors,window -,-11.21875,2,2token,incomplete_phrase
mirrors,object ________,-11.21875,2,2token,not_valid_noun
mirrors,the same,-11.21875,2,2token,not_valid_noun
mirrors,___________,-11.21875,2,2token,not_valid_noun
mirrors,objects,-11.21875,2,2token,not_valid_noun
mirrors,... Write,-11.21875,2,2token,not_valid_noun
mirrors,window ________,-11.21875,2,2token,not_valid_noun
mirrors,_______ glass,-11.25,2,2token,not_valid_noun
mirrors,_______ _____,-11.25,2,2token,not_valid_noun
mirrors,____ _.,-11.25,2,2token,not_valid_noun
mirrors,vessels,-11.25,1,single_token,not_valid_noun
mirrors,".,",-11.25,1,single_token,not_valid_noun
mirrors,constructions,-11.25,1,single_token,not_valid_noun
mirrors,children,-11.25,1,single_token,incomplete_phrase
mirrors,essential,-11.25,1,single_token,incomplete_phrase
mirrors,he,-11.25,1,single_token,not_valid_noun
mirrors,re,-11.25,1,single_token,not_valid_noun
mirrors,u,-11.25,1,single_token,not_valid_noun
mirrors,F,-11.25,1,single_token,not_valid_noun
mirrors,_________ ________,-11.25,2,2token,not_valid_noun
mirrors,rooms,-11.25,1,single_token,not_valid_noun
mirrors,clas,-11.25,1,single_token,not_valid_noun
mirrors,wooden,-11.25,1,single_token,not_valid_noun
mirrors,convex,-11.25,1,single_token,not_valid_noun
mirrors,Useful,-11.25,1,single_token,not_valid_noun
mirrors,hou,-11.25,1,single_token,not_valid_noun
mirrors,He,-11.25,1,single_token,not_valid_noun
mirrors,three,-11.25,1,single_token,incomplete_phrase
mirrors,spec,-11.25,1,single_token,incomplete_phrase
mirrors,—,-11.25,1,single_token,not_valid_noun
mirrors,They,-11.25,1,single_token,not_valid_noun
mirrors,-,-11.265625,2,2token,not_valid_noun
mirrors,a shiny,-11.28125,2,2token,not_valid_noun
mirrors,a wall,-11.28125,2,2token,not_valid_noun
mirrors,a ...,-11.28125,2,2token,not_valid_noun
mirrors,household .,-11.28125,2,2token,not_valid_noun
mirrors,_ (,-11.28125,2,2token,not_valid_noun
mirrors,od,-11.3125,1,single_token,not_valid_noun
mirrors,An,-11.3125,1,single_token,not_valid_noun
mirrors,different,-11.3125,1,single_token,not_valid_noun
mirrors,_. Write,-11.3125,2,2token,not_valid_noun
mirrors,_. The,-11.3125,2,2token,not_valid_noun
mirrors,substance Complete,-11.3125,2,2token,not_valid_noun
mirrors,eye .,-11.3125,2,2token,not_valid_noun
mirrors,windows in,-11.3125,2,2token,incomplete_phrase
mirrors,common,-11.3125,1,single_token,incomplete_phrase
mirrors,material of,-11.3125,2,2token,incomplete_phrase
mirrors,ve,-11.3125,1,single_token,not_valid_noun
mirrors,your,-11.3125,1,single_token,incomplete_phrase
mirrors,,-11.3125,1,single_token,not_valid_noun
mirrors,shops,-11.3125,1,single_token,not_valid_noun
mirrors,adorn,-11.3125,1,single_token,not_valid_noun
mirrors,cheap,-11.3125,1,single_token,not_valid_noun
mirrors,gadget Complete,-11.3125,2,2token,not_valid_noun
mirrors,________ ________,-11.3125,2,2token,not_valid_noun
mirrors,tools Complete,-11.3125,2,2token,not_valid_noun
mirrors,We,-11.3125,1,single_token,not_valid_noun
mirrors,????,-11.3125,1,single_token,not_valid_noun
mirrors,of of,-11.328125,2,2token,not_valid_noun
mirrors,of material,-11.328125,2,2token,not_valid_noun
mirrors,reflect the,-11.328125,2,2token,incomplete_phrase
mirrors,objects of,-11.34375,2,2token,incomplete_phrase
mirrors,window which,-11.34375,2,2token,incomplete_phrase
mirrors,window ....,-11.34375,2,2token,not_valid_noun
mirrors,object called,-11.34375,2,2token,incomplete_phrase
mirrors,tool and,-11.34375,2,2token,incomplete_phrase
mirrors,the surface,-11.34375,2,2token,not_valid_noun
mirrors,tool ______,-11.34375,2,2token,not_valid_noun
mirrors,instrument ...,-11.34375,2,2token,not_valid_noun
mirrors,instrument complete,-11.34375,2,2token,not_valid_noun
mirrors,______ glass,-11.34375,2,2token,not_valid_noun
mirrors,… Continue,-11.34375,2,2token,not_valid_noun
mirrors,... of,-11.34375,2,2token,not_valid_noun
mirrors,... ?,-11.34375,2,2token,not_valid_noun
mirrors,. An,-11.34375,2,2token,not_valid_noun
mirrors,. Do,-11.34375,2,2token,not_valid_noun
mirrors,… The,-11.34375,2,2token,not_valid_noun
mirrors,. Compare,-11.34375,2,2token,not_valid_noun
mirrors,. apples,-11.34375,2,2token,not_valid_noun
mirrors,. _______,-11.34375,2,2token,not_valid_noun
mirrors,optical .,-11.34375,2,2token,not_valid_noun
mirrors,equipment in,-11.34375,2,2token,incomplete_phrase
mirrors,Windows,-11.359375,2,2token,not_valid_noun
mirrors,equipments,-11.375,1,single_token,not_valid_noun
mirrors,-------,-11.375,1,single_token,not_valid_noun
mirrors,,-11.375,1,single_token,not_valid_noun
mirrors,,-11.375,1,single_token,not_valid_noun
mirrors,question,-11.375,1,single_token,not_valid_noun
mirrors,do,-11.375,1,single_token,not_valid_noun
mirrors,la,-11.375,1,single_token,not_valid_noun
mirrors,social,-11.375,1,single_token,incomplete_phrase
mirrors,_______ A,-11.375,2,2token,not_valid_noun
mirrors,substances,-11.375,1,single_token,not_valid_noun
mirrors,Ans,-11.375,1,single_token,not_valid_noun
mirrors,kinds,-11.375,1,single_token,not_valid_noun
mirrors,_______ complete,-11.375,2,2token,not_valid_noun
mirrors,_______ ____,-11.375,2,2token,not_valid_noun
mirrors,what ?,-11.375,2,2token,not_valid_noun
mirrors,___ ____,-11.375,2,2token,not_valid_noun
mirrors,a ____________,-11.40625,2,2token,not_valid_noun
mirrors,Reflection Complete,-11.40625,2,2token,not_valid_noun
mirrors,A complete,-11.40625,2,2token,not_valid_noun
mirrors,? ?,-11.40625,2,2token,not_valid_noun
mirrors,household utens,-11.40625,2,2token,incomplete_phrase
mirrors,a __,-11.40625,2,2token,not_valid_noun
mirrors,a flat,-11.40625,2,2token,not_valid_noun
mirrors,a furniture,-11.40625,2,2token,not_valid_noun
mirrors,a lens,-11.40625,2,2token,not_valid_noun
mirrors,What kind,-11.421875,2,2token,not_valid_noun
mirrors,mirror or,-11.4375,2,2token,incomplete_phrase
mirrors,furniture (,-11.4375,2,2token,not_valid_noun
mirrors,Reflective,-11.4375,1,single_token,incomplete_phrase
mirrors,metal that,-11.4375,2,2token,incomplete_phrase
mirrors,mirror is,-11.4375,2,2token,incomplete_phrase
mirrors,things to,-11.4375,2,2token,incomplete_phrase
mirrors,,-11.4375,1,single_token,not_valid_noun
mirrors,cloth Complete,-11.4375,2,2token,not_valid_noun
mirrors,decoration (,-11.4375,2,2token,not_valid_noun
mirrors,accessory .,-11.4375,2,2token,not_valid_noun
mirrors,where,-11.4375,1,single_token,not_valid_noun
mirrors,To,-11.4375,1,single_token,not_valid_noun
mirrors,/.,-11.4375,1,single_token,not_valid_noun
mirrors,four,-11.4375,1,single_token,incomplete_phrase
mirrors,_. complete,-11.4375,2,2token,not_valid_noun
mirrors,but,-11.4375,1,single_token,not_valid_noun
mirrors,liquids,-11.4375,1,single_token,not_valid_noun
mirrors,solids,-11.4375,1,single_token,not_valid_noun
mirrors,old,-11.4375,1,single_token,incomplete_phrase
mirrors,of reflection,-11.453125,2,2token,not_valid_noun
mirrors,object -,-11.46875,2,2token,incomplete_phrase
mirrors,( mirror,-11.46875,2,2token,not_valid_noun
mirrors,the instrument,-11.46875,2,2token,not_valid_noun
mirrors,object you,-11.46875,2,2token,incomplete_phrase
mirrors,tool complete,-11.46875,2,2token,not_valid_noun
mirrors,... In,-11.46875,2,2token,not_valid_noun
mirrors,wall .,-11.46875,2,2token,not_valid_noun
mirrors,… mirrors,-11.46875,2,2token,not_valid_noun
mirrors,... Use,-11.46875,2,2token,not_valid_noun
mirrors,. When,-11.46875,2,2token,not_valid_noun
mirrors,instrument _______,-11.46875,2,2token,not_valid_noun
mirrors,. of,-11.46875,2,2token,not_valid_noun
mirrors,. ?,-11.46875,2,2token,not_valid_noun
mirrors,. It,-11.46875,2,2token,not_valid_noun
mirrors,the sun,-11.46875,2,2token,not_valid_noun
mirrors,light _________,-11.46875,2,2token,not_valid_noun
mirrors,______ complete,-11.46875,2,2token,not_valid_noun
mirrors,.... a,-11.46875,2,2token,not_valid_noun
mirrors,… (,-11.46875,2,2token,not_valid_noun
mirrors,light refra,-11.46875,2,2token,incomplete_phrase
mirrors,light absorbing,-11.46875,2,2token,incomplete_phrase
mirrors,photographic,-11.5,1,single_token,incomplete_phrase
mirrors,image Complete,-11.5,2,2token,not_valid_noun
mirrors,translucent,-11.5,1,single_token,not_valid_noun
mirrors,picture .,-11.5,2,2token,not_valid_noun
mirrors,device which,-11.5,2,2token,incomplete_phrase
mirrors,____ (,-11.5,2,2token,not_valid_noun
mirrors,_________ _________,-11.5,2,2token,not_valid_noun
mirrors,: glass,-11.5,2,2token,not_valid_noun
mirrors,lev,-11.5,1,single_token,incomplete_phrase
mirrors,interesting,-11.5,1,single_token,not_valid_noun
mirrors,hom,-11.5,1,single_token,not_valid_noun
mirrors,B,-11.5,1,single_token,not_valid_noun
mirrors,ves,-11.5,1,single_token,not_valid_noun
mirrors,item that,-11.515625,2,2token,incomplete_phrase
mirrors,mirror in,-11.53125,2,2token,incomplete_phrase
mirrors,.. .,-11.53125,2,2token,not_valid_noun
mirrors,.....,-11.53125,2,2token,not_valid_noun
mirrors,? complete,-11.53125,2,2token,not_valid_noun
mirrors,food Complete,-11.53125,2,2token,not_valid_noun
mirrors,_____ ....,-11.53125,2,2token,not_valid_noun
mirrors,food .,-11.53125,2,2token,not_valid_noun
mirrors,a substance,-11.53125,2,2token,not_valid_noun
mirrors,_____ The,-11.53125,2,2token,not_valid_noun
mirrors,A kind,-11.53125,2,2token,not_valid_noun
mirrors,A B,-11.53125,2,2token,not_valid_noun
mirrors,protective,-11.5625,1,single_token,not_valid_noun
mirrors,------------,-11.5625,1,single_token,not_valid_noun
mirrors,indirect,-11.5625,1,single_token,not_valid_noun
mirrors,fo,-11.5625,1,single_token,not_valid_noun
mirrors,thing called,-11.5625,2,2token,incomplete_phrase
mirrors,____________ Fill,-11.5625,2,2token,not_valid_noun
mirrors,poly,-11.5625,1,single_token,incomplete_phrase
mirrors,ornamental,-11.5625,1,single_token,incomplete_phrase
mirrors,S,-11.5625,1,single_token,not_valid_noun
mirrors,pla,-11.5625,1,single_token,not_valid_noun
mirrors,cloth .,-11.5625,2,2token,not_valid_noun
mirrors,ma,-11.5625,1,single_token,not_valid_noun
mirrors,ir,-11.5625,1,single_token,not_valid_noun
mirrors,being,-11.5625,1,single_token,not_valid_noun
mirrors,((,-11.5625,1,single_token,not_valid_noun
mirrors,office,-11.5625,1,single_token,incomplete_phrase
mirrors,false,-11.5625,1,single_token,not_valid_noun
mirrors,pair,-11.5625,1,single_token,incomplete_phrase
mirrors,sh,-11.5625,1,single_token,not_valid_noun
mirrors,_. a,-11.5625,2,2token,not_valid_noun
mirrors,---------------,-11.5625,1,single_token,not_valid_noun
mirrors,metal or,-11.5625,2,2token,incomplete_phrase
mirrors,metal ...,-11.5625,2,2token,not_valid_noun
mirrors,thing in,-11.5625,2,2token,incomplete_phrase
mirrors,substance that,-11.5625,2,2token,incomplete_phrase
mirrors,colored,-11.5625,1,single_token,incomplete_phrase
mirrors,thing we,-11.5625,2,2token,incomplete_phrase
mirrors,thing made,-11.5625,2,2token,incomplete_phrase
mirrors,thing used,-11.5625,2,2token,incomplete_phrase
mirrors,%.,-11.5625,1,single_token,not_valid_noun
mirrors,mechanical,-11.5625,1,single_token,not_valid_noun
mirrors,lamps,-11.5625,1,single_token,not_valid_noun
mirrors,,-11.5625,1,single_token,not_valid_noun
mirrors,plant Complete,-11.578125,2,2token,not_valid_noun
mirrors,window is,-11.59375,2,2token,incomplete_phrase
mirrors,__________ ________,-11.59375,2,2token,not_valid_noun
mirrors,objects in,-11.59375,2,2token,incomplete_phrase
mirrors,... COMPLETE,-11.59375,2,2token,not_valid_noun
mirrors,light ____________,-11.59375,2,2token,not_valid_noun
mirrors,.... (,-11.59375,2,2token,not_valid_noun
mirrors,window Glass,-11.59375,2,2token,incomplete_phrase
mirrors,tool _____,-11.59375,2,2token,not_valid_noun
mirrors,___________ (,-11.59375,2,2token,not_valid_noun
mirrors,machine .,-11.59375,2,2token,not_valid_noun
mirrors,instrument ....,-11.59375,2,2token,not_valid_noun
mirrors,light _,-11.59375,2,2token,not_valid_noun
mirrors,", glass",-11.59375,2,2token,not_valid_noun
mirrors,instrument in,-11.59375,2,2token,incomplete_phrase
mirrors,.... What,-11.59375,2,2token,not_valid_noun
mirrors,.... Fill,-11.59375,2,2token,not_valid_noun
mirrors,window ______,-11.59375,2,2token,not_valid_noun
mirrors,instrument ________,-11.59375,2,2token,not_valid_noun
mirrors,... You,-11.59375,2,2token,not_valid_noun
mirrors,... Find,-11.59375,2,2token,not_valid_noun
mirrors,... Choose,-11.59375,2,2token,not_valid_noun
mirrors,... Which,-11.59375,2,2token,not_valid_noun
mirrors,... Answer,-11.59375,2,2token,not_valid_noun
mirrors,", they",-11.59375,2,2token,not_valid_noun
mirrors,objects for,-11.59375,2,2token,incomplete_phrase
mirrors,objects (,-11.59375,2,2token,not_valid_noun
mirrors,table Complete,-11.59375,2,2token,not_valid_noun
mirrors,object ____,-11.59375,2,2token,not_valid_noun
mirrors,... I,-11.59375,2,2token,not_valid_noun
mirrors,", because",-11.59375,2,2token,not_valid_noun
mirrors,computer Complete,-11.609375,2,2token,not_valid_noun
mirrors,home .,-11.625,2,2token,not_valid_noun
mirrors,_________ _______,-11.625,2,2token,not_valid_noun
mirrors,beau,-11.625,1,single_token,incomplete_phrase
mirrors,_______ What,-11.625,2,2token,not_valid_noun
mirrors,_______ _________,-11.625,2,2token,not_valid_noun
mirrors,P,-11.625,1,single_token,not_valid_noun
mirrors,sur,-11.625,1,single_token,incomplete_phrase
mirrors,fa,-11.625,1,single_token,not_valid_noun
mirrors,int,-11.625,1,single_token,incomplete_phrase
mirrors,pro,-11.625,1,single_token,incomplete_phrase
mirrors,trees,-11.625,1,single_token,not_valid_noun
mirrors,what kind,-11.625,2,2token,not_valid_noun
mirrors,frames,-11.625,1,single_token,not_valid_noun
mirrors,____,-11.625,2,2token,not_valid_noun
mirrors,____ Fill,-11.625,2,2token,not_valid_noun
mirrors,----,-11.625,1,single_token,not_valid_noun
mirrors,._,-11.625,1,single_token,not_valid_noun
mirrors,(),-11.625,1,single_token,not_valid_noun
mirrors,dark,-11.625,1,single_token,incomplete_phrase
mirrors,a home,-11.65625,2,2token,not_valid_noun
mirrors,a room,-11.65625,2,2token,not_valid_noun
mirrors,a table,-11.65625,2,2token,not_valid_noun
mirrors,? A,-11.65625,2,2token,not_valid_noun
mirrors,mirror that,-11.65625,2,2token,incomplete_phrase
mirrors,mirror and,-11.65625,2,2token,incomplete_phrase
mirrors,a ___________,-11.65625,2,2token,not_valid_noun
mirrors,a _________,-11.65625,2,2token,not_valid_noun
mirrors,a gadget,-11.65625,2,2token,not_valid_noun
mirrors,What do,-11.671875,2,2token,not_valid_noun
mirrors,magn,-11.6875,1,single_token,not_valid_noun
mirrors,fixed,-11.6875,1,single_token,not_valid_noun
mirrors,Hom,-11.6875,1,single_token,not_valid_noun
mirrors,with,-11.6875,1,single_token,not_valid_noun
mirrors,ancient,-11.6875,1,single_token,incomplete_phrase
mirrors,fr,-11.6875,1,single_token,not_valid_noun
mirrors,wood Complete,-11.6875,2,2token,not_valid_noun
mirrors,technology .,-11.6875,2,2token,not_valid_noun
mirrors,paint .,-11.6875,2,2token,not_valid_noun
mirrors,paint Complete,-11.6875,2,2token,not_valid_noun
mirrors,_. In,-11.6875,2,2token,not_valid_noun
mirrors,--------------,-11.6875,1,single_token,not_valid_noun
mirrors,possessions,-11.6875,1,single_token,not_valid_noun
mirrors,_. Which,-11.6875,2,2token,not_valid_noun
mirrors,?...,-11.6875,1,single_token,not_valid_noun
mirrors,bi,-11.6875,1,single_token,not_valid_noun
mirrors,per,-11.6875,1,single_token,not_valid_noun
mirrors,material ...,-11.6875,2,2token,not_valid_noun
mirrors,bright,-11.6875,1,single_token,not_valid_noun
mirrors,pots,-11.6875,1,single_token,not_valid_noun
mirrors,instrumental,-11.6875,1,single_token,not_valid_noun
mirrors,lighting Complete,-11.71875,2,2token,not_valid_noun
mirrors,... Mirror,-11.71875,2,2token,not_valid_noun
mirrors,equipment to,-11.71875,2,2token,incomplete_phrase
mirrors,______ A,-11.71875,2,2token,not_valid_noun
mirrors,______ a,-11.71875,2,2token,not_valid_noun
mirrors,light Reflect,-11.71875,2,2token,incomplete_phrase
mirrors,light which,-11.71875,2,2token,incomplete_phrase
mirrors,equipment (,-11.71875,2,2token,not_valid_noun
mirrors,machine that,-11.71875,2,2token,incomplete_phrase
mirrors,lamp Complete,-11.71875,2,2token,not_valid_noun
mirrors,the word,-11.71875,2,2token,not_valid_noun
mirrors,reflection on,-11.71875,2,2token,incomplete_phrase
mirrors,of metal,-11.71875,2,2token,not_valid_noun
mirrors,of mirror,-11.71875,2,2token,not_valid_noun
mirrors,of furniture,-11.71875,2,2token,not_valid_noun
mirrors,... is,-11.71875,2,2token,not_valid_noun
mirrors,window _____,-11.71875,2,2token,not_valid_noun
mirrors,reflection ...,-11.71875,2,2token,not_valid_noun
mirrors,light A,-11.71875,2,2token,incomplete_phrase
mirrors,… ...,-11.71875,2,2token,not_valid_noun
mirrors,wall Complete,-11.71875,2,2token,not_valid_noun
mirrors,… Mirrors,-11.71875,2,2token,not_valid_noun
mirrors,.... The,-11.71875,2,2token,not_valid_noun
mirrors,object and,-11.71875,2,2token,incomplete_phrase
mirrors,object _____,-11.71875,2,2token,not_valid_noun
mirrors,surface to,-11.71875,2,2token,incomplete_phrase
mirrors,tool /,-11.71875,2,2token,not_valid_noun
mirrors,object ______,-11.71875,2,2token,not_valid_noun
mirrors,non living,-11.734375,2,2token,incomplete_phrase
mirrors,_______ a,-11.75,2,2token,not_valid_noun
mirrors,item of,-11.75,2,2token,incomplete_phrase
mirrors,building Complete,-11.75,2,2token,not_valid_noun
mirrors,building,-11.75,2,2token,incomplete_phrase
mirrors,helpful,-11.75,1,single_token,not_valid_noun
mirrors,_______ of,-11.75,2,2token,not_valid_noun
mirrors,_______ The,-11.75,2,2token,not_valid_noun
mirrors,lit,-11.75,1,single_token,incomplete_phrase
mirrors,mat,-11.75,1,single_token,incomplete_phrase
mirrors,%,-11.75,1,single_token,not_valid_noun
mirrors,job,-11.75,1,single_token,not_valid_noun
mirrors,making,-11.75,1,single_token,incomplete_phrase
mirrors,http,-11.75,1,single_token,not_valid_noun
mirrors,they,-11.75,1,single_token,not_valid_noun
mirrors,resources,-11.75,1,single_token,not_valid_noun
mirrors,smart,-11.75,1,single_token,incomplete_phrase
mirrors,,-11.75,1,single_token,not_valid_noun
mirrors,D,-11.75,1,single_token,not_valid_noun
mirrors,at,-11.75,1,single_token,not_valid_noun
mirrors,li,-11.75,1,single_token,not_valid_noun
mirrors,ti,-11.75,1,single_token,not_valid_noun
mirrors,_______ ?,-11.75,2,2token,not_valid_noun
mirrors,sim,-11.75,1,single_token,incomplete_phrase
mirrors,handic,-11.75,1,single_token,incomplete_phrase
mirrors,décor,-11.75,1,single_token,not_valid_noun
mirrors,washing,-11.75,1,single_token,incomplete_phrase
mirrors,gla,-11.75,1,single_token,not_valid_noun
mirrors,Objects,-11.75,1,single_token,not_valid_noun
mirrors,equip,-11.75,1,single_token,not_valid_noun
mirrors,_________ ...,-11.75,2,2token,not_valid_noun
mirrors,shiny .,-11.75,2,2token,not_valid_noun
mirrors,___ Fill,-11.75,2,2token,not_valid_noun
mirrors,___ ___,-11.75,2,2token,not_valid_noun
mirrors,__ _.,-11.75,2,2token,not_valid_noun
mirrors,().,-11.75,1,single_token,not_valid_noun
mirrors,geometrical,-11.75,1,single_token,not_valid_noun
mirrors,building mater,-11.75,2,2token,incomplete_phrase
mirrors,sport Complete,-11.765625,2,2token,not_valid_noun
mirrors,a __________,-11.78125,2,2token,not_valid_noun
mirrors,? (,-11.78125,2,2token,not_valid_noun
mirrors,_____ of,-11.78125,2,2token,not_valid_noun
mirrors,a picture,-11.78125,2,2token,not_valid_noun
mirrors,a machine,-11.78125,2,2token,not_valid_noun
mirrors,a shape,-11.78125,2,2token,not_valid_noun
mirrors,a door,-11.78125,2,2token,not_valid_noun
mirrors,clothe,-11.8125,1,single_token,not_valid_noun
mirrors,appliance (,-11.8125,2,2token,not_valid_noun
mirrors,none,-11.8125,1,single_token,incomplete_phrase
mirrors,[],-11.8125,1,single_token,not_valid_noun
mirrors,tele,-11.8125,1,single_token,incomplete_phrase
mirrors,fac,-11.8125,1,single_token,not_valid_noun
mirrors,,-11.8125,1,single_token,not_valid_noun
mirrors,antiques,-11.8125,1,single_token,not_valid_noun
mirrors,gadget .,-11.8125,2,2token,not_valid_noun
mirrors,metal used,-11.8125,2,2token,incomplete_phrase
mirrors,...... .,-11.8125,2,2token,not_valid_noun
mirrors,material or,-11.8125,2,2token,incomplete_phrase
mirrors,shape Complete,-11.8125,2,2token,not_valid_noun
mirrors,paper .,-11.8125,2,2token,not_valid_noun
mirrors,________ _.,-11.8125,2,2token,not_valid_noun
mirrors,substance .,-11.8125,2,2token,not_valid_noun
mirrors,clothing Complete,-11.8125,2,2token,not_valid_noun
mirrors,cutting,-11.8125,1,single_token,incomplete_phrase
mirrors,glassy,-11.8125,1,single_token,not_valid_noun
mirrors,practical,-11.8125,1,single_token,not_valid_noun
mirrors,ordinary,-11.8125,1,single_token,incomplete_phrase
mirrors,tools used,-11.8125,2,2token,incomplete_phrase
mirrors,toy .,-11.8125,2,2token,not_valid_noun
mirrors,tools that,-11.8125,2,2token,incomplete_phrase
mirrors,____________ _.,-11.8125,2,2token,not_valid_noun
mirrors,windows or,-11.8125,2,2token,incomplete_phrase
mirrors,... How,-11.84375,2,2token,not_valid_noun
mirrors,... Glass,-11.84375,2,2token,not_valid_noun
mirrors,... Select,-11.84375,2,2token,not_valid_noun
mirrors,__________ complete,-11.84375,2,2token,not_valid_noun
mirrors,__________ glass,-11.84375,2,2token,not_valid_noun
mirrors,… fruit,-11.84375,2,2token,not_valid_noun
mirrors,window because,-11.84375,2,2token,incomplete_phrase
mirrors,… mirror,-11.84375,2,2token,not_valid_noun
mirrors,the thing,-11.84375,2,2token,not_valid_noun
mirrors,reflection or,-11.84375,2,2token,incomplete_phrase
mirrors,… Fill,-11.84375,2,2token,not_valid_noun
mirrors,window _,-11.84375,2,2token,not_valid_noun
mirrors,window by,-11.84375,2,2token,incomplete_phrase
mirrors,plane Complete,-11.84375,2,2token,not_valid_noun
mirrors,object we,-11.84375,2,2token,incomplete_phrase
mirrors,objects used,-11.84375,2,2token,incomplete_phrase
mirrors,objects to,-11.84375,2,2token,incomplete_phrase
mirrors,light is,-11.84375,2,2token,incomplete_phrase
mirrors,light for,-11.84375,2,2token,incomplete_phrase
mirrors,surface which,-11.84375,2,2token,incomplete_phrase
mirrors,glas .,-11.84375,2,2token,not_valid_noun
mirrors,of window,-11.84375,2,2token,not_valid_noun
mirrors,the light,-11.84375,2,2token,not_valid_noun
mirrors,of instrument,-11.84375,2,2token,not_valid_noun
mirrors,[ ].,-11.859375,2,2token,not_valid_noun
mirrors,[ blank,-11.859375,2,2token,not_valid_noun
mirrors,Dal,-11.875,1,single_token,incomplete_phrase
mirrors,uses,-11.875,1,single_token,not_valid_noun
mirrors,bea,-11.875,1,single_token,not_valid_noun
mirrors,cristal,-11.875,1,single_token,not_valid_noun
mirrors,Tools,-11.875,1,single_token,not_valid_noun
mirrors,uh,-11.875,1,single_token,not_valid_noun
mirrors,_______ Choose,-11.875,2,2token,not_valid_noun
mirrors,*.,-11.875,1,single_token,not_valid_noun
mirrors,[...],-11.875,1,single_token,not_valid_noun
mirrors,arti,-11.875,1,single_token,not_valid_noun
mirrors,pers,-11.875,1,single_token,not_valid_noun
mirrors,pol,-11.875,1,single_token,incomplete_phrase
mirrors,Are,-11.875,1,single_token,not_valid_noun
mirrors,___ complete,-11.875,2,2token,not_valid_noun
mirrors,shiny reflective,-11.875,2,2token,not_valid_noun
mirrors,:,-11.875,2,2token,not_valid_noun
mirrors,: a,-11.875,2,2token,not_valid_noun
mirrors,___ glass,-11.875,2,2token,not_valid_noun
mirrors,what is,-11.875,2,2token,not_valid_noun
mirrors,objet de,-11.890625,2,2token,incomplete_phrase
mirrors,mirror ....,-11.90625,2,2token,not_valid_noun
mirrors,mirror _______,-11.90625,2,2token,not_valid_noun
mirrors,..,-11.90625,2,2token,not_valid_noun
mirrors,a fruit,-11.90625,2,2token,not_valid_noun
mirrors,? What,-11.90625,2,2token,not_valid_noun
mirrors,? Fill,-11.90625,2,2token,not_valid_noun
mirrors,? a,-11.90625,2,2token,not_valid_noun
mirrors,a type,-11.90625,2,2token,not_valid_noun
mirrors,_____ _________,-11.90625,2,2token,not_valid_noun
mirrors,_____ Select,-11.90625,2,2token,not_valid_noun
mirrors,_____ mirror,-11.90625,2,2token,not_valid_noun
mirrors,_____ Choose,-11.90625,2,2token,not_valid_noun
mirrors,_____ _.,-11.90625,2,2token,not_valid_noun
mirrors,_____ and,-11.90625,2,2token,not_valid_noun
mirrors,_____ or,-11.90625,2,2token,not_valid_noun
mirrors,_____ _,-11.90625,2,2token,not_valid_noun
mirrors,_____ object,-11.90625,2,2token,not_valid_noun
mirrors,curved,-11.9375,1,single_token,not_valid_noun
mirrors,visible,-11.9375,1,single_token,not_valid_noun
mirrors,,-11.9375,1,single_token,not_valid_noun
mirrors,material in,-11.9375,2,2token,incomplete_phrase
mirrors,material complete,-11.9375,2,2token,not_valid_noun
mirrors,photos,-11.9375,1,single_token,not_valid_noun
mirrors,screens,-11.9375,1,single_token,not_valid_noun
mirrors,_. (,-11.9375,2,2token,not_valid_noun
mirrors,glasses (,-11.9375,2,2token,not_valid_noun
mirrors,thing for,-11.9375,2,2token,incomplete_phrase
mirrors,thing with,-11.9375,2,2token,incomplete_phrase
mirrors,tools,-11.9375,2,2token,not_valid_noun
mirrors,tools to,-11.9375,2,2token,incomplete_phrase
mirrors,________ _______,-11.9375,2,2token,not_valid_noun
mirrors,metal complete,-11.9375,2,2token,not_valid_noun
mirrors,metal and,-11.9375,2,2token,incomplete_phrase
mirrors,lab,-11.9375,1,single_token,incomplete_phrase
mirrors,she,-11.9375,1,single_token,not_valid_noun
mirrors,another,-11.9375,1,single_token,incomplete_phrase
mirrors,Op,-11.9375,1,single_token,not_valid_noun
mirrors,hot,-11.9375,1,single_token,not_valid_noun
mirrors,Can,-11.9375,1,single_token,incomplete_phrase
mirrors,animal .,-11.9375,2,2token,not_valid_noun
mirrors,stone .,-11.9375,2,2token,not_valid_noun
mirrors,optical ...,-11.96875,2,2token,not_valid_noun
mirrors,tool ____,-11.96875,2,2token,not_valid_noun
mirrors,window :,-11.96875,2,2token,not_valid_noun
mirrors,", the",-11.96875,2,2token,not_valid_noun
mirrors,glas Complete,-11.96875,2,2token,not_valid_noun
mirrors,flat piece,-11.96875,2,2token,incomplete_phrase
mirrors,the house,-11.96875,2,2token,not_valid_noun
mirrors,flat .,-11.96875,2,2token,not_valid_noun
mirrors,window Material,-11.96875,2,2token,incomplete_phrase
mirrors,object on,-11.96875,2,2token,not_valid_noun
mirrors,of things,-11.96875,2,2token,not_valid_noun
mirrors,reflective .,-11.96875,2,2token,not_valid_noun
mirrors,… In,-11.96875,2,2token,not_valid_noun
mirrors,machine for,-11.96875,2,2token,incomplete_phrase
mirrors,the reflection,-11.96875,2,2token,not_valid_noun
mirrors,... what,-11.96875,2,2token,not_valid_noun
mirrors,... are,-11.96875,2,2token,not_valid_noun
mirrors,... Continue,-11.96875,2,2token,not_valid_noun
mirrors,objects which,-11.96875,2,2token,incomplete_phrase
mirrors,( blank,-11.96875,2,2token,not_valid_noun
mirrors,... See,-11.96875,2,2token,not_valid_noun
mirrors,... Match,-11.96875,2,2token,not_valid_noun
mirrors,|,-12.0,1,single_token,not_valid_noun
mirrors,very,-12.0,1,single_token,not_valid_noun
mirrors,- (,-12.0,2,2token,not_valid_noun
mirrors,what we,-12.0,2,2token,not_valid_noun
mirrors,paints,-12.0,1,single_token,not_valid_noun
mirrors,"(,",-12.0,1,single_token,not_valid_noun
mirrors,rectangular,-12.0,1,single_token,not_valid_noun
mirrors,technological,-12.0,1,single_token,not_valid_noun
mirrors,Is,-12.0,1,single_token,not_valid_noun
mirrors,__,-12.0,2,2token,not_valid_noun
mirrors,Pers,-12.0,1,single_token,not_valid_noun
mirrors,artistic,-12.0,1,single_token,not_valid_noun
mirrors,_______ ...,-12.0,2,2token,not_valid_noun
mirrors,cle,-12.0,1,single_token,not_valid_noun
mirrors,lens (,-12.0,2,2token,not_valid_noun
mirrors,device (,-12.0,2,2token,not_valid_noun
mirrors,_________ complete,-12.0,2,2token,not_valid_noun
mirrors,_________ A,-12.0,2,2token,not_valid_noun
mirrors,__ _,-12.0,2,2token,not_valid_noun
mirrors,article Complete,-12.0,2,2token,not_valid_noun
mirrors,what .,-12.0,2,2token,not_valid_noun
mirrors,_________ glass,-12.0,2,2token,not_valid_noun
mirrors,Reflection of,-12.03125,2,2token,incomplete_phrase
mirrors,mirror are,-12.03125,2,2token,incomplete_phrase
mirrors,_____ COMPLETE,-12.03125,2,2token,not_valid_noun
mirrors,_____ ?,-12.03125,2,2token,not_valid_noun
mirrors,_ object,-12.03125,2,2token,not_valid_noun
mirrors,_ Fill,-12.03125,2,2token,not_valid_noun
mirrors,A,-12.03125,2,2token,not_valid_noun
mirrors,..... A,-12.03125,2,2token,not_valid_noun
mirrors,made by,-12.03125,2,2token,not_valid_noun
mirrors,media Complete,-12.03125,2,2token,not_valid_noun
mirrors,this kind,-12.03125,2,2token,incomplete_phrase
mirrors,made up,-12.03125,2,2token,not_valid_noun
mirrors,What does,-12.046875,2,2token,not_valid_noun
mirrors,right,-12.0625,1,single_token,incomplete_phrase
mirrors,ins,-12.0625,1,single_token,not_valid_noun
mirrors,video,-12.0625,1,single_token,incomplete_phrase
mirrors,sy,-12.0625,1,single_token,not_valid_noun
mirrors,metal ....,-12.0625,2,2token,not_valid_noun
mirrors,sth,-12.0625,1,single_token,not_valid_noun
mirrors,--------,-12.0625,1,single_token,not_valid_noun
mirrors,].,-12.0625,1,single_token,not_valid_noun
mirrors,jewels,-12.0625,1,single_token,not_valid_noun
mirrors,animate,-12.0625,1,single_token,not_valid_noun
mirrors,reflect .,-12.0625,2,2token,not_valid_noun
mirrors,animals Complete,-12.0625,2,2token,not_valid_noun
mirrors,_. Choose,-12.0625,2,2token,not_valid_noun
mirrors,tiles,-12.0625,1,single_token,not_valid_noun
mirrors,'.,-12.0625,1,single_token,not_valid_noun
mirrors,synthetic,-12.0625,1,single_token,incomplete_phrase
mirrors,stones,-12.0625,1,single_token,not_valid_noun
mirrors,sb,-12.0625,1,single_token,not_valid_noun
mirrors,creative,-12.0625,1,single_token,not_valid_noun
mirrors,faces,-12.0625,1,single_token,not_valid_noun
mirrors,(-,-12.0625,1,single_token,not_valid_noun
mirrors,famous,-12.0625,1,single_token,not_valid_noun
mirrors,regular,-12.0625,1,single_token,incomplete_phrase
mirrors,girls,-12.0625,1,single_token,not_valid_noun
mirrors,ms,-12.0625,1,single_token,not_valid_noun
mirrors,appliance that,-12.0625,2,2token,incomplete_phrase
mirrors,fragile,-12.0625,1,single_token,not_valid_noun
mirrors,,-12.0625,1,single_token,not_valid_noun
mirrors,qu,-12.0625,1,single_token,not_valid_noun
mirrors,j,-12.0625,1,single_token,not_valid_noun
mirrors,things .,-12.0625,2,2token,not_valid_noun
mirrors,things made,-12.0625,2,2token,incomplete_phrase
mirrors,things you,-12.0625,2,2token,incomplete_phrase
mirrors,fi,-12.0625,1,single_token,not_valid_noun
mirrors,,-12.0625,1,single_token,not_valid_noun
mirrors,invention Complete,-12.0625,2,2token,not_valid_noun
mirrors,,-12.0625,1,single_token,not_valid_noun
mirrors,plat,-12.0625,1,single_token,incomplete_phrase
mirrors,Class,-12.0625,1,single_token,incomplete_phrase
mirrors,... [,-12.09375,2,2token,not_valid_noun
mirrors,of,-12.09375,2,2token,not_valid_noun
mirrors,.... ?,-12.09375,2,2token,not_valid_noun
mirrors,lighting .,-12.09375,2,2token,not_valid_noun
mirrors,instrument and,-12.09375,2,2token,incomplete_phrase
mirrors,instrument ______,-12.09375,2,2token,not_valid_noun
mirrors,material _______,-12.09375,2,2token,not_valid_noun
mirrors,... An,-12.09375,2,2token,not_valid_noun
mirrors,of windows,-12.09375,2,2token,not_valid_noun
mirrors,television Complete,-12.09375,2,2token,not_valid_noun
mirrors,... the,-12.09375,2,2token,not_valid_noun
mirrors,surface or,-12.09375,2,2token,incomplete_phrase
mirrors,of ...,-12.09375,2,2token,not_valid_noun
mirrors,( _,-12.09375,2,2token,not_valid_noun
mirrors,( a,-12.09375,2,2token,not_valid_noun
mirrors,______ ...,-12.09375,2,2token,not_valid_noun
mirrors,surface used,-12.09375,2,2token,incomplete_phrase
mirrors,reflection and,-12.09375,2,2token,incomplete_phrase
mirrors,"... ,",-12.09375,2,2token,not_valid_noun
mirrors,object from,-12.09375,2,2token,incomplete_phrase
mirrors,window on,-12.09375,2,2token,incomplete_phrase
mirrors,window ____,-12.09375,2,2token,not_valid_noun
mirrors,the eye,-12.09375,2,2token,not_valid_noun
mirrors,flat shiny,-12.09375,2,2token,not_valid_noun
mirrors,… glass,-12.09375,2,2token,not_valid_noun
mirrors,tool Use,-12.09375,2,2token,incomplete_phrase
mirrors,tool -,-12.09375,2,2token,incomplete_phrase
mirrors,.... Choose,-12.09375,2,2token,not_valid_noun
mirrors,.... glass,-12.09375,2,2token,not_valid_noun
mirrors,.... complete,-12.09375,2,2token,not_valid_noun
mirrors,__________ ...,-12.09375,2,2token,not_valid_noun
mirrors,the things,-12.09375,2,2token,not_valid_noun
mirrors,… Choose,-12.09375,2,2token,not_valid_noun
mirrors,… complete,-12.09375,2,2token,not_valid_noun
mirrors,",",-12.09375,2,2token,not_valid_noun
mirrors,object around,-12.09375,2,2token,not_valid_noun
mirrors,window …,-12.09375,2,2token,not_valid_noun
mirrors,objects made,-12.09375,2,2token,incomplete_phrase
mirrors,plate Complete,-12.09375,2,2token,not_valid_noun
mirrors,equipment of,-12.09375,2,2token,incomplete_phrase
mirrors,I am,-12.125,2,2token,not_valid_noun
mirrors,im,-12.125,1,single_token,not_valid_noun
mirrors,al,-12.125,1,single_token,not_valid_noun
mirrors,goggles,-12.125,1,single_token,not_valid_noun
mirrors,"?,",-12.125,1,single_token,not_valid_noun
mirrors,_______ ___________,-12.125,2,2token,not_valid_noun
mirrors,us,-12.125,1,single_token,not_valid_noun
mirrors,_______,-12.125,2,2token,not_valid_noun
mirrors,T,-12.125,1,single_token,not_valid_noun
mirrors,,-12.125,1,single_token,not_valid_noun
mirrors,I have,-12.125,2,2token,not_valid_noun
mirrors,called,-12.125,1,single_token,not_valid_noun
mirrors,You,-12.125,1,single_token,not_valid_noun
mirrors,what you,-12.125,2,2token,not_valid_noun
mirrors,plural,-12.125,1,single_token,incomplete_phrase
mirrors,___ _______,-12.125,2,2token,not_valid_noun
mirrors,___ ...,-12.125,2,2token,not_valid_noun
mirrors,___ _____,-12.125,2,2token,not_valid_noun
mirrors,_________ a,-12.125,2,2token,not_valid_noun
mirrors,""".",-12.125,1,single_token,not_valid_noun
mirrors,weapons,-12.125,1,single_token,not_valid_noun
mirrors,https,-12.125,1,single_token,not_valid_noun
mirrors,….,-12.125,2,2token,not_valid_noun
mirrors,concave,-12.125,1,single_token,incomplete_phrase
mirrors,: .,-12.125,2,2token,not_valid_noun
mirrors,…. A,-12.125,2,2token,not_valid_noun
mirrors,mirror ________,-12.15625,2,2token,not_valid_noun
mirrors,useful .,-12.15625,2,2token,not_valid_noun
mirrors,_____ I,-12.15625,2,2token,not_valid_noun
mirrors,_____ that,-12.15625,2,2token,not_valid_noun
mirrors,_____ -,-12.15625,2,2token,not_valid_noun
mirrors,_____ In,-12.15625,2,2token,not_valid_noun
mirrors,_____ objects,-12.15625,2,2token,not_valid_noun
mirrors,_____ Which,-12.15625,2,2token,not_valid_noun
mirrors,_____ Correct,-12.15625,2,2token,not_valid_noun
mirrors,_____ in,-12.15625,2,2token,not_valid_noun
mirrors,mirror _____,-12.15625,2,2token,not_valid_noun
mirrors,iron Complete,-12.15625,2,2token,not_valid_noun
mirrors,_ _______,-12.15625,2,2token,not_valid_noun
mirrors,_ ...,-12.15625,2,2token,not_valid_noun
mirrors,_ instrument,-12.15625,2,2token,not_valid_noun
mirrors,_ mirror,-12.15625,2,2token,not_valid_noun
mirrors,mirror of,-12.15625,2,2token,incomplete_phrase
mirrors,things used,-12.1875,2,2token,incomplete_phrase
mirrors,glassware .,-12.1875,2,2token,not_valid_noun
mirrors,materials Complete,-12.1875,2,2token,not_valid_noun
mirrors,door .,-12.1875,2,2token,not_valid_noun
mirrors,er,-12.1875,1,single_token,not_valid_noun
mirrors,Sim,-12.1875,1,single_token,incomplete_phrase
mirrors,women,-12.1875,1,single_token,not_valid_noun
mirrors,ans,-12.1875,1,single_token,not_valid_noun
mirrors,[.,-12.1875,1,single_token,not_valid_noun
mirrors,bedroom,-12.1875,1,single_token,incomplete_phrase
mirrors,mate,-12.1875,1,single_token,incomplete_phrase
mirrors,viewing,-12.1875,1,single_token,not_valid_noun
mirrors,__(,-12.1875,1,single_token,not_valid_noun
mirrors,ele,-12.1875,1,single_token,not_valid_noun
mirrors,con,-12.1875,1,single_token,incomplete_phrase
mirrors,windows for,-12.1875,2,2token,incomplete_phrase
mirrors,windows ...,-12.1875,2,2token,not_valid_noun
mirrors,windows of,-12.1875,2,2token,incomplete_phrase
mirrors,multi,-12.1875,1,single_token,not_valid_noun
mirrors,O,-12.1875,1,single_token,not_valid_noun
mirrors,cars,-12.1875,1,single_token,not_valid_noun
mirrors,Why,-12.1875,1,single_token,not_valid_noun
mirrors,windows to,-12.1875,2,2token,incomplete_phrase
mirrors,furniture ...,-12.1875,2,2token,not_valid_noun
mirrors,boolean,-12.1875,1,single_token,not_valid_noun
mirrors,helping,-12.1875,1,single_token,incomplete_phrase
mirrors,dry,-12.1875,1,single_token,incomplete_phrase
mirrors,an optical,-12.203125,2,2token,not_valid_noun
mirrors,element Complete,-12.21875,2,2token,not_valid_noun
mirrors,.... Write,-12.21875,2,2token,not_valid_noun
mirrors,", as",-12.21875,2,2token,not_valid_noun
mirrors,", (",-12.21875,2,2token,not_valid_noun
mirrors,.... ...,-12.21875,2,2token,not_valid_noun
mirrors,__________ _______,-12.21875,2,2token,not_valid_noun
mirrors,... View,-12.21875,2,2token,not_valid_noun
mirrors,element of,-12.21875,2,2token,incomplete_phrase
mirrors,______ What,-12.21875,2,2token,not_valid_noun
mirrors,metal _______,-12.21875,2,2token,not_valid_noun
mirrors,metal ________,-12.21875,2,2token,not_valid_noun
mirrors,instrument _____,-12.21875,2,2token,not_valid_noun
mirrors,instrument ____,-12.21875,2,2token,not_valid_noun
mirrors,______ ....,-12.21875,2,2token,not_valid_noun
mirrors,______ The,-12.21875,2,2token,not_valid_noun
mirrors,______ _________,-12.21875,2,2token,not_valid_noun
mirrors,material ....,-12.21875,2,2token,not_valid_noun
mirrors,___________ ________,-12.21875,2,2token,not_valid_noun
mirrors,rock Complete,-12.21875,2,2token,not_valid_noun
mirrors,material and,-12.21875,2,2token,incomplete_phrase
mirrors,material with,-12.21875,2,2token,incomplete_phrase
mirrors,instrument called,-12.21875,2,2token,incomplete_phrase
mirrors,( ________,-12.21875,2,2token,not_valid_noun
mirrors,______ of,-12.21875,2,2token,not_valid_noun
mirrors,object is,-12.21875,2,2token,incomplete_phrase
mirrors,… …,-12.21875,2,2token,not_valid_noun
mirrors,the .,-12.21875,2,2token,not_valid_noun
mirrors,tool with,-12.21875,2,2token,incomplete_phrase
mirrors,… Answer,-12.21875,2,2token,not_valid_noun
mirrors,window made,-12.21875,2,2token,incomplete_phrase
mirrors,window a,-12.21875,2,2token,incomplete_phrase
mirrors,window ….,-12.21875,2,2token,not_valid_noun
mirrors,material made,-12.21875,2,2token,incomplete_phrase
mirrors,object Fill,-12.21875,2,2token,not_valid_noun
mirrors,object /,-12.21875,2,2token,not_valid_noun
mirrors,object :,-12.21875,2,2token,not_valid_noun
mirrors,something that,-12.21875,2,2token,incomplete_phrase
mirrors,vegetable Complete,-12.21875,2,2token,not_valid_noun
mirrors,.... Read,-12.21875,2,2token,not_valid_noun
mirrors,apple .,-12.25,2,2token,not_valid_noun
mirrors,___ _.,-12.25,2,2token,not_valid_noun
mirrors,article .,-12.25,2,2token,not_valid_noun
mirrors,mineral .,-12.25,2,2token,not_valid_noun
mirrors,_________ The,-12.25,2,2token,not_valid_noun
mirrors,__ __,-12.25,2,2token,not_valid_noun
mirrors,_________ What,-12.25,2,2token,not_valid_noun
mirrors,item Complete,-12.25,2,2token,not_valid_noun
mirrors,_______ object,-12.25,2,2token,not_valid_noun
mirrors,___ _,-12.25,2,2token,not_valid_noun
mirrors,…… .,-12.265625,2,2token,not_valid_noun
mirrors,..... (,-12.28125,2,2token,not_valid_noun
mirrors,..... a,-12.28125,2,2token,not_valid_noun
mirrors,mirror -,-12.28125,2,2token,incomplete_phrase
mirrors,_ ________,-12.28125,2,2token,not_valid_noun
mirrors,? The,-12.28125,2,2token,not_valid_noun
mirrors,? ...,-12.28125,2,2token,not_valid_noun
mirrors,mirror ______,-12.28125,2,2token,not_valid_noun
mirrors,_____ [,-12.28125,2,2token,not_valid_noun
mirrors,_____ fruit,-12.28125,2,2token,not_valid_noun
mirrors,A .,-12.28125,2,2token,not_valid_noun
mirrors,weapon Complete,-12.28125,2,2token,not_valid_noun
mirrors,matter Complete,-12.28125,2,2token,not_valid_noun
mirrors,house (,-12.28125,2,2token,not_valid_noun
mirrors,mirror with,-12.28125,2,2token,not_valid_noun
mirrors,mirror for,-12.28125,2,2token,incomplete_phrase
mirrors,cool,-12.3125,1,single_token,incomplete_phrase
mirrors,seen,-12.3125,1,single_token,not_valid_noun
mirrors,furniture complete,-12.3125,2,2token,not_valid_noun
mirrors,fruit (,-12.3125,2,2token,not_valid_noun
mirrors,cla,-12.3125,1,single_token,not_valid_noun
mirrors,gram,-12.3125,1,single_token,incomplete_phrase
mirrors,fridge,-12.3125,1,single_token,not_valid_noun
mirrors,yard,-12.3125,1,single_token,incomplete_phrase
mirrors,each,-12.3125,1,single_token,incomplete_phrase
mirrors,......,-12.3125,2,2token,not_valid_noun
mirrors,appliance for,-12.3125,2,2token,incomplete_phrase
mirrors,tools (,-12.3125,2,2token,not_valid_noun
mirrors,manufactured,-12.3125,1,single_token,not_valid_noun
mirrors,woods,-12.3125,1,single_token,not_valid_noun
mirrors,furniture in,-12.3125,2,2token,incomplete_phrase
mirrors,Yes,-12.3125,1,single_token,not_valid_noun
mirrors,container Complete,-12.3125,2,2token,not_valid_noun
mirrors,painting Complete,-12.3125,2,2token,not_valid_noun
mirrors,materials .,-12.3125,2,2token,not_valid_noun
mirrors,things we,-12.3125,2,2token,incomplete_phrase
mirrors,mirrors Complete,-12.3125,2,2token,not_valid_noun
mirrors,examples,-12.3125,1,single_token,not_valid_noun
mirrors,th,-12.3125,1,single_token,not_valid_noun
mirrors,mac,-12.3125,1,single_token,incomplete_phrase
mirrors,rocks,-12.3125,1,single_token,not_valid_noun
mirrors,las,-12.3125,1,single_token,incomplete_phrase
mirrors,clothing .,-12.3125,2,2token,not_valid_noun
mirrors,things which,-12.3125,2,2token,incomplete_phrase
mirrors,tool Answer,-12.34375,2,2token,not_valid_noun
mirrors,tool Read,-12.34375,2,2token,not_valid_noun
mirrors,tool :,-12.34375,2,2token,not_valid_noun
mirrors,window A,-12.34375,2,2token,incomplete_phrase
mirrors,object A,-12.34375,2,2token,incomplete_phrase
mirrors,object ..,-12.34375,2,2token,not_valid_noun
mirrors,the world,-12.34375,2,2token,not_valid_noun
mirrors,lamp .,-12.34375,2,2token,not_valid_noun
mirrors,object .....,-12.34375,2,2token,not_valid_noun
mirrors,… Write,-12.34375,2,2token,not_valid_noun
mirrors,… I,-12.34375,2,2token,not_valid_noun
mirrors,tool you,-12.34375,2,2token,incomplete_phrase
mirrors,window with,-12.34375,2,2token,incomplete_phrase
mirrors,window /,-12.34375,2,2token,not_valid_noun
mirrors,window .....,-12.34375,2,2token,not_valid_noun
mirrors,", not",-12.34375,2,2token,not_valid_noun
mirrors,", so",-12.34375,2,2token,not_valid_noun
mirrors,__________ __________,-12.34375,2,2token,not_valid_noun
mirrors,__________ A,-12.34375,2,2token,not_valid_noun
mirrors,__________ a,-12.34375,2,2token,not_valid_noun
mirrors,material from,-12.34375,2,2token,incomplete_phrase
mirrors,instrument /,-12.34375,2,2token,not_valid_noun
mirrors,... food,-12.34375,2,2token,not_valid_noun
mirrors,... more,-12.34375,2,2token,not_valid_noun
mirrors,of equipment,-12.34375,2,2token,not_valid_noun
mirrors,surface complete,-12.34375,2,2token,not_valid_noun
mirrors,surface ...,-12.34375,2,2token,not_valid_noun
mirrors,______ Choose,-12.34375,2,2token,not_valid_noun
mirrors,reflection _______,-12.34375,2,2token,not_valid_noun
mirrors,crystal .,-12.34375,2,2token,not_valid_noun
mirrors,reflection ________,-12.34375,2,2token,not_valid_noun
mirrors,reflection that,-12.34375,2,2token,incomplete_phrase
mirrors,... We,-12.34375,2,2token,not_valid_noun
mirrors,of tool,-12.34375,2,2token,not_valid_noun
mirrors,of (,-12.34375,2,2token,not_valid_noun
mirrors,clock Complete,-12.34375,2,2token,not_valid_noun
mirrors,___________ Fill,-12.34375,2,2token,not_valid_noun
mirrors,reflections Complete,-12.359375,2,2token,not_valid_noun
mirrors,forms,-12.375,1,single_token,not_valid_noun
mirrors,SH,-12.375,1,single_token,not_valid_noun
mirrors,commercial,-12.375,1,single_token,incomplete_phrase
mirrors,Answer,-12.375,1,single_token,not_valid_noun
mirrors,healthy,-12.375,1,single_token,not_valid_noun
mirrors,traditional,-12.375,1,single_token,not_valid_noun
mirrors,large,-12.375,1,single_token,incomplete_phrase
mirrors,big,-12.375,1,single_token,not_valid_noun
mirrors,:.,-12.375,1,single_token,not_valid_noun
mirrors,^,-12.375,1,single_token,not_valid_noun
mirrors,expensive,-12.375,1,single_token,not_valid_noun
mirrors,kale,-12.375,1,single_token,incomplete_phrase
mirrors,harmful,-12.375,1,single_token,not_valid_noun
mirrors,magical,-12.375,1,single_token,not_valid_noun
mirrors,_________ ______,-12.375,2,2token,not_valid_noun
mirrors,_________ ___________,-12.375,2,2token,not_valid_noun
mirrors,___ A,-12.375,2,2token,not_valid_noun
mirrors,___ a,-12.375,2,2token,not_valid_noun
mirrors,___ What,-12.375,2,2token,not_valid_noun
mirrors,___ ______,-12.375,2,2token,not_valid_noun
mirrors,Meta,-12.375,1,single_token,incomplete_phrase
mirrors,outdoor,-12.375,1,single_token,incomplete_phrase
mirrors,Which,-12.375,1,single_token,not_valid_noun
mirrors,ic,-12.375,1,single_token,not_valid_noun
mirrors,portable,-12.375,1,single_token,incomplete_phrase
mirrors,fishing,-12.375,1,single_token,incomplete_phrase
mirrors,------,-12.375,1,single_token,not_valid_noun
mirrors,: complete,-12.375,2,2token,not_valid_noun
mirrors,- glass,-12.375,2,2token,not_valid_noun
mirrors,building (,-12.375,2,2token,not_valid_noun
mirrors,,-12.375,1,single_token,not_valid_noun
mirrors,be,-12.375,1,single_token,not_valid_noun
mirrors,shadow Complete,-12.375,2,2token,not_valid_noun
mirrors,,-12.375,1,single_token,not_valid_noun
mirrors,,-12.375,1,single_token,not_valid_noun
mirrors,best,-12.375,1,single_token,incomplete_phrase
mirrors,when,-12.375,1,single_token,not_valid_noun
mirrors,new,-12.375,1,single_token,not_valid_noun
mirrors,small,-12.375,1,single_token,incomplete_phrase
mirrors,med,-12.375,1,single_token,not_valid_noun
mirrors,II,-12.375,1,single_token,not_valid_noun
mirrors,using,-12.375,1,single_token,not_valid_noun
mirrors,J,-12.375,1,single_token,not_valid_noun
mirrors,_________ of,-12.375,2,2token,not_valid_noun
mirrors,_________ ?,-12.375,2,2token,not_valid_noun
mirrors,item for,-12.375,2,2token,incomplete_phrase
mirrors,fish Complete,-12.390625,2,2token,not_valid_noun
mirrors,household ________,-12.40625,2,2token,not_valid_noun
mirrors,_______,-12.40625,2,2token,not_valid_noun
mirrors,_______ objects,-12.40625,2,2token,not_valid_noun
mirrors,made out,-12.40625,2,2token,incomplete_phrase
mirrors,_____,-12.40625,2,2token,not_valid_noun
mirrors,_____ How,-12.40625,2,2token,not_valid_noun
mirrors,_____ Comple,-12.40625,2,2token,not_valid_noun
mirrors,house building,-12.40625,2,2token,incomplete_phrase
mirrors,eyes Complete,-12.40625,2,2token,not_valid_noun
mirrors,Reflection .,-12.40625,2,2token,not_valid_noun
mirrors,mirror to,-12.40625,2,2token,incomplete_phrase
mirrors,A ________,-12.40625,2,2token,not_valid_noun
mirrors,shine Complete,-12.40625,2,2token,not_valid_noun
mirrors,..... Fill,-12.40625,2,2token,not_valid_noun
mirrors,plastic .,-12.40625,2,2token,not_valid_noun
mirrors,_ ____,-12.40625,2,2token,not_valid_noun
mirrors,_ a,-12.40625,2,2token,not_valid_noun
mirrors,medicine Complete,-12.421875,2,2token,not_valid_noun
mirrors,windows complete,-12.4375,2,2token,not_valid_noun
mirrors,imaging,-12.4375,1,single_token,not_valid_noun
mirrors,imp,-12.4375,1,single_token,incomplete_phrase
mirrors,gems,-12.4375,1,single_token,not_valid_noun
mirrors,sensory,-12.4375,1,single_token,not_valid_noun
mirrors,vật,-12.4375,1,single_token,not_valid_noun
mirrors,imaginary,-12.4375,1,single_token,incomplete_phrase
mirrors,Optical,-12.4375,1,single_token,not_valid_noun
mirrors,utensi,-12.4375,1,single_token,not_valid_noun
mirrors,-------------,-12.4375,1,single_token,not_valid_noun
mirrors,go,-12.4375,1,single_token,not_valid_noun
mirrors,(+,-12.4375,1,single_token,not_valid_noun
mirrors,any,-12.4375,1,single_token,incomplete_phrase
mirrors,than,-12.4375,1,single_token,not_valid_noun
mirrors,un,-12.4375,1,single_token,not_valid_noun
mirrors,by,-12.4375,1,single_token,not_valid_noun
mirrors,invent,-12.4375,1,single_token,not_valid_noun
mirrors,computers,-12.4375,1,single_token,not_valid_noun
mirrors,——,-12.4375,1,single_token,not_valid_noun
mirrors,[/,-12.4375,1,single_token,not_valid_noun
mirrors,👀,-12.4375,1,single_token,not_valid_noun
mirrors,belongings,-12.4375,1,single_token,not_valid_noun
mirrors,,-12.4375,1,single_token,not_valid_noun
mirrors,decorations Complete,-12.4375,2,2token,not_valid_noun
mirrors,durable,-12.4375,1,single_token,not_valid_noun
mirrors,append,-12.4375,1,single_token,not_valid_noun
mirrors,abstract,-12.4375,1,single_token,incomplete_phrase
mirrors,painted,-12.4375,1,single_token,not_valid_noun
mirrors,lan,-12.4375,1,single_token,incomplete_phrase
mirrors,yes,-12.4375,1,single_token,not_valid_noun
mirrors,places,-12.4375,1,single_token,not_valid_noun
mirrors,such,-12.4375,1,single_token,not_valid_noun
mirrors,**,-12.4375,1,single_token,not_valid_noun
mirrors,¿,-12.4375,1,single_token,not_valid_noun
mirrors,complete,-12.4375,1,single_token,not_valid_noun
mirrors,words,-12.4375,1,single_token,not_valid_noun
mirrors,appliance in,-12.4375,2,2token,incomplete_phrase
mirrors,shape .,-12.4375,2,2token,not_valid_noun
mirrors,G,-12.4375,1,single_token,not_valid_noun
mirrors,U,-12.4375,1,single_token,not_valid_noun
mirrors,accessory for,-12.4375,2,2token,incomplete_phrase
mirrors,no,-12.4375,1,single_token,not_valid_noun
mirrors,thing or,-12.4375,2,2token,incomplete_phrase
mirrors,vehicle Complete,-12.4375,2,2token,not_valid_noun
mirrors,r,-12.4375,1,single_token,not_valid_noun
mirrors,windows that,-12.4375,2,2token,incomplete_phrase
mirrors,‘,-12.4375,1,single_token,not_valid_noun
mirrors,met,-12.4375,1,single_token,not_valid_noun
mirrors,sha,-12.4375,1,single_token,incomplete_phrase
mirrors,neutral,-12.4375,1,single_token,incomplete_phrase
mirrors,screen Complete,-12.4375,2,2token,not_valid_noun
mirrors,wood .,-12.4375,2,2token,not_valid_noun
mirrors,_. Use,-12.4375,2,2token,not_valid_noun
mirrors,all,-12.4375,1,single_token,not_valid_noun
mirrors,_. I,-12.4375,2,2token,not_valid_noun
mirrors,car .,-12.4375,2,2token,not_valid_noun
mirrors,________ a,-12.46875,2,2token,not_valid_noun
mirrors,the sky,-12.46875,2,2token,not_valid_noun
mirrors,… Show,-12.46875,2,2token,not_valid_noun
mirrors,… ?,-12.46875,2,2token,not_valid_noun
mirrors,the ________,-12.46875,2,2token,not_valid_noun
mirrors,flat ...,-12.46875,2,2token,not_valid_noun
mirrors,surface in,-12.46875,2,2token,incomplete_phrase
mirrors,the tool,-12.46875,2,2token,not_valid_noun
mirrors,skin .,-12.46875,2,2token,not_valid_noun
mirrors,material ________,-12.46875,2,2token,not_valid_noun
mirrors,the windows,-12.46875,2,2token,not_valid_noun
mirrors,the furniture,-12.46875,2,2token,not_valid_noun
mirrors,of thing,-12.46875,2,2token,not_valid_noun
mirrors,__________ ___________,-12.46875,2,2token,not_valid_noun
mirrors,__________ of,-12.46875,2,2token,not_valid_noun
mirrors,__________ What,-12.46875,2,2token,not_valid_noun
mirrors,tool Used,-12.46875,2,2token,incomplete_phrase
mirrors,tool a,-12.46875,2,2token,incomplete_phrase
mirrors,object Answer,-12.46875,2,2token,not_valid_noun
mirrors,object Which,-12.46875,2,2token,incomplete_phrase
mirrors,equipment or,-12.46875,2,2token,incomplete_phrase
mirrors,object ___________,-12.46875,2,2token,not_valid_noun
mirrors,tool .....,-12.46875,2,2token,not_valid_noun
mirrors,tool ___________,-12.46875,2,2token,not_valid_noun
mirrors,reflective,-12.46875,2,2token,not_valid_noun
mirrors,reflective ...,-12.46875,2,2token,not_valid_noun
mirrors,liquid .,-12.46875,2,2token,not_valid_noun
mirrors,( _______,-12.46875,2,2token,not_valid_noun
mirrors,window Full,-12.46875,2,2token,incomplete_phrase
mirrors,object Comple,-12.46875,2,2token,incomplete_phrase
mirrors,window [,-12.46875,2,2token,not_valid_noun
mirrors,metal which,-12.46875,2,2token,incomplete_phrase
mirrors,metal ______,-12.46875,2,2token,not_valid_noun
mirrors,blank Complete,-12.46875,2,2token,not_valid_noun
mirrors,…. What,-12.5,2,2token,not_valid_noun
mirrors,plas,-12.5,1,single_token,not_valid_noun
mirrors,trans,-12.5,1,single_token,not_valid_noun
mirrors,ph,-12.5,1,single_token,not_valid_noun
mirrors,van,-12.5,1,single_token,incomplete_phrase
mirrors,_________,-12.5,2,2token,not_valid_noun
mirrors,shiny ...,-12.5,2,2token,not_valid_noun
mirrors,shiny shiny,-12.5,2,2token,not_valid_noun
mirrors,shiny,-12.5,2,2token,not_valid_noun
mirrors,- a,-12.5,2,2token,not_valid_noun
mirrors,: mirror,-12.5,2,2token,not_valid_noun
mirrors,- _,-12.5,2,2token,not_valid_noun
mirrors,nouns,-12.5,1,single_token,not_valid_noun
mirrors,glazed,-12.5,1,single_token,not_valid_noun
mirrors,scl,-12.5,1,single_token,not_valid_noun
mirrors,cloudy,-12.5,1,single_token,not_valid_noun
mirrors,item in,-12.5,2,2token,incomplete_phrase
mirrors,item .,-12.5,2,2token,not_valid_noun
mirrors,solar,-12.5,1,single_token,incomplete_phrase
mirrors,sees,-12.5,1,single_token,not_valid_noun
mirrors,versatile,-12.5,1,single_token,not_valid_noun
mirrors,k,-12.5,1,single_token,not_valid_noun
mirrors,---------,-12.5,1,single_token,not_valid_noun
mirrors,shin,-12.5,1,single_token,incomplete_phrase
mirrors,amp,-12.5,1,single_token,not_valid_noun
mirrors,instru,-12.5,1,single_token,not_valid_noun
mirrors,decora,-12.5,1,single_token,not_valid_noun
mirrors,what,-12.5,2,2token,not_valid_noun
mirrors,___ ________,-12.5,2,2token,not_valid_noun
mirrors,home dec,-12.5,2,2token,incomplete_phrase
mirrors,___ __,-12.5,2,2token,not_valid_noun
mirrors,I think,-12.5,2,2token,not_valid_noun
mirrors,_ __,-12.53125,2,2token,not_valid_noun
mirrors,made in,-12.53125,2,2token,incomplete_phrase
mirrors,_____ ___________,-12.53125,2,2token,not_valid_noun
mirrors,_____ Write,-12.53125,2,2token,not_valid_noun
mirrors,product Complete,-12.53125,2,2token,not_valid_noun
mirrors,……,-12.53125,2,2token,not_valid_noun
mirrors,_______ Select,-12.53125,2,2token,not_valid_noun
mirrors,_______ ....,-12.53125,2,2token,not_valid_noun
mirrors,_______ COMPLETE,-12.53125,2,2token,not_valid_noun
mirrors,A A,-12.53125,2,2token,not_valid_noun
mirrors,mirror The,-12.53125,2,2token,incomplete_phrase
mirrors,_______ Comple,-12.53125,2,2token,not_valid_noun
mirrors,_____ Make,-12.53125,2,2token,not_valid_noun
mirrors,_____ Use,-12.53125,2,2token,not_valid_noun
mirrors,windows ....,-12.53125,2,2token,not_valid_noun
mirrors,A object,-12.53125,2,2token,not_valid_noun
mirrors,sound .,-12.546875,2,2token,not_valid_noun
mirrors,prop .,-12.546875,2,2token,not_valid_noun
mirrors,resource Complete,-12.546875,2,2token,not_valid_noun
mirrors,materials that,-12.5625,2,2token,incomplete_phrase
mirrors,container .,-12.5625,2,2token,not_valid_noun
mirrors,fruit ...,-12.5625,2,2token,not_valid_noun
mirrors,furniture ....,-12.5625,2,2token,not_valid_noun
mirrors,gifts,-12.5625,1,single_token,not_valid_noun
mirrors,glossy,-12.5625,1,single_token,incomplete_phrase
mirrors,Flat,-12.5625,1,single_token,incomplete_phrase
mirrors,warm,-12.5625,1,single_token,not_valid_noun
mirrors,vitre,-12.5625,1,single_token,not_valid_noun
mirrors,recyclable,-12.5625,1,single_token,not_valid_noun
mirrors,sa,-12.5625,1,single_token,not_valid_noun
mirrors,ect,-12.5625,1,single_token,not_valid_noun
mirrors,objets,-12.5625,1,single_token,not_valid_noun
mirrors,gadget that,-12.5625,2,2token,incomplete_phrase
mirrors,room .,-12.5625,2,2token,not_valid_noun
mirrors,things in,-12.5625,2,2token,incomplete_phrase
mirrors,decoration complete,-12.5625,2,2token,not_valid_noun
mirrors,_. ...,-12.5625,2,2token,not_valid_noun
mirrors,laboratory,-12.5625,1,single_token,incomplete_phrase
mirrors,music Complete,-12.578125,2,2token,not_valid_noun
mirrors,______ Select,-12.59375,2,2token,not_valid_noun
mirrors,object _________,-12.59375,2,2token,not_valid_noun
mirrors,equipment which,-12.59375,2,2token,incomplete_phrase
mirrors,( noun,-12.59375,2,2token,not_valid_noun
mirrors,reflective piece,-12.59375,2,2token,incomplete_phrase
mirrors,object completed,-12.59375,2,2token,not_valid_noun
mirrors,object COMPLETE,-12.59375,2,2token,not_valid_noun
mirrors,______ mirror,-12.59375,2,2token,not_valid_noun
mirrors,instrument with,-12.59375,2,2token,incomplete_phrase
mirrors,water (,-12.59375,2,2token,not_valid_noun
mirrors,.... Select,-12.59375,2,2token,not_valid_noun
mirrors,______ ?,-12.59375,2,2token,not_valid_noun
mirrors,machine used,-12.59375,2,2token,incomplete_phrase
mirrors,the room,-12.59375,2,2token,not_valid_noun
mirrors,art (,-12.59375,2,2token,not_valid_noun
mirrors,the fruit,-12.59375,2,2token,not_valid_noun
mirrors,the _______,-12.59375,2,2token,not_valid_noun
mirrors,… Fruit,-12.59375,2,2token,not_valid_noun
mirrors,optical,-12.59375,2,2token,not_valid_noun
mirrors,of decoration,-12.59375,2,2token,not_valid_noun
mirrors,object What,-12.59375,2,2token,not_valid_noun
mirrors,object [,-12.59375,2,2token,not_valid_noun
mirrors,flat reflective,-12.59375,2,2token,not_valid_noun
mirrors,.... I,-12.59375,2,2token,not_valid_noun
mirrors,object Use,-12.59375,2,2token,incomplete_phrase
mirrors,tool called,-12.59375,2,2token,incomplete_phrase
mirrors,tool by,-12.59375,2,2token,incomplete_phrase
mirrors,tool …,-12.59375,2,2token,not_valid_noun
mirrors,the wall,-12.59375,2,2token,not_valid_noun
mirrors,the science,-12.59375,2,2token,not_valid_noun
mirrors,the,-12.59375,2,2token,not_valid_noun
mirrors,tool ….,-12.59375,2,2token,not_valid_noun
mirrors,__________ _________,-12.59375,2,2token,not_valid_noun
mirrors,tool _________,-12.59375,2,2token,not_valid_noun
mirrors,__________ The,-12.59375,2,2token,not_valid_noun
mirrors,reflection ....,-12.59375,2,2token,not_valid_noun
mirrors,of ________,-12.59375,2,2token,not_valid_noun
mirrors,?????,-12.625,1,single_token,not_valid_noun
mirrors,drinks,-12.625,1,single_token,not_valid_noun
mirrors,lens that,-12.625,2,2token,incomplete_phrase
mirrors,afe,-12.625,1,single_token,not_valid_noun
mirrors,por,-12.625,1,single_token,not_valid_noun
mirrors,if,-12.625,1,single_token,not_valid_noun
mirrors,…. The,-12.625,2,2token,not_valid_noun
mirrors,- Fill,-12.625,2,2token,not_valid_noun
mirrors,lens complete,-12.625,2,2token,not_valid_noun
mirrors,public,-12.625,1,single_token,incomplete_phrase
mirrors,picture (,-12.625,2,2token,not_valid_noun
mirrors,picture of,-12.625,2,2token,incomplete_phrase
mirrors,_________,-12.625,2,2token,not_valid_noun
mirrors,hardware .,-12.625,2,2token,not_valid_noun
mirrors,closed,-12.625,1,single_token,not_valid_noun
mirrors,elements,-12.625,1,single_token,not_valid_noun
mirrors,views,-12.625,1,single_token,not_valid_noun
mirrors,Good,-12.625,1,single_token,incomplete_phrase
mirrors,Visual,-12.625,1,single_token,not_valid_noun
mirrors,teaching,-12.625,1,single_token,incomplete_phrase
mirrors,tes,-12.625,1,single_token,not_valid_noun
mirrors,Non,-12.625,1,single_token,incomplete_phrase
mirrors,[?],-12.625,1,single_token,not_valid_noun
mirrors,from,-12.625,1,single_token,not_valid_noun
mirrors,___ object,-12.625,2,2token,not_valid_noun
mirrors,si,-12.625,1,single_token,not_valid_noun
mirrors,looks,-12.625,1,single_token,not_valid_noun
mirrors,lens used,-12.625,2,2token,incomplete_phrase
mirrors,what are,-12.625,2,2token,not_valid_noun
mirrors,_______ and,-12.65625,2,2token,not_valid_noun
mirrors,house cleaning,-12.65625,2,2token,incomplete_phrase
mirrors,instruments of,-12.65625,2,2token,incomplete_phrase
mirrors,fabric Complete,-12.65625,2,2token,not_valid_noun
mirrors,objet .,-12.65625,2,2token,not_valid_noun
mirrors,_ ______,-12.65625,2,2token,not_valid_noun
mirrors,..... glass,-12.65625,2,2token,not_valid_noun
mirrors,useful household,-12.65625,2,2token,incomplete_phrase
mirrors,_______ mirror,-12.65625,2,2token,not_valid_noun
mirrors,_______ _.,-12.65625,2,2token,not_valid_noun
mirrors,_____,-12.65625,2,2token,not_valid_noun
mirrors,"_____ ,",-12.65625,2,2token,not_valid_noun
mirrors,windows are,-12.65625,2,2token,incomplete_phrase
mirrors,_______ Correct,-12.65625,2,2token,not_valid_noun
mirrors,_______ -,-12.65625,2,2token,not_valid_noun
mirrors,.. A,-12.65625,2,2token,not_valid_noun
mirrors,windows _______,-12.65625,2,2token,not_valid_noun
mirrors,_______ Write,-12.65625,2,2token,not_valid_noun
mirrors,_____ are,-12.65625,2,2token,not_valid_noun
mirrors,? glass,-12.65625,2,2token,not_valid_noun
mirrors,? ________,-12.65625,2,2token,not_valid_noun
mirrors,household,-12.65625,2,2token,incomplete_phrase
mirrors,_______ _,-12.65625,2,2token,not_valid_noun
mirrors,mirror which,-12.65625,2,2token,incomplete_phrase
mirrors,glasses ...,-12.6875,2,2token,not_valid_noun
mirrors,things for,-12.6875,2,2token,incomplete_phrase
mirrors,appliance or,-12.6875,2,2token,incomplete_phrase
mirrors,win,-12.6875,1,single_token,incomplete_phrase
mirrors,sil,-12.6875,1,single_token,incomplete_phrase
mirrors,Sc,-12.6875,1,single_token,not_valid_noun
mirrors,view of,-12.6875,2,2token,incomplete_phrase
mirrors,Far,-12.6875,1,single_token,incomplete_phrase
mirrors,tri,-12.6875,1,single_token,not_valid_noun
mirrors,painting .,-12.6875,2,2token,not_valid_noun
mirrors,ii,-12.6875,1,single_token,not_valid_noun
mirrors,cop,-12.6875,1,single_token,incomplete_phrase
mirrors,properties,-12.6875,1,single_token,not_valid_noun
mirrors,colourful,-12.6875,1,single_token,not_valid_noun
mirrors,□,-12.6875,1,single_token,not_valid_noun
mirrors,bl,-12.6875,1,single_token,not_valid_noun
mirrors,cr,-12.6875,1,single_token,not_valid_noun
mirrors,rules,-12.6875,1,single_token,not_valid_noun
mirrors,Part,-12.6875,1,single_token,incomplete_phrase
mirrors,edible,-12.6875,1,single_token,incomplete_phrase
mirrors,thing of,-12.6875,2,2token,incomplete_phrase
mirrors,obst,-12.6875,1,single_token,not_valid_noun
mirrors,ey,-12.6875,1,single_token,not_valid_noun
mirrors,materi,-12.6875,1,single_token,not_valid_noun
mirrors,rays,-12.6875,1,single_token,not_valid_noun
mirrors,shaping,-12.6875,1,single_token,incomplete_phrase
mirrors,figures,-12.6875,1,single_token,not_valid_noun
mirrors,poll,-12.6875,1,single_token,incomplete_phrase
mirrors,_. How,-12.6875,2,2token,not_valid_noun
mirrors,_. fruit,-12.6875,2,2token,not_valid_noun
mirrors,_. Give,-12.6875,2,2token,not_valid_noun
mirrors,w,-12.6875,1,single_token,not_valid_noun
mirrors,_. Explain,-12.6875,2,2token,not_valid_noun
mirrors,,-12.6875,1,single_token,not_valid_noun
mirrors,Re,-12.6875,1,single_token,not_valid_noun
mirrors,jew,-12.6875,1,single_token,incomplete_phrase
mirrors,obje,-12.6875,1,single_token,not_valid_noun
mirrors,kn,-12.6875,1,single_token,not_valid_noun
mirrors,fis,-12.6875,1,single_token,not_valid_noun
mirrors,_. Correct,-12.6875,2,2token,not_valid_noun
mirrors,_. .,-12.6875,2,2token,not_valid_noun
mirrors,face .,-12.6875,2,2token,not_valid_noun
mirrors,strange,-12.6875,1,single_token,not_valid_noun
mirrors,ornament (,-12.6875,2,2token,not_valid_noun
mirrors,shadows,-12.6875,1,single_token,not_valid_noun
mirrors,hiding,-12.6875,1,single_token,not_valid_noun
mirrors,(?),-12.6875,1,single_token,not_valid_noun
mirrors,scenic,-12.6875,1,single_token,not_valid_noun
mirrors,tell,-12.6875,1,single_token,incomplete_phrase
mirrors,If,-12.6875,1,single_token,not_valid_noun
mirrors,fri,-12.6875,1,single_token,not_valid_noun
mirrors,When,-12.6875,1,single_token,not_valid_noun
mirrors,technology that,-12.6875,2,2token,incomplete_phrase
mirrors,reflection from,-12.71875,2,2token,incomplete_phrase
mirrors,metal Fill,-12.71875,2,2token,not_valid_noun
mirrors,machine to,-12.71875,2,2token,incomplete_phrase
mirrors,________,-12.71875,2,2token,not_valid_noun
mirrors,", ...",-12.71875,2,2token,not_valid_noun
mirrors,reflection -,-12.71875,2,2token,incomplete_phrase
mirrors,", or",-12.71875,2,2token,not_valid_noun
mirrors,________ Complete,-12.71875,2,2token,not_valid_noun
mirrors,doors Complete,-12.71875,2,2token,not_valid_noun
mirrors,tool we,-12.71875,2,2token,incomplete_phrase
mirrors,tool [,-12.71875,2,2token,not_valid_noun
mirrors,tool made,-12.71875,2,2token,incomplete_phrase
mirrors,material called,-12.71875,2,2token,incomplete_phrase
mirrors,clothes .,-12.71875,2,2token,not_valid_noun
mirrors,__________ ?,-12.71875,2,2token,not_valid_noun
mirrors,tool is,-12.71875,2,2token,incomplete_phrase
mirrors,property Complete,-12.71875,2,2token,not_valid_noun
mirrors,the ______,-12.71875,2,2token,not_valid_noun
mirrors,the (,-12.71875,2,2token,not_valid_noun
mirrors,the kind,-12.71875,2,2token,not_valid_noun
mirrors,the art,-12.71875,2,2token,not_valid_noun
mirrors,wall décor,-12.71875,2,2token,not_valid_noun
mirrors,the ____,-12.71875,2,2token,not_valid_noun
mirrors,of _______,-12.71875,2,2token,not_valid_noun
mirrors,instrument Answer,-12.71875,2,2token,not_valid_noun
mirrors,the element,-12.71875,2,2token,not_valid_noun
mirrors,tool Fill,-12.71875,2,2token,not_valid_noun
mirrors,tool ____________,-12.71875,2,2token,not_valid_noun
mirrors,objects or,-12.71875,2,2token,incomplete_phrase
mirrors,______ COMPLETE,-12.71875,2,2token,not_valid_noun
mirrors,___________ ___________,-12.71875,2,2token,not_valid_noun
mirrors,______ -,-12.71875,2,2token,not_valid_noun
mirrors,( thing,-12.71875,2,2token,not_valid_noun
mirrors,appliances Complete,-12.71875,2,2token,not_valid_noun
mirrors,.... In,-12.71875,2,2token,not_valid_noun
mirrors,… You,-12.71875,2,2token,not_valid_noun
mirrors,… More,-12.71875,2,2token,not_valid_noun
mirrors,… Use,-12.71875,2,2token,not_valid_noun
mirrors,… Find,-12.71875,2,2token,not_valid_noun
mirrors,… Which,-12.71875,2,2token,not_valid_noun
mirrors,… Mirror,-12.71875,2,2token,not_valid_noun
mirrors,reflective ________,-12.71875,2,2token,not_valid_noun
mirrors,of art,-12.71875,2,2token,not_valid_noun
mirrors,instrument made,-12.71875,2,2token,incomplete_phrase
mirrors,instrument :,-12.71875,2,2token,not_valid_noun
mirrors,instrument -,-12.71875,2,2token,incomplete_phrase
mirrors,________ Fill,-12.71875,2,2token,not_valid_noun
mirrors,el,-12.75,1,single_token,not_valid_noun
mirrors,I can,-12.75,2,2token,not_valid_noun
mirrors,seas,-12.75,1,single_token,incomplete_phrase
mirrors,I .,-12.75,2,2token,not_valid_noun
mirrors,I,-12.75,2,2token,not_valid_noun
mirrors,those,-12.75,1,single_token,not_valid_noun
mirrors,sem,-12.75,1,single_token,not_valid_noun
mirrors,These,-12.75,1,single_token,not_valid_noun
mirrors,necessary,-12.75,1,single_token,incomplete_phrase
mirrors,shiny (,-12.75,2,2token,not_valid_noun
mirrors,.$,-12.75,1,single_token,not_valid_noun
mirrors,bling,-12.75,1,single_token,not_valid_noun
mirrors,image .,-12.75,2,2token,not_valid_noun
mirrors,fixtures,-12.75,1,single_token,not_valid_noun
mirrors,-----------,-12.75,1,single_token,not_valid_noun
mirrors,passive,-12.75,1,single_token,incomplete_phrase
mirrors,___ The,-12.75,2,2token,not_valid_noun
mirrors,noun Complete,-12.75,2,2token,not_valid_noun
mirrors,lens or,-12.75,2,2token,incomplete_phrase
mirrors,_________ ____________,-12.75,2,2token,not_valid_noun
mirrors,_________ _.,-12.75,2,2token,not_valid_noun
mirrors,_________ Choose,-12.75,2,2token,not_valid_noun
mirrors,_________ mirror,-12.75,2,2token,not_valid_noun
mirrors,shiny ba,-12.75,2,2token,incomplete_phrase
mirrors,facial,-12.75,1,single_token,incomplete_phrase
mirrors,::,-12.75,1,single_token,not_valid_noun
mirrors,sci,-12.75,1,single_token,not_valid_noun
mirrors,CI,-12.75,1,single_token,not_valid_noun
mirrors,dishes,-12.75,1,single_token,not_valid_noun
mirrors,aper,-12.75,1,single_token,incomplete_phrase
mirrors,…. Fill,-12.75,2,2token,not_valid_noun
mirrors,device or,-12.75,2,2token,incomplete_phrase
mirrors,Many,-12.75,1,single_token,not_valid_noun
mirrors,WHAT,-12.75,1,single_token,not_valid_noun
mirrors,.. glass,-12.78125,2,2token,not_valid_noun
mirrors,? mirror,-12.78125,2,2token,not_valid_noun
mirrors,artifact Complete,-12.78125,2,2token,not_valid_noun
mirrors,_______ ____________,-12.78125,2,2token,not_valid_noun
mirrors,"_______ ,",-12.78125,2,2token,not_valid_noun
mirrors,_______ in,-12.78125,2,2token,not_valid_noun
mirrors,_______ that,-12.78125,2,2token,not_valid_noun
mirrors,_______ or,-12.78125,2,2token,not_valid_noun
mirrors,craft Complete,-12.78125,2,2token,not_valid_noun
mirrors,science (,-12.78125,2,2token,not_valid_noun
mirrors,..... The,-12.78125,2,2token,not_valid_noun
mirrors,..... What,-12.78125,2,2token,not_valid_noun
mirrors,fabric .,-12.78125,2,2token,not_valid_noun
mirrors,buildings Complete,-12.78125,2,2token,not_valid_noun
mirrors,A _______,-12.78125,2,2token,not_valid_noun
mirrors,_ A,-12.78125,2,2token,not_valid_noun
mirrors,eyes .,-12.78125,2,2token,not_valid_noun
mirrors,_______ Use,-12.78125,2,2token,not_valid_noun
mirrors,_______ Which,-12.78125,2,2token,not_valid_noun
mirrors,this is,-12.78125,2,2token,incomplete_phrase
mirrors,mirror A,-12.78125,2,2token,incomplete_phrase
mirrors,this .,-12.78125,2,2token,not_valid_noun
mirrors,mirror :,-12.78125,2,2token,not_valid_noun
mirrors,sun .,-12.78125,2,2token,not_valid_noun
mirrors,mode,-12.8125,1,single_token,incomplete_phrase
mirrors,cy,-12.8125,1,single_token,not_valid_noun
mirrors,Am,-12.8125,1,single_token,not_valid_noun
mirrors,[(,-12.8125,1,single_token,not_valid_noun
mirrors,glasses or,-12.8125,2,2token,incomplete_phrase
mirrors,tools of,-12.8125,2,2token,incomplete_phrase
mirrors,ta,-12.8125,1,single_token,not_valid_noun
mirrors,Refle,-12.8125,1,single_token,not_valid_noun
mirrors,fin,-12.8125,1,single_token,incomplete_phrase
mirrors,view .,-12.8125,2,2token,not_valid_noun
mirrors,She,-12.8125,1,single_token,not_valid_noun
mirrors,shoes,-12.8125,1,single_token,not_valid_noun
mirrors,decorations .,-12.8125,2,2token,not_valid_noun
mirrors,invention .,-12.8125,2,2token,not_valid_noun
mirrors,solid .,-12.8125,2,2token,not_valid_noun
mirrors,primary,-12.8125,1,single_token,incomplete_phrase
mirrors,und,-12.8125,1,single_token,not_valid_noun
mirrors,(...),-12.8125,1,single_token,not_valid_noun
mirrors,sunny,-12.8125,1,single_token,not_valid_noun
mirrors,flexible,-12.8125,1,single_token,not_valid_noun
mirrors,____________ ____________,-12.8125,2,2token,not_valid_noun
mirrors,ined,-12.8125,1,single_token,not_valid_noun
mirrors,materials for,-12.8125,2,2token,incomplete_phrase
mirrors,decoration ...,-12.8125,2,2token,not_valid_noun
mirrors,fruit complete,-12.8125,2,2token,not_valid_noun
mirrors,...... A,-12.8125,2,2token,not_valid_noun
mirrors,fruit ....,-12.8125,2,2token,not_valid_noun
mirrors,What can,-12.8125,2,2token,not_valid_noun
mirrors,accessory (,-12.8125,2,2token,not_valid_noun
mirrors,ornament in,-12.8125,2,2token,incomplete_phrase
mirrors,substance used,-12.8125,2,2token,incomplete_phrase
mirrors,_. If,-12.8125,2,2token,not_valid_noun
mirrors,decoration that,-12.8125,2,2token,incomplete_phrase
mirrors,decoration and,-12.8125,2,2token,incomplete_phrase
mirrors,decoration to,-12.8125,2,2token,incomplete_phrase
mirrors,_. Find,-12.8125,2,2token,not_valid_noun
mirrors,_. Answer,-12.8125,2,2token,not_valid_noun
mirrors,_. Match,-12.8125,2,2token,not_valid_noun
mirrors,glasses and,-12.8125,2,2token,incomplete_phrase
mirrors,materials used,-12.8125,2,2token,incomplete_phrase
mirrors,glasses complete,-12.8125,2,2token,not_valid_noun
mirrors,things (,-12.8125,2,2token,not_valid_noun
mirrors,equi,-12.8125,1,single_token,not_valid_noun
mirrors,thing ...,-12.8125,2,2token,not_valid_noun
mirrors,vehicle .,-12.8125,2,2token,not_valid_noun
mirrors,fig,-12.8125,1,single_token,incomplete_phrase
mirrors,table .,-12.84375,2,2token,not_valid_noun
mirrors,______ fruit,-12.84375,2,2token,not_valid_noun
mirrors,___________ _______,-12.84375,2,2token,not_valid_noun
mirrors,.... Answer,-12.84375,2,2token,not_valid_noun
mirrors,reflection COMPLETE,-12.84375,2,2token,not_valid_noun
mirrors,instrument Read,-12.84375,2,2token,not_valid_noun
mirrors,______ Comple,-12.84375,2,2token,not_valid_noun
mirrors,surface and,-12.84375,2,2token,incomplete_phrase
mirrors,objects ...,-12.84375,2,2token,not_valid_noun
mirrors,jewelry Complete,-12.84375,2,2token,not_valid_noun
mirrors,material -,-12.84375,2,2token,incomplete_phrase
mirrors,__________ ____________,-12.84375,2,2token,not_valid_noun
mirrors,jewellery Complete,-12.84375,2,2token,not_valid_noun
mirrors,objects complete,-12.84375,2,2token,not_valid_noun
mirrors,", such",-12.84375,2,2token,not_valid_noun
mirrors,__________ ______,-12.84375,2,2token,not_valid_noun
mirrors,______ and,-12.84375,2,2token,not_valid_noun
mirrors,of mirrors,-12.84375,2,2token,not_valid_noun
mirrors,of science,-12.84375,2,2token,not_valid_noun
mirrors,of Complete,-12.84375,2,2token,not_valid_noun
mirrors,material because,-12.84375,2,2token,incomplete_phrase
mirrors,________,-12.84375,2,2token,not_valid_noun
mirrors,construction .,-12.84375,2,2token,not_valid_noun
mirrors,______ object,-12.84375,2,2token,not_valid_noun
mirrors,______ _,-12.84375,2,2token,not_valid_noun
mirrors,______ _.,-12.84375,2,2token,not_valid_noun
mirrors,reflective (,-12.84375,2,2token,not_valid_noun
mirrors,plate .,-12.84375,2,2token,not_valid_noun
mirrors,of glasses,-12.84375,2,2token,not_valid_noun
mirrors,… There,-12.84375,2,2token,not_valid_noun
mirrors,______ ___________,-12.84375,2,2token,not_valid_noun
mirrors,______ or,-12.84375,2,2token,not_valid_noun
mirrors,… How,-12.84375,2,2token,not_valid_noun
mirrors,describe,-12.875,1,single_token,not_valid_noun
mirrors,____ _____,-12.875,2,2token,not_valid_noun
mirrors,_________ __________,-12.875,2,2token,not_valid_noun
mirrors,$?,-12.875,1,single_token,not_valid_noun
mirrors,telling,-12.875,1,single_token,incomplete_phrase
mirrors,who,-12.875,1,single_token,not_valid_noun
mirrors,Cons,-12.875,1,single_token,incomplete_phrase
mirrors,____ Select,-12.875,2,2token,not_valid_noun
mirrors,sight .,-12.875,2,2token,not_valid_noun
mirrors,E,-12.875,1,single_token,not_valid_noun
mirrors,es,-12.875,1,single_token,not_valid_noun
mirrors,fru,-12.875,1,single_token,not_valid_noun
mirrors,CD,-12.875,1,single_token,not_valid_noun
mirrors,spherical,-12.875,1,single_token,not_valid_noun
mirrors,`,-12.875,1,single_token,not_valid_noun
mirrors,fairy,-12.875,1,single_token,incomplete_phrase
mirrors,packaging,-12.875,1,single_token,not_valid_noun
mirrors,bread,-12.875,1,single_token,not_valid_noun
mirrors,jobs,-12.875,1,single_token,not_valid_noun
mirrors,armour,-12.875,1,single_token,not_valid_noun
mirrors,__ ____,-12.875,2,2token,not_valid_noun
mirrors,hard shiny,-12.875,2,2token,not_valid_noun
mirrors,____ A,-12.875,2,2token,not_valid_noun
mirrors,_________ and,-12.875,2,2token,not_valid_noun
mirrors,shiny flat,-12.875,2,2token,incomplete_phrase
mirrors,shiny piece,-12.875,2,2token,incomplete_phrase
mirrors,apparatus for,-12.875,2,2token,incomplete_phrase
mirrors,building ________,-12.875,2,2token,not_valid_noun
mirrors,_________ ....,-12.875,2,2token,not_valid_noun
mirrors,_________ -,-12.875,2,2token,not_valid_noun
mirrors,building _______,-12.875,2,2token,not_valid_noun
mirrors,home furn,-12.875,2,2token,incomplete_phrase
mirrors,item to,-12.875,2,2token,incomplete_phrase
mirrors,__ (,-12.875,2,2token,not_valid_noun
mirrors,…. a,-12.875,2,2token,not_valid_noun
mirrors,home,-12.875,2,2token,incomplete_phrase
mirrors,item used,-12.875,2,2token,incomplete_phrase
mirrors,: (,-12.875,2,2token,not_valid_noun
mirrors,- mirror,-12.875,2,2token,not_valid_noun
mirrors,.. a,-12.90625,2,2token,not_valid_noun
mirrors,body Part,-12.90625,2,2token,incomplete_phrase
mirrors,household ______,-12.90625,2,2token,not_valid_noun
mirrors,household ____,-12.90625,2,2token,not_valid_noun
mirrors,flat,-12.90625,2,2token,incomplete_phrase
mirrors,_ _____,-12.90625,2,2token,not_valid_noun
mirrors,house furn,-12.90625,2,2token,incomplete_phrase
mirrors,colour Complete,-12.90625,2,2token,not_valid_noun
mirrors,furniture or,-12.90625,2,2token,incomplete_phrase
mirrors,furniture and,-12.90625,2,2token,incomplete_phrase
mirrors,product .,-12.90625,2,2token,not_valid_noun
mirrors,household _______,-12.90625,2,2token,not_valid_noun
mirrors,_ tool,-12.90625,2,2token,not_valid_noun
mirrors,reflecting .,-12.90625,2,2token,not_valid_noun
mirrors,_______ __________,-12.90625,2,2token,not_valid_noun
mirrors,_______ fruit,-12.90625,2,2token,not_valid_noun
mirrors,_______ is,-12.90625,2,2token,not_valid_noun
mirrors,_______ I,-12.90625,2,2token,not_valid_noun
mirrors,mirror ____,-12.90625,2,2token,not_valid_noun
mirrors,mirror ___________,-12.90625,2,2token,not_valid_noun
mirrors,…… Fill,-12.90625,2,2token,not_valid_noun
mirrors,mirror .....,-12.90625,2,2token,not_valid_noun
mirrors,_______ In,-12.90625,2,2token,not_valid_noun
mirrors,windows ________,-12.90625,2,2token,not_valid_noun
mirrors,mirror Comple,-12.90625,2,2token,incomplete_phrase
mirrors,mirror ..,-12.90625,2,2token,not_valid_noun
mirrors,craft .,-12.90625,2,2token,not_valid_noun
mirrors,mirror …,-12.90625,2,2token,not_valid_noun
mirrors,? Choose,-12.90625,2,2token,not_valid_noun
mirrors,mirror a,-12.90625,2,2token,incomplete_phrase
mirrors,mirror the,-12.90625,2,2token,incomplete_phrase
mirrors,? Correct,-12.90625,2,2token,not_valid_noun
mirrors,vi,-12.9375,1,single_token,not_valid_noun
mirrors,bra,-12.9375,1,single_token,incomplete_phrase
mirrors,decoration of,-12.9375,2,2token,incomplete_phrase
mirrors,plant .,-12.9375,2,2token,not_valid_noun
mirrors,kind .,-12.9375,2,2token,not_valid_noun
mirrors,pl,-12.9375,1,single_token,not_valid_noun
mirrors,accessory to,-12.9375,2,2token,incomplete_phrase
mirrors,substance (,-12.9375,2,2token,not_valid_noun
mirrors,There,-12.9375,1,single_token,incomplete_phrase
mirrors,second,-12.9375,1,single_token,incomplete_phrase
mirrors,sm,-12.9375,1,single_token,not_valid_noun
mirrors,also,-12.9375,1,single_token,not_valid_noun
mirrors,her,-12.9375,1,single_token,not_valid_noun
mirrors,ios,-12.9375,1,single_token,not_valid_noun
mirrors,ri,-12.9375,1,single_token,not_valid_noun
mirrors,their,-12.9375,1,single_token,incomplete_phrase
mirrors,\,-12.9375,1,single_token,not_valid_noun
mirrors,alat,-12.9375,1,single_token,not_valid_noun
mirrors,_. apples,-12.9375,2,2token,not_valid_noun
mirrors,Other,-12.9375,1,single_token,not_valid_noun
mirrors,bool,-12.9375,1,single_token,not_valid_noun
mirrors,pes,-12.9375,1,single_token,incomplete_phrase
mirrors,helps,-12.9375,1,single_token,not_valid_noun
mirrors,industrial,-12.9375,1,single_token,not_valid_noun
mirrors,stores,-12.9375,1,single_token,not_valid_noun
mirrors,camera Complete,-12.9375,2,2token,not_valid_noun
mirrors,...... (,-12.9375,2,2token,not_valid_noun
mirrors,sou,-12.9375,1,single_token,incomplete_phrase
mirrors,glasses ....,-12.9375,2,2token,not_valid_noun
mirrors,fiel,-12.9375,1,single_token,not_valid_noun
mirrors,sund,-12.9375,1,single_token,not_valid_noun
mirrors,xxx,-12.9375,1,single_token,not_valid_noun
mirrors,fruit too,-12.9375,2,2token,not_valid_noun
mirrors,yards,-12.9375,1,single_token,not_valid_noun
mirrors,describing,-12.9375,1,single_token,not_valid_noun
mirrors,appliance ...,-12.9375,2,2token,not_valid_noun
mirrors,thing people,-12.9375,2,2token,incomplete_phrase
mirrors,¬,-12.9375,1,single_token,not_valid_noun
mirrors,mammals,-12.9375,1,single_token,not_valid_noun
mirrors,magnify,-12.9375,1,single_token,not_valid_noun
mirrors,Alat,-12.9375,1,single_token,not_valid_noun
mirrors,appliance to,-12.9375,2,2token,incomplete_phrase
mirrors,prop Complete,-12.9375,2,2token,not_valid_noun
mirrors,magic Complete,-12.9375,2,2token,not_valid_noun
mirrors,container for,-12.9375,2,2token,incomplete_phrase
mirrors,screen .,-12.9375,2,2token,not_valid_noun
mirrors,… We,-12.96875,2,2token,not_valid_noun
mirrors,of ______,-12.96875,2,2token,not_valid_noun
mirrors,material ______,-12.96875,2,2token,not_valid_noun
mirrors,element .,-12.96875,2,2token,not_valid_noun
mirrors,.... -,-12.96875,2,2token,not_valid_noun
mirrors,tool The,-12.96875,2,2token,incomplete_phrase
mirrors,instrument .....,-12.96875,2,2token,not_valid_noun
mirrors,__________ and,-12.96875,2,2token,not_valid_noun
mirrors,instrument by,-12.96875,2,2token,incomplete_phrase
mirrors,__________,-12.96875,2,2token,not_valid_noun
mirrors,metal _____,-12.96875,2,2token,not_valid_noun
mirrors,metal ____,-12.96875,2,2token,not_valid_noun
mirrors,( .,-12.96875,2,2token,not_valid_noun
mirrors,.... Use,-12.96875,2,2token,not_valid_noun
mirrors,wall (,-12.96875,2,2token,not_valid_noun
mirrors,", an",-12.96875,2,2token,not_valid_noun
mirrors,surface ....,-12.96875,2,2token,not_valid_noun
mirrors,element in,-12.96875,2,2token,incomplete_phrase
mirrors,__________ mirror,-12.96875,2,2token,not_valid_noun
mirrors,__________ object,-12.96875,2,2token,not_valid_noun
mirrors,__________ -,-12.96875,2,2token,not_valid_noun
mirrors,________ A,-12.96875,2,2token,not_valid_noun
mirrors,objects around,-12.96875,2,2token,incomplete_phrase
mirrors,________ ?,-12.96875,2,2token,not_valid_noun
mirrors,________ What,-12.96875,2,2token,not_valid_noun
mirrors,material we,-12.96875,2,2token,incomplete_phrase
mirrors,Windows .,-12.96875,2,2token,not_valid_noun
mirrors,______ that,-12.96875,2,2token,not_valid_noun
mirrors,surface with,-12.96875,2,2token,not_valid_noun
mirrors,blank (,-12.96875,2,2token,not_valid_noun
mirrors,the sea,-12.96875,2,2token,not_valid_noun
mirrors,metal in,-12.96875,2,2token,incomplete_phrase
mirrors,metal -,-12.96875,2,2token,incomplete_phrase
mirrors,tool A,-12.96875,2,2token,incomplete_phrase
mirrors,reflection for,-12.96875,2,2token,incomplete_phrase
mirrors,tool __________,-12.96875,2,2token,not_valid_noun
mirrors,machine (,-12.96875,2,2token,not_valid_noun
mirrors,st,-13.0,1,single_token,not_valid_noun
mirrors,PR,-13.0,1,single_token,not_valid_noun
mirrors,fla,-13.0,1,single_token,not_valid_noun
mirrors,ing,-13.0,1,single_token,not_valid_noun
mirrors,…. .,-13.0,2,2token,not_valid_noun
mirrors,device in,-13.0,2,2token,incomplete_phrase
mirrors,ni,-13.0,1,single_token,not_valid_noun
mirrors,shiny smooth,-13.0,2,2token,incomplete_phrase
mirrors,stories,-13.0,1,single_token,not_valid_noun
mirrors,Ele,-13.0,1,single_token,not_valid_noun
mirrors,shiny round,-13.0,2,2token,incomplete_phrase
mirrors,reading,-13.0,1,single_token,not_valid_noun
mirrors,coll,-13.0,1,single_token,incomplete_phrase
mirrors,sources,-13.0,1,single_token,not_valid_noun
mirrors,built,-13.0,1,single_token,not_valid_noun
mirrors,I don,-13.0,2,2token,not_valid_noun
mirrors,both,-13.0,1,single_token,not_valid_noun
mirrors,As,-13.0,1,single_token,not_valid_noun
mirrors,gra,-13.0,1,single_token,incomplete_phrase
mirrors,without,-13.0,1,single_token,not_valid_noun
mirrors,there,-13.0,1,single_token,incomplete_phrase
mirrors,- ________,-13.0,2,2token,not_valid_noun
mirrors,heating,-13.0,1,single_token,incomplete_phrase
mirrors,electromagnetic,-13.0,1,single_token,not_valid_noun
mirrors,dece,-13.0,1,single_token,not_valid_noun
mirrors,directions,-13.0,1,single_token,not_valid_noun
mirrors,illusions,-13.0,1,single_token,not_valid_noun
mirrors,precision,-13.0,1,single_token,incomplete_phrase
mirrors,building ______,-13.0,2,2token,not_valid_noun
mirrors,blanks,-13.0,1,single_token,not_valid_noun
mirrors,stainless,-13.0,1,single_token,incomplete_phrase
mirrors,shadow .,-13.0,2,2token,not_valid_noun
mirrors,home decorative,-13.0,2,2token,not_valid_noun
mirrors,cm,-13.0,1,single_token,not_valid_noun
mirrors,Or,-13.0,1,single_token,not_valid_noun
mirrors,___ Choose,-13.0,2,2token,not_valid_noun
mirrors,DIY,-13.0,1,single_token,not_valid_noun
mirrors,? _______,-13.03125,2,2token,not_valid_noun
mirrors,..... Choose,-13.03125,2,2token,not_valid_noun
mirrors,? I,-13.03125,2,2token,not_valid_noun
mirrors,house decorating,-13.03125,2,2token,not_valid_noun
mirrors,_ -,-13.03125,2,2token,not_valid_noun
mirrors,instruments for,-13.03125,2,2token,incomplete_phrase
mirrors,A (,-13.03125,2,2token,not_valid_noun
mirrors,A COMPLETE,-13.03125,2,2token,not_valid_noun
mirrors,.. What,-13.03125,2,2token,not_valid_noun
mirrors,A piece,-13.03125,2,2token,not_valid_noun
mirrors,flat or,-13.03125,2,2token,incomplete_phrase
mirrors,science and,-13.03125,2,2token,incomplete_phrase
mirrors,instruments .,-13.03125,2,2token,not_valid_noun
mirrors,furniture that,-13.03125,2,2token,incomplete_phrase
mirrors,iron .,-13.03125,2,2token,not_valid_noun
mirrors,mirror [,-13.03125,2,2token,not_valid_noun
mirrors,mirror ….,-13.03125,2,2token,not_valid_noun
mirrors,mirror on,-13.03125,2,2token,incomplete_phrase
mirrors,.. ?,-13.03125,2,2token,not_valid_noun
mirrors,_______ are,-13.03125,2,2token,not_valid_noun
mirrors,periodic,-13.0625,1,single_token,not_valid_noun
mirrors,eye -,-13.0625,2,2token,incomplete_phrase
mirrors,percussion,-13.0625,1,single_token,incomplete_phrase
mirrors,<?,-13.0625,1,single_token,not_valid_noun
mirrors,tangible,-13.0625,1,single_token,not_valid_noun
mirrors,"-,",-13.0625,1,single_token,not_valid_noun
mirrors,gadget (,-13.0625,2,2token,not_valid_noun
mirrors,____________ ________,-13.0625,2,2token,not_valid_noun
mirrors,malle,-13.0625,1,single_token,not_valid_noun
mirrors,cloth (,-13.0625,2,2token,not_valid_noun
mirrors,_. You,-13.0625,2,2token,not_valid_noun
mirrors,_. Read,-13.0625,2,2token,not_valid_noun
mirrors,_. _,-13.0625,2,2token,not_valid_noun
mirrors,clouds,-13.0625,1,single_token,not_valid_noun
mirrors,learning,-13.0625,1,single_token,incomplete_phrase
mirrors,surf,-13.0625,1,single_token,incomplete_phrase
mirrors,See,-13.0625,1,single_token,incomplete_phrase
mirrors,...... glass,-13.0625,2,2token,not_valid_noun
mirrors,...... Fill,-13.0625,2,2token,not_valid_noun
mirrors,pare,-13.0625,1,single_token,not_valid_noun
mirrors,makes,-13.0625,1,single_token,not_valid_noun
mirrors,id,-13.0625,1,single_token,not_valid_noun
mirrors,Do,-13.0625,1,single_token,not_valid_noun
mirrors,raw,-13.0625,1,single_token,incomplete_phrase
mirrors,cn,-13.0625,1,single_token,not_valid_noun
mirrors,odd,-13.0625,1,single_token,not_valid_noun
mirrors,fruit or,-13.0625,2,2token,incomplete_phrase
mirrors,,-13.0625,1,single_token,not_valid_noun
mirrors,sound Complete,-13.0625,2,2token,not_valid_noun
mirrors,domestic utens,-13.0625,2,2token,incomplete_phrase
mirrors,mirrors .,-13.0625,2,2token,not_valid_noun
mirrors,____________ _,-13.0625,2,2token,not_valid_noun
mirrors,tools and,-13.0625,2,2token,incomplete_phrase
mirrors,____________ a,-13.0625,2,2token,not_valid_noun
mirrors,reflect,-13.0625,2,2token,not_valid_noun
mirrors,REF,-13.0625,1,single_token,incomplete_phrase
mirrors,eye ______,-13.0625,2,2token,not_valid_noun
mirrors,party,-13.0625,1,single_token,incomplete_phrase
mirrors,questions,-13.0625,1,single_token,not_valid_noun
mirrors,thing complete,-13.0625,2,2token,not_valid_noun
mirrors,appliance complete,-13.0625,2,2token,not_valid_noun
mirrors,appliance used,-13.0625,2,2token,incomplete_phrase
mirrors,the body,-13.09375,2,2token,not_valid_noun
mirrors,optical ______,-13.09375,2,2token,not_valid_noun
mirrors,optical ____,-13.09375,2,2token,not_valid_noun
mirrors,the following,-13.09375,2,2token,not_valid_noun
mirrors,metal _,-13.09375,2,2token,not_valid_noun
mirrors,decoration ....,-13.09375,2,2token,not_valid_noun
mirrors,decoration or,-13.09375,2,2token,incomplete_phrase
mirrors,the of,-13.09375,2,2token,not_valid_noun
mirrors,tool Which,-13.09375,2,2token,incomplete_phrase
mirrors,metal is,-13.09375,2,2token,incomplete_phrase
mirrors,jewellery .,-13.09375,2,2token,not_valid_noun
mirrors,metal for,-13.09375,2,2token,incomplete_phrase
mirrors,reflection is,-13.09375,2,2token,incomplete_phrase
mirrors,of device,-13.09375,2,2token,not_valid_noun
mirrors,of surface,-13.09375,2,2token,not_valid_noun
mirrors,of water,-13.09375,2,2token,not_valid_noun
mirrors,( ____,-13.09375,2,2token,not_valid_noun
mirrors,__________,-13.09375,2,2token,not_valid_noun
mirrors,______,-13.09375,2,2token,not_valid_noun
mirrors,of materials,-13.09375,2,2token,not_valid_noun
mirrors,of fruit,-13.09375,2,2token,not_valid_noun
mirrors,computer .,-13.09375,2,2token,not_valid_noun
mirrors,reflective _______,-13.09375,2,2token,not_valid_noun
mirrors,instrument ….,-13.09375,2,2token,not_valid_noun
mirrors,instrument Use,-13.09375,2,2token,incomplete_phrase
mirrors,instrument ___________,-13.09375,2,2token,not_valid_noun
mirrors,decorative wall,-13.09375,2,2token,incomplete_phrase
mirrors,clothes Complete,-13.09375,2,2token,not_valid_noun
mirrors,equipment ...,-13.09375,2,2token,not_valid_noun
mirrors,objects with,-13.09375,2,2token,incomplete_phrase
mirrors,______ objects,-13.09375,2,2token,not_valid_noun
mirrors,______ in,-13.09375,2,2token,not_valid_noun
mirrors,______ Which,-13.09375,2,2token,not_valid_noun
mirrors,transparent .,-13.09375,2,2token,not_valid_noun
mirrors,… Translate,-13.09375,2,2token,not_valid_noun
mirrors,… Select,-13.09375,2,2token,not_valid_noun
mirrors,water ________,-13.09375,2,2token,not_valid_noun
mirrors,… An,-13.09375,2,2token,not_valid_noun
mirrors,… This,-13.09375,2,2token,not_valid_noun
mirrors,… -,-13.09375,2,2token,not_valid_noun
mirrors,surface -,-13.09375,2,2token,incomplete_phrase
mirrors,the eyes,-13.09375,2,2token,not_valid_noun
mirrors,the metal,-13.09375,2,2token,not_valid_noun
mirrors,the objects,-13.09375,2,2token,not_valid_noun
mirrors,the noun,-13.09375,2,2token,not_valid_noun
mirrors,…. Choose,-13.125,2,2token,not_valid_noun
mirrors,…. (,-13.125,2,2token,not_valid_noun
mirrors,Household,-13.125,1,single_token,incomplete_phrase
mirrors,___ ?,-13.125,2,2token,not_valid_noun
mirrors,opa,-13.125,1,single_token,not_valid_noun
mirrors,: Choose,-13.125,2,2token,not_valid_noun
mirrors,: A,-13.125,2,2token,not_valid_noun
mirrors,binoculars,-13.125,1,single_token,not_valid_noun
mirrors,:::,-13.125,1,single_token,not_valid_noun
mirrors,newton,-13.125,1,single_token,incomplete_phrase
mirrors,Cas,-13.125,1,single_token,not_valid_noun
mirrors,flats,-13.125,1,single_token,not_valid_noun
mirrors,Domestic,-13.125,1,single_token,incomplete_phrase
mirrors,architectural,-13.125,1,single_token,not_valid_noun
mirrors,(/,-13.125,1,single_token,not_valid_noun
mirrors,widget,-13.125,1,single_token,not_valid_noun
mirrors,swimming,-13.125,1,single_token,incomplete_phrase
mirrors,visual .,-13.125,2,2token,not_valid_noun
mirrors,ui,-13.125,1,single_token,not_valid_noun
mirrors,).,-13.125,1,single_token,not_valid_noun
mirrors,recording,-13.125,1,single_token,incomplete_phrase
mirrors,manufacturing,-13.125,1,single_token,not_valid_noun
mirrors,Made,-13.125,1,single_token,not_valid_noun
mirrors,bo,-13.125,1,single_token,not_valid_noun
mirrors,tall,-13.125,1,single_token,incomplete_phrase
mirrors,vehic,-13.125,1,single_token,not_valid_noun
mirrors,fl,-13.125,1,single_token,not_valid_noun
mirrors,{},-13.125,1,single_token,not_valid_noun
mirrors,written,-13.125,1,single_token,not_valid_noun
mirrors,__ Complete,-13.125,2,2token,not_valid_noun
mirrors,Our,-13.125,1,single_token,incomplete_phrase
mirrors,five,-13.125,1,single_token,incomplete_phrase
mirrors,Of,-13.125,1,single_token,not_valid_noun
mirrors,ar,-13.125,1,single_token,not_valid_noun
mirrors,_________ In,-13.125,2,2token,not_valid_noun
mirrors,_________ _,-13.125,2,2token,not_valid_noun
mirrors,_________ [,-13.125,2,2token,not_valid_noun
mirrors,shiny and,-13.125,2,2token,not_valid_noun
mirrors,bs,-13.125,1,single_token,not_valid_noun
mirrors,ved,-13.125,1,single_token,not_valid_noun
mirrors,_________ object,-13.125,2,2token,not_valid_noun
mirrors,OR,-13.125,1,single_token,not_valid_noun
mirrors,___ fruit,-13.125,2,2token,not_valid_noun
mirrors,building ____,-13.125,2,2token,not_valid_noun
mirrors,building ...,-13.125,2,2token,not_valid_noun
mirrors,handheld,-13.125,1,single_token,not_valid_noun
mirrors,- object,-13.125,2,2token,not_valid_noun
mirrors,boats,-13.125,1,single_token,not_valid_noun
mirrors,pointing,-13.125,1,single_token,not_valid_noun
mirrors,___ Select,-13.125,2,2token,not_valid_noun
mirrors,weapon .,-13.15625,2,2token,not_valid_noun
mirrors,_ ?,-13.15625,2,2token,not_valid_noun
mirrors,_ What,-13.15625,2,2token,not_valid_noun
mirrors,_ complete,-13.15625,2,2token,not_valid_noun
mirrors,_ material,-13.15625,2,2token,not_valid_noun
mirrors,? mirrors,-13.15625,2,2token,not_valid_noun
mirrors,? In,-13.15625,2,2token,not_valid_noun
mirrors,_ The,-13.15625,2,2token,not_valid_noun
mirrors,..... ?,-13.15625,2,2token,not_valid_noun
mirrors,optical _______,-13.15625,2,2token,not_valid_noun
mirrors,.. Fill,-13.15625,2,2token,not_valid_noun
mirrors,artificial .,-13.15625,2,2token,not_valid_noun
mirrors,walls Complete,-13.15625,2,2token,not_valid_noun
mirrors,matter .,-13.15625,2,2token,not_valid_noun
mirrors,A ______,-13.15625,2,2token,not_valid_noun
mirrors,____ a,-13.15625,2,2token,not_valid_noun
mirrors,____ What,-13.15625,2,2token,not_valid_noun
mirrors,.. complete,-13.15625,2,2token,not_valid_noun
mirrors,Reflection is,-13.15625,2,2token,incomplete_phrase
mirrors,mirror COMPLETE,-13.15625,2,2token,not_valid_noun
mirrors,mirror by,-13.15625,2,2token,incomplete_phrase
mirrors,windows -,-13.15625,2,2token,not_valid_noun
mirrors,____ ______,-13.15625,2,2token,not_valid_noun
mirrors,_. ________,-13.1875,2,2token,not_valid_noun
mirrors,_. Add,-13.1875,2,2token,not_valid_noun
mirrors,_. Draw,-13.1875,2,2token,not_valid_noun
mirrors,_. Make,-13.1875,2,2token,not_valid_noun
mirrors,stone (,-13.1875,2,2token,not_valid_noun
mirrors,technology used,-13.1875,2,2token,incomplete_phrase
mirrors,toy for,-13.1875,2,2token,incomplete_phrase
mirrors,toy (,-13.1875,2,2token,not_valid_noun
mirrors,•,-13.1875,1,single_token,not_valid_noun
mirrors,hous,-13.1875,1,single_token,incomplete_phrase
mirrors,thi,-13.1875,1,single_token,not_valid_noun
mirrors,playing,-13.1875,1,single_token,not_valid_noun
mirrors,What type,-13.1875,2,2token,not_valid_noun
mirrors,stat,-13.1875,1,single_token,not_valid_noun
mirrors,tools or,-13.1875,2,2token,incomplete_phrase
mirrors,natural .,-13.1875,2,2token,not_valid_noun
mirrors,suitable,-13.1875,1,single_token,not_valid_noun
mirrors,de,-13.1875,1,single_token,not_valid_noun
mirrors,noble,-13.1875,1,single_token,incomplete_phrase
mirrors,technology (,-13.1875,2,2token,not_valid_noun
mirrors,Because,-13.1875,1,single_token,not_valid_noun
mirrors,ships,-13.1875,1,single_token,not_valid_noun
mirrors,vases,-13.1875,1,single_token,not_valid_noun
mirrors,tools in,-13.1875,2,2token,incomplete_phrase
mirrors,reflect (,-13.1875,2,2token,not_valid_noun
mirrors,technical,-13.1875,1,single_token,incomplete_phrase
mirrors,_. We,-13.1875,2,2token,not_valid_noun
mirrors,Important,-13.1875,1,single_token,not_valid_noun
mirrors,_. Please,-13.1875,2,2token,not_valid_noun
mirrors,crystalline,-13.1875,1,single_token,incomplete_phrase
mirrors,shines,-13.1875,1,single_token,not_valid_noun
mirrors,thick,-13.1875,1,single_token,incomplete_phrase
mirrors,_. Do,-13.1875,2,2token,not_valid_noun
mirrors,_. This,-13.1875,2,2token,not_valid_noun
mirrors,handmade,-13.1875,1,single_token,not_valid_noun
mirrors,lines,-13.1875,1,single_token,not_valid_noun
mirrors,fruit and,-13.1875,2,2token,incomplete_phrase
mirrors,under,-13.1875,1,single_token,not_valid_noun
mirrors,pal,-13.1875,1,single_token,incomplete_phrase
mirrors,_. There,-13.1875,2,2token,not_valid_noun
mirrors,fab,-13.1875,1,single_token,not_valid_noun
mirrors,things around,-13.1875,2,2token,incomplete_phrase
mirrors,rounded,-13.1875,1,single_token,not_valid_noun
mirrors,classical,-13.1875,1,single_token,incomplete_phrase
mirrors,.-,-13.1875,1,single_token,not_valid_noun
mirrors,...... a,-13.1875,2,2token,not_valid_noun
mirrors,the kitchen,-13.21875,2,2token,not_valid_noun
mirrors,the reflective,-13.21875,2,2token,not_valid_noun
mirrors,material /,-13.21875,2,2token,not_valid_noun
mirrors,wall decorating,-13.21875,2,2token,not_valid_noun
mirrors,material is,-13.21875,2,2token,incomplete_phrase
mirrors,__________ _,-13.21875,2,2token,not_valid_noun
mirrors,( metal,-13.21875,2,2token,not_valid_noun
mirrors,__________ fruit,-13.21875,2,2token,not_valid_noun
mirrors,( appliance,-13.21875,2,2token,not_valid_noun
mirrors,______ are,-13.21875,2,2token,not_valid_noun
mirrors,______ I,-13.21875,2,2token,not_valid_noun
mirrors,______,-13.21875,2,2token,not_valid_noun
mirrors,______ [,-13.21875,2,2token,not_valid_noun
mirrors,( _____,-13.21875,2,2token,not_valid_noun
mirrors,______ In,-13.21875,2,2token,not_valid_noun
mirrors,.... Which,-13.21875,2,2token,not_valid_noun
mirrors,.... Match,-13.21875,2,2token,not_valid_noun
mirrors,television .,-13.21875,2,2token,not_valid_noun
mirrors,material ____,-13.21875,2,2token,not_valid_noun
mirrors,material Fill,-13.21875,2,2token,not_valid_noun
mirrors,.... fruit,-13.21875,2,2token,not_valid_noun
mirrors,.... ....,-13.21875,2,2token,not_valid_noun
mirrors,the _____,-13.21875,2,2token,not_valid_noun
mirrors,wall in,-13.21875,2,2token,incomplete_phrase
mirrors,… [,-13.21875,2,2token,not_valid_noun
mirrors,… When,-13.21875,2,2token,not_valid_noun
mirrors,the answer,-13.21875,2,2token,not_valid_noun
mirrors,______ Correct,-13.21875,2,2token,not_valid_noun
mirrors,objects _______,-13.21875,2,2token,not_valid_noun
mirrors,___________ complete,-13.21875,2,2token,not_valid_noun
mirrors,( ______,-13.21875,2,2token,not_valid_noun
mirrors,___________ glass,-13.21875,2,2token,not_valid_noun
mirrors,___________ What,-13.21875,2,2token,not_valid_noun
mirrors,___________ A,-13.21875,2,2token,not_valid_noun
mirrors,________ ______,-13.21875,2,2token,not_valid_noun
mirrors,reflection to,-13.21875,2,2token,incomplete_phrase
mirrors,______ Write,-13.21875,2,2token,not_valid_noun
mirrors,objects and,-13.21875,2,2token,incomplete_phrase
mirrors,decorative .,-13.21875,2,2token,not_valid_noun
mirrors,objects ....,-13.21875,2,2token,not_valid_noun
mirrors,___________ a,-13.21875,2,2token,not_valid_noun
mirrors,instrument _,-13.21875,2,2token,not_valid_noun
mirrors,doors and,-13.21875,2,2token,incomplete_phrase
mirrors,reflective mater,-13.21875,2,2token,incomplete_phrase
mirrors,______ ​,-13.21875,2,2token,not_valid_noun
mirrors,reflection :,-13.21875,2,2token,not_valid_noun
mirrors,metal to,-13.21875,2,2token,incomplete_phrase
mirrors,reflection _____,-13.21875,2,2token,not_valid_noun
mirrors,reflection Incomplete,-13.21875,2,2token,not_valid_noun
mirrors,instrument _________,-13.21875,2,2token,not_valid_noun
mirrors,reflection which,-13.21875,2,2token,incomplete_phrase
mirrors,______ instrument,-13.21875,2,2token,not_valid_noun
mirrors,… Match,-13.21875,2,2token,not_valid_noun
mirrors,… Glass,-13.21875,2,2token,not_valid_noun
mirrors,instrument ..,-13.21875,2,2token,not_valid_noun
mirrors,instrument Used,-13.21875,2,2token,incomplete_phrase
mirrors,__________ ____,-13.21875,2,2token,not_valid_noun
mirrors,"______ ,",-13.21875,2,2token,not_valid_noun
mirrors,______ Use,-13.21875,2,2token,not_valid_noun
mirrors,", Fill",-13.21875,2,2token,not_valid_noun
mirrors,", in",-13.21875,2,2token,not_valid_noun
mirrors,", object",-13.21875,2,2token,not_valid_noun
mirrors,", etc",-13.21875,2,2token,not_valid_noun
mirrors,", I",-13.21875,2,2token,not_valid_noun
mirrors,", ________",-13.21875,2,2token,not_valid_noun
mirrors,something Complete,-13.21875,2,2token,not_valid_noun
mirrors,instrument …,-13.21875,2,2token,not_valid_noun
mirrors,glas,-13.21875,2,2token,not_valid_noun
mirrors,non metallic,-13.25,2,2token,incomplete_phrase
mirrors,non -,-13.25,2,2token,incomplete_phrase
mirrors,fish .,-13.25,2,2token,not_valid_noun
mirrors,lens and,-13.25,2,2token,incomplete_phrase
mirrors,...],-13.25,1,single_token,not_valid_noun
mirrors,students,-13.25,1,single_token,not_valid_noun
mirrors,hands,-13.25,1,single_token,not_valid_noun
mirrors,AM,-13.25,1,single_token,not_valid_noun
mirrors,aux,-13.25,1,single_token,not_valid_noun
mirrors,ai,-13.25,1,single_token,not_valid_noun
mirrors,sport .,-13.25,2,2token,not_valid_noun
mirrors,points,-13.25,1,single_token,not_valid_noun
mirrors,apparatus .,-13.25,2,2token,not_valid_noun
mirrors,what object,-13.25,2,2token,not_valid_noun
mirrors,_________ I,-13.25,2,2token,not_valid_noun
mirrors,I I,-13.25,2,2token,not_valid_noun
mirrors,device of,-13.25,2,2token,incomplete_phrase
mirrors,ex,-13.25,1,single_token,not_valid_noun
mirrors,part in,-13.25,2,2token,incomplete_phrase
mirrors,_________ Which,-13.25,2,2token,not_valid_noun
mirrors,_________ fruit,-13.25,2,2token,not_valid_noun
mirrors,"_________ ,",-13.25,2,2token,not_valid_noun
mirrors,Reflex,-13.25,1,single_token,incomplete_phrase
mirrors,recycle,-13.25,1,single_token,not_valid_noun
mirrors,cosmetics,-13.25,1,single_token,not_valid_noun
mirrors,ingredient,-13.25,1,single_token,not_valid_noun
mirrors,shades,-13.25,1,single_token,not_valid_noun
mirrors,part .,-13.25,2,2token,not_valid_noun
mirrors,_________ ____,-13.25,2,2token,not_valid_noun
mirrors,_________ _____,-13.25,2,2token,not_valid_noun
mirrors,free,-13.25,1,single_token,incomplete_phrase
mirrors,Per,-13.25,1,single_token,not_valid_noun
mirrors,- Select,-13.25,2,2token,not_valid_noun
mirrors,globes,-13.25,1,single_token,not_valid_noun
mirrors,: :,-13.25,2,2token,not_valid_noun
mirrors,cannot,-13.25,1,single_token,not_valid_noun
mirrors,___ are,-13.25,2,2token,not_valid_noun
mirrors,___ ....,-13.25,2,2token,not_valid_noun
mirrors,___ ..,-13.25,2,2token,not_valid_noun
mirrors,___ and,-13.25,2,2token,not_valid_noun
mirrors,___ of,-13.25,2,2token,not_valid_noun
mirrors,…. Write,-13.25,2,2token,not_valid_noun
mirrors,…. glass,-13.25,2,2token,not_valid_noun
mirrors,house in,-13.28125,2,2token,incomplete_phrase
mirrors,house utens,-13.28125,2,2token,incomplete_phrase
mirrors,_ fruit,-13.28125,2,2token,not_valid_noun
mirrors,buildings .,-13.28125,2,2token,not_valid_noun
mirrors,furniture _______,-13.28125,2,2token,not_valid_noun
mirrors,…… A,-13.28125,2,2token,not_valid_noun
mirrors,…… (,-13.28125,2,2token,not_valid_noun
mirrors,_ _________,-13.28125,2,2token,not_valid_noun
mirrors,? fruit,-13.28125,2,2token,not_valid_noun
mirrors,.. The,-13.28125,2,2token,not_valid_noun
mirrors,.. (,-13.28125,2,2token,not_valid_noun
mirrors,Glass (,-13.28125,2,2token,not_valid_noun
mirrors,optical ________,-13.28125,2,2token,not_valid_noun
mirrors,media .,-13.28125,2,2token,not_valid_noun
mirrors,objet du,-13.28125,2,2token,not_valid_noun
mirrors,? Select,-13.28125,2,2token,not_valid_noun
mirrors,mirror Fill,-13.28125,2,2token,not_valid_noun
mirrors,mirror _________,-13.28125,2,2token,not_valid_noun
mirrors,windows Fill,-13.28125,2,2token,not_valid_noun
mirrors,mirror Finish,-13.28125,2,2token,incomplete_phrase
mirrors,..... complete,-13.28125,2,2token,not_valid_noun
mirrors,_ objects,-13.28125,2,2token,not_valid_noun
mirrors,..... Write,-13.28125,2,2token,not_valid_noun
mirrors,useful,-13.28125,2,2token,not_valid_noun
mirrors,A is,-13.28125,2,2token,not_valid_noun
mirrors,shine .,-13.28125,2,2token,not_valid_noun
mirrors,color Complete,-13.28125,2,2token,not_valid_noun
mirrors,fruit in,-13.28125,2,2token,incomplete_phrase
mirrors,animals .,-13.3125,2,2token,not_valid_noun
mirrors,paint (,-13.3125,2,2token,not_valid_noun
mirrors,things with,-13.3125,2,2token,incomplete_phrase
mirrors,ornament for,-13.3125,2,2token,incomplete_phrase
mirrors,door and,-13.3125,2,2token,incomplete_phrase
mirrors,eye (,-13.3125,2,2token,not_valid_noun
mirrors,thing _______,-13.3125,2,2token,not_valid_noun
mirrors,thing around,-13.3125,2,2token,incomplete_phrase
mirrors,thing on,-13.3125,2,2token,incomplete_phrase
mirrors,popular,-13.3125,1,single_token,not_valid_noun
mirrors,(...,-13.3125,1,single_token,not_valid_noun
mirrors,lans,-13.3125,1,single_token,not_valid_noun
mirrors,blocks,-13.3125,1,single_token,not_valid_noun
mirrors,Glas,-13.3125,1,single_token,not_valid_noun
mirrors,lum,-13.3125,1,single_token,incomplete_phrase
mirrors,View,-13.3125,1,single_token,incomplete_phrase
mirrors,va,-13.3125,1,single_token,not_valid_noun
mirrors,Sel,-13.3125,1,single_token,not_valid_noun
mirrors,retro,-13.3125,1,single_token,not_valid_noun
mirrors,pretty,-13.3125,1,single_token,not_valid_noun
mirrors,able,-13.3125,1,single_token,not_valid_noun
mirrors,My,-13.3125,1,single_token,not_valid_noun
mirrors,um,-13.3125,1,single_token,not_valid_noun
mirrors,All,-13.3125,1,single_token,not_valid_noun
mirrors,wond,-13.3125,1,single_token,not_valid_noun
mirrors,shone,-13.3125,1,single_token,not_valid_noun
mirrors,wash,-13.3125,1,single_token,incomplete_phrase
mirrors,Some,-13.3125,1,single_token,incomplete_phrase
mirrors,books,-13.3125,1,single_token,not_valid_noun
mirrors,People,-13.3125,1,single_token,incomplete_phrase
mirrors,sl,-13.3125,1,single_token,not_valid_noun
mirrors,condi,-13.3125,1,single_token,not_valid_noun
mirrors,Ø,-13.3125,1,single_token,not_valid_noun
mirrors,ophthal,-13.3125,1,single_token,incomplete_phrase
mirrors,close,-13.3125,1,single_token,incomplete_phrase
mirrors,known,-13.3125,1,single_token,not_valid_noun
mirrors,planets,-13.3125,1,single_token,not_valid_noun
mirrors,_. When,-13.3125,2,2token,not_valid_noun
mirrors,similar,-13.3125,1,single_token,not_valid_noun
mirrors,appliance which,-13.3125,2,2token,incomplete_phrase
mirrors,appliance ....,-13.3125,2,2token,not_valid_noun
mirrors,desks,-13.3125,1,single_token,not_valid_noun
mirrors,"$,",-13.3125,1,single_token,not_valid_noun
mirrors,phot,-13.3125,1,single_token,incomplete_phrase
mirrors,glasses that,-13.3125,2,2token,incomplete_phrase
mirrors,�,-13.3125,1,single_token,not_valid_noun
mirrors,hw,-13.3125,1,single_token,not_valid_noun
mirrors,comp,-13.3125,1,single_token,not_valid_noun
mirrors,Ad,-13.3125,1,single_token,not_valid_noun
mirrors,____________ A,-13.3125,2,2token,not_valid_noun
mirrors,____________ ___________,-13.3125,2,2token,not_valid_noun
mirrors,decorations in,-13.3125,2,2token,incomplete_phrase
mirrors,equipment and,-13.34375,2,2token,incomplete_phrase
mirrors,surface _______,-13.34375,2,2token,not_valid_noun
mirrors,decoration _______,-13.34375,2,2token,not_valid_noun
mirrors,", i",-13.34375,2,2token,not_valid_noun
mirrors,surface on,-13.34375,2,2token,incomplete_phrase
mirrors,surface Finish,-13.34375,2,2token,incomplete_phrase
mirrors,material a,-13.34375,2,2token,incomplete_phrase
mirrors,flat (,-13.34375,2,2token,not_valid_noun
mirrors,", tool",-13.34375,2,2token,not_valid_noun
mirrors,", you",-13.34375,2,2token,not_valid_noun
mirrors,", that",-13.34375,2,2token,not_valid_noun
mirrors,………… .,-13.34375,2,2token,not_valid_noun
mirrors,material you,-13.34375,2,2token,incomplete_phrase
mirrors,material Use,-13.34375,2,2token,incomplete_phrase
mirrors,material _____,-13.34375,2,2token,not_valid_noun
mirrors,of ....,-13.34375,2,2token,not_valid_noun
mirrors,of technology,-13.34375,2,2token,not_valid_noun
mirrors,metal A,-13.34375,2,2token,incomplete_phrase
mirrors,instrument ____________,-13.34375,2,2token,not_valid_noun
mirrors,of an,-13.34375,2,2token,not_valid_noun
mirrors,of something,-13.34375,2,2token,not_valid_noun
mirrors,instrument COMPLETE,-13.34375,2,2token,not_valid_noun
mirrors,instrument because,-13.34375,2,2token,incomplete_phrase
mirrors,instrument we,-13.34375,2,2token,incomplete_phrase
mirrors,instrument [,-13.34375,2,2token,not_valid_noun
mirrors,instrument is,-13.34375,2,2token,incomplete_phrase
mirrors,instrument you,-13.34375,2,2token,incomplete_phrase
mirrors,art and,-13.34375,2,2token,incomplete_phrase
mirrors,__________ are,-13.34375,2,2token,not_valid_noun
mirrors,__________ Choose,-13.34375,2,2token,not_valid_noun
mirrors,metal Which,-13.34375,2,2token,incomplete_phrase
mirrors,", _______",-13.34375,2,2token,not_valid_noun
mirrors,the skin,-13.34375,2,2token,not_valid_noun
mirrors,decoration on,-13.34375,2,2token,incomplete_phrase
mirrors,jewelry .,-13.34375,2,2token,not_valid_noun
mirrors,the building,-13.34375,2,2token,not_valid_noun
mirrors,", objects",-13.34375,2,2token,not_valid_noun
mirrors,reflection Fill,-13.34375,2,2token,not_valid_noun
mirrors,reflection ______,-13.34375,2,2token,not_valid_noun
mirrors,( instrument,-13.34375,2,2token,not_valid_noun
mirrors,metal with,-13.34375,2,2token,not_valid_noun
mirrors,.... Correct,-13.34375,2,2token,not_valid_noun
mirrors,.... Find,-13.34375,2,2token,not_valid_noun
mirrors,reflection Answer,-13.34375,2,2token,not_valid_noun
mirrors,reflection The,-13.34375,2,2token,incomplete_phrase
mirrors,clock .,-13.34375,2,2token,not_valid_noun
mirrors,of ____,-13.34375,2,2token,not_valid_noun
mirrors,apparatus that,-13.375,2,2token,incomplete_phrase
mirrors,heal,-13.375,1,single_token,not_valid_noun
mirrors,___ objects,-13.375,2,2token,not_valid_noun
mirrors,___ or,-13.375,2,2token,not_valid_noun
mirrors,lens which,-13.375,2,2token,incomplete_phrase
mirrors,: Fill,-13.375,2,2token,not_valid_noun
mirrors,lens ...,-13.375,2,2token,not_valid_noun
mirrors,lens for,-13.375,2,2token,incomplete_phrase
mirrors,___,-13.375,2,2token,not_valid_noun
mirrors,___ I,-13.375,2,2token,not_valid_noun
mirrors,article (,-13.375,2,2token,not_valid_noun
mirrors,lens ....,-13.375,2,2token,not_valid_noun
mirrors,ones,-13.375,1,single_token,not_valid_noun
mirrors,home utens,-13.375,2,2token,incomplete_phrase
mirrors,strong,-13.375,1,single_token,not_valid_noun
mirrors,dal,-13.375,1,single_token,incomplete_phrase
mirrors,”.,-13.375,1,single_token,not_valid_noun
mirrors,●,-13.375,1,single_token,not_valid_noun
mirrors,+.,-13.375,1,single_token,not_valid_noun
mirrors,,-13.375,1,single_token,not_valid_noun
mirrors,Cand,-13.375,1,single_token,incomplete_phrase
mirrors,building and,-13.375,2,2token,incomplete_phrase
mirrors,shiny or,-13.375,2,2token,incomplete_phrase
mirrors,- Choose,-13.375,2,2token,not_valid_noun
mirrors,_________ or,-13.375,2,2token,not_valid_noun
mirrors,_________ are,-13.375,2,2token,not_valid_noun
mirrors,- I,-13.375,2,2token,not_valid_noun
mirrors,_________ in,-13.375,2,2token,not_valid_noun
mirrors,tex,-13.375,1,single_token,not_valid_noun
mirrors,home ...,-13.375,2,2token,not_valid_noun
mirrors,_________ Select,-13.375,2,2token,not_valid_noun
mirrors,having,-13.375,1,single_token,not_valid_noun
mirrors,vis,-13.375,1,single_token,incomplete_phrase
mirrors,For,-13.375,1,single_token,not_valid_noun
mirrors,lies,-13.375,1,single_token,not_valid_noun
mirrors,FR,-13.375,1,single_token,not_valid_noun
mirrors,rep,-13.375,1,single_token,incomplete_phrase
mirrors,Present,-13.375,1,single_token,incomplete_phrase
mirrors,inven,-13.375,1,single_token,not_valid_noun
mirrors,convenient,-13.375,1,single_token,not_valid_noun
mirrors,device _______,-13.375,2,2token,not_valid_noun
mirrors,hard .,-13.375,2,2token,not_valid_noun
mirrors,bathroom .,-13.375,2,2token,not_valid_noun
mirrors,picture or,-13.375,2,2token,incomplete_phrase
mirrors,? ....,-13.40625,2,2token,not_valid_noun
mirrors,? _,-13.40625,2,2token,not_valid_noun
mirrors,____ _______,-13.40625,2,2token,not_valid_noun
mirrors,____ complete,-13.40625,2,2token,not_valid_noun
mirrors,mirror /,-13.40625,2,2token,not_valid_noun
mirrors,A _____,-13.40625,2,2token,not_valid_noun
mirrors,mirror What,-13.40625,2,2token,not_valid_noun
mirrors,A device,-13.40625,2,2token,not_valid_noun
mirrors,made with,-13.40625,2,2token,not_valid_noun
mirrors,made to,-13.40625,2,2token,not_valid_noun
mirrors,house and,-13.40625,2,2token,incomplete_phrase
mirrors,house -,-13.40625,2,2token,incomplete_phrase
mirrors,____ _,-13.40625,2,2token,not_valid_noun
mirrors,food (,-13.40625,2,2token,not_valid_noun
mirrors,…… complete,-13.40625,2,2token,not_valid_noun
mirrors,"? ,",-13.40625,2,2token,not_valid_noun
mirrors,.. Read,-13.40625,2,2token,not_valid_noun
mirrors,windows ______,-13.40625,2,2token,not_valid_noun
mirrors,surfaces .,-13.40625,2,2token,not_valid_noun
mirrors,surfaces Complete,-13.40625,2,2token,not_valid_noun
mirrors,resource .,-13.40625,2,2token,not_valid_noun
mirrors,instruments Complete,-13.40625,2,2token,not_valid_noun
mirrors,windows _____,-13.40625,2,2token,not_valid_noun
mirrors,res,-13.4375,1,single_token,not_valid_noun
mirrors,domes,-13.4375,1,single_token,not_valid_noun
mirrors,protect,-13.4375,1,single_token,not_valid_noun
mirrors,too,-13.4375,1,single_token,not_valid_noun
mirrors,se,-13.4375,1,single_token,not_valid_noun
mirrors,transform,-13.4375,1,single_token,not_valid_noun
mirrors,classifying,-13.4375,1,single_token,not_valid_noun
mirrors,trink,-13.4375,1,single_token,not_valid_noun
mirrors,____________ Choose,-13.4375,2,2token,not_valid_noun
mirrors,animal (,-13.4375,2,2token,not_valid_noun
mirrors,(?,-13.4375,1,single_token,not_valid_noun
mirrors,reflect what,-13.4375,2,2token,not_valid_noun
mirrors,shaving,-13.4375,1,single_token,incomplete_phrase
mirrors,____________ What,-13.4375,2,2token,not_valid_noun
mirrors,scienti,-13.4375,1,single_token,not_valid_noun
mirrors,instr,-13.4375,1,single_token,not_valid_noun
mirrors,clever,-13.4375,1,single_token,not_valid_noun
mirrors,decorated,-13.4375,1,single_token,not_valid_noun
mirrors,mathematical,-13.4375,1,single_token,not_valid_noun
mirrors,stars,-13.4375,1,single_token,not_valid_noun
mirrors,oh,-13.4375,1,single_token,not_valid_noun
mirrors,empty,-13.4375,1,single_token,incomplete_phrase
mirrors,{{,-13.4375,1,single_token,not_valid_noun
mirrors,cameras,-13.4375,1,single_token,not_valid_noun
mirrors,digital,-13.4375,1,single_token,incomplete_phrase
mirrors,sel,-13.4375,1,single_token,not_valid_noun
mirrors,Il,-13.4375,1,single_token,not_valid_noun
mirrors,~,-13.4375,1,single_token,not_valid_noun
mirrors,after,-13.4375,1,single_token,not_valid_noun
mirrors,il,-13.4375,1,single_token,not_valid_noun
mirrors,),-13.4375,1,single_token,not_valid_noun
mirrors,implements,-13.4375,1,single_token,not_valid_noun
mirrors,Kind,-13.4375,1,single_token,incomplete_phrase
mirrors,bodies,-13.4375,1,single_token,not_valid_noun
mirrors,historical,-13.4375,1,single_token,not_valid_noun
mirrors,semi,-13.4375,1,single_token,incomplete_phrase
mirrors,anti,-13.4375,1,single_token,incomplete_phrase
mirrors,cook,-13.4375,1,single_token,incomplete_phrase
mirrors,doing,-13.4375,1,single_token,not_valid_noun
mirrors,either,-13.4375,1,single_token,not_valid_noun
mirrors,ci,-13.4375,1,single_token,not_valid_noun
mirrors,sometimes,-13.4375,1,single_token,not_valid_noun
mirrors,bla,-13.4375,1,single_token,not_valid_noun
mirrors,things called,-13.4375,2,2token,incomplete_phrase
mirrors,_. the,-13.4375,2,2token,not_valid_noun
mirrors,mirrors are,-13.4375,2,2token,incomplete_phrase
mirrors,AV,-13.4375,1,single_token,not_valid_noun
mirrors,magnetic,-13.4375,1,single_token,not_valid_noun
mirrors,naturally,-13.4375,1,single_token,not_valid_noun
mirrors,medi,-13.4375,1,single_token,not_valid_noun
mirrors,virtual,-13.4375,1,single_token,not_valid_noun
mirrors,tec,-13.4375,1,single_token,incomplete_phrase
mirrors,orna,-13.4375,1,single_token,incomplete_phrase
mirrors,corrective,-13.4375,1,single_token,not_valid_noun
mirrors,sparkling,-13.4375,1,single_token,incomplete_phrase
mirrors,aids,-13.4375,1,single_token,not_valid_noun
mirrors,obstacles,-13.4375,1,single_token,not_valid_noun
mirrors,senses,-13.4375,1,single_token,not_valid_noun
mirrors,descriptive,-13.4375,1,single_token,not_valid_noun
mirrors,colorful,-13.4375,1,single_token,not_valid_noun
mirrors,conve,-13.4375,1,single_token,not_valid_noun
mirrors,unusual,-13.4375,1,single_token,not_valid_noun
mirrors,sf,-13.4375,1,single_token,not_valid_noun
mirrors,hear,-13.4375,1,single_token,not_valid_noun
mirrors,names,-13.4375,1,single_token,not_valid_noun
mirrors,***,-13.4375,1,single_token,not_valid_noun
mirrors,correct,-13.4375,1,single_token,not_valid_noun
mirrors,Materials,-13.4375,1,single_token,not_valid_noun
mirrors,fantastic,-13.4375,1,single_token,not_valid_noun
mirrors,V,-13.4375,1,single_token,not_valid_noun
mirrors,French,-13.4375,1,single_token,incomplete_phrase
mirrors,App,-13.4375,1,single_token,not_valid_noun
mirrors,ang,-13.4375,1,single_token,not_valid_noun
mirrors,give,-13.4375,1,single_token,incomplete_phrase
mirrors,...... ?,-13.4375,2,2token,not_valid_noun
mirrors,farm,-13.4375,1,single_token,incomplete_phrase
mirrors,contra,-13.4375,1,single_token,incomplete_phrase
mirrors,Decorate,-13.4375,1,single_token,not_valid_noun
mirrors,ee,-13.4375,1,single_token,not_valid_noun
mirrors,mens,-13.4375,1,single_token,not_valid_noun
mirrors,blinds,-13.4375,1,single_token,not_valid_noun
mirrors,[…],-13.4375,1,single_token,not_valid_noun
mirrors,*****,-13.4375,1,single_token,not_valid_noun
mirrors,sweets,-13.4375,1,single_token,not_valid_noun
mirrors,lm,-13.4375,1,single_token,not_valid_noun
mirrors,verbs,-13.4375,1,single_token,not_valid_noun
mirrors,_. Why,-13.4375,2,2token,not_valid_noun
mirrors,_. Select,-13.4375,2,2token,not_valid_noun
mirrors,accessory in,-13.4375,2,2token,incomplete_phrase
mirrors,accessory that,-13.4375,2,2token,incomplete_phrase
mirrors,vitreous,-13.4375,1,single_token,not_valid_noun
mirrors,materials,-13.4375,2,2token,not_valid_noun
mirrors,tools which,-13.4375,2,2token,incomplete_phrase
mirrors,substance which,-13.4375,2,2token,incomplete_phrase
mirrors,[...,-13.4375,1,single_token,not_valid_noun
mirrors,thing like,-13.4375,2,2token,incomplete_phrase
mirrors,desktop,-13.4375,1,single_token,not_valid_noun
mirrors,inorganic,-13.4375,1,single_token,not_valid_noun
mirrors,plane .,-13.46875,2,2token,not_valid_noun
mirrors,equipment ....,-13.46875,2,2token,not_valid_noun
mirrors,… To,-13.46875,2,2token,not_valid_noun
mirrors,__________ objects,-13.46875,2,2token,not_valid_noun
mirrors,__________ that,-13.46875,2,2token,not_valid_noun
mirrors,"__________ ,",-13.46875,2,2token,not_valid_noun
mirrors,objects are,-13.46875,2,2token,incomplete_phrase
mirrors,__________ Select,-13.46875,2,2token,not_valid_noun
mirrors,reflection a,-13.46875,2,2token,incomplete_phrase
mirrors,___________ ____________,-13.46875,2,2token,not_valid_noun
mirrors,reflection A,-13.46875,2,2token,incomplete_phrase
mirrors,___________ of,-13.46875,2,2token,not_valid_noun
mirrors,decoration ________,-13.46875,2,2token,not_valid_noun
mirrors,the earth,-13.46875,2,2token,not_valid_noun
mirrors,________ The,-13.46875,2,2token,not_valid_noun
mirrors,metal Part,-13.46875,2,2token,incomplete_phrase
mirrors,metal The,-13.46875,2,2token,incomplete_phrase
mirrors,( material,-13.46875,2,2token,not_valid_noun
mirrors,", are",-13.46875,2,2token,not_valid_noun
mirrors,glasses for,-13.46875,2,2token,incomplete_phrase
mirrors,glasses _______,-13.46875,2,2token,not_valid_noun
mirrors,flat sur,-13.46875,2,2token,incomplete_phrase
mirrors,surface made,-13.46875,2,2token,incomplete_phrase
mirrors,surface Fill,-13.46875,2,2token,not_valid_noun
mirrors,material .....,-13.46875,2,2token,not_valid_noun
mirrors,property .,-13.46875,2,2token,not_valid_noun
mirrors,of reflective,-13.46875,2,2token,not_valid_noun
mirrors,………… Complete,-13.46875,2,2token,not_valid_noun
mirrors,reflection Full,-13.46875,2,2token,incomplete_phrase
mirrors,________ that,-13.46875,2,2token,not_valid_noun
mirrors,__________ _.,-13.46875,2,2token,not_valid_noun
mirrors,house Complete,-13.46875,2,2token,not_valid_noun
mirrors,__________ _____,-13.46875,2,2token,not_valid_noun
mirrors,________ -,-13.46875,2,2token,not_valid_noun
mirrors,__________ ....,-13.46875,2,2token,not_valid_noun
mirrors,metal Answer,-13.46875,2,2token,not_valid_noun
mirrors,… They,-13.46875,2,2token,not_valid_noun
mirrors,instrument _.,-13.46875,2,2token,not_valid_noun
mirrors,of appliance,-13.46875,2,2token,not_valid_noun
mirrors,of _____,-13.46875,2,2token,not_valid_noun
mirrors,… what,-13.46875,2,2token,not_valid_noun
mirrors,rock .,-13.46875,2,2token,not_valid_noun
mirrors,… If,-13.46875,2,2token,not_valid_noun
mirrors,… of,-13.46875,2,2token,not_valid_noun
mirrors,metal ..,-13.46875,2,2token,not_valid_noun
mirrors,of paper,-13.46875,2,2token,not_valid_noun
mirrors,", Use",-13.46875,2,2token,not_valid_noun
mirrors,", like",-13.46875,2,2token,not_valid_noun
mirrors,I want,-13.5,2,2token,not_valid_noun
mirrors,I (,-13.5,2,2token,not_valid_noun
mirrors,picture on,-13.5,2,2token,incomplete_phrase
mirrors,sight Complete,-13.5,2,2token,not_valid_noun
mirrors,[[,-13.5,1,single_token,not_valid_noun
mirrors,Lam,-13.5,1,single_token,incomplete_phrase
mirrors,device ________,-13.5,2,2token,not_valid_noun
mirrors,part Complete,-13.5,2,2token,not_valid_noun
mirrors,_________ objects,-13.5,2,2token,not_valid_noun
mirrors,_________ Use,-13.5,2,2token,not_valid_noun
mirrors,_________ that,-13.5,2,2token,not_valid_noun
mirrors,item which,-13.5,2,2token,incomplete_phrase
mirrors,home de,-13.5,2,2token,incomplete_phrase
mirrors,I object,-13.5,2,2token,not_valid_noun
mirrors,: ...,-13.5,2,2token,not_valid_noun
mirrors,…. In,-13.5,2,2token,not_valid_noun
mirrors,___ Use,-13.5,2,2token,not_valid_noun
mirrors,___ mirror,-13.5,2,2token,not_valid_noun
mirrors,___ that,-13.5,2,2token,not_valid_noun
mirrors,___ -,-13.5,2,2token,not_valid_noun
mirrors,lens _______,-13.5,2,2token,not_valid_noun
mirrors,lens in,-13.5,2,2token,incomplete_phrase
mirrors,shiny hard,-13.5,2,2token,not_valid_noun
mirrors,- A,-13.5,2,2token,not_valid_noun
mirrors,___ _________,-13.5,2,2token,not_valid_noun
mirrors,what (,-13.5,2,2token,not_valid_noun
mirrors,___ COMPLETE,-13.5,2,2token,not_valid_noun
mirrors,apparatus Complete,-13.5,2,2token,not_valid_noun
mirrors,article for,-13.5,2,2token,incomplete_phrase
mirrors,___ in,-13.5,2,2token,not_valid_noun
mirrors,:-,-13.5,1,single_token,not_valid_noun
mirrors,classified,-13.5,1,single_token,incomplete_phrase
mirrors,shells,-13.5,1,single_token,not_valid_noun
mirrors,aquatic,-13.5,1,single_token,incomplete_phrase
mirrors,curtains,-13.5,1,single_token,not_valid_noun
mirrors,bulbs,-13.5,1,single_token,not_valid_noun
mirrors,ide,-13.5,1,single_token,not_valid_noun
mirrors,pat,-13.5,1,single_token,incomplete_phrase
mirrors,prat,-13.5,1,single_token,incomplete_phrase
mirrors,head,-13.5,1,single_token,incomplete_phrase
mirrors,several,-13.5,1,single_token,not_valid_noun
mirrors,spo,-13.5,1,single_token,not_valid_noun
mirrors,reflections .,-13.5,2,2token,not_valid_noun
mirrors,positive,-13.5,1,single_token,incomplete_phrase
mirrors,mountains,-13.5,1,single_token,not_valid_noun
mirrors,likes,-13.5,1,single_token,not_valid_noun
mirrors,pc,-13.5,1,single_token,not_valid_noun
mirrors,environmental,-13.5,1,single_token,not_valid_noun
mirrors,ad,-13.5,1,single_token,not_valid_noun
mirrors,ap,-13.5,1,single_token,not_valid_noun
mirrors,hang,-13.5,1,single_token,not_valid_noun
mirrors,And,-13.5,1,single_token,not_valid_noun
mirrors,§,-13.5,1,single_token,not_valid_noun
mirrors,Real,-13.5,1,single_token,incomplete_phrase
mirrors,ol,-13.5,1,single_token,not_valid_noun
mirrors,image of,-13.5,2,2token,incomplete_phrase
mirrors,multiple,-13.5,1,single_token,incomplete_phrase
mirrors,IT,-13.5,1,single_token,not_valid_noun
mirrors,■,-13.5,1,single_token,not_valid_noun
mirrors,cooked,-13.5,1,single_token,not_valid_noun
mirrors,A fruit,-13.53125,2,2token,not_valid_noun
mirrors,? Answer,-13.53125,2,2token,not_valid_noun
mirrors,windows on,-13.53125,2,2token,incomplete_phrase
mirrors,windows which,-13.53125,2,2token,incomplete_phrase
mirrors,this Complete,-13.53125,2,2token,not_valid_noun
mirrors,instruments used,-13.53125,2,2token,incomplete_phrase
mirrors,windows ____,-13.53125,2,2token,not_valid_noun
mirrors,furniture ________,-13.53125,2,2token,not_valid_noun
mirrors,body .,-13.53125,2,2token,not_valid_noun
mirrors,_ furniture,-13.53125,2,2token,not_valid_noun
mirrors,_ of,-13.53125,2,2token,not_valid_noun
mirrors,_ I,-13.53125,2,2token,not_valid_noun
mirrors,..... Read,-13.53125,2,2token,not_valid_noun
mirrors,..... Select,-13.53125,2,2token,not_valid_noun
mirrors,furniture for,-13.53125,2,2token,incomplete_phrase
mirrors,thing -,-13.53125,2,2token,incomplete_phrase
mirrors,thing I,-13.53125,2,2token,incomplete_phrase
mirrors,colour .,-13.53125,2,2token,not_valid_noun
mirrors,fruit as,-13.53125,2,2token,incomplete_phrase
mirrors,..... ...,-13.53125,2,2token,not_valid_noun
mirrors,building _____,-13.53125,2,2token,not_valid_noun
mirrors,…… a,-13.53125,2,2token,not_valid_noun
mirrors,? COMPLETE,-13.53125,2,2token,not_valid_noun
mirrors,? Which,-13.53125,2,2token,not_valid_noun
mirrors,_ Choose,-13.53125,2,2token,not_valid_noun
mirrors,mirror _,-13.53125,2,2token,not_valid_noun
mirrors,____ and,-13.53125,2,2token,not_valid_noun
mirrors,.. Choose,-13.53125,2,2token,not_valid_noun
mirrors,furniture -,-13.53125,2,2token,incomplete_phrase
mirrors,ge,-13.5625,1,single_token,not_valid_noun
mirrors,,-13.5625,1,single_token,not_valid_noun
mirrors,get,-13.5625,1,single_token,not_valid_noun
mirrors,ver,-13.5625,1,single_token,not_valid_noun
mirrors,____________ -,-13.5625,2,2token,not_valid_noun
mirrors,animal complete,-13.5625,2,2token,not_valid_noun
mirrors,____________ Select,-13.5625,2,2token,not_valid_noun
mirrors,room Complete,-13.5625,2,2token,not_valid_noun
mirrors,inf,-13.5625,1,single_token,incomplete_phrase
mirrors,pi,-13.5625,1,single_token,not_valid_noun
mirrors,At,-13.5625,1,single_token,not_valid_noun
mirrors,_. An,-13.5625,2,2token,not_valid_noun
mirrors,_. -,-13.5625,2,2token,not_valid_noun
mirrors,eye ____,-13.5625,2,2token,not_valid_noun
mirrors,paper (,-13.5625,2,2token,not_valid_noun
mirrors,an artificial,-13.5625,2,2token,incomplete_phrase
mirrors,...... complete,-13.5625,2,2token,not_valid_noun
mirrors,mirrored,-13.5625,1,single_token,not_valid_noun
mirrors,shape (,-13.5625,2,2token,not_valid_noun
mirrors,Jewellery,-13.5625,1,single_token,not_valid_noun
mirrors,Precious,-13.5625,1,single_token,not_valid_noun
mirrors,domestic .,-13.5625,2,2token,not_valid_noun
mirrors,...... The,-13.5625,2,2token,not_valid_noun
mirrors,magic .,-13.5625,2,2token,not_valid_noun
mirrors,Spec,-13.5625,1,single_token,incomplete_phrase
mirrors,spacecraft,-13.5625,1,single_token,not_valid_noun
mirrors,transpor,-13.5625,1,single_token,not_valid_noun
mirrors,misleading,-13.5625,1,single_token,not_valid_noun
mirrors,shi,-13.5625,1,single_token,incomplete_phrase
mirrors,Haus,-13.5625,1,single_token,not_valid_noun
mirrors,vue,-13.5625,1,single_token,not_valid_noun
mirrors,definitions,-13.5625,1,single_token,not_valid_noun
mirrors,illumin,-13.5625,1,single_token,not_valid_noun
mirrors,pairs,-13.5625,1,single_token,not_valid_noun
mirrors,tel,-13.5625,1,single_token,not_valid_noun
mirrors,homogeneous,-13.5625,1,single_token,not_valid_noun
mirrors,Artificial,-13.5625,1,single_token,incomplete_phrase
mirrors,colourless,-13.5625,1,single_token,not_valid_noun
mirrors,heavy,-13.5625,1,single_token,incomplete_phrase
mirrors,tras,-13.5625,1,single_token,not_valid_noun
mirrors,Clean,-13.5625,1,single_token,incomplete_phrase
mirrors,camera .,-13.5625,2,2token,not_valid_noun
mirrors,shel,-13.5625,1,single_token,incomplete_phrase
mirrors,fibre,-13.5625,1,single_token,not_valid_noun
mirrors,ga,-13.5625,1,single_token,not_valid_noun
mirrors,vit,-13.5625,1,single_token,not_valid_noun
mirrors,fle,-13.5625,1,single_token,not_valid_noun
mirrors,container of,-13.5625,2,2token,incomplete_phrase
mirrors,gadget for,-13.5625,2,2token,incomplete_phrase
mirrors,methods,-13.5625,1,single_token,not_valid_noun
mirrors,____________ of,-13.5625,2,2token,not_valid_noun
mirrors,____________,-13.5625,2,2token,not_valid_noun
mirrors,conver,-13.5625,1,single_token,not_valid_noun
mirrors,reflect ________,-13.5625,2,2token,not_valid_noun
mirrors,reflect on,-13.5625,2,2token,not_valid_noun
mirrors,____________ The,-13.5625,2,2token,not_valid_noun
mirrors,reflect _______,-13.5625,2,2token,not_valid_noun
mirrors,skin Complete,-13.59375,2,2token,not_valid_noun
mirrors,skin (,-13.59375,2,2token,not_valid_noun
mirrors,equipment _______,-13.59375,2,2token,not_valid_noun
mirrors,optical _____,-13.59375,2,2token,not_valid_noun
mirrors,surface ________,-13.59375,2,2token,not_valid_noun
mirrors,_______,-13.59375,2,2token,not_valid_noun
mirrors,material Used,-13.59375,2,2token,incomplete_phrase
mirrors,", is",-13.59375,2,2token,not_valid_noun
mirrors,", They",-13.59375,2,2token,not_valid_noun
mirrors,", for",-13.59375,2,2token,not_valid_noun
mirrors,", it",-13.59375,2,2token,not_valid_noun
mirrors,", The",-13.59375,2,2token,not_valid_noun
mirrors,water _______,-13.59375,2,2token,not_valid_noun
mirrors,element that,-13.59375,2,2token,incomplete_phrase
mirrors,( something,-13.59375,2,2token,not_valid_noun
mirrors,( benda,-13.59375,2,2token,not_valid_noun
mirrors,appliances .,-13.59375,2,2token,not_valid_noun
mirrors,", fruit",-13.59375,2,2token,not_valid_noun
mirrors,.... You,-13.59375,2,2token,not_valid_noun
mirrors,house ...,-13.59375,2,2token,not_valid_noun
mirrors,reflective or,-13.59375,2,2token,incomplete_phrase
mirrors,vegetable .,-13.59375,2,2token,not_valid_noun
mirrors,metal [,-13.59375,2,2token,not_valid_noun
mirrors,__________ COMPLETE,-13.59375,2,2token,not_valid_noun
mirrors,__________ or,-13.59375,2,2token,not_valid_noun
mirrors,__________ In,-13.59375,2,2token,not_valid_noun
mirrors,reflective of,-13.59375,2,2token,not_valid_noun
mirrors,__________ is,-13.59375,2,2token,not_valid_noun
mirrors,__________ Use,-13.59375,2,2token,not_valid_noun
mirrors,objects you,-13.59375,2,2token,incomplete_phrase
mirrors,objects we,-13.59375,2,2token,incomplete_phrase
mirrors,objects ________,-13.59375,2,2token,not_valid_noun
mirrors,something .,-13.59375,2,2token,not_valid_noun
mirrors,material Full,-13.59375,2,2token,incomplete_phrase
mirrors,decoration _____,-13.59375,2,2token,not_valid_noun
mirrors,of,-13.59375,2,2token,not_valid_noun
mirrors,of clothing,-13.59375,2,2token,not_valid_noun
mirrors,___________ ...,-13.59375,2,2token,not_valid_noun
mirrors,material like,-13.59375,2,2token,incomplete_phrase
mirrors,appliance _______,-13.59375,2,2token,not_valid_noun
mirrors,glasses ________,-13.59375,2,2token,not_valid_noun
mirrors,___________,-13.59375,2,2token,not_valid_noun
mirrors,", mirror",-13.59375,2,2token,not_valid_noun
mirrors,.... COMPLETE,-13.59375,2,2token,not_valid_noun
mirrors,material The,-13.59375,2,2token,incomplete_phrase
mirrors,material [,-13.59375,2,2token,not_valid_noun
mirrors,__________ in,-13.59375,2,2token,not_valid_noun
mirrors,__________ I,-13.59375,2,2token,not_valid_noun
mirrors,________ ____,-13.59375,2,2token,not_valid_noun
mirrors,___________ ______,-13.59375,2,2token,not_valid_noun
mirrors,of food,-13.59375,2,2token,not_valid_noun
mirrors,of house,-13.59375,2,2token,not_valid_noun
mirrors,reflection [,-13.59375,2,2token,not_valid_noun
mirrors,type .,-13.59375,2,2token,not_valid_noun
mirrors,___________ _________,-13.59375,2,2token,not_valid_noun
mirrors,art that,-13.59375,2,2token,incomplete_phrase
mirrors,material _,-13.59375,2,2token,not_valid_noun
mirrors,material Read,-13.59375,2,2token,not_valid_noun
mirrors,material …,-13.59375,2,2token,not_valid_noun
mirrors,films,-13.625,1,single_token,not_valid_noun
mirrors,numbers,-13.625,1,single_token,not_valid_noun
mirrors,wh,-13.625,1,single_token,not_valid_noun
mirrors,ot,-13.625,1,single_token,not_valid_noun
mirrors,him,-13.625,1,single_token,not_valid_noun
mirrors,what ...,-13.625,2,2token,not_valid_noun
mirrors,reflections of,-13.625,2,2token,incomplete_phrase
mirrors,ful,-13.625,1,single_token,not_valid_noun
mirrors,difficult,-13.625,1,single_token,not_valid_noun
mirrors,measurements,-13.625,1,single_token,not_valid_noun
mirrors,fundamental,-13.625,1,single_token,incomplete_phrase
mirrors,ra,-13.625,1,single_token,not_valid_noun
mirrors,item (,-13.625,2,2token,not_valid_noun
mirrors,Con,-13.625,1,single_token,incomplete_phrase
mirrors,Le,-13.625,1,single_token,not_valid_noun
mirrors,di,-13.625,1,single_token,not_valid_noun
mirrors,noun .,-13.625,2,2token,not_valid_noun
mirrors,device ...,-13.625,2,2token,not_valid_noun
mirrors,shiny ________,-13.625,2,2token,not_valid_noun
mirrors,shiny reflecting,-13.625,2,2token,not_valid_noun
mirrors,Me,-13.625,1,single_token,not_valid_noun
mirrors,- -.,-13.625,2,2token,not_valid_noun
mirrors,___ ___________,-13.625,2,2token,not_valid_noun
mirrors,___,-13.625,2,2token,not_valid_noun
mirrors,apple (,-13.625,2,2token,not_valid_noun
mirrors,___ Which,-13.625,2,2token,not_valid_noun
mirrors,___ In,-13.625,2,2token,not_valid_noun
mirrors,: The,-13.625,2,2token,not_valid_noun
mirrors,home ________,-13.625,2,2token,not_valid_noun
mirrors,- of,-13.625,2,2token,not_valid_noun
mirrors,_________ is,-13.625,2,2token,not_valid_noun
mirrors,_________ Write,-13.625,2,2token,not_valid_noun
mirrors,_________ :,-13.625,2,2token,not_valid_noun
mirrors,article that,-13.625,2,2token,incomplete_phrase
mirrors,…. Answer,-13.625,2,2token,not_valid_noun
mirrors,sof,-13.625,1,single_token,not_valid_noun
mirrors,: object,-13.625,2,2token,not_valid_noun
mirrors,Round,-13.625,1,single_token,incomplete_phrase
mirrors,visuals,-13.625,1,single_token,not_valid_noun
mirrors,- _______,-13.625,2,2token,not_valid_noun
mirrors,- _.,-13.625,2,2token,not_valid_noun
mirrors,‎,-13.625,1,single_token,not_valid_noun
mirrors,lens ________,-13.625,2,2token,not_valid_noun
mirrors,hung,-13.625,1,single_token,not_valid_noun
mirrors,cases,-13.625,1,single_token,not_valid_noun
mirrors,da,-13.625,1,single_token,not_valid_noun
mirrors,inter,-13.625,1,single_token,incomplete_phrase
mirrors,hor,-13.625,1,single_token,not_valid_noun
mirrors,sing,-13.625,1,single_token,not_valid_noun
mirrors,Ob,-13.625,1,single_token,not_valid_noun
mirrors,curious,-13.625,1,single_token,not_valid_noun
mirrors,: Select,-13.625,2,2token,not_valid_noun
mirrors,…. Read,-13.625,2,2token,not_valid_noun
mirrors,Complete,-13.625,1,single_token,not_valid_noun
mirrors,unlike,-13.625,1,single_token,not_valid_noun
mirrors,meth,-13.625,1,single_token,not_valid_noun
mirrors,:/,-13.625,1,single_token,not_valid_noun
mirrors,,-13.625,1,single_token,not_valid_noun
mirrors,"...""",-13.625,1,single_token,not_valid_noun
mirrors,ef,-13.625,1,single_token,not_valid_noun
mirrors,attractive,-13.625,1,single_token,not_valid_noun
mirrors,measures,-13.625,1,single_token,not_valid_noun
mirrors,? -,-13.65625,2,2token,not_valid_noun
mirrors,A reflection,-13.65625,2,2token,not_valid_noun
mirrors,reflecting (,-13.65625,2,2token,not_valid_noun
mirrors,A Mirror,-13.65625,2,2token,not_valid_noun
mirrors,A ____,-13.65625,2,2token,not_valid_noun
mirrors,A _________,-13.65625,2,2token,not_valid_noun
mirrors,____________ Write,-13.65625,2,2token,not_valid_noun
mirrors,? Mirror,-13.65625,2,2token,not_valid_noun
mirrors,round shiny,-13.65625,2,2token,not_valid_noun
mirrors,_ ..,-13.65625,2,2token,not_valid_noun
mirrors,_ Answer,-13.65625,2,2token,not_valid_noun
mirrors,thing they,-13.65625,2,2token,incomplete_phrase
mirrors,____ The,-13.65625,2,2token,not_valid_noun
mirrors,.. ...,-13.65625,2,2token,not_valid_noun
mirrors,A b,-13.65625,2,2token,not_valid_noun
mirrors,thing Round,-13.65625,2,2token,incomplete_phrase
mirrors,objet (,-13.65625,2,2token,not_valid_noun
mirrors,useful ________,-13.65625,2,2token,not_valid_noun
mirrors,windows :,-13.65625,2,2token,not_valid_noun
mirrors,windows .....,-13.65625,2,2token,not_valid_noun
mirrors,thing Comple,-13.65625,2,2token,incomplete_phrase
mirrors,furniture ____,-13.65625,2,2token,not_valid_noun
mirrors,thing a,-13.65625,2,2token,incomplete_phrase
mirrors,thing ....,-13.65625,2,2token,not_valid_noun
mirrors,windows because,-13.65625,2,2token,incomplete_phrase
mirrors,useful for,-13.65625,2,2token,not_valid_noun
mirrors,reflecting,-13.65625,2,2token,not_valid_noun
mirrors,building that,-13.65625,2,2token,incomplete_phrase
mirrors,tools ...,-13.6875,2,2token,not_valid_noun
mirrors,...... What,-13.6875,2,2token,not_valid_noun
mirrors,а,-13.6875,1,single_token,not_valid_noun
mirrors,cloth ...,-13.6875,2,2token,not_valid_noun
mirrors,What Is,-13.6875,2,2token,not_valid_noun
mirrors,What did,-13.6875,2,2token,not_valid_noun
mirrors,reflect a,-13.6875,2,2token,incomplete_phrase
mirrors,gadget or,-13.6875,2,2token,incomplete_phrase
mirrors,What other,-13.6875,2,2token,not_valid_noun
mirrors,room in,-13.6875,2,2token,incomplete_phrase
mirrors,toy complete,-13.6875,2,2token,not_valid_noun
mirrors,cas,-13.6875,1,single_token,not_valid_noun
mirrors,long,-13.6875,1,single_token,not_valid_noun
mirrors,an .,-13.6875,2,2token,not_valid_noun
mirrors,dirty,-13.6875,1,single_token,not_valid_noun
mirrors,flying,-13.6875,1,single_token,incomplete_phrase
mirrors,_. __,-13.6875,2,2token,not_valid_noun
mirrors,an ________,-13.6875,2,2token,not_valid_noun
mirrors,fs,-13.6875,1,single_token,not_valid_noun
mirrors,_. Is,-13.6875,2,2token,not_valid_noun
mirrors,_. Create,-13.6875,2,2token,not_valid_noun
mirrors,_.,-13.6875,2,2token,not_valid_noun
mirrors,_. For,-13.6875,2,2token,not_valid_noun
mirrors,things of,-13.6875,2,2token,incomplete_phrase
mirrors,into,-13.6875,1,single_token,not_valid_noun
mirrors,pr,-13.6875,1,single_token,not_valid_noun
mirrors,,-13.6875,1,single_token,not_valid_noun
mirrors,av,-13.6875,1,single_token,not_valid_noun
mirrors,super,-13.6875,1,single_token,incomplete_phrase
mirrors,eye ________,-13.6875,2,2token,not_valid_noun
mirrors,eye _,-13.6875,2,2token,not_valid_noun
mirrors,write,-13.6875,1,single_token,not_valid_noun
mirrors,nor,-13.6875,1,single_token,not_valid_noun
mirrors,website,-13.6875,1,single_token,not_valid_noun
mirrors,working,-13.6875,1,single_token,incomplete_phrase
mirrors,Type,-13.6875,1,single_token,incomplete_phrase
mirrors,materials (,-13.6875,2,2token,not_valid_noun
mirrors,Best,-13.6875,1,single_token,incomplete_phrase
mirrors,eat,-13.6875,1,single_token,not_valid_noun
mirrors,Instruments,-13.6875,1,single_token,not_valid_noun
mirrors,pv,-13.6875,1,single_token,not_valid_noun
mirrors,Relative,-13.6875,1,single_token,incomplete_phrase
mirrors,HOUSE,-13.6875,1,single_token,incomplete_phrase
mirrors,tabletop,-13.6875,1,single_token,not_valid_noun
mirrors,GL,-13.6875,1,single_token,not_valid_noun
mirrors,floors,-13.6875,1,single_token,not_valid_noun
mirrors,pupils,-13.6875,1,single_token,not_valid_noun
mirrors,accidents,-13.6875,1,single_token,not_valid_noun
mirrors,defects,-13.6875,1,single_token,not_valid_noun
mirrors,metallo,-13.6875,1,single_token,not_valid_noun
mirrors,foldable,-13.6875,1,single_token,not_valid_noun
mirrors,What else,-13.6875,2,2token,not_valid_noun
mirrors,conic,-13.6875,1,single_token,incomplete_phrase
mirrors,OBJ,-13.6875,1,single_token,not_valid_noun
mirrors,refe,-13.6875,1,single_token,not_valid_noun
mirrors,illuminating,-13.6875,1,single_token,not_valid_noun
mirrors,Natural,-13.6875,1,single_token,incomplete_phrase
mirrors,ll,-13.6875,1,single_token,not_valid_noun
mirrors,Hard,-13.6875,1,single_token,not_valid_noun
mirrors,glas (,-13.71875,2,2token,not_valid_noun
mirrors,objects on,-13.71875,2,2token,incomplete_phrase
mirrors,lighting (,-13.71875,2,2token,not_valid_noun
mirrors,___________ The,-13.71875,2,2token,not_valid_noun
mirrors,___________ Choose,-13.71875,2,2token,not_valid_noun
mirrors,art ...,-13.71875,2,2token,not_valid_noun
mirrors,reflection the,-13.71875,2,2token,incomplete_phrase
mirrors,reflection ____,-13.71875,2,2token,not_valid_noun
mirrors,________ _________,-13.71875,2,2token,not_valid_noun
mirrors,objects from,-13.71875,2,2token,incomplete_phrase
mirrors,___________,-13.71875,2,2token,not_valid_noun
mirrors,appliance and,-13.71875,2,2token,incomplete_phrase
mirrors,", A",-13.71875,2,2token,not_valid_noun
mirrors,appliance of,-13.71875,2,2token,incomplete_phrase
mirrors,.... mirror,-13.71875,2,2token,not_valid_noun
mirrors,__________ Correct,-13.71875,2,2token,not_valid_noun
mirrors,__________ Write,-13.71875,2,2token,not_valid_noun
mirrors,", Comple",-13.71875,2,2token,not_valid_noun
mirrors,", Choose",-13.71875,2,2token,not_valid_noun
mirrors,( reflective,-13.71875,2,2token,not_valid_noun
mirrors,metal Finish,-13.71875,2,2token,incomplete_phrase
mirrors,metal Mirror,-13.71875,2,2token,incomplete_phrase
mirrors,metal .....,-13.71875,2,2token,not_valid_noun
mirrors,metal because,-13.71875,2,2token,incomplete_phrase
mirrors,", ____",-13.71875,2,2token,not_valid_noun
mirrors,metal are,-13.71875,2,2token,incomplete_phrase
mirrors,__________ [,-13.71875,2,2token,not_valid_noun
mirrors,__________ Comple,-13.71875,2,2token,not_valid_noun
mirrors,.... mirrors,-13.71875,2,2token,not_valid_noun
mirrors,material :,-13.71875,2,2token,not_valid_noun
mirrors,material What,-13.71875,2,2token,incomplete_phrase
mirrors,material the,-13.71875,2,2token,incomplete_phrase
mirrors,....,-13.71875,2,2token,not_valid_noun
mirrors,something you,-13.71875,2,2token,incomplete_phrase
mirrors,flat and,-13.71875,2,2token,not_valid_noun
mirrors,skin for,-13.71875,2,2token,incomplete_phrase
mirrors,music .,-13.71875,2,2token,not_valid_noun
mirrors,.... An,-13.71875,2,2token,not_valid_noun
mirrors,doors .,-13.71875,2,2token,not_valid_noun
mirrors,optical …,-13.71875,2,2token,not_valid_noun
mirrors,.... How,-13.71875,2,2token,not_valid_noun
mirrors,.... ________,-13.71875,2,2token,not_valid_noun
mirrors,___ is,-13.75,2,2token,not_valid_noun
mirrors,___ [,-13.75,2,2token,not_valid_noun
mirrors,util,-13.75,1,single_token,not_valid_noun
mirrors,…. ...,-13.75,2,2token,not_valid_noun
mirrors,tra,-13.75,1,single_token,incomplete_phrase
mirrors,H,-13.75,1,single_token,not_valid_noun
mirrors,up,-13.75,1,single_token,not_valid_noun
mirrors,home and,-13.75,2,2token,not_valid_noun
mirrors,cand,-13.75,1,single_token,not_valid_noun
mirrors,Apples,-13.75,1,single_token,not_valid_noun
mirrors,part that,-13.75,2,2token,incomplete_phrase
mirrors,specular,-13.75,1,single_token,not_valid_noun
mirrors,prisms,-13.75,1,single_token,not_valid_noun
mirrors,what thing,-13.75,2,2token,not_valid_noun
mirrors,apparatus used,-13.75,2,2token,incomplete_phrase
mirrors,part,-13.75,2,2token,incomplete_phrase
mirrors,I complete,-13.75,2,2token,not_valid_noun
mirrors,:,-13.75,2,2token,not_valid_noun
mirrors,…. Which,-13.75,2,2token,not_valid_noun
mirrors,red,-13.75,1,single_token,not_valid_noun
mirrors,On,-13.75,1,single_token,not_valid_noun
mirrors,ho,-13.75,1,single_token,not_valid_noun
mirrors,: ________,-13.75,2,2token,not_valid_noun
mirrors,gardening,-13.75,1,single_token,incomplete_phrase
mirrors,doo,-13.75,1,single_token,not_valid_noun
mirrors,dull,-13.75,1,single_token,not_valid_noun
mirrors,blades,-13.75,1,single_token,not_valid_noun
mirrors,embell,-13.75,1,single_token,not_valid_noun
mirrors,SI,-13.75,1,single_token,not_valid_noun
mirrors,collecting,-13.75,1,single_token,incomplete_phrase
mirrors,kin,-13.75,1,single_token,not_valid_noun
mirrors,artific,-13.75,1,single_token,not_valid_noun
mirrors,pets,-13.75,1,single_token,not_valid_noun
mirrors,brilliant,-13.75,1,single_token,not_valid_noun
mirrors,po,-13.75,1,single_token,not_valid_noun
mirrors,fe,-13.75,1,single_token,not_valid_noun
mirrors,most,-13.75,1,single_token,not_valid_noun
mirrors,Les,-13.75,1,single_token,incomplete_phrase
mirrors,_________ the,-13.75,2,2token,not_valid_noun
mirrors,Int,-13.75,1,single_token,not_valid_noun
mirrors,Fe,-13.75,1,single_token,not_valid_noun
mirrors,whether,-13.75,1,single_token,not_valid_noun
mirrors,celestial,-13.75,1,single_token,not_valid_noun
mirrors,? and,-13.78125,2,2token,not_valid_noun
mirrors,Glass ...,-13.78125,2,2token,not_valid_noun
mirrors,reflecting ...,-13.78125,2,2token,not_valid_noun
mirrors,food ...,-13.78125,2,2token,not_valid_noun
mirrors,household (,-13.78125,2,2token,not_valid_noun
mirrors,windows a,-13.78125,2,2token,not_valid_noun
mirrors,windows by,-13.78125,2,2token,incomplete_phrase
mirrors,A tool,-13.78125,2,2token,not_valid_noun
mirrors,household ...,-13.78125,2,2token,not_valid_noun
mirrors,____________ _______,-13.78125,2,2token,not_valid_noun
mirrors,…… The,-13.78125,2,2token,not_valid_noun
mirrors,objet,-13.78125,2,2token,not_valid_noun
mirrors,? _____,-13.78125,2,2token,not_valid_noun
mirrors,? ______,-13.78125,2,2token,not_valid_noun
mirrors,? Write,-13.78125,2,2token,not_valid_noun
mirrors,furniture ______,-13.78125,2,2token,not_valid_noun
mirrors,instruments that,-13.78125,2,2token,incomplete_phrase
mirrors,…… What,-13.78125,2,2token,not_valid_noun
mirrors,? ?.,-13.78125,2,2token,not_valid_noun
mirrors,furniture _____,-13.78125,2,2token,not_valid_noun
mirrors,..... I,-13.78125,2,2token,not_valid_noun
mirrors,..... fruit,-13.78125,2,2token,not_valid_noun
mirrors,thing from,-13.78125,2,2token,incomplete_phrase
mirrors,thing ________,-13.78125,2,2token,not_valid_noun
mirrors,building in,-13.78125,2,2token,incomplete_phrase
mirrors,_ ___________,-13.78125,2,2token,not_valid_noun
mirrors,medicine .,-13.78125,2,2token,not_valid_noun
mirrors,body of,-13.78125,2,2token,incomplete_phrase
mirrors,surfaces that,-13.78125,2,2token,incomplete_phrase
mirrors,_ ____________,-13.78125,2,2token,not_valid_noun
mirrors,..... In,-13.78125,2,2token,not_valid_noun
mirrors,artifact .,-13.78125,2,2token,not_valid_noun
mirrors,_ metal,-13.78125,2,2token,not_valid_noun
mirrors,shine on,-13.78125,2,2token,not_valid_noun
mirrors,moving,-13.8125,1,single_token,not_valid_noun
mirrors,telescopes,-13.8125,1,single_token,not_valid_noun
mirrors,paper and,-13.8125,2,2token,incomplete_phrase
mirrors,pre,-13.8125,1,single_token,not_valid_noun
mirrors,M,-13.8125,1,single_token,not_valid_noun
mirrors,Y,-13.8125,1,single_token,not_valid_noun
mirrors,fictional,-13.8125,1,single_token,not_valid_noun
mirrors,acess,-13.8125,1,single_token,not_valid_noun
mirrors,(=,-13.8125,1,single_token,not_valid_noun
mirrors,things people,-13.8125,2,2token,incomplete_phrase
mirrors,supplies,-13.8125,1,single_token,not_valid_noun
mirrors,Fab,-13.8125,1,single_token,not_valid_noun
mirrors,view Find,-13.8125,2,2token,incomplete_phrase
mirrors,iv,-13.8125,1,single_token,not_valid_noun
mirrors,ts,-13.8125,1,single_token,not_valid_noun
mirrors,â,-13.8125,1,single_token,not_valid_noun
mirrors,materialistic,-13.8125,1,single_token,not_valid_noun
mirrors,hi,-13.8125,1,single_token,not_valid_noun
mirrors,accessor,-13.8125,1,single_token,not_valid_noun
mirrors,dishonest,-13.8125,1,single_token,not_valid_noun
mirrors,keys,-13.8125,1,single_token,not_valid_noun
mirrors,silvery,-13.8125,1,single_token,not_valid_noun
mirrors,glassware (,-13.8125,2,2token,not_valid_noun
mirrors,finished,-13.8125,1,single_token,not_valid_noun
mirrors,audio,-13.8125,1,single_token,incomplete_phrase
mirrors,Im,-13.8125,1,single_token,not_valid_noun
mirrors,boys,-13.8125,1,single_token,not_valid_noun
mirrors,decorations for,-13.8125,2,2token,incomplete_phrase
mirrors,reflect ...,-13.8125,2,2token,not_valid_noun
mirrors,decorations,-13.8125,2,2token,not_valid_noun
mirrors,Two,-13.8125,1,single_token,incomplete_phrase
mirrors,Sha,-13.8125,1,single_token,incomplete_phrase
mirrors,“,-13.8125,1,single_token,not_valid_noun
mirrors,door (,-13.8125,2,2token,not_valid_noun
mirrors,car Complete,-13.8125,2,2token,not_valid_noun
mirrors,Colle,-13.8125,1,single_token,not_valid_noun
mirrors,Animals,-13.8125,1,single_token,not_valid_noun
mirrors,projections,-13.8125,1,single_token,not_valid_noun
mirrors,floating,-13.8125,1,single_token,incomplete_phrase
mirrors,easy,-13.8125,1,single_token,not_valid_noun
mirrors,pp,-13.8125,1,single_token,not_valid_noun
mirrors,search,-13.8125,1,single_token,incomplete_phrase
mirrors,assis,-13.8125,1,single_token,incomplete_phrase
mirrors,zwier,-13.8125,1,single_token,not_valid_noun
mirrors,,-13.8125,1,single_token,not_valid_noun
mirrors,tools _______,-13.8125,2,2token,not_valid_noun
mirrors,hai,-13.8125,1,single_token,not_valid_noun
mirrors,fel,-13.8125,1,single_token,not_valid_noun
mirrors,describes,-13.8125,1,single_token,not_valid_noun
mirrors,PV,-13.8125,1,single_token,not_valid_noun
mirrors,every,-13.8125,1,single_token,incomplete_phrase
mirrors,ime,-13.8125,1,single_token,not_valid_noun
mirrors,○,-13.8125,1,single_token,not_valid_noun
mirrors,fashioned,-13.8125,1,single_token,not_valid_noun
mirrors,lat,-13.8125,1,single_token,incomplete_phrase
mirrors,glowing,-13.8125,1,single_token,incomplete_phrase
mirrors,form .,-13.8125,2,2token,not_valid_noun
mirrors,________ and,-13.84375,2,2token,not_valid_noun
mirrors,objects -,-13.84375,2,2token,not_valid_noun
mirrors,________ in,-13.84375,2,2token,not_valid_noun
mirrors,surface /,-13.84375,2,2token,not_valid_noun
mirrors,art in,-13.84375,2,2token,incomplete_phrase
mirrors,glas ...,-13.84375,2,2token,not_valid_noun
mirrors,surface A,-13.84375,2,2token,incomplete_phrase
mirrors,________ of,-13.84375,2,2token,not_valid_noun
mirrors,reflection by,-13.84375,2,2token,incomplete_phrase
mirrors,appliance ________,-13.84375,2,2token,not_valid_noun
mirrors,________ I,-13.84375,2,2token,not_valid_noun
mirrors,reflection because,-13.84375,2,2token,incomplete_phrase
mirrors,glasses are,-13.84375,2,2token,incomplete_phrase
mirrors,reflection What,-13.84375,2,2token,incomplete_phrase
mirrors,.... We,-13.84375,2,2token,not_valid_noun
mirrors,.... This,-13.84375,2,2token,not_valid_noun
mirrors,.... is,-13.84375,2,2token,not_valid_noun
mirrors,", what",-13.84375,2,2token,not_valid_noun
mirrors,( tool,-13.84375,2,2token,not_valid_noun
mirrors,", also",-13.84375,2,2token,not_valid_noun
mirrors,liquid (,-13.84375,2,2token,not_valid_noun
mirrors,.... of,-13.84375,2,2token,not_valid_noun
mirrors,.... and,-13.84375,2,2token,not_valid_noun
mirrors,crystal (,-13.84375,2,2token,not_valid_noun
mirrors,metal /,-13.84375,2,2token,not_valid_noun
mirrors,.... _,-13.84375,2,2token,not_valid_noun
mirrors,transparent,-13.84375,2,2token,not_valid_noun
mirrors,lens of,-13.84375,2,2token,incomplete_phrase
mirrors,.... ____,-13.84375,2,2token,not_valid_noun
mirrors,.... apples,-13.84375,2,2token,not_valid_noun
mirrors,plate (,-13.84375,2,2token,not_valid_noun
mirrors,.... _______,-13.84375,2,2token,not_valid_noun
mirrors,.... Please,-13.84375,2,2token,not_valid_noun
mirrors,.... Make,-13.84375,2,2token,not_valid_noun
mirrors,flat reflecting,-13.84375,2,2token,not_valid_noun
mirrors,optical (,-13.84375,2,2token,not_valid_noun
mirrors,Windows Complete,-13.84375,2,2token,not_valid_noun
mirrors,decoration Fill,-13.84375,2,2token,not_valid_noun
mirrors,equipment complete,-13.84375,2,2token,not_valid_noun
mirrors,decoration which,-13.84375,2,2token,incomplete_phrase
mirrors,machine which,-13.84375,2,2token,incomplete_phrase
mirrors,- Answer,-13.875,2,2token,not_valid_noun
mirrors,- ______,-13.875,2,2token,not_valid_noun
mirrors,add,-13.875,1,single_token,incomplete_phrase
mirrors,should,-13.875,1,single_token,not_valid_noun
mirrors,bu,-13.875,1,single_token,not_valid_noun
mirrors,pe,-13.875,1,single_token,not_valid_noun
mirrors,- ...,-13.875,2,2token,not_valid_noun
mirrors,…. I,-13.875,2,2token,not_valid_noun
mirrors,dec,-13.875,1,single_token,not_valid_noun
mirrors,shiny _______,-13.875,2,2token,not_valid_noun
mirrors,: instrument,-13.875,2,2token,not_valid_noun
mirrors,…. ?,-13.875,2,2token,not_valid_noun
mirrors,…. complete,-13.875,2,2token,not_valid_noun
mirrors,: metal,-13.875,2,2token,not_valid_noun
mirrors,scul,-13.875,1,single_token,not_valid_noun
mirrors,nes,-13.875,1,single_token,not_valid_noun
mirrors,invented,-13.875,1,single_token,not_valid_noun
mirrors,Describe,-13.875,1,single_token,not_valid_noun
mirrors,device with,-13.875,2,2token,incomplete_phrase
mirrors,picture in,-13.875,2,2token,incomplete_phrase
mirrors,sporting,-13.875,1,single_token,not_valid_noun
mirrors,Tv,-13.875,1,single_token,not_valid_noun
mirrors,device we,-13.875,2,2token,incomplete_phrase
mirrors,device made,-13.875,2,2token,incomplete_phrase
mirrors,apple is,-13.875,2,2token,incomplete_phrase
mirrors,: mirrors,-13.875,2,2token,not_valid_noun
mirrors,home app,-13.875,2,2token,incomplete_phrase
mirrors,home d,-13.875,2,2token,incomplete_phrase
mirrors,please,-13.875,1,single_token,not_valid_noun
mirrors,proper,-13.875,1,single_token,not_valid_noun
mirrors,Decorative,-13.875,1,single_token,not_valid_noun
mirrors,til,-13.875,1,single_token,not_valid_noun
mirrors,vesel,-13.875,1,single_token,not_valid_noun
mirrors,night,-13.875,1,single_token,incomplete_phrase
mirrors,structures,-13.875,1,single_token,not_valid_noun
mirrors,mp,-13.875,1,single_token,not_valid_noun
mirrors,vesti,-13.875,1,single_token,not_valid_noun
mirrors,ig,-13.875,1,single_token,not_valid_noun
mirrors,named,-13.875,1,single_token,not_valid_noun
mirrors,Fac,-13.875,1,single_token,not_valid_noun
mirrors,wet,-13.875,1,single_token,incomplete_phrase
mirrors,Fer,-13.875,1,single_token,not_valid_noun
mirrors,examine,-13.875,1,single_token,not_valid_noun
mirrors,marine,-13.875,1,single_token,incomplete_phrase
mirrors,cd,-13.875,1,single_token,not_valid_noun
mirrors,recycled,-13.875,1,single_token,not_valid_noun
mirrors,lives,-13.875,1,single_token,not_valid_noun
mirrors,functional,-13.875,1,single_token,not_valid_noun
mirrors,inst,-13.875,1,single_token,not_valid_noun
mirrors,ns,-13.875,1,single_token,not_valid_noun
mirrors,sid,-13.875,1,single_token,incomplete_phrase
mirrors,homemade,-13.875,1,single_token,not_valid_noun
mirrors,elementary,-13.875,1,single_token,incomplete_phrase
mirrors,designs,-13.875,1,single_token,not_valid_noun
mirrors,windows ….,-13.90625,2,2token,not_valid_noun
mirrors,windows …,-13.90625,2,2token,not_valid_noun
mirrors,windows windows,-13.90625,2,2token,not_valid_noun
mirrors,household _____,-13.90625,2,2token,not_valid_noun
mirrors,windows with,-13.90625,2,2token,incomplete_phrase
mirrors,windows is,-13.90625,2,2token,incomplete_phrase
mirrors,windows,-13.90625,2,2token,not_valid_noun
mirrors,windows ..,-13.90625,2,2token,not_valid_noun
mirrors,_ blank,-13.90625,2,2token,not_valid_noun
mirrors,thing Answer,-13.90625,2,2token,not_valid_noun
mirrors,plastic (,-13.90625,2,2token,not_valid_noun
mirrors,product of,-13.90625,2,2token,incomplete_phrase
mirrors,household obj,-13.90625,2,2token,incomplete_phrase
mirrors,household app,-13.90625,2,2token,incomplete_phrase
mirrors,household furn,-13.90625,2,2token,incomplete_phrase
mirrors,.. ..,-13.90625,2,2token,not_valid_noun
mirrors,windows The,-13.90625,2,2token,incomplete_phrase
mirrors,"_ ,",-13.90625,2,2token,not_valid_noun
mirrors,_,-13.90625,2,2token,not_valid_noun
mirrors,_,-13.90625,2,2token,not_valid_noun
mirrors,artificial ________,-13.90625,2,2token,not_valid_noun
mirrors,____ glass,-13.90625,2,2token,not_valid_noun
mirrors,building or,-13.90625,2,2token,incomplete_phrase
mirrors,walls .,-13.90625,2,2token,not_valid_noun
mirrors,Glass complete,-13.90625,2,2token,not_valid_noun
mirrors,reflecting piece,-13.90625,2,2token,incomplete_phrase
mirrors,..... Use,-13.90625,2,2token,not_valid_noun
mirrors,..... -,-13.90625,2,2token,not_valid_noun
mirrors,____ Answer,-13.90625,2,2token,not_valid_noun
mirrors,par,-13.9375,1,single_token,incomplete_phrase
mirrors,stor,-13.9375,1,single_token,not_valid_noun
mirrors,subjects,-13.9375,1,single_token,not_valid_noun
mirrors,gu,-13.9375,1,single_token,not_valid_noun
mirrors,"—,",-13.9375,1,single_token,not_valid_noun
mirrors,What you,-13.9375,2,2token,not_valid_noun
mirrors,_:,-13.9375,1,single_token,not_valid_noun
mirrors,room décor,-13.9375,2,2token,not_valid_noun
mirrors,room (,-13.9375,2,2token,not_valid_noun
mirrors,cloth or,-13.9375,2,2token,incomplete_phrase
mirrors,solid (,-13.9375,2,2token,not_valid_noun
mirrors,put,-13.9375,1,single_token,incomplete_phrase
mirrors,great,-13.9375,1,single_token,incomplete_phrase
mirrors,between,-13.9375,1,single_token,not_valid_noun
mirrors,general,-13.9375,1,single_token,incomplete_phrase
mirrors,inse,-13.9375,1,single_token,not_valid_noun
mirrors,letters,-13.9375,1,single_token,not_valid_noun
mirrors,clothing (,-13.9375,2,2token,not_valid_noun
mirrors,op ...,-13.9375,2,2token,not_valid_noun
mirrors,container (,-13.9375,2,2token,not_valid_noun
mirrors,q,-13.9375,1,single_token,not_valid_noun
mirrors,direct,-13.9375,1,single_token,not_valid_noun
mirrors,activities,-13.9375,1,single_token,not_valid_noun
mirrors,laws,-13.9375,1,single_token,not_valid_noun
mirrors,eye ...,-13.9375,2,2token,not_valid_noun
mirrors,eye of,-13.9375,2,2token,incomplete_phrase
mirrors,foreign,-13.9375,1,single_token,not_valid_noun
mirrors,Where,-13.9375,1,single_token,not_valid_noun
mirrors,su,-13.9375,1,single_token,not_valid_noun
mirrors,Classi,-13.9375,1,single_token,not_valid_noun
mirrors,tools ________,-13.9375,2,2token,not_valid_noun
mirrors,lifeless,-13.9375,1,single_token,not_valid_noun
mirrors,materials to,-13.9375,2,2token,incomplete_phrase
mirrors,cre,-13.9375,1,single_token,not_valid_noun
mirrors,So,-13.9375,1,single_token,not_valid_noun
mirrors,...... Choose,-13.9375,2,2token,not_valid_noun
mirrors,vehicle for,-13.9375,2,2token,incomplete_phrase
mirrors,:),-13.9375,1,single_token,not_valid_noun
mirrors,eye _______,-13.9375,2,2token,not_valid_noun
mirrors,ocu,-13.9375,1,single_token,not_valid_noun
mirrors,****,-13.9375,1,single_token,not_valid_noun
mirrors,",.",-13.9375,1,single_token,not_valid_noun
mirrors,What would,-13.9375,2,2token,not_valid_noun
mirrors,view Complete,-13.9375,2,2token,not_valid_noun
mirrors,roofs,-13.9375,1,single_token,not_valid_noun
mirrors,sung,-13.9375,1,single_token,incomplete_phrase
mirrors,teh,-13.9375,1,single_token,not_valid_noun
mirrors,Arte,-13.9375,1,single_token,not_valid_noun
mirrors,ae,-13.9375,1,single_token,not_valid_noun
mirrors,предме,-13.9375,1,single_token,not_valid_noun
mirrors,tools ....,-13.9375,2,2token,not_valid_noun
mirrors,skincare,-13.9375,1,single_token,not_valid_noun
mirrors,phones,-13.9375,1,single_token,not_valid_noun
mirrors,___________ mirror,-13.96875,2,2token,not_valid_noun
mirrors,glasses ____,-13.96875,2,2token,not_valid_noun
mirrors,art or,-13.96875,2,2token,incomplete_phrase
mirrors,________ fruit,-13.96875,2,2token,not_valid_noun
mirrors,water that,-13.96875,2,2token,incomplete_phrase
mirrors,lamp (,-13.96875,2,2token,not_valid_noun
mirrors,glasses in,-13.96875,2,2token,incomplete_phrase
mirrors,___________ Select,-13.96875,2,2token,not_valid_noun
mirrors,objects ____,-13.96875,2,2token,not_valid_noun
mirrors,surface you,-13.96875,2,2token,incomplete_phrase
mirrors,equipment /,-13.96875,2,2token,not_valid_noun
mirrors,equipment needed,-13.96875,2,2token,incomplete_phrase
mirrors,equipment with,-13.96875,2,2token,incomplete_phrase
mirrors,objects,-13.96875,2,2token,not_valid_noun
mirrors,equipment we,-13.96875,2,2token,incomplete_phrase
mirrors,( ...,-13.96875,2,2token,not_valid_noun
mirrors,water ______,-13.96875,2,2token,not_valid_noun
mirrors,lens ______,-13.96875,2,2token,not_valid_noun
mirrors,.... Explain,-13.96875,2,2token,not_valid_noun
mirrors,[,-13.96875,2,2token,not_valid_noun
mirrors,water ...,-13.96875,2,2token,not_valid_noun
mirrors,plate or,-13.96875,2,2token,incomplete_phrase
mirrors,art Work,-13.96875,2,2token,incomplete_phrase
mirrors,decoration ______,-13.96875,2,2token,not_valid_noun
mirrors,lens -,-13.96875,2,2token,incomplete_phrase
mirrors,water in,-13.96875,2,2token,incomplete_phrase
mirrors,what do,-14.0,2,2token,not_valid_noun
mirrors,item made,-14.0,2,2token,incomplete_phrase
mirrors,what in,-14.0,2,2token,not_valid_noun
mirrors,PC,-14.0,1,single_token,not_valid_noun
mirrors,mineral complete,-14.0,2,2token,not_valid_noun
mirrors,prevent,-14.0,1,single_token,not_valid_noun
mirrors,te,-14.0,1,single_token,not_valid_noun
mirrors,I ...,-14.0,2,2token,not_valid_noun
mirrors,oc,-14.0,1,single_token,not_valid_noun
mirrors,che,-14.0,1,single_token,incomplete_phrase
mirrors,ind,-14.0,1,single_token,incomplete_phrase
mirrors,ten,-14.0,1,single_token,incomplete_phrase
mirrors,val,-14.0,1,single_token,incomplete_phrase
mirrors,wonderful,-14.0,1,single_token,not_valid_noun
mirrors,Gl,-14.0,1,single_token,not_valid_noun
mirrors,img,-14.0,1,single_token,not_valid_noun
mirrors,Special,-14.0,1,single_token,incomplete_phrase
mirrors,Fla,-14.0,1,single_token,not_valid_noun
mirrors,I need,-14.0,2,2token,not_valid_noun
mirrors,I use,-14.0,2,2token,not_valid_noun
mirrors,about,-14.0,1,single_token,not_valid_noun
mirrors,shiny _.,-14.0,2,2token,not_valid_noun
mirrors,- blank,-14.0,2,2token,not_valid_noun
mirrors,K,-14.0,1,single_token,not_valid_noun
mirrors,hard to,-14.0,2,2token,not_valid_noun
mirrors,farming,-14.0,1,single_token,incomplete_phrase
mirrors,flas,-14.0,1,single_token,not_valid_noun
mirrors,non renewable,-14.0,2,2token,not_valid_noun
mirrors,Bri,-14.0,1,single_token,incomplete_phrase
mirrors,six,-14.0,1,single_token,incomplete_phrase
mirrors,fu,-14.0,1,single_token,not_valid_noun
mirrors,…. Match,-14.0,2,2token,not_valid_noun
mirrors,Cl,-14.0,1,single_token,not_valid_noun
mirrors,___ There,-14.0,2,2token,not_valid_noun
mirrors,…. Use,-14.0,2,2token,not_valid_noun
mirrors,___ material,-14.0,2,2token,not_valid_noun
mirrors,what ?.,-14.0,2,2token,not_valid_noun
mirrors,picture ...,-14.0,2,2token,not_valid_noun
mirrors,simil,-14.0,1,single_token,not_valid_noun
mirrors,picture that,-14.0,2,2token,incomplete_phrase
mirrors,******,-14.0,1,single_token,not_valid_noun
mirrors,sate,-14.0,1,single_token,incomplete_phrase
mirrors,fasteners,-14.0,1,single_token,not_valid_noun
mirrors,Ornaments,-14.0,1,single_token,not_valid_noun
mirrors,rectangles,-14.0,1,single_token,not_valid_noun
mirrors,quadril,-14.0,1,single_token,not_valid_noun
mirrors,home (,-14.0,2,2token,not_valid_noun
mirrors,bathroom,-14.0,2,2token,incomplete_phrase
mirrors,pho,-14.0,1,single_token,incomplete_phrase
mirrors,landscaping,-14.0,1,single_token,not_valid_noun
mirrors,cleans,-14.0,1,single_token,incomplete_phrase
mirrors,отра,-14.0,1,single_token,not_valid_noun
mirrors,nons,-14.0,1,single_token,not_valid_noun
mirrors,verre,-14.0,1,single_token,not_valid_noun
mirrors,statues,-14.0,1,single_token,not_valid_noun
mirrors,rigid,-14.0,1,single_token,not_valid_noun
mirrors,this (,-14.03125,2,2token,not_valid_noun
mirrors,this,-14.03125,2,2token,not_valid_noun
mirrors,instruments to,-14.03125,2,2token,incomplete_phrase
mirrors,? Comple,-14.03125,2,2token,not_valid_noun
mirrors,windows,-14.03125,2,2token,not_valid_noun
mirrors,fruit to,-14.03125,2,2token,incomplete_phrase
mirrors,____________ ____,-14.03125,2,2token,not_valid_noun
mirrors,useful house,-14.03125,2,2token,incomplete_phrase
mirrors,useful ...,-14.03125,2,2token,not_valid_noun
mirrors,useful (,-14.03125,2,2token,not_valid_noun
mirrors,.. Use,-14.03125,2,2token,not_valid_noun
mirrors,____________ and,-14.03125,2,2token,not_valid_noun
mirrors,? ____,-14.03125,2,2token,not_valid_noun
mirrors,sun (,-14.03125,2,2token,not_valid_noun
mirrors,fruit Fill,-14.03125,2,2token,not_valid_noun
mirrors,useful ______,-14.03125,2,2token,not_valid_noun
mirrors,.. mirror,-14.03125,2,2token,not_valid_noun
mirrors,.. Write,-14.03125,2,2token,not_valid_noun
mirrors,.. Answer,-14.03125,2,2token,not_valid_noun
mirrors,fruit that,-14.03125,2,2token,incomplete_phrase
mirrors,useful _______,-14.03125,2,2token,not_valid_noun
mirrors,thing _____,-14.03125,2,2token,not_valid_noun
mirrors,..... Match,-14.03125,2,2token,not_valid_noun
mirrors,thing is,-14.03125,2,2token,incomplete_phrase
mirrors,thing Read,-14.03125,2,2token,not_valid_noun
mirrors,thing /,-14.03125,2,2token,not_valid_noun
mirrors,matter that,-14.03125,2,2token,not_valid_noun
mirrors,matter (,-14.03125,2,2token,not_valid_noun
mirrors,device called,-14.03125,2,2token,incomplete_phrase
mirrors,objet trou,-14.03125,2,2token,not_valid_noun
mirrors,? Match,-14.03125,2,2token,not_valid_noun
mirrors,? Use,-14.03125,2,2token,not_valid_noun
mirrors,? object,-14.03125,2,2token,not_valid_noun
mirrors,objet ____,-14.03125,2,2token,not_valid_noun
mirrors,furniture Fill,-14.03125,2,2token,not_valid_noun
mirrors,A material,-14.03125,2,2token,not_valid_noun
mirrors,A metal,-14.03125,2,2token,not_valid_noun
mirrors,A ...,-14.03125,2,2token,not_valid_noun
mirrors,A :,-14.03125,2,2token,not_valid_noun
mirrors,____ I,-14.03125,2,2token,not_valid_noun
mirrors,____ or,-14.03125,2,2token,not_valid_noun
mirrors,____,-14.03125,2,2token,not_valid_noun
mirrors,____ -,-14.03125,2,2token,not_valid_noun
mirrors,instruments,-14.03125,2,2token,not_valid_noun
mirrors,A and,-14.03125,2,2token,not_valid_noun
mirrors,A I,-14.03125,2,2token,not_valid_noun
mirrors,food ....,-14.03125,2,2token,not_valid_noun
mirrors,_ science,-14.03125,2,2token,not_valid_noun
mirrors,_ Use,-14.03125,2,2token,not_valid_noun
mirrors,_ reflection,-14.03125,2,2token,not_valid_noun
mirrors,..... Answer,-14.03125,2,2token,not_valid_noun
mirrors,furniture to,-14.03125,2,2token,incomplete_phrase
mirrors,furniture .....,-14.03125,2,2token,not_valid_noun
mirrors,ld,-14.0625,1,single_token,not_valid_noun
mirrors,constructing,-14.0625,1,single_token,not_valid_noun
mirrors,personal,-14.0625,1,single_token,incomplete_phrase
mirrors,multimedia,-14.0625,1,single_token,not_valid_noun
mirrors,things like,-14.0625,2,2token,incomplete_phrase
mirrors,ln,-14.0625,1,single_token,not_valid_noun
mirrors,ss,-14.0625,1,single_token,not_valid_noun
mirrors,cloth that,-14.0625,2,2token,incomplete_phrase
mirrors,whereas,-14.0625,1,single_token,not_valid_noun
mirrors,AI,-14.0625,1,single_token,not_valid_noun
mirrors,$$,-14.0625,1,single_token,not_valid_noun
mirrors,grains,-14.0625,1,single_token,not_valid_noun
mirrors,Newton,-14.0625,1,single_token,incomplete_phrase
mirrors,Basic,-14.0625,1,single_token,incomplete_phrase
mirrors,reflect and,-14.0625,2,2token,not_valid_noun
mirrors,accessory complete,-14.0625,2,2token,not_valid_noun
mirrors,materials which,-14.0625,2,2token,incomplete_phrase
mirrors,reflect your,-14.0625,2,2token,incomplete_phrase
mirrors,gadget which,-14.0625,2,2token,incomplete_phrase
mirrors,gadget to,-14.0625,2,2token,incomplete_phrase
mirrors,skins,-14.0625,1,single_token,not_valid_noun
mirrors,mirrors,-14.0625,2,2token,not_valid_noun
mirrors,sca,-14.0625,1,single_token,not_valid_noun
mirrors,spin,-14.0625,1,single_token,incomplete_phrase
mirrors,educational,-14.0625,1,single_token,not_valid_noun
mirrors,Plat,-14.0625,1,single_token,incomplete_phrase
mirrors,things or,-14.0625,2,2token,incomplete_phrase
mirrors,東,-14.0625,1,single_token,not_valid_noun
mirrors,ornament complete,-14.0625,2,2token,not_valid_noun
mirrors,ornament ...,-14.0625,2,2token,not_valid_noun
mirrors,ornament to,-14.0625,2,2token,incomplete_phrase
mirrors,ornament or,-14.0625,2,2token,incomplete_phrase
mirrors,Job,-14.0625,1,single_token,not_valid_noun
mirrors,kind (,-14.0625,2,2token,not_valid_noun
mirrors,z,-14.0625,1,single_token,not_valid_noun
mirrors,painting (,-14.0625,2,2token,not_valid_noun
mirrors,invention (,-14.0625,2,2token,not_valid_noun
mirrors,kids,-14.0625,1,single_token,incomplete_phrase
mirrors,SC,-14.0625,1,single_token,not_valid_noun
mirrors,belong,-14.0625,1,single_token,not_valid_noun
mirrors,ome,-14.0625,1,single_token,not_valid_noun
mirrors,Each,-14.0625,1,single_token,incomplete_phrase
mirrors,triangles,-14.0625,1,single_token,not_valid_noun
mirrors,R,-14.0625,1,single_token,not_valid_noun
mirrors,eff,-14.0625,1,single_token,not_valid_noun
mirrors,related,-14.0625,1,single_token,not_valid_noun
mirrors,What instrument,-14.0625,2,2token,not_valid_noun
mirrors,mirrors (,-14.0625,2,2token,not_valid_noun
mirrors,[_,-14.0625,1,single_token,not_valid_noun
mirrors,Av,-14.0625,1,single_token,not_valid_noun
mirrors,gym,-14.0625,1,single_token,incomplete_phrase
mirrors,.,-14.0625,1,single_token,not_valid_noun
mirrors,reflexes,-14.0625,1,single_token,not_valid_noun
mirrors,TOOLS,-14.0625,1,single_token,not_valid_noun
mirrors,Prat,-14.0625,1,single_token,incomplete_phrase
mirrors,synonyms,-14.0625,1,single_token,not_valid_noun
mirrors,ƒ,-14.0625,1,single_token,not_valid_noun
mirrors,предмет,-14.0625,1,single_token,not_valid_noun
mirrors,eye or,-14.0625,2,2token,incomplete_phrase
mirrors,___________ Write,-14.09375,2,2token,not_valid_noun
mirrors,equipment ________,-14.09375,2,2token,not_valid_noun
mirrors,plate of,-14.09375,2,2token,incomplete_phrase
mirrors,machine or,-14.09375,2,2token,incomplete_phrase
mirrors,decoration -,-14.09375,2,2token,incomplete_phrase
mirrors,________ is,-14.09375,2,2token,not_valid_noun
mirrors,objects like,-14.09375,2,2token,incomplete_phrase
mirrors,equipment you,-14.09375,2,2token,incomplete_phrase
mirrors,___________ ____,-14.09375,2,2token,not_valid_noun
mirrors,___________ __________,-14.09375,2,2token,not_valid_noun
mirrors,lens ____,-14.09375,2,2token,not_valid_noun
mirrors,.... There,-14.09375,2,2token,not_valid_noun
mirrors,property of,-14.09375,2,2token,incomplete_phrase
mirrors,glas s,-14.09375,2,2token,not_valid_noun
mirrors,.... food,-14.09375,2,2token,not_valid_noun
mirrors,art of,-14.09375,2,2token,incomplete_phrase
mirrors,machine ...,-14.09375,2,2token,not_valid_noun
mirrors,art ....,-14.09375,2,2token,not_valid_noun
mirrors,wall that,-14.09375,2,2token,incomplete_phrase
mirrors,surface is,-14.09375,2,2token,incomplete_phrase
mirrors,glasses to,-14.09375,2,2token,incomplete_phrase
mirrors,___________ ?,-14.09375,2,2token,not_valid_noun
mirrors,Windows operating,-14.09375,2,2token,incomplete_phrase
mirrors,surface _,-14.09375,2,2token,not_valid_noun
mirrors,surface Which,-14.09375,2,2token,incomplete_phrase
mirrors,surface where,-14.09375,2,2token,incomplete_phrase
mirrors,___________ fruit,-14.09375,2,2token,not_valid_noun
mirrors,glasses ______,-14.09375,2,2token,not_valid_noun
mirrors,type,-14.09375,2,2token,incomplete_phrase
mirrors,spatial,-14.125,1,single_token,not_valid_noun
mirrors,image (,-14.125,2,2token,not_valid_noun
mirrors,invisible,-14.125,1,single_token,not_valid_noun
mirrors,Ves,-14.125,1,single_token,not_valid_noun
mirrors,getObject,-14.125,1,single_token,not_valid_noun
mirrors,worn,-14.125,1,single_token,not_valid_noun
mirrors,__ _______,-14.125,2,2token,not_valid_noun
mirrors,…. fruit,-14.125,2,2token,not_valid_noun
mirrors,…. How,-14.125,2,2token,not_valid_noun
mirrors,I believe,-14.125,2,2token,not_valid_noun
mirrors,…. mirrors,-14.125,2,2token,not_valid_noun
mirrors,…. Select,-14.125,2,2token,not_valid_noun
mirrors,mineral (,-14.125,2,2token,not_valid_noun
mirrors,…. Find,-14.125,2,2token,not_valid_noun
mirrors,: the,-14.125,2,2token,not_valid_noun
mirrors,what type,-14.125,2,2token,not_valid_noun
mirrors,item you,-14.125,2,2token,incomplete_phrase
mirrors,: -,-14.125,2,2token,not_valid_noun
mirrors,ac,-14.125,1,single_token,not_valid_noun
mirrors,picture Perfect,-14.125,2,2token,incomplete_phrase
mirrors,first,-14.125,1,single_token,incomplete_phrase
mirrors,what ________,-14.125,2,2token,not_valid_noun
mirrors,- ____,-14.125,2,2token,not_valid_noun
mirrors,- ?,-14.125,2,2token,not_valid_noun
mirrors,certain,-14.125,1,single_token,not_valid_noun
mirrors,som,-14.125,1,single_token,not_valid_noun
mirrors,believe,-14.125,1,single_token,not_valid_noun
mirrors,various,-14.125,1,single_token,not_valid_noun
mirrors,colle,-14.125,1,single_token,not_valid_noun
mirrors,blan,-14.125,1,single_token,incomplete_phrase
mirrors,ret,-14.125,1,single_token,incomplete_phrase
mirrors,Par,-14.125,1,single_token,incomplete_phrase
mirrors,I know,-14.125,2,2token,not_valid_noun
mirrors,I will,-14.125,2,2token,not_valid_noun
mirrors,sho,-14.125,1,single_token,not_valid_noun
mirrors,practi,-14.125,1,single_token,not_valid_noun
mirrors,article or,-14.125,2,2token,incomplete_phrase
mirrors,negative,-14.125,1,single_token,incomplete_phrase
mirrors,identify,-14.125,1,single_token,not_valid_noun
mirrors,Christmas,-14.125,1,single_token,incomplete_phrase
mirrors,emergency,-14.125,1,single_token,incomplete_phrase
mirrors,formal,-14.125,1,single_token,incomplete_phrase
mirrors,presents,-14.125,1,single_token,not_valid_noun
mirrors,veh,-14.125,1,single_token,not_valid_noun
mirrors,puzzles,-14.125,1,single_token,not_valid_noun
mirrors,\(,-14.125,1,single_token,not_valid_noun
mirrors,contri,-14.125,1,single_token,not_valid_noun
mirrors,Descri,-14.125,1,single_token,not_valid_noun
mirrors,audiovisual,-14.125,1,single_token,not_valid_noun
mirrors,??????,-14.125,1,single_token,not_valid_noun
mirrors,visualisation,-14.125,1,single_token,not_valid_noun
mirrors,humans,-14.125,1,single_token,not_valid_noun
mirrors,luc,-14.125,1,single_token,incomplete_phrase
mirrors,!.,-14.125,1,single_token,not_valid_noun
mirrors,_ ....,-14.15625,2,2token,not_valid_noun
mirrors,_ Make,-14.15625,2,2token,not_valid_noun
mirrors,_ Select,-14.15625,2,2token,not_valid_noun
mirrors,media that,-14.15625,2,2token,incomplete_phrase
mirrors,_ and,-14.15625,2,2token,not_valid_noun
mirrors,.. I,-14.15625,2,2token,not_valid_noun
mirrors,windows fruit,-14.15625,2,2token,incomplete_phrase
mirrors,…… Continue,-14.15625,2,2token,not_valid_noun
mirrors,fruit ____,-14.15625,2,2token,not_valid_noun
mirrors,windows /,-14.15625,2,2token,not_valid_noun
mirrors,windows A,-14.15625,2,2token,not_valid_noun
mirrors,? Make,-14.15625,2,2token,not_valid_noun
mirrors,? You,-14.15625,2,2token,not_valid_noun
mirrors,? If,-14.15625,2,2token,not_valid_noun
mirrors,? When,-14.15625,2,2token,not_valid_noun
mirrors,..... mirror,-14.15625,2,2token,not_valid_noun
mirrors,objet ________,-14.15625,2,2token,not_valid_noun
mirrors,objet that,-14.15625,2,2token,incomplete_phrase
mirrors,thing the,-14.15625,2,2token,incomplete_phrase
mirrors,A ___________,-14.15625,2,2token,not_valid_noun
mirrors,thing What,-14.15625,2,2token,incomplete_phrase
mirrors,thing ____,-14.15625,2,2token,not_valid_noun
mirrors,thing ______,-14.15625,2,2token,not_valid_noun
mirrors,A good,-14.15625,2,2token,not_valid_noun
mirrors,A person,-14.15625,2,2token,not_valid_noun
mirrors,A __,-14.15625,2,2token,not_valid_noun
mirrors,device ______,-14.15625,2,2token,not_valid_noun
mirrors,furniture ..,-14.15625,2,2token,not_valid_noun
mirrors,round .,-14.15625,2,2token,not_valid_noun
mirrors,A -,-14.15625,2,2token,not_valid_noun
mirrors,food for,-14.15625,2,2token,incomplete_phrase
mirrors,device ....,-14.15625,2,2token,not_valid_noun
mirrors,optical __,-14.15625,2,2token,not_valid_noun
mirrors,flat round,-14.15625,2,2token,incomplete_phrase
mirrors,Glass ________,-14.15625,2,2token,not_valid_noun
mirrors,color .,-14.15625,2,2token,not_valid_noun
mirrors,windows Glass,-14.15625,2,2token,incomplete_phrase
mirrors,windows ......,-14.15625,2,2token,not_valid_noun
mirrors,? in,-14.15625,2,2token,not_valid_noun
mirrors,?,-14.15625,2,2token,not_valid_noun
mirrors,? of,-14.15625,2,2token,not_valid_noun
mirrors,? Finish,-14.15625,2,2token,not_valid_noun
mirrors,Reflection (,-14.15625,2,2token,not_valid_noun
mirrors,? Read,-14.15625,2,2token,not_valid_noun
mirrors,eyes,-14.15625,2,2token,not_valid_noun
mirrors,Har,-14.1875,1,single_token,not_valid_noun
mirrors,must,-14.1875,1,single_token,incomplete_phrase
mirrors,tal,-14.1875,1,single_token,incomplete_phrase
mirrors,kind,-14.1875,2,2token,incomplete_phrase
mirrors,py,-14.1875,1,single_token,not_valid_noun
mirrors,container that,-14.1875,2,2token,incomplete_phrase
mirrors,cloth and,-14.1875,2,2token,incomplete_phrase
mirrors,bells,-14.1875,1,single_token,not_valid_noun
mirrors,paper ...,-14.1875,2,2token,not_valid_noun
mirrors,reflect or,-14.1875,2,2token,incomplete_phrase
mirrors,IM,-14.1875,1,single_token,not_valid_noun
mirrors,fer,-14.1875,1,single_token,not_valid_noun
mirrors,ornament that,-14.1875,2,2token,incomplete_phrase
mirrors,shape or,-14.1875,2,2token,incomplete_phrase
mirrors,glassware complete,-14.1875,2,2token,not_valid_noun
mirrors,substance or,-14.1875,2,2token,incomplete_phrase
mirrors,·,-14.1875,1,single_token,not_valid_noun
mirrors,accessory ...,-14.1875,2,2token,not_valid_noun
mirrors,Add,-14.1875,1,single_token,incomplete_phrase
mirrors,substance complete,-14.1875,2,2token,not_valid_noun
mirrors,prop (,-14.1875,2,2token,not_valid_noun
mirrors,accessory or,-14.1875,2,2token,incomplete_phrase
mirrors,undefined,-14.1875,1,single_token,not_valid_noun
mirrors,while,-14.1875,1,single_token,incomplete_phrase
mirrors,gr,-14.1875,1,single_token,not_valid_noun
mirrors,Al,-14.1875,1,single_token,not_valid_noun
mirrors,$(,-14.1875,1,single_token,not_valid_noun
mirrors,avoid,-14.1875,1,single_token,not_valid_noun
mirrors,produced,-14.1875,1,single_token,not_valid_noun
mirrors,has,-14.1875,1,single_token,not_valid_noun
mirrors,pure,-14.1875,1,single_token,not_valid_noun
mirrors,ani,-14.1875,1,single_token,incomplete_phrase
mirrors,automatic,-14.1875,1,single_token,incomplete_phrase
mirrors,fen,-14.1875,1,single_token,incomplete_phrase
mirrors,Cle,-14.1875,1,single_token,not_valid_noun
mirrors,door or,-14.1875,2,2token,incomplete_phrase
mirrors,multipurpose,-14.1875,1,single_token,not_valid_noun
mirrors,manipulative,-14.1875,1,single_token,not_valid_noun
mirrors,foo,-14.1875,1,single_token,incomplete_phrase
mirrors,Make,-14.1875,1,single_token,incomplete_phrase
mirrors,internet,-14.1875,1,single_token,not_valid_noun
mirrors,answers,-14.1875,1,single_token,not_valid_noun
mirrors,collectibles,-14.1875,1,single_token,not_valid_noun
mirrors,bounces,-14.1875,1,single_token,incomplete_phrase
mirrors,Doors,-14.1875,1,single_token,not_valid_noun
mirrors,hm,-14.1875,1,single_token,not_valid_noun
mirrors,helpers,-14.1875,1,single_token,not_valid_noun
mirrors,vehicle (,-14.1875,2,2token,not_valid_noun
mirrors,natural or,-14.1875,2,2token,incomplete_phrase
mirrors,polar,-14.1875,1,single_token,not_valid_noun
mirrors,paint ________,-14.1875,2,2token,not_valid_noun
mirrors,eye and,-14.1875,2,2token,incomplete_phrase
mirrors,plains,-14.1875,1,single_token,not_valid_noun
mirrors,crafting,-14.1875,1,single_token,not_valid_noun
mirrors,metre,-14.1875,1,single_token,not_valid_noun
mirrors,(_,-14.1875,1,single_token,not_valid_noun
mirrors,grown,-14.1875,1,single_token,not_valid_noun
mirrors,flatter,-14.1875,1,single_token,not_valid_noun
mirrors,...... ...,-14.1875,2,2token,not_valid_noun
mirrors,typeof,-14.1875,1,single_token,not_valid_noun
mirrors,Tang,-14.1875,1,single_token,incomplete_phrase
mirrors,animals,-14.1875,2,2token,not_valid_noun
mirrors,What was,-14.1875,2,2token,not_valid_noun
mirrors,binary,-14.1875,1,single_token,incomplete_phrase
mirrors,transpa,-14.1875,1,single_token,not_valid_noun
mirrors,Question,-14.1875,1,single_token,not_valid_noun
mirrors,What word,-14.1875,2,2token,not_valid_noun
mirrors,Another,-14.1875,1,single_token,incomplete_phrase
mirrors,___________ and,-14.21875,2,2token,not_valid_noun
mirrors,art for,-14.21875,2,2token,incomplete_phrase
mirrors,art complete,-14.21875,2,2token,not_valid_noun
mirrors,decoration used,-14.21875,2,2token,incomplete_phrase
mirrors,glasses Fill,-14.21875,2,2token,not_valid_noun
mirrors,glasses _____,-14.21875,2,2token,not_valid_noun
mirrors,Windows XP,-14.21875,2,2token,not_valid_noun
mirrors,glasses -,-14.21875,2,2token,incomplete_phrase
mirrors,glasses which,-14.21875,2,2token,incomplete_phrase
mirrors,surface reflecting,-14.21875,2,2token,incomplete_phrase
mirrors,surface COMPLETE,-14.21875,2,2token,not_valid_noun
mirrors,tools ______,-14.21875,2,2token,not_valid_noun
mirrors,lighting for,-14.21875,2,2token,not_valid_noun
mirrors,art _______,-14.21875,2,2token,not_valid_noun
mirrors,tools are,-14.21875,2,2token,incomplete_phrase
mirrors,surface because,-14.21875,2,2token,incomplete_phrase
mirrors,decoration around,-14.21875,2,2token,incomplete_phrase
mirrors,element (,-14.21875,2,2token,not_valid_noun
mirrors,( __,-14.21875,2,2token,not_valid_noun
mirrors,wall Dec,-14.21875,2,2token,incomplete_phrase
mirrors,objects a,-14.21875,2,2token,not_valid_noun
mirrors,lens _____,-14.21875,2,2token,not_valid_noun
mirrors,( ].,-14.21875,2,2token,not_valid_noun
mirrors,objects called,-14.21875,2,2token,not_valid_noun
mirrors,( A,-14.21875,2,2token,not_valid_noun
mirrors,( ],-14.21875,2,2token,not_valid_noun
mirrors,( reflection,-14.21875,2,2token,not_valid_noun
mirrors,construction (,-14.21875,2,2token,not_valid_noun
mirrors,___________ _____,-14.21875,2,2token,not_valid_noun
mirrors,___________ Comple,-14.21875,2,2token,not_valid_noun
mirrors,___________ _,-14.21875,2,2token,not_valid_noun
mirrors,objects ______,-14.21875,2,2token,not_valid_noun
mirrors,( ?,-14.21875,2,2token,not_valid_noun
mirrors,( things,-14.21875,2,2token,not_valid_noun
mirrors,lens because,-14.21875,2,2token,incomplete_phrase
mirrors,________ Choose,-14.21875,2,2token,not_valid_noun
mirrors,________ Find,-14.21875,2,2token,not_valid_noun
mirrors,________ because,-14.21875,2,2token,not_valid_noun
mirrors,________ _,-14.21875,2,2token,not_valid_noun
mirrors,________ or,-14.21875,2,2token,not_valid_noun
mirrors,________ are,-14.21875,2,2token,not_valid_noun
mirrors,something (,-14.21875,2,2token,not_valid_noun
mirrors,something to,-14.21875,2,2token,incomplete_phrase
mirrors,wall -,-14.21875,2,2token,incomplete_phrase
mirrors,wall ________,-14.21875,2,2token,not_valid_noun
mirrors,lens to,-14.21875,2,2token,incomplete_phrase
mirrors,something called,-14.21875,2,2token,incomplete_phrase
mirrors,wall or,-14.21875,2,2token,incomplete_phrase
mirrors,table (,-14.21875,2,2token,not_valid_noun
mirrors,glas Continue,-14.21875,2,2token,not_valid_noun
mirrors,machine Read,-14.21875,2,2token,not_valid_noun
mirrors,- complete,-14.25,2,2token,not_valid_noun
mirrors,Ca,-14.25,1,single_token,not_valid_noun
mirrors,cal,-14.25,1,single_token,not_valid_noun
mirrors,resp,-14.25,1,single_token,not_valid_noun
mirrors,Ba,-14.25,1,single_token,not_valid_noun
mirrors,: _______,-14.25,2,2token,not_valid_noun
mirrors,defective,-14.25,1,single_token,not_valid_noun
mirrors,…. You,-14.25,2,2token,not_valid_noun
mirrors,ase,-14.25,1,single_token,not_valid_noun
mirrors,Las,-14.25,1,single_token,incomplete_phrase
mirrors,gui,-14.25,1,single_token,not_valid_noun
mirrors,desc,-14.25,1,single_token,not_valid_noun
mirrors,patterns,-14.25,1,single_token,not_valid_noun
mirrors,MS,-14.25,1,single_token,not_valid_noun
mirrors,→,-14.25,1,single_token,not_valid_noun
mirrors,wit,-14.25,1,single_token,incomplete_phrase
mirrors,cul,-14.25,1,single_token,not_valid_noun
mirrors,cleansing,-14.25,1,single_token,incomplete_phrase
mirrors,geom,-14.25,1,single_token,not_valid_noun
mirrors,…. Correct,-14.25,2,2token,not_valid_noun
mirrors,hardware (,-14.25,2,2token,not_valid_noun
mirrors,Use,-14.25,1,single_token,incomplete_phrase
mirrors,mag,-14.25,1,single_token,incomplete_phrase
mirrors,rare,-14.25,1,single_token,not_valid_noun
mirrors,giz,-14.25,1,single_token,not_valid_noun
mirrors,what fruit,-14.25,2,2token,not_valid_noun
mirrors,what ____,-14.25,2,2token,not_valid_noun
mirrors,packing,-14.25,1,single_token,not_valid_noun
mirrors,BI,-14.25,1,single_token,not_valid_noun
mirrors,movable,-14.25,1,single_token,incomplete_phrase
mirrors,CL,-14.25,1,single_token,not_valid_noun
mirrors,，,-14.25,1,single_token,not_valid_noun
mirrors,circles,-14.25,1,single_token,not_valid_noun
mirrors,//,-14.25,1,single_token,not_valid_noun
mirrors,Qu,-14.25,1,single_token,not_valid_noun
mirrors,nat,-14.25,1,single_token,incomplete_phrase
mirrors,clo,-14.25,1,single_token,not_valid_noun
mirrors,Transparent,-14.25,1,single_token,not_valid_noun
mirrors,since,-14.25,1,single_token,not_valid_noun
mirrors,tw,-14.25,1,single_token,not_valid_noun
mirrors,I _,-14.25,2,2token,not_valid_noun
mirrors,part (,-14.25,2,2token,not_valid_noun
mirrors,__ blank,-14.25,2,2token,not_valid_noun
mirrors,__ glass,-14.25,2,2token,not_valid_noun
mirrors,__ material,-14.25,2,2token,not_valid_noun
mirrors,I like,-14.25,2,2token,not_valid_noun
mirrors,item on,-14.25,2,2token,incomplete_phrase
mirrors,circular,-14.25,1,single_token,incomplete_phrase
mirrors,catching,-14.25,1,single_token,incomplete_phrase
mirrors,picture _______,-14.25,2,2token,not_valid_noun
mirrors,fract,-14.25,1,single_token,not_valid_noun
mirrors,Furn,-14.25,1,single_token,not_valid_noun
mirrors,inex,-14.25,1,single_token,not_valid_noun
mirrors,diy,-14.25,1,single_token,not_valid_noun
mirrors,answering,-14.25,1,single_token,not_valid_noun
mirrors,ne,-14.25,1,single_token,not_valid_noun
mirrors,pri,-14.25,1,single_token,not_valid_noun
mirrors,__ a,-14.25,2,2token,not_valid_noun
mirrors,I would,-14.25,2,2token,not_valid_noun
mirrors,furniture COMPLETE,-14.28125,2,2token,not_valid_noun
mirrors,device -,-14.28125,2,2token,incomplete_phrase
mirrors,windows Full,-14.28125,2,2token,incomplete_phrase
mirrors,resource for,-14.28125,2,2token,incomplete_phrase
mirrors,windows =,-14.28125,2,2token,not_valid_noun
mirrors,windows [,-14.28125,2,2token,not_valid_noun
mirrors,____ material,-14.28125,2,2token,not_valid_noun
mirrors,____________,-14.28125,2,2token,not_valid_noun
mirrors,____ How,-14.28125,2,2token,not_valid_noun
mirrors,____ in,-14.28125,2,2token,not_valid_noun
mirrors,____________ that,-14.28125,2,2token,not_valid_noun
mirrors,____________ I,-14.28125,2,2token,not_valid_noun
mirrors,round shaped,-14.28125,2,2token,not_valid_noun
mirrors,artificial (,-14.28125,2,2token,not_valid_noun
mirrors,furniture :,-14.28125,2,2token,not_valid_noun
mirrors,furniture The,-14.28125,2,2token,incomplete_phrase
mirrors,device you,-14.28125,2,2token,not_valid_noun
mirrors,____________ Make,-14.28125,2,2token,not_valid_noun
mirrors,____________ glass,-14.28125,2,2token,not_valid_noun
mirrors,A noun,-14.28125,2,2token,not_valid_noun
mirrors,furniture /,-14.28125,2,2token,not_valid_noun
mirrors,furniture which,-14.28125,2,2token,incomplete_phrase
mirrors,useful ____,-14.28125,2,2token,not_valid_noun
mirrors,useful home,-14.28125,2,2token,incomplete_phrase
mirrors,.. fruit,-14.28125,2,2token,not_valid_noun
mirrors,fruit for,-14.28125,2,2token,incomplete_phrase
mirrors,device complete,-14.28125,2,2token,not_valid_noun
mirrors,.. In,-14.28125,2,2token,not_valid_noun
mirrors,fruit _______,-14.28125,2,2token,not_valid_noun
mirrors,fruit -,-14.28125,2,2token,incomplete_phrase
mirrors,product that,-14.28125,2,2token,incomplete_phrase
mirrors,device _____,-14.28125,2,2token,not_valid_noun
mirrors,A _,-14.28125,2,2token,not_valid_noun
mirrors,thing and,-14.28125,2,2token,incomplete_phrase
mirrors,science in,-14.28125,2,2token,incomplete_phrase
mirrors,Glass _______,-14.28125,2,2token,not_valid_noun
mirrors,..... _______,-14.28125,2,2token,not_valid_noun
mirrors,..... mirrors,-14.28125,2,2token,not_valid_noun
mirrors,A house,-14.28125,2,2token,not_valid_noun
mirrors,A window,-14.28125,2,2token,not_valid_noun
mirrors,furniture What,-14.28125,2,2token,incomplete_phrase
mirrors,A type,-14.28125,2,2token,not_valid_noun
mirrors,furniture …,-14.28125,2,2token,not_valid_noun
mirrors,thing Which,-14.28125,2,2token,incomplete_phrase
mirrors,A a,-14.28125,2,2token,not_valid_noun
mirrors,..... ________,-14.28125,2,2token,not_valid_noun
mirrors,..... Which,-14.28125,2,2token,not_valid_noun
mirrors,science Subject,-14.28125,2,2token,incomplete_phrase
mirrors,..... Correct,-14.28125,2,2token,not_valid_noun
mirrors,media for,-14.28125,2,2token,incomplete_phrase
mirrors,media of,-14.28125,2,2token,incomplete_phrase
mirrors,Glass ....,-14.28125,2,2token,not_valid_noun
mirrors,reflecting the,-14.28125,2,2token,incomplete_phrase
mirrors,reflecting a,-14.28125,2,2token,incomplete_phrase
mirrors,substance called,-14.3125,2,2token,incomplete_phrase
mirrors,shape of,-14.3125,2,2token,incomplete_phrase
mirrors,technology complete,-14.3125,2,2token,not_valid_noun
mirrors,indef,-14.3125,1,single_token,not_valid_noun
mirrors,OPT,-14.3125,1,single_token,not_valid_noun
mirrors,fascinating,-14.3125,1,single_token,not_valid_noun
mirrors,${\,-14.3125,1,single_token,not_valid_noun
mirrors,exotic,-14.3125,1,single_token,not_valid_noun
mirrors,stained,-14.3125,1,single_token,not_valid_noun
mirrors,iner,-14.3125,1,single_token,not_valid_noun
mirrors,【,-14.3125,1,single_token,not_valid_noun
mirrors,indispensable,-14.3125,1,single_token,not_valid_noun
mirrors,forbidden,-14.3125,1,single_token,not_valid_noun
mirrors,underwater,-14.3125,1,single_token,not_valid_noun
mirrors,veg,-14.3125,1,single_token,not_valid_noun
mirrors,Ine,-14.3125,1,single_token,not_valid_noun
mirrors,blunt,-14.3125,1,single_token,not_valid_noun
mirrors,inexpensive,-14.3125,1,single_token,not_valid_noun
mirrors,though,-14.3125,1,single_token,not_valid_noun
mirrors,abc,-14.3125,1,single_token,not_valid_noun
mirrors,lifestyle,-14.3125,1,single_token,not_valid_noun
mirrors,appar,-14.3125,1,single_token,not_valid_noun
mirrors,bod,-14.3125,1,single_token,incomplete_phrase
mirrors,```,-14.3125,1,single_token,not_valid_noun
mirrors,resistant,-14.3125,1,single_token,not_valid_noun
mirrors,tha,-14.3125,1,single_token,not_valid_noun
mirrors,smal,-14.3125,1,single_token,not_valid_noun
mirrors,◦,-14.3125,1,single_token,not_valid_noun
mirrors,...... Write,-14.3125,2,2token,not_valid_noun
mirrors,solve,-14.3125,1,single_token,not_valid_noun
mirrors,compare,-14.3125,1,single_token,incomplete_phrase
mirrors,lav,-14.3125,1,single_token,not_valid_noun
mirrors,Example,-14.3125,1,single_token,not_valid_noun
mirrors,What a,-14.3125,2,2token,not_valid_noun
mirrors,What we,-14.3125,2,2token,not_valid_noun
mirrors,What ?,-14.3125,2,2token,not_valid_noun
mirrors,an ______,-14.3125,2,2token,not_valid_noun
mirrors,an _______,-14.3125,2,2token,not_valid_noun
mirrors,hal,-14.3125,1,single_token,incomplete_phrase
mirrors,El,-14.3125,1,single_token,not_valid_noun
mirrors,(*,-14.3125,1,single_token,not_valid_noun
mirrors,bij,-14.3125,1,single_token,not_valid_noun
mirrors,department,-14.3125,1,single_token,incomplete_phrase
mirrors,traffic,-14.3125,1,single_token,incomplete_phrase
mirrors,explain,-14.3125,1,single_token,not_valid_noun
mirrors,Simple,-14.3125,1,single_token,incomplete_phrase
mirrors,nd,-14.3125,1,single_token,not_valid_noun
mirrors,dental,-14.3125,1,single_token,incomplete_phrase
mirrors,glit,-14.3125,1,single_token,not_valid_noun
mirrors,incandescent,-14.3125,1,single_token,not_valid_noun
mirrors,Accessories,-14.3125,1,single_token,not_valid_noun
mirrors,XD,-14.3125,1,single_token,not_valid_noun
mirrors,Ut,-14.3125,1,single_token,not_valid_noun
mirrors,paint ...,-14.3125,2,2token,not_valid_noun
mirrors,gadget used,-14.3125,2,2token,incomplete_phrase
mirrors,bes,-14.3125,1,single_token,incomplete_phrase
mirrors,televisions,-14.3125,1,single_token,not_valid_noun
mirrors,Trans,-14.3125,1,single_token,incomplete_phrase
mirrors,sciences,-14.3125,1,single_token,not_valid_noun
mirrors,verte,-14.3125,1,single_token,not_valid_noun
mirrors,invention that,-14.3125,2,2token,incomplete_phrase
mirrors,mon,-14.3125,1,single_token,incomplete_phrase
mirrors,ed,-14.3125,1,single_token,not_valid_noun
mirrors,high,-14.3125,1,single_token,incomplete_phrase
mirrors,Des,-14.3125,1,single_token,not_valid_noun
mirrors,less,-14.3125,1,single_token,not_valid_noun
mirrors,done,-14.3125,1,single_token,not_valid_noun
mirrors,near,-14.3125,1,single_token,not_valid_noun
mirrors,eye _.,-14.3125,2,2token,not_valid_noun
mirrors,an example,-14.3125,2,2token,not_valid_noun
mirrors,vehicle that,-14.3125,2,2token,incomplete_phrase
mirrors,ill,-14.3125,1,single_token,incomplete_phrase
mirrors,Ins,-14.3125,1,single_token,not_valid_noun
mirrors,bot,-14.3125,1,single_token,incomplete_phrase
mirrors,What makes,-14.3125,2,2token,not_valid_noun
mirrors,folk,-14.3125,1,single_token,incomplete_phrase
mirrors,valuables,-14.3125,1,single_token,not_valid_noun
mirrors,С,-14.3125,1,single_token,not_valid_noun
mirrors,wat,-14.3125,1,single_token,not_valid_noun
mirrors,cro,-14.3125,1,single_token,incomplete_phrase
mirrors,states,-14.3125,1,single_token,not_valid_noun
mirrors,mir,-14.3125,1,single_token,incomplete_phrase
mirrors,wants,-14.3125,1,single_token,not_valid_noun
mirrors,Mas,-14.3125,1,single_token,incomplete_phrase
mirrors,Helen,-14.3125,1,single_token,incomplete_phrase
mirrors,peoples,-14.3125,1,single_token,not_valid_noun
mirrors,identifying,-14.3125,1,single_token,not_valid_noun
mirrors,christmas,-14.3125,1,single_token,incomplete_phrase
mirrors,vital,-14.3125,1,single_token,not_valid_noun
mirrors,listening,-14.3125,1,single_token,incomplete_phrase
mirrors,particles,-14.3125,1,single_token,not_valid_noun
mirrors,amorphous,-14.3125,1,single_token,not_valid_noun
mirrors,crock,-14.3125,1,single_token,incomplete_phrase
mirrors,his,-14.3125,1,single_token,incomplete_phrase
mirrors,ment,-14.3125,1,single_token,not_valid_noun
mirrors,plant complete,-14.3125,2,2token,not_valid_noun
mirrors,han,-14.3125,1,single_token,incomplete_phrase
mirrors,ant,-14.3125,1,single_token,incomplete_phrase
mirrors,benef,-14.3125,1,single_token,not_valid_noun
mirrors,half,-14.3125,1,single_token,incomplete_phrase
mirrors,hon,-14.3125,1,single_token,incomplete_phrase
mirrors,Mag,-14.3125,1,single_token,incomplete_phrase
mirrors,problems,-14.3125,1,single_token,not_valid_noun
mirrors,uti,-14.3125,1,single_token,not_valid_noun
mirrors,features,-14.3125,1,single_token,not_valid_noun
mirrors,ay,-14.3125,1,single_token,not_valid_noun
mirrors,view (,-14.3125,2,2token,not_valid_noun
mirrors,tame,-14.3125,1,single_token,not_valid_noun
mirrors,worldly,-14.3125,1,single_token,not_valid_noun
mirrors,des,-14.3125,1,single_token,not_valid_noun
mirrors,more,-14.3125,1,single_token,incomplete_phrase
mirrors,over,-14.3125,1,single_token,incomplete_phrase
mirrors,its,-14.3125,1,single_token,not_valid_noun
mirrors,No,-14.3125,1,single_token,not_valid_noun
mirrors,off,-14.3125,1,single_token,not_valid_noun
mirrors,ab,-14.3125,1,single_token,not_valid_noun
mirrors,projec,-14.3125,1,single_token,not_valid_noun
mirrors,":,",-14.3125,1,single_token,not_valid_noun
mirrors,:],-14.3125,1,single_token,not_valid_noun
mirrors,cups,-14.3125,1,single_token,not_valid_noun
mirrors,prot,-14.3125,1,single_token,not_valid_noun
mirrors,ps,-14.3125,1,single_token,not_valid_noun
mirrors,cloth for,-14.3125,2,2token,incomplete_phrase
mirrors,cloth ....,-14.3125,2,2token,not_valid_noun
mirrors,inc,-14.3125,1,single_token,incomplete_phrase
mirrors,ID,-14.3125,1,single_token,not_valid_noun
mirrors,ana,-14.3125,1,single_token,incomplete_phrase
mirrors,Past,-14.3125,1,single_token,incomplete_phrase
mirrors,thermal,-14.3125,1,single_token,incomplete_phrase
mirrors,cats,-14.3125,1,single_token,not_valid_noun
mirrors,ornament ....,-14.3125,2,2token,not_valid_noun
mirrors,view in,-14.3125,2,2token,incomplete_phrase
mirrors,accessory of,-14.3125,2,2token,incomplete_phrase
mirrors,stone ....,-14.3125,2,2token,not_valid_noun
mirrors,materials of,-14.3125,2,2token,incomplete_phrase
mirrors,Sheila,-14.3125,1,single_token,incomplete_phrase
mirrors,reptiles,-14.3125,1,single_token,not_valid_noun
mirrors,,-14.3125,1,single_token,not_valid_noun
mirrors,ines,-14.3125,1,single_token,not_valid_noun
mirrors,decorations (,-14.3125,2,2token,not_valid_noun
mirrors,scen,-14.3125,1,single_token,not_valid_noun
mirrors,io,-14.3125,1,single_token,not_valid_noun
mirrors,Id,-14.3125,1,single_token,not_valid_noun
mirrors,street,-14.3125,1,single_token,incomplete_phrase
mirrors,wild,-14.3125,1,single_token,incomplete_phrase
mirrors,sold,-14.3125,1,single_token,not_valid_noun
mirrors,Pan,-14.3125,1,single_token,incomplete_phrase
mirrors,Show,-14.3125,1,single_token,incomplete_phrase
mirrors,spread,-14.3125,1,single_token,not_valid_noun
mirrors,pans,-14.3125,1,single_token,not_valid_noun
mirrors,recreational,-14.3125,1,single_token,not_valid_noun
mirrors,HOME,-14.3125,1,single_token,incomplete_phrase
mirrors,reflect sun,-14.3125,2,2token,incomplete_phrase
mirrors,reflect ____,-14.3125,2,2token,not_valid_noun
mirrors,reflect ______,-14.3125,2,2token,not_valid_noun
mirrors,What object,-14.3125,2,2token,not_valid_noun
mirrors,sound reflecting,-14.3125,2,2token,incomplete_phrase
mirrors,sculptures,-14.3125,1,single_token,not_valid_noun
mirrors,textiles,-14.3125,1,single_token,not_valid_noun
mirrors,surface ______,-14.34375,2,2token,not_valid_noun
mirrors,water or,-14.34375,2,2token,incomplete_phrase
mirrors,___________ Use,-14.34375,2,2token,not_valid_noun
mirrors,surface the,-14.34375,2,2token,incomplete_phrase
mirrors,surface :,-14.34375,2,2token,not_valid_noun
mirrors,___________ -,-14.34375,2,2token,not_valid_noun
mirrors,liquid that,-14.34375,2,2token,incomplete_phrase
mirrors,decoration :,-14.34375,2,2token,not_valid_noun
mirrors,decoration ____,-14.34375,2,2token,not_valid_noun
mirrors,"( ),",-14.34375,2,2token,not_valid_noun
mirrors,( furniture,-14.34375,2,2token,not_valid_noun
mirrors,___________ objects,-14.34375,2,2token,not_valid_noun
mirrors,( I,-14.34375,2,2token,not_valid_noun
mirrors,lighting in,-14.34375,2,2token,incomplete_phrase
mirrors,…………,-14.34375,2,2token,not_valid_noun
mirrors,________ ___________,-14.34375,2,2token,not_valid_noun
mirrors,plane (,-14.34375,2,2token,not_valid_noun
mirrors,Windows (,-14.34375,2,2token,not_valid_noun
mirrors,something we,-14.34375,2,2token,incomplete_phrase
mirrors,appliance /,-14.34375,2,2token,not_valid_noun
mirrors,appliance -,-14.34375,2,2token,incomplete_phrase
mirrors,appliance ____,-14.34375,2,2token,not_valid_noun
mirrors,appliance _____,-14.34375,2,2token,not_valid_noun
mirrors,appliance ______,-14.34375,2,2token,not_valid_noun
mirrors,skin and,-14.34375,2,2token,incomplete_phrase
mirrors,glas ____,-14.34375,2,2token,not_valid_noun
mirrors,machine complete,-14.34375,2,2token,not_valid_noun
mirrors,glasses .....,-14.34375,2,2token,not_valid_noun
mirrors,glasses of,-14.34375,2,2token,incomplete_phrase
mirrors,decorative,-14.34375,2,2token,not_valid_noun
mirrors,objects _____,-14.34375,2,2token,not_valid_noun
mirrors,hard wearing,-14.375,2,2token,incomplete_phrase
mirrors,hard and,-14.375,2,2token,not_valid_noun
mirrors,: What,-14.375,2,2token,not_valid_noun
mirrors,…. We,-14.375,2,2token,not_valid_noun
mirrors,: Write,-14.375,2,2token,not_valid_noun
mirrors,: glasses,-14.375,2,2token,not_valid_noun
mirrors,？,-14.375,1,single_token,not_valid_noun
mirrors,apple ...,-14.375,2,2token,not_valid_noun
mirrors,bull,-14.375,1,single_token,incomplete_phrase
mirrors,accessori,-14.375,1,single_token,not_valid_noun
mirrors,dof,-14.375,1,single_token,not_valid_noun
mirrors,moveable,-14.375,1,single_token,not_valid_noun
mirrors,hard ________,-14.375,2,2token,not_valid_noun
mirrors,…. This,-14.375,2,2token,not_valid_noun
mirrors,(+),-14.375,1,single_token,not_valid_noun
mirrors,lose,-14.375,1,single_token,not_valid_noun
mirrors,dinner,-14.375,1,single_token,incomplete_phrase
mirrors,McGu,-14.375,1,single_token,not_valid_noun
mirrors,hard,-14.375,2,2token,not_valid_noun
mirrors,classi,-14.375,1,single_token,not_valid_noun
mirrors,France,-14.375,1,single_token,not_valid_noun
mirrors,- the,-14.375,2,2token,not_valid_noun
mirrors,graphical,-14.375,1,single_token,not_valid_noun
mirrors,Bal,-14.375,1,single_token,incomplete_phrase
mirrors,repa,-14.375,1,single_token,not_valid_noun
mirrors,qua,-14.375,1,single_token,incomplete_phrase
mirrors,classify,-14.375,1,single_token,not_valid_noun
mirrors,Ques,-14.375,1,single_token,not_valid_noun
mirrors,ine,-14.375,1,single_token,not_valid_noun
mirrors,(.,-14.375,1,single_token,not_valid_noun
mirrors,Blan,-14.375,1,single_token,incomplete_phrase
mirrors,I a,-14.375,2,2token,not_valid_noun
mirrors,what things,-14.375,2,2token,not_valid_noun
mirrors,what instrument,-14.375,2,2token,not_valid_noun
mirrors,let,-14.375,1,single_token,incomplete_phrase
mirrors,rel,-14.375,1,single_token,incomplete_phrase
mirrors,even,-14.375,1,single_token,incomplete_phrase
mirrors,tran,-14.375,1,single_token,incomplete_phrase
mirrors,cos,-14.375,1,single_token,incomplete_phrase
mirrors,Your,-14.375,1,single_token,incomplete_phrase
mirrors,mes,-14.375,1,single_token,incomplete_phrase
mirrors,Cal,-14.375,1,single_token,incomplete_phrase
mirrors,sp,-14.375,1,single_token,not_valid_noun
mirrors,loud,-14.375,1,single_token,not_valid_noun
mirrors,explanation,-14.375,1,single_token,not_valid_noun
mirrors,rec,-14.375,1,single_token,not_valid_noun
mirrors,Modern,-14.375,1,single_token,incomplete_phrase
mirrors,fasten,-14.375,1,single_token,not_valid_noun
mirrors,bathroom utens,-14.375,2,2token,incomplete_phrase
mirrors,deceptive,-14.375,1,single_token,not_valid_noun
mirrors,supporting,-14.375,1,single_token,incomplete_phrase
mirrors,pointed,-14.375,1,single_token,not_valid_noun
mirrors,apparatus to,-14.375,2,2token,incomplete_phrase
mirrors,- _____,-14.375,2,2token,not_valid_noun
mirrors,apar,-14.375,1,single_token,incomplete_phrase
mirrors,- The,-14.375,2,2token,not_valid_noun
mirrors,- [,-14.375,2,2token,not_valid_noun
mirrors,".""",-14.375,1,single_token,not_valid_noun
mirrors,intelligent,-14.375,1,single_token,not_valid_noun
mirrors,what _______,-14.375,2,2token,not_valid_noun
mirrors,XXX,-14.375,1,single_token,not_valid_noun
mirrors,what ______,-14.375,2,2token,not_valid_noun
mirrors,alike,-14.375,1,single_token,not_valid_noun
mirrors,lt,-14.375,1,single_token,not_valid_noun
mirrors,Looking,-14.375,1,single_token,incomplete_phrase
mirrors,article in,-14.375,2,2token,incomplete_phrase
mirrors,scatter,-14.375,1,single_token,incomplete_phrase
mirrors,- noun,-14.375,2,2token,not_valid_noun
mirrors,"- ,",-14.375,2,2token,not_valid_noun
mirrors,marks,-14.375,1,single_token,not_valid_noun
mirrors,picture -,-14.375,2,2token,incomplete_phrase
mirrors,hard ...,-14.375,2,2token,not_valid_noun
mirrors,- objects,-14.375,2,2token,not_valid_noun
mirrors,…. …,-14.375,2,2token,not_valid_noun
mirrors,golden,-14.375,1,single_token,not_valid_noun
mirrors,[+,-14.375,1,single_token,not_valid_noun
mirrors,$-$,-14.375,1,single_token,not_valid_noun
mirrors,conserv,-14.375,1,single_token,not_valid_noun
mirrors,gather,-14.375,1,single_token,incomplete_phrase
mirrors,apparatus (,-14.375,2,2token,not_valid_noun
mirrors,favourite,-14.375,1,single_token,not_valid_noun
mirrors,furniture with,-14.40625,2,2token,incomplete_phrase
mirrors,fruit is,-14.40625,2,2token,incomplete_phrase
mirrors,plastic complete,-14.40625,2,2token,not_valid_noun
mirrors,____ ________,-14.40625,2,2token,not_valid_noun
mirrors,science science,-14.40625,2,2token,incomplete_phrase
mirrors,A C,-14.40625,2,2token,not_valid_noun
mirrors,made for,-14.40625,2,2token,not_valid_noun
mirrors,windows COMPLETE,-14.40625,2,2token,not_valid_noun
mirrors,fruit of,-14.40625,2,2token,incomplete_phrase
mirrors,A ),-14.40625,2,2token,not_valid_noun
mirrors,A word,-14.40625,2,2token,not_valid_noun
mirrors,A Choose,-14.40625,2,2token,not_valid_noun
mirrors,A __________,-14.40625,2,2token,not_valid_noun
mirrors,A ____________,-14.40625,2,2token,not_valid_noun
mirrors,artificial _______,-14.40625,2,2token,not_valid_noun
mirrors,artificial,-14.40625,2,2token,not_valid_noun
mirrors,A The,-14.40625,2,2token,not_valid_noun
mirrors,objet D,-14.40625,2,2token,not_valid_noun
mirrors,device by,-14.40625,2,2token,incomplete_phrase
mirrors,device /,-14.40625,2,2token,not_valid_noun
mirrors,science ...,-14.40625,2,2token,not_valid_noun
mirrors,windows _,-14.40625,2,2token,not_valid_noun
mirrors,windows Write,-14.40625,2,2token,not_valid_noun
mirrors,..... apples,-14.40625,2,2token,not_valid_noun
mirrors,Reflection in,-14.40625,2,2token,incomplete_phrase
mirrors,Reflection complete,-14.40625,2,2token,not_valid_noun
mirrors,..... apple,-14.40625,2,2token,not_valid_noun
mirrors,ornament and,-14.40625,2,2token,incomplete_phrase
mirrors,fabric (,-14.40625,2,2token,not_valid_noun
mirrors,__ ?,-14.40625,2,2token,not_valid_noun
mirrors,.. COMPLETE,-14.40625,2,2token,not_valid_noun
mirrors,eyes (,-14.40625,2,2token,not_valid_noun
mirrors,Glass and,-14.40625,2,2token,incomplete_phrase
mirrors,this type,-14.40625,2,2token,incomplete_phrase
mirrors,thing Use,-14.40625,2,2token,incomplete_phrase
mirrors,thing Fill,-14.40625,2,2token,not_valid_noun
mirrors,Glass is,-14.40625,2,2token,incomplete_phrase
mirrors,..... ....,-14.40625,2,2token,not_valid_noun
mirrors,____________ In,-14.40625,2,2token,not_valid_noun
mirrors,____________ or,-14.40625,2,2token,not_valid_noun
mirrors,____________ the,-14.40625,2,2token,not_valid_noun
mirrors,____ of,-14.40625,2,2token,not_valid_noun
mirrors,____ that,-14.40625,2,2token,not_valid_noun
mirrors,____ fruit,-14.40625,2,2token,not_valid_noun
mirrors,____________ How,-14.40625,2,2token,not_valid_noun
mirrors,____________ Comple,-14.40625,2,2token,not_valid_noun
mirrors,____________ complete,-14.40625,2,2token,not_valid_noun
mirrors,reflecting or,-14.40625,2,2token,incomplete_phrase
mirrors,reflecting _______,-14.40625,2,2token,not_valid_noun
mirrors,animal that,-14.4375,2,2token,incomplete_phrase
mirrors,animal ...,-14.4375,2,2token,not_valid_noun
mirrors,eg,-14.4375,1,single_token,not_valid_noun
mirrors,Bul,-14.4375,1,single_token,not_valid_noun
mirrors,Place,-14.4375,1,single_token,incomplete_phrase
mirrors,shape that,-14.4375,2,2token,incomplete_phrase
mirrors,technology or,-14.4375,2,2token,incomplete_phrase
mirrors,technology for,-14.4375,2,2token,incomplete_phrase
mirrors,autom,-14.4375,1,single_token,not_valid_noun
mirrors,recip,-14.4375,1,single_token,not_valid_noun
mirrors,cel,-14.4375,1,single_token,not_valid_noun
mirrors,fon,-14.4375,1,single_token,incomplete_phrase
mirrors,components,-14.4375,1,single_token,not_valid_noun
mirrors,alter,-14.4375,1,single_token,not_valid_noun
mirrors,stone ...,-14.4375,2,2token,not_valid_noun
mirrors,substance for,-14.4375,2,2token,incomplete_phrase
mirrors,dir,-14.4375,1,single_token,not_valid_noun
mirrors,computing,-14.4375,1,single_token,incomplete_phrase
mirrors,accessory ....,-14.4375,2,2token,not_valid_noun
mirrors,accessory and,-14.4375,2,2token,incomplete_phrase
mirrors,technology in,-14.4375,2,2token,incomplete_phrase
mirrors,toy ...,-14.4375,2,2token,not_valid_noun
mirrors,fos,-14.4375,1,single_token,not_valid_noun
mirrors,wood (,-14.4375,2,2token,not_valid_noun
mirrors,aesthetic,-14.4375,1,single_token,incomplete_phrase
mirrors,stone or,-14.4375,2,2token,incomplete_phrase
mirrors,uk,-14.4375,1,single_token,not_valid_noun
mirrors,hd,-14.4375,1,single_token,not_valid_noun
mirrors,fron,-14.4375,1,single_token,not_valid_noun
mirrors,hunting,-14.4375,1,single_token,incomplete_phrase
mirrors,bugs,-14.4375,1,single_token,not_valid_noun
mirrors,conducting,-14.4375,1,single_token,incomplete_phrase
mirrors,BS,-14.4375,1,single_token,not_valid_noun
mirrors,eye _____,-14.4375,2,2token,not_valid_noun
mirrors,eye make,-14.4375,2,2token,incomplete_phrase
mirrors,eye on,-14.4375,2,2token,incomplete_phrase
mirrors,acce,-14.4375,1,single_token,not_valid_noun
mirrors,polluting,-14.4375,1,single_token,not_valid_noun
mirrors,Obj,-14.4375,1,single_token,not_valid_noun
mirrors,harmless,-14.4375,1,single_token,not_valid_noun
mirrors,allowed,-14.4375,1,single_token,not_valid_noun
mirrors,needed,-14.4375,1,single_token,not_valid_noun
mirrors,natural res,-14.4375,2,2token,incomplete_phrase
mirrors,an,-14.4375,2,2token,not_valid_noun
mirrors,natural ...,-14.4375,2,2token,not_valid_noun
mirrors,stuffs,-14.4375,1,single_token,not_valid_noun
mirrors,maten,-14.4375,1,single_token,not_valid_noun
mirrors,.;,-14.4375,1,single_token,not_valid_noun
mirrors,oble,-14.4375,1,single_token,not_valid_noun
mirrors,housekeeping,-14.4375,1,single_token,incomplete_phrase
mirrors,screen (,-14.4375,2,2token,not_valid_noun
mirrors,natural,-14.4375,2,2token,incomplete_phrase
mirrors,primitive,-14.4375,1,single_token,incomplete_phrase
mirrors,things on,-14.4375,2,2token,incomplete_phrase
mirrors,available,-14.4375,1,single_token,not_valid_noun
mirrors,af,-14.4375,1,single_token,not_valid_noun
mirrors,Pro,-14.4375,1,single_token,incomplete_phrase
mirrors,ha,-14.4375,1,single_token,not_valid_noun
mirrors,...... Select,-14.4375,2,2token,not_valid_noun
mirrors,...... Read,-14.4375,2,2token,not_valid_noun
mirrors,este,-14.4375,1,single_token,not_valid_noun
mirrors,mans,-14.4375,1,single_token,incomplete_phrase
mirrors,french,-14.4375,1,single_token,incomplete_phrase
mirrors,(((,-14.4375,1,single_token,not_valid_noun
mirrors,entertaining,-14.4375,1,single_token,not_valid_noun
mirrors,stere,-14.4375,1,single_token,incomplete_phrase
mirrors,ev,-14.4375,1,single_token,not_valid_noun
mirrors,prop ...,-14.4375,2,2token,not_valid_noun
mirrors,things ...,-14.4375,2,2token,not_valid_noun
mirrors,What happens,-14.4375,2,2token,not_valid_noun
mirrors,gadget ...,-14.4375,2,2token,not_valid_noun
mirrors,Boolean,-14.4375,1,single_token,not_valid_noun
mirrors,transpar,-14.4375,1,single_token,not_valid_noun
mirrors,plac,-14.4375,1,single_token,not_valid_noun
mirrors,single,-14.4375,1,single_token,incomplete_phrase
mirrors,mi,-14.4375,1,single_token,not_valid_noun
mirrors,become,-14.4375,1,single_token,not_valid_noun
mirrors,eye in,-14.4375,2,2token,incomplete_phrase
mirrors,landscapes,-14.4375,1,single_token,not_valid_noun
mirrors,refers,-14.4375,1,single_token,not_valid_noun
mirrors,paint _______,-14.4375,2,2token,not_valid_noun
mirrors,belongs,-14.4375,1,single_token,not_valid_noun
mirrors,rv,-14.4375,1,single_token,not_valid_noun
mirrors,Anglo,-14.4375,1,single_token,not_valid_noun
mirrors,hy,-14.4375,1,single_token,not_valid_noun
mirrors,objects Comple,-14.46875,2,2token,not_valid_noun
mirrors,[ Blank,-14.46875,2,2token,not_valid_noun
mirrors,lens Fill,-14.46875,2,2token,not_valid_noun
mirrors,( type,-14.46875,2,2token,not_valid_noun
mirrors,( light,-14.46875,2,2token,not_valid_noun
mirrors,decoration Materials,-14.46875,2,2token,incomplete_phrase
mirrors,decoration Choose,-14.46875,2,2token,not_valid_noun
mirrors,tools complete,-14.46875,2,2token,not_valid_noun
mirrors,decoration is,-14.46875,2,2token,incomplete_phrase
mirrors,surface we,-14.46875,2,2token,incomplete_phrase
mirrors,wall ...,-14.46875,2,2token,not_valid_noun
mirrors,equipment at,-14.46875,2,2token,incomplete_phrase
mirrors,wall hang,-14.46875,2,2token,incomplete_phrase
mirrors,blank _______,-14.46875,2,2token,not_valid_noun
mirrors,glas ....,-14.46875,2,2token,not_valid_noun
mirrors,jewellery,-14.46875,2,2token,not_valid_noun
mirrors,flat -,-14.46875,2,2token,not_valid_noun
mirrors,surface The,-14.46875,2,2token,incomplete_phrase
mirrors,blank Blank,-14.46875,2,2token,incomplete_phrase
mirrors,decoration COMPLETE,-14.46875,2,2token,not_valid_noun
mirrors,surface are,-14.46875,2,2token,incomplete_phrase
mirrors,machine _______,-14.46875,2,2token,not_valid_noun
mirrors,objects such,-14.46875,2,2token,incomplete_phrase
mirrors,objects Fill,-14.46875,2,2token,not_valid_noun
mirrors,________ Explain,-14.46875,2,2token,not_valid_noun
mirrors,objects /,-14.46875,2,2token,not_valid_noun
mirrors,transparent (,-14.46875,2,2token,not_valid_noun
mirrors,( adjective,-14.46875,2,2token,not_valid_noun
mirrors,[ object,-14.46875,2,2token,not_valid_noun
mirrors,art to,-14.46875,2,2token,incomplete_phrase
mirrors,flat su,-14.46875,2,2token,incomplete_phrase
mirrors,flat …,-14.46875,2,2token,not_valid_noun
mirrors,flat optical,-14.46875,2,2token,not_valid_noun
mirrors,equipment Read,-14.46875,2,2token,not_valid_noun
mirrors,equipment ______,-14.46875,2,2token,not_valid_noun
mirrors,decoration Answer,-14.46875,2,2token,not_valid_noun
mirrors,decoration The,-14.46875,2,2token,incomplete_phrase
mirrors,decorative home,-14.46875,2,2token,incomplete_phrase
mirrors,clothes (,-14.46875,2,2token,not_valid_noun
mirrors,( verb,-14.46875,2,2token,not_valid_noun
mirrors,water and,-14.46875,2,2token,incomplete_phrase
mirrors,water ____,-14.46875,2,2token,not_valid_noun
mirrors,water -,-14.46875,2,2token,incomplete_phrase
mirrors,( what,-14.46875,2,2token,not_valid_noun
mirrors,(,-14.46875,2,2token,not_valid_noun
mirrors,appliance :,-14.46875,2,2token,not_valid_noun
mirrors,appliance with,-14.46875,2,2token,incomplete_phrase
mirrors,lamp or,-14.46875,2,2token,incomplete_phrase
mirrors,appliance .....,-14.46875,2,2token,not_valid_noun
mirrors,objects :,-14.46875,2,2token,not_valid_noun
mirrors,________ material,-14.46875,2,2token,not_valid_noun
mirrors,glasses :,-14.46875,2,2token,not_valid_noun
mirrors,___________ In,-14.46875,2,2token,not_valid_noun
mirrors,( objet,-14.46875,2,2token,not_valid_noun
mirrors,( ͡°,-14.46875,2,2token,not_valid_noun
mirrors,___________ Correct,-14.46875,2,2token,not_valid_noun
mirrors,Convex,-14.5,1,single_token,not_valid_noun
mirrors,…. mirror,-14.5,2,2token,not_valid_noun
mirrors,moll,-14.5,1,single_token,incomplete_phrase
mirrors,.*,-14.5,1,single_token,not_valid_noun
mirrors,opto,-14.5,1,single_token,not_valid_noun
mirrors,quan,-14.5,1,single_token,incomplete_phrase
mirrors,symbols,-14.5,1,single_token,not_valid_noun
mirrors,ia,-14.5,1,single_token,not_valid_noun
mirrors,picture ______,-14.5,2,2token,not_valid_noun
mirrors,apparatus of,-14.5,2,2token,incomplete_phrase
mirrors,apparatus which,-14.5,2,2token,incomplete_phrase
mirrors,¯,-14.5,1,single_token,not_valid_noun
mirrors,projecting,-14.5,1,single_token,not_valid_noun
mirrors,lids,-14.5,1,single_token,not_valid_noun
mirrors,could,-14.5,1,single_token,not_valid_noun
mirrors,New,-14.5,1,single_token,not_valid_noun
mirrors,apple complete,-14.5,2,2token,not_valid_noun
mirrors,-,-14.5,2,2token,not_valid_noun
mirrors,- What,-14.5,2,2token,not_valid_noun
mirrors,?:,-14.5,1,single_token,not_valid_noun
mirrors,buil,-14.5,1,single_token,not_valid_noun
mirrors,cur,-14.5,1,single_token,incomplete_phrase
mirrors,bac,-14.5,1,single_token,incomplete_phrase
mirrors,foe,-14.5,1,single_token,not_valid_noun
mirrors,automobiles,-14.5,1,single_token,not_valid_noun
mirrors,,-14.5,1,single_token,not_valid_noun
mirrors,sol,-14.5,1,single_token,incomplete_phrase
mirrors,bal,-14.5,1,single_token,incomplete_phrase
mirrors,what _____,-14.5,2,2token,not_valid_noun
mirrors,rub,-14.5,1,single_token,incomplete_phrase
mirrors,constru,-14.5,1,single_token,not_valid_noun
mirrors,bon,-14.5,1,single_token,not_valid_noun
mirrors,particular,-14.5,1,single_token,incomplete_phrase
mirrors,I used,-14.5,2,2token,not_valid_noun
mirrors,Secondary,-14.5,1,single_token,incomplete_phrase
mirrors,incomplete,-14.5,1,single_token,not_valid_noun
mirrors,faults,-14.5,1,single_token,not_valid_noun
mirrors,(:,-14.5,1,single_token,not_valid_noun
mirrors,I ________,-14.5,2,2token,not_valid_noun
mirrors,I Choose,-14.5,2,2token,not_valid_noun
mirrors,I mirror,-14.5,2,2token,not_valid_noun
mirrors,I The,-14.5,2,2token,not_valid_noun
mirrors,ml,-14.5,1,single_token,not_valid_noun
mirrors,,-14.5,1,single_token,not_valid_noun
mirrors,lo,-14.5,1,single_token,not_valid_noun
mirrors,ung,-14.5,1,single_token,not_valid_noun
mirrors,typical,-14.5,1,single_token,not_valid_noun
mirrors,vid,-14.5,1,single_token,not_valid_noun
mirrors,CR,-14.5,1,single_token,not_valid_noun
mirrors,protecting,-14.5,1,single_token,not_valid_noun
mirrors,visual ...,-14.5,2,2token,not_valid_noun
mirrors,visual,-14.5,2,2token,not_valid_noun
mirrors,peculiar,-14.5,1,single_token,not_valid_noun
mirrors,Bi,-14.5,1,single_token,not_valid_noun
mirrors,: _,-14.5,2,2token,not_valid_noun
mirrors,: Answer,-14.5,2,2token,not_valid_noun
mirrors,: light,-14.5,2,2token,not_valid_noun
mirrors,science ______,-14.53125,2,2token,not_valid_noun
mirrors,science or,-14.53125,2,2token,incomplete_phrase
mirrors,device and,-14.53125,2,2token,incomplete_phrase
mirrors,fruit :,-14.53125,2,2token,not_valid_noun
mirrors,device ____,-14.53125,2,2token,not_valid_noun
mirrors,device Answer,-14.53125,2,2token,not_valid_noun
mirrors,science is,-14.53125,2,2token,incomplete_phrase
mirrors,objet _______,-14.53125,2,2token,not_valid_noun
mirrors,made .,-14.53125,2,2token,not_valid_noun
mirrors,sun reflecting,-14.53125,2,2token,incomplete_phrase
mirrors,food that,-14.53125,2,2token,incomplete_phrase
mirrors,food and,-14.53125,2,2token,incomplete_phrase
mirrors,thing useful,-14.53125,2,2token,incomplete_phrase
mirrors,____________ is,-14.53125,2,2token,not_valid_noun
mirrors,thing A,-14.53125,2,2token,incomplete_phrase
mirrors,Glass or,-14.53125,2,2token,incomplete_phrase
mirrors,ornament on,-14.53125,2,2token,incomplete_phrase
mirrors,____ is,-14.53125,2,2token,not_valid_noun
mirrors,____ Match,-14.53125,2,2token,not_valid_noun
mirrors,____ ?,-14.53125,2,2token,not_valid_noun
mirrors,____________ Match,-14.53125,2,2token,not_valid_noun
mirrors,____________ ______,-14.53125,2,2token,not_valid_noun
mirrors,____________ _________,-14.53125,2,2token,not_valid_noun
mirrors,____________ fruit,-14.53125,2,2token,not_valid_noun
mirrors,____________ Use,-14.53125,2,2token,not_valid_noun
mirrors,____________ ?,-14.53125,2,2token,not_valid_noun
mirrors,__ -,-14.53125,2,2token,not_valid_noun
mirrors,__ of,-14.53125,2,2token,not_valid_noun
mirrors,flat non,-14.53125,2,2token,incomplete_phrase
mirrors,__,-14.53125,2,2token,not_valid_noun
mirrors,plastic or,-14.53125,2,2token,incomplete_phrase
mirrors,furniture A,-14.53125,2,2token,incomplete_phrase
mirrors,furniture is,-14.53125,2,2token,incomplete_phrase
mirrors,furniture _,-14.53125,2,2token,not_valid_noun
mirrors,accessory which,-14.53125,2,2token,incomplete_phrase
mirrors,furniture ….,-14.53125,2,2token,not_valid_noun
mirrors,plastic that,-14.53125,2,2token,incomplete_phrase
mirrors,Reflection or,-14.53125,2,2token,incomplete_phrase
mirrors,product (,-14.53125,2,2token,not_valid_noun
mirrors,__ ________,-14.53125,2,2token,not_valid_noun
mirrors,__ ______,-14.53125,2,2token,not_valid_noun
mirrors,Reflection and,-14.53125,2,2token,incomplete_phrase
mirrors,fruit .....,-14.53125,2,2token,not_valid_noun
mirrors,buildings (,-14.53125,2,2token,not_valid_noun
mirrors,weapon (,-14.53125,2,2token,not_valid_noun
mirrors,objet trouvé,-14.53125,2,2token,not_valid_noun
mirrors,____________ in,-14.53125,2,2token,not_valid_noun
mirrors,lor,-14.5625,1,single_token,not_valid_noun
mirrors,ceil,-14.5625,1,single_token,incomplete_phrase
mirrors,metres,-14.5625,1,single_token,not_valid_noun
mirrors,HOW,-14.5625,1,single_token,not_valid_noun
mirrors,[-,-14.5625,1,single_token,not_valid_noun
mirrors,tricks,-14.5625,1,single_token,not_valid_noun
mirrors,organic,-14.5625,1,single_token,incomplete_phrase
mirrors,outer,-14.5625,1,single_token,incomplete_phrase
mirrors,Sometimes,-14.5625,1,single_token,not_valid_noun
mirrors,wich,-14.5625,1,single_token,not_valid_noun
mirrors,movies,-14.5625,1,single_token,not_valid_noun
mirrors,logical,-14.5625,1,single_token,not_valid_noun
mirrors,",,",-14.5625,1,single_token,not_valid_noun
mirrors,nails,-14.5625,1,single_token,not_valid_noun
mirrors,eye for,-14.5625,2,2token,incomplete_phrase
mirrors,coats,-14.5625,1,single_token,not_valid_noun
mirrors,asia,-14.5625,1,single_token,not_valid_noun
mirrors,\[,-14.5625,1,single_token,not_valid_noun
mirrors,unsafe,-14.5625,1,single_token,not_valid_noun
mirrors,usable,-14.5625,1,single_token,not_valid_noun
mirrors,Uses,-14.5625,1,single_token,not_valid_noun
mirrors,flashing,-14.5625,1,single_token,incomplete_phrase
mirrors,kitchen .,-14.5625,2,2token,not_valid_noun
mirrors,Kale,-14.5625,1,single_token,incomplete_phrase
mirrors,Everyday,-14.5625,1,single_token,incomplete_phrase
mirrors,cellphone,-14.5625,1,single_token,not_valid_noun
mirrors,Shapes,-14.5625,1,single_token,not_valid_noun
mirrors,Ic,-14.5625,1,single_token,not_valid_noun
mirrors,suns,-14.5625,1,single_token,not_valid_noun
mirrors,phan,-14.5625,1,single_token,not_valid_noun
mirrors,!...,-14.5625,1,single_token,not_valid_noun
mirrors,animal or,-14.5625,2,2token,incomplete_phrase
mirrors,biological,-14.5625,1,single_token,not_valid_noun
mirrors,shimmering,-14.5625,1,single_token,not_valid_noun
mirrors,spoken,-14.5625,1,single_token,not_valid_noun
mirrors,animal _______,-14.5625,2,2token,not_valid_noun
mirrors,ost,-14.5625,1,single_token,not_valid_noun
mirrors,Pen,-14.5625,1,single_token,not_valid_noun
mirrors,pm,-14.5625,1,single_token,not_valid_noun
mirrors,face Complete,-14.5625,2,2token,not_valid_noun
mirrors,face (,-14.5625,2,2token,not_valid_noun
mirrors,ax,-14.5625,1,single_token,not_valid_noun
mirrors,technology which,-14.5625,2,2token,incomplete_phrase
mirrors,toy that,-14.5625,2,2token,incomplete_phrase
mirrors,ch,-14.5625,1,single_token,not_valid_noun
mirrors,Hi,-14.5625,1,single_token,not_valid_noun
mirrors,ham,-14.5625,1,single_token,not_valid_noun
mirrors,substance to,-14.5625,2,2token,incomplete_phrase
mirrors,True,-14.5625,1,single_token,incomplete_phrase
mirrors,($,-14.5625,1,single_token,not_valid_noun
mirrors,represent,-14.5625,1,single_token,not_valid_noun
mirrors,But,-14.5625,1,single_token,not_valid_noun
mirrors,>,-14.5625,1,single_token,not_valid_noun
mirrors,co,-14.5625,1,single_token,not_valid_noun
mirrors,А,-14.5625,1,single_token,not_valid_noun
mirrors,What part,-14.5625,2,2token,not_valid_noun
mirrors,things are,-14.5625,2,2token,incomplete_phrase
mirrors,...... I,-14.5625,2,2token,not_valid_noun
mirrors,...... mirror,-14.5625,2,2token,not_valid_noun
mirrors,eye catching,-14.5625,2,2token,incomplete_phrase
mirrors,things _______,-14.5625,2,2token,not_valid_noun
mirrors,What Are,-14.5625,2,2token,not_valid_noun
mirrors,paper ....,-14.5625,2,2token,not_valid_noun
mirrors,geographical,-14.5625,1,single_token,not_valid_noun
mirrors,Unlike,-14.5625,1,single_token,not_valid_noun
mirrors,studies,-14.5625,1,single_token,not_valid_noun
mirrors,Like,-14.5625,1,single_token,incomplete_phrase
mirrors,dim,-14.5625,1,single_token,not_valid_noun
mirrors,sau,-14.5625,1,single_token,not_valid_noun
mirrors,[',-14.5625,1,single_token,not_valid_noun
mirrors,cub,-14.5625,1,single_token,incomplete_phrase
mirrors,mistakes,-14.5625,1,single_token,not_valid_noun
mirrors,sentence,-14.5625,1,single_token,not_valid_noun
mirrors,technologies,-14.5625,1,single_token,not_valid_noun
mirrors,gadget complete,-14.5625,2,2token,not_valid_noun
mirrors,gadget in,-14.5625,2,2token,incomplete_phrase
mirrors,substance in,-14.5625,2,2token,incomplete_phrase
mirrors,technology ...,-14.5625,2,2token,not_valid_noun
mirrors,Decorating,-14.5625,1,single_token,not_valid_noun
mirrors,Oh,-14.5625,1,single_token,not_valid_noun
mirrors,Met,-14.5625,1,single_token,not_valid_noun
mirrors,room for,-14.5625,2,2token,incomplete_phrase
mirrors,reflect of,-14.5625,2,2token,not_valid_noun
mirrors,objects,-14.59375,2,2token,not_valid_noun
mirrors,________ :,-14.59375,2,2token,not_valid_noun
mirrors,decoration because,-14.59375,2,2token,incomplete_phrase
mirrors,objects ..,-14.59375,2,2token,not_valid_noun
mirrors,decoration with,-14.59375,2,2token,incomplete_phrase
mirrors,___________ COMPLETE,-14.59375,2,2token,not_valid_noun
mirrors,___________ or,-14.59375,2,2token,not_valid_noun
mirrors,decoration /,-14.59375,2,2token,not_valid_noun
mirrors,decoration Use,-14.59375,2,2token,incomplete_phrase
mirrors,decoration Read,-14.59375,2,2token,not_valid_noun
mirrors,decoration Full,-14.59375,2,2token,incomplete_phrase
mirrors,___________ Which,-14.59375,2,2token,not_valid_noun
mirrors,appliance Fill,-14.59375,2,2token,not_valid_noun
mirrors,________ [,-14.59375,2,2token,not_valid_noun
mirrors,glasses with,-14.59375,2,2token,incomplete_phrase
mirrors,[ BLANK,-14.59375,2,2token,not_valid_noun
mirrors,plane ...,-14.59375,2,2token,not_valid_noun
mirrors,( i,-14.59375,2,2token,not_valid_noun
mirrors,( (,-14.59375,2,2token,not_valid_noun
mirrors,( /,-14.59375,2,2token,not_valid_noun
mirrors,element used,-14.59375,2,2token,incomplete_phrase
mirrors,television (,-14.59375,2,2token,not_valid_noun
mirrors,decorative ________,-14.59375,2,2token,not_valid_noun
mirrors,( ___________,-14.59375,2,2token,not_valid_noun
mirrors,"( ,",-14.59375,2,2token,not_valid_noun
mirrors,water _____,-14.59375,2,2token,not_valid_noun
mirrors,Windows and,-14.59375,2,2token,incomplete_phrase
mirrors,lamp _______,-14.59375,2,2token,not_valid_noun
mirrors,( Choose,-14.59375,2,2token,not_valid_noun
mirrors,[ _,-14.59375,2,2token,not_valid_noun
mirrors,blank The,-14.59375,2,2token,incomplete_phrase
mirrors,lighting and,-14.59375,2,2token,incomplete_phrase
mirrors,transparent shiny,-14.59375,2,2token,not_valid_noun
mirrors,equipment Answer,-14.59375,2,2token,not_valid_noun
mirrors,wall _______,-14.59375,2,2token,not_valid_noun
mirrors,equipment -,-14.59375,2,2token,incomplete_phrase
mirrors,equipment _____,-14.59375,2,2token,not_valid_noun
mirrors,decoration Item,-14.59375,2,2token,incomplete_phrase
mirrors,decoration .....,-14.59375,2,2token,not_valid_noun
mirrors,tools _____,-14.59375,2,2token,not_valid_noun
mirrors,skin in,-14.59375,2,2token,incomplete_phrase
mirrors,skin of,-14.59375,2,2token,incomplete_phrase
mirrors,art which,-14.59375,2,2token,incomplete_phrase
mirrors,machine ________,-14.59375,2,2token,not_valid_noun
mirrors,hard mater,-14.625,2,2token,incomplete_phrase
mirrors,non reflective,-14.625,2,2token,not_valid_noun
mirrors,-,-14.625,2,2token,not_valid_noun
mirrors,- is,-14.625,2,2token,not_valid_noun
mirrors,€.,-14.625,1,single_token,not_valid_noun
mirrors,glittering,-14.625,1,single_token,not_valid_noun
mirrors,Although,-14.625,1,single_token,not_valid_noun
mirrors,Pot,-14.625,1,single_token,not_valid_noun
mirrors,lif,-14.625,1,single_token,incomplete_phrase
mirrors,impossible,-14.625,1,single_token,incomplete_phrase
mirrors,neither,-14.625,1,single_token,not_valid_noun
mirrors,bags,-14.625,1,single_token,not_valid_noun
mirrors,reliable,-14.625,1,single_token,not_valid_noun
mirrors,everywhere,-14.625,1,single_token,not_valid_noun
mirrors,bent,-14.625,1,single_token,incomplete_phrase
mirrors,fles,-14.625,1,single_token,not_valid_noun
mirrors,silent,-14.625,1,single_token,not_valid_noun
mirrors,en,-14.625,1,single_token,not_valid_noun
mirrors,et,-14.625,1,single_token,not_valid_noun
mirrors,prod,-14.625,1,single_token,incomplete_phrase
mirrors,bian,-14.625,1,single_token,not_valid_noun
mirrors,nt,-14.625,1,single_token,not_valid_noun
mirrors,billi,-14.625,1,single_token,not_valid_noun
mirrors,Classification,-14.625,1,single_token,incomplete_phrase
mirrors,tp,-14.625,1,single_token,not_valid_noun
mirrors,sliding,-14.625,1,single_token,not_valid_noun
mirrors,elem,-14.625,1,single_token,not_valid_noun
mirrors,chal,-14.625,1,single_token,incomplete_phrase
mirrors,fabrics,-14.625,1,single_token,not_valid_noun
mirrors,﻿,-14.625,1,single_token,not_valid_noun
mirrors,worksheet,-14.625,1,single_token,not_valid_noun
mirrors,cling,-14.625,1,single_token,incomplete_phrase
mirrors,(;,-14.625,1,single_token,not_valid_noun
mirrors,amazing,-14.625,1,single_token,not_valid_noun
mirrors,Ir,-14.625,1,single_token,not_valid_noun
mirrors,lol,-14.625,1,single_token,not_valid_noun
mirrors,propo,-14.625,1,single_token,not_valid_noun
mirrors,wav,-14.625,1,single_token,not_valid_noun
mirrors,($\,-14.625,1,single_token,not_valid_noun
mirrors,sydney,-14.625,1,single_token,not_valid_noun
mirrors,handi,-14.625,1,single_token,not_valid_noun
mirrors,gemstones,-14.625,1,single_token,not_valid_noun
mirrors,-.-,-14.625,1,single_token,not_valid_noun
mirrors,Tell,-14.625,1,single_token,incomplete_phrase
mirrors,item with,-14.625,2,2token,incomplete_phrase
mirrors,item from,-14.625,2,2token,incomplete_phrase
mirrors,picture for,-14.625,2,2token,incomplete_phrase
mirrors,picture ________,-14.625,2,2token,not_valid_noun
mirrors,hardware or,-14.625,2,2token,incomplete_phrase
mirrors,image that,-14.625,2,2token,incomplete_phrase
mirrors,…. -,-14.625,2,2token,not_valid_noun
mirrors,: furniture,-14.625,2,2token,not_valid_noun
mirrors,: _____,-14.625,2,2token,not_valid_noun
mirrors,reusable,-14.625,1,single_token,not_valid_noun
mirrors,...),-14.625,1,single_token,not_valid_noun
mirrors,storytelling,-14.625,1,single_token,not_valid_noun
mirrors,visual ________,-14.625,2,2token,not_valid_noun
mirrors,visual ______,-14.625,2,2token,not_valid_noun
mirrors,shadow (,-14.625,2,2token,not_valid_noun
mirrors,what I,-14.625,2,2token,not_valid_noun
mirrors,what can,-14.625,2,2token,not_valid_noun
mirrors,sight (,-14.625,2,2token,not_valid_noun
mirrors,what else,-14.625,2,2token,not_valid_noun
mirrors,what people,-14.625,2,2token,not_valid_noun
mirrors,what material,-14.625,2,2token,not_valid_noun
mirrors,what Complete,-14.625,2,2token,not_valid_noun
mirrors,op .,-14.625,2,2token,not_valid_noun
mirrors,noun (,-14.625,2,2token,not_valid_noun
mirrors,I is,-14.625,2,2token,not_valid_noun
mirrors,fortune,-14.625,1,single_token,incomplete_phrase
mirrors,pos,-14.625,1,single_token,not_valid_noun
mirrors,ste,-14.625,1,single_token,not_valid_noun
mirrors,ca,-14.625,1,single_token,not_valid_noun
mirrors,Man,-14.625,1,single_token,incomplete_phrase
mirrors,Tra,-14.625,1,single_token,incomplete_phrase
mirrors,sus,-14.625,1,single_token,incomplete_phrase
mirrors,One,-14.625,1,single_token,incomplete_phrase
mirrors,often,-14.625,1,single_token,not_valid_noun
mirrors,ready,-14.625,1,single_token,not_valid_noun
mirrors,Form,-14.625,1,single_token,incomplete_phrase
mirrors,legal,-14.625,1,single_token,not_valid_noun
mirrors,internal,-14.625,1,single_token,not_valid_noun
mirrors,ox,-14.625,1,single_token,not_valid_noun
mirrors,sub,-14.625,1,single_token,incomplete_phrase
mirrors,pres,-14.625,1,single_token,not_valid_noun
mirrors,furniture of,-14.65625,2,2token,incomplete_phrase
mirrors,furniture by,-14.65625,2,2token,incomplete_phrase
mirrors,useful building,-14.65625,2,2token,incomplete_phrase
mirrors,useful and,-14.65625,2,2token,not_valid_noun
mirrors,furniture Item,-14.65625,2,2token,incomplete_phrase
mirrors,___________,-14.65625,2,2token,not_valid_noun
mirrors,iron (,-14.65625,2,2token,not_valid_noun
mirrors,____ Choose,-14.65625,2,2token,not_valid_noun
mirrors,useful piece,-14.65625,2,2token,incomplete_phrase
mirrors,fruit ________,-14.65625,2,2token,not_valid_noun
mirrors,fruit with,-14.65625,2,2token,incomplete_phrase
mirrors,useful in,-14.65625,2,2token,incomplete_phrase
mirrors,useful to,-14.65625,2,2token,not_valid_noun
mirrors,media to,-14.65625,2,2token,incomplete_phrase
mirrors,.....,-14.65625,2,2token,not_valid_noun
mirrors,..... You,-14.65625,2,2token,not_valid_noun
mirrors,science that,-14.65625,2,2token,incomplete_phrase
mirrors,surfaces,-14.65625,2,2token,not_valid_noun
mirrors,round flat,-14.65625,2,2token,incomplete_phrase
mirrors,artificial ...,-14.65625,2,2token,not_valid_noun
mirrors,media (,-14.65625,2,2token,not_valid_noun
mirrors,.. Find,-14.65625,2,2token,not_valid_noun
mirrors,.. Match,-14.65625,2,2token,not_valid_noun
mirrors,____________ Which,-14.65625,2,2token,not_valid_noun
mirrors,resource that,-14.65625,2,2token,incomplete_phrase
mirrors,instruments (,-14.65625,2,2token,not_valid_noun
mirrors,____ fill,-14.65625,2,2token,not_valid_noun
mirrors,____ Explain,-14.65625,2,2token,not_valid_noun
mirrors,____ Make,-14.65625,2,2token,not_valid_noun
mirrors,__ and,-14.65625,2,2token,not_valid_noun
mirrors,__ ___,-14.65625,2,2token,not_valid_noun
mirrors,craft (,-14.65625,2,2token,not_valid_noun
mirrors,Glass _____,-14.65625,2,2token,not_valid_noun
mirrors,Glass ______,-14.65625,2,2token,not_valid_noun
mirrors,ornament of,-14.65625,2,2token,incomplete_phrase
mirrors,colour (,-14.65625,2,2token,not_valid_noun
mirrors,.. Select,-14.65625,2,2token,not_valid_noun
mirrors,shine (,-14.65625,2,2token,not_valid_noun
mirrors,eye that,-14.6875,2,2token,incomplete_phrase
mirrors,hard ______,-14.6875,2,2token,not_valid_noun
mirrors,toy in,-14.6875,2,2token,incomplete_phrase
mirrors,animals (,-14.6875,2,2token,not_valid_noun
mirrors,What I,-14.6875,2,2token,not_valid_noun
mirrors,What am,-14.6875,2,2token,not_valid_noun
mirrors,What should,-14.6875,2,2token,not_valid_noun
mirrors,kitchen Ut,-14.6875,2,2token,incomplete_phrase
mirrors,stone that,-14.6875,2,2token,incomplete_phrase
mirrors,technology to,-14.6875,2,2token,incomplete_phrase
mirrors,animal ________,-14.6875,2,2token,not_valid_noun
mirrors,hard transparent,-14.6875,2,2token,not_valid_noun
mirrors,stone complete,-14.6875,2,2token,not_valid_noun
mirrors,stone used,-14.6875,2,2token,incomplete_phrase
mirrors,technology ....,-14.6875,2,2token,not_valid_noun
mirrors,an ____,-14.6875,2,2token,not_valid_noun
mirrors,things from,-14.6875,2,2token,incomplete_phrase
mirrors,sound (,-14.6875,2,2token,not_valid_noun
mirrors,magic (,-14.6875,2,2token,not_valid_noun
mirrors,What color,-14.6875,2,2token,not_valid_noun
mirrors,plant (,-14.6875,2,2token,not_valid_noun
mirrors,solid or,-14.6875,2,2token,incomplete_phrase
mirrors,invention of,-14.6875,2,2token,incomplete_phrase
mirrors,substance ...,-14.6875,2,2token,not_valid_noun
mirrors,kind a,-14.6875,2,2token,incomplete_phrase
mirrors,car ...,-14.6875,2,2token,not_valid_noun
mirrors,What the,-14.6875,2,2token,not_valid_noun
mirrors,toy ....,-14.6875,2,2token,not_valid_noun
mirrors,paint and,-14.6875,2,2token,incomplete_phrase
mirrors,domestic ________,-14.6875,2,2token,not_valid_noun
mirrors,mirrors ...,-14.6875,2,2token,not_valid_noun
mirrors,eye is,-14.6875,2,2token,incomplete_phrase
mirrors,...... fruit,-14.6875,2,2token,not_valid_noun
mirrors,an electronic,-14.6875,2,2token,not_valid_noun
mirrors,shape in,-14.6875,2,2token,incomplete_phrase
mirrors,materials in,-14.6875,2,2token,incomplete_phrase
mirrors,materials and,-14.6875,2,2token,incomplete_phrase
mirrors,eye to,-14.6875,2,2token,incomplete_phrase
mirrors,animal ____,-14.6875,2,2token,not_valid_noun
mirrors,blank ...,-14.71875,2,2token,not_valid_noun
mirrors,lens is,-14.71875,2,2token,incomplete_phrase
mirrors,appliances,-14.71875,2,2token,not_valid_noun
mirrors,lens A,-14.71875,2,2token,incomplete_phrase
mirrors,skin that,-14.71875,2,2token,incomplete_phrase
mirrors,………… (,-14.71875,2,2token,not_valid_noun
mirrors,skin beauty,-14.71875,2,2token,incomplete_phrase
mirrors,music (,-14.71875,2,2token,not_valid_noun
mirrors,________ Answer,-14.71875,2,2token,not_valid_noun
mirrors,glasses The,-14.71875,2,2token,incomplete_phrase
mirrors,glasses …,-14.71875,2,2token,not_valid_noun
mirrors,objects A,-14.71875,2,2token,not_valid_noun
mirrors,objects .....,-14.71875,2,2token,not_valid_noun
mirrors,________ Write,-14.71875,2,2token,not_valid_noun
mirrors,glasses ..,-14.71875,2,2token,not_valid_noun
mirrors,lamp ...,-14.71875,2,2token,not_valid_noun
mirrors,appliance Read,-14.71875,2,2token,not_valid_noun
mirrors,appliance COMPLETE,-14.71875,2,2token,not_valid_noun
mirrors,glasses ….,-14.71875,2,2token,not_valid_noun
mirrors,crystal or,-14.71875,2,2token,incomplete_phrase
mirrors,equipment :,-14.71875,2,2token,not_valid_noun
mirrors,equipment is,-14.71875,2,2token,incomplete_phrase
mirrors,equipment ____,-14.71875,2,2token,not_valid_noun
mirrors,equipment made,-14.71875,2,2token,incomplete_phrase
mirrors,water is,-14.71875,2,2token,incomplete_phrase
mirrors,plane or,-14.71875,2,2token,incomplete_phrase
mirrors,something which,-14.71875,2,2token,incomplete_phrase
mirrors,art ______,-14.71875,2,2token,not_valid_noun
mirrors,art made,-14.71875,2,2token,incomplete_phrase
mirrors,art -,-14.71875,2,2token,incomplete_phrase
mirrors,construction used,-14.71875,2,2token,incomplete_phrase
mirrors,lens with,-14.71875,2,2token,incomplete_phrase
mirrors,transparent ________,-14.71875,2,2token,not_valid_noun
mirrors,construction Complete,-14.71875,2,2token,not_valid_noun
mirrors,lens _,-14.71875,2,2token,not_valid_noun
mirrors,transparent reflective,-14.71875,2,2token,not_valid_noun
mirrors,liquid or,-14.71875,2,2token,incomplete_phrase
mirrors,transparent _______,-14.71875,2,2token,not_valid_noun
mirrors,tools /,-14.71875,2,2token,not_valid_noun
mirrors,reflecting _.,-14.71875,2,2token,not_valid_noun
mirrors,blank ____,-14.71875,2,2token,not_valid_noun
mirrors,machine ....,-14.71875,2,2token,not_valid_noun
mirrors,what objects,-14.71875,2,2token,not_valid_noun
mirrors,blank for,-14.71875,2,2token,not_valid_noun
mirrors,___________ _.,-14.71875,2,2token,not_valid_noun
mirrors,what -,-14.71875,2,2token,not_valid_noun
mirrors,computer (,-14.71875,2,2token,not_valid_noun
mirrors,what …,-14.71875,2,2token,not_valid_noun
mirrors,___________ object,-14.71875,2,2token,not_valid_noun
mirrors,___________ I,-14.71875,2,2token,not_valid_noun
mirrors,___________ in,-14.71875,2,2token,not_valid_noun
mirrors,blank _____,-14.71875,2,2token,not_valid_noun
mirrors,blank ______,-14.71875,2,2token,not_valid_noun
mirrors,decoration at,-14.71875,2,2token,incomplete_phrase
mirrors,blank in,-14.71875,2,2token,incomplete_phrase
mirrors,blank of,-14.71875,2,2token,not_valid_noun
mirrors,: Use,-14.75,2,2token,not_valid_noun
mirrors,: ____,-14.75,2,2token,not_valid_noun
mirrors,: equipment,-14.75,2,2token,not_valid_noun
mirrors,informative,-14.75,1,single_token,not_valid_noun
mirrors,fabri,-14.75,1,single_token,not_valid_noun
mirrors,Clear,-14.75,1,single_token,incomplete_phrase
mirrors,proy,-14.75,1,single_token,not_valid_noun
mirrors,tem,-14.75,1,single_token,not_valid_noun
mirrors,def,-14.75,1,single_token,not_valid_noun
mirrors,OF,-14.75,1,single_token,not_valid_noun
mirrors,IN,-14.75,1,single_token,not_valid_noun
mirrors,apple or,-14.75,2,2token,incomplete_phrase
mirrors,: ?,-14.75,2,2token,not_valid_noun
mirrors,Stevenson,-14.75,1,single_token,not_valid_noun
mirrors,.:,-14.75,1,single_token,not_valid_noun
mirrors,indes,-14.75,1,single_token,not_valid_noun
mirrors,constr,-14.75,1,single_token,not_valid_noun
mirrors,attra,-14.75,1,single_token,not_valid_noun
mirrors,fol,-14.75,1,single_token,not_valid_noun
mirrors,Si,-14.75,1,single_token,not_valid_noun
mirrors,Cheap,-14.75,1,single_token,not_valid_noun
mirrors,proto,-14.75,1,single_token,incomplete_phrase
mirrors,waters,-14.75,1,single_token,not_valid_noun
mirrors,cv,-14.75,1,single_token,not_valid_noun
mirrors,imag,-14.75,1,single_token,not_valid_noun
mirrors,Cer,-14.75,1,single_token,not_valid_noun
mirrors,sec,-14.75,1,single_token,incomplete_phrase
mirrors,through,-14.75,1,single_token,not_valid_noun
mirrors,: In,-14.75,2,2token,not_valid_noun
mirrors,ce,-14.75,1,single_token,not_valid_noun
mirrors,…. There,-14.75,2,2token,not_valid_noun
mirrors,told,-14.75,1,single_token,not_valid_noun
mirrors,hel,-14.75,1,single_token,not_valid_noun
mirrors,I do,-14.75,2,2token,not_valid_noun
mirrors,I n,-14.75,2,2token,not_valid_noun
mirrors,image making,-14.75,2,2token,incomplete_phrase
mirrors,refer,-14.75,1,single_token,not_valid_noun
mirrors,wa,-14.75,1,single_token,not_valid_noun
mirrors,bif,-14.75,1,single_token,not_valid_noun
mirrors,labels,-14.75,1,single_token,not_valid_noun
mirrors,pea,-14.75,1,single_token,incomplete_phrase
mirrors,Choose,-14.75,1,single_token,not_valid_noun
mirrors,cuts,-14.75,1,single_token,not_valid_noun
mirrors,tropical,-14.75,1,single_token,not_valid_noun
mirrors,dresses,-14.75,1,single_token,not_valid_noun
mirrors,I A,-14.75,2,2token,not_valid_noun
mirrors,After,-14.75,1,single_token,not_valid_noun
mirrors,School,-14.75,1,single_token,incomplete_phrase
mirrors,I What,-14.75,2,2token,not_valid_noun
mirrors,I see,-14.75,2,2token,not_valid_noun
mirrors,- in,-14.75,2,2token,not_valid_noun
mirrors,article made,-14.75,2,2token,incomplete_phrase
mirrors,article to,-14.75,2,2token,incomplete_phrase
mirrors,,-14.75,1,single_token,not_valid_noun
mirrors,OC,-14.75,1,single_token,not_valid_noun
mirrors,aa,-14.75,1,single_token,not_valid_noun
mirrors,scary,-14.75,1,single_token,not_valid_noun
mirrors,I Use,-14.75,2,2token,not_valid_noun
mirrors,observational,-14.75,1,single_token,not_valid_noun
mirrors,mythical,-14.75,1,single_token,not_valid_noun
mirrors,medias,-14.75,1,single_token,not_valid_noun
mirrors,uni,-14.75,1,single_token,not_valid_noun
mirrors,Pre,-14.75,1,single_token,incomplete_phrase
mirrors,mis,-14.75,1,single_token,not_valid_noun
mirrors,- metal,-14.75,2,2token,not_valid_noun
mirrors,- /,-14.75,2,2token,not_valid_noun
mirrors,- are,-14.75,2,2token,not_valid_noun
mirrors,($),-14.75,1,single_token,not_valid_noun
mirrors,needless,-14.75,1,single_token,not_valid_noun
mirrors,item or,-14.75,2,2token,incomplete_phrase
mirrors,- ____________,-14.75,2,2token,not_valid_noun
mirrors,- equipment,-14.75,2,2token,not_valid_noun
mirrors,=>,-14.75,1,single_token,not_valid_noun
mirrors,tr,-14.75,1,single_token,not_valid_noun
mirrors,dis,-14.75,1,single_token,incomplete_phrase
mirrors,was,-14.75,1,single_token,not_valid_noun
mirrors,item we,-14.75,2,2token,incomplete_phrase
mirrors,❓,-14.75,1,single_token,not_valid_noun
mirrors,miro,-14.75,1,single_token,incomplete_phrase
mirrors,"[,",-14.75,1,single_token,not_valid_noun
mirrors,shat,-14.75,1,single_token,incomplete_phrase
mirrors,cans,-14.75,1,single_token,not_valid_noun
mirrors,sensible,-14.75,1,single_token,not_valid_noun
mirrors,defining,-14.75,1,single_token,not_valid_noun
mirrors,informat,-14.75,1,single_token,incomplete_phrase
mirrors,spac,-14.75,1,single_token,not_valid_noun
mirrors,wonders,-14.75,1,single_token,not_valid_noun
mirrors,fractions,-14.75,1,single_token,not_valid_noun
mirrors,______,-14.78125,2,2token,not_valid_noun
mirrors,____ mirror,-14.78125,2,2token,not_valid_noun
mirrors,____ Material,-14.78125,2,2token,not_valid_noun
mirrors,____ __,-14.78125,2,2token,not_valid_noun
mirrors,____ food,-14.78125,2,2token,not_valid_noun
mirrors,stone in,-14.78125,2,2token,incomplete_phrase
mirrors,stone and,-14.78125,2,2token,incomplete_phrase
mirrors,____ are,-14.78125,2,2token,not_valid_noun
mirrors,Glass ____,-14.78125,2,2token,not_valid_noun
mirrors,food or,-14.78125,2,2token,incomplete_phrase
mirrors,eyes and,-14.78125,2,2token,incomplete_phrase
mirrors,Reflection ________,-14.78125,2,2token,not_valid_noun
mirrors,__ _____,-14.78125,2,2token,not_valid_noun
mirrors,food in,-14.78125,2,2token,incomplete_phrase
mirrors,…… ..,-14.78125,2,2token,not_valid_noun
mirrors,device Use,-14.78125,2,2token,incomplete_phrase
mirrors,device Used,-14.78125,2,2token,incomplete_phrase
mirrors,this ________,-14.78125,2,2token,not_valid_noun
mirrors,food complete,-14.78125,2,2token,not_valid_noun
mirrors,accessory used,-14.78125,2,2token,incomplete_phrase
mirrors,op,-14.78125,2,2token,not_valid_noun
mirrors,surfaces for,-14.78125,2,2token,incomplete_phrase
mirrors,round or,-14.78125,2,2token,incomplete_phrase
mirrors,resource (,-14.78125,2,2token,not_valid_noun
mirrors,____________ are,-14.78125,2,2token,not_valid_noun
mirrors,____________ Correct,-14.78125,2,2token,not_valid_noun
mirrors,____________ food,-14.78125,2,2token,not_valid_noun
mirrors,____________ ...,-14.78125,2,2token,not_valid_noun
mirrors,____________ because,-14.78125,2,2token,not_valid_noun
mirrors,____________ Answer,-14.78125,2,2token,not_valid_noun
mirrors,____________ Find,-14.78125,2,2token,not_valid_noun
mirrors,Glass -,-14.78125,2,2token,incomplete_phrase
mirrors,Glass The,-14.78125,2,2token,incomplete_phrase
mirrors,objet ____________,-14.78125,2,2token,not_valid_noun
mirrors,weapon of,-14.78125,2,2token,incomplete_phrase
mirrors,.. -,-14.78125,2,2token,not_valid_noun
mirrors,.. mirrors,-14.78125,2,2token,not_valid_noun
mirrors,..... COMPLETE,-14.78125,2,2token,not_valid_noun
mirrors,..... An,-14.78125,2,2token,not_valid_noun
mirrors,..... Find,-14.78125,2,2token,not_valid_noun
mirrors,..... ____,-14.78125,2,2token,not_valid_noun
mirrors,..... ______,-14.78125,2,2token,not_valid_noun
mirrors,..... _____,-14.78125,2,2token,not_valid_noun
mirrors,walls,-14.78125,2,2token,not_valid_noun
mirrors,..... of,-14.78125,2,2token,not_valid_noun
mirrors,paint ....,-14.78125,2,2token,not_valid_noun
mirrors,toy ________,-14.78125,2,2token,not_valid_noun
mirrors,toy or,-14.78125,2,2token,incomplete_phrase
mirrors,fruit are,-14.78125,2,2token,incomplete_phrase
mirrors,plastic ...,-14.78125,2,2token,not_valid_noun
mirrors,furniture ......,-14.78125,2,2token,not_valid_noun
mirrors,furniture Comple,-14.78125,2,2token,incomplete_phrase
mirrors,furniture [,-14.78125,2,2token,not_valid_noun
mirrors,Rec,-14.8125,1,single_token,not_valid_noun
mirrors,-->,-14.8125,1,single_token,not_valid_noun
mirrors,learn,-14.8125,1,single_token,not_valid_noun
mirrors,au,-14.8125,1,single_token,not_valid_noun
mirrors,du,-14.8125,1,single_token,not_valid_noun
mirrors,Q,-14.8125,1,single_token,not_valid_noun
mirrors,said,-14.8125,1,single_token,not_valid_noun
mirrors,xx,-14.8125,1,single_token,not_valid_noun
mirrors,Time,-14.8125,1,single_token,incomplete_phrase
mirrors,fast,-14.8125,1,single_token,incomplete_phrase
mirrors,tan,-14.8125,1,single_token,incomplete_phrase
mirrors,South,-14.8125,1,single_token,incomplete_phrase
mirrors,PE,-14.8125,1,single_token,not_valid_noun
mirrors,spaces,-14.8125,1,single_token,not_valid_noun
mirrors,lou,-14.8125,1,single_token,incomplete_phrase
mirrors,Asian,-14.8125,1,single_token,incomplete_phrase
mirrors,lux,-14.8125,1,single_token,incomplete_phrase
mirrors,natural ________,-14.8125,2,2token,not_valid_noun
mirrors,reflect all,-14.8125,2,2token,not_valid_noun
mirrors,nan,-14.8125,1,single_token,incomplete_phrase
mirrors,boxes,-14.8125,1,single_token,not_valid_noun
mirrors,door to,-14.8125,2,2token,incomplete_phrase
mirrors,growing,-14.8125,1,single_token,incomplete_phrase
mirrors,acces,-14.8125,1,single_token,not_valid_noun
mirrors,opp,-14.8125,1,single_token,not_valid_noun
mirrors,Py,-14.8125,1,single_token,not_valid_noun
mirrors,covered,-14.8125,1,single_token,not_valid_noun
mirrors,birthday,-14.8125,1,single_token,incomplete_phrase
mirrors,""",",-14.8125,1,single_token,not_valid_noun
mirrors,Case,-14.8125,1,single_token,incomplete_phrase
mirrors,cultural,-14.8125,1,single_token,not_valid_noun
mirrors,bulk,-14.8125,1,single_token,incomplete_phrase
mirrors,cosa,-14.8125,1,single_token,not_valid_noun
mirrors,vain,-14.8125,1,single_token,not_valid_noun
mirrors,car (,-14.8125,2,2token,not_valid_noun
mirrors,Description,-14.8125,1,single_token,incomplete_phrase
mirrors,angular,-14.8125,1,single_token,not_valid_noun
mirrors,composite,-14.8125,1,single_token,incomplete_phrase
mirrors,scre,-14.8125,1,single_token,not_valid_noun
mirrors,dead,-14.8125,1,single_token,incomplete_phrase
mirrors,global,-14.8125,1,single_token,not_valid_noun
mirrors,Day,-14.8125,1,single_token,incomplete_phrase
mirrors,fine,-14.8125,1,single_token,incomplete_phrase
mirrors,editing,-14.8125,1,single_token,not_valid_noun
mirrors,_{,-14.8125,1,single_token,not_valid_noun
mirrors,habits,-14.8125,1,single_token,not_valid_noun
mirrors,pec,-14.8125,1,single_token,not_valid_noun
mirrors,aqu,-14.8125,1,single_token,not_valid_noun
mirrors,mirrors and,-14.8125,2,2token,incomplete_phrase
mirrors,AD,-14.8125,1,single_token,not_valid_noun
mirrors,designed,-14.8125,1,single_token,not_valid_noun
mirrors,Med,-14.8125,1,single_token,not_valid_noun
mirrors,cra,-14.8125,1,single_token,not_valid_noun
mirrors,solid complete,-14.8125,2,2token,not_valid_noun
mirrors,solid because,-14.8125,2,2token,not_valid_noun
mirrors,...... mirrors,-14.8125,2,2token,not_valid_noun
mirrors,...... -,-14.8125,2,2token,not_valid_noun
mirrors,view that,-14.8125,2,2token,not_valid_noun
mirrors,plans,-14.8125,1,single_token,not_valid_noun
mirrors,entertain,-14.8125,1,single_token,not_valid_noun
mirrors,метал,-14.8125,1,single_token,not_valid_noun
mirrors,gc,-14.8125,1,single_token,not_valid_noun
mirrors,faulty,-14.8125,1,single_token,not_valid_noun
mirrors,canned,-14.8125,1,single_token,not_valid_noun
mirrors,brushed,-14.8125,1,single_token,not_valid_noun
mirrors,blu,-14.8125,1,single_token,not_valid_noun
mirrors,door Open,-14.8125,2,2token,incomplete_phrase
mirrors,paper or,-14.8125,2,2token,incomplete_phrase
mirrors,paper Read,-14.8125,2,2token,not_valid_noun
mirrors,things they,-14.8125,2,2token,incomplete_phrase
mirrors,CS,-14.8125,1,single_token,not_valid_noun
mirrors,kitchen app,-14.8125,2,2token,incomplete_phrase
mirrors,vr,-14.8125,1,single_token,not_valid_noun
mirrors,mysterious,-14.8125,1,single_token,not_valid_noun
mirrors,informal,-14.8125,1,single_token,not_valid_noun
mirrors,symmetric,-14.8125,1,single_token,not_valid_noun
mirrors,TP,-14.8125,1,single_token,not_valid_noun
mirrors,furnish,-14.8125,1,single_token,not_valid_noun
mirrors,Ancient,-14.8125,1,single_token,incomplete_phrase
mirrors,objeto,-14.8125,1,single_token,not_valid_noun
mirrors,installations,-14.8125,1,single_token,not_valid_noun
mirrors,irregular,-14.8125,1,single_token,incomplete_phrase
mirrors,scal,-14.8125,1,single_token,not_valid_noun
mirrors,Kitchen,-14.8125,1,single_token,incomplete_phrase
mirrors,tama,-14.8125,1,single_token,incomplete_phrase
mirrors,Bathroom,-14.8125,1,single_token,incomplete_phrase
mirrors,Cd,-14.8125,1,single_token,not_valid_noun
mirrors,lifes,-14.8125,1,single_token,incomplete_phrase
mirrors,eyed,-14.8125,1,single_token,not_valid_noun
mirrors,benefic,-14.8125,1,single_token,not_valid_noun
mirrors,surveying,-14.8125,1,single_token,incomplete_phrase
mirrors,eid,-14.8125,1,single_token,not_valid_noun
mirrors,tia,-14.8125,1,single_token,not_valid_noun
mirrors,ﬂ,-14.8125,1,single_token,not_valid_noun
mirrors,Objec,-14.8125,1,single_token,not_valid_noun
mirrors,kind is,-14.8125,2,2token,incomplete_phrase
mirrors,optically,-14.8125,1,single_token,not_valid_noun
mirrors,What about,-14.8125,2,2token,not_valid_noun
mirrors,What will,-14.8125,2,2token,not_valid_noun
mirrors,What,-14.8125,2,2token,not_valid_noun
mirrors,======,-14.8125,1,single_token,not_valid_noun
mirrors,beauti,-14.8125,1,single_token,incomplete_phrase
mirrors,shape and,-14.8125,2,2token,incomplete_phrase
mirrors,sinks,-14.8125,1,single_token,not_valid_noun
mirrors,kind ...,-14.8125,2,2token,not_valid_noun
mirrors,...... Answer,-14.8125,2,2token,not_valid_noun
mirrors,...... In,-14.8125,2,2token,not_valid_noun
mirrors,substance of,-14.8125,2,2token,incomplete_phrase
mirrors,an ...,-14.8125,2,2token,not_valid_noun
mirrors,prop or,-14.8125,2,2token,incomplete_phrase
mirrors,sound absorbing,-14.8125,2,2token,not_valid_noun
mirrors,American,-14.8125,1,single_token,incomplete_phrase
mirrors,ima,-14.8125,1,single_token,incomplete_phrase
mirrors,contain,-14.8125,1,single_token,not_valid_noun
mirrors,THE,-14.8125,1,single_token,not_valid_noun
mirrors,main,-14.8125,1,single_token,incomplete_phrase
mirrors,equ,-14.8125,1,single_token,not_valid_noun
mirrors,live,-14.8125,1,single_token,not_valid_noun
mirrors,That,-14.8125,1,single_token,not_valid_noun
mirrors,parti,-14.8125,1,single_token,not_valid_noun
mirrors,bec,-14.8125,1,single_token,incomplete_phrase
mirrors,open,-14.8125,1,single_token,incomplete_phrase
mirrors,clothing ...,-14.8125,2,2token,not_valid_noun
mirrors,schools,-14.8125,1,single_token,not_valid_noun
mirrors,although,-14.8125,1,single_token,not_valid_noun
mirrors,happen,-14.8125,1,single_token,not_valid_noun
mirrors,skin ...,-14.84375,2,2token,not_valid_noun
mirrors,blank -,-14.84375,2,2token,not_valid_noun
mirrors,transparent light,-14.84375,2,2token,incomplete_phrase
mirrors,lighting that,-14.84375,2,2token,incomplete_phrase
mirrors,lighting ...,-14.84375,2,2token,not_valid_noun
mirrors,animal ______,-14.84375,2,2token,not_valid_noun
mirrors,transparent hard,-14.84375,2,2token,not_valid_noun
mirrors,transparent mater,-14.84375,2,2token,incomplete_phrase
mirrors,transparent _.,-14.84375,2,2token,not_valid_noun
mirrors,property (,-14.84375,2,2token,not_valid_noun
mirrors,machine of,-14.84375,2,2token,incomplete_phrase
mirrors,machine in,-14.84375,2,2token,incomplete_phrase
mirrors,objects they,-14.84375,2,2token,incomplete_phrase
mirrors,________ Part,-14.84375,2,2token,not_valid_noun
mirrors,glas $.,-14.84375,2,2token,not_valid_noun
mirrors,________ Which,-14.84375,2,2token,not_valid_noun
mirrors,construction of,-14.84375,2,2token,incomplete_phrase
mirrors,objects completed,-14.84375,2,2token,not_valid_noun
mirrors,objects Answer,-14.84375,2,2token,not_valid_noun
mirrors,decorative ...,-14.84375,2,2token,not_valid_noun
mirrors,clock (,-14.84375,2,2token,not_valid_noun
mirrors,wall with,-14.84375,2,2token,incomplete_phrase
mirrors,reflecting and,-14.84375,2,2token,not_valid_noun
mirrors,doors,-14.84375,2,2token,not_valid_noun
mirrors,water ___________,-14.84375,2,2token,not_valid_noun
mirrors,art ____,-14.84375,2,2token,not_valid_noun
mirrors,tools ____,-14.84375,2,2token,not_valid_noun
mirrors,___________ ​,-14.84375,2,2token,not_valid_noun
mirrors,art ________,-14.84375,2,2token,not_valid_noun
mirrors,________ for,-14.84375,2,2token,not_valid_noun
mirrors,________ Work,-14.84375,2,2token,not_valid_noun
mirrors,Windows are,-14.84375,2,2token,incomplete_phrase
mirrors,________ with,-14.84375,2,2token,not_valid_noun
mirrors,[ .,-14.84375,2,2token,not_valid_noun
mirrors,___________ that,-14.84375,2,2token,not_valid_noun
mirrors,___________ :,-14.84375,2,2token,not_valid_noun
mirrors,___________ ....,-14.84375,2,2token,not_valid_noun
mirrors,"___________ ,",-14.84375,2,2token,not_valid_noun
mirrors,wall Full,-14.84375,2,2token,incomplete_phrase
mirrors,wall to,-14.84375,2,2token,incomplete_phrase
mirrors,objects Which,-14.84375,2,2token,incomplete_phrase
mirrors,lens The,-14.84375,2,2token,incomplete_phrase
mirrors,objects ….,-14.84375,2,2token,not_valid_noun
mirrors,lens COMPLETE,-14.84375,2,2token,not_valid_noun
mirrors,equipment on,-14.84375,2,2token,incomplete_phrase
mirrors,equipment are,-14.84375,2,2token,incomplete_phrase
mirrors,equipment ..,-14.84375,2,2token,not_valid_noun
mirrors,equipment Used,-14.84375,2,2token,incomplete_phrase
mirrors,equipment .....,-14.84375,2,2token,not_valid_noun
mirrors,I hope,-14.875,2,2token,not_valid_noun
mirrors,visual _______,-14.875,2,2token,not_valid_noun
mirrors,neat,-14.875,1,single_token,not_valid_noun
mirrors,visual ____,-14.875,2,2token,not_valid_noun
mirrors,Cli,-14.875,1,single_token,incomplete_phrase
mirrors,bars,-14.875,1,single_token,not_valid_noun
mirrors,cp,-14.875,1,single_token,not_valid_noun
mirrors,atra,-14.875,1,single_token,not_valid_noun
mirrors,:(,-14.875,1,single_token,not_valid_noun
mirrors,usa,-14.875,1,single_token,not_valid_noun
mirrors,gaming,-14.875,1,single_token,incomplete_phrase
mirrors,laptop,-14.875,1,single_token,not_valid_noun
mirrors,respectively,-14.875,1,single_token,not_valid_noun
mirrors,!!,-14.875,1,single_token,not_valid_noun
mirrors,adj,-14.875,1,single_token,not_valid_noun
mirrors,levit,-14.875,1,single_token,not_valid_noun
mirrors,...',-14.875,1,single_token,not_valid_noun
mirrors,ls,-14.875,1,single_token,not_valid_noun
mirrors,Aid,-14.875,1,single_token,not_valid_noun
mirrors,ny,-14.875,1,single_token,not_valid_noun
mirrors,pra,-14.875,1,single_token,not_valid_noun
mirrors,image in,-14.875,2,2token,incomplete_phrase
mirrors,hardware and,-14.875,2,2token,incomplete_phrase
mirrors,early,-14.875,1,single_token,not_valid_noun
mirrors,pret,-14.875,1,single_token,not_valid_noun
mirrors,among,-14.875,1,single_token,not_valid_noun
mirrors,article used,-14.875,2,2token,incomplete_phrase
mirrors,article ...,-14.875,2,2token,not_valid_noun
mirrors,Photo,-14.875,1,single_token,incomplete_phrase
mirrors,staring,-14.875,1,single_token,not_valid_noun
mirrors,Imper,-14.875,1,single_token,not_valid_noun
mirrors,oui,-14.875,1,single_token,not_valid_noun
mirrors,Clas,-14.875,1,single_token,not_valid_noun
mirrors,facets,-14.875,1,single_token,not_valid_noun
mirrors,corne,-14.875,1,single_token,not_valid_noun
mirrors,ESL,-14.875,1,single_token,not_valid_noun
mirrors,before,-14.875,1,single_token,not_valid_noun
mirrors,para,-14.875,1,single_token,incomplete_phrase
mirrors,Let,-14.875,1,single_token,incomplete_phrase
mirrors,: an,-14.875,2,2token,not_valid_noun
mirrors,- and,-14.875,2,2token,not_valid_noun
mirrors,- Mirror,-14.875,2,2token,not_valid_noun
mirrors,- Blank,-14.875,2,2token,not_valid_noun
mirrors,pf,-14.875,1,single_token,not_valid_noun
mirrors,FS,-14.875,1,single_token,not_valid_noun
mirrors,sewing,-14.875,1,single_token,incomplete_phrase
mirrors,num,-14.875,1,single_token,not_valid_noun
mirrors,ze,-14.875,1,single_token,not_valid_noun
mirrors,dia,-14.875,1,single_token,not_valid_noun
mirrors,ty,-14.875,1,single_token,not_valid_noun
mirrors,Mary,-14.875,1,single_token,incomplete_phrase
mirrors,excellent,-14.875,1,single_token,not_valid_noun
mirrors,anim,-14.875,1,single_token,not_valid_noun
mirrors,: I,-14.875,2,2token,not_valid_noun
mirrors,os,-14.875,1,single_token,not_valid_noun
mirrors,little,-14.875,1,single_token,incomplete_phrase
mirrors,…. When,-14.875,2,2token,not_valid_noun
mirrors,: objects,-14.875,2,2token,not_valid_noun
mirrors,: ______,-14.875,2,2token,not_valid_noun
mirrors,: COMPLETE,-14.875,2,2token,not_valid_noun
mirrors,been,-14.875,1,single_token,not_valid_noun
mirrors,ag,-14.875,1,single_token,not_valid_noun
mirrors,piece or,-14.875,2,2token,incomplete_phrase
mirrors,…. Mirrors,-14.875,2,2token,not_valid_noun
mirrors,: science,-14.875,2,2token,not_valid_noun
mirrors,sport (,-14.875,2,2token,not_valid_noun
mirrors,…. apples,-14.875,2,2token,not_valid_noun
mirrors,…. If,-14.875,2,2token,not_valid_noun
mirrors,…. ________,-14.875,2,2token,not_valid_noun
mirrors,mineral that,-14.875,2,2token,incomplete_phrase
mirrors,…. An,-14.875,2,2token,not_valid_noun
mirrors,….,-14.875,2,2token,not_valid_noun
mirrors,reflections in,-14.875,2,2token,incomplete_phrase
mirrors,reflections (,-14.875,2,2token,not_valid_noun
mirrors,.. _,-14.90625,2,2token,not_valid_noun
mirrors,.. food,-14.90625,2,2token,not_valid_noun
mirrors,picture and,-14.90625,2,2token,incomplete_phrase
mirrors,picture _____,-14.90625,2,2token,not_valid_noun
mirrors,paint or,-14.90625,2,2token,incomplete_phrase
mirrors,shine in,-14.90625,2,2token,incomplete_phrase
mirrors,gadget and,-14.90625,2,2token,incomplete_phrase
mirrors,fruit ..,-14.90625,2,2token,not_valid_noun
mirrors,picture to,-14.90625,2,2token,incomplete_phrase
mirrors,picture Frames,-14.90625,2,2token,incomplete_phrase
mirrors,furniture you,-14.90625,2,2token,incomplete_phrase
mirrors,..... We,-14.90625,2,2token,not_valid_noun
mirrors,..... is,-14.90625,2,2token,not_valid_noun
mirrors,..... This,-14.90625,2,2token,not_valid_noun
mirrors,artificial ______,-14.90625,2,2token,not_valid_noun
mirrors,cloth to,-14.90625,2,2token,incomplete_phrase
mirrors,objet ...,-14.90625,2,2token,not_valid_noun
mirrors,cloth _______,-14.90625,2,2token,not_valid_noun
mirrors,____ :,-14.90625,2,2token,not_valid_noun
mirrors,..... How,-14.90625,2,2token,not_valid_noun
mirrors,..... There,-14.90625,2,2token,not_valid_noun
mirrors,..... Please,-14.90625,2,2token,not_valid_noun
mirrors,____ Work,-14.90625,2,2token,not_valid_noun
mirrors,____ Which,-14.90625,2,2token,not_valid_noun
mirrors,furniture are,-14.90625,2,2token,incomplete_phrase
mirrors,…… Choose,-14.90625,2,2token,not_valid_noun
mirrors,"..... ,",-14.90625,2,2token,not_valid_noun
mirrors,____ In,-14.90625,2,2token,not_valid_noun
mirrors,furniture ____________,-14.90625,2,2token,not_valid_noun
mirrors,fruit ______,-14.90625,2,2token,not_valid_noun
mirrors,fruit COMPLETE,-14.90625,2,2token,not_valid_noun
mirrors,fruit _____,-14.90625,2,2token,not_valid_noun
mirrors,fruit ?,-14.90625,2,2token,not_valid_noun
mirrors,artifact (,-14.90625,2,2token,not_valid_noun
mirrors,fruit The,-14.90625,2,2token,incomplete_phrase
mirrors,device designed,-14.90625,2,2token,incomplete_phrase
mirrors,round and,-14.90625,2,2token,not_valid_noun
mirrors,food _______,-14.90625,2,2token,not_valid_noun
mirrors,food to,-14.90625,2,2token,incomplete_phrase
mirrors,media used,-14.90625,2,2token,incomplete_phrase
mirrors,fruit Answer,-14.90625,2,2token,not_valid_noun
mirrors,fruit apples,-14.90625,2,2token,incomplete_phrase
mirrors,medicine (,-14.90625,2,2token,not_valid_noun
mirrors,iron or,-14.90625,2,2token,incomplete_phrase
mirrors,Glass Fill,-14.90625,2,2token,not_valid_noun
mirrors,Reflection ...,-14.90625,2,2token,not_valid_noun
mirrors,medicine for,-14.90625,2,2token,incomplete_phrase
mirrors,artificial or,-14.90625,2,2token,incomplete_phrase
mirrors,..... _,-14.90625,2,2token,not_valid_noun
mirrors,____ [,-14.90625,2,2token,not_valid_noun
mirrors,____ room,-14.90625,2,2token,not_valid_noun
mirrors,Glass _,-14.90625,2,2token,not_valid_noun
mirrors,____ Write,-14.90625,2,2token,not_valid_noun
mirrors,Tele,-14.9375,1,single_token,incomplete_phrase
mirrors,an important,-14.9375,2,2token,not_valid_noun
mirrors,an electrical,-14.9375,2,2token,not_valid_noun
mirrors,view to,-14.9375,2,2token,not_valid_noun
mirrors,form,-14.9375,2,2token,incomplete_phrase
mirrors,clothing complete,-14.9375,2,2token,not_valid_noun
mirrors,mirrors complete,-14.9375,2,2token,not_valid_noun
mirrors,animals complete,-14.9375,2,2token,not_valid_noun
mirrors,Sou,-14.9375,1,single_token,incomplete_phrase
mirrors,invention or,-14.9375,2,2token,incomplete_phrase
mirrors,...... ________,-14.9375,2,2token,not_valid_noun
mirrors,...... Which,-14.9375,2,2token,not_valid_noun
mirrors,...... Use,-14.9375,2,2token,not_valid_noun
mirrors,glassware and,-14.9375,2,2token,incomplete_phrase
mirrors,glassware ...,-14.9375,2,2token,not_valid_noun
mirrors,vo,-14.9375,1,single_token,not_valid_noun
mirrors,pa,-14.9375,1,single_token,not_valid_noun
mirrors,har,-14.9375,1,single_token,not_valid_noun
mirrors,Sh,-14.9375,1,single_token,not_valid_noun
mirrors,political,-14.9375,1,single_token,not_valid_noun
mirrors,£,-14.9375,1,single_token,not_valid_noun
mirrors,{(,-14.9375,1,single_token,not_valid_noun
mirrors,fata,-14.9375,1,single_token,not_valid_noun
mirrors,Periodic,-14.9375,1,single_token,incomplete_phrase
mirrors,vegetal,-14.9375,1,single_token,not_valid_noun
mirrors,Source,-14.9375,1,single_token,incomplete_phrase
mirrors,Did,-14.9375,1,single_token,not_valid_noun
mirrors,Very,-14.9375,1,single_token,not_valid_noun
mirrors,infer,-14.9375,1,single_token,not_valid_noun
mirrors,prop in,-14.9375,2,2token,incomplete_phrase
mirrors,prop for,-14.9375,2,2token,incomplete_phrase
mirrors,Fa,-14.9375,1,single_token,not_valid_noun
mirrors,lig,-14.9375,1,single_token,not_valid_noun
mirrors,shape complete,-14.9375,2,2token,not_valid_noun
mirrors,Thomas,-14.9375,1,single_token,incomplete_phrase
mirrors,exam,-14.9375,1,single_token,incomplete_phrase
mirrors,lang,-14.9375,1,single_token,not_valid_noun
mirrors,prop that,-14.9375,2,2token,incomplete_phrase
mirrors,based,-14.9375,1,single_token,not_valid_noun
mirrors,against,-14.9375,1,single_token,not_valid_noun
mirrors,avi,-14.9375,1,single_token,not_valid_noun
mirrors,voluntary,-14.9375,1,single_token,incomplete_phrase
mirrors,viewed,-14.9375,1,single_token,not_valid_noun
mirrors,phi,-14.9375,1,single_token,incomplete_phrase
mirrors,communications,-14.9375,1,single_token,not_valid_noun
mirrors,pt,-14.9375,1,single_token,not_valid_noun
mirrors,CM,-14.9375,1,single_token,not_valid_noun
mirrors,Han,-14.9375,1,single_token,incomplete_phrase
mirrors,selection,-14.9375,1,single_token,not_valid_noun
mirrors,applied,-14.9375,1,single_token,not_valid_noun
mirrors,carrying,-14.9375,1,single_token,not_valid_noun
mirrors,imagine,-14.9375,1,single_token,not_valid_noun
mirrors,MP,-14.9375,1,single_token,not_valid_noun
mirrors,an (,-14.9375,2,2token,not_valid_noun
mirrors,commer,-14.9375,1,single_token,not_valid_noun
mirrors,unique,-14.9375,1,single_token,not_valid_noun
mirrors,grow,-14.9375,1,single_token,not_valid_noun
mirrors,IS,-14.9375,1,single_token,not_valid_noun
mirrors,Goo,-14.9375,1,single_token,incomplete_phrase
mirrors,What material,-14.9375,2,2token,not_valid_noun
mirrors,Interesting,-14.9375,1,single_token,not_valid_noun
mirrors,Myth,-14.9375,1,single_token,incomplete_phrase
mirrors,triangular,-14.9375,1,single_token,not_valid_noun
mirrors,sg,-14.9375,1,single_token,not_valid_noun
mirrors,door ...,-14.9375,2,2token,not_valid_noun
mirrors,What have,-14.9375,2,2token,not_valid_noun
mirrors,xD,-14.9375,1,single_token,not_valid_noun
mirrors,ceilings,-14.9375,1,single_token,not_valid_noun
mirrors,$/,-14.9375,1,single_token,not_valid_noun
mirrors,reflect an,-14.9375,2,2token,incomplete_phrase
mirrors,reflect …,-14.9375,2,2token,not_valid_noun
mirrors,op …,-14.9375,2,2token,not_valid_noun
mirrors,paper that,-14.9375,2,2token,incomplete_phrase
mirrors,reproduce,-14.9375,1,single_token,not_valid_noun
mirrors,gm,-14.9375,1,single_token,not_valid_noun
mirrors,impo,-14.9375,1,single_token,not_valid_noun
mirrors,‌,-14.9375,1,single_token,not_valid_noun
mirrors,ferrous,-14.9375,1,single_token,not_valid_noun
mirrors,,-14.9375,1,single_token,not_valid_noun
mirrors,beaut,-14.9375,1,single_token,not_valid_noun
mirrors,videogame,-14.9375,1,single_token,not_valid_noun
mirrors,WINDOWS,-14.9375,1,single_token,not_valid_noun
mirrors,sightseeing,-14.9375,1,single_token,not_valid_noun
mirrors,lege,-14.9375,1,single_token,not_valid_noun
mirrors,decorations and,-14.9375,2,2token,incomplete_phrase
mirrors,skin on,-14.96875,2,2token,incomplete_phrase
mirrors,appliance Answer,-14.96875,2,2token,not_valid_noun
mirrors,lens are,-14.96875,2,2token,incomplete_phrase
mirrors,lens :,-14.96875,2,2token,not_valid_noun
mirrors,type (,-14.96875,2,2token,not_valid_noun
mirrors,lens Answer,-14.96875,2,2token,not_valid_noun
mirrors,technology and,-14.96875,2,2token,incomplete_phrase
mirrors,lens .....,-14.96875,2,2token,not_valid_noun
mirrors,tools you,-14.96875,2,2token,incomplete_phrase
mirrors,tools with,-14.96875,2,2token,incomplete_phrase
mirrors,objects [,-14.96875,2,2token,not_valid_noun
mirrors,objects What,-14.96875,2,2token,not_valid_noun
mirrors,[ ?,-14.96875,2,2token,not_valid_noun
mirrors,________ but,-14.96875,2,2token,not_valid_noun
mirrors,blank _.,-14.96875,2,2token,not_valid_noun
mirrors,lighting or,-14.96875,2,2token,incomplete_phrase
mirrors,blank and,-14.96875,2,2token,not_valid_noun
mirrors,blank ________,-14.96875,2,2token,not_valid_noun
mirrors,jewelry (,-14.96875,2,2token,not_valid_noun
mirrors,wall and,-14.96875,2,2token,incomplete_phrase
mirrors,glasses COMPLETE,-14.96875,2,2token,not_valid_noun
mirrors,clothes for,-14.96875,2,2token,incomplete_phrase
mirrors,clothes ...,-14.96875,2,2token,not_valid_noun
mirrors,glasses by,-14.96875,2,2token,incomplete_phrase
mirrors,glasses ......,-14.96875,2,2token,not_valid_noun
mirrors,glasses Read,-14.96875,2,2token,not_valid_noun
mirrors,glasses /,-14.96875,2,2token,not_valid_noun
mirrors,glasses [,-14.96875,2,2token,not_valid_noun
mirrors,wall What,-14.96875,2,2token,incomplete_phrase
mirrors,liquid in,-14.96875,2,2token,incomplete_phrase
mirrors,table or,-14.96875,2,2token,incomplete_phrase
mirrors,art is,-14.96875,2,2token,incomplete_phrase
mirrors,equipment [,-14.96875,2,2token,not_valid_noun
mirrors,equipment Use,-14.96875,2,2token,incomplete_phrase
mirrors,equipment …,-14.96875,2,2token,not_valid_noun
mirrors,appliance is,-14.96875,2,2token,incomplete_phrase
mirrors,appliance [,-14.96875,2,2token,not_valid_noun
mirrors,appliance ..,-14.96875,2,2token,not_valid_noun
mirrors,appliance Comple,-14.96875,2,2token,incomplete_phrase
mirrors,________ You,-14.96875,2,2token,not_valid_noun
mirrors,wall of,-14.96875,2,2token,incomplete_phrase
mirrors,substance ....,-14.96875,2,2token,not_valid_noun
mirrors,water for,-14.96875,2,2token,incomplete_phrase
mirrors,jewellery (,-14.96875,2,2token,not_valid_noun
mirrors,transparent ______,-14.96875,2,2token,not_valid_noun
mirrors,water _________,-14.96875,2,2token,not_valid_noun
mirrors,________ which,-14.96875,2,2token,not_valid_noun
mirrors,construction in,-14.96875,2,2token,incomplete_phrase
mirrors,________,-14.96875,2,2token,not_valid_noun
mirrors,animal ....,-14.96875,2,2token,not_valid_noun
mirrors,transparent ...,-14.96875,2,2token,not_valid_noun
mirrors,transparent and,-14.96875,2,2token,not_valid_noun
mirrors,construction that,-14.96875,2,2token,incomplete_phrase
mirrors,"________ ,",-14.96875,2,2token,not_valid_noun
mirrors,________ used,-14.96875,2,2token,not_valid_noun
mirrors,I cannot,-15.0,2,2token,not_valid_noun
mirrors,article which,-15.0,2,2token,incomplete_phrase
mirrors,mineral or,-15.0,2,2token,incomplete_phrase
mirrors,would,-15.0,1,single_token,not_valid_noun
mirrors,wings,-15.0,1,single_token,not_valid_noun
mirrors,create,-15.0,1,single_token,not_valid_noun
mirrors,tells,-15.0,1,single_token,not_valid_noun
mirrors,メ,-15.0,1,single_token,not_valid_noun
mirrors,vet,-15.0,1,single_token,not_valid_noun
mirrors,Und,-15.0,1,single_token,not_valid_noun
mirrors,weird,-15.0,1,single_token,incomplete_phrase
mirrors,dup,-15.0,1,single_token,incomplete_phrase
mirrors,": ,",-15.0,2,2token,not_valid_noun
mirrors,around,-15.0,1,single_token,not_valid_noun
mirrors,allow,-15.0,1,single_token,not_valid_noun
mirrors,Poly,-15.0,1,single_token,incomplete_phrase
mirrors,:,-15.0,2,2token,not_valid_noun
mirrors,shadow of,-15.0,2,2token,incomplete_phrase
mirrors,Ar,-15.0,1,single_token,not_valid_noun
mirrors,los,-15.0,1,single_token,not_valid_noun
mirrors,going,-15.0,1,single_token,incomplete_phrase
mirrors,edged,-15.0,1,single_token,not_valid_noun
mirrors,outil,-15.0,1,single_token,not_valid_noun
mirrors,IOS,-15.0,1,single_token,not_valid_noun
mirrors,retic,-15.0,1,single_token,not_valid_noun
mirrors,sided,-15.0,1,single_token,not_valid_noun
mirrors,metall,-15.0,1,single_token,not_valid_noun
mirrors,ICT,-15.0,1,single_token,not_valid_noun
mirrors,sensing,-15.0,1,single_token,not_valid_noun
mirrors,Buildings,-15.0,1,single_token,not_valid_noun
mirrors,- they,-15.0,2,2token,not_valid_noun
mirrors,noun or,-15.0,2,2token,incomplete_phrase
mirrors,Poll,-15.0,1,single_token,incomplete_phrase
mirrors,».,-15.0,1,single_token,not_valid_noun
mirrors,Ii,-15.0,1,single_token,not_valid_noun
mirrors,^^,-15.0,1,single_token,not_valid_noun
mirrors,mediums,-15.0,1,single_token,not_valid_noun
mirrors,bg,-15.0,1,single_token,not_valid_noun
mirrors,cryst,-15.0,1,single_token,not_valid_noun
mirrors,om,-15.0,1,single_token,not_valid_noun
mirrors,pav,-15.0,1,single_token,not_valid_noun
mirrors,attract,-15.0,1,single_token,not_valid_noun
mirrors,abra,-15.0,1,single_token,not_valid_noun
mirrors,bathroom (,-15.0,2,2token,not_valid_noun
mirrors,horizontal,-15.0,1,single_token,incomplete_phrase
mirrors,sight of,-15.0,2,2token,incomplete_phrase
mirrors,optional,-15.0,1,single_token,not_valid_noun
mirrors,dining,-15.0,1,single_token,incomplete_phrase
mirrors,bathroom ...,-15.0,2,2token,not_valid_noun
mirrors,item ...,-15.0,2,2token,not_valid_noun
mirrors,noun that,-15.0,2,2token,incomplete_phrase
mirrors,- material,-15.0,2,2token,not_valid_noun
mirrors,- Object,-15.0,2,2token,not_valid_noun
mirrors,apple are,-15.0,2,2token,incomplete_phrase
mirrors,…. Create,-15.0,2,2token,not_valid_noun
mirrors,reshape,-15.0,1,single_token,not_valid_noun
mirrors,Please,-15.0,1,single_token,not_valid_noun
mirrors,iam,-15.0,1,single_token,not_valid_noun
mirrors,skle,-15.0,1,single_token,not_valid_noun
mirrors,astronomical,-15.0,1,single_token,not_valid_noun
mirrors,gazing,-15.0,1,single_token,not_valid_noun
mirrors,…. apple,-15.0,2,2token,not_valid_noun
mirrors,accessoire,-15.0,1,single_token,not_valid_noun
mirrors,sight or,-15.0,2,2token,incomplete_phrase
mirrors,receptacles,-15.0,1,single_token,not_valid_noun
mirrors,complex,-15.0,1,single_token,incomplete_phrase
mirrors,pany,-15.0,1,single_token,not_valid_noun
mirrors,reflections on,-15.0,2,2token,incomplete_phrase
mirrors,sport complete,-15.0,2,2token,not_valid_noun
mirrors,Chinese,-15.0,1,single_token,incomplete_phrase
mirrors,Most,-15.0,1,single_token,not_valid_noun
mirrors,Ham,-15.0,1,single_token,not_valid_noun
mirrors,I could,-15.0,2,2token,not_valid_noun
mirrors,: Read,-15.0,2,2token,not_valid_noun
mirrors,: tool,-15.0,2,2token,not_valid_noun
mirrors,families,-15.0,1,single_token,not_valid_noun
mirrors,diff,-15.0,1,single_token,not_valid_noun
mirrors,creating,-15.0,1,single_token,not_valid_noun
mirrors,Lan,-15.0,1,single_token,incomplete_phrase
mirrors,glam,-15.0,1,single_token,incomplete_phrase
mirrors,光,-15.0,1,single_token,not_valid_noun
mirrors,spinning,-15.0,1,single_token,incomplete_phrase
mirrors,perce,-15.0,1,single_token,not_valid_noun
mirrors,Aux,-15.0,1,single_token,not_valid_noun
mirrors,fish (,-15.0,2,2token,not_valid_noun
mirrors,surfaces (,-15.03125,2,2token,not_valid_noun
mirrors,surfaces of,-15.03125,2,2token,incomplete_phrase
mirrors,sun ________,-15.03125,2,2token,not_valid_noun
mirrors,sun and,-15.03125,2,2token,incomplete_phrase
mirrors,________,-15.03125,2,2token,not_valid_noun
mirrors,ornament which,-15.03125,2,2token,incomplete_phrase
mirrors,Glass that,-15.03125,2,2token,incomplete_phrase
mirrors,accessory ________,-15.03125,2,2token,not_valid_noun
mirrors,accessory _______,-15.03125,2,2token,not_valid_noun
mirrors,fruit …,-15.03125,2,2token,not_valid_noun
mirrors,fruit by,-15.03125,2,2token,incomplete_phrase
mirrors,fruit the,-15.03125,2,2token,incomplete_phrase
mirrors,Reflection _______,-15.03125,2,2token,not_valid_noun
mirrors,round,-15.03125,2,2token,incomplete_phrase
mirrors,round ...,-15.03125,2,2token,not_valid_noun
mirrors,product for,-15.03125,2,2token,incomplete_phrase
mirrors,toy _______,-15.03125,2,2token,not_valid_noun
mirrors,…… Write,-15.03125,2,2token,not_valid_noun
mirrors,device Read,-15.03125,2,2token,not_valid_noun
mirrors,device [,-15.03125,2,2token,not_valid_noun
mirrors,artificial optical,-15.03125,2,2token,incomplete_phrase
mirrors,artificial ____,-15.03125,2,2token,not_valid_noun
mirrors,device _.,-15.03125,2,2token,not_valid_noun
mirrors,gadget ....,-15.03125,2,2token,not_valid_noun
mirrors,__ A,-15.03125,2,2token,not_valid_noun
mirrors,furniture In,-15.03125,2,2token,incomplete_phrase
mirrors,objet a,-15.03125,2,2token,not_valid_noun
mirrors,ornament ________,-15.03125,2,2token,not_valid_noun
mirrors,picture ____,-15.03125,2,2token,not_valid_noun
mirrors,picture which,-15.03125,2,2token,incomplete_phrase
mirrors,fabric ...,-15.03125,2,2token,not_valid_noun
mirrors,plastic ________,-15.03125,2,2token,not_valid_noun
mirrors,plastic _______,-15.03125,2,2token,not_valid_noun
mirrors,device :,-15.03125,2,2token,not_valid_noun
mirrors,objet _____,-15.03125,2,2token,not_valid_noun
mirrors,objet trouve,-15.03125,2,2token,not_valid_noun
mirrors,cloth in,-15.03125,2,2token,incomplete_phrase
mirrors,objet in,-15.03125,2,2token,incomplete_phrase
mirrors,cloth which,-15.03125,2,2token,incomplete_phrase
mirrors,.. Which,-15.03125,2,2token,not_valid_noun
mirrors,……,-15.03125,2,2token,not_valid_noun
mirrors,cloth ________,-15.03125,2,2token,not_valid_noun
mirrors,Eyes,-15.0625,1,single_token,not_valid_noun
mirrors,baked,-15.0625,1,single_token,not_valid_noun
mirrors,then,-15.0625,1,single_token,not_valid_noun
mirrors,projects,-15.0625,1,single_token,not_valid_noun
mirrors,Bad,-15.0625,1,single_token,incomplete_phrase
mirrors,imagin,-15.0625,1,single_token,not_valid_noun
mirrors,Pla,-15.0625,1,single_token,not_valid_noun
mirrors,contemporary,-15.0625,1,single_token,incomplete_phrase
mirrors,selfish,-15.0625,1,single_token,not_valid_noun
mirrors,sound reflective,-15.0625,2,2token,not_valid_noun
mirrors,Self,-15.0625,1,single_token,incomplete_phrase
mirrors,UI,-15.0625,1,single_token,not_valid_noun
mirrors,What colour,-15.0625,2,2token,not_valid_noun
mirrors,EF,-15.0625,1,single_token,not_valid_noun
mirrors,carved,-15.0625,1,single_token,not_valid_noun
mirrors,Identify,-15.0625,1,single_token,not_valid_noun
mirrors,civil,-15.0625,1,single_token,not_valid_noun
mirrors,difer,-15.0625,1,single_token,not_valid_noun
mirrors,What shape,-15.0625,2,2token,not_valid_noun
mirrors,'',-15.0625,1,single_token,not_valid_noun
mirrors,mirrors of,-15.0625,2,2token,incomplete_phrase
mirrors,clothing for,-15.0625,2,2token,incomplete_phrase
mirrors,inves,-15.0625,1,single_token,incomplete_phrase
mirrors,hard _______,-15.0625,2,2token,not_valid_noun
mirrors,medieval,-15.0625,1,single_token,not_valid_noun
mirrors,...... Match,-15.0625,2,2token,not_valid_noun
mirrors,painting or,-15.0625,2,2token,incomplete_phrase
mirrors,sk,-15.0625,1,single_token,not_valid_noun
mirrors,Ed,-15.0625,1,single_token,not_valid_noun
mirrors,chi,-15.0625,1,single_token,incomplete_phrase
mirrors,next,-15.0625,1,single_token,not_valid_noun
mirrors,follow,-15.0625,1,single_token,not_valid_noun
mirrors,changes,-15.0625,1,single_token,not_valid_noun
mirrors,III,-15.0625,1,single_token,not_valid_noun
mirrors,Ant,-15.0625,1,single_token,incomplete_phrase
mirrors,...... COMPLETE,-15.0625,2,2token,not_valid_noun
mirrors,an __,-15.0625,2,2token,not_valid_noun
mirrors,shape Fill,-15.0625,2,2token,not_valid_noun
mirrors,shape ...,-15.0625,2,2token,not_valid_noun
mirrors,wasting,-15.0625,1,single_token,incomplete_phrase
mirrors,straight,-15.0625,1,single_token,incomplete_phrase
mirrors,sn,-15.0625,1,single_token,not_valid_noun
mirrors,fans,-15.0625,1,single_token,not_valid_noun
mirrors,Hal,-15.0625,1,single_token,incomplete_phrase
mirrors,an interior,-15.0625,2,2token,incomplete_phrase
mirrors,an everyday,-15.0625,2,2token,incomplete_phrase
mirrors,an _____,-15.0625,2,2token,not_valid_noun
mirrors,an ____________,-15.0625,2,2token,not_valid_noun
mirrors,techniques,-15.0625,1,single_token,not_valid_noun
mirrors,domestic electrical,-15.0625,2,2token,incomplete_phrase
mirrors,balls,-15.0625,1,single_token,not_valid_noun
mirrors,Consumer,-15.0625,1,single_token,incomplete_phrase
mirrors,VR,-15.0625,1,single_token,not_valid_noun
mirrors,SF,-15.0625,1,single_token,not_valid_noun
mirrors,defensive,-15.0625,1,single_token,incomplete_phrase
mirrors,Definition,-15.0625,1,single_token,incomplete_phrase
mirrors,pages,-15.0625,1,single_token,not_valid_noun
mirrors,What has,-15.0625,2,2token,not_valid_noun
mirrors,natural (,-15.0625,2,2token,not_valid_noun
mirrors,natural …,-15.0625,2,2token,not_valid_noun
mirrors,natural phenomen,-15.0625,2,2token,incomplete_phrase
mirrors,glassware or,-15.0625,2,2token,incomplete_phrase
mirrors,reversible,-15.0625,1,single_token,incomplete_phrase
mirrors,door ....,-15.0625,2,2token,not_valid_noun
mirrors,mett,-15.0625,1,single_token,not_valid_noun
mirrors,✨,-15.0625,1,single_token,not_valid_noun
mirrors,ail,-15.0625,1,single_token,incomplete_phrase
mirrors,glassware ....,-15.0625,2,2token,not_valid_noun
mirrors,tive,-15.0625,1,single_token,not_valid_noun
mirrors,mathe,-15.0625,1,single_token,incomplete_phrase
mirrors,bouncing,-15.0625,1,single_token,incomplete_phrase
mirrors,woody,-15.0625,1,single_token,incomplete_phrase
mirrors,Everything,-15.0625,1,single_token,incomplete_phrase
mirrors,baking,-15.0625,1,single_token,incomplete_phrase
mirrors,Ig,-15.0625,1,single_token,not_valid_noun
mirrors,colorless,-15.0625,1,single_token,not_valid_noun
mirrors,Ihe,-15.0625,1,single_token,incomplete_phrase
mirrors,posses,-15.0625,1,single_token,not_valid_noun
mirrors,doubles,-15.0625,1,single_token,not_valid_noun
mirrors,frans,-15.0625,1,single_token,not_valid_noun
mirrors,tabl,-15.0625,1,single_token,not_valid_noun
mirrors,complementary,-15.0625,1,single_token,incomplete_phrase
mirrors,sales,-15.0625,1,single_token,not_valid_noun
mirrors,Cook,-15.0625,1,single_token,incomplete_phrase
mirrors,hour,-15.0625,1,single_token,incomplete_phrase
mirrors,face in,-15.0625,2,2token,incomplete_phrase
mirrors,materials or,-15.0625,2,2token,incomplete_phrase
mirrors,materials ...,-15.0625,2,2token,not_valid_noun
mirrors,skin -,-15.09375,2,2token,incomplete_phrase
mirrors,lens [,-15.09375,2,2token,not_valid_noun
mirrors,lens Full,-15.09375,2,2token,incomplete_phrase
mirrors,property in,-15.09375,2,2token,incomplete_phrase
mirrors,equipment Fill,-15.09375,2,2token,not_valid_noun
mirrors,transparent or,-15.09375,2,2token,incomplete_phrase
mirrors,equipment ….,-15.09375,2,2token,not_valid_noun
mirrors,type Complete,-15.09375,2,2token,not_valid_noun
mirrors,tools -,-15.09375,2,2token,not_valid_noun
mirrors,tools,-15.09375,2,2token,not_valid_noun
mirrors,………… A,-15.09375,2,2token,not_valid_noun
mirrors,what A,-15.09375,2,2token,not_valid_noun
mirrors,decorative house,-15.09375,2,2token,incomplete_phrase
mirrors,tools we,-15.09375,2,2token,incomplete_phrase
mirrors,art /,-15.09375,2,2token,not_valid_noun
mirrors,equipment by,-15.09375,2,2token,incomplete_phrase
mirrors,glasses _,-15.09375,2,2token,not_valid_noun
mirrors,equipment The,-15.09375,2,2token,incomplete_phrase
mirrors,television or,-15.09375,2,2token,incomplete_phrase
mirrors,things and,-15.09375,2,2token,incomplete_phrase
mirrors,crystal complete,-15.09375,2,2token,not_valid_noun
mirrors,element which,-15.09375,2,2token,incomplete_phrase
mirrors,element complete,-15.09375,2,2token,not_valid_noun
mirrors,things ....,-15.09375,2,2token,not_valid_noun
mirrors,crystal ...,-15.09375,2,2token,not_valid_noun
mirrors,things a,-15.09375,2,2token,incomplete_phrase
mirrors,rock (,-15.09375,2,2token,not_valid_noun
mirrors,water ....,-15.09375,2,2token,not_valid_noun
mirrors,substance and,-15.09375,2,2token,incomplete_phrase
mirrors,substance with,-15.09375,2,2token,incomplete_phrase
mirrors,Windows in,-15.09375,2,2token,incomplete_phrase
mirrors,substance _______,-15.09375,2,2token,not_valid_noun
mirrors,Windows PC,-15.09375,2,2token,not_valid_noun
mirrors,Windows on,-15.09375,2,2token,incomplete_phrase
mirrors,equipment necessary,-15.09375,2,2token,incomplete_phrase
mirrors,something in,-15.09375,2,2token,incomplete_phrase
mirrors,____________,-15.09375,2,2token,not_valid_noun
mirrors,paper _____,-15.09375,2,2token,not_valid_noun
mirrors,plate and,-15.09375,2,2token,incomplete_phrase
mirrors,paper ________,-15.09375,2,2token,not_valid_noun
mirrors,glas in,-15.09375,2,2token,incomplete_phrase
mirrors,blank that,-15.09375,2,2token,not_valid_noun
mirrors,glas $,-15.09375,2,2token,not_valid_noun
mirrors,glas Add,-15.09375,2,2token,incomplete_phrase
mirrors,blank Check,-15.09375,2,2token,incomplete_phrase
mirrors,hard …,-15.125,2,2token,not_valid_noun
mirrors,kid,-15.125,1,single_token,not_valid_noun
mirrors,uns,-15.125,1,single_token,not_valid_noun
mirrors,Old,-15.125,1,single_token,incomplete_phrase
mirrors,resist,-15.125,1,single_token,not_valid_noun
mirrors,applications,-15.125,1,single_token,not_valid_noun
mirrors,,-15.125,1,single_token,not_valid_noun
mirrors,: Create,-15.125,2,2token,not_valid_noun
mirrors,: They,-15.125,2,2token,not_valid_noun
mirrors,est,-15.125,1,single_token,not_valid_noun
mirrors,friends,-15.125,1,single_token,not_valid_noun
mirrors,hardware for,-15.125,2,2token,incomplete_phrase
mirrors,abs,-15.125,1,single_token,not_valid_noun
mirrors,bel,-15.125,1,single_token,incomplete_phrase
mirrors,igneous,-15.125,1,single_token,incomplete_phrase
mirrors,I reflect,-15.125,2,2token,not_valid_noun
mirrors,OP,-15.125,1,single_token,not_valid_noun
mirrors,facilities,-15.125,1,single_token,not_valid_noun
mirrors,: water,-15.125,2,2token,not_valid_noun
mirrors,I instrument,-15.125,2,2token,not_valid_noun
mirrors,I ray,-15.125,2,2token,not_valid_noun
mirrors,mineral ...,-15.125,2,2token,not_valid_noun
mirrors,scr,-15.125,1,single_token,not_valid_noun
mirrors,’,-15.125,1,single_token,not_valid_noun
mirrors,Cut,-15.125,1,single_token,incomplete_phrase
mirrors,industries,-15.125,1,single_token,not_valid_noun
mirrors,Coll,-15.125,1,single_token,incomplete_phrase
mirrors,extended,-15.125,1,single_token,not_valid_noun
mirrors,conce,-15.125,1,single_token,not_valid_noun
mirrors,Smart,-15.125,1,single_token,incomplete_phrase
mirrors,oor,-15.125,1,single_token,not_valid_noun
mirrors,Tran,-15.125,1,single_token,incomplete_phrase
mirrors,।,-15.125,1,single_token,not_valid_noun
mirrors,Used,-15.125,1,single_token,not_valid_noun
mirrors,curves,-15.125,1,single_token,not_valid_noun
mirrors,Leslie,-15.125,1,single_token,incomplete_phrase
mirrors,superficial,-15.125,1,single_token,not_valid_noun
mirrors,visual (,-15.125,2,2token,not_valid_noun
mirrors,article ....,-15.125,2,2token,not_valid_noun
mirrors,structural,-15.125,1,single_token,not_valid_noun
mirrors,DM,-15.125,1,single_token,not_valid_noun
mirrors,cookie,-15.125,1,single_token,not_valid_noun
mirrors,image ...,-15.125,2,2token,not_valid_noun
mirrors,bio,-15.125,1,single_token,not_valid_noun
mirrors,image or,-15.125,2,2token,incomplete_phrase
mirrors,translate,-15.125,1,single_token,not_valid_noun
mirrors,Def,-15.125,1,single_token,not_valid_noun
mirrors,br,-15.125,1,single_token,not_valid_noun
mirrors,Ac,-15.125,1,single_token,not_valid_noun
mirrors,prop ....,-15.125,2,2token,not_valid_noun
mirrors,interactive,-15.125,1,single_token,not_valid_noun
mirrors,ame,-15.125,1,single_token,incomplete_phrase
mirrors,correction,-15.125,1,single_token,not_valid_noun
mirrors,Beautiful,-15.125,1,single_token,not_valid_noun
mirrors,subst,-15.125,1,single_token,not_valid_noun
mirrors,lustre,-15.125,1,single_token,not_valid_noun
mirrors,idem,-15.125,1,single_token,not_valid_noun
mirrors,fruity,-15.125,1,single_token,not_valid_noun
mirrors,consuma,-15.125,1,single_token,not_valid_noun
mirrors,rud,-15.125,1,single_token,incomplete_phrase
mirrors,Quiz,-15.125,1,single_token,incomplete_phrase
mirrors,heavenly,-15.125,1,single_token,not_valid_noun
mirrors,Ey,-15.125,1,single_token,not_valid_noun
mirrors,ugly,-15.125,1,single_token,not_valid_noun
mirrors,Ме,-15.125,1,single_token,not_valid_noun
mirrors,bb,-15.125,1,single_token,not_valid_noun
mirrors,sust,-15.125,1,single_token,not_valid_noun
mirrors,mc,-15.125,1,single_token,not_valid_noun
mirrors,medie,-15.125,1,single_token,not_valid_noun
mirrors,(…),-15.125,1,single_token,not_valid_noun
mirrors,…. of,-15.125,2,2token,not_valid_noun
mirrors,fashionable,-15.125,1,single_token,not_valid_noun
mirrors,imperfect,-15.125,1,single_token,incomplete_phrase
mirrors,HW,-15.125,1,single_token,not_valid_noun
mirrors,accomod,-15.125,1,single_token,not_valid_noun
mirrors,stony,-15.125,1,single_token,not_valid_noun
mirrors,…. Give,-15.125,2,2token,not_valid_noun
mirrors,…. COMPLETE,-15.125,2,2token,not_valid_noun
mirrors,?-,-15.125,1,single_token,not_valid_noun
mirrors,part for,-15.125,2,2token,incomplete_phrase
mirrors,Metals,-15.125,1,single_token,not_valid_noun
mirrors,trad,-15.125,1,single_token,not_valid_noun
mirrors,illus,-15.125,1,single_token,not_valid_noun
mirrors,I the,-15.125,2,2token,not_valid_noun
mirrors,I device,-15.125,2,2token,not_valid_noun
mirrors,hard (,-15.125,2,2token,not_valid_noun
mirrors,.. Correct,-15.15625,2,2token,not_valid_noun
mirrors,.. apple,-15.15625,2,2token,not_valid_noun
mirrors,.. How,-15.15625,2,2token,not_valid_noun
mirrors,.. You,-15.15625,2,2token,not_valid_noun
mirrors,.. An,-15.15625,2,2token,not_valid_noun
mirrors,.. of,-15.15625,2,2token,not_valid_noun
mirrors,accessory -,-15.15625,2,2token,incomplete_phrase
mirrors,paint _____,-15.15625,2,2token,not_valid_noun
mirrors,this _______,-15.15625,2,2token,not_valid_noun
mirrors,artifact that,-15.15625,2,2token,incomplete_phrase
mirrors,Glass Use,-15.15625,2,2token,incomplete_phrase
mirrors,weapon in,-15.15625,2,2token,incomplete_phrase
mirrors,device is,-15.15625,2,2token,incomplete_phrase
mirrors,Reflection :,-15.15625,2,2token,not_valid_noun
mirrors,…… Read,-15.15625,2,2token,not_valid_noun
mirrors,…… food,-15.15625,2,2token,not_valid_noun
mirrors,cloth used,-15.15625,2,2token,incomplete_phrase
mirrors,__ mirror,-15.15625,2,2token,not_valid_noun
mirrors,__ fruit,-15.15625,2,2token,not_valid_noun
mirrors,craft or,-15.15625,2,2token,incomplete_phrase
mirrors,device A,-15.15625,2,2token,incomplete_phrase
mirrors,ornament _______,-15.15625,2,2token,not_valid_noun
mirrors,toy COMPLETE,-15.15625,2,2token,not_valid_noun
mirrors,resource in,-15.15625,2,2token,incomplete_phrase
mirrors,toy and,-15.15625,2,2token,incomplete_phrase
mirrors,round (,-15.15625,2,2token,not_valid_noun
mirrors,round piece,-15.15625,2,2token,incomplete_phrase
mirrors,paint for,-15.15625,2,2token,not_valid_noun
mirrors,round reflective,-15.15625,2,2token,not_valid_noun
mirrors,…… mirror,-15.15625,2,2token,not_valid_noun
mirrors,paint that,-15.15625,2,2token,incomplete_phrase
mirrors,iron and,-15.15625,2,2token,incomplete_phrase
mirrors,Reflection A,-15.15625,2,2token,incomplete_phrase
mirrors,paint in,-15.15625,2,2token,incomplete_phrase
mirrors,plastic and,-15.15625,2,2token,incomplete_phrase
mirrors,__ food,-15.15625,2,2token,not_valid_noun
mirrors,piece .,-15.15625,2,2token,not_valid_noun
mirrors,paint on,-15.15625,2,2token,not_valid_noun
mirrors,objet ______,-15.15625,2,2token,not_valid_noun
mirrors,fruit on,-15.15625,2,2token,incomplete_phrase
mirrors,ques,-15.1875,1,single_token,not_valid_noun
mirrors,keep,-15.1875,1,single_token,incomplete_phrase
mirrors,magic that,-15.1875,2,2token,incomplete_phrase
mirrors,user,-15.1875,1,single_token,incomplete_phrase
mirrors,bas,-15.1875,1,single_token,incomplete_phrase
mirrors,infra,-15.1875,1,single_token,incomplete_phrase
mirrors,sparkly,-15.1875,1,single_token,not_valid_noun
mirrors,fairytale,-15.1875,1,single_token,not_valid_noun
mirrors,fables,-15.1875,1,single_token,not_valid_noun
mirrors,vehicle to,-15.1875,2,2token,incomplete_phrase
mirrors,won,-15.1875,1,single_token,incomplete_phrase
mirrors,What kinds,-15.1875,2,2token,not_valid_noun
mirrors,Indes,-15.1875,1,single_token,not_valid_noun
mirrors,British,-15.1875,1,single_token,incomplete_phrase
mirrors,described,-15.1875,1,single_token,not_valid_noun
mirrors,${,-15.1875,1,single_token,not_valid_noun
mirrors,ger,-15.1875,1,single_token,incomplete_phrase
mirrors,wal,-15.1875,1,single_token,not_valid_noun
mirrors,getting,-15.1875,1,single_token,incomplete_phrase
mirrors,lu,-15.1875,1,single_token,not_valid_noun
mirrors,flashy,-15.1875,1,single_token,not_valid_noun
mirrors,unnatural,-15.1875,1,single_token,not_valid_noun
mirrors,FLAT,-15.1875,1,single_token,incomplete_phrase
mirrors,Sunglasses,-15.1875,1,single_token,not_valid_noun
mirrors,childrens,-15.1875,1,single_token,not_valid_noun
mirrors,...,-15.1875,1,single_token,not_valid_noun
mirrors,Cn,-15.1875,1,single_token,not_valid_noun
mirrors,persuasive,-15.1875,1,single_token,not_valid_noun
mirrors,->,-15.1875,1,single_token,not_valid_noun
mirrors,bri,-15.1875,1,single_token,not_valid_noun
mirrors,Daniel,-15.1875,1,single_token,incomplete_phrase
mirrors,Look,-15.1875,1,single_token,incomplete_phrase
mirrors,familiar,-15.1875,1,single_token,incomplete_phrase
mirrors,affect,-15.1875,1,single_token,incomplete_phrase
mirrors,except,-15.1875,1,single_token,not_valid_noun
mirrors,False,-15.1875,1,single_token,not_valid_noun
mirrors,honest,-15.1875,1,single_token,not_valid_noun
mirrors,reflect _________,-15.1875,2,2token,not_valid_noun
mirrors,coins,-15.1875,1,single_token,not_valid_noun
mirrors,spare,-15.1875,1,single_token,incomplete_phrase
mirrors,historic,-15.1875,1,single_token,not_valid_noun
mirrors,DVD,-15.1875,1,single_token,not_valid_noun
mirrors,organisation,-15.1875,1,single_token,not_valid_noun
mirrors,Perfect,-15.1875,1,single_token,incomplete_phrase
mirrors,stic,-15.1875,1,single_token,not_valid_noun
mirrors,THINGS,-15.1875,1,single_token,not_valid_noun
mirrors,eve,-15.1875,1,single_token,incomplete_phrase
mirrors,pokemon,-15.1875,1,single_token,not_valid_noun
mirrors,phenomen,-15.1875,1,single_token,not_valid_noun
mirrors,observing,-15.1875,1,single_token,not_valid_noun
mirrors,reflect _____,-15.1875,2,2token,not_valid_noun
mirrors,reflect __,-15.1875,2,2token,not_valid_noun
mirrors,reflect in,-15.1875,2,2token,incomplete_phrase
mirrors,view on,-15.1875,2,2token,not_valid_noun
mirrors,view or,-15.1875,2,2token,incomplete_phrase
mirrors,Rub,-15.1875,1,single_token,incomplete_phrase
mirrors,papers,-15.1875,1,single_token,not_valid_noun
mirrors,solid that,-15.1875,2,2token,not_valid_noun
mirrors,solid ...,-15.1875,2,2token,not_valid_noun
mirrors,...... Correct,-15.1875,2,2token,not_valid_noun
mirrors,form (,-15.1875,2,2token,not_valid_noun
mirrors,invention complete,-15.1875,2,2token,not_valid_noun
mirrors,breaks,-15.1875,1,single_token,not_valid_noun
mirrors,identical,-15.1875,1,single_token,not_valid_noun
mirrors,Amp,-15.1875,1,single_token,not_valid_noun
mirrors,Helpful,-15.1875,1,single_token,not_valid_noun
mirrors,ub,-15.1875,1,single_token,not_valid_noun
mirrors,Dul,-15.1875,1,single_token,not_valid_noun
mirrors,Constru,-15.1875,1,single_token,not_valid_noun
mirrors,shooting,-15.1875,1,single_token,incomplete_phrase
mirrors,extend,-15.1875,1,single_token,not_valid_noun
mirrors,exciting,-15.1875,1,single_token,not_valid_noun
mirrors,"',",-15.1875,1,single_token,not_valid_noun
mirrors,gad,-15.1875,1,single_token,incomplete_phrase
mirrors,cleaned,-15.1875,1,single_token,not_valid_noun
mirrors,coated,-15.1875,1,single_token,not_valid_noun
mirrors,TS,-15.1875,1,single_token,not_valid_noun
mirrors,door _______,-15.1875,2,2token,not_valid_noun
mirrors,doub,-15.1875,1,single_token,not_valid_noun
mirrors,mys,-15.1875,1,single_token,not_valid_noun
mirrors,door in,-15.1875,2,2token,incomplete_phrase
mirrors,hydro,-15.1875,1,single_token,incomplete_phrase
mirrors,symmetrical,-15.1875,1,single_token,not_valid_noun
mirrors,objected,-15.1875,1,single_token,not_valid_noun
mirrors,glassware Fill,-15.1875,2,2token,not_valid_noun
mirrors,room ________,-15.1875,2,2token,not_valid_noun
mirrors,room ...,-15.1875,2,2token,not_valid_noun
mirrors,domestic ______,-15.1875,2,2token,not_valid_noun
mirrors,wood or,-15.1875,2,2token,incomplete_phrase
mirrors,mirrors in,-15.1875,2,2token,incomplete_phrase
mirrors,decorations that,-15.1875,2,2token,incomplete_phrase
mirrors,clothing and,-15.1875,2,2token,incomplete_phrase
mirrors,don,-15.1875,1,single_token,incomplete_phrase
mirrors,reg,-15.1875,1,single_token,incomplete_phrase
mirrors,,-15.1875,1,single_token,not_valid_noun
mirrors,,-15.1875,1,single_token,not_valid_noun
mirrors,gran,-15.1875,1,single_token,not_valid_noun
mirrors,dig,-15.1875,1,single_token,incomplete_phrase
mirrors,Jan,-15.1875,1,single_token,incomplete_phrase
mirrors,sw,-15.1875,1,single_token,not_valid_noun
mirrors,cli,-15.1875,1,single_token,not_valid_noun
mirrors,lamp ________,-15.21875,2,2token,not_valid_noun
mirrors,clothes and,-15.21875,2,2token,incomplete_phrase
mirrors,what ....,-15.21875,2,2token,not_valid_noun
mirrors,water Answer,-15.21875,2,2token,not_valid_noun
mirrors,water ____________,-15.21875,2,2token,not_valid_noun
mirrors,element or,-15.21875,2,2token,incomplete_phrase
mirrors,machine and,-15.21875,2,2token,incomplete_phrase
mirrors,tools .....,-15.21875,2,2token,not_valid_noun
mirrors,tools Answer,-15.21875,2,2token,not_valid_noun
mirrors,tools Use,-15.21875,2,2token,incomplete_phrase
mirrors,tools :,-15.21875,2,2token,not_valid_noun
mirrors,………… The,-15.21875,2,2token,not_valid_noun
mirrors,crystal and,-15.21875,2,2token,incomplete_phrase
mirrors,glasses _________,-15.21875,2,2token,not_valid_noun
mirrors,tools ….,-15.21875,2,2token,not_valid_noun
mirrors,crystal Clear,-15.21875,2,2token,incomplete_phrase
mirrors,vegetable (,-15.21875,2,2token,not_valid_noun
mirrors,appliance _.,-15.21875,2,2token,not_valid_noun
mirrors,blank Present,-15.21875,2,2token,incomplete_phrase
mirrors,type ...,-15.21875,2,2token,not_valid_noun
mirrors,glasses ____________,-15.21875,2,2token,not_valid_noun
mirrors,construction ________,-15.21875,2,2token,not_valid_noun
mirrors,paper Clip,-15.21875,2,2token,incomplete_phrase
mirrors,lighting ________,-15.21875,2,2token,not_valid_noun
mirrors,lighting used,-15.21875,2,2token,incomplete_phrase
mirrors,paper ____,-15.21875,2,2token,not_valid_noun
mirrors,machine with,-15.21875,2,2token,incomplete_phrase
mirrors,machine -,-15.21875,2,2token,incomplete_phrase
mirrors,Windows programs,-15.21875,2,2token,not_valid_noun
mirrors,appliance you,-15.21875,2,2token,incomplete_phrase
mirrors,appliance The,-15.21875,2,2token,incomplete_phrase
mirrors,technology of,-15.21875,2,2token,incomplete_phrase
mirrors,lens Use,-15.21875,2,2token,incomplete_phrase
mirrors,lens ..,-15.21875,2,2token,not_valid_noun
mirrors,lens fruit,-15.21875,2,2token,incomplete_phrase
mirrors,things ____,-15.21875,2,2token,not_valid_noun
mirrors,things ________,-15.21875,2,2token,not_valid_noun
mirrors,lens /,-15.21875,2,2token,not_valid_noun
mirrors,lens the,-15.21875,2,2token,incomplete_phrase
mirrors,plate that,-15.21875,2,2token,incomplete_phrase
mirrors,"lens ,",-15.21875,2,2token,not_valid_noun
mirrors,liquid and,-15.21875,2,2token,incomplete_phrase
mirrors,glasses is,-15.21875,2,2token,incomplete_phrase
mirrors,glasses Full,-15.21875,2,2token,incomplete_phrase
mirrors,glasses used,-15.21875,2,2token,incomplete_phrase
mirrors,appliance ….,-15.21875,2,2token,not_valid_noun
mirrors,glasses ___________,-15.21875,2,2token,not_valid_noun
mirrors,appliance …,-15.21875,2,2token,not_valid_noun
mirrors,appliance _,-15.21875,2,2token,not_valid_noun
mirrors,natural building,-15.25,2,2token,incomplete_phrase
mirrors,I Can,-15.25,2,2token,not_valid_noun
mirrors,hard ____,-15.25,2,2token,not_valid_noun
mirrors,I wish,-15.25,2,2token,not_valid_noun
mirrors,constructive,-15.25,1,single_token,not_valid_noun
mirrors,dy,-15.25,1,single_token,not_valid_noun
mirrors,holes,-15.25,1,single_token,not_valid_noun
mirrors,commonly,-15.25,1,single_token,not_valid_noun
mirrors,Cleaning,-15.25,1,single_token,incomplete_phrase
mirrors,questi,-15.25,1,single_token,not_valid_noun
mirrors,glu,-15.25,1,single_token,not_valid_noun
mirrors,dreams,-15.25,1,single_token,not_valid_noun
mirrors,hazardous,-15.25,1,single_token,not_valid_noun
mirrors,sili,-15.25,1,single_token,not_valid_noun
mirrors,dul,-15.25,1,single_token,not_valid_noun
mirrors,multiply,-15.25,1,single_token,not_valid_noun
mirrors,travelling,-15.25,1,single_token,not_valid_noun
mirrors,american,-15.25,1,single_token,incomplete_phrase
mirrors,PART,-15.25,1,single_token,incomplete_phrase
mirrors,constructed,-15.25,1,single_token,not_valid_noun
mirrors,Harry,-15.25,1,single_token,incomplete_phrase
mirrors,mira,-15.25,1,single_token,incomplete_phrase
mirrors,sorts,-15.25,1,single_token,not_valid_noun
mirrors,Vid,-15.25,1,single_token,not_valid_noun
mirrors,slopes,-15.25,1,single_token,not_valid_noun
mirrors,Bel,-15.25,1,single_token,incomplete_phrase
mirrors,relati,-15.25,1,single_token,not_valid_noun
mirrors,hardware that,-15.25,2,2token,incomplete_phrase
mirrors,hard or,-15.25,2,2token,incomplete_phrase
mirrors,natural and,-15.25,2,2token,not_valid_noun
mirrors,☐,-15.25,1,single_token,not_valid_noun
mirrors,objectMapper,-15.25,1,single_token,not_valid_noun
mirrors,XXXX,-15.25,1,single_token,not_valid_noun
mirrors,poto,-15.25,1,single_token,not_valid_noun
mirrors,apparatus or,-15.25,2,2token,incomplete_phrase
mirrors,part or,-15.25,2,2token,incomplete_phrase
mirrors,…. Your,-15.25,2,2token,not_valid_noun
mirrors,…. the,-15.25,2,2token,not_valid_noun
mirrors,…. Do,-15.25,2,2token,not_valid_noun
mirrors,feet,-15.25,1,single_token,not_valid_noun
mirrors,mer,-15.25,1,single_token,incomplete_phrase
mirrors,due,-15.25,1,single_token,incomplete_phrase
mirrors,article /,-15.25,2,2token,not_valid_noun
mirrors,CLOTH,-15.25,1,single_token,incomplete_phrase
mirrors,appear,-15.25,1,single_token,not_valid_noun
mirrors,cry,-15.25,1,single_token,incomplete_phrase
mirrors,Lab,-15.25,1,single_token,incomplete_phrase
mirrors,external,-15.25,1,single_token,incomplete_phrase
mirrors,major,-15.25,1,single_token,incomplete_phrase
mirrors,efficient,-15.25,1,single_token,not_valid_noun
mirrors,Col,-15.25,1,single_token,incomplete_phrase
mirrors,hardware in,-15.25,2,2token,incomplete_phrase
mirrors,ihe,-15.25,1,single_token,not_valid_noun
mirrors,工具,-15.25,1,single_token,not_valid_noun
mirrors,hg,-15.25,1,single_token,not_valid_noun
mirrors,Gegenstand,-15.25,1,single_token,not_valid_noun
mirrors,flin,-15.25,1,single_token,not_valid_noun
mirrors,makeover,-15.25,1,single_token,not_valid_noun
mirrors,(-),-15.25,1,single_token,not_valid_noun
mirrors,angled,-15.25,1,single_token,not_valid_noun
mirrors,feld,-15.25,1,single_token,not_valid_noun
mirrors,ith,-15.25,1,single_token,not_valid_noun
mirrors,repairing,-15.25,1,single_token,not_valid_noun
mirrors,myths,-15.25,1,single_token,not_valid_noun
mirrors,misc,-15.25,1,single_token,not_valid_noun
mirrors,#,-15.25,1,single_token,not_valid_noun
mirrors,xy,-15.25,1,single_token,not_valid_noun
mirrors,ligh,-15.25,1,single_token,not_valid_noun
mirrors,fluids,-15.25,1,single_token,not_valid_noun
mirrors,lessons,-15.25,1,single_token,not_valid_noun
mirrors,usual,-15.25,1,single_token,not_valid_noun
mirrors,sv,-15.25,1,single_token,not_valid_noun
mirrors,Both,-15.25,1,single_token,not_valid_noun
mirrors,putting,-15.25,1,single_token,not_valid_noun
mirrors,indis,-15.25,1,single_token,not_valid_noun
mirrors,Ill,-15.25,1,single_token,incomplete_phrase
mirrors,Un,-15.25,1,single_token,not_valid_noun
mirrors,Sci,-15.25,1,single_token,not_valid_noun
mirrors,casa,-15.25,1,single_token,not_valid_noun
mirrors,located,-15.25,1,single_token,not_valid_noun
mirrors,nn,-15.25,1,single_token,not_valid_noun
mirrors,envi,-15.25,1,single_token,not_valid_noun
mirrors,creatures,-15.25,1,single_token,not_valid_noun
mirrors,unnecessary,-15.25,1,single_token,not_valid_noun
mirrors,effective,-15.25,1,single_token,not_valid_noun
mirrors,.. Explain,-15.28125,2,2token,not_valid_noun
mirrors,instruments which,-15.28125,2,2token,incomplete_phrase
mirrors,picture ....,-15.28125,2,2token,not_valid_noun
mirrors,shine a,-15.28125,2,2token,incomplete_phrase
mirrors,fruit a,-15.28125,2,2token,incomplete_phrase
mirrors,.. ________,-15.28125,2,2token,not_valid_noun
mirrors,__ Fill,-15.28125,2,2token,not_valid_noun
mirrors,__ is,-15.28125,2,2token,not_valid_noun
mirrors,__ that,-15.28125,2,2token,not_valid_noun
mirrors,__ The,-15.28125,2,2token,not_valid_noun
mirrors,__ are,-15.28125,2,2token,not_valid_noun
mirrors,fruit which,-15.28125,2,2token,incomplete_phrase
mirrors,eyes in,-15.28125,2,2token,incomplete_phrase
mirrors,eyes are,-15.28125,2,2token,incomplete_phrase
mirrors,food .....,-15.28125,2,2token,not_valid_noun
mirrors,shine ...,-15.28125,2,2token,not_valid_noun
mirrors,fruit from,-15.28125,2,2token,incomplete_phrase
mirrors,shine the,-15.28125,2,2token,incomplete_phrase
mirrors,shine and,-15.28125,2,2token,not_valid_noun
mirrors,objet which,-15.28125,2,2token,incomplete_phrase
mirrors,objet …,-15.28125,2,2token,not_valid_noun
mirrors,Reflection -,-15.28125,2,2token,incomplete_phrase
mirrors,device ___________,-15.28125,2,2token,not_valid_noun
mirrors,walls (,-15.28125,2,2token,not_valid_noun
mirrors,Glass _________,-15.28125,2,2token,not_valid_noun
mirrors,body (,-15.28125,2,2token,not_valid_noun
mirrors,body,-15.28125,2,2token,incomplete_phrase
mirrors,…… Select,-15.28125,2,2token,not_valid_noun
mirrors,…… glass,-15.28125,2,2token,not_valid_noun
mirrors,color (,-15.28125,2,2token,not_valid_noun
mirrors,weapon used,-15.28125,2,2token,incomplete_phrase
mirrors,__ in,-15.28125,2,2token,not_valid_noun
mirrors,cloth Read,-15.28125,2,2token,not_valid_noun
mirrors,device ____________,-15.28125,2,2token,not_valid_noun
mirrors,paint ______,-15.28125,2,2token,not_valid_noun
mirrors,artificial _____,-15.28125,2,2token,not_valid_noun
mirrors,sun _______,-15.28125,2,2token,not_valid_noun
mirrors,weapon for,-15.28125,2,2token,incomplete_phrase
mirrors,sun ...,-15.28125,2,2token,not_valid_noun
mirrors,weapon complete,-15.28125,2,2token,not_valid_noun
mirrors,ornament used,-15.28125,2,2token,incomplete_phrase
mirrors,this ...,-15.28125,2,2token,not_valid_noun
mirrors,product in,-15.28125,2,2token,incomplete_phrase
mirrors,device _________,-15.28125,2,2token,not_valid_noun
mirrors,.. This,-15.28125,2,2token,not_valid_noun
mirrors,.. furniture,-15.28125,2,2token,not_valid_noun
mirrors,.. There,-15.28125,2,2token,not_valid_noun
mirrors,utilities,-15.3125,1,single_token,not_valid_noun
mirrors,automotive,-15.3125,1,single_token,not_valid_noun
mirrors,scanning,-15.3125,1,single_token,incomplete_phrase
mirrors,inert,-15.3125,1,single_token,not_valid_noun
mirrors,▪,-15.3125,1,single_token,not_valid_noun
mirrors,deceive,-15.3125,1,single_token,not_valid_noun
mirrors,Ã,-15.3125,1,single_token,not_valid_noun
mirrors,mobiles,-15.3125,1,single_token,not_valid_noun
mirrors,intran,-15.3125,1,single_token,not_valid_noun
mirrors,Colours,-15.3125,1,single_token,not_valid_noun
mirrors,⇒,-15.3125,1,single_token,not_valid_noun
mirrors,★,-15.3125,1,single_token,not_valid_noun
mirrors,ks,-15.3125,1,single_token,not_valid_noun
mirrors,advertisements,-15.3125,1,single_token,not_valid_noun
mirrors,isnt,-15.3125,1,single_token,not_valid_noun
mirrors,ery,-15.3125,1,single_token,not_valid_noun
mirrors,bubbles,-15.3125,1,single_token,not_valid_noun
mirrors,Odd,-15.3125,1,single_token,not_valid_noun
mirrors,Musical,-15.3125,1,single_token,incomplete_phrase
mirrors,tl,-15.3125,1,single_token,not_valid_noun
mirrors,modelling,-15.3125,1,single_token,not_valid_noun
mirrors,peripheral,-15.3125,1,single_token,incomplete_phrase
mirrors,mn,-15.3125,1,single_token,not_valid_noun
mirrors,reuse,-15.3125,1,single_token,not_valid_noun
mirrors,destructive,-15.3125,1,single_token,not_valid_noun
mirrors,oriental,-15.3125,1,single_token,incomplete_phrase
mirrors,clothing or,-15.3125,2,2token,incomplete_phrase
mirrors,mata,-15.3125,1,single_token,not_valid_noun
mirrors,lumin,-15.3125,1,single_token,not_valid_noun
mirrors,mete,-15.3125,1,single_token,incomplete_phrase
mirrors,france,-15.3125,1,single_token,not_valid_noun
mirrors,disp,-15.3125,1,single_token,not_valid_noun
mirrors,Games,-15.3125,1,single_token,not_valid_noun
mirrors,reprodu,-15.3125,1,single_token,not_valid_noun
mirrors,Able,-15.3125,1,single_token,not_valid_noun
mirrors,tempered,-15.3125,1,single_token,not_valid_noun
mirrors,isa,-15.3125,1,single_token,not_valid_noun
mirrors,domestic _______,-15.3125,2,2token,not_valid_noun
mirrors,domestic,-15.3125,2,2token,incomplete_phrase
mirrors,ilu,-15.3125,1,single_token,not_valid_noun
mirrors,miscellaneous,-15.3125,1,single_token,not_valid_noun
mirrors,slippery,-15.3125,1,single_token,not_valid_noun
mirrors,pys,-15.3125,1,single_token,not_valid_noun
mirrors,anf,-15.3125,1,single_token,not_valid_noun
mirrors,conductive,-15.3125,1,single_token,not_valid_noun
mirrors,deciduous,-15.3125,1,single_token,not_valid_noun
mirrors,shatter,-15.3125,1,single_token,not_valid_noun
mirrors,$:,-15.3125,1,single_token,not_valid_noun
mirrors,xxxx,-15.3125,1,single_token,not_valid_noun
mirrors,Angele,-15.3125,1,single_token,not_valid_noun
mirrors,transitive,-15.3125,1,single_token,incomplete_phrase
mirrors,…”,-15.3125,1,single_token,not_valid_noun
mirrors,ofthe,-15.3125,1,single_token,incomplete_phrase
mirrors,Lenses,-15.3125,1,single_token,not_valid_noun
mirrors,peop,-15.3125,1,single_token,not_valid_noun
mirrors,obiec,-15.3125,1,single_token,not_valid_noun
mirrors,Jame,-15.3125,1,single_token,not_valid_noun
mirrors,Gadgets,-15.3125,1,single_token,not_valid_noun
mirrors,adorno,-15.3125,1,single_token,not_valid_noun
mirrors,Greek,-15.3125,1,single_token,incomplete_phrase
mirrors,keeps,-15.3125,1,single_token,not_valid_noun
mirrors,fn,-15.3125,1,single_token,not_valid_noun
mirrors,Ms,-15.3125,1,single_token,not_valid_noun
mirrors,producing,-15.3125,1,single_token,not_valid_noun
mirrors,Give,-15.3125,1,single_token,incomplete_phrase
mirrors,pend,-15.3125,1,single_token,not_valid_noun
mirrors,iii,-15.3125,1,single_token,not_valid_noun
mirrors,rings,-15.3125,1,single_token,not_valid_noun
mirrors,Close,-15.3125,1,single_token,incomplete_phrase
mirrors,−,-15.3125,1,single_token,not_valid_noun
mirrors,cooling,-15.3125,1,single_token,incomplete_phrase
mirrors,discipl,-15.3125,1,single_token,not_valid_noun
mirrors,container in,-15.3125,2,2token,incomplete_phrase
mirrors,decorations on,-15.3125,2,2token,incomplete_phrase
mirrors,complements,-15.3125,1,single_token,not_valid_noun
mirrors,slanted,-15.3125,1,single_token,not_valid_noun
mirrors,kitchen,-15.3125,2,2token,incomplete_phrase
mirrors,shape ....,-15.3125,2,2token,not_valid_noun
mirrors,Men,-15.3125,1,single_token,incomplete_phrase
mirrors,ven,-15.3125,1,single_token,not_valid_noun
mirrors,wea,-15.3125,1,single_token,incomplete_phrase
mirrors,inde,-15.3125,1,single_token,incomplete_phrase
mirrors,swe,-15.3125,1,single_token,not_valid_noun
mirrors,ah,-15.3125,1,single_token,not_valid_noun
mirrors,lin,-15.3125,1,single_token,incomplete_phrase
mirrors,Human,-15.3125,1,single_token,incomplete_phrase
mirrors,documents,-15.3125,1,single_token,not_valid_noun
mirrors,Four,-15.3125,1,single_token,incomplete_phrase
mirrors,religious,-15.3125,1,single_token,incomplete_phrase
mirrors,©,-15.3125,1,single_token,not_valid_noun
mirrors,nam,-15.3125,1,single_token,incomplete_phrase
mirrors,signs,-15.3125,1,single_token,not_valid_noun
mirrors,define,-15.3125,1,single_token,not_valid_noun
mirrors,ul,-15.3125,1,single_token,not_valid_noun
mirrors,camera (,-15.3125,2,2token,not_valid_noun
mirrors,kind kind,-15.3125,2,2token,incomplete_phrase
mirrors,kind _______,-15.3125,2,2token,not_valid_noun
mirrors,painting ...,-15.3125,2,2token,not_valid_noun
mirrors,Get,-15.3125,1,single_token,not_valid_noun
mirrors,ur,-15.3125,1,single_token,not_valid_noun
mirrors,Ang,-15.3125,1,single_token,not_valid_noun
mirrors,values,-15.3125,1,single_token,not_valid_noun
mirrors,elect,-15.3125,1,single_token,incomplete_phrase
mirrors,observ,-15.3125,1,single_token,not_valid_noun
mirrors,shown,-15.3125,1,single_token,not_valid_noun
mirrors,ple,-15.3125,1,single_token,not_valid_noun
mirrors,ut,-15.3125,1,single_token,not_valid_noun
mirrors,"""""",-15.3125,1,single_token,not_valid_noun
mirrors,models,-15.3125,1,single_token,not_valid_noun
mirrors,What to,-15.3125,2,2token,not_valid_noun
mirrors,What Do,-15.3125,2,2token,not_valid_noun
mirrors,What fruit,-15.3125,2,2token,not_valid_noun
mirrors,What mirror,-15.3125,2,2token,not_valid_noun
mirrors,vehicle used,-15.3125,2,2token,incomplete_phrase
mirrors,vehicle complete,-15.3125,2,2token,not_valid_noun
mirrors,cru,-15.3125,1,single_token,not_valid_noun
mirrors,active,-15.3125,1,single_token,incomplete_phrase
mirrors,whose,-15.3125,1,single_token,not_valid_noun
mirrors,choose,-15.3125,1,single_token,not_valid_noun
mirrors,NOT,-15.3125,1,single_token,not_valid_noun
mirrors,form Complete,-15.3125,2,2token,not_valid_noun
mirrors,...... ....,-15.3125,2,2token,not_valid_noun
mirrors,...... _______,-15.3125,2,2token,not_valid_noun
mirrors,screen or,-15.3125,2,2token,incomplete_phrase
mirrors,W,-15.3125,1,single_token,not_valid_noun
mirrors,cons,-15.3125,1,single_token,not_valid_noun
mirrors,comple,-15.3125,1,single_token,not_valid_noun
mirrors,je,-15.3125,1,single_token,not_valid_noun
mirrors,mod,-15.3125,1,single_token,incomplete_phrase
mirrors,Be,-15.3125,1,single_token,not_valid_noun
mirrors,Au,-15.3125,1,single_token,not_valid_noun
mirrors,cam,-15.3125,1,single_token,incomplete_phrase
mirrors,Not,-15.3125,1,single_token,not_valid_noun
mirrors,reflect [,-15.3125,2,2token,not_valid_noun
mirrors,dat,-15.3125,1,single_token,not_valid_noun
mirrors,arg,-15.3125,1,single_token,not_valid_noun
mirrors,lazy,-15.3125,1,single_token,not_valid_noun
mirrors,Ani,-15.3125,1,single_token,incomplete_phrase
mirrors,Claudia,-15.3125,1,single_token,incomplete_phrase
mirrors,-(,-15.3125,1,single_token,not_valid_noun
mirrors,supernatural,-15.3125,1,single_token,incomplete_phrase
mirrors,baths,-15.3125,1,single_token,not_valid_noun
mirrors,Imagin,-15.3125,1,single_token,not_valid_noun
mirrors,hides,-15.3125,1,single_token,not_valid_noun
mirrors,Fantastic,-15.3125,1,single_token,not_valid_noun
mirrors,MATERIALS,-15.3125,1,single_token,not_valid_noun
mirrors,replicate,-15.3125,1,single_token,not_valid_noun
mirrors,deadly,-15.3125,1,single_token,not_valid_noun
mirrors,：,-15.3125,1,single_token,not_valid_noun
mirrors,―,-15.3125,1,single_token,not_valid_noun
mirrors,intrinsic,-15.3125,1,single_token,not_valid_noun
mirrors,lets,-15.3125,1,single_token,not_valid_noun
mirrors,ela,-15.3125,1,single_token,not_valid_noun
mirrors,collective,-15.3125,1,single_token,incomplete_phrase
mirrors,eq,-15.3125,1,single_token,not_valid_noun
mirrors,CAS,-15.3125,1,single_token,incomplete_phrase
mirrors,Ling,-15.3125,1,single_token,incomplete_phrase
mirrors,stal,-15.3125,1,single_token,not_valid_noun
mirrors,resting,-15.3125,1,single_token,not_valid_noun
mirrors,Instr,-15.3125,1,single_token,not_valid_noun
mirrors,pict,-15.3125,1,single_token,incomplete_phrase
mirrors,Electronic,-15.3125,1,single_token,not_valid_noun
mirrors,room to,-15.3125,2,2token,incomplete_phrase
mirrors,room that,-15.3125,2,2token,incomplete_phrase
mirrors,room or,-15.3125,2,2token,incomplete_phrase
mirrors,machine ______,-15.34375,2,2token,not_valid_noun
mirrors,art _,-15.34375,2,2token,not_valid_noun
mirrors,clock ...,-15.34375,2,2token,not_valid_noun
mirrors,something ...,-15.34375,2,2token,not_valid_noun
mirrors,element for,-15.34375,2,2token,incomplete_phrase
mirrors,glassware that,-15.34375,2,2token,incomplete_phrase
mirrors,blank or,-15.34375,2,2token,incomplete_phrase
mirrors,blank Fill,-15.34375,2,2token,not_valid_noun
mirrors,blank Choose,-15.34375,2,2token,not_valid_noun
mirrors,blank [,-15.34375,2,2token,not_valid_noun
mirrors,something or,-15.34375,2,2token,incomplete_phrase
mirrors,appliance by,-15.34375,2,2token,incomplete_phrase
mirrors,appliance A,-15.34375,2,2token,incomplete_phrase
mirrors,computer ________,-15.34375,2,2token,not_valid_noun
mirrors,glasses fruit,-15.34375,2,2token,incomplete_phrase
mirrors,glas or,-15.34375,2,2token,incomplete_phrase
mirrors,glas …,-15.34375,2,2token,not_valid_noun
mirrors,glas ________,-15.34375,2,2token,not_valid_noun
mirrors,glas ______,-15.34375,2,2token,not_valid_noun
mirrors,things I,-15.34375,2,2token,incomplete_phrase
mirrors,crystal that,-15.34375,2,2token,incomplete_phrase
mirrors,clock or,-15.34375,2,2token,incomplete_phrase
mirrors,art because,-15.34375,2,2token,incomplete_phrase
mirrors,paper for,-15.34375,2,2token,incomplete_phrase
mirrors,tools Read,-15.34375,2,2token,not_valid_noun
mirrors,tools …,-15.34375,2,2token,not_valid_noun
mirrors,tools Used,-15.34375,2,2token,incomplete_phrase
mirrors,plane that,-15.34375,2,2token,incomplete_phrase
mirrors,things ______,-15.34375,2,2token,not_valid_noun
mirrors,things _____,-15.34375,2,2token,not_valid_noun
mirrors,property that,-15.34375,2,2token,incomplete_phrase
mirrors,construction ...,-15.34375,2,2token,not_valid_noun
mirrors,"glasses ,",-15.34375,2,2token,not_valid_noun
mirrors,appliance _________,-15.34375,2,2token,not_valid_noun
mirrors,appliance ......,-15.34375,2,2token,not_valid_noun
mirrors,glas _______,-15.34375,2,2token,not_valid_noun
mirrors,things complete,-15.34375,2,2token,not_valid_noun
mirrors,tools by,-15.34375,2,2token,incomplete_phrase
mirrors,paper _______,-15.34375,2,2token,not_valid_noun
mirrors,things -,-15.34375,2,2token,incomplete_phrase
mirrors,things found,-15.34375,2,2token,incomplete_phrase
mirrors,appliances (,-15.34375,2,2token,not_valid_noun
mirrors,Windows or,-15.34375,2,2token,incomplete_phrase
mirrors,what item,-15.34375,2,2token,not_valid_noun
mirrors,what the,-15.34375,2,2token,not_valid_noun
mirrors,what does,-15.34375,2,2token,not_valid_noun
mirrors,substance made,-15.34375,2,2token,incomplete_phrase
mirrors,technology _______,-15.34375,2,2token,not_valid_noun
mirrors,lamp and,-15.34375,2,2token,incomplete_phrase
mirrors,liquid complete,-15.34375,2,2token,not_valid_noun
mirrors,animal in,-15.34375,2,2token,incomplete_phrase
mirrors,technology -,-15.34375,2,2token,incomplete_phrase
mirrors,technology Fill,-15.34375,2,2token,not_valid_noun
mirrors,liquid ...,-15.34375,2,2token,not_valid_noun
mirrors,liquid used,-15.34375,2,2token,incomplete_phrase
mirrors,appliance ___________,-15.34375,2,2token,not_valid_noun
mirrors,appliance ____________,-15.34375,2,2token,not_valid_noun
mirrors,skin or,-15.34375,2,2token,incomplete_phrase
mirrors,mineral _______,-15.375,2,2token,not_valid_noun
mirrors,Sem,-15.375,1,single_token,not_valid_noun
mirrors,Bes,-15.375,1,single_token,incomplete_phrase
mirrors,Anti,-15.375,1,single_token,incomplete_phrase
mirrors,ye,-15.375,1,single_token,not_valid_noun
mirrors,powerful,-15.375,1,single_token,not_valid_noun
mirrors,Saint,-15.375,1,single_token,incomplete_phrase
mirrors,inner,-15.375,1,single_token,not_valid_noun
mirrors,changing,-15.375,1,single_token,not_valid_noun
mirrors,Sol,-15.375,1,single_token,incomplete_phrase
mirrors,gli,-15.375,1,single_token,not_valid_noun
mirrors,goals,-15.375,1,single_token,not_valid_noun
mirrors,sight for,-15.375,2,2token,incomplete_phrase
mirrors,mineral ....,-15.375,2,2token,not_valid_noun
mirrors,fish in,-15.375,2,2token,incomplete_phrase
mirrors,non –,-15.375,2,2token,not_valid_noun
mirrors,hard reflective,-15.375,2,2token,not_valid_noun
mirrors,rather,-15.375,1,single_token,not_valid_noun
mirrors,national,-15.375,1,single_token,incomplete_phrase
mirrors,article on,-15.375,2,2token,incomplete_phrase
mirrors,article ________,-15.375,2,2token,not_valid_noun
mirrors,article _______,-15.375,2,2token,not_valid_noun
mirrors,bathroom ________,-15.375,2,2token,not_valid_noun
mirrors,becomes,-15.375,1,single_token,not_valid_noun
mirrors,compared,-15.375,1,single_token,not_valid_noun
mirrors,Fruits,-15.375,1,single_token,not_valid_noun
mirrors,Quan,-15.375,1,single_token,incomplete_phrase
mirrors,wavy,-15.375,1,single_token,not_valid_noun
mirrors,sph,-15.375,1,single_token,incomplete_phrase
mirrors,drawn,-15.375,1,single_token,not_valid_noun
mirrors,sight and,-15.375,2,2token,incomplete_phrase
mirrors,Pol,-15.375,1,single_token,incomplete_phrase
mirrors,valu,-15.375,1,single_token,not_valid_noun
mirrors,reflect What,-15.375,2,2token,not_valid_noun
mirrors,~~,-15.375,1,single_token,not_valid_noun
mirrors,$__,-15.375,1,single_token,not_valid_noun
mirrors,cov,-15.375,1,single_token,not_valid_noun
mirrors,paral,-15.375,1,single_token,not_valid_noun
mirrors,$^{,-15.375,1,single_token,not_valid_noun
mirrors,compose,-15.375,1,single_token,not_valid_noun
mirrors,Correct,-15.375,1,single_token,not_valid_noun
mirrors,cor,-15.375,1,single_token,incomplete_phrase
mirrors,dist,-15.375,1,single_token,not_valid_noun
mirrors,essen,-15.375,1,single_token,not_valid_noun
mirrors,redundant,-15.375,1,single_token,not_valid_noun
mirrors,delicate,-15.375,1,single_token,not_valid_noun
mirrors,Interior,-15.375,1,single_token,incomplete_phrase
mirrors,pic,-15.375,1,single_token,incomplete_phrase
mirrors,CON,-15.375,1,single_token,incomplete_phrase
mirrors,slow,-15.375,1,single_token,not_valid_noun
mirrors,Ve,-15.375,1,single_token,not_valid_noun
mirrors,know,-15.375,1,single_token,incomplete_phrase
mirrors,dif,-15.375,1,single_token,not_valid_noun
mirrors,smith,-15.375,1,single_token,incomplete_phrase
mirrors,folded,-15.375,1,single_token,not_valid_noun
mirrors,Play,-15.375,1,single_token,incomplete_phrase
mirrors,Pal,-15.375,1,single_token,incomplete_phrase
mirrors,sat,-15.375,1,single_token,incomplete_phrase
mirrors,Val,-15.375,1,single_token,incomplete_phrase
mirrors,usually,-15.375,1,single_token,not_valid_noun
mirrors,sind,-15.375,1,single_token,incomplete_phrase
mirrors,Sam,-15.375,1,single_token,incomplete_phrase
mirrors,possible,-15.375,1,single_token,incomplete_phrase
mirrors,Ma,-15.375,1,single_token,not_valid_noun
mirrors,hidden,-15.375,1,single_token,not_valid_noun
mirrors,bir,-15.375,1,single_token,not_valid_noun
mirrors,sure,-15.375,1,single_token,not_valid_noun
mirrors,tre,-15.375,1,single_token,not_valid_noun
mirrors,fra,-15.375,1,single_token,incomplete_phrase
mirrors,poli,-15.375,1,single_token,not_valid_noun
mirrors,gre,-15.375,1,single_token,not_valid_noun
mirrors,Su,-15.375,1,single_token,not_valid_noun
mirrors,fib,-15.375,1,single_token,incomplete_phrase
mirrors,gentle,-15.375,1,single_token,not_valid_noun
mirrors,nb,-15.375,1,single_token,not_valid_noun
mirrors,Renewable,-15.375,1,single_token,not_valid_noun
mirrors,lighted,-15.375,1,single_token,not_valid_noun
mirrors,||,-15.375,1,single_token,not_valid_noun
mirrors,online,-15.375,1,single_token,not_valid_noun
mirrors,None,-15.375,1,single_token,incomplete_phrase
mirrors,CH,-15.375,1,single_token,not_valid_noun
mirrors,fabricated,-15.375,1,single_token,not_valid_noun
mirrors,clad,-15.375,1,single_token,not_valid_noun
mirrors,opti,-15.375,1,single_token,not_valid_noun
mirrors,revolving,-15.375,1,single_token,not_valid_noun
mirrors,ue,-15.375,1,single_token,not_valid_noun
mirrors,extensions,-15.375,1,single_token,not_valid_noun
mirrors,washable,-15.375,1,single_token,not_valid_noun
mirrors,smoothing,-15.375,1,single_token,not_valid_noun
mirrors,CV,-15.375,1,single_token,not_valid_noun
mirrors,ea,-15.375,1,single_token,not_valid_noun
mirrors,UT,-15.375,1,single_token,not_valid_noun
mirrors,attr,-15.375,1,single_token,not_valid_noun
mirrors,Articles,-15.375,1,single_token,not_valid_noun
mirrors,modes,-15.375,1,single_token,not_valid_noun
mirrors,sustainable,-15.375,1,single_token,not_valid_noun
mirrors,{-,-15.375,1,single_token,not_valid_noun
mirrors,applic,-15.375,1,single_token,not_valid_noun
mirrors,meters,-15.375,1,single_token,not_valid_noun
mirrors,stuck,-15.375,1,single_token,not_valid_noun
mirrors,categor,-15.375,1,single_token,not_valid_noun
mirrors,careful,-15.375,1,single_token,not_valid_noun
mirrors,Safety,-15.375,1,single_token,incomplete_phrase
mirrors,vertical,-15.375,1,single_token,incomplete_phrase
mirrors,edges,-15.375,1,single_token,not_valid_noun
mirrors,carp,-15.375,1,single_token,incomplete_phrase
mirrors,bc,-15.375,1,single_token,not_valid_noun
mirrors,dynamic,-15.375,1,single_token,incomplete_phrase
mirrors,mesure,-15.375,1,single_token,not_valid_noun
mirrors,soll,-15.375,1,single_token,not_valid_noun
mirrors,urban,-15.375,1,single_token,not_valid_noun
mirrors,keeping,-15.375,1,single_token,incomplete_phrase
mirrors,licence,-15.375,1,single_token,not_valid_noun
mirrors,solving,-15.375,1,single_token,not_valid_noun
mirrors,MET,-15.375,1,single_token,not_valid_noun
mirrors,camping,-15.375,1,single_token,not_valid_noun
mirrors,mati,-15.375,1,single_token,not_valid_noun
mirrors,distant,-15.375,1,single_token,not_valid_noun
mirrors,sisters,-15.375,1,single_token,not_valid_noun
mirrors,I _______,-15.375,2,2token,not_valid_noun
mirrors,I i,-15.375,2,2token,not_valid_noun
mirrors,I t,-15.375,2,2token,not_valid_noun
mirrors,soo,-15.375,1,single_token,not_valid_noun
mirrors,sce,-15.375,1,single_token,not_valid_noun
mirrors,dolls,-15.375,1,single_token,not_valid_noun
mirrors,OH,-15.375,1,single_token,not_valid_noun
mirrors,incorrect,-15.375,1,single_token,not_valid_noun
mirrors,meets,-15.375,1,single_token,not_valid_noun
mirrors,cb,-15.375,1,single_token,not_valid_noun
mirrors,pleasant,-15.375,1,single_token,not_valid_noun
mirrors,Samsung,-15.375,1,single_token,not_valid_noun
mirrors,!!!,-15.375,1,single_token,not_valid_noun
mirrors,natura,-15.375,1,single_token,not_valid_noun
mirrors,framed,-15.375,1,single_token,not_valid_noun
mirrors,fabulous,-15.375,1,single_token,not_valid_noun
mirrors,dific,-15.375,1,single_token,not_valid_noun
mirrors,Fru,-15.375,1,single_token,not_valid_noun
mirrors,enclosed,-15.375,1,single_token,not_valid_noun
mirrors,oto,-15.375,1,single_token,incomplete_phrase
mirrors,pn,-15.375,1,single_token,not_valid_noun
mirrors,garments,-15.375,1,single_token,not_valid_noun
mirrors,mea,-15.375,1,single_token,not_valid_noun
mirrors,Invent,-15.375,1,single_token,not_valid_noun
mirrors,ppt,-15.375,1,single_token,not_valid_noun
mirrors,aqua,-15.375,1,single_token,incomplete_phrase
mirrors,resource to,-15.40625,2,2token,incomplete_phrase
mirrors,piece ...,-15.40625,2,2token,not_valid_noun
mirrors,walls in,-15.40625,2,2token,incomplete_phrase
mirrors,piece o,-15.40625,2,2token,incomplete_phrase
mirrors,.. Are,-15.40625,2,2token,not_valid_noun
mirrors,.. Please,-15.40625,2,2token,not_valid_noun
mirrors,…… …,-15.40625,2,2token,not_valid_noun
mirrors,…… How,-15.40625,2,2token,not_valid_noun
mirrors,…… I,-15.40625,2,2token,not_valid_noun
mirrors,.. apples,-15.40625,2,2token,not_valid_noun
mirrors,.. Incomplete,-15.40625,2,2token,not_valid_noun
mirrors,food Item,-15.40625,2,2token,incomplete_phrase
mirrors,.. We,-15.40625,2,2token,not_valid_noun
mirrors,.. ....,-15.40625,2,2token,not_valid_noun
mirrors,surfaces used,-15.40625,2,2token,incomplete_phrase
mirrors,product or,-15.40625,2,2token,incomplete_phrase
mirrors,…… Make,-15.40625,2,2token,not_valid_noun
mirrors,instruments or,-15.40625,2,2token,incomplete_phrase
mirrors,surfaces to,-15.40625,2,2token,incomplete_phrase
mirrors,surfaces which,-15.40625,2,2token,incomplete_phrase
mirrors,food -,-15.40625,2,2token,incomplete_phrase
mirrors,__ I,-15.40625,2,2token,not_valid_noun
mirrors,device _,-15.40625,2,2token,not_valid_noun
mirrors,objet ___________,-15.40625,2,2token,not_valid_noun
mirrors,objet used,-15.40625,2,2token,incomplete_phrase
mirrors,stone _______,-15.40625,2,2token,not_valid_noun
mirrors,objet _.,-15.40625,2,2token,not_valid_noun
mirrors,made a,-15.40625,2,2token,incomplete_phrase
mirrors,Glass A,-15.40625,2,2token,incomplete_phrase
mirrors,plastic ....,-15.40625,2,2token,not_valid_noun
mirrors,Glass which,-15.40625,2,2token,incomplete_phrase
mirrors,craft and,-15.40625,2,2token,incomplete_phrase
mirrors,Reflection The,-15.40625,2,2token,incomplete_phrase
mirrors,paint Fill,-15.40625,2,2token,not_valid_noun
mirrors,device Which,-15.40625,2,2token,incomplete_phrase
mirrors,plastic used,-15.40625,2,2token,incomplete_phrase
mirrors,cloth -,-15.40625,2,2token,incomplete_phrase
mirrors,cloth of,-15.40625,2,2token,incomplete_phrase
mirrors,buildings and,-15.40625,2,2token,incomplete_phrase
mirrors,weapon that,-15.40625,2,2token,incomplete_phrase
mirrors,weapon to,-15.40625,2,2token,incomplete_phrase
mirrors,objet to,-15.40625,2,2token,incomplete_phrase
mirrors,ornament Fill,-15.40625,2,2token,not_valid_noun
mirrors,objet of,-15.40625,2,2token,incomplete_phrase
mirrors,matter of,-15.40625,2,2token,incomplete_phrase
mirrors,_____,-15.40625,2,2token,not_valid_noun
mirrors,shine or,-15.40625,2,2token,incomplete_phrase
mirrors,face of,-15.4375,2,2token,incomplete_phrase
mirrors,room with,-15.4375,2,2token,incomplete_phrase
mirrors,container to,-15.4375,2,2token,incomplete_phrase
mirrors,container or,-15.4375,2,2token,incomplete_phrase
mirrors,plant COMPLETE,-15.4375,2,2token,not_valid_noun
mirrors,mirrors or,-15.4375,2,2token,incomplete_phrase
mirrors,painting and,-15.4375,2,2token,incomplete_phrase
mirrors,What were,-15.4375,2,2token,not_valid_noun
mirrors,mirrors that,-15.4375,2,2token,incomplete_phrase
mirrors,wood and,-15.4375,2,2token,incomplete_phrase
mirrors,view from,-15.4375,2,2token,incomplete_phrase
mirrors,domestic app,-15.4375,2,2token,incomplete_phrase
mirrors,wood ...,-15.4375,2,2token,not_valid_noun
mirrors,view ...,-15.4375,2,2token,not_valid_noun
mirrors,plant ...,-15.4375,2,2token,not_valid_noun
mirrors,invention for,-15.4375,2,2token,incomplete_phrase
mirrors,decorations or,-15.4375,2,2token,incomplete_phrase
mirrors,What two,-15.4375,2,2token,not_valid_noun
mirrors,What tool,-15.4375,2,2token,not_valid_noun
mirrors,vehicle ...,-15.4375,2,2token,not_valid_noun
mirrors,decorations to,-15.4375,2,2token,incomplete_phrase
mirrors,an inanimate,-15.4375,2,2token,not_valid_noun
mirrors,...... You,-15.4375,2,2token,not_valid_noun
mirrors,rock or,-15.46875,2,2token,incomplete_phrase
mirrors,door complete,-15.46875,2,2token,not_valid_noun
mirrors,doors (,-15.46875,2,2token,not_valid_noun
mirrors,water of,-15.46875,2,2token,incomplete_phrase
mirrors,what ?...,-15.46875,2,2token,not_valid_noun
mirrors,what kinds,-15.46875,2,2token,not_valid_noun
mirrors,glassware _______,-15.46875,2,2token,not_valid_noun
mirrors,glassware ________,-15.46875,2,2token,not_valid_noun
mirrors,water __________,-15.46875,2,2token,not_valid_noun
mirrors,apple ....,-15.46875,2,2token,not_valid_noun
mirrors,apple in,-15.46875,2,2token,incomplete_phrase
mirrors,apple and,-15.46875,2,2token,incomplete_phrase
mirrors,apple -,-15.46875,2,2token,incomplete_phrase
mirrors,rock and,-15.46875,2,2token,incomplete_phrase
mirrors,tools ___________,-15.46875,2,2token,not_valid_noun
mirrors,table in,-15.46875,2,2token,incomplete_phrase
mirrors,substance -,-15.46875,2,2token,incomplete_phrase
mirrors,substance Fill,-15.46875,2,2token,not_valid_noun
mirrors,paper is,-15.46875,2,2token,incomplete_phrase
mirrors,things such,-15.46875,2,2token,incomplete_phrase
mirrors,Windows Operating,-15.46875,2,2token,incomplete_phrase
mirrors,tools _________,-15.46875,2,2token,not_valid_noun
mirrors,Windows of,-15.46875,2,2token,incomplete_phrase
mirrors,construction _______,-15.46875,2,2token,not_valid_noun
mirrors,construction or,-15.46875,2,2token,incomplete_phrase
mirrors,construction mater,-15.46875,2,2token,incomplete_phrase
mirrors,lighting Source,-15.46875,2,2token,incomplete_phrase
mirrors,plate ...,-15.46875,2,2token,not_valid_noun
mirrors,materials ....,-15.46875,2,2token,not_valid_noun
mirrors,materials are,-15.46875,2,2token,incomplete_phrase
mirrors,something made,-15.46875,2,2token,incomplete_phrase
mirrors,lamp ______,-15.46875,2,2token,not_valid_noun
mirrors,things useful,-15.46875,2,2token,incomplete_phrase
mirrors,things Round,-15.46875,2,2token,incomplete_phrase
mirrors,materials with,-15.46875,2,2token,incomplete_phrase
mirrors,Windows xp,-15.46875,2,2token,not_valid_noun
mirrors,paper in,-15.46875,2,2token,incomplete_phrase
mirrors,shape for,-15.46875,2,2token,not_valid_noun
mirrors,glas _____,-15.46875,2,2token,not_valid_noun
mirrors,element on,-15.46875,2,2token,incomplete_phrase
mirrors,glasses What,-15.46875,2,2token,incomplete_phrase
mirrors,appliance because,-15.46875,2,2token,incomplete_phrase
mirrors,transparent reflecting,-15.46875,2,2token,not_valid_noun
mirrors,clothing ....,-15.46875,2,2token,not_valid_noun
mirrors,animal _____,-15.46875,2,2token,not_valid_noun
mirrors,crystal _______,-15.46875,2,2token,not_valid_noun
mirrors,hard round,-15.5,2,2token,incomplete_phrase
mirrors,hard ____________,-15.5,2,2token,not_valid_noun
mirrors,hardware complete,-15.5,2,2token,not_valid_noun
mirrors,part which,-15.5,2,2token,incomplete_phrase
mirrors,I of,-15.5,2,2token,not_valid_noun
mirrors,I =,-15.5,2,2token,not_valid_noun
mirrors,fish ...,-15.5,2,2token,not_valid_noun
mirrors,reflections complete,-15.5,2,2token,not_valid_noun
mirrors,item _______,-15.5,2,2token,not_valid_noun
mirrors,image ________,-15.5,2,2token,not_valid_noun
mirrors,non transparent,-15.5,2,2token,not_valid_noun
mirrors,shadow in,-15.5,2,2token,incomplete_phrase
mirrors,Glass Which,-15.53125,2,2token,incomplete_phrase
mirrors,Glass :,-15.53125,2,2token,not_valid_noun
mirrors,device The,-15.53125,2,2token,incomplete_phrase
mirrors,__ or,-15.53125,2,2token,not_valid_noun
mirrors,__ What,-15.53125,2,2token,not_valid_noun
mirrors,toy to,-15.53125,2,2token,incomplete_phrase
mirrors,__ ...,-15.53125,2,2token,not_valid_noun
mirrors,craft that,-15.53125,2,2token,incomplete_phrase
mirrors,plastic in,-15.53125,2,2token,incomplete_phrase
mirrors,plastic _____,-15.53125,2,2token,not_valid_noun
mirrors,Glass What,-15.53125,2,2token,incomplete_phrase
mirrors,made ​​,-15.53125,2,2token,not_valid_noun
mirrors,cloth Fill,-15.53125,2,2token,not_valid_noun
mirrors,sun shiny,-15.53125,2,2token,incomplete_phrase
mirrors,sun is,-15.53125,2,2token,incomplete_phrase
mirrors,reflect our,-15.53125,2,2token,incomplete_phrase
mirrors,ornament ____,-15.53125,2,2token,not_valid_noun
mirrors,ornament _____,-15.53125,2,2token,not_valid_noun
mirrors,plastic ______,-15.53125,2,2token,not_valid_noun
mirrors,op ac,-15.53125,2,2token,not_valid_noun
mirrors,paint used,-15.53125,2,2token,incomplete_phrase
mirrors,_________,-15.53125,2,2token,not_valid_noun
mirrors,buildings or,-15.53125,2,2token,incomplete_phrase
mirrors,made,-15.53125,2,2token,not_valid_noun
mirrors,stone Fill,-15.53125,2,2token,not_valid_noun
mirrors,stone for,-15.53125,2,2token,incomplete_phrase
mirrors,reflect to,-15.53125,2,2token,not_valid_noun
mirrors,toy .....,-15.53125,2,2token,not_valid_noun
mirrors,toy Incomplete,-15.53125,2,2token,not_valid_noun
mirrors,device on,-15.53125,2,2token,incomplete_phrase
mirrors,eyes ...,-15.53125,2,2token,not_valid_noun
mirrors,…… There,-15.53125,2,2token,not_valid_noun
mirrors,accessory ______,-15.53125,2,2token,not_valid_noun
mirrors,accessory Fill,-15.53125,2,2token,not_valid_noun
mirrors,accessory /,-15.53125,2,2token,not_valid_noun
mirrors,device are,-15.53125,2,2token,incomplete_phrase
mirrors,food ________,-15.53125,2,2token,not_valid_noun
mirrors,this ____,-15.53125,2,2token,not_valid_noun
mirrors,ornament /,-15.53125,2,2token,not_valid_noun
mirrors,__,-15.53125,2,2token,not_valid_noun
mirrors,picture showing,-15.53125,2,2token,incomplete_phrase
mirrors,gadget /,-15.53125,2,2token,not_valid_noun
mirrors,cloth complete,-15.53125,2,2token,not_valid_noun
mirrors,matter which,-15.53125,2,2token,incomplete_phrase
mirrors,fabric or,-15.53125,2,2token,incomplete_phrase
mirrors,..,-15.53125,2,2token,not_valid_noun
mirrors,fabric ....,-15.53125,2,2token,not_valid_noun
mirrors,picture Show,-15.53125,2,2token,incomplete_phrase
mirrors,walls and,-15.53125,2,2token,incomplete_phrase
mirrors,kind ________,-15.5625,2,2token,not_valid_noun
mirrors,...... of,-15.5625,2,2token,not_valid_noun
mirrors,...... is,-15.5625,2,2token,not_valid_noun
mirrors,plant or,-15.5625,2,2token,incomplete_phrase
mirrors,kind ____,-15.5625,2,2token,not_valid_noun
mirrors,face ...,-15.5625,2,2token,not_valid_noun
mirrors,prop …,-15.5625,2,2token,not_valid_noun
mirrors,form or,-15.5625,2,2token,incomplete_phrase
mirrors,form ...,-15.5625,2,2token,not_valid_noun
mirrors,decorations ...,-15.5625,2,2token,not_valid_noun
mirrors,domestic ...,-15.5625,2,2token,not_valid_noun
mirrors,domestic ____,-15.5625,2,2token,not_valid_noun
mirrors,face and,-15.5625,2,2token,incomplete_phrase
mirrors,painting complete,-15.5625,2,2token,not_valid_noun
mirrors,painting ________,-15.5625,2,2token,not_valid_noun
mirrors,sound _______,-15.5625,2,2token,not_valid_noun
mirrors,container Fill,-15.5625,2,2token,not_valid_noun
mirrors,an old,-15.5625,2,2token,incomplete_phrase
mirrors,solid _______,-15.5625,2,2token,not_valid_noun
mirrors,solid and,-15.5625,2,2token,not_valid_noun
mirrors,room _______,-15.5625,2,2token,not_valid_noun
mirrors,invention in,-15.5625,2,2token,incomplete_phrase
mirrors,...... ______,-15.5625,2,2token,not_valid_noun
mirrors,screen ...,-15.5625,2,2token,not_valid_noun
mirrors,sound ________,-15.5625,2,2token,not_valid_noun
mirrors,What could,-15.5625,2,2token,not_valid_noun
mirrors,What words,-15.5625,2,2token,not_valid_noun
mirrors,screen for,-15.5625,2,2token,incomplete_phrase
mirrors,plane of,-15.59375,2,2token,incomplete_phrase
mirrors,blank __,-15.59375,2,2token,not_valid_noun
mirrors,skin to,-15.59375,2,2token,incomplete_phrase
mirrors,skin Product,-15.59375,2,2token,incomplete_phrase
mirrors,computer ...,-15.59375,2,2token,not_valid_noun
mirrors,paper Cut,-15.59375,2,2token,incomplete_phrase
mirrors,paper -,-15.59375,2,2token,incomplete_phrase
mirrors,blank ....,-15.59375,2,2token,not_valid_noun
mirrors,paper ______,-15.59375,2,2token,not_valid_noun
mirrors,glas -,-15.59375,2,2token,not_valid_noun
mirrors,glas and,-15.59375,2,2token,incomplete_phrase
mirrors,crystal ________,-15.59375,2,2token,not_valid_noun
mirrors,transparent _____,-15.59375,2,2token,not_valid_noun
mirrors,door ______,-15.59375,2,2token,not_valid_noun
mirrors,crystal ....,-15.59375,2,2token,not_valid_noun
mirrors,article ____,-15.59375,2,2token,not_valid_noun
mirrors,liquid _______,-15.59375,2,2token,not_valid_noun
mirrors,substance because,-15.59375,2,2token,incomplete_phrase
mirrors,water which,-15.59375,2,2token,incomplete_phrase
mirrors,what We,-15.59375,2,2token,not_valid_noun
mirrors,plane Figure,-15.59375,2,2token,incomplete_phrase
mirrors,blank What,-15.59375,2,2token,incomplete_phrase
mirrors,animal called,-15.59375,2,2token,incomplete_phrase
mirrors,glas This,-15.59375,2,2token,incomplete_phrase
mirrors,materials _______,-15.59375,2,2token,not_valid_noun
mirrors,skin is,-15.59375,2,2token,incomplete_phrase
mirrors,article and,-15.59375,2,2token,incomplete_phrase
mirrors,machine made,-15.59375,2,2token,incomplete_phrase
mirrors,machine /,-15.59375,2,2token,not_valid_noun
mirrors,door that,-15.59375,2,2token,incomplete_phrase
mirrors,door is,-15.59375,2,2token,incomplete_phrase
mirrors,what device,-15.59375,2,2token,not_valid_noun
mirrors,what science,-15.59375,2,2token,not_valid_noun
mirrors,water complete,-15.59375,2,2token,not_valid_noun
mirrors,apple a,-15.59375,2,2token,incomplete_phrase
mirrors,what :,-15.59375,2,2token,not_valid_noun
mirrors,clothes are,-15.59375,2,2token,incomplete_phrase
mirrors,door ________,-15.59375,2,2token,not_valid_noun
mirrors,clothes or,-15.59375,2,2token,incomplete_phrase
mirrors,clothes in,-15.59375,2,2token,incomplete_phrase
mirrors,apple _______,-15.59375,2,2token,not_valid_noun
mirrors,tools ____________,-15.59375,2,2token,not_valid_noun
mirrors,lamp Post,-15.59375,2,2token,incomplete_phrase
mirrors,lamp that,-15.59375,2,2token,incomplete_phrase
mirrors,something people,-15.59375,2,2token,incomplete_phrase
mirrors,table ...,-15.59375,2,2token,not_valid_noun
mirrors,Windows _______,-15.59375,2,2token,not_valid_noun
mirrors,Windows programme,-15.59375,2,2token,not_valid_noun
mirrors,Windows Store,-15.59375,2,2token,incomplete_phrase
mirrors,tools made,-15.59375,2,2token,incomplete_phrase
mirrors,tools needed,-15.59375,2,2token,not_valid_noun
mirrors,lamp in,-15.59375,2,2token,incomplete_phrase
mirrors,tools,-15.59375,2,2token,not_valid_noun
mirrors,tools [,-15.59375,2,2token,not_valid_noun
mirrors,construction and,-15.59375,2,2token,incomplete_phrase
mirrors,machine _____,-15.59375,2,2token,not_valid_noun
mirrors,Windows is,-15.59375,2,2token,incomplete_phrase
mirrors,clock and,-15.59375,2,2token,incomplete_phrase
mirrors,substance Answer,-15.59375,2,2token,not_valid_noun
mirrors,what,-15.59375,2,2token,not_valid_noun
mirrors,what word,-15.59375,2,2token,not_valid_noun
mirrors,substance ________,-15.59375,2,2token,not_valid_noun
mirrors,what or,-15.59375,2,2token,not_valid_noun
mirrors,construction made,-15.59375,2,2token,incomplete_phrase
mirrors,lighting a,-15.59375,2,2token,incomplete_phrase
mirrors,image _______,-15.625,2,2token,not_valid_noun
mirrors,shadow ...,-15.625,2,2token,not_valid_noun
mirrors,op (,-15.625,2,2token,not_valid_noun
mirrors,sight that,-15.625,2,2token,incomplete_phrase
mirrors,part _______,-15.625,2,2token,not_valid_noun
mirrors,sight ...,-15.625,2,2token,not_valid_noun
mirrors,bathroom furn,-15.625,2,2token,incomplete_phrase
mirrors,part a,-15.625,2,2token,incomplete_phrase
mirrors,part to,-15.625,2,2token,incomplete_phrase
mirrors,Reflection ______,-15.65625,2,2token,not_valid_noun
mirrors,mirrors for,-15.65625,2,2token,incomplete_phrase
mirrors,Reflection on,-15.65625,2,2token,incomplete_phrase
mirrors,plastic ____,-15.65625,2,2token,not_valid_noun
mirrors,this :,-15.65625,2,2token,not_valid_noun
mirrors,mirrors ....,-15.65625,2,2token,not_valid_noun
mirrors,toy -,-15.65625,2,2token,incomplete_phrase
mirrors,toy _____,-15.65625,2,2token,not_valid_noun
mirrors,paint by,-15.65625,2,2token,incomplete_phrase
mirrors,cloth with,-15.65625,2,2token,incomplete_phrase
mirrors,cloth ____,-15.65625,2,2token,not_valid_noun
mirrors,cloth .....,-15.65625,2,2token,not_valid_noun
mirrors,Glass in,-15.65625,2,2token,incomplete_phrase
mirrors,this in,-15.65625,2,2token,incomplete_phrase
mirrors,cloth ..,-15.65625,2,2token,not_valid_noun
mirrors,this -,-15.65625,2,2token,incomplete_phrase
mirrors,accessory ____,-15.65625,2,2token,not_valid_noun
mirrors,item ....,-15.65625,2,2token,not_valid_noun
mirrors,…… In,-15.65625,2,2token,not_valid_noun
mirrors,item around,-15.65625,2,2token,incomplete_phrase
mirrors,…… ….,-15.65625,2,2token,not_valid_noun
mirrors,__ Material,-15.65625,2,2token,not_valid_noun
mirrors,gadget -,-15.65625,2,2token,incomplete_phrase
mirrors,__ matter,-15.65625,2,2token,not_valid_noun
mirrors,buildings in,-15.65625,2,2token,incomplete_phrase
mirrors,cloth is,-15.65625,2,2token,incomplete_phrase
mirrors,made using,-15.65625,2,2token,incomplete_phrase
mirrors,stone ________,-15.65625,2,2token,not_valid_noun
mirrors,ornament ______,-15.65625,2,2token,not_valid_noun
mirrors,ornament .....,-15.65625,2,2token,not_valid_noun
mirrors,ornament -,-15.65625,2,2token,incomplete_phrase
mirrors,buildings that,-15.65625,2,2token,incomplete_phrase
mirrors,weapon or,-15.65625,2,2token,incomplete_phrase
mirrors,ornament :,-15.65625,2,2token,not_valid_noun
mirrors,stone -,-15.65625,2,2token,incomplete_phrase
mirrors,accessory on,-15.65625,2,2token,incomplete_phrase
mirrors,accessory …,-15.65625,2,2token,not_valid_noun
mirrors,matter or,-15.65625,2,2token,incomplete_phrase
mirrors,gadget Read,-15.65625,2,2token,not_valid_noun
mirrors,product used,-15.65625,2,2token,incomplete_phrase
mirrors,picture What,-15.65625,2,2token,incomplete_phrase
mirrors,iron ...,-15.65625,2,2token,not_valid_noun
mirrors,paint ____,-15.65625,2,2token,not_valid_noun
mirrors,product ...,-15.65625,2,2token,not_valid_noun
mirrors,product made,-15.65625,2,2token,incomplete_phrase
mirrors,Glass .....,-15.65625,2,2token,not_valid_noun
mirrors,matter in,-15.65625,2,2token,incomplete_phrase
mirrors,colour ...,-15.65625,2,2token,not_valid_noun
mirrors,painting in,-15.6875,2,2token,incomplete_phrase
mirrors,sound ...,-15.6875,2,2token,not_valid_noun
mirrors,What Kind,-15.6875,2,2token,not_valid_noun
mirrors,What if,-15.6875,2,2token,not_valid_noun
mirrors,What item,-15.6875,2,2token,not_valid_noun
mirrors,screen that,-15.6875,2,2token,incomplete_phrase
mirrors,car ________,-15.6875,2,2token,not_valid_noun
mirrors,decorations complete,-15.6875,2,2token,not_valid_noun
mirrors,vehicle of,-15.6875,2,2token,incomplete_phrase
mirrors,vehicle in,-15.6875,2,2token,incomplete_phrase
mirrors,vehicle _______,-15.6875,2,2token,not_valid_noun
mirrors,vehicle ________,-15.6875,2,2token,not_valid_noun
mirrors,prop and,-15.6875,2,2token,incomplete_phrase
mirrors,kind complete,-15.6875,2,2token,not_valid_noun
mirrors,kind or,-15.6875,2,2token,incomplete_phrase
mirrors,decorations ....,-15.6875,2,2token,not_valid_noun
mirrors,decorations of,-15.6875,2,2token,incomplete_phrase
mirrors,an a,-15.6875,2,2token,incomplete_phrase
mirrors,an _________,-15.6875,2,2token,not_valid_noun
mirrors,form that,-15.6875,2,2token,incomplete_phrase
mirrors,...... ____,-15.6875,2,2token,not_valid_noun
mirrors,...... ​,-15.6875,2,2token,not_valid_noun
mirrors,...... An,-15.6875,2,2token,not_valid_noun
mirrors,......,-15.6875,2,2token,not_valid_noun
mirrors,plant ....,-15.6875,2,2token,not_valid_noun
mirrors,...... _____,-15.6875,2,2token,not_valid_noun
mirrors,"...... ,",-15.6875,2,2token,not_valid_noun
mirrors,container complete,-15.6875,2,2token,not_valid_noun
mirrors,container _______,-15.6875,2,2token,not_valid_noun
mirrors,room Decorate,-15.6875,2,2token,incomplete_phrase
mirrors,container which,-15.6875,2,2token,incomplete_phrase
mirrors,invention used,-15.6875,2,2token,incomplete_phrase
mirrors,invention ...,-15.6875,2,2token,not_valid_noun
mirrors,piece (,-15.71875,2,2token,not_valid_noun
mirrors,materials from,-15.71875,2,2token,incomplete_phrase
mirrors,machine is,-15.71875,2,2token,incomplete_phrase
mirrors,transparent ____,-15.71875,2,2token,not_valid_noun
mirrors,shape _______,-15.71875,2,2token,not_valid_noun
mirrors,type or,-15.71875,2,2token,incomplete_phrase
mirrors,materials such,-15.71875,2,2token,incomplete_phrase
mirrors,machine _,-15.71875,2,2token,not_valid_noun
mirrors,something like,-15.71875,2,2token,incomplete_phrase
mirrors,something I,-15.71875,2,2token,incomplete_phrase
mirrors,tools they,-15.71875,2,2token,incomplete_phrase
mirrors,something used,-15.71875,2,2token,incomplete_phrase
mirrors,machine called,-15.71875,2,2token,incomplete_phrase
mirrors,apple for,-15.71875,2,2token,incomplete_phrase
mirrors,machine :,-15.71875,2,2token,not_valid_noun
mirrors,objet with,-15.71875,2,2token,incomplete_phrase
mirrors,animal -,-15.71875,2,2token,incomplete_phrase
mirrors,animal and,-15.71875,2,2token,incomplete_phrase
mirrors,paper to,-15.71875,2,2token,incomplete_phrase
mirrors,things needed,-15.71875,2,2token,incomplete_phrase
mirrors,things Comple,-15.71875,2,2token,incomplete_phrase
mirrors,glas _,-15.71875,2,2token,not_valid_noun
mirrors,television and,-15.71875,2,2token,incomplete_phrase
mirrors,television ...,-15.71875,2,2token,not_valid_noun
mirrors,animal COMPLETE,-15.71875,2,2token,not_valid_noun
mirrors,television ________,-15.71875,2,2token,not_valid_noun
mirrors,television _______,-15.71875,2,2token,not_valid_noun
mirrors,article from,-15.71875,2,2token,incomplete_phrase
mirrors,clothing that,-15.71875,2,2token,incomplete_phrase
mirrors,clothing in,-15.71875,2,2token,incomplete_phrase
mirrors,lighting _______,-15.71875,2,2token,not_valid_noun
mirrors,mineral and,-15.71875,2,2token,incomplete_phrase
mirrors,construction ______,-15.71875,2,2token,not_valid_noun
mirrors,construction ____,-15.71875,2,2token,not_valid_noun
mirrors,Windows ...,-15.71875,2,2token,not_valid_noun
mirrors,mineral used,-15.71875,2,2token,incomplete_phrase
mirrors,doors are,-15.71875,2,2token,incomplete_phrase
mirrors,doors or,-15.71875,2,2token,incomplete_phrase
mirrors,what a,-15.71875,2,2token,not_valid_noun
mirrors,………… a,-15.71875,2,2token,not_valid_noun
mirrors,what part,-15.71875,2,2token,not_valid_noun
mirrors,appliances that,-15.71875,2,2token,incomplete_phrase
mirrors,what they,-15.71875,2,2token,not_valid_noun
mirrors,plate Fill,-15.71875,2,2token,not_valid_noun
mirrors,blank white,-15.71875,2,2token,incomplete_phrase
mirrors,op -,-15.71875,2,2token,not_valid_noun
mirrors,objet What,-15.71875,2,2token,incomplete_phrase
mirrors,hardware _______,-15.75,2,2token,not_valid_noun
mirrors,fish or,-15.75,2,2token,incomplete_phrase
mirrors,reflections and,-15.75,2,2token,incomplete_phrase
mirrors,non human,-15.75,2,2token,incomplete_phrase
mirrors,shadow or,-15.75,2,2token,incomplete_phrase
mirrors,fish and,-15.75,2,2token,incomplete_phrase
mirrors,bathroom ______,-15.75,2,2token,not_valid_noun
mirrors,part on,-15.75,2,2token,incomplete_phrase
mirrors,image which,-15.75,2,2token,incomplete_phrase
mirrors,image complete,-15.75,2,2token,not_valid_noun
mirrors,image -,-15.75,2,2token,incomplete_phrase
mirrors,sight ________,-15.75,2,2token,not_valid_noun
mirrors,part ...,-15.75,2,2token,not_valid_noun
mirrors,ornament …,-15.78125,2,2token,not_valid_noun
mirrors,accessory is,-15.78125,2,2token,incomplete_phrase
mirrors,room is,-15.78125,2,2token,incomplete_phrase
mirrors,room and,-15.78125,2,2token,incomplete_phrase
mirrors,made (,-15.78125,2,2token,not_valid_noun
mirrors,resource used,-15.78125,2,2token,incomplete_phrase
mirrors,Glass How,-15.78125,2,2token,not_valid_noun
mirrors,made the,-15.78125,2,2token,incomplete_phrase
mirrors,sun in,-15.78125,2,2token,incomplete_phrase
mirrors,sun Complete,-15.78125,2,2token,not_valid_noun
mirrors,toy with,-15.78125,2,2token,incomplete_phrase
mirrors,toy Fill,-15.78125,2,2token,not_valid_noun
mirrors,toy ____,-15.78125,2,2token,not_valid_noun
mirrors,toy ______,-15.78125,2,2token,not_valid_noun
mirrors,made it,-15.78125,2,2token,incomplete_phrase
mirrors,room are,-15.78125,2,2token,incomplete_phrase
mirrors,paint the,-15.78125,2,2token,incomplete_phrase
mirrors,eyes to,-15.78125,2,2token,incomplete_phrase
mirrors,product which,-15.78125,2,2token,incomplete_phrase
mirrors,gadget _______,-15.78125,2,2token,not_valid_noun
mirrors,iron that,-15.78125,2,2token,incomplete_phrase
mirrors,gadget Answer,-15.78125,2,2token,not_valid_noun
mirrors,product to,-15.78125,2,2token,incomplete_phrase
mirrors,surfaces in,-15.78125,2,2token,incomplete_phrase
mirrors,picture hang,-15.78125,2,2token,incomplete_phrase
mirrors,paint -,-15.78125,2,2token,incomplete_phrase
mirrors,Reflection _____,-15.78125,2,2token,not_valid_noun
mirrors,food Fill,-15.78125,2,2token,not_valid_noun
mirrors,Reflection What,-15.78125,2,2token,incomplete_phrase
mirrors,Reflection Answer,-15.78125,2,2token,not_valid_noun
mirrors,food ____,-15.78125,2,2token,not_valid_noun
mirrors,food ______,-15.78125,2,2token,not_valid_noun
mirrors,paint complete,-15.78125,2,2token,not_valid_noun
mirrors,paint is,-15.78125,2,2token,incomplete_phrase
mirrors,accessory :,-15.78125,2,2token,not_valid_noun
mirrors,gadget of,-15.78125,2,2token,incomplete_phrase
mirrors,matter complete,-15.78125,2,2token,not_valid_noun
mirrors,accessory _____,-15.78125,2,2token,not_valid_noun
mirrors,gadget :,-15.78125,2,2token,not_valid_noun
mirrors,accessory .....,-15.78125,2,2token,not_valid_noun
mirrors,reflect -,-15.78125,2,2token,not_valid_noun
mirrors,accessory Read,-15.78125,2,2token,not_valid_noun
mirrors,item found,-15.78125,2,2token,incomplete_phrase
mirrors,product ....,-15.78125,2,2token,not_valid_noun
mirrors,ornament is,-15.78125,2,2token,incomplete_phrase
mirrors,craft made,-15.78125,2,2token,incomplete_phrase
mirrors,plastic for,-15.78125,2,2token,incomplete_phrase
mirrors,cloth _____,-15.78125,2,2token,not_valid_noun
mirrors,cloth :,-15.78125,2,2token,not_valid_noun
mirrors,cloth ______,-15.78125,2,2token,not_valid_noun
mirrors,accessory you,-15.78125,2,2token,incomplete_phrase
mirrors,accessory with,-15.78125,2,2token,incomplete_phrase
mirrors,fabric that,-15.78125,2,2token,incomplete_phrase
mirrors,ornament [,-15.78125,2,2token,not_valid_noun
mirrors,stone which,-15.78125,2,2token,incomplete_phrase
mirrors,mirrors is,-15.78125,2,2token,incomplete_phrase
mirrors,animals ...,-15.8125,2,2token,not_valid_noun
mirrors,plant that,-15.8125,2,2token,incomplete_phrase
mirrors,sound ____,-15.8125,2,2token,not_valid_noun
mirrors,animals in,-15.8125,2,2token,incomplete_phrase
mirrors,view _______,-15.8125,2,2token,not_valid_noun
mirrors,animals and,-15.8125,2,2token,incomplete_phrase
mirrors,view Full,-15.8125,2,2token,incomplete_phrase
mirrors,magic ...,-15.8125,2,2token,not_valid_noun
mirrors,magic in,-15.8125,2,2token,incomplete_phrase
mirrors,sound or,-15.8125,2,2token,incomplete_phrase
mirrors,...... apples,-15.8125,2,2token,not_valid_noun
mirrors,...... are,-15.8125,2,2token,not_valid_noun
mirrors,...... food,-15.8125,2,2token,not_valid_noun
mirrors,...... How,-15.8125,2,2token,not_valid_noun
mirrors,...... apple,-15.8125,2,2token,not_valid_noun
mirrors,face or,-15.8125,2,2token,incomplete_phrase
mirrors,...... Comple,-15.8125,2,2token,not_valid_noun
mirrors,...... Find,-15.8125,2,2token,not_valid_noun
mirrors,painting _______,-15.8125,2,2token,not_valid_noun
mirrors,painting that,-15.8125,2,2token,incomplete_phrase
mirrors,painting on,-15.8125,2,2token,not_valid_noun
mirrors,face to,-15.8125,2,2token,incomplete_phrase
mirrors,kitchen ________,-15.8125,2,2token,not_valid_noun
mirrors,face -,-15.8125,2,2token,incomplete_phrase
mirrors,kitchen ______,-15.8125,2,2token,not_valid_noun
mirrors,...... We,-15.8125,2,2token,not_valid_noun
mirrors,kind _____,-15.8125,2,2token,not_valid_noun
mirrors,sound ______,-15.8125,2,2token,not_valid_noun
mirrors,prop Read,-15.8125,2,2token,not_valid_noun
mirrors,vehicle or,-15.8125,2,2token,incomplete_phrase
mirrors,invention and,-15.8125,2,2token,incomplete_phrase
mirrors,car is,-15.8125,2,2token,incomplete_phrase
mirrors,lamp ....,-15.84375,2,2token,not_valid_noun
mirrors,tools The,-15.84375,2,2token,incomplete_phrase
mirrors,tools Fill,-15.84375,2,2token,not_valid_noun
mirrors,glassware ____,-15.84375,2,2token,not_valid_noun
mirrors,tools called,-15.84375,2,2token,incomplete_phrase
mirrors,jewellery ...,-15.84375,2,2token,not_valid_noun
mirrors,container ...,-15.84375,2,2token,not_valid_noun
mirrors,rock that,-15.84375,2,2token,incomplete_phrase
mirrors,container and,-15.84375,2,2token,incomplete_phrase
mirrors,something for,-15.84375,2,2token,incomplete_phrase
mirrors,table and,-15.84375,2,2token,incomplete_phrase
mirrors,Windows desktop,-15.84375,2,2token,not_valid_noun
mirrors,table complete,-15.84375,2,2token,not_valid_noun
mirrors,Windows that,-15.84375,2,2token,incomplete_phrase
mirrors,things /,-15.84375,2,2token,not_valid_noun
mirrors,liquid Fill,-15.84375,2,2token,not_valid_noun
mirrors,shape which,-15.84375,2,2token,incomplete_phrase
mirrors,liquid ....,-15.84375,2,2token,not_valid_noun
mirrors,materials complete,-15.84375,2,2token,not_valid_noun
mirrors,materials made,-15.84375,2,2token,incomplete_phrase
mirrors,materials like,-15.84375,2,2token,incomplete_phrase
mirrors,type in,-15.84375,2,2token,incomplete_phrase
mirrors,tools A,-15.84375,2,2token,not_valid_noun
mirrors,hardware ...,-15.84375,2,2token,not_valid_noun
mirrors,something with,-15.84375,2,2token,incomplete_phrase
mirrors,shape to,-15.84375,2,2token,incomplete_phrase
mirrors,crystal in,-15.84375,2,2token,incomplete_phrase
mirrors,machine ____,-15.84375,2,2token,not_valid_noun
mirrors,machine COMPLETE,-15.84375,2,2token,not_valid_noun
mirrors,lamp ____,-15.84375,2,2token,not_valid_noun
mirrors,apple to,-15.84375,2,2token,incomplete_phrase
mirrors,apple ____,-15.84375,2,2token,not_valid_noun
mirrors,hardware ________,-15.84375,2,2token,not_valid_noun
mirrors,article with,-15.84375,2,2token,incomplete_phrase
mirrors,plane -,-15.84375,2,2token,incomplete_phrase
mirrors,hardware ______,-15.84375,2,2token,not_valid_noun
mirrors,article _.,-15.84375,2,2token,not_valid_noun
mirrors,plane and,-15.84375,2,2token,incomplete_phrase
mirrors,technology ________,-15.84375,2,2token,not_valid_noun
mirrors,element to,-15.84375,2,2token,incomplete_phrase
mirrors,glas Read,-15.84375,2,2token,not_valid_noun
mirrors,hardware ____,-15.84375,2,2token,not_valid_noun
mirrors,skin are,-15.84375,2,2token,incomplete_phrase
mirrors,appliances in,-15.84375,2,2token,incomplete_phrase
mirrors,clothes that,-15.84375,2,2token,incomplete_phrase
mirrors,appliances for,-15.84375,2,2token,incomplete_phrase
mirrors,Windows for,-15.84375,2,2token,incomplete_phrase
mirrors,things What,-15.84375,2,2token,incomplete_phrase
mirrors,things the,-15.84375,2,2token,not_valid_noun
mirrors,plate in,-15.84375,2,2token,incomplete_phrase
mirrors,television complete,-15.84375,2,2token,not_valid_noun
mirrors,element from,-15.84375,2,2token,incomplete_phrase
mirrors,animal ___________,-15.84375,2,2token,not_valid_noun
mirrors,technology Answer,-15.84375,2,2token,not_valid_noun
mirrors,lighting to,-15.84375,2,2token,not_valid_noun
mirrors,plate which,-15.84375,2,2token,incomplete_phrase
mirrors,construction ....,-15.84375,2,2token,not_valid_noun
mirrors,construction is,-15.84375,2,2token,incomplete_phrase
mirrors,[,-15.84375,2,2token,not_valid_noun
mirrors,[ ...,-15.84375,2,2token,not_valid_noun
mirrors,[,-15.84375,2,2token,not_valid_noun
mirrors,shadow ________,-15.875,2,2token,not_valid_noun
mirrors,non animate,-15.875,2,2token,incomplete_phrase
mirrors,shadow _______,-15.875,2,2token,not_valid_noun
mirrors,shadow and,-15.875,2,2token,incomplete_phrase
mirrors,shadow Play,-15.875,2,2token,incomplete_phrase
mirrors,part ________,-15.875,2,2token,not_valid_noun
mirrors,part used,-15.875,2,2token,incomplete_phrase
mirrors,image for,-15.875,2,2token,incomplete_phrase
mirrors,bathroom _____,-15.875,2,2token,not_valid_noun
mirrors,apparatus _______,-15.875,2,2token,not_valid_noun
mirrors,noun and,-15.875,2,2token,incomplete_phrase
mirrors,noun in,-15.875,2,2token,incomplete_phrase
mirrors,reflections ...,-15.875,2,2token,not_valid_noun
mirrors,Reflection Activity,-15.90625,2,2token,incomplete_phrase
mirrors,food :,-15.90625,2,2token,not_valid_noun
mirrors,food is,-15.90625,2,2token,incomplete_phrase
mirrors,Reflection In,-15.90625,2,2token,incomplete_phrase
mirrors,__ tool,-15.90625,2,2token,not_valid_noun
mirrors,__ object,-15.90625,2,2token,not_valid_noun
mirrors,…… Correct,-15.90625,2,2token,not_valid_noun
mirrors,…… Answer,-15.90625,2,2token,not_valid_noun
mirrors,…… If,-15.90625,2,2token,not_valid_noun
mirrors,…… An,-15.90625,2,2token,not_valid_noun
mirrors,toy which,-15.90625,2,2token,incomplete_phrase
mirrors,__ Select,-15.90625,2,2token,not_valid_noun
mirrors,food What,-15.90625,2,2token,incomplete_phrase
mirrors,eyes or,-15.90625,2,2token,incomplete_phrase
mirrors,eyes of,-15.90625,2,2token,incomplete_phrase
mirrors,eyes for,-15.90625,2,2token,incomplete_phrase
mirrors,food Read,-15.90625,2,2token,not_valid_noun
mirrors,…… ……,-15.90625,2,2token,not_valid_noun
mirrors,…… COMPLETE,-15.90625,2,2token,not_valid_noun
mirrors,piece if,-15.90625,2,2token,incomplete_phrase
mirrors,shine complete,-15.90625,2,2token,not_valid_noun
mirrors,Glass …,-15.90625,2,2token,not_valid_noun
mirrors,Glass ..,-15.90625,2,2token,not_valid_noun
mirrors,Glass Answer,-15.90625,2,2token,not_valid_noun
mirrors,Glass Write,-15.90625,2,2token,incomplete_phrase
mirrors,Glass __________,-15.90625,2,2token,not_valid_noun
mirrors,Glass ___________,-15.90625,2,2token,not_valid_noun
mirrors,food ..,-15.90625,2,2token,not_valid_noun
mirrors,buildings ...,-15.90625,2,2token,not_valid_noun
mirrors,matter ...,-15.90625,2,2token,not_valid_noun
mirrors,toy incomplete,-15.90625,2,2token,not_valid_noun
mirrors,matter and,-15.90625,2,2token,not_valid_noun
mirrors,surfaces and,-15.90625,2,2token,incomplete_phrase
mirrors,toy Read,-15.90625,2,2token,not_valid_noun
mirrors,matter because,-15.90625,2,2token,not_valid_noun
mirrors,fabric and,-15.90625,2,2token,incomplete_phrase
mirrors,instruments _______,-15.90625,2,2token,not_valid_noun
mirrors,sun or,-15.90625,2,2token,incomplete_phrase
mirrors,sun ____,-15.90625,2,2token,not_valid_noun
mirrors,sun -,-15.90625,2,2token,incomplete_phrase
mirrors,Glass the,-15.90625,2,2token,incomplete_phrase
mirrors,round reflecting,-15.90625,2,2token,not_valid_noun
mirrors,Glass are,-15.90625,2,2token,incomplete_phrase
mirrors,gadget ________,-15.90625,2,2token,not_valid_noun
mirrors,plastic Read,-15.90625,2,2token,not_valid_noun
mirrors,cloth /,-15.90625,2,2token,not_valid_noun
mirrors,cloth are,-15.90625,2,2token,incomplete_phrase
mirrors,cloth Finish,-15.90625,2,2token,incomplete_phrase
mirrors,this part,-15.90625,2,2token,incomplete_phrase
mirrors,plastic COMPLETE,-15.90625,2,2token,not_valid_noun
mirrors,gadget Fill,-15.90625,2,2token,not_valid_noun
mirrors,gadget with,-15.90625,2,2token,incomplete_phrase
mirrors,craft ...,-15.90625,2,2token,not_valid_noun
mirrors,craft _______,-15.90625,2,2token,not_valid_noun
mirrors,cloth _,-15.90625,2,2token,not_valid_noun
mirrors,picture A,-15.90625,2,2token,incomplete_phrase
mirrors,ornament ….,-15.90625,2,2token,not_valid_noun
mirrors,ornament ..,-15.90625,2,2token,not_valid_noun
mirrors,ornament Use,-15.90625,2,2token,incomplete_phrase
mirrors,stone to,-15.90625,2,2token,incomplete_phrase
mirrors,weapon ...,-15.90625,2,2token,not_valid_noun
mirrors,media in,-15.90625,2,2token,incomplete_phrase
mirrors,media or,-15.90625,2,2token,incomplete_phrase
mirrors,media which,-15.90625,2,2token,incomplete_phrase
mirrors,media ...,-15.90625,2,2token,not_valid_noun
mirrors,media complete,-15.90625,2,2token,not_valid_noun
mirrors,artifact of,-15.90625,2,2token,incomplete_phrase
mirrors,stone is,-15.90625,2,2token,incomplete_phrase
mirrors,stone ____,-15.90625,2,2token,not_valid_noun
mirrors,item needed,-15.90625,2,2token,incomplete_phrase
mirrors,instruments ...,-15.90625,2,2token,not_valid_noun
mirrors,food _____,-15.90625,2,2token,not_valid_noun
mirrors,fabric used,-15.90625,2,2token,incomplete_phrase
mirrors,surfaces or,-15.90625,2,2token,incomplete_phrase
mirrors,fabric for,-15.90625,2,2token,incomplete_phrase
mirrors,stone _,-15.90625,2,2token,not_valid_noun
mirrors,stone ..,-15.90625,2,2token,not_valid_noun
mirrors,solid ________,-15.9375,2,2token,not_valid_noun
mirrors,solid ....,-15.9375,2,2token,not_valid_noun
mirrors,solid with,-15.9375,2,2token,not_valid_noun
mirrors,sound Source,-15.9375,2,2token,incomplete_phrase
mirrors,vehicle ....,-15.9375,2,2token,not_valid_noun
mirrors,magic ________,-15.9375,2,2token,not_valid_noun
mirrors,solid example,-15.9375,2,2token,not_valid_noun
mirrors,view through,-15.9375,2,2token,not_valid_noun
mirrors,solid Fill,-15.9375,2,2token,not_valid_noun
mirrors,screen complete,-15.9375,2,2token,not_valid_noun
mirrors,screen Fill,-15.9375,2,2token,not_valid_noun
mirrors,kitchen _______,-15.9375,2,2token,not_valid_noun
mirrors,kitchen ingredient,-15.9375,2,2token,not_valid_noun
mirrors,screen in,-15.9375,2,2token,incomplete_phrase
mirrors,kitchen ...,-15.9375,2,2token,not_valid_noun
mirrors,screen of,-15.9375,2,2token,incomplete_phrase
mirrors,view _____,-15.9375,2,2token,not_valid_noun
mirrors,sound -,-15.9375,2,2token,incomplete_phrase
mirrors,apple _____,-15.96875,2,2token,not_valid_noun
mirrors,door Comple,-15.96875,2,2token,incomplete_phrase
mirrors,door for,-15.96875,2,2token,incomplete_phrase
mirrors,container used,-15.96875,2,2token,incomplete_phrase
mirrors,container with,-15.96875,2,2token,incomplete_phrase
mirrors,vegetable complete,-15.96875,2,2token,not_valid_noun
mirrors,machine ___________,-15.96875,2,2token,not_valid_noun
mirrors,machine .....,-15.96875,2,2token,not_valid_noun
mirrors,vegetable ...,-15.96875,2,2token,not_valid_noun
mirrors,liquid is,-15.96875,2,2token,incomplete_phrase
mirrors,liquid ________,-15.96875,2,2token,not_valid_noun
mirrors,plane ....,-15.96875,2,2token,not_valid_noun
mirrors,clothing Item,-15.96875,2,2token,incomplete_phrase
mirrors,lamp because,-15.96875,2,2token,incomplete_phrase
mirrors,property complete,-15.96875,2,2token,not_valid_noun
mirrors,apple Original,-15.96875,2,2token,incomplete_phrase
mirrors,apple that,-15.96875,2,2token,incomplete_phrase
mirrors,machine Answer,-15.96875,2,2token,not_valid_noun
mirrors,lamp __,-15.96875,2,2token,not_valid_noun
mirrors,apple COMPLETE,-15.96875,2,2token,not_valid_noun
mirrors,lamp with,-15.96875,2,2token,not_valid_noun
mirrors,computer ____,-15.96875,2,2token,not_valid_noun
mirrors,type a,-15.96875,2,2token,incomplete_phrase
mirrors,materials we,-15.96875,2,2token,incomplete_phrase
mirrors,materials ________,-15.96875,2,2token,not_valid_noun
mirrors,computer ______,-15.96875,2,2token,not_valid_noun
mirrors,computer _______,-15.96875,2,2token,not_valid_noun
mirrors,invention by,-15.96875,2,2token,incomplete_phrase
mirrors,invention ....,-15.96875,2,2token,not_valid_noun
mirrors,objet miroir,-15.96875,2,2token,not_valid_noun
mirrors,glas ….,-15.96875,2,2token,not_valid_noun
mirrors,glas ​,-15.96875,2,2token,not_valid_noun
mirrors,glas windows,-15.96875,2,2token,not_valid_noun
mirrors,glas What,-15.96875,2,2token,incomplete_phrase
mirrors,element ...,-15.96875,2,2token,not_valid_noun
mirrors,animal is,-15.96875,2,2token,incomplete_phrase
mirrors,shape -,-15.96875,2,2token,incomplete_phrase
mirrors,article ______,-15.96875,2,2token,not_valid_noun
mirrors,article complete,-15.96875,2,2token,not_valid_noun
mirrors,objet ….,-15.96875,2,2token,not_valid_noun
mirrors,things at,-15.96875,2,2token,incomplete_phrase
mirrors,things Useful,-15.96875,2,2token,incomplete_phrase
mirrors,things Answer,-15.96875,2,2token,not_valid_noun
mirrors,animal with,-15.96875,2,2token,incomplete_phrase
mirrors,music ...,-15.96875,2,2token,not_valid_noun
mirrors,construction -,-15.96875,2,2token,incomplete_phrase
mirrors,construction for,-15.96875,2,2token,incomplete_phrase
mirrors,plate is,-15.96875,2,2token,incomplete_phrase
mirrors,plate _______,-15.96875,2,2token,not_valid_noun
mirrors,mineral ________,-15.96875,2,2token,not_valid_noun
mirrors,mineral which,-15.96875,2,2token,incomplete_phrase
mirrors,mineral in,-15.96875,2,2token,incomplete_phrase
mirrors,mineral COMPLETE,-15.96875,2,2token,not_valid_noun
mirrors,substance ______,-15.96875,2,2token,not_valid_noun
mirrors,kind the,-15.96875,2,2token,incomplete_phrase
mirrors,Windows _____,-15.96875,2,2token,not_valid_noun
mirrors,[ a,-15.96875,2,2token,not_valid_noun
mirrors,"[ ],",-15.96875,2,2token,not_valid_noun
mirrors,[ glass,-15.96875,2,2token,not_valid_noun
mirrors,[ __,-15.96875,2,2token,not_valid_noun
mirrors,jewellery complete,-15.96875,2,2token,not_valid_noun
mirrors,non material,-16.0,2,2token,incomplete_phrase
mirrors,non shiny,-16.0,2,2token,not_valid_noun
mirrors,apparatus ________,-16.0,2,2token,not_valid_noun
mirrors,apparatus in,-16.0,2,2token,incomplete_phrase
mirrors,apparatus ...,-16.0,2,2token,not_valid_noun
mirrors,prop er,-16.0,2,2token,incomplete_phrase
mirrors,instruments in,-16.03125,2,2token,incomplete_phrase
mirrors,paint Full,-16.03125,2,2token,incomplete_phrase
mirrors,paint .....,-16.03125,2,2token,not_valid_noun
mirrors,mirrors a,-16.03125,2,2token,not_valid_noun
mirrors,plastic Fill,-16.03125,2,2token,not_valid_noun
mirrors,plastic which,-16.03125,2,2token,incomplete_phrase
mirrors,paint which,-16.03125,2,2token,incomplete_phrase
mirrors,this ______,-16.03125,2,2token,not_valid_noun
mirrors,objet for,-16.03125,2,2token,incomplete_phrase
mirrors,objet __,-16.03125,2,2token,not_valid_noun
mirrors,this _____,-16.03125,2,2token,not_valid_noun
mirrors,medicine ...,-16.03125,2,2token,not_valid_noun
mirrors,this of,-16.03125,2,2token,incomplete_phrase
mirrors,ornament by,-16.03125,2,2token,incomplete_phrase
mirrors,ornament The,-16.03125,2,2token,incomplete_phrase
mirrors,food …,-16.03125,2,2token,not_valid_noun
mirrors,food ….,-16.03125,2,2token,not_valid_noun
mirrors,gadget by,-16.03125,2,2token,incomplete_phrase
mirrors,item called,-16.03125,2,2token,incomplete_phrase
mirrors,item /,-16.03125,2,2token,not_valid_noun
mirrors,stone .....,-16.03125,2,2token,not_valid_noun
mirrors,round transparent,-16.03125,2,2token,not_valid_noun
mirrors,instruments and,-16.03125,2,2token,incomplete_phrase
mirrors,sun ______,-16.03125,2,2token,not_valid_noun
mirrors,colour _______,-16.03125,2,2token,not_valid_noun
mirrors,colour ....,-16.03125,2,2token,not_valid_noun
mirrors,colour ________,-16.03125,2,2token,not_valid_noun
mirrors,artifact or,-16.03125,2,2token,incomplete_phrase
mirrors,toy toys,-16.03125,2,2token,incomplete_phrase
mirrors,toy Answer,-16.03125,2,2token,not_valid_noun
mirrors,__ ____________,-16.03125,2,2token,not_valid_noun
mirrors,Glass Work,-16.03125,2,2token,incomplete_phrase
mirrors,"Glass ,",-16.03125,2,2token,not_valid_noun
mirrors,Glass used,-16.03125,2,2token,incomplete_phrase
mirrors,Glass a,-16.03125,2,2token,incomplete_phrase
mirrors,medicine that,-16.03125,2,2token,incomplete_phrase
mirrors,resource of,-16.03125,2,2token,incomplete_phrase
mirrors,…… Explain,-16.03125,2,2token,not_valid_noun
mirrors,…… Mirror,-16.03125,2,2token,not_valid_noun
mirrors,accessory A,-16.03125,2,2token,incomplete_phrase
mirrors,animals that,-16.03125,2,2token,incomplete_phrase
mirrors,eyes complete,-16.03125,2,2token,not_valid_noun
mirrors,…… fruit,-16.03125,2,2token,not_valid_noun
mirrors,…… To,-16.03125,2,2token,not_valid_noun
mirrors,…… _,-16.03125,2,2token,not_valid_noun
mirrors,…… ?,-16.03125,2,2token,not_valid_noun
mirrors,…… You,-16.03125,2,2token,not_valid_noun
mirrors,wood ....,-16.03125,2,2token,not_valid_noun
mirrors,fabric complete,-16.03125,2,2token,not_valid_noun
mirrors,made ...,-16.03125,2,2token,not_valid_noun
mirrors,made use,-16.03125,2,2token,incomplete_phrase
mirrors,made or,-16.03125,2,2token,incomplete_phrase
mirrors,food which,-16.03125,2,2token,incomplete_phrase
mirrors,item ________,-16.03125,2,2token,not_valid_noun
mirrors,made ________,-16.03125,2,2token,not_valid_noun
mirrors,view ____,-16.0625,2,2token,not_valid_noun
mirrors,view ________,-16.0625,2,2token,not_valid_noun
mirrors,magic _______,-16.0625,2,2token,not_valid_noun
mirrors,car ....,-16.0625,2,2token,not_valid_noun
mirrors,plate ________,-16.0625,2,2token,not_valid_noun
mirrors,sound _____,-16.0625,2,2token,not_valid_noun
mirrors,sound producing,-16.0625,2,2token,not_valid_noun
mirrors,plate with,-16.0625,2,2token,incomplete_phrase
mirrors,plate -,-16.0625,2,2token,incomplete_phrase
mirrors,view and,-16.0625,2,2token,not_valid_noun
mirrors,view the,-16.0625,2,2token,incomplete_phrase
mirrors,view for,-16.0625,2,2token,not_valid_noun
mirrors,screen ....,-16.0625,2,2token,not_valid_noun
mirrors,form for,-16.0625,2,2token,incomplete_phrase
mirrors,screen and,-16.0625,2,2token,incomplete_phrase
mirrors,vehicle which,-16.0625,2,2token,incomplete_phrase
mirrors,plate for,-16.0625,2,2token,incomplete_phrase
mirrors,plate Answer,-16.0625,2,2token,not_valid_noun
mirrors,plate complete,-16.0625,2,2token,not_valid_noun
mirrors,plate ....,-16.0625,2,2token,not_valid_noun
mirrors,face make,-16.0625,2,2token,incomplete_phrase
mirrors,plant Fill,-16.09375,2,2token,not_valid_noun
mirrors,technology with,-16.09375,2,2token,incomplete_phrase
mirrors,lamp is,-16.09375,2,2token,incomplete_phrase
mirrors,lamp [,-16.09375,2,2token,not_valid_noun
mirrors,technology we,-16.09375,2,2token,incomplete_phrase
mirrors,technology The,-16.09375,2,2token,incomplete_phrase
mirrors,paper Correct,-16.09375,2,2token,not_valid_noun
mirrors,jewelry complete,-16.09375,2,2token,not_valid_noun
mirrors,hardware to,-16.09375,2,2token,incomplete_phrase
mirrors,glassware ______,-16.09375,2,2token,not_valid_noun
mirrors,something ________,-16.09375,2,2token,not_valid_noun
mirrors,hardware ....,-16.09375,2,2token,not_valid_noun
mirrors,article Read,-16.09375,2,2token,not_valid_noun
mirrors,machine ____________,-16.09375,2,2token,not_valid_noun
mirrors,solid which,-16.09375,2,2token,incomplete_phrase
mirrors,………… …,-16.09375,2,2token,not_valid_noun
mirrors,__ ;,-16.09375,2,2token,not_valid_noun
mirrors,__ [,-16.09375,2,2token,not_valid_noun
mirrors,invention made,-16.09375,2,2token,incomplete_phrase
mirrors,container ________,-16.09375,2,2token,not_valid_noun
mirrors,crystal which,-16.09375,2,2token,incomplete_phrase
mirrors,animal …,-16.09375,2,2token,not_valid_noun
mirrors,plane _______,-16.09375,2,2token,not_valid_noun
mirrors,machine a,-16.09375,2,2token,incomplete_phrase
mirrors,lamp _____,-16.09375,2,2token,not_valid_noun
mirrors,kind that,-16.09375,2,2token,incomplete_phrase
mirrors,Windows ______,-16.09375,2,2token,not_valid_noun
mirrors,Windows ____,-16.09375,2,2token,not_valid_noun
mirrors,kind ______,-16.09375,2,2token,not_valid_noun
mirrors,Windows to,-16.09375,2,2token,incomplete_phrase
mirrors,television ______,-16.09375,2,2token,not_valid_noun
mirrors,machine _________,-16.09375,2,2token,not_valid_noun
mirrors,glassware in,-16.09375,2,2token,incomplete_phrase
mirrors,crystal ______,-16.09375,2,2token,not_valid_noun
mirrors,paper Comple,-16.09375,2,2token,incomplete_phrase
mirrors,crystal -,-16.09375,2,2token,incomplete_phrase
mirrors,apple :,-16.09375,2,2token,not_valid_noun
mirrors,apple Present,-16.09375,2,2token,incomplete_phrase
mirrors,paper .....,-16.09375,2,2token,not_valid_noun
mirrors,substance ____,-16.09375,2,2token,not_valid_noun
mirrors,__ ..,-16.09375,2,2token,not_valid_noun
mirrors,invention _______,-16.09375,2,2token,not_valid_noun
mirrors,animal which,-16.09375,2,2token,incomplete_phrase
mirrors,solid COMPLETE,-16.09375,2,2token,not_valid_noun
mirrors,invention to,-16.09375,2,2token,incomplete_phrase
mirrors,invention which,-16.09375,2,2token,incomplete_phrase
mirrors,paper used,-16.09375,2,2token,incomplete_phrase
mirrors,paper _,-16.09375,2,2token,not_valid_noun
mirrors,animal :,-16.09375,2,2token,not_valid_noun
mirrors,………… …………,-16.09375,2,2token,not_valid_noun
mirrors,door ____,-16.09375,2,2token,not_valid_noun
mirrors,sun Related,-16.09375,2,2token,not_valid_noun
mirrors,machine we,-16.09375,2,2token,incomplete_phrase
mirrors,technology ______,-16.09375,2,2token,not_valid_noun
mirrors,__________,-16.09375,2,2token,not_valid_noun
mirrors,paper ..,-16.09375,2,2token,not_valid_noun
mirrors,piece for,-16.09375,2,2token,incomplete_phrase
mirrors,machine by,-16.09375,2,2token,incomplete_phrase
mirrors,machine because,-16.09375,2,2token,incomplete_phrase
mirrors,machine ..,-16.09375,2,2token,not_valid_noun
mirrors,liquid -,-16.09375,2,2token,incomplete_phrase
mirrors,computer or,-16.09375,2,2token,incomplete_phrase
mirrors,liquid which,-16.09375,2,2token,incomplete_phrase
mirrors,sight to,-16.125,2,2token,incomplete_phrase
mirrors,weapon and,-16.125,2,2token,incomplete_phrase
mirrors,buildings are,-16.125,2,2token,incomplete_phrase
mirrors,noun ...,-16.125,2,2token,not_valid_noun
mirrors,buildings ....,-16.125,2,2token,not_valid_noun
mirrors,colour or,-16.125,2,2token,incomplete_phrase
mirrors,reflections or,-16.125,2,2token,incomplete_phrase
mirrors,buildings complete,-16.125,2,2token,not_valid_noun
mirrors,colour and,-16.125,2,2token,incomplete_phrase
mirrors,sport ...,-16.125,2,2token,not_valid_noun
mirrors,non mechanical,-16.125,2,2token,incomplete_phrase
mirrors,objet .....,-16.125,2,2token,not_valid_noun
mirrors,objet ​,-16.125,2,2token,not_valid_noun
mirrors,part A,-16.125,2,2token,incomplete_phrase
mirrors,objet or,-16.125,2,2token,incomplete_phrase
mirrors,objet c,-16.125,2,2token,not_valid_noun
mirrors,part ____,-16.125,2,2token,not_valid_noun
mirrors,part made,-16.125,2,2token,incomplete_phrase
mirrors,objet __________,-16.125,2,2token,not_valid_noun
mirrors,objet :,-16.125,2,2token,not_valid_noun
mirrors,this a,-16.15625,2,2token,incomplete_phrase
mirrors,body ...,-16.15625,2,2token,not_valid_noun
mirrors,…… Part,-16.15625,2,2token,not_valid_noun
mirrors,…… Which,-16.15625,2,2token,not_valid_noun
mirrors,shine that,-16.15625,2,2token,incomplete_phrase
mirrors,this or,-16.15625,2,2token,incomplete_phrase
mirrors,cloth …,-16.15625,2,2token,not_valid_noun
mirrors,mirrors ________,-16.15625,2,2token,not_valid_noun
mirrors,toy Shop,-16.15625,2,2token,incomplete_phrase
mirrors,toy completed,-16.15625,2,2token,not_valid_noun
mirrors,body adorn,-16.15625,2,2token,incomplete_phrase
mirrors,fabric in,-16.15625,2,2token,incomplete_phrase
mirrors,accessory The,-16.15625,2,2token,incomplete_phrase
mirrors,mirrors _______,-16.15625,2,2token,not_valid_noun
mirrors,mirrors to,-16.15625,2,2token,incomplete_phrase
mirrors,eyes that,-16.15625,2,2token,incomplete_phrase
mirrors,instruments ________,-16.15625,2,2token,not_valid_noun
mirrors,craft used,-16.15625,2,2token,incomplete_phrase
mirrors,craft in,-16.15625,2,2token,incomplete_phrase
mirrors,plastic _,-16.15625,2,2token,not_valid_noun
mirrors,wood that,-16.15625,2,2token,incomplete_phrase
mirrors,item is,-16.15625,2,2token,incomplete_phrase
mirrors,ornament with,-16.15625,2,2token,incomplete_phrase
mirrors,ornament made,-16.15625,2,2token,incomplete_phrase
mirrors,item at,-16.15625,2,2token,incomplete_phrase
mirrors,paint a,-16.15625,2,2token,incomplete_phrase
mirrors,paint ..,-16.15625,2,2token,not_valid_noun
mirrors,ornament COMPLETE,-16.15625,2,2token,not_valid_noun
mirrors,piece Of,-16.15625,2,2token,incomplete_phrase
mirrors,Reflection Use,-16.15625,2,2token,incomplete_phrase
mirrors,Reflection the,-16.15625,2,2token,incomplete_phrase
mirrors,walls complete,-16.15625,2,2token,not_valid_noun
mirrors,stone _____,-16.15625,2,2token,not_valid_noun
mirrors,gadget [,-16.15625,2,2token,not_valid_noun
mirrors,food with,-16.15625,2,2token,incomplete_phrase
mirrors,animals or,-16.15625,2,2token,incomplete_phrase
mirrors,Reflection ____,-16.15625,2,2token,not_valid_noun
mirrors,food we,-16.15625,2,2token,incomplete_phrase
mirrors,shine ....,-16.15625,2,2token,not_valid_noun
mirrors,item _____,-16.15625,2,2token,not_valid_noun
mirrors,item ____,-16.15625,2,2token,not_valid_noun
mirrors,toy /,-16.15625,2,2token,not_valid_noun
mirrors,this [,-16.15625,2,2token,not_valid_noun
mirrors,accessory What,-16.15625,2,2token,incomplete_phrase
mirrors,image reflecting,-16.15625,2,2token,incomplete_phrase
mirrors,cloth [,-16.15625,2,2token,not_valid_noun
mirrors,paint ___________,-16.15625,2,2token,not_valid_noun
mirrors,gadget made,-16.15625,2,2token,incomplete_phrase
mirrors,gadget ____,-16.15625,2,2token,not_valid_noun
mirrors,gadget ..,-16.15625,2,2token,not_valid_noun
mirrors,toy is,-16.15625,2,2token,incomplete_phrase
mirrors,toy :,-16.15625,2,2token,not_valid_noun
mirrors,toy …,-16.15625,2,2token,not_valid_noun
mirrors,glas The,-16.15625,2,2token,incomplete_phrase
mirrors,accessory COMPLETE,-16.15625,2,2token,not_valid_noun
mirrors,accessory ….,-16.15625,2,2token,not_valid_noun
mirrors,this and,-16.15625,2,2token,incomplete_phrase
mirrors,accessory are,-16.15625,2,2token,incomplete_phrase
mirrors,kitchen ut,-16.1875,2,2token,incomplete_phrase
mirrors,face is,-16.1875,2,2token,incomplete_phrase
mirrors,car -,-16.1875,2,2token,incomplete_phrase
mirrors,element ....,-16.1875,2,2token,not_valid_noun
mirrors,product _______,-16.1875,2,2token,not_valid_noun
mirrors,matter _______,-16.1875,2,2token,not_valid_noun
mirrors,element and,-16.1875,2,2token,incomplete_phrase
mirrors,matter ....,-16.1875,2,2token,not_valid_noun
mirrors,car or,-16.1875,2,2token,incomplete_phrase
mirrors,television is,-16.1875,2,2token,incomplete_phrase
mirrors,camera ...,-16.1875,2,2token,not_valid_noun
mirrors,vehicle ______,-16.1875,2,2token,not_valid_noun
mirrors,prop to,-16.1875,2,2token,incomplete_phrase
mirrors,face for,-16.1875,2,2token,not_valid_noun
mirrors,sound Reflection,-16.1875,2,2token,incomplete_phrase
mirrors,jewelry ...,-16.21875,2,2token,not_valid_noun
mirrors,jewelry for,-16.21875,2,2token,incomplete_phrase
mirrors,paper ___________,-16.21875,2,2token,not_valid_noun
mirrors,plant Answer,-16.21875,2,2token,not_valid_noun
mirrors,paper What,-16.21875,2,2token,incomplete_phrase
mirrors,paper complete,-16.21875,2,2token,not_valid_noun
mirrors,paper Write,-16.21875,2,2token,incomplete_phrase
mirrors,table ....,-16.21875,2,2token,not_valid_noun
mirrors,paper A,-16.21875,2,2token,incomplete_phrase
mirrors,table that,-16.21875,2,2token,incomplete_phrase
mirrors,table Top,-16.21875,2,2token,incomplete_phrase
mirrors,kind and,-16.21875,2,2token,incomplete_phrase
mirrors,decorations which,-16.21875,2,2token,incomplete_phrase
mirrors,invention /,-16.21875,2,2token,not_valid_noun
mirrors,invention Answer,-16.21875,2,2token,not_valid_noun
mirrors,hardware used,-16.21875,2,2token,incomplete_phrase
mirrors,hardware _,-16.21875,2,2token,not_valid_noun
mirrors,machine you,-16.21875,2,2token,incomplete_phrase
mirrors,machine [,-16.21875,2,2token,not_valid_noun
mirrors,substance The,-16.21875,2,2token,incomplete_phrase
mirrors,machine A,-16.21875,2,2token,incomplete_phrase
mirrors,something _______,-16.21875,2,2token,not_valid_noun
mirrors,glassware -,-16.21875,2,2token,incomplete_phrase
mirrors,animal Print,-16.21875,2,2token,incomplete_phrase
mirrors,animal Answer,-16.21875,2,2token,not_valid_noun
mirrors,substance from,-16.21875,2,2token,incomplete_phrase
mirrors,something -,-16.21875,2,2token,incomplete_phrase
mirrors,crystal _____,-16.21875,2,2token,not_valid_noun
mirrors,glassware used,-16.21875,2,2token,incomplete_phrase
mirrors,appliances or,-16.21875,2,2token,incomplete_phrase
mirrors,appliances and,-16.21875,2,2token,incomplete_phrase
mirrors,glassware _____,-16.21875,2,2token,not_valid_noun
mirrors,apple ______,-16.21875,2,2token,not_valid_noun
mirrors,apple …,-16.21875,2,2token,not_valid_noun
mirrors,rock complete,-16.21875,2,2token,not_valid_noun
mirrors,rock ....,-16.21875,2,2token,not_valid_noun
mirrors,doors in,-16.21875,2,2token,incomplete_phrase
mirrors,paper with,-16.21875,2,2token,incomplete_phrase
mirrors,paper by,-16.21875,2,2token,incomplete_phrase
mirrors,decorations are,-16.21875,2,2token,incomplete_phrase
mirrors,mineral ____,-16.21875,2,2token,not_valid_noun
mirrors,clothes ....,-16.21875,2,2token,not_valid_noun
mirrors,plane with,-16.21875,2,2token,incomplete_phrase
mirrors,solid _.,-16.21875,2,2token,not_valid_noun
mirrors,materials because,-16.21875,2,2token,incomplete_phrase
mirrors,kind :,-16.21875,2,2token,not_valid_noun
mirrors,clock Read,-16.21875,2,2token,not_valid_noun
mirrors,kind …,-16.21875,2,2token,not_valid_noun
mirrors,kind are,-16.21875,2,2token,incomplete_phrase
mirrors,container ....,-16.21875,2,2token,not_valid_noun
mirrors,painting by,-16.21875,2,2token,incomplete_phrase
mirrors,__ computer,-16.21875,2,2token,not_valid_noun
mirrors,lamp Shade,-16.21875,2,2token,incomplete_phrase
mirrors,mineral ______,-16.21875,2,2token,not_valid_noun
mirrors,mineral Fill,-16.21875,2,2token,not_valid_noun
mirrors,article is,-16.21875,2,2token,incomplete_phrase
mirrors,substance _____,-16.21875,2,2token,not_valid_noun
mirrors,substance /,-16.21875,2,2token,not_valid_noun
mirrors,substance such,-16.21875,2,2token,incomplete_phrase
mirrors,substance like,-16.21875,2,2token,incomplete_phrase
mirrors,property or,-16.21875,2,2token,incomplete_phrase
mirrors,………… food,-16.21875,2,2token,not_valid_noun
mirrors,technology ____,-16.21875,2,2token,not_valid_noun
mirrors,decorations around,-16.21875,2,2token,incomplete_phrase
mirrors,technology :,-16.21875,2,2token,not_valid_noun
mirrors,technology /,-16.21875,2,2token,not_valid_noun
mirrors,technology _,-16.21875,2,2token,not_valid_noun
mirrors,shape ________,-16.21875,2,2token,not_valid_noun
mirrors,computer and,-16.21875,2,2token,incomplete_phrase
mirrors,computer _,-16.21875,2,2token,not_valid_noun
mirrors,sun =,-16.21875,2,2token,not_valid_noun
mirrors,computer ....,-16.21875,2,2token,not_valid_noun
mirrors,door -,-16.21875,2,2token,incomplete_phrase
mirrors,jewellery ....,-16.21875,2,2token,not_valid_noun
mirrors,door .....,-16.21875,2,2token,not_valid_noun
mirrors,door _,-16.21875,2,2token,not_valid_noun
mirrors,reflections are,-16.25,2,2token,incomplete_phrase
mirrors,reflections that,-16.25,2,2token,incomplete_phrase
mirrors,noun is,-16.25,2,2token,incomplete_phrase
mirrors,buildings _______,-16.25,2,2token,not_valid_noun
mirrors,colour in,-16.25,2,2token,incomplete_phrase
mirrors,noun verb,-16.25,2,2token,incomplete_phrase
mirrors,part the,-16.25,2,2token,incomplete_phrase
mirrors,sport in,-16.25,2,2token,incomplete_phrase
mirrors,non ferrous,-16.25,2,2token,not_valid_noun
mirrors,non moving,-16.25,2,2token,not_valid_noun
mirrors,sight in,-16.25,2,2token,incomplete_phrase
mirrors,objet f,-16.25,2,2token,not_valid_noun
mirrors,objet ....,-16.25,2,2token,not_valid_noun
mirrors,sight -,-16.25,2,2token,incomplete_phrase
mirrors,shadow ______,-16.25,2,2token,not_valid_noun
mirrors,shine of,-16.25,2,2token,not_valid_noun
mirrors,shine Comple,-16.25,2,2token,incomplete_phrase
mirrors,shine ________,-16.25,2,2token,not_valid_noun
mirrors,ornament Read,-16.28125,2,2token,not_valid_noun
mirrors,item Answer,-16.28125,2,2token,not_valid_noun
mirrors,Reflection Fill,-16.28125,2,2token,not_valid_noun
mirrors,medicine to,-16.28125,2,2token,incomplete_phrase
mirrors,gadget .....,-16.28125,2,2token,not_valid_noun
mirrors,food ingredient,-16.28125,2,2token,not_valid_noun
mirrors,food Answer,-16.28125,2,2token,not_valid_noun
mirrors,made on,-16.28125,2,2token,not_valid_noun
mirrors,media and,-16.28125,2,2token,incomplete_phrase
mirrors,animals ....,-16.28125,2,2token,not_valid_noun
mirrors,paint to,-16.28125,2,2token,not_valid_noun
mirrors,paint _________,-16.28125,2,2token,not_valid_noun
mirrors,paint _,-16.28125,2,2token,not_valid_noun
mirrors,ornament Comple,-16.28125,2,2token,incomplete_phrase
mirrors,piece in,-16.28125,2,2token,incomplete_phrase
mirrors,media ....,-16.28125,2,2token,not_valid_noun
mirrors,medicine complete,-16.28125,2,2token,not_valid_noun
mirrors,gadget ______,-16.28125,2,2token,not_valid_noun
mirrors,…… Please,-16.28125,2,2token,not_valid_noun
mirrors,…… Give,-16.28125,2,2token,not_valid_noun
mirrors,…… Find,-16.28125,2,2token,not_valid_noun
mirrors,surfaces complete,-16.28125,2,2token,not_valid_noun
mirrors,…… This,-16.28125,2,2token,not_valid_noun
mirrors,…… We,-16.28125,2,2token,not_valid_noun
mirrors,image ____,-16.28125,2,2token,not_valid_noun
mirrors,cloth made,-16.28125,2,2token,incomplete_phrase
mirrors,cloth by,-16.28125,2,2token,incomplete_phrase
mirrors,stone because,-16.28125,2,2token,incomplete_phrase
mirrors,cloth The,-16.28125,2,2token,incomplete_phrase
mirrors,stone What,-16.28125,2,2token,incomplete_phrase
mirrors,image and,-16.28125,2,2token,incomplete_phrase
mirrors,……,-16.28125,2,2token,not_valid_noun
mirrors,image ....,-16.28125,2,2token,not_valid_noun
mirrors,item and,-16.28125,2,2token,incomplete_phrase
mirrors,food you,-16.28125,2,2token,incomplete_phrase
mirrors,item a,-16.28125,2,2token,incomplete_phrase
mirrors,craft ________,-16.28125,2,2token,not_valid_noun
mirrors,toy ..,-16.28125,2,2token,not_valid_noun
mirrors,craft ....,-16.28125,2,2token,not_valid_noun
mirrors,body _.,-16.28125,2,2token,not_valid_noun
mirrors,stone The,-16.28125,2,2token,incomplete_phrase
mirrors,plastic Present,-16.28125,2,2token,incomplete_phrase
mirrors,stone :,-16.28125,2,2token,not_valid_noun
mirrors,plastic A,-16.28125,2,2token,incomplete_phrase
mirrors,cloth Explain,-16.28125,2,2token,incomplete_phrase
mirrors,glas Use,-16.28125,2,2token,incomplete_phrase
mirrors,stone with,-16.28125,2,2token,not_valid_noun
mirrors,glas that,-16.28125,2,2token,incomplete_phrase
mirrors,stone ______,-16.28125,2,2token,not_valid_noun
mirrors,gadget you,-16.28125,2,2token,incomplete_phrase
mirrors,glas .....,-16.28125,2,2token,not_valid_noun
mirrors,iron is,-16.28125,2,2token,incomplete_phrase
mirrors,surfaces ...,-16.28125,2,2token,not_valid_noun
mirrors,gadget _____,-16.28125,2,2token,not_valid_noun
mirrors,gadget is,-16.28125,2,2token,incomplete_phrase
mirrors,image ______,-16.28125,2,2token,not_valid_noun
mirrors,mirrors with,-16.28125,2,2token,incomplete_phrase
mirrors,plate on,-16.3125,2,2token,incomplete_phrase
mirrors,face Personal,-16.3125,2,2token,incomplete_phrase
mirrors,plate /,-16.3125,2,2token,not_valid_noun
mirrors,vehicle and,-16.3125,2,2token,incomplete_phrase
mirrors,kitchen ____,-16.3125,2,2token,not_valid_noun
mirrors,car in,-16.3125,2,2token,incomplete_phrase
mirrors,television ____,-16.3125,2,2token,not_valid_noun
mirrors,element _______,-16.3125,2,2token,not_valid_noun
mirrors,magic -,-16.3125,2,2token,incomplete_phrase
mirrors,magic ______,-16.3125,2,2token,not_valid_noun
mirrors,view is,-16.3125,2,2token,incomplete_phrase
mirrors,plate to,-16.3125,2,2token,incomplete_phrase
mirrors,form a,-16.3125,2,2token,incomplete_phrase
mirrors,screen to,-16.3125,2,2token,incomplete_phrase
mirrors,screen _______,-16.3125,2,2token,not_valid_noun
mirrors,car that,-16.3125,2,2token,incomplete_phrase
mirrors,product from,-16.3125,2,2token,incomplete_phrase
mirrors,magic and,-16.3125,2,2token,incomplete_phrase
mirrors,plate _____,-16.3125,2,2token,not_valid_noun
mirrors,face ________,-16.3125,2,2token,not_valid_noun
mirrors,face washing,-16.3125,2,2token,incomplete_phrase
mirrors,article -,-16.34375,2,2token,incomplete_phrase
mirrors,materials ______,-16.34375,2,2token,not_valid_noun
mirrors,painting ______,-16.34375,2,2token,not_valid_noun
mirrors,jewelry ....,-16.34375,2,2token,not_valid_noun
mirrors,jewelry and,-16.34375,2,2token,incomplete_phrase
mirrors,table for,-16.34375,2,2token,incomplete_phrase
mirrors,solid piece,-16.34375,2,2token,incomplete_phrase
mirrors,doors ...,-16.34375,2,2token,not_valid_noun
mirrors,kind Comple,-16.34375,2,2token,incomplete_phrase
mirrors,__ ___________,-16.34375,2,2token,not_valid_noun
mirrors,plane ______,-16.34375,2,2token,not_valid_noun
mirrors,hardware /,-16.34375,2,2token,not_valid_noun
mirrors,mineral called,-16.34375,2,2token,incomplete_phrase
mirrors,apple ..,-16.34375,2,2token,not_valid_noun
mirrors,animal [,-16.34375,2,2token,not_valid_noun
mirrors,glassware which,-16.34375,2,2token,incomplete_phrase
mirrors,machine Use,-16.34375,2,2token,incomplete_phrase
mirrors,machine The,-16.34375,2,2token,incomplete_phrase
mirrors,machine …,-16.34375,2,2token,not_valid_noun
mirrors,something complete,-16.34375,2,2token,not_valid_noun
mirrors,animal /,-16.34375,2,2token,not_valid_noun
mirrors,lamp -,-16.34375,2,2token,incomplete_phrase
mirrors,__ technology,-16.34375,2,2token,not_valid_noun
mirrors,plane in,-16.34375,2,2token,incomplete_phrase
mirrors,doors to,-16.34375,2,2token,incomplete_phrase
mirrors,table -,-16.34375,2,2token,incomplete_phrase
mirrors,solid made,-16.34375,2,2token,not_valid_noun
mirrors,jewellery for,-16.34375,2,2token,incomplete_phrase
mirrors,plant and,-16.34375,2,2token,incomplete_phrase
mirrors,lamp which,-16.34375,2,2token,incomplete_phrase
mirrors,animal of,-16.34375,2,2token,incomplete_phrase
mirrors,something ....,-16.34375,2,2token,not_valid_noun
mirrors,something Read,-16.34375,2,2token,not_valid_noun
mirrors,crystal used,-16.34375,2,2token,incomplete_phrase
mirrors,mineral of,-16.34375,2,2token,incomplete_phrase
mirrors,technology by,-16.34375,2,2token,incomplete_phrase
mirrors,technology is,-16.34375,2,2token,incomplete_phrase
mirrors,technology [,-16.34375,2,2token,not_valid_noun
mirrors,substance is,-16.34375,2,2token,incomplete_phrase
mirrors,liquid with,-16.34375,2,2token,incomplete_phrase
mirrors,liquid ______,-16.34375,2,2token,not_valid_noun
mirrors,clothing to,-16.34375,2,2token,incomplete_phrase
mirrors,article _____,-16.34375,2,2token,not_valid_noun
mirrors,article ..,-16.34375,2,2token,not_valid_noun
mirrors,clothing _______,-16.34375,2,2token,not_valid_noun
mirrors,substance we,-16.34375,2,2token,incomplete_phrase
mirrors,appliances complete,-16.34375,2,2token,not_valid_noun
mirrors,vegetable ....,-16.34375,2,2token,not_valid_noun
mirrors,piece,-16.34375,2,2token,incomplete_phrase
mirrors,hardware _____,-16.34375,2,2token,not_valid_noun
mirrors,jewellery and,-16.34375,2,2token,incomplete_phrase
mirrors,property ...,-16.34375,2,2token,not_valid_noun
mirrors,substance What,-16.34375,2,2token,incomplete_phrase
mirrors,shape used,-16.34375,2,2token,incomplete_phrase
mirrors,substance [,-16.34375,2,2token,not_valid_noun
mirrors,………… ….,-16.34375,2,2token,not_valid_noun
mirrors,appliances ...,-16.34375,2,2token,not_valid_noun
mirrors,clothing ________,-16.34375,2,2token,not_valid_noun
mirrors,kind in,-16.34375,2,2token,incomplete_phrase
mirrors,decorations _______,-16.34375,2,2token,not_valid_noun
mirrors,lamp complete,-16.34375,2,2token,not_valid_noun
mirrors,apparatus ______,-16.375,2,2token,not_valid_noun
mirrors,computer Part,-16.375,2,2token,incomplete_phrase
mirrors,computer is,-16.375,2,2token,incomplete_phrase
mirrors,weapon ....,-16.375,2,2token,not_valid_noun
mirrors,buildings for,-16.375,2,2token,incomplete_phrase
mirrors,computer that,-16.375,2,2token,incomplete_phrase
mirrors,part /,-16.375,2,2token,not_valid_noun
mirrors,part with,-16.375,2,2token,incomplete_phrase
mirrors,objet ___,-16.375,2,2token,not_valid_noun
mirrors,objet -,-16.375,2,2token,not_valid_noun
mirrors,eyes -,-16.375,2,2token,not_valid_noun
mirrors,sight _______,-16.375,2,2token,not_valid_noun
mirrors,sport to,-16.375,2,2token,incomplete_phrase
mirrors,fish ....,-16.375,2,2token,not_valid_noun
mirrors,buildings ________,-16.375,2,2token,not_valid_noun
mirrors,[ Select,-16.375,2,2token,not_valid_noun
mirrors,prop which,-16.375,2,2token,incomplete_phrase
mirrors,prop of,-16.375,2,2token,incomplete_phrase
mirrors,…… and,-16.375,2,2token,not_valid_noun
mirrors,non electrical,-16.375,2,2token,not_valid_noun
mirrors,sport and,-16.375,2,2token,incomplete_phrase
mirrors,…… the,-16.375,2,2token,not_valid_noun
mirrors,clock is,-16.375,2,2token,incomplete_phrase
mirrors,ornament the,-16.40625,2,2token,incomplete_phrase
mirrors,food on,-16.40625,2,2token,incomplete_phrase
mirrors,iron ....,-16.40625,2,2token,not_valid_noun
mirrors,food are,-16.40625,2,2token,incomplete_phrase
mirrors,made and,-16.40625,2,2token,not_valid_noun
mirrors,made an,-16.40625,2,2token,incomplete_phrase
mirrors,medicine in,-16.40625,2,2token,incomplete_phrase
mirrors,paint Brushes,-16.40625,2,2token,incomplete_phrase
mirrors,paint …,-16.40625,2,2token,not_valid_noun
mirrors,ornament because,-16.40625,2,2token,incomplete_phrase
mirrors,ornament What,-16.40625,2,2token,incomplete_phrase
mirrors,artifact in,-16.40625,2,2token,incomplete_phrase
mirrors,accessory ..,-16.40625,2,2token,not_valid_noun
mirrors,accessory because,-16.40625,2,2token,incomplete_phrase
mirrors,made into,-16.40625,2,2token,not_valid_noun
mirrors,image _____,-16.40625,2,2token,not_valid_noun
mirrors,image to,-16.40625,2,2token,incomplete_phrase
mirrors,image on,-16.40625,2,2token,incomplete_phrase
mirrors,image used,-16.40625,2,2token,incomplete_phrase
mirrors,item ______,-16.40625,2,2token,not_valid_noun
mirrors,artifact used,-16.40625,2,2token,incomplete_phrase
mirrors,mirrors -,-16.40625,2,2token,not_valid_noun
mirrors,gadget …,-16.40625,2,2token,not_valid_noun
mirrors,color or,-16.40625,2,2token,incomplete_phrase
mirrors,gadget Comple,-16.40625,2,2token,incomplete_phrase
mirrors,color _______,-16.40625,2,2token,not_valid_noun
mirrors,walls are,-16.40625,2,2token,incomplete_phrase
mirrors,walls or,-16.40625,2,2token,incomplete_phrase
mirrors,walls of,-16.40625,2,2token,incomplete_phrase
mirrors,accessory _,-16.40625,2,2token,not_valid_noun
mirrors,accessory [,-16.40625,2,2token,not_valid_noun
mirrors,medicine or,-16.40625,2,2token,incomplete_phrase
mirrors,cloth ......,-16.40625,2,2token,not_valid_noun
mirrors,cloth the,-16.40625,2,2token,not_valid_noun
mirrors,plastic is,-16.40625,2,2token,incomplete_phrase
mirrors,plastic -,-16.40625,2,2token,incomplete_phrase
mirrors,stone of,-16.40625,2,2token,incomplete_phrase
mirrors,stone Work,-16.40625,2,2token,incomplete_phrase
mirrors,toy A,-16.40625,2,2token,incomplete_phrase
mirrors,accessory Choose,-16.40625,2,2token,not_valid_noun
mirrors,wood complete,-16.40625,2,2token,not_valid_noun
mirrors,wood is,-16.40625,2,2token,incomplete_phrase
mirrors,body in,-16.40625,2,2token,incomplete_phrase
mirrors,toy Play,-16.40625,2,2token,incomplete_phrase
mirrors,craft ____,-16.40625,2,2token,not_valid_noun
mirrors,stone COMPLETE,-16.40625,2,2token,not_valid_noun
mirrors,instruments ....,-16.40625,2,2token,not_valid_noun
mirrors,screen which,-16.4375,2,2token,incomplete_phrase
mirrors,view ______,-16.4375,2,2token,not_valid_noun
mirrors,Reflection ....,-16.4375,2,2token,not_valid_noun
mirrors,Reflection _________,-16.4375,2,2token,not_valid_noun
mirrors,matter Fill,-16.4375,2,2token,not_valid_noun
mirrors,camera and,-16.4375,2,2token,incomplete_phrase
mirrors,camera or,-16.4375,2,2token,incomplete_phrase
mirrors,product and,-16.4375,2,2token,incomplete_phrase
mirrors,product ________,-16.4375,2,2token,not_valid_noun
mirrors,product complete,-16.4375,2,2token,not_valid_noun
mirrors,television _____,-16.4375,2,2token,not_valid_noun
mirrors,face that,-16.4375,2,2token,incomplete_phrase
mirrors,form ....,-16.4375,2,2token,not_valid_noun
mirrors,kitchen cooking,-16.4375,2,2token,incomplete_phrase
mirrors,kitchen …,-16.4375,2,2token,not_valid_noun
mirrors,plate Which,-16.4375,2,2token,incomplete_phrase
mirrors,vehicle -,-16.4375,2,2token,incomplete_phrase
mirrors,vehicle ____,-16.4375,2,2token,not_valid_noun
mirrors,face on,-16.4375,2,2token,not_valid_noun
mirrors,plate What,-16.4375,2,2token,incomplete_phrase
mirrors,sound and,-16.4375,2,2token,incomplete_phrase
mirrors,prop ________,-16.4375,2,2token,not_valid_noun
mirrors,container Read,-16.46875,2,2token,not_valid_noun
mirrors,solid -,-16.46875,2,2token,not_valid_noun
mirrors,plane which,-16.46875,2,2token,incomplete_phrase
mirrors,invention completed,-16.46875,2,2token,not_valid_noun
mirrors,plane ________,-16.46875,2,2token,not_valid_noun
mirrors,table Comple,-16.46875,2,2token,incomplete_phrase
mirrors,clothes to,-16.46875,2,2token,incomplete_phrase
mirrors,apple ____________,-16.46875,2,2token,not_valid_noun
mirrors,apple ________,-16.46875,2,2token,not_valid_noun
mirrors,technology _____,-16.46875,2,2token,not_valid_noun
mirrors,crystal is,-16.46875,2,2token,incomplete_phrase
mirrors,clothes -,-16.46875,2,2token,incomplete_phrase
mirrors,invention ________,-16.46875,2,2token,not_valid_noun
mirrors,painting ....,-16.46875,2,2token,not_valid_noun
mirrors,technology Incomplete,-16.46875,2,2token,not_valid_noun
mirrors,apple because,-16.46875,2,2token,incomplete_phrase
mirrors,technology ….,-16.46875,2,2token,not_valid_noun
mirrors,technology the,-16.46875,2,2token,incomplete_phrase
mirrors,technology you,-16.46875,2,2token,incomplete_phrase
mirrors,liquid for,-16.46875,2,2token,incomplete_phrase
mirrors,lamp for,-16.46875,2,2token,incomplete_phrase
mirrors,crystal …,-16.46875,2,2token,not_valid_noun
mirrors,liquid because,-16.46875,2,2token,incomplete_phrase
mirrors,crystal _,-16.46875,2,2token,not_valid_noun
mirrors,crystal clear,-16.46875,2,2token,incomplete_phrase
mirrors,article you,-16.46875,2,2token,incomplete_phrase
mirrors,clothes on,-16.46875,2,2token,incomplete_phrase
mirrors,apple by,-16.46875,2,2token,incomplete_phrase
mirrors,apple of,-16.46875,2,2token,incomplete_phrase
mirrors,table with,-16.46875,2,2token,incomplete_phrase
mirrors,technology _.,-16.46875,2,2token,not_valid_noun
mirrors,technology .....,-16.46875,2,2token,not_valid_noun
mirrors,jewelry that,-16.46875,2,2token,incomplete_phrase
mirrors,__ the,-16.46875,2,2token,not_valid_noun
mirrors,container -,-16.46875,2,2token,incomplete_phrase
mirrors,jewelry or,-16.46875,2,2token,incomplete_phrase
mirrors,door _____,-16.46875,2,2token,not_valid_noun
mirrors,music and,-16.46875,2,2token,incomplete_phrase
mirrors,glassware .....,-16.46875,2,2token,not_valid_noun
mirrors,lamp to,-16.46875,2,2token,incomplete_phrase
mirrors,glassware for,-16.46875,2,2token,not_valid_noun
mirrors,shape COMPLETE,-16.46875,2,2token,not_valid_noun
mirrors,lamp ..,-16.46875,2,2token,not_valid_noun
mirrors,lamp _,-16.46875,2,2token,not_valid_noun
mirrors,glassware COMPLETE,-16.46875,2,2token,not_valid_noun
mirrors,liquid called,-16.46875,2,2token,incomplete_phrase
mirrors,crystal ____,-16.46875,2,2token,not_valid_noun
mirrors,substance A,-16.46875,2,2token,incomplete_phrase
mirrors,substance _,-16.46875,2,2token,not_valid_noun
mirrors,something Round,-16.46875,2,2token,incomplete_phrase
mirrors,substance you,-16.46875,2,2token,incomplete_phrase
mirrors,kind Of,-16.46875,2,2token,not_valid_noun
mirrors,kind ....,-16.46875,2,2token,not_valid_noun
mirrors,door are,-16.46875,2,2token,incomplete_phrase
mirrors,door which,-16.46875,2,2token,incomplete_phrase
mirrors,solid ______,-16.46875,2,2token,not_valid_noun
mirrors,solid liquid,-16.46875,2,2token,incomplete_phrase
mirrors,appliances ....,-16.46875,2,2token,not_valid_noun
mirrors,substance COMPLETE,-16.46875,2,2token,not_valid_noun
mirrors,substance Which,-16.46875,2,2token,incomplete_phrase
mirrors,property for,-16.46875,2,2token,incomplete_phrase
mirrors,technology because,-16.46875,2,2token,incomplete_phrase
mirrors,technology Comple,-16.46875,2,2token,incomplete_phrase
mirrors,technology What,-16.46875,2,2token,incomplete_phrase
mirrors,technology Use,-16.46875,2,2token,incomplete_phrase
mirrors,decorations ________,-16.46875,2,2token,not_valid_noun
mirrors,hardware is,-16.46875,2,2token,incomplete_phrase
mirrors,mineral -,-16.46875,2,2token,incomplete_phrase
mirrors,mineral is,-16.46875,2,2token,incomplete_phrase
mirrors,substance the,-16.46875,2,2token,incomplete_phrase
mirrors,noun _______,-16.5,2,2token,not_valid_noun
mirrors,clock ________,-16.5,2,2token,not_valid_noun
mirrors,vegetable or,-16.5,2,2token,incomplete_phrase
mirrors,weapon _______,-16.5,2,2token,not_valid_noun
mirrors,buildings Materials,-16.5,2,2token,incomplete_phrase
mirrors,prop -,-16.5,2,2token,incomplete_phrase
mirrors,prop used,-16.5,2,2token,incomplete_phrase
mirrors,clock in,-16.5,2,2token,incomplete_phrase
mirrors,shine _______,-16.5,2,2token,not_valid_noun
mirrors,shadow for,-16.5,2,2token,incomplete_phrase
mirrors,type o,-16.5,2,2token,incomplete_phrase
mirrors,eyes on,-16.5,2,2token,incomplete_phrase
mirrors,op of,-16.5,2,2token,incomplete_phrase
mirrors,eyes ________,-16.5,2,2token,not_valid_noun
mirrors,eyes ______,-16.5,2,2token,not_valid_noun
mirrors,jewellery or,-16.5,2,2token,incomplete_phrase
mirrors,sport or,-16.5,2,2token,incomplete_phrase
mirrors,sport for,-16.5,2,2token,incomplete_phrase
mirrors,apparatus ....,-16.5,2,2token,not_valid_noun
mirrors,rock _______,-16.5,2,2token,not_valid_noun
mirrors,rock ...,-16.5,2,2token,not_valid_noun
mirrors,[ ]:,-16.5,2,2token,not_valid_noun
mirrors,part ______,-16.5,2,2token,not_valid_noun
mirrors,sight ____,-16.5,2,2token,not_valid_noun
mirrors,computer Read,-16.5,2,2token,not_valid_noun
mirrors,type ____,-16.5,2,2token,not_valid_noun
mirrors,computer -,-16.5,2,2token,incomplete_phrase
mirrors,computer A,-16.5,2,2token,incomplete_phrase
mirrors,stone Select,-16.53125,2,2token,not_valid_noun
mirrors,stone /,-16.53125,2,2token,not_valid_noun
mirrors,stone ….,-16.53125,2,2token,not_valid_noun
mirrors,food _,-16.53125,2,2token,not_valid_noun
mirrors,food Which,-16.53125,2,2token,incomplete_phrase
mirrors,stone a,-16.53125,2,2token,incomplete_phrase
mirrors,stone [,-16.53125,2,2token,not_valid_noun
mirrors,image Present,-16.53125,2,2token,incomplete_phrase
mirrors,glas sy,-16.53125,2,2token,not_valid_noun
mirrors,image producing,-16.53125,2,2token,not_valid_noun
mirrors,gadget The,-16.53125,2,2token,incomplete_phrase
mirrors,resource or,-16.53125,2,2token,incomplete_phrase
mirrors,walls that,-16.53125,2,2token,incomplete_phrase
mirrors,food from,-16.53125,2,2token,incomplete_phrase
mirrors,artifact complete,-16.53125,2,2token,not_valid_noun
mirrors,iron used,-16.53125,2,2token,incomplete_phrase
mirrors,iron _______,-16.53125,2,2token,not_valid_noun
mirrors,walls ...,-16.53125,2,2token,not_valid_noun
mirrors,resource which,-16.53125,2,2token,incomplete_phrase
mirrors,iron which,-16.53125,2,2token,incomplete_phrase
mirrors,iron -,-16.53125,2,2token,incomplete_phrase
mirrors,food /,-16.53125,2,2token,not_valid_noun
mirrors,food of,-16.53125,2,2token,incomplete_phrase
mirrors,glas _________,-16.53125,2,2token,not_valid_noun
mirrors,glas ____________,-16.53125,2,2token,not_valid_noun
mirrors,glas ..,-16.53125,2,2token,not_valid_noun
mirrors,gadget COMPLETE,-16.53125,2,2token,not_valid_noun
mirrors,ornament _,-16.53125,2,2token,not_valid_noun
mirrors,paint [,-16.53125,2,2token,not_valid_noun
mirrors,ornament A,-16.53125,2,2token,incomplete_phrase
mirrors,ornament ___________,-16.53125,2,2token,not_valid_noun
mirrors,paint are,-16.53125,2,2token,incomplete_phrase
mirrors,image Full,-16.53125,2,2token,incomplete_phrase
mirrors,toy of,-16.53125,2,2token,incomplete_phrase
mirrors,color ...,-16.53125,2,2token,not_valid_noun
mirrors,color ________,-16.53125,2,2token,not_valid_noun
mirrors,body that,-16.53125,2,2token,incomplete_phrase
mirrors,stone from,-16.53125,2,2token,incomplete_phrase
mirrors,instruments ______,-16.53125,2,2token,not_valid_noun
mirrors,cloth What,-16.53125,2,2token,incomplete_phrase
mirrors,wood in,-16.53125,2,2token,incomplete_phrase
mirrors,wood used,-16.53125,2,2token,incomplete_phrase
mirrors,wood ________,-16.53125,2,2token,not_valid_noun
mirrors,wood for,-16.53125,2,2token,incomplete_phrase
mirrors,fabric ________,-16.53125,2,2token,not_valid_noun
mirrors,wood -,-16.53125,2,2token,incomplete_phrase
mirrors,toy [,-16.53125,2,2token,not_valid_noun
mirrors,image A,-16.53125,2,2token,incomplete_phrase
mirrors,cloth on,-16.53125,2,2token,incomplete_phrase
mirrors,body ________,-16.53125,2,2token,not_valid_noun
mirrors,screen -,-16.5625,2,2token,incomplete_phrase
mirrors,Reflection ___________,-16.5625,2,2token,not_valid_noun
mirrors,view /,-16.5625,2,2token,not_valid_noun
mirrors,Reflection How,-16.5625,2,2token,not_valid_noun
mirrors,view -,-16.5625,2,2token,not_valid_noun
mirrors,view which,-16.5625,2,2token,incomplete_phrase
mirrors,element ________,-16.5625,2,2token,not_valid_noun
mirrors,craft ______,-16.5625,2,2token,not_valid_noun
mirrors,television _,-16.5625,2,2token,not_valid_noun
mirrors,element called,-16.5625,2,2token,incomplete_phrase
mirrors,Reflection COMPLETE,-16.5625,2,2token,not_valid_noun
mirrors,view with,-16.5625,2,2token,not_valid_noun
mirrors,screen ________,-16.5625,2,2token,not_valid_noun
mirrors,craft which,-16.5625,2,2token,incomplete_phrase
mirrors,matter with,-16.5625,2,2token,not_valid_noun
mirrors,matter ________,-16.5625,2,2token,not_valid_noun
mirrors,matter for,-16.5625,2,2token,not_valid_noun
mirrors,magic ....,-16.5625,2,2token,not_valid_noun
mirrors,magic for,-16.5625,2,2token,incomplete_phrase
mirrors,car _______,-16.5625,2,2token,not_valid_noun
mirrors,matter to,-16.5625,2,2token,not_valid_noun
mirrors,television -,-16.5625,2,2token,incomplete_phrase
mirrors,Reflection from,-16.5625,2,2token,incomplete_phrase
mirrors,Reflection Correct,-16.5625,2,2token,not_valid_noun
mirrors,television in,-16.5625,2,2token,incomplete_phrase
mirrors,camera complete,-16.5625,2,2token,not_valid_noun
mirrors,vehicle _____,-16.5625,2,2token,not_valid_noun
mirrors,sound is,-16.5625,2,2token,incomplete_phrase
mirrors,something a,-16.5625,2,2token,incomplete_phrase
mirrors,apple /,-16.59375,2,2token,not_valid_noun
mirrors,apple =,-16.59375,2,2token,not_valid_noun
mirrors,apple with,-16.59375,2,2token,incomplete_phrase
mirrors,apple which,-16.59375,2,2token,incomplete_phrase
mirrors,door of,-16.59375,2,2token,incomplete_phrase
mirrors,door Find,-16.59375,2,2token,incomplete_phrase
mirrors,article Comple,-16.59375,2,2token,incomplete_phrase
mirrors,plant in,-16.59375,2,2token,incomplete_phrase
mirrors,painting a,-16.59375,2,2token,incomplete_phrase
mirrors,painting _____,-16.59375,2,2token,not_valid_noun
mirrors,technology Used,-16.59375,2,2token,incomplete_phrase
mirrors,technology Read,-16.59375,2,2token,not_valid_noun
mirrors,table are,-16.59375,2,2token,incomplete_phrase
mirrors,doors complete,-16.59375,2,2token,not_valid_noun
mirrors,doors ....,-16.59375,2,2token,not_valid_noun
mirrors,door /,-16.59375,2,2token,not_valid_noun
mirrors,door windows,-16.59375,2,2token,incomplete_phrase
mirrors,door Close,-16.59375,2,2token,incomplete_phrase
mirrors,door Mirror,-16.59375,2,2token,incomplete_phrase
mirrors,article .....,-16.59375,2,2token,not_valid_noun
mirrors,materials /,-16.59375,2,2token,not_valid_noun
mirrors,music ________,-16.59375,2,2token,not_valid_noun
mirrors,lamp /,-16.59375,2,2token,not_valid_noun
mirrors,lamp _________,-16.59375,2,2token,not_valid_noun
mirrors,shape a,-16.59375,2,2token,incomplete_phrase
mirrors,shape the,-16.59375,2,2token,incomplete_phrase
mirrors,shape with,-16.59375,2,2token,not_valid_noun
mirrors,shape /,-16.59375,2,2token,not_valid_noun
mirrors,substance Use,-16.59375,2,2token,incomplete_phrase
mirrors,glassware :,-16.59375,2,2token,not_valid_noun
mirrors,glassware is,-16.59375,2,2token,incomplete_phrase
mirrors,liquid a,-16.59375,2,2token,incomplete_phrase
mirrors,clothing -,-16.59375,2,2token,incomplete_phrase
mirrors,article about,-16.59375,2,2token,incomplete_phrase
mirrors,article …,-16.59375,2,2token,not_valid_noun
mirrors,article [,-16.59375,2,2token,not_valid_noun
mirrors,glas [,-16.59375,2,2token,not_valid_noun
mirrors,liquid Present,-16.59375,2,2token,incomplete_phrase
mirrors,liquid A,-16.59375,2,2token,incomplete_phrase
mirrors,glas Material,-16.59375,2,2token,incomplete_phrase
mirrors,clothing is,-16.59375,2,2token,incomplete_phrase
mirrors,clothing ____,-16.59375,2,2token,not_valid_noun
mirrors,substance ..,-16.59375,2,2token,not_valid_noun
mirrors,kind _,-16.59375,2,2token,not_valid_noun
mirrors,materials -,-16.59375,2,2token,not_valid_noun
mirrors,materials,-16.59375,2,2token,not_valid_noun
mirrors,substance on,-16.59375,2,2token,incomplete_phrase
mirrors,substance :,-16.59375,2,2token,not_valid_noun
mirrors,appliances to,-16.59375,2,2token,incomplete_phrase
mirrors,door ….,-16.59375,2,2token,not_valid_noun
mirrors,clothes you,-16.59375,2,2token,incomplete_phrase
mirrors,solid in,-16.59375,2,2token,incomplete_phrase
mirrors,jewellery in,-16.625,2,2token,incomplete_phrase
mirrors,[ ____,-16.625,2,2token,not_valid_noun
mirrors,sport Comple,-16.625,2,2token,incomplete_phrase
mirrors,rock in,-16.625,2,2token,incomplete_phrase
mirrors,noun a,-16.625,2,2token,incomplete_phrase
mirrors,noun which,-16.625,2,2token,incomplete_phrase
mirrors,property to,-16.625,2,2token,incomplete_phrase
mirrors,part from,-16.625,2,2token,incomplete_phrase
mirrors,shadow on,-16.625,2,2token,incomplete_phrase
mirrors,apparatus called,-16.625,2,2token,incomplete_phrase
mirrors,apparatus and,-16.625,2,2token,incomplete_phrase
mirrors,prop The,-16.625,2,2token,incomplete_phrase
mirrors,apparatus ____,-16.625,2,2token,not_valid_noun
mirrors,fish are,-16.625,2,2token,incomplete_phrase
mirrors,shadow _____,-16.625,2,2token,not_valid_noun
mirrors,clock complete,-16.625,2,2token,not_valid_noun
mirrors,clock _______,-16.625,2,2token,not_valid_noun
mirrors,type is,-16.625,2,2token,incomplete_phrase
mirrors,type ________,-16.625,2,2token,not_valid_noun
mirrors,noun complete,-16.625,2,2token,not_valid_noun
mirrors,eyes _______,-16.625,2,2token,not_valid_noun
mirrors,eyes ....,-16.625,2,2token,not_valid_noun
mirrors,eyes which,-16.625,2,2token,incomplete_phrase
mirrors,fish that,-16.625,2,2token,incomplete_phrase
mirrors,jewellery that,-16.625,2,2token,incomplete_phrase
mirrors,fish complete,-16.625,2,2token,not_valid_noun
mirrors,reflections ....,-16.625,2,2token,not_valid_noun
mirrors,vegetable and,-16.625,2,2token,incomplete_phrase
mirrors,shadow is,-16.625,2,2token,incomplete_phrase
mirrors,image Correct,-16.65625,2,2token,not_valid_noun
mirrors,paint :,-16.65625,2,2token,not_valid_noun
mirrors,made _______,-16.65625,2,2token,not_valid_noun
mirrors,made ______,-16.65625,2,2token,not_valid_noun
mirrors,made is,-16.65625,2,2token,not_valid_noun
mirrors,made -,-16.65625,2,2token,not_valid_noun
mirrors,body or,-16.65625,2,2token,incomplete_phrase
mirrors,item Useful,-16.65625,2,2token,incomplete_phrase
mirrors,item useful,-16.65625,2,2token,incomplete_phrase
mirrors,image is,-16.65625,2,2token,incomplete_phrase
mirrors,surfaces with,-16.65625,2,2token,incomplete_phrase
mirrors,surfaces are,-16.65625,2,2token,incomplete_phrase
mirrors,gadget on,-16.65625,2,2token,incomplete_phrase
mirrors,paint /,-16.65625,2,2token,not_valid_noun
mirrors,paint A,-16.65625,2,2token,incomplete_phrase
mirrors,mirrors :,-16.65625,2,2token,not_valid_noun
mirrors,item Use,-16.65625,2,2token,incomplete_phrase
mirrors,item they,-16.65625,2,2token,incomplete_phrase
mirrors,mirrors the,-16.65625,2,2token,incomplete_phrase
mirrors,resource and,-16.65625,2,2token,incomplete_phrase
mirrors,mirrors _____,-16.65625,2,2token,not_valid_noun
mirrors,mirrors ______,-16.65625,2,2token,not_valid_noun
mirrors,stone A,-16.65625,2,2token,incomplete_phrase
mirrors,stone Read,-16.65625,2,2token,not_valid_noun
mirrors,surfaces ....,-16.65625,2,2token,not_valid_noun
mirrors,stone the,-16.65625,2,2token,incomplete_phrase
mirrors,fabric _______,-16.65625,2,2token,not_valid_noun
mirrors,color and,-16.65625,2,2token,incomplete_phrase
mirrors,mirrors on,-16.65625,2,2token,incomplete_phrase
mirrors,wood _______,-16.65625,2,2token,not_valid_noun
mirrors,piece a,-16.65625,2,2token,incomplete_phrase
mirrors,item -,-16.65625,2,2token,incomplete_phrase
mirrors,paint Work,-16.65625,2,2token,incomplete_phrase
mirrors,medicine and,-16.65625,2,2token,incomplete_phrase
mirrors,____,-16.65625,2,2token,not_valid_noun
mirrors,iron ________,-16.65625,2,2token,not_valid_noun
mirrors,iron Article,-16.65625,2,2token,incomplete_phrase
mirrors,media _______,-16.6875,2,2token,not_valid_noun
mirrors,instruments ____,-16.6875,2,2token,not_valid_noun
mirrors,instruments made,-16.6875,2,2token,incomplete_phrase
mirrors,instruments _____,-16.6875,2,2token,not_valid_noun
mirrors,Reflection Write,-16.6875,2,2token,incomplete_phrase
mirrors,craft of,-16.6875,2,2token,incomplete_phrase
mirrors,body is,-16.6875,2,2token,incomplete_phrase
mirrors,element ______,-16.6875,2,2token,not_valid_noun
mirrors,craft for,-16.6875,2,2token,not_valid_noun
mirrors,element Fill,-16.6875,2,2token,not_valid_noun
mirrors,something very,-16.6875,2,2token,incomplete_phrase
mirrors,Reflection that,-16.6875,2,2token,incomplete_phrase
mirrors,………… I,-16.6875,2,2token,not_valid_noun
mirrors,plate [,-16.6875,2,2token,not_valid_noun
mirrors,something ____,-16.6875,2,2token,not_valid_noun
mirrors,magic ____,-16.6875,2,2token,not_valid_noun
mirrors,camera ....,-16.6875,2,2token,not_valid_noun
mirrors,plate by,-16.6875,2,2token,incomplete_phrase
mirrors,form in,-16.6875,2,2token,incomplete_phrase
mirrors,form and,-16.6875,2,2token,incomplete_phrase
mirrors,form to,-16.6875,2,2token,not_valid_noun
mirrors,something from,-16.6875,2,2token,incomplete_phrase
mirrors,music -,-16.6875,2,2token,incomplete_phrase
mirrors,matter used,-16.6875,2,2token,incomplete_phrase
mirrors,vehicle Fill,-16.6875,2,2token,not_valid_noun
mirrors,matter -,-16.6875,2,2token,incomplete_phrase
mirrors,something is,-16.6875,2,2token,incomplete_phrase
mirrors,element present,-16.6875,2,2token,incomplete_phrase
mirrors,prop ….,-16.6875,2,2token,not_valid_noun
mirrors,container ____,-16.71875,2,2token,not_valid_noun
mirrors,table _______,-16.71875,2,2token,not_valid_noun
mirrors,clothes Optional,-16.71875,2,2token,incomplete_phrase
mirrors,clothes Shop,-16.71875,2,2token,incomplete_phrase
mirrors,article ….,-16.71875,2,2token,not_valid_noun
mirrors,invention -,-16.71875,2,2token,incomplete_phrase
mirrors,glas by,-16.71875,2,2token,incomplete_phrase
mirrors,glas which,-16.71875,2,2token,incomplete_phrase
mirrors,materials you,-16.71875,2,2token,incomplete_phrase
mirrors,materials on,-16.71875,2,2token,incomplete_phrase
mirrors,table ____,-16.71875,2,2token,not_valid_noun
mirrors,table Read,-16.71875,2,2token,not_valid_noun
mirrors,solid Answer,-16.71875,2,2token,not_valid_noun
mirrors,table is,-16.71875,2,2token,incomplete_phrase
mirrors,solid called,-16.71875,2,2token,not_valid_noun
mirrors,solid _,-16.71875,2,2token,not_valid_noun
mirrors,materials by,-16.71875,2,2token,incomplete_phrase
mirrors,materials .....,-16.71875,2,2token,not_valid_noun
mirrors,decorations used,-16.71875,2,2token,incomplete_phrase
mirrors,materials _____,-16.71875,2,2token,not_valid_noun
mirrors,solid A,-16.71875,2,2token,incomplete_phrase
mirrors,glas for,-16.71875,2,2token,incomplete_phrase
mirrors,materials ____,-16.71875,2,2token,not_valid_noun
mirrors,kind _________,-16.71875,2,2token,not_valid_noun
mirrors,kind to,-16.71875,2,2token,not_valid_noun
mirrors,kind o,-16.71875,2,2token,incomplete_phrase
mirrors,piece that,-16.71875,2,2token,incomplete_phrase
mirrors,piece on,-16.71875,2,2token,incomplete_phrase
mirrors,hardware -,-16.71875,2,2token,incomplete_phrase
mirrors,glas objects,-16.71875,2,2token,not_valid_noun
mirrors,hardware of,-16.71875,2,2token,incomplete_phrase
mirrors,hardware are,-16.71875,2,2token,incomplete_phrase
mirrors,glas $\,-16.71875,2,2token,not_valid_noun
mirrors,glas ……,-16.71875,2,2token,not_valid_noun
mirrors,painting for,-16.71875,2,2token,not_valid_noun
mirrors,painting of,-16.71875,2,2token,incomplete_phrase
mirrors,painting -,-16.71875,2,2token,incomplete_phrase
mirrors,glas of,-16.71875,2,2token,incomplete_phrase
mirrors,clothing Read,-16.71875,2,2token,not_valid_noun
mirrors,clothing _____,-16.71875,2,2token,not_valid_noun
mirrors,lamp .....,-16.71875,2,2token,not_valid_noun
mirrors,lamp …,-16.71875,2,2token,not_valid_noun
mirrors,crystal .....,-16.71875,2,2token,not_valid_noun
mirrors,crystal Fill,-16.71875,2,2token,not_valid_noun
mirrors,painting which,-16.71875,2,2token,incomplete_phrase
mirrors,shape _____,-16.71875,2,2token,not_valid_noun
mirrors,mineral .....,-16.71875,2,2token,not_valid_noun
mirrors,crystal ….,-16.71875,2,2token,not_valid_noun
mirrors,mineral Sample,-16.71875,2,2token,incomplete_phrase
mirrors,shape ______,-16.71875,2,2token,not_valid_noun
mirrors,shape on,-16.71875,2,2token,not_valid_noun
mirrors,shape you,-16.71875,2,2token,incomplete_phrase
mirrors,shape A,-16.71875,2,2token,incomplete_phrase
mirrors,glassware [,-16.71875,2,2token,not_valid_noun
mirrors,door A,-16.71875,2,2token,incomplete_phrase
mirrors,door with,-16.71875,2,2token,incomplete_phrase
mirrors,jewelry in,-16.75,2,2token,incomplete_phrase
mirrors,colour that,-16.75,2,2token,incomplete_phrase
mirrors,non perishable,-16.75,2,2token,incomplete_phrase
mirrors,buildings with,-16.75,2,2token,incomplete_phrase
mirrors,apparatus with,-16.75,2,2token,incomplete_phrase
mirrors,shine ____,-16.75,2,2token,not_valid_noun
mirrors,apparatus _____,-16.75,2,2token,not_valid_noun
mirrors,apparatus made,-16.75,2,2token,incomplete_phrase
mirrors,shine for,-16.75,2,2token,not_valid_noun
mirrors,shine to,-16.75,2,2token,not_valid_noun
mirrors,[ appliance,-16.75,2,2token,not_valid_noun
mirrors,property and,-16.75,2,2token,incomplete_phrase
mirrors,property ....,-16.75,2,2token,not_valid_noun
mirrors,appliances used,-16.75,2,2token,incomplete_phrase
mirrors,rock Fill,-16.75,2,2token,not_valid_noun
mirrors,sight _____,-16.75,2,2token,not_valid_noun
mirrors,type Of,-16.75,2,2token,incomplete_phrase
mirrors,type on,-16.75,2,2token,incomplete_phrase
mirrors,type _______,-16.75,2,2token,not_valid_noun
mirrors,type the,-16.75,2,2token,incomplete_phrase
mirrors,eyes ____,-16.75,2,2token,not_valid_noun
mirrors,clock Work,-16.75,2,2token,incomplete_phrase
mirrors,noun -,-16.75,2,2token,incomplete_phrase
mirrors,computer in,-16.75,2,2token,incomplete_phrase
mirrors,clock ....,-16.75,2,2token,not_valid_noun
mirrors,clock that,-16.75,2,2token,incomplete_phrase
mirrors,plane made,-16.75,2,2token,incomplete_phrase
mirrors,plane Correct,-16.75,2,2token,not_valid_noun
mirrors,sight which,-16.75,2,2token,incomplete_phrase
mirrors,reflections from,-16.75,2,2token,incomplete_phrase
mirrors,[,-16.75,2,2token,not_valid_noun
mirrors,[ ________,-16.75,2,2token,not_valid_noun
mirrors,op $\,-16.75,2,2token,not_valid_noun
mirrors,color ....,-16.75,2,2token,not_valid_noun
mirrors,colour -,-16.75,2,2token,incomplete_phrase
mirrors,colour _____,-16.75,2,2token,not_valid_noun
mirrors,colour complete,-16.75,2,2token,not_valid_noun
mirrors,artifact _______,-16.75,2,2token,not_valid_noun
mirrors,artifact ...,-16.75,2,2token,not_valid_noun
mirrors,rock ____,-16.75,2,2token,not_valid_noun
mirrors,part _____,-16.75,2,2token,not_valid_noun
mirrors,part ....,-16.75,2,2token,not_valid_noun
mirrors,noun because,-16.75,2,2token,incomplete_phrase
mirrors,noun ....,-16.75,2,2token,not_valid_noun
mirrors,shadow -,-16.75,2,2token,incomplete_phrase
mirrors,plane _____,-16.75,2,2token,not_valid_noun
mirrors,wood ______,-16.78125,2,2token,not_valid_noun
mirrors,gadget A,-16.78125,2,2token,incomplete_phrase
mirrors,item …,-16.78125,2,2token,not_valid_noun
mirrors,item complete,-16.78125,2,2token,not_valid_noun
mirrors,wood working,-16.78125,2,2token,incomplete_phrase
mirrors,item like,-16.78125,2,2token,incomplete_phrase
mirrors,fabric -,-16.78125,2,2token,incomplete_phrase
mirrors,fabric Fill,-16.78125,2,2token,not_valid_noun
mirrors,fabric to,-16.78125,2,2token,incomplete_phrase
mirrors,animals are,-16.78125,2,2token,incomplete_phrase
mirrors,gadget ….,-16.78125,2,2token,not_valid_noun
mirrors,gadget because,-16.78125,2,2token,incomplete_phrase
mirrors,made me,-16.78125,2,2token,incomplete_phrase
mirrors,piece od,-16.78125,2,2token,incomplete_phrase
mirrors,wood Fill,-16.78125,2,2token,not_valid_noun
mirrors,prop ______,-16.8125,2,2token,not_valid_noun
mirrors,resource ...,-16.8125,2,2token,not_valid_noun
mirrors,body building,-16.8125,2,2token,incomplete_phrase
mirrors,form _______,-16.8125,2,2token,not_valid_noun
mirrors,………… fruit,-16.8125,2,2token,not_valid_noun
mirrors,car …,-16.8125,2,2token,not_valid_noun
mirrors,plate are,-16.8125,2,2token,incomplete_phrase
mirrors,resource on,-16.8125,2,2token,incomplete_phrase
mirrors,magic Item,-16.8125,2,2token,incomplete_phrase
mirrors,magic or,-16.8125,2,2token,incomplete_phrase
mirrors,something Answer,-16.8125,2,2token,not_valid_noun
mirrors,something on,-16.8125,2,2token,incomplete_phrase
mirrors,body ______,-16.8125,2,2token,not_valid_noun
mirrors,matter ______,-16.8125,2,2token,not_valid_noun
mirrors,music is,-16.8125,2,2token,incomplete_phrase
mirrors,element is,-16.8125,2,2token,incomplete_phrase
mirrors,music or,-16.8125,2,2token,incomplete_phrase
mirrors,view :,-16.8125,2,2token,not_valid_noun
mirrors,television ....,-16.8125,2,2token,not_valid_noun
mirrors,body ____,-16.8125,2,2token,not_valid_noun
mirrors,op a,-16.8125,2,2token,not_valid_noun
mirrors,round hard,-16.8125,2,2token,not_valid_noun
mirrors,car ..,-16.8125,2,2token,not_valid_noun
mirrors,plate made,-16.8125,2,2token,incomplete_phrase
mirrors,instruments complete,-16.8125,2,2token,not_valid_noun
mirrors,plate ______,-16.8125,2,2token,not_valid_noun
mirrors,kind,-16.84375,2,2token,incomplete_phrase
mirrors,article :,-16.84375,2,2token,not_valid_noun
mirrors,crystal [,-16.84375,2,2token,not_valid_noun
mirrors,solid but,-16.84375,2,2token,not_valid_noun
mirrors,article by,-16.84375,2,2token,incomplete_phrase
mirrors,clothes ________,-16.84375,2,2token,not_valid_noun
mirrors,table of,-16.84375,2,2token,incomplete_phrase
mirrors,article ___________,-16.84375,2,2token,not_valid_noun
mirrors,article ____________,-16.84375,2,2token,not_valid_noun
mirrors,door The,-16.84375,2,2token,incomplete_phrase
mirrors,door a,-16.84375,2,2token,incomplete_phrase
mirrors,invention Fill,-16.84375,2,2token,not_valid_noun
mirrors,invention invented,-16.84375,2,2token,incomplete_phrase
mirrors,invention ______,-16.84375,2,2token,not_valid_noun
mirrors,crystal What,-16.84375,2,2token,incomplete_phrase
mirrors,lamp A,-16.84375,2,2token,incomplete_phrase
mirrors,lamp made,-16.84375,2,2token,incomplete_phrase
mirrors,shape is,-16.84375,2,2token,incomplete_phrase
mirrors,crystal of,-16.84375,2,2token,incomplete_phrase
mirrors,container ______,-16.84375,2,2token,not_valid_noun
mirrors,container _____,-16.84375,2,2token,not_valid_noun
mirrors,container _.,-16.84375,2,2token,not_valid_noun
mirrors,glas __________,-16.84375,2,2token,not_valid_noun
mirrors,decorations,-16.84375,2,2token,not_valid_noun
mirrors,container made,-16.84375,2,2token,incomplete_phrase
mirrors,clothing .....,-16.84375,2,2token,not_valid_noun
mirrors,shape Correct,-16.84375,2,2token,not_valid_noun
mirrors,clothing ______,-16.84375,2,2token,not_valid_noun
mirrors,clothing are,-16.84375,2,2token,incomplete_phrase
mirrors,glassware fruit,-16.84375,2,2token,incomplete_phrase
mirrors,lamp Correct,-16.84375,2,2token,not_valid_noun
mirrors,glassware The,-16.84375,2,2token,incomplete_phrase
mirrors,plant _______,-16.84375,2,2token,not_valid_noun
mirrors,shape .....,-16.84375,2,2token,not_valid_noun
mirrors,mineral with,-16.84375,2,2token,incomplete_phrase
mirrors,mineral because,-16.84375,2,2token,incomplete_phrase
mirrors,mineral /,-16.84375,2,2token,not_valid_noun
mirrors,mineral Find,-16.84375,2,2token,incomplete_phrase
mirrors,clothing Article,-16.84375,2,2token,incomplete_phrase
mirrors,clothing …,-16.84375,2,2token,not_valid_noun
mirrors,painting to,-16.84375,2,2token,not_valid_noun
mirrors,decorations _____,-16.84375,2,2token,not_valid_noun
mirrors,decorations at,-16.84375,2,2token,incomplete_phrase
mirrors,kind A,-16.84375,2,2token,incomplete_phrase
mirrors,solid is,-16.84375,2,2token,not_valid_noun
mirrors,table ________,-16.84375,2,2token,not_valid_noun
mirrors,materials Fill,-16.84375,2,2token,not_valid_noun
mirrors,materials a,-16.84375,2,2token,not_valid_noun
mirrors,shape called,-16.84375,2,2token,incomplete_phrase
mirrors,kind The,-16.84375,2,2token,not_valid_noun
mirrors,kind for,-16.84375,2,2token,incomplete_phrase
mirrors,kind -,-16.84375,2,2token,not_valid_noun
mirrors,shape [,-16.84375,2,2token,not_valid_noun
mirrors,crystal /,-16.84375,2,2token,not_valid_noun
mirrors,shape The,-16.84375,2,2token,incomplete_phrase
mirrors,shape :,-16.84375,2,2token,not_valid_noun
mirrors,plant Part,-16.84375,2,2token,incomplete_phrase
mirrors,kind ?,-16.84375,2,2token,not_valid_noun
mirrors,kind COMPLETE,-16.84375,2,2token,not_valid_noun
mirrors,hardware you,-16.84375,2,2token,incomplete_phrase
mirrors,materials ..,-16.84375,2,2token,not_valid_noun
mirrors,materials Used,-16.84375,2,2token,incomplete_phrase
mirrors,prop _______,-16.875,2,2token,not_valid_noun
mirrors,buildings ______,-16.875,2,2token,not_valid_noun
mirrors,non permanent,-16.875,2,2token,incomplete_phrase
mirrors,fish _______,-16.875,2,2token,not_valid_noun
mirrors,reflections _______,-16.875,2,2token,not_valid_noun
mirrors,buildings ____,-16.875,2,2token,not_valid_noun
mirrors,fish ________,-16.875,2,2token,not_valid_noun
mirrors,prop /,-16.875,2,2token,not_valid_noun
mirrors,prop What,-16.875,2,2token,incomplete_phrase
mirrors,weapon ________,-16.875,2,2token,not_valid_noun
mirrors,weapon Fill,-16.875,2,2token,not_valid_noun
mirrors,prop _____,-16.875,2,2token,not_valid_noun
mirrors,shine your,-16.875,2,2token,incomplete_phrase
mirrors,apparatus complete,-16.875,2,2token,not_valid_noun
mirrors,shine ______,-16.875,2,2token,not_valid_noun
mirrors,prop .....,-16.875,2,2token,not_valid_noun
mirrors,op ....,-16.875,2,2token,not_valid_noun
mirrors,noun of,-16.875,2,2token,incomplete_phrase
mirrors,plane …,-16.875,2,2token,not_valid_noun
mirrors,shadow ....,-16.875,2,2token,not_valid_noun
mirrors,type and,-16.875,2,2token,incomplete_phrase
mirrors,type _____,-16.875,2,2token,not_valid_noun
mirrors,clock -,-16.875,2,2token,incomplete_phrase
mirrors,clock ______,-16.875,2,2token,not_valid_noun
mirrors,noun ________,-16.875,2,2token,not_valid_noun
mirrors,color in,-16.875,2,2token,incomplete_phrase
mirrors,doors _______,-16.875,2,2token,not_valid_noun
mirrors,part -,-16.875,2,2token,incomplete_phrase
mirrors,part called,-16.875,2,2token,incomplete_phrase
mirrors,part and,-16.875,2,2token,incomplete_phrase
mirrors,[ type,-16.875,2,2token,not_valid_noun
mirrors,rock ________,-16.875,2,2token,not_valid_noun
mirrors,colour ____,-16.875,2,2token,not_valid_noun
mirrors,colour ______,-16.875,2,2token,not_valid_noun
mirrors,artifact made,-16.875,2,2token,incomplete_phrase
mirrors,colour is,-16.875,2,2token,incomplete_phrase
mirrors,appliances which,-16.875,2,2token,incomplete_phrase
mirrors,sight ______,-16.875,2,2token,not_valid_noun
mirrors,sight The,-16.875,2,2token,incomplete_phrase
mirrors,property which,-16.875,2,2token,incomplete_phrase
mirrors,reflections for,-16.875,2,2token,incomplete_phrase
mirrors,reflections ________,-16.875,2,2token,not_valid_noun
mirrors,iron in,-16.875,2,2token,incomplete_phrase
mirrors,mirrors which,-16.90625,2,2token,incomplete_phrase
mirrors,mirrors ..,-16.90625,2,2token,not_valid_noun
mirrors,gadget completed,-16.90625,2,2token,not_valid_noun
mirrors,mirrors The,-16.90625,2,2token,incomplete_phrase
mirrors,mirrors …,-16.90625,2,2token,not_valid_noun
mirrors,gadget ___________,-16.90625,2,2token,not_valid_noun
mirrors,item .....,-16.90625,2,2token,not_valid_noun
mirrors,item such,-16.90625,2,2token,incomplete_phrase
mirrors,fabric which,-16.90625,2,2token,incomplete_phrase
mirrors,fabric .....,-16.90625,2,2token,not_valid_noun
mirrors,image Find,-16.90625,2,2token,incomplete_phrase
mirrors,image forming,-16.90625,2,2token,incomplete_phrase
mirrors,image [,-16.90625,2,2token,not_valid_noun
mirrors,image :,-16.90625,2,2token,not_valid_noun
mirrors,fabric with,-16.90625,2,2token,incomplete_phrase
mirrors,fabric of,-16.90625,2,2token,incomplete_phrase
mirrors,piece …,-16.90625,2,2token,not_valid_noun
mirrors,item Which,-16.90625,2,2token,incomplete_phrase
mirrors,animals _______,-16.90625,2,2token,not_valid_noun
mirrors,image because,-16.90625,2,2token,incomplete_phrase
mirrors,car ______,-16.9375,2,2token,not_valid_noun
mirrors,media ________,-16.9375,2,2token,not_valid_noun
mirrors,media ______,-16.9375,2,2token,not_valid_noun
mirrors,resource we,-16.9375,2,2token,incomplete_phrase
mirrors,product Fill,-16.9375,2,2token,not_valid_noun
mirrors,medicine ....,-16.9375,2,2token,not_valid_noun
mirrors,product /,-16.9375,2,2token,not_valid_noun
mirrors,product with,-16.9375,2,2token,incomplete_phrase
mirrors,………… ……,-16.9375,2,2token,not_valid_noun
mirrors,medicine used,-16.9375,2,2token,incomplete_phrase
mirrors,………… ..,-16.9375,2,2token,not_valid_noun
mirrors,…………,-16.9375,2,2token,not_valid_noun
mirrors,surfaces on,-16.9375,2,2token,incomplete_phrase
mirrors,product ____,-16.9375,2,2token,not_valid_noun
mirrors,television for,-16.9375,2,2token,incomplete_phrase
mirrors,form which,-16.9375,2,2token,incomplete_phrase
mirrors,plate a,-16.9375,2,2token,incomplete_phrase
mirrors,vehicle with,-16.9375,2,2token,incomplete_phrase
mirrors,op en,-16.9375,2,2token,incomplete_phrase
mirrors,instruments with,-16.9375,2,2token,incomplete_phrase
mirrors,craft to,-16.9375,2,2token,not_valid_noun
mirrors,form ________,-16.9375,2,2token,not_valid_noun
mirrors,something ______,-16.9375,2,2token,not_valid_noun
mirrors,something Comple,-16.9375,2,2token,incomplete_phrase
mirrors,element -,-16.9375,2,2token,incomplete_phrase
mirrors,element with,-16.9375,2,2token,incomplete_phrase
mirrors,television that,-16.9375,2,2token,incomplete_phrase
mirrors,television are,-16.9375,2,2token,incomplete_phrase
mirrors,car Part,-16.9375,2,2token,incomplete_phrase
mirrors,car and,-16.9375,2,2token,incomplete_phrase
mirrors,op the,-16.9375,2,2token,incomplete_phrase
mirrors,element _____,-16.9375,2,2token,not_valid_noun
mirrors,view ....,-16.9375,2,2token,not_valid_noun
mirrors,view find,-16.9375,2,2token,incomplete_phrase
mirrors,view into,-16.9375,2,2token,not_valid_noun
mirrors,view a,-16.9375,2,2token,incomplete_phrase
mirrors,music _______,-16.9375,2,2token,not_valid_noun
mirrors,music for,-16.9375,2,2token,incomplete_phrase
mirrors,camera ________,-16.9375,2,2token,not_valid_noun
mirrors,camera ______,-16.9375,2,2token,not_valid_noun
mirrors,camera that,-16.9375,2,2token,incomplete_phrase
mirrors,media _,-16.9375,2,2token,not_valid_noun
mirrors,magic _____,-16.9375,2,2token,not_valid_noun
mirrors,decorations,-16.96875,2,2token,not_valid_noun
mirrors,materials they,-16.96875,2,2token,incomplete_phrase
mirrors,glas How,-16.96875,2,2token,incomplete_phrase
mirrors,materials ….,-16.96875,2,2token,not_valid_noun
mirrors,materials is,-16.96875,2,2token,incomplete_phrase
mirrors,glas the,-16.96875,2,2token,incomplete_phrase
mirrors,crystal with,-16.96875,2,2token,incomplete_phrase
mirrors,crystal a,-16.96875,2,2token,incomplete_phrase
mirrors,decorations with,-16.96875,2,2token,incomplete_phrase
mirrors,decorations Fill,-16.96875,2,2token,not_valid_noun
mirrors,container :,-16.96875,2,2token,not_valid_noun
mirrors,container Full,-16.96875,2,2token,incomplete_phrase
mirrors,lamp are,-16.96875,2,2token,incomplete_phrase
mirrors,article Write,-16.96875,2,2token,incomplete_phrase
mirrors,article called,-16.96875,2,2token,incomplete_phrase
mirrors,lamp by,-16.96875,2,2token,incomplete_phrase
mirrors,glassware A,-16.96875,2,2token,incomplete_phrase
mirrors,painting Material,-16.96875,2,2token,incomplete_phrase
mirrors,hardware Full,-16.96875,2,2token,incomplete_phrase
mirrors,hardware which,-16.96875,2,2token,incomplete_phrase
mirrors,mineral _____,-16.96875,2,2token,not_valid_noun
mirrors,decorations -,-16.96875,2,2token,not_valid_noun
mirrors,materials A,-16.96875,2,2token,not_valid_noun
mirrors,materials :,-16.96875,2,2token,not_valid_noun
mirrors,materials,-16.96875,2,2token,not_valid_noun
mirrors,materials …,-16.96875,2,2token,not_valid_noun
mirrors,crystal :,-16.96875,2,2token,not_valid_noun
mirrors,container filled,-16.96875,2,2token,not_valid_noun
mirrors,crystal ..,-16.96875,2,2token,not_valid_noun
mirrors,crystal Which,-16.96875,2,2token,incomplete_phrase
mirrors,materials Use,-16.96875,2,2token,incomplete_phrase
mirrors,glassware with,-16.96875,2,2token,not_valid_noun
mirrors,glassware What,-16.96875,2,2token,incomplete_phrase
mirrors,shape ____,-16.96875,2,2token,not_valid_noun
mirrors,shape because,-16.96875,2,2token,incomplete_phrase
mirrors,"article ,",-16.96875,2,2token,not_valid_noun
mirrors,painting Fill,-16.96875,2,2token,not_valid_noun
mirrors,plant -,-16.96875,2,2token,incomplete_phrase
mirrors,mineral ..,-16.96875,2,2token,not_valid_noun
mirrors,table to,-16.96875,2,2token,incomplete_phrase
mirrors,clothes /,-16.96875,2,2token,not_valid_noun
mirrors,painting with,-16.96875,2,2token,not_valid_noun
mirrors,invention :,-16.96875,2,2token,not_valid_noun
mirrors,type for,-17.0,2,2token,incomplete_phrase
mirrors,type …,-17.0,2,2token,not_valid_noun
mirrors,apparatus /,-17.0,2,2token,not_valid_noun
mirrors,apparatus Answer,-17.0,2,2token,not_valid_noun
mirrors,artifact ________,-17.0,2,2token,not_valid_noun
mirrors,iron Work,-17.0,2,2token,incomplete_phrase
mirrors,iron ____,-17.0,2,2token,not_valid_noun
mirrors,iron complete,-17.0,2,2token,not_valid_noun
mirrors,fish -,-17.0,2,2token,incomplete_phrase
mirrors,reflections -,-17.0,2,2token,incomplete_phrase
mirrors,type Write,-17.0,2,2token,incomplete_phrase
mirrors,type ....,-17.0,2,2token,not_valid_noun
mirrors,sport ....,-17.0,2,2token,not_valid_noun
mirrors,sport that,-17.0,2,2token,incomplete_phrase
mirrors,[ _____,-17.0,2,2token,not_valid_noun
mirrors,noun /,-17.0,2,2token,not_valid_noun
mirrors,[ item,-17.0,2,2token,not_valid_noun
mirrors,doors Open,-17.0,2,2token,incomplete_phrase
mirrors,noun for,-17.0,2,2token,incomplete_phrase
mirrors,artifact and,-17.0,2,2token,incomplete_phrase
mirrors,weapon ______,-17.0,2,2token,not_valid_noun
mirrors,weapon which,-17.0,2,2token,incomplete_phrase
mirrors,apparatus -,-17.0,2,2token,incomplete_phrase
mirrors,artifact which,-17.0,2,2token,incomplete_phrase
mirrors,artifact for,-17.0,2,2token,incomplete_phrase
mirrors,sport _______,-17.0,2,2token,not_valid_noun
mirrors,weapon -,-17.0,2,2token,incomplete_phrase
mirrors,artifact ....,-17.0,2,2token,not_valid_noun
mirrors,walls ....,-17.0,2,2token,not_valid_noun
mirrors,walls to,-17.0,2,2token,incomplete_phrase
mirrors,clock with,-17.0,2,2token,incomplete_phrase
mirrors,plane __,-17.0,2,2token,not_valid_noun
mirrors,colour of,-17.0,2,2token,incomplete_phrase
mirrors,plane Answer,-17.0,2,2token,not_valid_noun
mirrors,colour Correct,-17.0,2,2token,not_valid_noun
mirrors,sport completed,-17.0,2,2token,not_valid_noun
mirrors,buildings which,-17.0,2,2token,incomplete_phrase
mirrors,buildings of,-17.0,2,2token,incomplete_phrase
mirrors,plane /,-17.0,2,2token,not_valid_noun
mirrors,jewelry to,-17.0,2,2token,incomplete_phrase
mirrors,plane ____,-17.0,2,2token,not_valid_noun
mirrors,sight :,-17.0,2,2token,not_valid_noun
mirrors,shadow that,-17.0,2,2token,not_valid_noun
mirrors,shadow complete,-17.0,2,2token,not_valid_noun
mirrors,color that,-17.0,2,2token,incomplete_phrase
mirrors,color Correct,-17.0,2,2token,not_valid_noun
mirrors,shine -,-17.0,2,2token,not_valid_noun
mirrors,shine with,-17.0,2,2token,not_valid_noun
mirrors,sight _.,-17.0,2,2token,not_valid_noun
mirrors,shine _____,-17.0,2,2token,not_valid_noun
mirrors,color ______,-17.0,2,2token,not_valid_noun
mirrors,color _____,-17.0,2,2token,not_valid_noun
mirrors,color ____,-17.0,2,2token,not_valid_noun
mirrors,sight is,-17.0,2,2token,incomplete_phrase
mirrors,shine COMPLETE,-17.0,2,2token,not_valid_noun
mirrors,reflections to,-17.0,2,2token,incomplete_phrase
mirrors,non durable,-17.0,2,2token,not_valid_noun
mirrors,non solid,-17.0,2,2token,incomplete_phrase
mirrors,non natural,-17.0,2,2token,incomplete_phrase
mirrors,part ofthe,-17.0,2,2token,incomplete_phrase
mirrors,part is,-17.0,2,2token,incomplete_phrase
mirrors,part o,-17.0,2,2token,incomplete_phrase
mirrors,item related,-17.03125,2,2token,incomplete_phrase
mirrors,mirrors A,-17.03125,2,2token,not_valid_noun
mirrors,item I,-17.03125,2,2token,incomplete_phrase
mirrors,gadget the,-17.03125,2,2token,incomplete_phrase
mirrors,mirrors ____,-17.03125,2,2token,not_valid_noun
mirrors,animals to,-17.03125,2,2token,incomplete_phrase
mirrors,animals Fill,-17.03125,2,2token,not_valid_noun
mirrors,wood which,-17.03125,2,2token,incomplete_phrase
mirrors,wood Finish,-17.03125,2,2token,incomplete_phrase
mirrors,wood ____,-17.03125,2,2token,not_valid_noun
mirrors,wood to,-17.03125,2,2token,incomplete_phrase
mirrors,wood ..,-17.03125,2,2token,not_valid_noun
mirrors,wood Cut,-17.03125,2,2token,incomplete_phrase
mirrors,product ______,-17.0625,2,2token,not_valid_noun
mirrors,screen with,-17.0625,2,2token,incomplete_phrase
mirrors,product is,-17.0625,2,2token,incomplete_phrase
mirrors,surfaces -,-17.0625,2,2token,not_valid_noun
mirrors,instruments we,-17.0625,2,2token,incomplete_phrase
mirrors,car wind,-17.0625,2,2token,incomplete_phrase
mirrors,car ____,-17.0625,2,2token,not_valid_noun
mirrors,op c,-17.0625,2,2token,not_valid_noun
mirrors,music Download,-17.0625,2,2token,not_valid_noun
mirrors,music in,-17.0625,2,2token,incomplete_phrase
mirrors,instruments called,-17.0625,2,2token,incomplete_phrase
mirrors,instruments /,-17.0625,2,2token,not_valid_noun
mirrors,form the,-17.0625,2,2token,incomplete_phrase
mirrors,vehicle because,-17.0625,2,2token,incomplete_phrase
mirrors,something of,-17.0625,2,2token,incomplete_phrase
mirrors,vehicle by,-17.0625,2,2token,incomplete_phrase
mirrors,vehicle is,-17.0625,2,2token,incomplete_phrase
mirrors,television ____________,-17.0625,2,2token,not_valid_noun
mirrors,media are,-17.0625,2,2token,incomplete_phrase
mirrors,craft _____,-17.0625,2,2token,not_valid_noun
mirrors,resource ________,-17.0625,2,2token,not_valid_noun
mirrors,plate ____,-17.0625,2,2token,not_valid_noun
mirrors,media _____,-17.0625,2,2token,not_valid_noun
mirrors,media -,-17.0625,2,2token,incomplete_phrase
mirrors,craft Work,-17.0625,2,2token,incomplete_phrase
mirrors,matter ____,-17.0625,2,2token,not_valid_noun
mirrors,………… Write,-17.0625,2,2token,not_valid_noun
mirrors,view ..,-17.0625,2,2token,not_valid_noun
mirrors,view are,-17.0625,2,2token,incomplete_phrase
mirrors,view …,-17.0625,2,2token,not_valid_noun
mirrors,prop Find,-17.0625,2,2token,incomplete_phrase
mirrors,lamp :,-17.09375,2,2token,not_valid_noun
mirrors,materials the,-17.09375,2,2token,incomplete_phrase
mirrors,materials The,-17.09375,2,2token,incomplete_phrase
mirrors,container The,-17.09375,2,2token,incomplete_phrase
mirrors,container [,-17.09375,2,2token,not_valid_noun
mirrors,crystal A,-17.09375,2,2token,incomplete_phrase
mirrors,crystal Glass,-17.09375,2,2token,incomplete_phrase
mirrors,crystal made,-17.09375,2,2token,incomplete_phrase
mirrors,container is,-17.09375,2,2token,incomplete_phrase
mirrors,kind [,-17.09375,2,2token,not_valid_noun
mirrors,crystal the,-17.09375,2,2token,incomplete_phrase
mirrors,lamp Read,-17.09375,2,2token,not_valid_noun
mirrors,decorations ______,-17.09375,2,2token,not_valid_noun
mirrors,clothes _______,-17.09375,2,2token,not_valid_noun
mirrors,table _,-17.09375,2,2token,not_valid_noun
mirrors,crystal _________,-17.09375,2,2token,not_valid_noun
mirrors,table Mirror,-17.09375,2,2token,incomplete_phrase
mirrors,clothing /,-17.09375,2,2token,not_valid_noun
mirrors,clothing which,-17.09375,2,2token,incomplete_phrase
mirrors,clothing :,-17.09375,2,2token,not_valid_noun
mirrors,shape Incomplete,-17.09375,2,2token,not_valid_noun
mirrors,shape Use,-17.09375,2,2token,incomplete_phrase
mirrors,invention from,-17.09375,2,2token,incomplete_phrase
mirrors,invention ____,-17.09375,2,2token,not_valid_noun
mirrors,mineral from,-17.09375,2,2token,incomplete_phrase
mirrors,glassware to,-17.09375,2,2token,incomplete_phrase
mirrors,clothes ..,-17.09375,2,2token,not_valid_noun
mirrors,glassware _,-17.09375,2,2token,not_valid_noun
mirrors,glassware are,-17.09375,2,2token,incomplete_phrase
mirrors,container because,-17.09375,2,2token,incomplete_phrase
mirrors,article completed,-17.09375,2,2token,not_valid_noun
mirrors,glassware ____________,-17.09375,2,2token,not_valid_noun
mirrors,container Answer,-17.09375,2,2token,not_valid_noun
mirrors,piece pf,-17.09375,2,2token,incomplete_phrase
mirrors,plant ________,-17.09375,2,2token,not_valid_noun
mirrors,clothing Optional,-17.09375,2,2token,incomplete_phrase
mirrors,piece to,-17.09375,2,2token,incomplete_phrase
mirrors,clothes is,-17.09375,2,2token,incomplete_phrase
mirrors,clothing you,-17.09375,2,2token,incomplete_phrase
mirrors,painting ____,-17.09375,2,2token,not_valid_noun
mirrors,clothing Comple,-17.09375,2,2token,incomplete_phrase
mirrors,table which,-17.09375,2,2token,incomplete_phrase
mirrors,kind,-17.09375,2,2token,incomplete_phrase
mirrors,kind =,-17.09375,2,2token,not_valid_noun
mirrors,part :,-17.125,2,2token,not_valid_noun
mirrors,op ________,-17.125,2,2token,not_valid_noun
mirrors,iron with,-17.125,2,2token,not_valid_noun
mirrors,iron for,-17.125,2,2token,not_valid_noun
mirrors,part __,-17.125,2,2token,not_valid_noun
mirrors,non plastic,-17.125,2,2token,incomplete_phrase
mirrors,non man,-17.125,2,2token,incomplete_phrase
mirrors,iron ______,-17.125,2,2token,not_valid_noun
mirrors,iron .....,-17.125,2,2token,not_valid_noun
mirrors,iron ..,-17.125,2,2token,not_valid_noun
mirrors,non reflecting,-17.125,2,2token,not_valid_noun
mirrors,shine like,-17.125,2,2token,incomplete_phrase
mirrors,non tangible,-17.125,2,2token,not_valid_noun
mirrors,sight used,-17.125,2,2token,incomplete_phrase
mirrors,prop a,-17.125,2,2token,incomplete_phrase
mirrors,shine up,-17.125,2,2token,not_valid_noun
mirrors,sight Object,-17.125,2,2token,incomplete_phrase
mirrors,shadow :,-17.125,2,2token,not_valid_noun
mirrors,sight See,-17.125,2,2token,incomplete_phrase
mirrors,eyes with,-17.125,2,2token,incomplete_phrase
mirrors,eyes …,-17.125,2,2token,not_valid_noun
mirrors,colour Match,-17.125,2,2token,incomplete_phrase
mirrors,colour .....,-17.125,2,2token,not_valid_noun
mirrors,colour to,-17.125,2,2token,incomplete_phrase
mirrors,colour Full,-17.125,2,2token,incomplete_phrase
mirrors,color is,-17.125,2,2token,incomplete_phrase
mirrors,plane shaped,-17.125,2,2token,incomplete_phrase
mirrors,plane _,-17.125,2,2token,not_valid_noun
mirrors,rock _____,-17.125,2,2token,not_valid_noun
mirrors,plane [,-17.125,2,2token,not_valid_noun
mirrors,plane are,-17.125,2,2token,incomplete_phrase
mirrors,plane is,-17.125,2,2token,incomplete_phrase
mirrors,plane A,-17.125,2,2token,incomplete_phrase
mirrors,noun with,-17.125,2,2token,incomplete_phrase
mirrors,sport Fill,-17.125,2,2token,not_valid_noun
mirrors,vegetable in,-17.125,2,2token,incomplete_phrase
mirrors,vegetable Fill,-17.125,2,2token,not_valid_noun
mirrors,weapon Read,-17.125,2,2token,not_valid_noun
mirrors,weapon /,-17.125,2,2token,not_valid_noun
mirrors,noun A,-17.125,2,2token,incomplete_phrase
mirrors,doors that,-17.125,2,2token,incomplete_phrase
mirrors,buildings _____,-17.125,2,2token,not_valid_noun
mirrors,buildings -,-17.125,2,2token,not_valid_noun
mirrors,buildings to,-17.125,2,2token,incomplete_phrase
mirrors,appliances _______,-17.125,2,2token,not_valid_noun
mirrors,artifact from,-17.125,2,2token,incomplete_phrase
mirrors,[ (,-17.125,2,2token,not_valid_noun
mirrors,[ something,-17.125,2,2token,not_valid_noun
mirrors,apparatus [,-17.125,2,2token,not_valid_noun
mirrors,jewellery -,-17.125,2,2token,not_valid_noun
mirrors,jewellery to,-17.125,2,2token,incomplete_phrase
mirrors,fish is,-17.125,2,2token,incomplete_phrase
mirrors,reflections COMPLETE,-17.125,2,2token,not_valid_noun
mirrors,mirrors ….,-17.15625,2,2token,not_valid_noun
mirrors,mirrors apple,-17.15625,2,2token,incomplete_phrase
mirrors,mirrors .....,-17.15625,2,2token,not_valid_noun
mirrors,mirrors Comple,-17.15625,2,2token,incomplete_phrase
mirrors,mirrors reflect,-17.15625,2,2token,incomplete_phrase
mirrors,mirrors What,-17.15625,2,2token,incomplete_phrase
mirrors,fabric Read,-17.15625,2,2token,not_valid_noun
mirrors,wood .....,-17.15625,2,2token,not_valid_noun
mirrors,animals COMPLETE,-17.15625,2,2token,not_valid_noun
mirrors,animals with,-17.15625,2,2token,incomplete_phrase
mirrors,animals ________,-17.15625,2,2token,not_valid_noun
mirrors,animals Read,-17.15625,2,2token,not_valid_noun
mirrors,animals -,-17.15625,2,2token,not_valid_noun
mirrors,wood are,-17.15625,2,2token,incomplete_phrase
mirrors,mirrors [,-17.15625,2,2token,not_valid_noun
mirrors,wood …,-17.15625,2,2token,not_valid_noun
mirrors,wood The,-17.15625,2,2token,incomplete_phrase
mirrors,mirrors /,-17.15625,2,2token,not_valid_noun
mirrors,television with,-17.1875,2,2token,incomplete_phrase
mirrors,product .....,-17.1875,2,2token,not_valid_noun
mirrors,product _____,-17.1875,2,2token,not_valid_noun
mirrors,television /,-17.1875,2,2token,not_valid_noun
mirrors,made made,-17.1875,2,2token,not_valid_noun
mirrors,made In,-17.1875,2,2token,incomplete_phrase
mirrors,instruments Used,-17.1875,2,2token,incomplete_phrase
mirrors,product Comple,-17.1875,2,2token,incomplete_phrase
mirrors,product -,-17.1875,2,2token,incomplete_phrase
mirrors,………… ?,-17.1875,2,2token,not_valid_noun
mirrors,………… Fill,-17.1875,2,2token,not_valid_noun
mirrors,something What,-17.1875,2,2token,incomplete_phrase
mirrors,matter is,-17.1875,2,2token,incomplete_phrase
mirrors,camera _______,-17.1875,2,2token,not_valid_noun
mirrors,resource from,-17.1875,2,2token,incomplete_phrase
mirrors,surfaces _______,-17.1875,2,2token,not_valid_noun
mirrors,medicine which,-17.1875,2,2token,incomplete_phrase
mirrors,music ....,-17.1875,2,2token,not_valid_noun
mirrors,music ____,-17.1875,2,2token,not_valid_noun
mirrors,craft -,-17.1875,2,2token,incomplete_phrase
mirrors,plate ..,-17.1875,2,2token,not_valid_noun
mirrors,view you,-17.1875,2,2token,incomplete_phrase
mirrors,view by,-17.1875,2,2token,not_valid_noun
mirrors,element because,-17.1875,2,2token,incomplete_phrase
mirrors,vehicle .....,-17.1875,2,2token,not_valid_noun
mirrors,element Answer,-17.1875,2,2token,not_valid_noun
mirrors,craft /,-17.1875,2,2token,not_valid_noun
mirrors,matter _____,-17.1875,2,2token,not_valid_noun
mirrors,form -,-17.1875,2,2token,incomplete_phrase
mirrors,matter Comple,-17.1875,2,2token,incomplete_phrase
mirrors,form is,-17.1875,2,2token,incomplete_phrase
mirrors,………… In,-17.1875,2,2token,not_valid_noun
mirrors,screen Full,-17.1875,2,2token,incomplete_phrase
mirrors,car ….,-17.1875,2,2token,not_valid_noun
mirrors,car .....,-17.1875,2,2token,not_valid_noun
mirrors,screen _____,-17.1875,2,2token,not_valid_noun
mirrors,surfaces made,-17.1875,2,2token,incomplete_phrase
mirrors,car _,-17.1875,2,2token,not_valid_noun
mirrors,clothes complete,-17.21875,2,2token,not_valid_noun
mirrors,shape by,-17.21875,2,2token,incomplete_phrase
mirrors,clothes :,-17.21875,2,2token,not_valid_noun
mirrors,glassware ..,-17.21875,2,2token,not_valid_noun
mirrors,shape we,-17.21875,2,2token,incomplete_phrase
mirrors,container /,-17.21875,2,2token,not_valid_noun
mirrors,shape Answer,-17.21875,2,2token,not_valid_noun
mirrors,glassware …,-17.21875,2,2token,not_valid_noun
mirrors,clothes …,-17.21875,2,2token,not_valid_noun
mirrors,clothes which,-17.21875,2,2token,incomplete_phrase
mirrors,clothes hang,-17.21875,2,2token,incomplete_phrase
mirrors,invention Comple,-17.21875,2,2token,incomplete_phrase
mirrors,painting /,-17.21875,2,2token,not_valid_noun
mirrors,invention _____,-17.21875,2,2token,not_valid_noun
mirrors,invention .....,-17.21875,2,2token,not_valid_noun
mirrors,plant which,-17.21875,2,2token,incomplete_phrase
mirrors,table ______,-17.21875,2,2token,not_valid_noun
mirrors,decorations Answer,-17.21875,2,2token,not_valid_noun
mirrors,decorations .....,-17.21875,2,2token,not_valid_noun
mirrors,decorations The,-17.21875,2,2token,incomplete_phrase
mirrors,decorations :,-17.21875,2,2token,not_valid_noun
mirrors,painting _,-17.21875,2,2token,not_valid_noun
mirrors,painting because,-17.21875,2,2token,incomplete_phrase
mirrors,painting the,-17.21875,2,2token,incomplete_phrase
mirrors,painting A,-17.21875,2,2token,incomplete_phrase
mirrors,plant ____,-17.21875,2,2token,not_valid_noun
mirrors,​,-17.21875,2,2token,not_valid_noun
mirrors,___,-17.21875,2,2token,not_valid_noun
mirrors,painting The,-17.21875,2,2token,incomplete_phrase
mirrors,glassware Answer,-17.21875,2,2token,not_valid_noun
mirrors,glassware ......,-17.21875,2,2token,not_valid_noun
mirrors,glassware ….,-17.21875,2,2token,not_valid_noun
mirrors,glassware _________,-17.21875,2,2token,not_valid_noun
mirrors,glassware Use,-17.21875,2,2token,incomplete_phrase
mirrors,glassware Comple,-17.21875,2,2token,incomplete_phrase
mirrors,glassware /,-17.21875,2,2token,not_valid_noun
mirrors,glassware Read,-17.21875,2,2token,not_valid_noun
mirrors,invention COMPLETE,-17.21875,2,2token,not_valid_noun
mirrors,hardware like,-17.21875,2,2token,incomplete_phrase
mirrors,glassware by,-17.21875,2,2token,incomplete_phrase
mirrors,mineral for,-17.21875,2,2token,incomplete_phrase
mirrors,jewellery _______,-17.25,2,2token,not_valid_noun
mirrors,jewellery ____,-17.25,2,2token,not_valid_noun
mirrors,weapon ____,-17.25,2,2token,not_valid_noun
mirrors,weapon COMPLETE,-17.25,2,2token,not_valid_noun
mirrors,non precious,-17.25,2,2token,not_valid_noun
mirrors,part,-17.25,2,2token,incomplete_phrase
mirrors,jewellery ________,-17.25,2,2token,not_valid_noun
mirrors,artifact ______,-17.25,2,2token,not_valid_noun
mirrors,property -,-17.25,2,2token,incomplete_phrase
mirrors,appliances of,-17.25,2,2token,incomplete_phrase
mirrors,noun ______,-17.25,2,2token,not_valid_noun
mirrors,clock for,-17.25,2,2token,incomplete_phrase
mirrors,type _,-17.25,2,2token,not_valid_noun
mirrors,[ mirror,-17.25,2,2token,not_valid_noun
mirrors,type I,-17.25,2,2token,incomplete_phrase
mirrors,[ A,-17.25,2,2token,not_valid_noun
mirrors,clock which,-17.25,2,2token,incomplete_phrase
mirrors,fish Find,-17.25,2,2token,incomplete_phrase
mirrors,iron A,-17.25,2,2token,incomplete_phrase
mirrors,iron are,-17.25,2,2token,incomplete_phrase
mirrors,vegetable COMPLETE,-17.25,2,2token,not_valid_noun
mirrors,sport is,-17.25,2,2token,incomplete_phrase
mirrors,sport ________,-17.25,2,2token,not_valid_noun
mirrors,colour [,-17.25,2,2token,not_valid_noun
mirrors,shine …,-17.25,2,2token,not_valid_noun
mirrors,shine bright,-17.25,2,2token,not_valid_noun
mirrors,prop [,-17.25,2,2token,not_valid_noun
mirrors,prop Continue,-17.25,2,2token,not_valid_noun
mirrors,jewelry _______,-17.25,2,2token,not_valid_noun
mirrors,rock ______,-17.25,2,2token,not_valid_noun
mirrors,jewelry ____,-17.25,2,2token,not_valid_noun
mirrors,rock which,-17.25,2,2token,incomplete_phrase
mirrors,shadow [,-17.25,2,2token,not_valid_noun
mirrors,sight [,-17.25,2,2token,not_valid_noun
mirrors,rock What,-17.25,2,2token,incomplete_phrase
mirrors,rock -,-17.25,2,2token,incomplete_phrase
mirrors,weapon is,-17.25,2,2token,incomplete_phrase
mirrors,clock to,-17.25,2,2token,incomplete_phrase
mirrors,animals :,-17.28125,2,2token,not_valid_noun
mirrors,animals of,-17.28125,2,2token,incomplete_phrase
mirrors,wood Product,-17.28125,2,2token,incomplete_phrase
mirrors,animals ______,-17.28125,2,2token,not_valid_noun
mirrors,animals ____,-17.28125,2,2token,not_valid_noun
mirrors,fabric :,-17.28125,2,2token,not_valid_noun
mirrors,fabric made,-17.28125,2,2token,incomplete_phrase
mirrors,utens il,-17.28125,2,2token,not_valid_noun
mirrors,matter from,-17.3125,2,2token,not_valid_noun
mirrors,………… Correct,-17.3125,2,2token,not_valid_noun
mirrors,matter made,-17.3125,2,2token,incomplete_phrase
mirrors,matter by,-17.3125,2,2token,not_valid_noun
mirrors,product ….,-17.3125,2,2token,not_valid_noun
mirrors,matter _,-17.3125,2,2token,not_valid_noun
mirrors,made _____,-17.3125,2,2token,not_valid_noun
mirrors,instruments -,-17.3125,2,2token,not_valid_noun
mirrors,instruments,-17.3125,2,2token,not_valid_noun
mirrors,instruments :,-17.3125,2,2token,not_valid_noun
mirrors,television a,-17.3125,2,2token,incomplete_phrase
mirrors,………… What,-17.3125,2,2token,not_valid_noun
mirrors,prop ..,-17.3125,2,2token,not_valid_noun
mirrors,prop Create,-17.3125,2,2token,incomplete_phrase
mirrors,plate the,-17.3125,2,2token,incomplete_phrase
mirrors,plate …,-17.3125,2,2token,not_valid_noun
mirrors,plate Use,-17.3125,2,2token,incomplete_phrase
mirrors,plate Example,-17.3125,2,2token,not_valid_noun
mirrors,plate Full,-17.3125,2,2token,incomplete_phrase
mirrors,plate called,-17.3125,2,2token,incomplete_phrase
mirrors,element COMPLETE,-17.3125,2,2token,not_valid_noun
mirrors,plate Choose,-17.3125,2,2token,not_valid_noun
mirrors,element found,-17.3125,2,2token,incomplete_phrase
mirrors,element ____,-17.3125,2,2token,not_valid_noun
mirrors,vehicle The,-17.3125,2,2token,incomplete_phrase
mirrors,vehicle :,-17.3125,2,2token,not_valid_noun
mirrors,form ____,-17.3125,2,2token,not_valid_noun
mirrors,prop ____,-17.3125,2,2token,not_valid_noun
mirrors,resource Answer,-17.3125,2,2token,not_valid_noun
mirrors,music that,-17.3125,2,2token,incomplete_phrase
mirrors,camera for,-17.3125,2,2token,incomplete_phrase
mirrors,camera -,-17.3125,2,2token,incomplete_phrase
mirrors,camera ____,-17.3125,2,2token,not_valid_noun
mirrors,camera in,-17.3125,2,2token,incomplete_phrase
mirrors,resource you,-17.3125,2,2token,incomplete_phrase
mirrors,resource Full,-17.3125,2,2token,incomplete_phrase
mirrors,media is,-17.3125,2,2token,incomplete_phrase
mirrors,screen ______,-17.3125,2,2token,not_valid_noun
mirrors,screen The,-17.3125,2,2token,incomplete_phrase
mirrors,surfaces like,-17.3125,2,2token,incomplete_phrase
mirrors,surfaces,-17.3125,2,2token,not_valid_noun
mirrors,op ….,-17.3125,2,2token,not_valid_noun
mirrors,op which,-17.3125,2,2token,incomplete_phrase
mirrors,op [,-17.3125,2,2token,not_valid_noun
mirrors,op in,-17.3125,2,2token,incomplete_phrase
mirrors,op t,-17.3125,2,2token,not_valid_noun
mirrors,table :,-17.34375,2,2token,not_valid_noun
mirrors,table What,-17.34375,2,2token,incomplete_phrase
mirrors,table A,-17.34375,2,2token,incomplete_phrase
mirrors,shape What,-17.34375,2,2token,not_valid_noun
mirrors,table …,-17.34375,2,2token,not_valid_noun
mirrors,table _____,-17.34375,2,2token,not_valid_noun
mirrors,piece fo,-17.34375,2,2token,incomplete_phrase
mirrors,plant .....,-17.34375,2,2token,not_valid_noun
mirrors,plant ______,-17.34375,2,2token,not_valid_noun
mirrors,plant _____,-17.34375,2,2token,not_valid_noun
mirrors,plant with,-17.34375,2,2token,not_valid_noun
mirrors,plant /,-17.34375,2,2token,not_valid_noun
mirrors,plant because,-17.34375,2,2token,incomplete_phrase
mirrors,plant for,-17.34375,2,2token,incomplete_phrase
mirrors,shape …,-17.34375,2,2token,not_valid_noun
mirrors,shape Read,-17.34375,2,2token,not_valid_noun
mirrors,decorations such,-17.34375,2,2token,incomplete_phrase
mirrors,decorations /,-17.34375,2,2token,not_valid_noun
mirrors,decorations inside,-17.34375,2,2token,incomplete_phrase
mirrors,decorations ____,-17.34375,2,2token,not_valid_noun
mirrors,lamp Example,-17.34375,2,2token,not_valid_noun
mirrors,decorations ….,-17.34375,2,2token,not_valid_noun
mirrors,invention because,-17.34375,2,2token,incomplete_phrase
mirrors,invention What,-17.34375,2,2token,incomplete_phrase
mirrors,container A,-17.34375,2,2token,incomplete_phrase
mirrors,lamp Add,-17.34375,2,2token,incomplete_phrase
mirrors,lamp What,-17.34375,2,2token,incomplete_phrase
mirrors,lamp The,-17.34375,2,2token,incomplete_phrase
mirrors,invention with,-17.34375,2,2token,incomplete_phrase
mirrors,lamp on,-17.34375,2,2token,incomplete_phrase
mirrors,invention The,-17.34375,2,2token,incomplete_phrase
mirrors,sport COMPLETE,-17.375,2,2token,not_valid_noun
mirrors,noun to,-17.375,2,2token,incomplete_phrase
mirrors,type to,-17.375,2,2token,incomplete_phrase
mirrors,sport ..,-17.375,2,2token,not_valid_noun
mirrors,sight you,-17.375,2,2token,incomplete_phrase
mirrors,sport -,-17.375,2,2token,incomplete_phrase
mirrors,type that,-17.375,2,2token,incomplete_phrase
mirrors,weapon [,-17.375,2,2token,not_valid_noun
mirrors,vegetable _______,-17.375,2,2token,not_valid_noun
mirrors,[ Choose,-17.375,2,2token,not_valid_noun
mirrors,artifact to,-17.375,2,2token,incomplete_phrase
mirrors,[ instrument,-17.375,2,2token,not_valid_noun
mirrors,doors ________,-17.375,2,2token,not_valid_noun
mirrors,"[ ,",-17.375,2,2token,not_valid_noun
mirrors,[ -,-17.375,2,2token,not_valid_noun
mirrors,apparatus :,-17.375,2,2token,not_valid_noun
mirrors,fish ____,-17.375,2,2token,not_valid_noun
mirrors,part i,-17.375,2,2token,incomplete_phrase
mirrors,fish …,-17.375,2,2token,not_valid_noun
mirrors,colour :,-17.375,2,2token,not_valid_noun
mirrors,reflections Answer,-17.375,2,2token,not_valid_noun
mirrors,eyes [,-17.375,2,2token,not_valid_noun
mirrors,eyes :,-17.375,2,2token,not_valid_noun
mirrors,colour Fill,-17.375,2,2token,not_valid_noun
mirrors,colour Change,-17.375,2,2token,incomplete_phrase
mirrors,eyes The,-17.375,2,2token,incomplete_phrase
mirrors,sight ....,-17.375,2,2token,not_valid_noun
mirrors,sport ____,-17.375,2,2token,not_valid_noun
mirrors,weapon …,-17.375,2,2token,not_valid_noun
mirrors,sport ______,-17.375,2,2token,not_valid_noun
mirrors,sight …,-17.375,2,2token,not_valid_noun
mirrors,weapon _____,-17.375,2,2token,not_valid_noun
mirrors,shadow Full,-17.375,2,2token,incomplete_phrase
mirrors,clock /,-17.375,2,2token,not_valid_noun
mirrors,clock ____,-17.375,2,2token,not_valid_noun
mirrors,buildings on,-17.375,2,2token,incomplete_phrase
mirrors,color complete,-17.375,2,2token,not_valid_noun
mirrors,shadow ____,-17.375,2,2token,not_valid_noun
mirrors,shine :,-17.375,2,2token,not_valid_noun
mirrors,buildings A,-17.375,2,2token,not_valid_noun
mirrors,shadow Create,-17.375,2,2token,incomplete_phrase
mirrors,shadow the,-17.375,2,2token,incomplete_phrase
mirrors,shadow to,-17.375,2,2token,incomplete_phrase
mirrors,weapon :,-17.375,2,2token,not_valid_noun
mirrors,part _________,-17.375,2,2token,not_valid_noun
mirrors,part [,-17.375,2,2token,not_valid_noun
mirrors,part …,-17.375,2,2token,not_valid_noun
mirrors,shine is,-17.375,2,2token,incomplete_phrase
mirrors,shine from,-17.375,2,2token,not_valid_noun
mirrors,part I,-17.375,2,2token,incomplete_phrase
mirrors,jewelry ________,-17.375,2,2token,not_valid_noun
mirrors,reflections which,-17.375,2,2token,incomplete_phrase
mirrors,doors for,-17.375,2,2token,incomplete_phrase
mirrors,doors of,-17.375,2,2token,incomplete_phrase
mirrors,iron …,-17.375,2,2token,not_valid_noun
mirrors,colour for,-17.375,2,2token,incomplete_phrase
mirrors,colour the,-17.375,2,2token,incomplete_phrase
mirrors,colour …,-17.375,2,2token,not_valid_noun
mirrors,color of,-17.375,2,2token,incomplete_phrase
mirrors,iron to,-17.375,2,2token,incomplete_phrase
mirrors,eyes because,-17.375,2,2token,incomplete_phrase
mirrors,shadow ___________,-17.375,2,2token,not_valid_noun
mirrors,shine ..,-17.375,2,2token,not_valid_noun
mirrors,shine shiny,-17.375,2,2token,not_valid_noun
mirrors,mirrors apples,-17.40625,2,2token,not_valid_noun
mirrors,mirrors used,-17.40625,2,2token,incomplete_phrase
mirrors,mirrors made,-17.40625,2,2token,incomplete_phrase
mirrors,animals for,-17.40625,2,2token,incomplete_phrase
mirrors,animals Answer,-17.40625,2,2token,not_valid_noun
mirrors,mirrors ___________,-17.40625,2,2token,not_valid_noun
mirrors,mirrors COMPLETE,-17.40625,2,2token,not_valid_noun
mirrors,fabric ..,-17.40625,2,2token,not_valid_noun
mirrors,fabric …,-17.40625,2,2token,not_valid_noun
mirrors,fabric [,-17.40625,2,2token,not_valid_noun
mirrors,wood _____,-17.40625,2,2token,not_valid_noun
mirrors,wood _,-17.40625,2,2token,not_valid_noun
mirrors,animals,-17.40625,2,2token,not_valid_noun
mirrors,fabric ____,-17.40625,2,2token,not_valid_noun
mirrors,fabric /,-17.40625,2,2token,not_valid_noun
mirrors,fabric is,-17.40625,2,2token,incomplete_phrase
mirrors,fabric The,-17.40625,2,2token,incomplete_phrase
mirrors,fabric ______,-17.40625,2,2token,not_valid_noun
mirrors,fabric _____,-17.40625,2,2token,not_valid_noun
mirrors,op ..,-17.4375,2,2token,not_valid_noun
mirrors,music …,-17.4375,2,2token,not_valid_noun
mirrors,music to,-17.4375,2,2token,incomplete_phrase
mirrors,product ..,-17.4375,2,2token,not_valid_noun
mirrors,media with,-17.4375,2,2token,incomplete_phrase
mirrors,media /,-17.4375,2,2token,not_valid_noun
mirrors,media because,-17.4375,2,2token,incomplete_phrase
mirrors,music ______,-17.4375,2,2token,not_valid_noun
mirrors,media ..,-17.4375,2,2token,not_valid_noun
mirrors,television ___________,-17.4375,2,2token,not_valid_noun
mirrors,television [,-17.4375,2,2token,not_valid_noun
mirrors,product on,-17.4375,2,2token,incomplete_phrase
mirrors,television which,-17.4375,2,2token,incomplete_phrase
mirrors,television Show,-17.4375,2,2token,incomplete_phrase
mirrors,product are,-17.4375,2,2token,incomplete_phrase
mirrors,element Part,-17.4375,2,2token,incomplete_phrase
mirrors,vehicle ..,-17.4375,2,2token,not_valid_noun
mirrors,vehicle A,-17.4375,2,2token,incomplete_phrase
mirrors,vehicle _________,-17.4375,2,2token,not_valid_noun
mirrors,vehicle COMPLETE,-17.4375,2,2token,not_valid_noun
mirrors,resource ....,-17.4375,2,2token,not_valid_noun
mirrors,screen ____,-17.4375,2,2token,not_valid_noun
mirrors,screen on,-17.4375,2,2token,incomplete_phrase
mirrors,screen used,-17.4375,2,2token,incomplete_phrase
mirrors,plate A,-17.4375,2,2token,incomplete_phrase
mirrors,craft Item,-17.4375,2,2token,incomplete_phrase
mirrors,plate =,-17.4375,2,2token,not_valid_noun
mirrors,element /,-17.4375,2,2token,not_valid_noun
mirrors,element around,-17.4375,2,2token,incomplete_phrase
mirrors,element made,-17.4375,2,2token,incomplete_phrase
mirrors,element such,-17.4375,2,2token,incomplete_phrase
mirrors,resource _______,-17.4375,2,2token,not_valid_noun
mirrors,music are,-17.4375,2,2token,incomplete_phrase
mirrors,resource -,-17.4375,2,2token,incomplete_phrase
mirrors,resource Use,-17.4375,2,2token,incomplete_phrase
mirrors,screen COMPLETE,-17.4375,2,2token,not_valid_noun
mirrors,matter /,-17.4375,2,2token,not_valid_noun
mirrors,instruments Read,-17.4375,2,2token,not_valid_noun
mirrors,instruments Answer,-17.4375,2,2token,not_valid_noun
mirrors,instruments ….,-17.4375,2,2token,not_valid_noun
mirrors,instruments like,-17.4375,2,2token,incomplete_phrase
mirrors,surfaces such,-17.4375,2,2token,incomplete_phrase
mirrors,product you,-17.4375,2,2token,incomplete_phrase
mirrors,television Present,-17.4375,2,2token,incomplete_phrase
mirrors,product …,-17.4375,2,2token,not_valid_noun
mirrors,form Of,-17.4375,2,2token,incomplete_phrase
mirrors,vehicle ____________,-17.4375,2,2token,not_valid_noun
mirrors,………… To,-17.4375,2,2token,not_valid_noun
mirrors,………… How,-17.4375,2,2token,not_valid_noun
mirrors,vehicle ___________,-17.4375,2,2token,not_valid_noun
mirrors,plant Full,-17.46875,2,2token,incomplete_phrase
mirrors,plant Read,-17.46875,2,2token,not_valid_noun
mirrors,invention …,-17.46875,2,2token,not_valid_noun
mirrors,container _,-17.46875,2,2token,not_valid_noun
mirrors,decorations you,-17.46875,2,2token,incomplete_phrase
mirrors,decorations A,-17.46875,2,2token,not_valid_noun
mirrors,decorations …,-17.46875,2,2token,not_valid_noun
mirrors,decorations Read,-17.46875,2,2token,not_valid_noun
mirrors,decorations ..,-17.46875,2,2token,not_valid_noun
mirrors,invention ….,-17.46875,2,2token,not_valid_noun
mirrors,invention Read,-17.46875,2,2token,not_valid_noun
mirrors,invention like,-17.46875,2,2token,incomplete_phrase
mirrors,invention [,-17.46875,2,2token,not_valid_noun
mirrors,container COMPLETE,-17.46875,2,2token,not_valid_noun
mirrors,table Explain,-17.46875,2,2token,incomplete_phrase
mirrors,invention is,-17.46875,2,2token,incomplete_phrase
mirrors,invention Completed,-17.46875,2,2token,not_valid_noun
mirrors,"iron ,",-17.5,2,2token,not_valid_noun
mirrors,walls for,-17.5,2,2token,incomplete_phrase
mirrors,walls _______,-17.5,2,2token,not_valid_noun
mirrors,apparatus designed,-17.5,2,2token,incomplete_phrase
mirrors,apparatus by,-17.5,2,2token,incomplete_phrase
mirrors,jewellery,-17.5,2,2token,not_valid_noun
mirrors,jewellery which,-17.5,2,2token,incomplete_phrase
mirrors,[ part,-17.5,2,2token,not_valid_noun
mirrors,[ _______,-17.5,2,2token,not_valid_noun
mirrors,iron _,-17.5,2,2token,not_valid_noun
mirrors,eyes ..,-17.5,2,2token,not_valid_noun
mirrors,eyes the,-17.5,2,2token,incomplete_phrase
mirrors,iron a,-17.5,2,2token,incomplete_phrase
mirrors,op or,-17.5,2,2token,incomplete_phrase
mirrors,op ______,-17.5,2,2token,not_valid_noun
mirrors,noun called,-17.5,2,2token,incomplete_phrase
mirrors,weapon with,-17.5,2,2token,incomplete_phrase
mirrors,part you,-17.5,2,2token,incomplete_phrase
mirrors,prop is,-17.5,2,2token,incomplete_phrase
mirrors,prop like,-17.5,2,2token,incomplete_phrase
mirrors,part _,-17.5,2,2token,not_valid_noun
mirrors,clock Incomplete,-17.5,2,2token,not_valid_noun
mirrors,noun used,-17.5,2,2token,incomplete_phrase
mirrors,colour _________,-17.5,2,2token,not_valid_noun
mirrors,shine because,-17.5,2,2token,not_valid_noun
mirrors,buildings Answer,-17.5,2,2token,not_valid_noun
mirrors,eyes _____,-17.5,2,2token,not_valid_noun
mirrors,buildings used,-17.5,2,2token,incomplete_phrase
mirrors,buildings What,-17.5,2,2token,incomplete_phrase
mirrors,rock because,-17.5,2,2token,incomplete_phrase
mirrors,buildings .....,-17.5,2,2token,not_valid_noun
mirrors,shadow with,-17.5,2,2token,not_valid_noun
mirrors,shadow A,-17.5,2,2token,incomplete_phrase
mirrors,noun are,-17.5,2,2token,incomplete_phrase
mirrors,appliances ________,-17.5,2,2token,not_valid_noun
mirrors,type [,-17.5,2,2token,not_valid_noun
mirrors,sport Read,-17.5,2,2token,not_valid_noun
mirrors,weapon because,-17.5,2,2token,incomplete_phrase
mirrors,weapon by,-17.5,2,2token,incomplete_phrase
mirrors,weapon Incomplete,-17.5,2,2token,not_valid_noun
mirrors,property _______,-17.5,2,2token,not_valid_noun
mirrors,sport Total,-17.5,2,2token,incomplete_phrase
mirrors,animals which,-17.53125,2,2token,incomplete_phrase
mirrors,wood a,-17.53125,2,2token,incomplete_phrase
mirrors,wood by,-17.53125,2,2token,incomplete_phrase
mirrors,fabric a,-17.53125,2,2token,incomplete_phrase
mirrors,fabric What,-17.53125,2,2token,incomplete_phrase
mirrors,,-17.53125,2,2token,not_valid_noun
mirrors,wood /,-17.53125,2,2token,not_valid_noun
mirrors,fabric by,-17.53125,2,2token,incomplete_phrase
mirrors,__,-17.53125,2,2token,not_valid_noun
mirrors,animals [,-17.53125,2,2token,not_valid_noun
mirrors,animals …,-17.53125,2,2token,not_valid_noun
mirrors,animals _____,-17.53125,2,2token,not_valid_noun
mirrors,product :,-17.5625,2,2token,not_valid_noun
mirrors,product Read,-17.5625,2,2token,not_valid_noun
mirrors,op :,-17.5625,2,2token,not_valid_noun
mirrors,music complete,-17.5625,2,2token,not_valid_noun
mirrors,media Fill,-17.5625,2,2token,not_valid_noun
mirrors,music =,-17.5625,2,2token,not_valid_noun
mirrors,media ____,-17.5625,2,2token,not_valid_noun
mirrors,product we,-17.5625,2,2token,incomplete_phrase
mirrors,screen by,-17.5625,2,2token,incomplete_phrase
mirrors,screen A,-17.5625,2,2token,incomplete_phrase
mirrors,screen :,-17.5625,2,2token,not_valid_noun
mirrors,vehicle Which,-17.5625,2,2token,incomplete_phrase
mirrors,vehicle …,-17.5625,2,2token,not_valid_noun
mirrors,form _____,-17.5625,2,2token,not_valid_noun
mirrors,element a,-17.5625,2,2token,incomplete_phrase
mirrors,form …,-17.5625,2,2token,not_valid_noun
mirrors,vehicle _,-17.5625,2,2token,not_valid_noun
mirrors,vehicle Read,-17.5625,2,2token,not_valid_noun
mirrors,form ______,-17.5625,2,2token,not_valid_noun
mirrors,vehicle /,-17.5625,2,2token,not_valid_noun
mirrors,screen Correct,-17.5625,2,2token,not_valid_noun
mirrors,screen Read,-17.5625,2,2token,not_valid_noun
mirrors,screen Write,-17.5625,2,2token,incomplete_phrase
mirrors,resource complete,-17.5625,2,2token,not_valid_noun
mirrors,resource available,-17.5625,2,2token,incomplete_phrase
mirrors,resource because,-17.5625,2,2token,incomplete_phrase
mirrors,resource /,-17.5625,2,2token,not_valid_noun
mirrors,screen /,-17.5625,2,2token,not_valid_noun
mirrors,resource _.,-17.5625,2,2token,not_valid_noun
mirrors,vehicle you,-17.5625,2,2token,incomplete_phrase
mirrors,vehicle on,-17.5625,2,2token,incomplete_phrase
mirrors,………… Food,-17.5625,2,2token,not_valid_noun
mirrors,vehicle [,-17.5625,2,2token,not_valid_noun
mirrors,………… Also,-17.5625,2,2token,not_valid_noun
mirrors,camera _,-17.5625,2,2token,not_valid_noun
mirrors,medicine COMPLETE,-17.5625,2,2token,not_valid_noun
mirrors,medicine -,-17.5625,2,2token,incomplete_phrase
mirrors,matter ..,-17.5625,2,2token,not_valid_noun
mirrors,instruments …,-17.5625,2,2token,not_valid_noun
mirrors,medicine [,-17.5625,2,2token,not_valid_noun
mirrors,surfaces ________,-17.5625,2,2token,not_valid_noun
mirrors,surfaces Fill,-17.5625,2,2token,not_valid_noun
mirrors,television The,-17.5625,2,2token,incomplete_phrase
mirrors,container the,-17.59375,2,2token,incomplete_phrase
mirrors,container by,-17.59375,2,2token,incomplete_phrase
mirrors,decorations Materials,-17.59375,2,2token,incomplete_phrase
mirrors,container full,-17.59375,2,2token,incomplete_phrase
mirrors,plant …,-17.59375,2,2token,not_valid_noun
mirrors,plant is,-17.59375,2,2token,incomplete_phrase
mirrors,plant to,-17.59375,2,2token,incomplete_phrase
mirrors,table by,-17.59375,2,2token,incomplete_phrase
mirrors,decorations because,-17.59375,2,2token,incomplete_phrase
mirrors,container …,-17.59375,2,2token,not_valid_noun
mirrors,…………,-17.59375,2,2token,not_valid_noun
mirrors,plant called,-17.59375,2,2token,incomplete_phrase
mirrors,decorations like,-17.59375,2,2token,incomplete_phrase
mirrors,decorations made,-17.59375,2,2token,incomplete_phrase
mirrors,decorations by,-17.59375,2,2token,incomplete_phrase
mirrors,non of,-17.625,2,2token,not_valid_noun
mirrors,jewellery :,-17.625,2,2token,not_valid_noun
mirrors,non _,-17.625,2,2token,not_valid_noun
mirrors,jewellery Shop,-17.625,2,2token,incomplete_phrase
mirrors,non essential,-17.625,2,2token,incomplete_phrase
mirrors,doors ______,-17.625,2,2token,not_valid_noun
mirrors,non luminous,-17.625,2,2token,not_valid_noun
mirrors,reflections The,-17.625,2,2token,incomplete_phrase
mirrors,reflections :,-17.625,2,2token,not_valid_noun
mirrors,reflections Fill,-17.625,2,2token,not_valid_noun
mirrors,non organic,-17.625,2,2token,incomplete_phrase
mirrors,non reusable,-17.625,2,2token,not_valid_noun
mirrors,buildings [,-17.625,2,2token,not_valid_noun
mirrors,reflections a,-17.625,2,2token,incomplete_phrase
mirrors,buildings /,-17.625,2,2token,not_valid_noun
mirrors,jewellery,-17.625,2,2token,not_valid_noun
mirrors,[ +,-17.625,2,2token,not_valid_noun
mirrors,clock _,-17.625,2,2token,not_valid_noun
mirrors,[ ______,-17.625,2,2token,not_valid_noun
mirrors,clock on,-17.625,2,2token,incomplete_phrase
mirrors,clock Face,-17.625,2,2token,incomplete_phrase
mirrors,clock _____,-17.625,2,2token,not_valid_noun
mirrors,clock Fill,-17.625,2,2token,not_valid_noun
mirrors,noun :,-17.625,2,2token,not_valid_noun
mirrors,noun Present,-17.625,2,2token,incomplete_phrase
mirrors,noun ____,-17.625,2,2token,not_valid_noun
mirrors,clock .....,-17.625,2,2token,not_valid_noun
mirrors,clock Part,-17.625,2,2token,incomplete_phrase
mirrors,clock Comple,-17.625,2,2token,incomplete_phrase
mirrors,vegetable /,-17.625,2,2token,not_valid_noun
mirrors,"part ,",-17.625,2,2token,not_valid_noun
mirrors,part inside,-17.625,2,2token,incomplete_phrase
mirrors,weapon weapons,-17.625,2,2token,incomplete_phrase
mirrors,vegetable -,-17.625,2,2token,incomplete_phrase
mirrors,clock :,-17.625,2,2token,not_valid_noun
mirrors,artifact /,-17.625,2,2token,not_valid_noun
mirrors,artifact ____,-17.625,2,2token,not_valid_noun
mirrors,"eyes ,",-17.625,2,2token,not_valid_noun
mirrors,eyes is,-17.625,2,2token,incomplete_phrase
mirrors,eyes,-17.625,2,2token,not_valid_noun
mirrors,shadow because,-17.625,2,2token,incomplete_phrase
mirrors,shadow …,-17.625,2,2token,not_valid_noun
mirrors,jewelry ______,-17.625,2,2token,not_valid_noun
mirrors,shadow /,-17.625,2,2token,not_valid_noun
mirrors,weapon ….,-17.625,2,2token,not_valid_noun
mirrors,[ the,-17.625,2,2token,not_valid_noun
mirrors,sport Completed,-17.625,2,2token,not_valid_noun
mirrors,shadow _________,-17.625,2,2token,not_valid_noun
mirrors,[,-17.625,2,2token,not_valid_noun
mirrors,jewelry -,-17.625,2,2token,incomplete_phrase
mirrors,sport of,-17.625,2,2token,incomplete_phrase
mirrors,sport a,-17.625,2,2token,incomplete_phrase
mirrors,apparatus we,-17.625,2,2token,incomplete_phrase
mirrors,weapon on,-17.625,2,2token,incomplete_phrase
mirrors,walls ________,-17.625,2,2token,not_valid_noun
mirrors,fish for,-17.625,2,2token,not_valid_noun
mirrors,fish [,-17.625,2,2token,not_valid_noun
mirrors,fish /,-17.625,2,2token,not_valid_noun
mirrors,fish swimming,-17.625,2,2token,incomplete_phrase
mirrors,fish ______,-17.625,2,2token,not_valid_noun
mirrors,apparatus is,-17.625,2,2token,incomplete_phrase
mirrors,colour which,-17.625,2,2token,incomplete_phrase
mirrors,walls with,-17.625,2,2token,incomplete_phrase
mirrors,colour ….,-17.625,2,2token,not_valid_noun
mirrors,colour ___________,-17.625,2,2token,not_valid_noun
mirrors,colour are,-17.625,2,2token,incomplete_phrase
mirrors,colour _,-17.625,2,2token,not_valid_noun
mirrors,artifact _____,-17.625,2,2token,not_valid_noun
mirrors,[ I,-17.625,2,2token,not_valid_noun
mirrors,buildings by,-17.625,2,2token,incomplete_phrase
mirrors,color to,-17.625,2,2token,incomplete_phrase
mirrors,type if,-17.625,2,2token,incomplete_phrase
mirrors,type :,-17.625,2,2token,not_valid_noun
mirrors,buildings Read,-17.625,2,2token,not_valid_noun
mirrors,buildings made,-17.625,2,2token,incomplete_phrase
mirrors,eyes Full,-17.625,2,2token,incomplete_phrase
mirrors,eyes _,-17.625,2,2token,not_valid_noun
mirrors,color Match,-17.625,2,2token,incomplete_phrase
mirrors,buildings The,-17.625,2,2token,incomplete_phrase
mirrors,buildings :,-17.625,2,2token,not_valid_noun
mirrors,type -,-17.625,2,2token,incomplete_phrase
mirrors,color Full,-17.625,2,2token,incomplete_phrase
mirrors,walls -,-17.625,2,2token,incomplete_phrase
mirrors,animals ..,-17.65625,2,2token,not_valid_noun
mirrors,fabric Comple,-17.65625,2,2token,incomplete_phrase
mirrors,fabric ….,-17.65625,2,2token,not_valid_noun
mirrors,fabric Finish,-17.65625,2,2token,incomplete_phrase
mirrors,piece f,-17.65625,2,2token,incomplete_phrase
mirrors,………… You,-17.6875,2,2token,not_valid_noun
mirrors,matter Answer,-17.6875,2,2token,not_valid_noun
mirrors,matter [,-17.6875,2,2token,not_valid_noun
mirrors,matter called,-17.6875,2,2token,incomplete_phrase
mirrors,matter …,-17.6875,2,2token,not_valid_noun
mirrors,matter Incomplete,-17.6875,2,2token,not_valid_noun
mirrors,matter COMPLETE,-17.6875,2,2token,not_valid_noun
mirrors,………… They,-17.6875,2,2token,not_valid_noun
mirrors,prop |,-17.6875,2,2token,not_valid_noun
mirrors,matter :,-17.6875,2,2token,not_valid_noun
mirrors,element :,-17.6875,2,2token,not_valid_noun
mirrors,surfaces you,-17.6875,2,2token,incomplete_phrase
mirrors,matter The,-17.6875,2,2token,incomplete_phrase
mirrors,medicine ______,-17.6875,2,2token,not_valid_noun
mirrors,medicine _____,-17.6875,2,2token,not_valid_noun
mirrors,medicine ____,-17.6875,2,2token,not_valid_noun
mirrors,instruments ___________,-17.6875,2,2token,not_valid_noun
mirrors,instruments ..,-17.6875,2,2token,not_valid_noun
mirrors,element [,-17.6875,2,2token,not_valid_noun
mirrors,element Present,-17.6875,2,2token,incomplete_phrase
mirrors,instruments by,-17.6875,2,2token,incomplete_phrase
mirrors,element Which,-17.6875,2,2token,incomplete_phrase
mirrors,matter .....,-17.6875,2,2token,not_valid_noun
mirrors,element by,-17.6875,2,2token,incomplete_phrase
mirrors,vehicle What,-17.6875,2,2token,incomplete_phrase
mirrors,vehicle ?,-17.6875,2,2token,not_valid_noun
mirrors,media Comple,-17.6875,2,2token,incomplete_phrase
mirrors,media you,-17.6875,2,2token,incomplete_phrase
mirrors,media we,-17.6875,2,2token,incomplete_phrase
mirrors,screen Which,-17.6875,2,2token,incomplete_phrase
mirrors,camera which,-17.6875,2,2token,incomplete_phrase
mirrors,camera _.,-17.6875,2,2token,not_valid_noun
mirrors,matter on,-17.6875,2,2token,not_valid_noun
mirrors,camera with,-17.6875,2,2token,incomplete_phrase
mirrors,screen is,-17.6875,2,2token,incomplete_phrase
mirrors,screen [,-17.6875,2,2token,not_valid_noun
mirrors,screen …,-17.6875,2,2token,not_valid_noun
mirrors,resource Read,-17.6875,2,2token,not_valid_noun
mirrors,………… There,-17.6875,2,2token,not_valid_noun
mirrors,product The,-17.6875,2,2token,incomplete_phrase
mirrors,………… complete,-17.6875,2,2token,not_valid_noun
mirrors,product [,-17.6875,2,2token,not_valid_noun
mirrors,op re,-17.6875,2,2token,incomplete_phrase
mirrors,op that,-17.6875,2,2token,incomplete_phrase
mirrors,op _________,-17.6875,2,2token,not_valid_noun
mirrors,,-17.71875,2,2token,not_valid_noun
mirrors,decorations Use,-17.71875,2,2token,incomplete_phrase
mirrors,piece ....,-17.71875,2,2token,not_valid_noun
mirrors,weapon .....,-17.75,2,2token,not_valid_noun
mirrors,doors Comple,-17.75,2,2token,not_valid_noun
mirrors,doors .....,-17.75,2,2token,not_valid_noun
mirrors,doors ____,-17.75,2,2token,not_valid_noun
mirrors,doors -,-17.75,2,2token,not_valid_noun
mirrors,property ________,-17.75,2,2token,not_valid_noun
mirrors,reflections ..,-17.75,2,2token,not_valid_noun
mirrors,doors a,-17.75,2,2token,not_valid_noun
mirrors,doors is,-17.75,2,2token,incomplete_phrase
mirrors,eyes a,-17.75,2,2token,not_valid_noun
mirrors,apparatus ___________,-17.75,2,2token,not_valid_noun
mirrors,rock with,-17.75,2,2token,incomplete_phrase
mirrors,apparatus _.,-17.75,2,2token,not_valid_noun
mirrors,apparatus ____________,-17.75,2,2token,not_valid_noun
mirrors,rock to,-17.75,2,2token,incomplete_phrase
mirrors,reflections What,-17.75,2,2token,incomplete_phrase
mirrors,property Fill,-17.75,2,2token,not_valid_noun
mirrors,apparatus _________,-17.75,2,2token,not_valid_noun
mirrors,color [,-17.75,2,2token,not_valid_noun
mirrors,fish which,-17.75,2,2token,incomplete_phrase
mirrors,rock used,-17.75,2,2token,incomplete_phrase
mirrors,fish :,-17.75,2,2token,not_valid_noun
mirrors,walls which,-17.75,2,2token,incomplete_phrase
mirrors,apparatus .....,-17.75,2,2token,not_valid_noun
mirrors,apparatus ..,-17.75,2,2token,not_valid_noun
mirrors,appliances :,-17.75,2,2token,not_valid_noun
mirrors,appliances such,-17.75,2,2token,incomplete_phrase
mirrors,color Change,-17.75,2,2token,incomplete_phrase
mirrors,appliances -,-17.75,2,2token,not_valid_noun
mirrors,appliances .....,-17.75,2,2token,not_valid_noun
mirrors,appliances ____,-17.75,2,2token,not_valid_noun
mirrors,rock is,-17.75,2,2token,incomplete_phrase
mirrors,property used,-17.75,2,2token,incomplete_phrase
mirrors,fish ..,-17.75,2,2token,not_valid_noun
mirrors,color -,-17.75,2,2token,incomplete_phrase
mirrors,[ insert,-17.75,2,2token,not_valid_noun
mirrors,prop In,-17.75,2,2token,incomplete_phrase
mirrors,artifact with,-17.75,2,2token,incomplete_phrase
mirrors,[ i,-17.75,2,2token,not_valid_noun
mirrors,[ [,-17.75,2,2token,not_valid_noun
mirrors,vegetable ____,-17.75,2,2token,not_valid_noun
mirrors,vegetable ________,-17.75,2,2token,not_valid_noun
mirrors,vegetable Correct,-17.75,2,2token,not_valid_noun
mirrors,vegetable .....,-17.75,2,2token,not_valid_noun
mirrors,jewellery is,-17.75,2,2token,incomplete_phrase
mirrors,jewellery ______,-17.75,2,2token,not_valid_noun
mirrors,op Re,-17.75,2,2token,incomplete_phrase
mirrors,op –,-17.75,2,2token,not_valid_noun
mirrors,[ …,-17.75,2,2token,not_valid_noun
mirrors,vegetable Answer,-17.75,2,2token,not_valid_noun
mirrors,prop I,-17.75,2,2token,incomplete_phrase
mirrors,non biological,-17.75,2,2token,incomplete_phrase
mirrors,vegetable :,-17.75,2,2token,not_valid_noun
mirrors,clock …,-17.75,2,2token,not_valid_noun
mirrors,prop _________,-17.75,2,2token,not_valid_noun
mirrors,fish ___________,-17.75,2,2token,not_valid_noun
mirrors,fish _____,-17.75,2,2token,not_valid_noun
mirrors,part where,-17.75,2,2token,incomplete_phrase
mirrors,jewelry is,-17.75,2,2token,incomplete_phrase
mirrors,colour on,-17.75,2,2token,incomplete_phrase
mirrors,weapon from,-17.75,2,2token,incomplete_phrase
mirrors,sport which,-17.75,2,2token,incomplete_phrase
mirrors,part Of,-17.75,2,2token,incomplete_phrase
mirrors,colour by,-17.75,2,2token,incomplete_phrase
mirrors,rock for,-17.75,2,2token,incomplete_phrase
mirrors,jewellery a,-17.75,2,2token,not_valid_noun
mirrors,jewellery ..,-17.75,2,2token,not_valid_noun
mirrors,prop with,-17.75,2,2token,incomplete_phrase
mirrors,property Incomplete,-17.75,2,2token,not_valid_noun
mirrors,prop ​,-17.75,2,2token,not_valid_noun
mirrors,non .,-17.75,2,2token,not_valid_noun
mirrors,animals ….,-17.78125,2,2token,not_valid_noun
mirrors,animals /,-17.78125,2,2token,not_valid_noun
mirrors,animals like,-17.78125,2,2token,incomplete_phrase
mirrors,animals What,-17.78125,2,2token,incomplete_phrase
mirrors,animals because,-17.78125,2,2token,incomplete_phrase
mirrors,fabric _,-17.78125,2,2token,not_valid_noun
mirrors,piece off,-17.78125,2,2token,not_valid_noun
mirrors,fabric ___________,-17.78125,2,2token,not_valid_noun
mirrors,animals,-17.78125,2,2token,not_valid_noun
mirrors,animals .....,-17.78125,2,2token,not_valid_noun
mirrors,fabric True,-17.78125,2,2token,incomplete_phrase
mirrors,fabric Full,-17.78125,2,2token,incomplete_phrase
mirrors,fabric Use,-17.78125,2,2token,incomplete_phrase
mirrors,fabric Choose,-17.78125,2,2token,not_valid_noun
mirrors,resource ____,-17.8125,2,2token,not_valid_noun
mirrors,resource _____,-17.8125,2,2token,not_valid_noun
mirrors,product they,-17.8125,2,2token,incomplete_phrase
mirrors,resource ______,-17.8125,2,2token,not_valid_noun
mirrors,………… glass,-17.8125,2,2token,not_valid_noun
mirrors,product Use,-17.8125,2,2token,incomplete_phrase
mirrors,product by,-17.8125,2,2token,incomplete_phrase
mirrors,screen Answer,-17.8125,2,2token,not_valid_noun
mirrors,screen .....,-17.8125,2,2token,not_valid_noun
mirrors,element A,-17.8125,2,2token,incomplete_phrase
mirrors,resource is,-17.8125,2,2token,incomplete_phrase
mirrors,resource Fill,-17.8125,2,2token,not_valid_noun
mirrors,instruments .....,-17.8125,2,2token,not_valid_noun
mirrors,instruments _.,-17.8125,2,2token,not_valid_noun
mirrors,instruments _________,-17.8125,2,2token,not_valid_noun
mirrors,instruments ____________,-17.8125,2,2token,not_valid_noun
mirrors,media Which,-17.8125,2,2token,incomplete_phrase
mirrors,media by,-17.8125,2,2token,incomplete_phrase
mirrors,media :,-17.8125,2,2token,not_valid_noun
mirrors,camera _____,-17.8125,2,2token,not_valid_noun
mirrors,resource Incomplete,-17.8125,2,2token,not_valid_noun
mirrors,element like,-17.8125,2,2token,incomplete_phrase
mirrors,element we,-17.8125,2,2token,incomplete_phrase
mirrors,instruments,-17.8125,2,2token,not_valid_noun
mirrors,instruments you,-17.8125,2,2token,incomplete_phrase
mirrors,instruments a,-17.8125,2,2token,not_valid_noun
mirrors,form Fill,-17.8125,2,2token,not_valid_noun
mirrors,medicine ________,-17.8125,2,2token,not_valid_noun
mirrors,form,-17.8125,2,2token,incomplete_phrase
mirrors,form _,-17.8125,2,2token,not_valid_noun
mirrors,form .....,-17.8125,2,2token,not_valid_noun
mirrors,surfaces,-17.8125,2,2token,not_valid_noun
mirrors,medicine ..,-17.8125,2,2token,not_valid_noun
mirrors,surfaces where,-17.8125,2,2token,incomplete_phrase
mirrors,surfaces /,-17.8125,2,2token,not_valid_noun
mirrors,instruments Use,-17.8125,2,2token,incomplete_phrase
mirrors,media [,-17.8125,2,2token,not_valid_noun
mirrors,media like,-17.8125,2,2token,incomplete_phrase
mirrors,media …,-17.8125,2,2token,not_valid_noun
mirrors,[ ),-17.8125,2,2token,not_valid_noun
mirrors,op _______,-17.8125,2,2token,not_valid_noun
mirrors,matter _.,-17.8125,2,2token,not_valid_noun
mirrors,matter What,-17.8125,2,2token,not_valid_noun
mirrors,matter but,-17.8125,2,2token,not_valid_noun
mirrors,piece,-17.84375,2,2token,incomplete_phrase
mirrors,plant Correct,-17.84375,2,2token,not_valid_noun
mirrors,plant _,-17.84375,2,2token,not_valid_noun
mirrors,plant A,-17.84375,2,2token,incomplete_phrase
mirrors,plant The,-17.84375,2,2token,incomplete_phrase
mirrors,plant by,-17.84375,2,2token,incomplete_phrase
mirrors,doors _____,-17.875,2,2token,not_valid_noun
mirrors,jewellery …,-17.875,2,2token,not_valid_noun
mirrors,property ______,-17.875,2,2token,not_valid_noun
mirrors,doors The,-17.875,2,2token,incomplete_phrase
mirrors,op ect,-17.875,2,2token,not_valid_noun
mirrors,op Shop,-17.875,2,2token,incomplete_phrase
mirrors,op objects,-17.875,2,2token,not_valid_noun
mirrors,op is,-17.875,2,2token,incomplete_phrase
mirrors,"noun ,",-17.875,2,2token,not_valid_noun
mirrors,noun _____,-17.875,2,2token,not_valid_noun
mirrors,artifact -,-17.875,2,2token,incomplete_phrase
mirrors,noun Pre,-17.875,2,2token,incomplete_phrase
mirrors,noun example,-17.875,2,2token,not_valid_noun
mirrors,noun ___________,-17.875,2,2token,not_valid_noun
mirrors,noun Example,-17.875,2,2token,not_valid_noun
mirrors,buildings Which,-17.875,2,2token,incomplete_phrase
mirrors,apparatus because,-17.875,2,2token,incomplete_phrase
mirrors,color are,-17.875,2,2token,incomplete_phrase
mirrors,color _________,-17.875,2,2token,not_valid_noun
mirrors,eyes ….,-17.875,2,2token,not_valid_noun
mirrors,color the,-17.875,2,2token,incomplete_phrase
mirrors,buildings ..,-17.875,2,2token,not_valid_noun
mirrors,buildings is,-17.875,2,2token,incomplete_phrase
mirrors,buildings Material,-17.875,2,2token,incomplete_phrase
mirrors,prop Which,-17.875,2,2token,incomplete_phrase
mirrors,walls The,-17.875,2,2token,incomplete_phrase
mirrors,prop :,-17.875,2,2token,not_valid_noun
mirrors,prop ......,-17.875,2,2token,not_valid_noun
mirrors,jewelry _____,-17.875,2,2token,not_valid_noun
mirrors,fish A,-17.875,2,2token,incomplete_phrase
mirrors,clock __,-17.875,2,2token,not_valid_noun
mirrors,colour The,-17.875,2,2token,incomplete_phrase
mirrors,prop complete,-17.875,2,2token,not_valid_noun
mirrors,clock ..,-17.875,2,2token,not_valid_noun
mirrors,vegetable ______,-17.875,2,2token,not_valid_noun
mirrors,property with,-17.875,2,2token,incomplete_phrase
mirrors,property The,-17.875,2,2token,incomplete_phrase
mirrors,jewellery .....,-17.875,2,2token,not_valid_noun
mirrors,property is,-17.875,2,2token,incomplete_phrase
mirrors,prop he,-17.875,2,2token,incomplete_phrase
mirrors,jewellery _____,-17.875,2,2token,not_valid_noun
mirrors,eyes _.,-17.875,2,2token,not_valid_noun
mirrors,appliances,-17.875,2,2token,not_valid_noun
mirrors,reflections _____,-17.875,2,2token,not_valid_noun
mirrors,eyes .....,-17.875,2,2token,not_valid_noun
mirrors,eyes A,-17.875,2,2token,not_valid_noun
mirrors,appliances like,-17.875,2,2token,incomplete_phrase
mirrors,eyes Answer,-17.875,2,2token,not_valid_noun
mirrors,eyes by,-17.875,2,2token,incomplete_phrase
mirrors,non ?,-17.875,2,2token,not_valid_noun
mirrors,reflections the,-17.875,2,2token,incomplete_phrase
mirrors,appliances _____,-17.875,2,2token,not_valid_noun
mirrors,reflections [,-17.875,2,2token,not_valid_noun
mirrors,weapon are,-17.875,2,2token,incomplete_phrase
mirrors,appliances ______,-17.875,2,2token,not_valid_noun
mirrors,rock [,-17.875,2,2token,not_valid_noun
mirrors,rock ___________,-17.875,2,2token,not_valid_noun
mirrors,rock Clear,-17.875,2,2token,incomplete_phrase
mirrors,rock /,-17.875,2,2token,not_valid_noun
mirrors,apparatus __,-17.875,2,2token,not_valid_noun
mirrors,rock :,-17.875,2,2token,not_valid_noun
mirrors,animals on,-17.90625,2,2token,incomplete_phrase
mirrors,animals A,-17.90625,2,2token,not_valid_noun
mirrors,,-17.90625,2,2token,not_valid_noun
mirrors,animals a,-17.90625,2,2token,not_valid_noun
mirrors,piece and,-17.90625,2,2token,incomplete_phrase
mirrors,[ предме,-17.9375,2,2token,not_valid_noun
mirrors,op and,-17.9375,2,2token,incomplete_phrase
mirrors,camera Fill,-17.9375,2,2token,not_valid_noun
mirrors,matter the,-17.9375,2,2token,incomplete_phrase
mirrors,op to,-17.9375,2,2token,incomplete_phrase
mirrors,[ science,-17.9375,2,2token,not_valid_noun
mirrors,…………,-17.9375,2,2token,not_valid_noun
mirrors,screen _.,-17.9375,2,2token,not_valid_noun
mirrors,camera :,-17.9375,2,2token,not_valid_noun
mirrors,resource needed,-17.9375,2,2token,incomplete_phrase
mirrors,instruments such,-17.9375,2,2token,incomplete_phrase
mirrors,medicine _______,-17.9375,2,2token,not_valid_noun
mirrors,camera to,-17.9375,2,2token,incomplete_phrase
mirrors,screen ..,-17.9375,2,2token,not_valid_noun
mirrors,medicine …,-17.9375,2,2token,not_valid_noun
mirrors,element the,-17.9375,2,2token,incomplete_phrase
mirrors,medicine Read,-17.9375,2,2token,not_valid_noun
mirrors,instruments _,-17.9375,2,2token,not_valid_noun
mirrors,camera is,-17.9375,2,2token,incomplete_phrase
mirrors,surfaces mirrors,-17.9375,2,2token,not_valid_noun
mirrors,form because,-17.9375,2,2token,incomplete_phrase
mirrors,form ….,-17.9375,2,2token,not_valid_noun
mirrors,form used,-17.9375,2,2token,incomplete_phrase
mirrors,product Answer,-17.9375,2,2token,not_valid_noun
mirrors,product manufactured,-17.9375,2,2token,incomplete_phrase
mirrors,surfaces Answer,-17.9375,2,2token,not_valid_noun
mirrors,surfaces we,-17.9375,2,2token,incomplete_phrase
mirrors,camera because,-17.9375,2,2token,incomplete_phrase
mirrors,camera ..,-17.9375,2,2token,not_valid_noun
mirrors,instruments [,-17.9375,2,2token,not_valid_noun
mirrors,form [,-17.9375,2,2token,not_valid_noun
mirrors,plant :,-17.96875,2,2token,not_valid_noun
mirrors,piece ________,-17.96875,2,2token,not_valid_noun
mirrors,plant of,-17.96875,2,2token,incomplete_phrase
mirrors,……………………,-17.96875,2,2token,not_valid_noun
mirrors,,-17.96875,2,2token,not_valid_noun
mirrors,plant ….,-17.96875,2,2token,not_valid_noun
mirrors,plant ..,-17.96875,2,2token,not_valid_noun
mirrors,non,-18.0,2,2token,not_valid_noun
mirrors,non ...,-18.0,2,2token,not_valid_noun
mirrors,vegetable is,-18.0,2,2token,incomplete_phrase
mirrors,artifact [,-18.0,2,2token,not_valid_noun
mirrors,vegetable _____,-18.0,2,2token,not_valid_noun
mirrors,clock Present,-18.0,2,2token,incomplete_phrase
mirrors,property _____,-18.0,2,2token,not_valid_noun
mirrors,property /,-18.0,2,2token,not_valid_noun
mirrors,noun …,-18.0,2,2token,not_valid_noun
mirrors,property Read,-18.0,2,2token,not_valid_noun
mirrors,property …,-18.0,2,2token,not_valid_noun
mirrors,property ____,-18.0,2,2token,not_valid_noun
mirrors,noun What,-18.0,2,2token,incomplete_phrase
mirrors,jewellery made,-18.0,2,2token,incomplete_phrase
mirrors,property A,-18.0,2,2token,incomplete_phrase
mirrors,jewellery used,-18.0,2,2token,incomplete_phrase
mirrors,property on,-18.0,2,2token,incomplete_phrase
mirrors,op tem,-18.0,2,2token,not_valid_noun
mirrors,doors which,-18.0,2,2token,incomplete_phrase
mirrors,doors windows,-18.0,2,2token,not_valid_noun
mirrors,color for,-18.0,2,2token,incomplete_phrase
mirrors,eyes,-18.0,2,2token,not_valid_noun
mirrors,eyes =,-18.0,2,2token,not_valid_noun
mirrors,rock of,-18.0,2,2token,incomplete_phrase
mirrors,jewelry which,-18.0,2,2token,incomplete_phrase
mirrors,jewelry :,-18.0,2,2token,not_valid_noun
mirrors,fish Full,-18.0,2,2token,incomplete_phrase
mirrors,fish with,-18.0,2,2token,not_valid_noun
mirrors,fish .....,-18.0,2,2token,not_valid_noun
mirrors,noun as,-18.0,2,2token,incomplete_phrase
mirrors,vegetable to,-18.0,2,2token,incomplete_phrase
mirrors,noun the,-18.0,2,2token,incomplete_phrase
mirrors,jewellery ….,-18.0,2,2token,not_valid_noun
mirrors,weapon The,-18.0,2,2token,incomplete_phrase
mirrors,color .....,-18.0,2,2token,not_valid_noun
mirrors,appliances with,-18.0,2,2token,incomplete_phrase
mirrors,appliances /,-18.0,2,2token,not_valid_noun
mirrors,non physical,-18.0,2,2token,not_valid_noun
mirrors,weapon _,-18.0,2,2token,not_valid_noun
mirrors,"weapon ,",-18.0,2,2token,not_valid_noun
mirrors,apparatus _,-18.0,2,2token,not_valid_noun
mirrors,apparatus Use,-18.0,2,2token,incomplete_phrase
mirrors,apparatus …,-18.0,2,2token,not_valid_noun
mirrors,apparatus ….,-18.0,2,2token,not_valid_noun
mirrors,buildings …,-18.0,2,2token,not_valid_noun
mirrors,rock ..,-18.0,2,2token,not_valid_noun
mirrors,rock _________,-18.0,2,2token,not_valid_noun
mirrors,appliances Fill,-18.0,2,2token,not_valid_noun
mirrors,appliances Read,-18.0,2,2token,not_valid_noun
mirrors,reflections with,-18.0,2,2token,incomplete_phrase
mirrors,doors with,-18.0,2,2token,incomplete_phrase
mirrors,doors,-18.0,2,2token,not_valid_noun
mirrors,reflections Incomplete,-18.0,2,2token,not_valid_noun
mirrors,reflections ______,-18.0,2,2token,not_valid_noun
mirrors,reflections ….,-18.0,2,2token,not_valid_noun
mirrors,reflections ____,-18.0,2,2token,not_valid_noun
mirrors,reflections is,-18.0,2,2token,incomplete_phrase
mirrors,,-18.03125,2,2token,not_valid_noun
mirrors,animals called,-18.03125,2,2token,not_valid_noun
mirrors,animals by,-18.03125,2,2token,incomplete_phrase
mirrors,animals ?,-18.03125,2,2token,not_valid_noun
mirrors,animals The,-18.03125,2,2token,incomplete_phrase
mirrors,,-18.03125,2,2token,not_valid_noun
mirrors,,-18.03125,2,2token,not_valid_noun
mirrors,animals animals,-18.03125,2,2token,not_valid_noun
mirrors,………… Continue,-18.0625,2,2token,not_valid_noun
mirrors,………… Choose,-18.0625,2,2token,not_valid_noun
mirrors,………… Example,-18.0625,2,2token,not_valid_noun
mirrors,………… It,-18.0625,2,2token,not_valid_noun
mirrors,………… Change,-18.0625,2,2token,not_valid_noun
mirrors,………… Make,-18.0625,2,2token,not_valid_noun
mirrors,………… This,-18.0625,2,2token,not_valid_noun
mirrors,resource they,-18.0625,2,2token,incomplete_phrase
mirrors,op b,-18.0625,2,2token,not_valid_noun
mirrors,[ material,-18.0625,2,2token,not_valid_noun
mirrors,[ $\,-18.0625,2,2token,not_valid_noun
mirrors,surfaces :,-18.0625,2,2token,not_valid_noun
mirrors,surfaces because,-18.0625,2,2token,incomplete_phrase
mirrors,surfaces a,-18.0625,2,2token,not_valid_noun
mirrors,surfaces A,-18.0625,2,2token,not_valid_noun
mirrors,"screen ,",-18.0625,2,2token,not_valid_noun
mirrors,screen ….,-18.0625,2,2token,not_valid_noun
mirrors,screen because,-18.0625,2,2token,incomplete_phrase
mirrors,medicine Answer,-18.0625,2,2token,not_valid_noun
mirrors,camera Equipment,-18.0625,2,2token,incomplete_phrase
mirrors,camera Part,-18.0625,2,2token,incomplete_phrase
mirrors,camera used,-18.0625,2,2token,incomplete_phrase
mirrors,camera are,-18.0625,2,2token,incomplete_phrase
mirrors,medicine because,-18.0625,2,2token,incomplete_phrase
mirrors,medicine /,-18.0625,2,2token,not_valid_noun
mirrors,medicine .....,-18.0625,2,2token,not_valid_noun
mirrors,medicine is,-18.0625,2,2token,incomplete_phrase
mirrors,surfaces Which,-18.0625,2,2token,incomplete_phrase
mirrors,surfaces called,-18.0625,2,2token,not_valid_noun
mirrors,resource with,-18.0625,2,2token,incomplete_phrase
mirrors,resource are,-18.0625,2,2token,incomplete_phrase
mirrors,plant [,-18.09375,2,2token,not_valid_noun
mirrors,plant the,-18.09375,2,2token,incomplete_phrase
mirrors,apparatus A,-18.125,2,2token,incomplete_phrase
mirrors,rock The,-18.125,2,2token,incomplete_phrase
mirrors,rock A,-18.125,2,2token,incomplete_phrase
mirrors,rock on,-18.125,2,2token,incomplete_phrase
mirrors,rock _,-18.125,2,2token,not_valid_noun
mirrors,reflections .....,-18.125,2,2token,not_valid_noun
mirrors,color ___________,-18.125,2,2token,not_valid_noun
mirrors,apparatus you,-18.125,2,2token,incomplete_phrase
mirrors,appliances,-18.125,2,2token,not_valid_noun
mirrors,reflections …,-18.125,2,2token,not_valid_noun
mirrors,non …,-18.125,2,2token,not_valid_noun
mirrors,jewelry of,-18.125,2,2token,incomplete_phrase
mirrors,jewelry with,-18.125,2,2token,incomplete_phrase
mirrors,walls Fill,-18.125,2,2token,not_valid_noun
mirrors,walls,-18.125,2,2token,not_valid_noun
mirrors,walls /,-18.125,2,2token,not_valid_noun
mirrors,walls [,-18.125,2,2token,not_valid_noun
mirrors,jewelry .....,-18.125,2,2token,not_valid_noun
mirrors,jewelry are,-18.125,2,2token,incomplete_phrase
mirrors,jewelry Shop,-18.125,2,2token,incomplete_phrase
mirrors,jewelry made,-18.125,2,2token,incomplete_phrase
mirrors,weapon A,-18.125,2,2token,incomplete_phrase
mirrors,reflections In,-18.125,2,2token,incomplete_phrase
mirrors,non magnetic,-18.125,2,2token,incomplete_phrase
mirrors,color _,-18.125,2,2token,not_valid_noun
mirrors,doors ..,-18.125,2,2token,not_valid_noun
mirrors,walls ______,-18.125,2,2token,not_valid_noun
mirrors,walls by,-18.125,2,2token,incomplete_phrase
mirrors,fish Read,-18.125,2,2token,not_valid_noun
mirrors,appliances ..,-18.125,2,2token,not_valid_noun
mirrors,rock .....,-18.125,2,2token,not_valid_noun
mirrors,rock Read,-18.125,2,2token,not_valid_noun
mirrors,property you,-18.125,2,2token,incomplete_phrase
mirrors,clock are,-18.125,2,2token,incomplete_phrase
mirrors,appliances COMPLETE,-18.125,2,2token,not_valid_noun
mirrors,fish __________,-18.125,2,2token,not_valid_noun
mirrors,artifact Fill,-18.125,2,2token,not_valid_noun
mirrors,artifact COMPLETE,-18.125,2,2token,not_valid_noun
mirrors,artifact Comple,-18.125,2,2token,incomplete_phrase
mirrors,fish ____________,-18.125,2,2token,not_valid_noun
mirrors,vegetable …,-18.125,2,2token,not_valid_noun
mirrors,artifact …,-18.125,2,2token,not_valid_noun
mirrors,color on,-18.125,2,2token,incomplete_phrase
mirrors,weapon ..,-18.125,2,2token,not_valid_noun
mirrors,non electric,-18.125,2,2token,incomplete_phrase
mirrors,clock _________,-18.125,2,2token,not_valid_noun
mirrors,jewellery shops,-18.125,2,2token,not_valid_noun
mirrors,jewellery /,-18.125,2,2token,not_valid_noun
mirrors,fish The,-18.125,2,2token,incomplete_phrase
mirrors,property .....,-18.125,2,2token,not_valid_noun
mirrors,weapon but,-18.125,2,2token,incomplete_phrase
mirrors,piece ____,-18.15625,2,2token,not_valid_noun
mirrors,animals ___________,-18.15625,2,2token,not_valid_noun
mirrors,animals from,-18.15625,2,2token,incomplete_phrase
mirrors,surfaces [,-18.1875,2,2token,not_valid_noun
mirrors,camera A,-18.1875,2,2token,incomplete_phrase
mirrors,surfaces the,-18.1875,2,2token,incomplete_phrase
mirrors,camera The,-18.1875,2,2token,incomplete_phrase
mirrors,resource Present,-18.1875,2,2token,incomplete_phrase
mirrors,………… “,-18.1875,2,2token,not_valid_noun
mirrors,………… Fruit,-18.1875,2,2token,not_valid_noun
mirrors,surfaces ..,-18.1875,2,2token,not_valid_noun
mirrors,camera /,-18.1875,2,2token,not_valid_noun
mirrors,medicine _,-18.1875,2,2token,not_valid_noun
mirrors,………… Are,-18.1875,2,2token,not_valid_noun
mirrors,………… mirror,-18.1875,2,2token,not_valid_noun
mirrors,………… object,-18.1875,2,2token,not_valid_noun
mirrors,form on,-18.1875,2,2token,not_valid_noun
mirrors,form /,-18.1875,2,2token,not_valid_noun
mirrors,form ___________,-18.1875,2,2token,not_valid_noun
mirrors,surfaces The,-18.1875,2,2token,incomplete_phrase
mirrors,artifact completed,-18.25,2,2token,not_valid_noun
mirrors,reflections because,-18.25,2,2token,incomplete_phrase
mirrors,reflections by,-18.25,2,2token,incomplete_phrase
mirrors,vegetable for,-18.25,2,2token,incomplete_phrase
mirrors,vegetable _,-18.25,2,2token,not_valid_noun
mirrors,vegetable Read,-18.25,2,2token,not_valid_noun
mirrors,fish to,-18.25,2,2token,not_valid_noun
mirrors,fish like,-18.25,2,2token,incomplete_phrase
mirrors,property Which,-18.25,2,2token,incomplete_phrase
mirrors,rock n,-18.25,2,2token,incomplete_phrase
mirrors,rock the,-18.25,2,2token,not_valid_noun
mirrors,color by,-18.25,2,2token,incomplete_phrase
mirrors,color Fill,-18.25,2,2token,not_valid_noun
mirrors,color …,-18.25,2,2token,not_valid_noun
mirrors,color :,-18.25,2,2token,not_valid_noun
mirrors,artifact What,-18.25,2,2token,incomplete_phrase
mirrors,walls COMPLETE,-18.25,2,2token,not_valid_noun
mirrors,walls :,-18.25,2,2token,not_valid_noun
mirrors,walls …,-18.25,2,2token,not_valid_noun
mirrors,property :,-18.25,2,2token,not_valid_noun
mirrors,property ….,-18.25,2,2token,not_valid_noun
mirrors,jewellery What,-18.25,2,2token,incomplete_phrase
mirrors,jewellery _,-18.25,2,2token,not_valid_noun
mirrors,jewellery Item,-18.25,2,2token,incomplete_phrase
mirrors,artifact because,-18.25,2,2token,incomplete_phrase
mirrors,artifact :,-18.25,2,2token,not_valid_noun
mirrors,artifact is,-18.25,2,2token,incomplete_phrase
mirrors,clock =,-18.25,2,2token,not_valid_noun
mirrors,jewellery Answer,-18.25,2,2token,not_valid_noun
mirrors,jewelry Find,-18.25,2,2token,incomplete_phrase
mirrors,jewelry Item,-18.25,2,2token,incomplete_phrase
mirrors,walls on,-18.25,2,2token,incomplete_phrase
mirrors,walls is,-18.25,2,2token,incomplete_phrase
mirrors,jewelry ….,-18.25,2,2token,not_valid_noun
mirrors,jewellery [,-18.25,2,2token,not_valid_noun
mirrors,doors …,-18.25,2,2token,not_valid_noun
mirrors,doors ….,-18.25,2,2token,not_valid_noun
mirrors,jewelry …,-18.25,2,2token,not_valid_noun
mirrors,jewelry because,-18.25,2,2token,incomplete_phrase
mirrors,doors,-18.25,2,2token,not_valid_noun
mirrors,doors /,-18.25,2,2token,not_valid_noun
mirrors,jewellery with,-18.25,2,2token,incomplete_phrase
mirrors,property Full,-18.25,2,2token,incomplete_phrase
mirrors,jewellery of,-18.25,2,2token,incomplete_phrase
mirrors,walls,-18.25,2,2token,not_valid_noun
mirrors,walls A,-18.25,2,2token,incomplete_phrase
mirrors,animals In,-18.28125,2,2token,incomplete_phrase
mirrors,………… We,-18.3125,2,2token,not_valid_noun
mirrors,………… –,-18.3125,2,2token,not_valid_noun
mirrors,………… Part,-18.3125,2,2token,not_valid_noun
mirrors,………… Object,-18.3125,2,2token,not_valid_noun
mirrors,………… Can,-18.3125,2,2token,not_valid_noun
mirrors,………… Add,-18.3125,2,2token,not_valid_noun
mirrors,surfaces What,-18.3125,2,2token,incomplete_phrase
mirrors,form _________,-18.3125,2,2token,not_valid_noun
mirrors,form o,-18.3125,2,2token,incomplete_phrase
mirrors,surfaces by,-18.3125,2,2token,incomplete_phrase
mirrors,form if,-18.3125,2,2token,incomplete_phrase
mirrors,form __,-18.3125,2,2token,not_valid_noun
mirrors,form,-18.3125,2,2token,incomplete_phrase
mirrors,form A,-18.3125,2,2token,incomplete_phrase
mirrors,form ..,-18.3125,2,2token,not_valid_noun
mirrors,surfaces _____,-18.3125,2,2token,not_valid_noun
mirrors,medicine by,-18.3125,2,2token,incomplete_phrase
mirrors,piece __,-18.34375,2,2token,not_valid_noun
mirrors,piece the,-18.34375,2,2token,incomplete_phrase
mirrors,piece with,-18.34375,2,2token,incomplete_phrase
mirrors,doors Answer,-18.375,2,2token,not_valid_noun
mirrors,doors but,-18.375,2,2token,incomplete_phrase
mirrors,doors by,-18.375,2,2token,incomplete_phrase
mirrors,doors A,-18.375,2,2token,not_valid_noun
mirrors,doors the,-18.375,2,2token,incomplete_phrase
mirrors,vegetable that,-18.375,2,2token,incomplete_phrase
mirrors,doors doors,-18.375,2,2token,not_valid_noun
mirrors,doors mirrors,-18.375,2,2token,not_valid_noun
mirrors,jewellery you,-18.375,2,2token,incomplete_phrase
mirrors,jewellery A,-18.375,2,2token,not_valid_noun
mirrors,walls ..,-18.375,2,2token,not_valid_noun
mirrors,walls _____,-18.375,2,2token,not_valid_noun
mirrors,jewelry [,-18.375,2,2token,not_valid_noun
mirrors,walls mirrors,-18.375,2,2token,incomplete_phrase
mirrors,walls .....,-18.375,2,2token,not_valid_noun
mirrors,property ..,-18.375,2,2token,not_valid_noun
mirrors,property we,-18.375,2,2token,incomplete_phrase
mirrors,property are,-18.375,2,2token,incomplete_phrase
mirrors,appliances [,-18.375,2,2token,not_valid_noun
mirrors,property Comple,-18.375,2,2token,incomplete_phrase
mirrors,property [,-18.375,2,2token,not_valid_noun
mirrors,jewelry you,-18.375,2,2token,incomplete_phrase
mirrors,artifact ….,-18.375,2,2token,not_valid_noun
mirrors,artifact Answer,-18.375,2,2token,not_valid_noun
mirrors,artifact ___________,-18.375,2,2token,not_valid_noun
mirrors,artifact ____________,-18.375,2,2token,not_valid_noun
mirrors,artifact by,-18.375,2,2token,incomplete_phrase
mirrors,artifact The,-18.375,2,2token,incomplete_phrase
mirrors,appliances ….,-18.375,2,2token,not_valid_noun
mirrors,appliances Answer,-18.375,2,2token,not_valid_noun
mirrors,appliances Comple,-18.375,2,2token,not_valid_noun
mirrors,property COMPLETE,-18.375,2,2token,not_valid_noun
mirrors,jewelry Answer,-18.375,2,2token,not_valid_noun
mirrors,color Add,-18.375,2,2token,incomplete_phrase
mirrors,jewelry ..,-18.375,2,2token,not_valid_noun
mirrors,color ….,-18.375,2,2token,not_valid_noun
mirrors,vegetable ..,-18.375,2,2token,not_valid_noun
mirrors,,-18.40625,2,2token,not_valid_noun
mirrors,piece /,-18.40625,2,2token,not_valid_noun
mirrors,piece ot,-18.40625,2,2token,not_valid_noun
mirrors,surfaces from,-18.4375,2,2token,incomplete_phrase
mirrors,medicine of,-18.4375,2,2token,incomplete_phrase
mirrors,medicine What,-18.4375,2,2token,incomplete_phrase
mirrors,medicine Fill,-18.4375,2,2token,not_valid_noun
mirrors,medicine :,-18.4375,2,2token,not_valid_noun
mirrors,medicine The,-18.4375,2,2token,incomplete_phrase
mirrors,……,-18.46875,2,2token,not_valid_noun
mirrors,________,-18.5,2,2token,not_valid_noun
mirrors,walls the,-18.5,2,2token,incomplete_phrase
mirrors,doors :,-18.5,2,2token,not_valid_noun
mirrors,walls Full,-18.5,2,2token,incomplete_phrase
mirrors,artifact .....,-18.5,2,2token,not_valid_noun
mirrors,artifact Completed,-18.5,2,2token,not_valid_noun
mirrors,walls What,-18.5,2,2token,incomplete_phrase
mirrors,color The,-18.5,2,2token,incomplete_phrase
mirrors,property from,-18.5,2,2token,incomplete_phrase
mirrors,vegetable by,-18.5,2,2token,incomplete_phrase
mirrors,vegetable [,-18.5,2,2token,not_valid_noun
mirrors,appliances ......,-18.5,2,2token,not_valid_noun
mirrors,color which,-18.5,2,2token,incomplete_phrase
mirrors,doors COMPLETE,-18.5,2,2token,not_valid_noun
mirrors,,-18.53125,2,2token,not_valid_noun
mirrors,form =,-18.5625,2,2token,not_valid_noun
mirrors,medicine with,-18.5625,2,2token,incomplete_phrase
mirrors,medicine are,-18.5625,2,2token,incomplete_phrase
mirrors,medicine you,-18.5625,2,2token,incomplete_phrase
mirrors,walls because,-18.625,2,2token,incomplete_phrase
mirrors,walls a,-18.625,2,2token,incomplete_phrase
mirrors,vegetable with,-18.625,2,2token,incomplete_phrase
mirrors,walls made,-18.625,2,2token,incomplete_phrase
mirrors,vegetable .......,-18.625,2,2token,not_valid_noun
mirrors,appliances The,-18.625,2,2token,incomplete_phrase
mirrors,appliances …,-18.625,2,2token,not_valid_noun
mirrors,appliances by,-18.625,2,2token,incomplete_phrase
mirrors,doors &,-18.625,2,2token,not_valid_noun
mirrors,doors [,-18.625,2,2token,not_valid_noun
mirrors,vegetable What,-18.625,2,2token,incomplete_phrase
mirrors,doors _,-18.625,2,2token,not_valid_noun
mirrors,artifact Incomplete,-18.625,2,2token,not_valid_noun
mirrors,appliances a,-18.625,2,2token,not_valid_noun
mirrors,appliances you,-18.625,2,2token,incomplete_phrase
mirrors,appliances on,-18.625,2,2token,incomplete_phrase
mirrors,"doors ,",-18.625,2,2token,not_valid_noun
mirrors,walls walls,-18.625,2,2token,incomplete_phrase
mirrors,walls ____,-18.625,2,2token,not_valid_noun
mirrors,appliances at,-18.625,2,2token,incomplete_phrase
mirrors,piece ..,-18.65625,2,2token,not_valid_noun
mirrors,,-18.71875,2,2token,not_valid_noun
mirrors,piece ______,-18.71875,2,2token,not_valid_noun
mirrors,piece which,-18.71875,2,2token,incomplete_phrase
mirrors,piece [,-18.71875,2,2token,not_valid_noun
mirrors,piece made,-18.71875,2,2token,incomplete_phrase
mirrors,piece is,-18.71875,2,2token,incomplete_phrase
mirrors,vegetable ….,-18.75,2,2token,not_valid_noun
mirrors,walls Which,-18.75,2,2token,incomplete_phrase
mirrors,appliances _,-18.75,2,2token,not_valid_noun
mirrors,walls around,-18.75,2,2token,incomplete_phrase
mirrors,vegetable ......,-18.75,2,2token,not_valid_noun
mirrors,vegetable because,-18.75,2,2token,incomplete_phrase
mirrors,vegetable ?,-18.75,2,2token,not_valid_noun
mirrors,appliances we,-18.75,2,2token,incomplete_phrase
mirrors,appliances A,-18.75,2,2token,not_valid_noun
mirrors,"artifact ,",-18.75,2,2token,not_valid_noun
mirrors,Complete,-18.75,2,2token,not_valid_noun
mirrors,vegetable Fruit,-18.75,2,2token,incomplete_phrase
mirrors,vegetable Full,-18.75,2,2token,incomplete_phrase
mirrors,shiny,-18.78125,2,2token,not_valid_noun
mirrors,,-18.78125,2,2token,not_valid_noun
mirrors,piece .....,-18.78125,2,2token,not_valid_noun
mirrors,piece If,-18.78125,2,2token,incomplete_phrase
mirrors,piece from,-18.78125,2,2token,incomplete_phrase
mirrors,piece _____,-18.78125,2,2token,not_valid_noun
mirrors,,-18.84375,2,2token,not_valid_noun
mirrors,,-18.84375,2,2token,not_valid_noun
mirrors,vegetable are,-18.875,2,2token,incomplete_phrase
mirrors,,-18.90625,2,2token,not_valid_noun
mirrors,,-18.90625,2,2token,not_valid_noun
mirrors,ору,-18.90625,2,2token,not_valid_noun
mirrors,piece _______,-18.90625,2,2token,not_valid_noun
mirrors,piece -,-18.96875,2,2token,incomplete_phrase
mirrors,物,-18.96875,2,2token,not_valid_noun
mirrors,piece de,-18.96875,2,2token,incomplete_phrase
mirrors,utens,-18.96875,2,2token,not_valid_noun
mirrors,_______,-19.0,2,2token,not_valid_noun
mirrors,​​,-19.09375,2,2token,not_valid_noun
mirrors,เครื่อง,-19.09375,2,2token,not_valid_noun
mirrors,antwoord,-19.15625,2,2token,not_valid_noun
mirrors,vật,-19.28125,2,2token,not_valid_noun
mirrors,.............,-19.28125,2,2token,not_valid_noun
mirrors,,-19.34375,2,2token,not_valid_noun
mirrors,verre,-19.34375,2,2token,not_valid_noun
mirrors,\_,-19.34375,2,2token,not_valid_noun
mirrors,отве,-19.34375,2,2token,not_valid_noun
mirrors,..............,-19.34375,2,2token,not_valid_noun
mirrors,сте,-19.34375,2,2token,not_valid_noun
mirrors,.,-19.375,2,2token,not_valid_noun
mirrors,sätt,-19.40625,2,2token,not_valid_noun
mirrors,Wikidata,-19.40625,2,2token,not_valid_noun
mirrors,utens ...,-19.46875,2,2token,not_valid_noun
mirrors,verre,-19.5625,2,2token,not_valid_noun
mirrors,utens .,-19.84375,2,2token,not_valid_noun
mirrors,...,-19.9375,2,2token,not_valid_noun
mirrors,______,-19.9375,2,2token,not_valid_noun
mirrors,___________,-20.0625,2,2token,not_valid_noun
mirrors,utens,-20.21875,2,2token,not_valid_noun
mirrors,espelho,-20.25,2,2token,not_valid_noun
mirrors,предме,-20.25,2,2token,not_valid_noun
mirrors,____,-20.25,2,2token,not_valid_noun
mirrors,glas,-20.25,2,2token,not_valid_noun
mirrors,_____,-20.25,2,2token,not_valid_noun
mirrors,vật,-20.3125,2,2token,not_valid_noun
mirrors,utens …,-20.40625,2,2token,not_valid_noun
mirrors,____________,-20.4375,2,2token,not_valid_noun
mirrors,_________,-20.5,2,2token,not_valid_noun
mirrors,,-20.625,2,2token,not_valid_noun
mirrors,,-20.6875,2,2token,not_valid_noun
mirrors,objeto,-20.6875,2,2token,not_valid_noun
mirrors,utens (,-20.71875,2,2token,not_valid_noun
mirrors,utens i,-20.78125,2,2token,not_valid_noun
mirrors,aparatos,-21.0625,2,2token,not_valid_noun
mirrors,отра,-21.25,2,2token,not_valid_noun
mirrors,objet,-21.3125,2,2token,not_valid_noun
mirrors,__________,-21.375,2,2token,not_valid_noun
mirrors,utens Il,-21.40625,2,2token,not_valid_noun
mirrors,utens ....,-21.46875,2,2token,not_valid_noun
mirrors,répondre,-21.6875,2,2token,not_valid_noun
mirrors,herramienta,-21.8125,2,2token,not_valid_noun
mirrors,utens items,-21.84375,2,2token,not_valid_noun
mirrors,utens in,-21.84375,2,2token,incomplete_phrase
mirrors,utens ….,-22.03125,2,2token,not_valid_noun
mirrors,sprzę,-22.0625,2,2token,not_valid_noun
mirrors,przedmio,-22.0625,2,2token,not_valid_noun
mirrors,objek,-22.0625,2,2token,not_valid_noun
mirrors,alat,-22.0625,2,2token,not_valid_noun
mirrors,Answer,-22.0625,2,2token,not_valid_noun
mirrors,furn,-22.125,2,2token,not_valid_noun
mirrors,mirrors,-22.125,2,2token,not_valid_noun
mirrors,utens I,-22.15625,2,2token,not_valid_noun
mirrors,utens and,-22.21875,2,2token,incomplete_phrase
mirrors,zví,-22.25,2,2token,not_valid_noun
mirrors,élément,-22.25,2,2token,not_valid_noun
mirrors,Gegenstand,-22.25,2,2token,not_valid_noun
mirrors,objetos,-22.25,2,2token,not_valid_noun
mirrors,a,-22.25,2,2token,not_valid_noun
mirrors,utens [,-22.28125,2,2token,not_valid_noun
mirrors,,-22.3125,2,2token,not_valid_noun
mirrors,,-22.375,2,2token,not_valid_noun
mirrors,utens for,-22.59375,2,2token,incomplete_phrase
mirrors,utens or,-22.65625,2,2token,incomplete_phrase
mirrors,utens IL,-22.65625,2,2token,not_valid_noun
mirrors,utens It,-22.78125,2,2token,incomplete_phrase
mirrors,utens ile,-22.90625,2,2token,not_valid_noun
mirrors,utens to,-23.03125,2,2token,incomplete_phrase
mirrors,utens ..,-23.09375,2,2token,not_valid_noun
mirrors,"utens ,",-23.15625,2,2token,not_valid_noun
mirrors,utens Item,-23.15625,2,2token,incomplete_phrase
mirrors,utens that,-23.28125,2,2token,incomplete_phrase
mirrors,utens which,-23.28125,2,2token,incomplete_phrase
mirrors,utens All,-23.34375,2,2token,not_valid_noun
mirrors,utens tools,-23.40625,2,2token,not_valid_noun
mirrors,utens […],-23.46875,2,2token,not_valid_noun
mirrors,utens ;,-23.46875,2,2token,not_valid_noun
mirrors,utens ll,-23.46875,2,2token,not_valid_noun
mirrors,utens :,-23.53125,2,2token,not_valid_noun
mirrors,utens .....,-23.53125,2,2token,not_valid_noun
mirrors,utens [...],-23.53125,2,2token,not_valid_noun
mirrors,utens -,-23.59375,2,2token,not_valid_noun
mirrors,utens,-23.71875,2,2token,not_valid_noun
mirrors,utens $,-23.71875,2,2token,not_valid_noun
mirrors,utens /,-23.71875,2,2token,not_valid_noun
mirrors,utens from,-23.84375,2,2token,incomplete_phrase
mirrors,utens by,-23.84375,2,2token,incomplete_phrase
mirrors,utens *,-23.84375,2,2token,not_valid_noun
mirrors,utens of,-23.84375,2,2token,incomplete_phrase
